task,backend,fit_seconds,predict_seconds,metric,metric_value,fit_speedup_vs_cpu
logistic_regression,sklearn_cpu,0.43057947299985244,0.012080921000233502,auc,0.6949154063269487,
random_forest,sklearn_cpu,42.19313879499987,0.36050786699979653,auc,0.704395626291858,
kmeans,sklearn_cpu,1.863696725000409,0.0,silhouette,0.06822844594717026,
logistic_regression,cuml_gpu,1.0087931489997572,0.570161487000405,auc,0.6949699523091131,0.4268263255225141
random_forest,cuml_gpu,3.643386044000181,0.6057882909999535,auc,0.7052210000191433,11.580748865326052
kmeans,cuml_gpu,0.8890315660000851,0.0,silhouette,0.07942668348550797,2.0963223312593047
