{
  "models": [
    {
      "model": "Logistic Regression",
      "auc": 0.7052,
      "gini": 0.4104,
      "brier": 0.2016
    },
    {
      "model": "CatBoost (default)",
      "auc": 0.7185,
      "gini": 0.4369,
      "brier": 0.1996
    },
    {
      "model": "CatBoost (tuned)",
      "auc": 0.7187,
      "gini": 0.4373,
      "brier": 0.1986
    },
    {
      "model": "CatBoost (tuned + calibrated)",
      "auc": 0.7187,
      "gini": 0.4373,
      "brier": 0.1537
    }
  ],
  "best_model": "CatBoost (tuned + calibrated)",
  "best_calibration": "Platt Sigmoid",
  "optuna_best_auc": 0.7201,
  "optuna_n_trials": 7,
  "final_test_metrics": {
    "auc_roc": 0.7186685947764804,
    "gini": 0.43733718955296075,
    "brier_score": 0.1537473031890089,
    "ece": 0.012794594974915167,
    "ks_statistic": 0.32213252552425625
  }
}