metric,value
pd_auc,0.6990158423364895
coverage_90,0.8887235479595044
coverage_95,0.9479573372244635
avg_width_90,0.7459297382063242
robust_return,2279.6133498500258
nonrobust_return,77346.29891605514
price_of_robustness,75066.68556620511
