alpha_used_90,min_group_size,scaled_scores,coverage_90,coverage_95,avg_width_90,min_group_cov_90,alerts_total,alerts_warning,alerts_critical,portfolio_alerts,grade_alerts
0.1,200,True,0.891732191036194,0.9510598875280367,0.7225140825125012,0.8574349339669558,17,17,0,4,13
0.09,200,True,0.9013721290574243,0.9510598875280367,0.7309546136347936,0.8762778361054319,5,5,0,0,5
0.085,200,True,0.9078733986108954,0.9510598875280367,0.7324898934369857,0.8825267824159586,5,5,0,0,5
0.08,200,True,0.9147828034196678,0.9510598875280367,0.74215269344828,0.8825267824159586,5,5,0,0,5
