timestamp,gpu_util,memory_used_mb,memory_total_mb,power_draw_w
2026/04/05 17:35:13.356,1.0,4025.0,10240.0,44.04
2026/04/05 17:35:14.522,1.0,4031.0,10240.0,101.09
2026/04/05 17:35:15.767,0.0,4030.0,10240.0,101.28
2026/04/05 17:35:28.099,6.0,4098.0,10240.0,35.21
2026/04/05 17:35:37.275,1.0,4075.0,10240.0,114.05
2026/04/05 17:35:48.160,0.0,4044.0,10240.0,106.33
2026/04/05 17:35:59.190,1.0,4030.0,10240.0,107.75
2026/04/05 17:36:07.322,0.0,4028.0,10240.0,121.85
2026/04/05 17:36:17.233,0.0,4020.0,10240.0,116.08
2026/04/05 17:36:28.174,0.0,4020.0,10240.0,74.76
2026/04/05 17:36:35.817,1.0,4032.0,10240.0,119.55
2026/04/05 17:36:46.220,1.0,4020.0,10240.0,81.94
2026/04/05 17:36:57.278,1.0,4076.0,10240.0,95.41
2026/04/05 17:37:08.411,1.0,4026.0,10240.0,82.88
2026/04/05 17:37:16.367,2.0,3984.0,10240.0,120.64
2026/04/05 17:37:26.541,1.0,3984.0,10240.0,121.38
2026/04/05 17:37:37.034,3.0,4045.0,10240.0,41.59
2026/04/05 17:37:44.919,0.0,3987.0,10240.0,120.67
2026/04/05 17:37:54.592,0.0,3991.0,10240.0,120.11
2026/04/05 17:38:04.972,0.0,3984.0,10240.0,119.87
2026/04/05 17:38:12.429,0.0,3984.0,10240.0,119.64
2026/04/05 17:38:21.978,0.0,3984.0,10240.0,119.55
2026/04/05 17:38:32.613,1.0,3988.0,10240.0,95.99
2026/04/05 17:38:43.486,0.0,3985.0,10240.0,91.39
2026/04/05 17:38:51.237,0.0,3985.0,10240.0,120.39
2026/04/05 17:39:00.902,0.0,3985.0,10240.0,120.62
2026/04/05 17:39:11.622,3.0,3988.0,10240.0,96.79
2026/04/05 17:39:19.477,1.0,3985.0,10240.0,120.94
2026/04/05 17:39:29.254,0.0,3985.0,10240.0,120.52
2026/04/05 17:39:39.844,2.0,3997.0,10240.0,98.59
2026/04/05 17:39:47.737,1.0,3997.0,10240.0,119.75
2026/04/05 17:39:57.850,0.0,3997.0,10240.0,110.5
2026/04/05 17:40:07.837,1.0,3997.0,10240.0,112.79
2026/04/05 17:40:18.569,1.0,3997.0,10240.0,106.07
2026/04/05 17:40:25.888,1.0,3996.0,10240.0,120.23
2026/04/05 17:40:35.241,0.0,3997.0,10240.0,111.51
2026/04/05 17:40:45.536,0.0,3996.0,10240.0,96.49
2026/04/05 17:40:53.362,1.0,3997.0,10240.0,121.31
2026/04/05 17:41:03.450,1.0,3996.0,10240.0,106.52
2026/04/05 17:41:14.072,0.0,3996.0,10240.0,90.63
2026/04/05 17:41:22.116,0.0,4000.0,10240.0,119.91
2026/04/05 17:41:31.843,0.0,3996.0,10240.0,119.78
2026/04/05 17:41:42.410,0.0,3996.0,10240.0,110.46
2026/04/05 17:41:53.303,0.0,4000.0,10240.0,100.16
2026/04/05 17:42:00.809,0.0,3995.0,10240.0,118.44
2026/04/05 17:42:10.196,0.0,3991.0,10240.0,119.15
2026/04/05 17:42:20.524,1.0,3988.0,10240.0,97.9
2026/04/05 17:42:28.030,0.0,3991.0,10240.0,120.03
2026/04/05 17:42:37.511,0.0,3988.0,10240.0,120.53
2026/04/05 17:42:48.008,1.0,3988.0,10240.0,91.15
2026/04/05 17:42:55.633,0.0,3988.0,10240.0,120.82
2026/04/05 17:43:05.228,0.0,3988.0,10240.0,120.4
2026/04/05 17:43:15.792,1.0,3988.0,10240.0,90.16
2026/04/05 17:43:16.856,4.0,3986.0,10240.0,30.65
2026/04/05 17:43:17.915,2.0,3988.0,10240.0,26.7
2026/04/05 17:43:18.967,0.0,3988.0,10240.0,24.89
2026/04/05 17:43:20.022,4.0,3988.0,10240.0,24.68
2026/04/05 17:43:21.073,4.0,3988.0,10240.0,24.7
2026/04/05 17:43:22.127,4.0,3988.0,10240.0,24.67
2026/04/05 17:43:23.177,4.0,3988.0,10240.0,24.78
2026/04/05 17:43:24.230,1.0,3988.0,10240.0,24.77
2026/04/05 17:43:25.281,0.0,3988.0,10240.0,24.55
2026/04/05 17:43:26.330,0.0,3988.0,10240.0,24.52
2026/04/05 17:43:27.382,0.0,3988.0,10240.0,24.76
2026/04/05 17:43:28.439,0.0,3988.0,10240.0,24.76
2026/04/05 17:43:29.491,2.0,3988.0,10240.0,24.89
2026/04/05 17:43:30.547,0.0,3988.0,10240.0,24.7
2026/04/05 17:43:31.604,0.0,3988.0,10240.0,24.49
2026/04/05 17:43:32.657,0.0,3988.0,10240.0,24.38
2026/04/05 17:43:33.714,0.0,3988.0,10240.0,24.05
2026/04/05 17:43:34.769,0.0,3988.0,10240.0,24.21
2026/04/05 17:43:35.825,0.0,3988.0,10240.0,24.38
2026/04/05 17:43:36.881,0.0,3988.0,10240.0,24.41
2026/04/05 17:43:37.934,0.0,3988.0,10240.0,24.74
2026/04/05 17:43:38.988,4.0,3988.0,10240.0,24.72
2026/04/05 17:43:40.038,4.0,3988.0,10240.0,24.71
2026/04/05 17:43:41.091,4.0,3988.0,10240.0,24.13
2026/04/05 17:43:42.139,4.0,3988.0,10240.0,24.23
2026/04/05 17:43:43.191,0.0,3988.0,10240.0,24.38
2026/04/05 17:43:44.242,1.0,3988.0,10240.0,24.55
2026/04/05 17:43:45.294,0.0,3988.0,10240.0,24.62
2026/04/05 17:43:46.344,0.0,3988.0,10240.0,24.4
2026/04/05 17:43:47.395,0.0,3987.0,10240.0,24.49
2026/04/05 17:43:48.443,0.0,3987.0,10240.0,24.4
2026/04/05 17:43:49.491,0.0,3987.0,10240.0,24.61
2026/04/05 17:43:50.543,0.0,3987.0,10240.0,24.66
2026/04/05 17:43:51.594,0.0,3987.0,10240.0,24.58
2026/04/05 17:43:52.646,0.0,3987.0,10240.0,24.67
2026/04/05 17:43:53.698,0.0,3987.0,10240.0,24.69
2026/04/05 17:43:54.745,2.0,3991.0,10240.0,24.97
2026/04/05 17:43:55.798,4.0,3986.0,10240.0,26.43
2026/04/05 17:43:56.849,0.0,3987.0,10240.0,24.95
2026/04/05 17:43:57.899,0.0,3987.0,10240.0,24.66
2026/04/05 17:43:58.947,0.0,3987.0,10240.0,24.55
2026/04/05 17:44:00.000,0.0,3987.0,10240.0,24.67
2026/04/05 17:44:01.061,0.0,3987.0,10240.0,24.54
2026/04/05 17:44:02.118,0.0,3987.0,10240.0,24.64
2026/04/05 17:44:03.175,4.0,3987.0,10240.0,24.44
2026/04/05 17:44:04.230,4.0,3988.0,10240.0,24.75
2026/04/05 17:44:05.277,4.0,3988.0,10240.0,24.75
2026/04/05 17:44:06.323,3.0,3988.0,10240.0,24.62
2026/04/05 17:44:07.374,1.0,3988.0,10240.0,24.62
2026/04/05 17:44:08.427,1.0,3989.0,10240.0,25.32
2026/04/05 17:44:09.480,0.0,3989.0,10240.0,24.47
2026/04/05 17:44:10.531,0.0,3989.0,10240.0,24.54
2026/04/05 17:44:11.577,0.0,3989.0,10240.0,24.61
2026/04/05 17:44:12.625,0.0,3989.0,10240.0,24.73
2026/04/05 17:44:13.671,0.0,3989.0,10240.0,24.76
2026/04/05 17:44:14.718,0.0,3989.0,10240.0,24.53
2026/04/05 17:44:15.765,0.0,3989.0,10240.0,24.58
2026/04/05 17:44:16.815,0.0,3989.0,10240.0,24.25
2026/04/05 17:44:17.867,0.0,3989.0,10240.0,24.53
2026/04/05 17:44:18.922,0.0,3989.0,10240.0,24.35
2026/04/05 17:44:19.972,0.0,3989.0,10240.0,24.63
2026/04/05 17:44:21.023,0.0,3989.0,10240.0,24.57
2026/04/05 17:44:22.079,0.0,3989.0,10240.0,24.68
2026/04/05 17:44:23.126,0.0,3989.0,10240.0,24.93
2026/04/05 17:44:24.173,3.0,3989.0,10240.0,24.98
2026/04/05 17:44:25.219,3.0,3989.0,10240.0,24.86
2026/04/05 17:44:26.265,3.0,3989.0,10240.0,24.62
2026/04/05 17:44:27.314,2.0,3992.0,10240.0,24.72
2026/04/05 17:44:28.366,5.0,3988.0,10240.0,26.79
2026/04/05 17:44:29.417,1.0,3989.0,10240.0,25.21
2026/04/05 17:44:30.468,2.0,3989.0,10240.0,24.67
2026/04/05 17:44:31.522,2.0,3989.0,10240.0,24.51
2026/04/05 17:44:32.577,0.0,3989.0,10240.0,24.3
2026/04/05 17:44:33.629,3.0,4021.0,10240.0,26.7
2026/04/05 17:44:34.677,13.0,4039.0,10240.0,28.66
2026/04/05 17:44:35.724,22.0,4048.0,10240.0,28.41
2026/04/05 17:44:36.772,0.0,4031.0,10240.0,25.21
2026/04/05 17:44:37.820,3.0,4031.0,10240.0,25.33
2026/04/05 17:44:38.867,0.0,4049.0,10240.0,25.01
2026/04/05 17:44:39.916,5.0,4051.0,10240.0,25.62
2026/04/05 17:44:40.967,1.0,4051.0,10240.0,26.12
2026/04/05 17:44:42.024,1.0,4034.0,10240.0,25.03
2026/04/05 17:44:43.078,0.0,4034.0,10240.0,24.99
2026/04/05 17:44:44.130,0.0,4024.0,10240.0,25.08
2026/04/05 17:44:45.185,14.0,4032.0,10240.0,26.53
2026/04/05 17:44:46.238,5.0,4011.0,10240.0,28.43
2026/04/05 17:44:47.293,8.0,4021.0,10240.0,28.79
2026/04/05 17:44:48.344,8.0,4014.0,10240.0,27.48
2026/04/05 17:44:49.400,24.0,4028.0,10240.0,30.13
2026/04/05 17:44:50.453,6.0,4030.0,10240.0,28.65
2026/04/05 17:44:51.510,10.0,4052.0,10240.0,28.67
2026/04/05 17:44:52.565,4.0,4048.0,10240.0,28.55
2026/04/05 17:44:53.617,3.0,4039.0,10240.0,27.46
2026/04/05 17:44:54.670,4.0,4001.0,10240.0,27.2
2026/04/05 17:44:55.720,4.0,3997.0,10240.0,27.21
2026/04/05 17:44:56.770,1.0,3995.0,10240.0,27.31
2026/04/05 17:44:57.819,1.0,3987.0,10240.0,27.42
2026/04/05 17:44:58.868,1.0,3987.0,10240.0,27.57
2026/04/05 17:44:59.919,1.0,3987.0,10240.0,27.37
2026/04/05 17:45:00.968,2.0,3987.0,10240.0,27.6
2026/04/05 17:45:02.015,3.0,3995.0,10240.0,27.12
2026/04/05 17:45:03.064,3.0,3995.0,10240.0,27.92
2026/04/05 17:45:04.111,7.0,4029.0,10240.0,27.49
2026/04/05 17:45:05.159,5.0,4028.0,10240.0,28.01
2026/04/05 17:45:06.208,3.0,4026.0,10240.0,27.55
2026/04/05 17:45:07.263,2.0,3992.0,10240.0,27.49
2026/04/05 17:45:08.317,1.0,3992.0,10240.0,27.33
2026/04/05 17:45:09.374,3.0,3992.0,10240.0,27.03
2026/04/05 17:45:10.428,9.0,4026.0,10240.0,29.86
2026/04/05 17:45:11.481,9.0,4026.0,10240.0,29.74
2026/04/05 17:45:12.532,8.0,4029.0,10240.0,30.27
2026/04/05 17:45:13.582,8.0,4030.0,10240.0,29.18
2026/04/05 17:45:14.634,12.0,4024.0,10240.0,26.71
2026/04/05 17:45:15.685,11.0,4025.0,10240.0,29.38
2026/04/05 17:45:16.739,11.0,4023.0,10240.0,29.31
2026/04/05 17:45:17.792,8.0,4021.0,10240.0,29.36
2026/04/05 17:45:18.850,7.0,4008.0,10240.0,30.06
2026/04/05 17:45:19.910,7.0,4013.0,10240.0,30.5
2026/04/05 17:45:20.969,8.0,4015.0,10240.0,30.33
2026/04/05 17:45:22.025,7.0,4017.0,10240.0,30.17
2026/04/05 17:45:23.078,8.0,4020.0,10240.0,30.1
2026/04/05 17:45:24.130,1.0,4015.0,10240.0,27.56
2026/04/05 17:45:25.184,1.0,4015.0,10240.0,25.77
2026/04/05 17:45:26.232,1.0,4014.0,10240.0,26.01
2026/04/05 17:45:27.283,0.0,4014.0,10240.0,26.12
2026/04/05 17:45:28.336,0.0,4014.0,10240.0,26.15
2026/04/05 17:45:29.389,0.0,4014.0,10240.0,25.32
2026/04/05 17:45:30.441,0.0,4014.0,10240.0,25.14
2026/04/05 17:45:31.500,0.0,4014.0,10240.0,25.06
2026/04/05 17:45:32.553,3.0,4014.0,10240.0,25.07
2026/04/05 17:45:33.604,2.0,4014.0,10240.0,25.09
2026/04/05 17:45:34.653,2.0,4014.0,10240.0,25.32
2026/04/05 17:45:35.701,3.0,4014.0,10240.0,25.67
2026/04/05 17:45:36.751,2.0,4014.0,10240.0,25.22
2026/04/05 17:45:37.803,4.0,4014.0,10240.0,25.31
2026/04/05 17:45:38.853,4.0,4014.0,10240.0,24.85
2026/04/05 17:45:39.907,7.0,3997.0,10240.0,26.72
2026/04/05 17:45:40.959,1.0,3996.0,10240.0,25.29
2026/04/05 17:45:42.007,1.0,3996.0,10240.0,25.03
2026/04/05 17:45:43.056,1.0,3992.0,10240.0,25.15
2026/04/05 17:45:44.106,0.0,3992.0,10240.0,25.18
2026/04/05 17:45:45.155,1.0,3992.0,10240.0,25.06
2026/04/05 17:45:46.205,0.0,3992.0,10240.0,25.02
2026/04/05 17:45:47.254,0.0,3992.0,10240.0,25.2
2026/04/05 17:45:48.307,0.0,3992.0,10240.0,25.42
2026/04/05 17:45:49.355,0.0,3992.0,10240.0,25.15
2026/04/05 17:45:50.401,0.0,3992.0,10240.0,25.39
2026/04/05 17:45:51.447,0.0,3992.0,10240.0,25.38
2026/04/05 17:45:52.501,1.0,4007.0,10240.0,25.33
2026/04/05 17:45:53.551,2.0,4019.0,10240.0,27.79
2026/04/05 17:45:54.602,1.0,4016.0,10240.0,26.26
2026/04/05 17:45:55.648,1.0,4015.0,10240.0,25.56
2026/04/05 17:45:56.701,0.0,4028.0,10240.0,28.73
2026/04/05 17:45:57.747,4.0,4028.0,10240.0,25.25
2026/04/05 17:45:58.796,6.0,4027.0,10240.0,25.94
2026/04/05 17:45:59.845,4.0,4024.0,10240.0,26.15
2026/04/05 17:46:00.894,6.0,4021.0,10240.0,25.43
2026/04/05 17:46:01.944,9.0,3995.0,10240.0,26.5
2026/04/05 17:46:02.992,0.0,3995.0,10240.0,25.99
2026/04/05 17:46:04.041,0.0,3995.0,10240.0,25.46
2026/04/05 17:46:05.093,0.0,3994.0,10240.0,25.81
2026/04/05 17:46:06.143,2.0,3990.0,10240.0,29.17
2026/04/05 17:46:07.190,2.0,3987.0,10240.0,26.08
2026/04/05 17:46:08.238,5.0,3986.0,10240.0,28.04
2026/04/05 17:46:09.287,25.0,3987.0,10240.0,27.49
2026/04/05 17:46:10.333,0.0,3986.0,10240.0,25.34
2026/04/05 17:46:11.381,0.0,3986.0,10240.0,25.62
2026/04/05 17:46:12.427,1.0,3994.0,10240.0,25.69
2026/04/05 17:46:13.480,1.0,3995.0,10240.0,25.9
2026/04/05 17:46:14.533,0.0,4003.0,10240.0,25.6
2026/04/05 17:46:15.587,0.0,4003.0,10240.0,26.15
2026/04/05 17:46:16.645,7.0,3998.0,10240.0,26.96
2026/04/05 17:46:17.704,6.0,3998.0,10240.0,27.7
2026/04/05 17:46:18.757,4.0,3998.0,10240.0,26.0
2026/04/05 17:46:19.810,4.0,3998.0,10240.0,25.99
2026/04/05 17:46:20.863,18.0,3994.0,10240.0,26.61
2026/04/05 17:46:21.912,4.0,3994.0,10240.0,26.39
2026/04/05 17:46:22.963,31.0,4000.0,10240.0,27.25
2026/04/05 17:46:24.015,15.0,4000.0,10240.0,26.9
2026/04/05 17:46:25.063,1.0,4000.0,10240.0,24.98
2026/04/05 17:46:26.115,1.0,3999.0,10240.0,26.69
2026/04/05 17:46:27.164,1.0,3999.0,10240.0,26.51
2026/04/05 17:46:28.218,0.0,3999.0,10240.0,26.58
2026/04/05 17:46:29.271,4.0,3992.0,10240.0,27.26
2026/04/05 17:46:30.326,0.0,3992.0,10240.0,25.52
2026/04/05 17:46:31.376,0.0,3992.0,10240.0,26.33
2026/04/05 17:46:32.423,1.0,3992.0,10240.0,27.27
2026/04/05 17:46:33.471,0.0,3992.0,10240.0,25.81
2026/04/05 17:46:34.521,0.0,3992.0,10240.0,27.89
2026/04/05 17:46:35.574,1.0,3992.0,10240.0,26.26
2026/04/05 17:46:36.621,0.0,3992.0,10240.0,25.49
2026/04/05 17:46:37.676,1.0,3988.0,10240.0,26.18
2026/04/05 17:46:38.729,0.0,3988.0,10240.0,26.15
2026/04/05 17:46:39.781,1.0,3988.0,10240.0,26.3
2026/04/05 17:46:40.839,1.0,3988.0,10240.0,24.92
2026/04/05 17:46:41.891,2.0,3988.0,10240.0,26.34
2026/04/05 17:46:42.943,6.0,3988.0,10240.0,27.74
2026/04/05 17:46:43.993,21.0,3988.0,10240.0,27.26
2026/04/05 17:46:45.041,9.0,3988.0,10240.0,27.01
2026/04/05 17:46:46.089,4.0,3996.0,10240.0,25.82
2026/04/05 17:46:47.141,3.0,3996.0,10240.0,28.2
2026/04/05 17:46:48.195,1.0,3997.0,10240.0,26.01
2026/04/05 17:46:49.246,5.0,3997.0,10240.0,26.55
2026/04/05 17:46:50.300,1.0,3993.0,10240.0,25.94
2026/04/05 17:46:51.358,1.0,3993.0,10240.0,25.71
2026/04/05 17:46:52.412,1.0,3993.0,10240.0,26.5
2026/04/05 17:46:53.464,0.0,3993.0,10240.0,26.17
2026/04/05 17:46:54.516,0.0,3993.0,10240.0,26.5
2026/04/05 17:46:55.568,1.0,3993.0,10240.0,26.7
2026/04/05 17:46:56.618,1.0,3993.0,10240.0,26.74
2026/04/05 17:46:57.667,0.0,3993.0,10240.0,26.42
2026/04/05 17:46:58.717,0.0,3993.0,10240.0,26.29
2026/04/05 17:46:59.768,0.0,3993.0,10240.0,26.27
2026/04/05 17:47:00.817,0.0,3993.0,10240.0,26.38
2026/04/05 17:47:01.866,0.0,3993.0,10240.0,26.4
2026/04/05 17:47:02.922,0.0,3993.0,10240.0,26.75
2026/04/05 17:47:03.977,0.0,3993.0,10240.0,26.8
2026/04/05 17:47:05.029,0.0,3993.0,10240.0,26.78
2026/04/05 17:47:06.081,0.0,3993.0,10240.0,26.75
2026/04/05 17:47:07.129,4.0,3993.0,10240.0,26.53
2026/04/05 17:47:08.176,4.0,3993.0,10240.0,26.52
2026/04/05 17:47:09.223,4.0,3993.0,10240.0,26.36
2026/04/05 17:47:10.271,4.0,3992.0,10240.0,26.52
2026/04/05 17:47:11.317,0.0,3992.0,10240.0,26.39
2026/04/05 17:47:12.364,0.0,3992.0,10240.0,26.34
2026/04/05 17:47:13.412,0.0,3992.0,10240.0,26.05
2026/04/05 17:47:14.464,0.0,3992.0,10240.0,26.04
2026/04/05 17:47:15.515,0.0,3992.0,10240.0,26.12
2026/04/05 17:47:16.563,0.0,3992.0,10240.0,26.19
2026/04/05 17:47:17.616,0.0,3992.0,10240.0,26.61
2026/04/05 17:47:18.663,0.0,3992.0,10240.0,26.77
2026/04/05 17:47:19.710,0.0,3992.0,10240.0,26.79
2026/04/05 17:47:20.757,0.0,3992.0,10240.0,26.67
2026/04/05 17:47:21.805,1.0,3992.0,10240.0,26.61
2026/04/05 17:47:22.857,4.0,3979.0,10240.0,27.49
2026/04/05 17:47:23.907,0.0,3980.0,10240.0,24.81
2026/04/05 17:47:24.962,0.0,3980.0,10240.0,24.68
2026/04/05 17:47:26.014,0.0,3980.0,10240.0,25.13
2026/04/05 17:47:27.066,0.0,3980.0,10240.0,24.82
2026/04/05 17:47:28.120,4.0,3980.0,10240.0,25.12
2026/04/05 17:47:29.173,5.0,3980.0,10240.0,25.1
2026/04/05 17:47:30.224,4.0,3980.0,10240.0,24.55
2026/04/05 17:47:31.282,4.0,3980.0,10240.0,24.54
2026/04/05 17:47:32.336,0.0,3980.0,10240.0,24.57
2026/04/05 17:47:33.386,0.0,3980.0,10240.0,24.56
2026/04/05 17:47:34.436,0.0,3980.0,10240.0,24.84
2026/04/05 17:47:35.485,0.0,3980.0,10240.0,24.81
2026/04/05 17:47:36.536,0.0,3980.0,10240.0,24.89
2026/04/05 17:47:37.587,0.0,3980.0,10240.0,24.95
2026/04/05 17:47:38.635,0.0,3980.0,10240.0,24.73
2026/04/05 17:47:39.682,0.0,3980.0,10240.0,24.7
2026/04/05 17:47:40.733,0.0,3980.0,10240.0,24.74
2026/04/05 17:47:41.786,0.0,3980.0,10240.0,24.73
2026/04/05 17:47:42.841,0.0,3980.0,10240.0,24.95
2026/04/05 17:47:43.895,0.0,3980.0,10240.0,24.57
2026/04/05 17:47:44.944,0.0,3980.0,10240.0,24.51
2026/04/05 17:47:45.991,0.0,3980.0,10240.0,24.55
2026/04/05 17:47:47.042,1.0,3980.0,10240.0,24.67
2026/04/05 17:47:48.091,0.0,3980.0,10240.0,24.61
2026/04/05 17:47:49.140,1.0,3980.0,10240.0,25.12
2026/04/05 17:47:50.191,1.0,3980.0,10240.0,24.99
2026/04/05 17:47:51.240,2.0,3980.0,10240.0,24.89
2026/04/05 17:47:52.290,3.0,3980.0,10240.0,25.07
2026/04/05 17:47:53.340,3.0,3980.0,10240.0,24.5
2026/04/05 17:47:54.389,4.0,3980.0,10240.0,24.39
2026/04/05 17:47:55.435,4.0,3980.0,10240.0,24.61
2026/04/05 17:47:56.483,8.0,3983.0,10240.0,25.26
2026/04/05 17:47:57.531,1.0,3980.0,10240.0,26.5
2026/04/05 17:47:58.581,0.0,3980.0,10240.0,24.68
2026/04/05 17:47:59.627,0.0,3980.0,10240.0,24.54
2026/04/05 17:48:00.682,0.0,3980.0,10240.0,24.25
2026/04/05 17:48:01.730,0.0,3980.0,10240.0,24.34
2026/04/05 17:48:02.780,0.0,3980.0,10240.0,24.65
2026/04/05 17:48:03.828,0.0,3980.0,10240.0,24.66
2026/04/05 17:48:04.877,0.0,3980.0,10240.0,24.52
2026/04/05 17:48:05.925,0.0,3980.0,10240.0,24.66
2026/04/05 17:48:06.972,0.0,3980.0,10240.0,24.63
2026/04/05 17:48:08.019,0.0,3976.0,10240.0,24.93
2026/04/05 17:48:09.068,0.0,3976.0,10240.0,24.65
2026/04/05 17:48:10.114,0.0,3976.0,10240.0,24.59
2026/04/05 17:48:11.159,0.0,3976.0,10240.0,24.84
2026/04/05 17:48:12.209,0.0,3976.0,10240.0,24.84
2026/04/05 17:48:13.262,0.0,3976.0,10240.0,24.91
2026/04/05 17:48:14.316,4.0,3975.0,10240.0,25.1
2026/04/05 17:48:15.365,4.0,3975.0,10240.0,24.9
2026/04/05 17:48:16.416,4.0,3975.0,10240.0,24.42
2026/04/05 17:48:17.462,5.0,3975.0,10240.0,24.83
2026/04/05 17:48:18.514,0.0,3975.0,10240.0,24.72
2026/04/05 17:48:19.564,0.0,3975.0,10240.0,24.47
2026/04/05 17:48:20.611,0.0,3975.0,10240.0,24.58
2026/04/05 17:48:21.662,0.0,3975.0,10240.0,24.42
2026/04/05 17:48:22.710,0.0,3975.0,10240.0,24.43
2026/04/05 17:48:23.762,0.0,3975.0,10240.0,24.31
2026/04/05 17:48:24.812,0.0,3975.0,10240.0,24.44
2026/04/05 17:48:25.862,0.0,3976.0,10240.0,24.72
2026/04/05 17:48:26.910,0.0,3976.0,10240.0,24.66
2026/04/05 17:48:27.957,0.0,3976.0,10240.0,24.69
2026/04/05 17:48:29.008,0.0,3976.0,10240.0,24.5
2026/04/05 17:48:30.058,0.0,3977.0,10240.0,24.4
2026/04/05 17:48:31.109,4.0,3972.0,10240.0,26.18
2026/04/05 17:48:32.157,0.0,3973.0,10240.0,25.37
2026/04/05 17:48:33.209,0.0,3973.0,10240.0,24.77
2026/04/05 17:48:34.260,0.0,3973.0,10240.0,24.62
2026/04/05 17:48:35.312,2.0,3973.0,10240.0,24.8
2026/04/05 17:48:36.361,3.0,3973.0,10240.0,24.69
2026/04/05 17:48:37.406,2.0,3973.0,10240.0,24.54
2026/04/05 17:48:38.450,2.0,3973.0,10240.0,24.7
2026/04/05 17:48:39.497,2.0,3973.0,10240.0,24.5
2026/04/05 17:48:40.544,2.0,3973.0,10240.0,24.46
2026/04/05 17:48:41.593,2.0,3973.0,10240.0,24.51
2026/04/05 17:48:42.642,4.0,3973.0,10240.0,24.61
2026/04/05 17:48:43.694,0.0,3973.0,10240.0,24.36
2026/04/05 17:48:44.742,1.0,3973.0,10240.0,24.52
2026/04/05 17:48:45.790,1.0,3973.0,10240.0,24.31
2026/04/05 17:48:46.843,0.0,3973.0,10240.0,24.01
2026/04/05 17:48:47.889,0.0,3973.0,10240.0,24.47
2026/04/05 17:48:48.941,0.0,3973.0,10240.0,24.49
2026/04/05 17:48:49.990,0.0,3973.0,10240.0,24.48
2026/04/05 17:48:51.038,0.0,3973.0,10240.0,24.53
2026/04/05 17:48:52.086,0.0,3973.0,10240.0,24.37
2026/04/05 17:48:53.132,0.0,3973.0,10240.0,24.46
2026/04/05 17:48:54.179,0.0,3973.0,10240.0,24.36
2026/04/05 17:48:55.228,0.0,3973.0,10240.0,24.42
2026/04/05 17:48:56.274,0.0,3973.0,10240.0,24.48
2026/04/05 17:48:57.324,0.0,3973.0,10240.0,24.37
2026/04/05 17:48:58.377,0.0,3973.0,10240.0,24.85
2026/04/05 17:48:59.429,0.0,3973.0,10240.0,24.61
2026/04/05 17:49:00.479,4.0,3973.0,10240.0,24.28
2026/04/05 17:49:01.534,4.0,3973.0,10240.0,24.47
2026/04/05 17:49:02.584,4.0,3973.0,10240.0,24.5
2026/04/05 17:49:03.633,4.0,3973.0,10240.0,24.75
2026/04/05 17:49:04.679,4.0,3977.0,10240.0,25.17
2026/04/05 17:49:05.727,5.0,3972.0,10240.0,27.1
2026/04/05 17:49:06.774,0.0,3973.0,10240.0,24.6
2026/04/05 17:49:07.824,2.0,3973.0,10240.0,24.67
2026/04/05 17:49:08.879,0.0,3973.0,10240.0,24.53
2026/04/05 17:49:09.935,0.0,3973.0,10240.0,24.61
2026/04/05 17:49:10.989,0.0,3973.0,10240.0,24.53
2026/04/05 17:49:12.043,0.0,3973.0,10240.0,24.44
2026/04/05 17:49:13.094,0.0,3973.0,10240.0,24.46
2026/04/05 17:49:14.149,0.0,3973.0,10240.0,24.17
2026/04/05 17:49:15.201,0.0,3973.0,10240.0,24.33
2026/04/05 17:49:16.248,0.0,3973.0,10240.0,24.06
2026/04/05 17:49:17.301,0.0,3973.0,10240.0,24.14
2026/04/05 17:49:18.353,0.0,3973.0,10240.0,24.43
2026/04/05 17:49:19.406,0.0,3973.0,10240.0,24.29
2026/04/05 17:49:20.463,0.0,3973.0,10240.0,24.3
2026/04/05 17:49:21.518,0.0,3973.0,10240.0,24.47
2026/04/05 17:49:22.571,0.0,3973.0,10240.0,24.51
2026/04/05 17:49:23.618,0.0,3973.0,10240.0,24.54
2026/04/05 17:49:24.669,0.0,3973.0,10240.0,24.38
2026/04/05 17:49:25.716,4.0,3973.0,10240.0,24.4
2026/04/05 17:49:26.764,4.0,3973.0,10240.0,24.42
2026/04/05 17:49:27.812,4.0,3973.0,10240.0,24.2
2026/04/05 17:49:28.861,4.0,3973.0,10240.0,24.54
2026/04/05 17:49:29.912,0.0,3973.0,10240.0,24.25
2026/04/05 17:49:30.964,0.0,3973.0,10240.0,24.0
2026/04/05 17:49:32.026,0.0,3973.0,10240.0,24.14
2026/04/05 17:49:33.078,1.0,3973.0,10240.0,24.47
2026/04/05 17:49:34.130,0.0,3973.0,10240.0,24.38
2026/04/05 17:49:35.176,0.0,3973.0,10240.0,24.39
2026/04/05 17:49:36.224,0.0,3973.0,10240.0,24.54
2026/04/05 17:49:37.270,0.0,3973.0,10240.0,24.37
2026/04/05 17:49:38.316,0.0,3973.0,10240.0,24.69
2026/04/05 17:49:39.364,0.0,3973.0,10240.0,24.39
2026/04/05 17:49:40.411,4.0,3977.0,10240.0,25.14
2026/04/05 17:49:41.468,2.0,3973.0,10240.0,25.96
2026/04/05 17:49:42.518,0.0,3973.0,10240.0,24.45
2026/04/05 17:49:43.578,0.0,3973.0,10240.0,24.51
2026/04/05 17:49:44.630,0.0,3973.0,10240.0,24.06
2026/04/05 17:49:45.684,4.0,3973.0,10240.0,23.9
2026/04/05 17:49:46.740,4.0,3973.0,10240.0,24.56
2026/04/05 17:49:47.794,3.0,3973.0,10240.0,24.29
2026/04/05 17:49:48.848,2.0,3973.0,10240.0,24.5
2026/04/05 17:49:49.897,1.0,3973.0,10240.0,24.34
2026/04/05 17:49:50.946,3.0,3973.0,10240.0,24.38
2026/04/05 17:49:51.995,3.0,3973.0,10240.0,24.27
2026/04/05 17:49:53.042,3.0,3973.0,10240.0,24.2
2026/04/05 17:49:54.090,0.0,3973.0,10240.0,24.26
2026/04/05 17:49:55.137,0.0,3973.0,10240.0,24.19
2026/04/05 17:49:56.186,0.0,3973.0,10240.0,24.34
2026/04/05 17:49:57.231,0.0,3973.0,10240.0,24.4
2026/04/05 17:49:58.277,1.0,3973.0,10240.0,24.59
2026/04/05 17:49:59.325,0.0,3973.0,10240.0,24.36
2026/04/05 17:50:00.372,1.0,3973.0,10240.0,24.07
2026/04/05 17:50:01.418,0.0,3973.0,10240.0,24.05
2026/04/05 17:50:02.465,0.0,3973.0,10240.0,24.34
2026/04/05 17:50:03.511,2.0,3973.0,10240.0,24.55
2026/04/05 17:50:04.560,0.0,3973.0,10240.0,24.37
2026/04/05 17:50:05.613,0.0,3973.0,10240.0,24.36
2026/04/05 17:50:06.666,0.0,3973.0,10240.0,24.35
2026/04/05 17:50:07.721,0.0,3973.0,10240.0,24.29
2026/04/05 17:50:08.774,0.0,3973.0,10240.0,24.75
2026/04/05 17:50:09.823,0.0,3973.0,10240.0,24.58
2026/04/05 17:50:10.869,4.0,3973.0,10240.0,24.77
2026/04/05 17:50:11.916,4.0,3973.0,10240.0,24.49
2026/04/05 17:50:12.964,5.0,3977.0,10240.0,24.43
2026/04/05 17:50:14.012,8.0,3972.0,10240.0,26.85
2026/04/05 17:50:15.057,0.0,3973.0,10240.0,24.45
2026/04/05 17:50:16.103,0.0,3973.0,10240.0,24.48
2026/04/05 17:50:17.151,1.0,3973.0,10240.0,24.39
2026/04/05 17:50:18.199,2.0,3973.0,10240.0,24.51
2026/04/05 17:50:19.246,2.0,3973.0,10240.0,24.63
2026/04/05 17:50:20.295,0.0,3973.0,10240.0,24.41
2026/04/05 17:50:21.345,0.0,3973.0,10240.0,24.49
2026/04/05 17:50:22.394,0.0,3973.0,10240.0,24.26
2026/04/05 17:50:23.441,0.0,3973.0,10240.0,24.48
2026/04/05 17:50:24.489,0.0,3973.0,10240.0,24.55
2026/04/05 17:50:25.539,0.0,3973.0,10240.0,24.53
2026/04/05 17:50:26.587,0.0,3973.0,10240.0,24.63
2026/04/05 17:50:27.633,0.0,3973.0,10240.0,24.43
2026/04/05 17:50:28.683,1.0,3973.0,10240.0,24.44
2026/04/05 17:50:29.735,0.0,3973.0,10240.0,24.18
2026/04/05 17:50:30.789,0.0,3973.0,10240.0,24.5
2026/04/05 17:50:31.838,0.0,3973.0,10240.0,24.6
2026/04/05 17:50:32.886,0.0,3973.0,10240.0,24.5
2026/04/05 17:50:33.936,0.0,3973.0,10240.0,24.55
2026/04/05 17:50:34.985,0.0,3973.0,10240.0,24.47
2026/04/05 17:50:36.036,0.0,3973.0,10240.0,24.52
2026/04/05 17:50:37.084,4.0,3973.0,10240.0,24.51
2026/04/05 17:50:38.134,3.0,3973.0,10240.0,24.61
2026/04/05 17:50:39.184,4.0,3973.0,10240.0,24.54
2026/04/05 17:50:40.236,4.0,3973.0,10240.0,24.52
2026/04/05 17:50:41.283,0.0,3973.0,10240.0,24.32
2026/04/05 17:50:42.332,0.0,3973.0,10240.0,24.33
2026/04/05 17:50:43.380,0.0,3973.0,10240.0,24.16
2026/04/05 17:50:44.433,0.0,3973.0,10240.0,24.18
2026/04/05 17:50:45.484,0.0,3973.0,10240.0,24.26
2026/04/05 17:50:46.539,0.0,3973.0,10240.0,24.2
2026/04/05 17:50:47.596,4.0,3972.0,10240.0,26.48
2026/04/05 17:50:48.646,0.0,3973.0,10240.0,24.97
2026/04/05 17:50:49.697,0.0,3973.0,10240.0,24.44
2026/04/05 17:50:50.748,0.0,3973.0,10240.0,24.33
2026/04/05 17:50:51.802,0.0,3973.0,10240.0,24.27
2026/04/05 17:50:52.857,0.0,3973.0,10240.0,24.14
2026/04/05 17:50:53.910,2.0,3973.0,10240.0,24.29
2026/04/05 17:50:54.962,0.0,3973.0,10240.0,24.25
2026/04/05 17:50:56.015,0.0,3973.0,10240.0,24.22
2026/04/05 17:50:57.065,2.0,3973.0,10240.0,24.3
2026/04/05 17:50:58.114,1.0,3973.0,10240.0,24.22
2026/04/05 17:50:59.165,0.0,3973.0,10240.0,24.41
2026/04/05 17:51:00.213,0.0,3973.0,10240.0,23.78
2026/04/05 17:51:01.259,3.0,3973.0,10240.0,24.34
2026/04/05 17:51:02.305,3.0,3973.0,10240.0,24.41
2026/04/05 17:51:03.356,4.0,3973.0,10240.0,24.22
2026/04/05 17:51:04.405,4.0,3973.0,10240.0,24.45
2026/04/05 17:51:05.459,0.0,3973.0,10240.0,24.54
2026/04/05 17:51:06.507,0.0,3973.0,10240.0,24.51
2026/04/05 17:51:07.557,0.0,3973.0,10240.0,24.31
2026/04/05 17:51:08.608,0.0,3973.0,10240.0,24.6
2026/04/05 17:51:09.660,0.0,3972.0,10240.0,24.6
2026/04/05 17:51:10.710,0.0,3972.0,10240.0,24.43
2026/04/05 17:51:11.761,0.0,3972.0,10240.0,24.48
2026/04/05 17:51:12.812,0.0,3972.0,10240.0,24.38
2026/04/05 17:51:13.868,0.0,3972.0,10240.0,24.25
2026/04/05 17:51:14.921,0.0,3972.0,10240.0,24.42
2026/04/05 17:51:15.976,0.0,3972.0,10240.0,24.55
2026/04/05 17:51:17.028,0.0,3972.0,10240.0,24.57
2026/04/05 17:51:18.081,0.0,3972.0,10240.0,24.49
2026/04/05 17:51:19.131,2.0,3972.0,10240.0,24.99
2026/04/05 17:51:20.179,0.0,3972.0,10240.0,24.41
2026/04/05 17:51:21.226,4.0,3971.0,10240.0,25.25
2026/04/05 17:51:22.272,4.0,3972.0,10240.0,26.01
2026/04/05 17:51:23.320,4.0,3972.0,10240.0,24.56
2026/04/05 17:51:24.367,6.0,3972.0,10240.0,24.53
2026/04/05 17:51:25.426,4.0,3972.0,10240.0,24.5
2026/04/05 17:51:26.480,0.0,3972.0,10240.0,24.39
2026/04/05 17:51:27.534,0.0,3972.0,10240.0,24.3
2026/04/05 17:51:28.591,0.0,3972.0,10240.0,24.12
2026/04/05 17:51:29.646,0.0,3972.0,10240.0,24.07
2026/04/05 17:51:30.697,0.0,3972.0,10240.0,24.04
2026/04/05 17:51:31.749,0.0,3972.0,10240.0,24.33
2026/04/05 17:51:32.800,0.0,3972.0,10240.0,24.32
2026/04/05 17:51:33.851,0.0,3972.0,10240.0,24.46
2026/04/05 17:51:34.905,0.0,3972.0,10240.0,24.5
2026/04/05 17:51:35.955,0.0,3972.0,10240.0,24.24
2026/04/05 17:51:37.008,0.0,3972.0,10240.0,24.22
2026/04/05 17:51:38.063,0.0,3972.0,10240.0,24.58
2026/04/05 17:51:39.115,0.0,3972.0,10240.0,24.48
2026/04/05 17:51:40.168,0.0,3972.0,10240.0,24.66
2026/04/05 17:51:41.219,0.0,3972.0,10240.0,24.48
2026/04/05 17:51:42.272,0.0,3972.0,10240.0,24.29
2026/04/05 17:51:43.322,0.0,3972.0,10240.0,24.28
2026/04/05 17:51:44.370,0.0,3972.0,10240.0,24.33
2026/04/05 17:51:45.417,0.0,3972.0,10240.0,24.42
2026/04/05 17:51:46.466,4.0,3972.0,10240.0,24.32
2026/04/05 17:51:47.516,4.0,3972.0,10240.0,24.66
2026/04/05 17:51:48.567,4.0,3972.0,10240.0,24.5
2026/04/05 17:51:49.618,8.0,3977.0,10240.0,24.76
2026/04/05 17:51:50.675,0.0,3977.0,10240.0,24.42
2026/04/05 17:51:51.724,0.0,3977.0,10240.0,24.43
2026/04/05 17:51:52.774,0.0,3977.0,10240.0,24.56
2026/04/05 17:51:53.822,0.0,3977.0,10240.0,24.5
2026/04/05 17:51:54.870,0.0,3977.0,10240.0,24.71
2026/04/05 17:51:55.919,0.0,3977.0,10240.0,24.49
2026/04/05 17:51:56.971,4.0,3980.0,10240.0,25.09
2026/04/05 17:51:58.019,4.0,3977.0,10240.0,26.23
2026/04/05 17:51:59.068,0.0,3977.0,10240.0,24.23
2026/04/05 17:52:00.120,0.0,3977.0,10240.0,24.39
2026/04/05 17:52:01.172,0.0,3977.0,10240.0,24.49
2026/04/05 17:52:02.222,0.0,3977.0,10240.0,24.59
2026/04/05 17:52:03.276,0.0,3977.0,10240.0,24.55
2026/04/05 17:52:04.328,0.0,3977.0,10240.0,24.52
2026/04/05 17:52:05.381,0.0,3977.0,10240.0,24.73
2026/04/05 17:52:06.434,1.0,3977.0,10240.0,24.11
2026/04/05 17:52:07.488,2.0,3977.0,10240.0,24.63
2026/04/05 17:52:08.541,1.0,3977.0,10240.0,24.94
2026/04/05 17:52:09.590,1.0,3976.0,10240.0,24.65
2026/04/05 17:52:10.641,4.0,3976.0,10240.0,24.53
2026/04/05 17:52:11.694,3.0,3976.0,10240.0,24.3
2026/04/05 17:52:12.741,3.0,3976.0,10240.0,24.34
2026/04/05 17:52:13.788,3.0,3976.0,10240.0,24.14
2026/04/05 17:52:14.835,0.0,3976.0,10240.0,24.28
2026/04/05 17:52:15.884,0.0,3976.0,10240.0,24.52
2026/04/05 17:52:16.932,0.0,3976.0,10240.0,24.58
2026/04/05 17:52:17.980,0.0,3976.0,10240.0,24.41
2026/04/05 17:52:19.027,0.0,3976.0,10240.0,24.62
2026/04/05 17:52:20.074,0.0,3976.0,10240.0,24.58
2026/04/05 17:52:21.119,0.0,3976.0,10240.0,24.13
2026/04/05 17:52:22.166,0.0,3976.0,10240.0,24.19
2026/04/05 17:52:23.213,0.0,3976.0,10240.0,24.37
2026/04/05 17:52:24.262,0.0,3976.0,10240.0,24.47
2026/04/05 17:52:25.310,0.0,3976.0,10240.0,24.65
2026/04/05 17:52:26.357,0.0,3976.0,10240.0,24.36
2026/04/05 17:52:27.404,0.0,3976.0,10240.0,24.14
2026/04/05 17:52:28.453,0.0,3976.0,10240.0,23.99
2026/04/05 17:52:29.501,0.0,3976.0,10240.0,24.04
2026/04/05 17:52:30.548,4.0,3975.0,10240.0,26.16
2026/04/05 17:52:31.594,1.0,3976.0,10240.0,25.85
2026/04/05 17:52:32.640,4.0,3976.0,10240.0,24.73
2026/04/05 17:52:33.689,4.0,3976.0,10240.0,24.76
2026/04/05 17:52:34.743,4.0,3976.0,10240.0,24.52
2026/04/05 17:52:35.792,4.0,3976.0,10240.0,24.34
2026/04/05 17:52:36.842,0.0,3976.0,10240.0,24.03
2026/04/05 17:52:37.894,1.0,3976.0,10240.0,24.32
2026/04/05 17:52:38.945,1.0,3976.0,10240.0,24.36
2026/04/05 17:52:39.995,0.0,3976.0,10240.0,24.54
2026/04/05 17:52:41.046,0.0,3976.0,10240.0,24.39
2026/04/05 17:52:42.097,0.0,3976.0,10240.0,24.33
2026/04/05 17:52:43.146,0.0,3976.0,10240.0,24.21
2026/04/05 17:52:44.195,0.0,3976.0,10240.0,23.88
2026/04/05 17:52:45.244,0.0,3976.0,10240.0,24.2
2026/04/05 17:52:46.296,0.0,3976.0,10240.0,24.42
2026/04/05 17:52:47.347,0.0,3976.0,10240.0,24.36
2026/04/05 17:52:48.403,0.0,3976.0,10240.0,24.46
2026/04/05 17:52:49.454,0.0,3976.0,10240.0,24.63
2026/04/05 17:52:50.502,0.0,3976.0,10240.0,24.65
2026/04/05 17:52:51.549,0.0,3976.0,10240.0,24.2
2026/04/05 17:52:52.598,0.0,3976.0,10240.0,24.15
2026/04/05 17:52:53.648,0.0,3976.0,10240.0,24.3
2026/04/05 17:52:54.702,0.0,3976.0,10240.0,24.67
2026/04/05 17:52:55.762,0.0,3976.0,10240.0,24.81
2026/04/05 17:52:56.819,4.0,3976.0,10240.0,24.71
2026/04/05 17:52:57.874,4.0,3976.0,10240.0,24.43
2026/04/05 17:52:58.925,4.0,3976.0,10240.0,24.19
2026/04/05 17:52:59.979,4.0,3976.0,10240.0,24.21
2026/04/05 17:53:01.027,0.0,3976.0,10240.0,24.53
2026/04/05 17:53:02.073,0.0,3976.0,10240.0,24.34
2026/04/05 17:53:03.120,0.0,3976.0,10240.0,24.36
2026/04/05 17:53:04.170,0.0,3980.0,10240.0,24.25
2026/04/05 17:53:05.219,5.0,3975.0,10240.0,26.29
2026/04/05 17:53:06.267,0.0,3976.0,10240.0,25.21
2026/04/05 17:53:07.318,0.0,3976.0,10240.0,24.68
2026/04/05 17:53:08.367,0.0,3976.0,10240.0,24.77
2026/04/05 17:53:09.419,0.0,3976.0,10240.0,24.64
2026/04/05 17:53:10.471,0.0,3976.0,10240.0,24.63
2026/04/05 17:53:11.521,0.0,3976.0,10240.0,24.48
2026/04/05 17:53:12.570,0.0,3976.0,10240.0,24.36
2026/04/05 17:53:13.618,0.0,3976.0,10240.0,24.1
2026/04/05 17:53:14.669,0.0,3976.0,10240.0,24.35
2026/04/05 17:53:15.717,0.0,3976.0,10240.0,24.75
2026/04/05 17:53:16.773,0.0,3976.0,10240.0,24.84
2026/04/05 17:53:17.824,4.0,3976.0,10240.0,24.8
2026/04/05 17:53:18.873,4.0,3976.0,10240.0,25.08
2026/04/05 17:53:19.921,5.0,3976.0,10240.0,24.53
2026/04/05 17:53:20.969,4.0,3976.0,10240.0,24.34
2026/04/05 17:53:22.017,0.0,3976.0,10240.0,23.99
2026/04/05 17:53:23.065,0.0,3976.0,10240.0,24.22
2026/04/05 17:53:24.112,0.0,3976.0,10240.0,24.39
2026/04/05 17:53:25.159,0.0,3976.0,10240.0,24.35
2026/04/05 17:53:26.206,0.0,3976.0,10240.0,24.43
2026/04/05 17:53:27.252,0.0,3976.0,10240.0,24.16
2026/04/05 17:53:28.297,0.0,3976.0,10240.0,23.98
2026/04/05 17:53:29.346,0.0,3976.0,10240.0,23.96
2026/04/05 17:53:30.387,0.0,3976.0,10240.0,24.11
2026/04/05 17:53:31.431,0.0,3976.0,10240.0,24.51
2026/04/05 17:53:32.480,0.0,3976.0,10240.0,24.39
2026/04/05 17:53:33.526,0.0,3976.0,10240.0,24.52
2026/04/05 17:53:34.579,0.0,3976.0,10240.0,24.52
2026/04/05 17:53:35.630,1.0,3976.0,10240.0,24.16
2026/04/05 17:53:36.678,0.0,3976.0,10240.0,24.07
2026/04/05 17:53:37.732,0.0,3976.0,10240.0,24.43
2026/04/05 17:53:38.781,0.0,3976.0,10240.0,24.75
2026/04/05 17:53:39.830,8.0,3975.0,10240.0,25.84
2026/04/05 17:53:40.878,4.0,3976.0,10240.0,25.77
2026/04/05 17:53:41.930,1.0,3976.0,10240.0,24.39
2026/04/05 17:53:42.981,3.0,3976.0,10240.0,24.37
2026/04/05 17:53:44.034,3.0,3976.0,10240.0,24.26
2026/04/05 17:53:45.087,2.0,3976.0,10240.0,24.13
2026/04/05 17:53:46.137,2.0,3976.0,10240.0,24.53
2026/04/05 17:53:47.186,3.0,3976.0,10240.0,24.37
2026/04/05 17:53:48.237,0.0,3975.0,10240.0,24.66
2026/04/05 17:53:49.289,0.0,3975.0,10240.0,24.41
2026/04/05 17:53:50.341,0.0,3975.0,10240.0,24.17
2026/04/05 17:53:51.391,0.0,3975.0,10240.0,24.18
2026/04/05 17:53:52.438,0.0,3975.0,10240.0,24.27
2026/04/05 17:53:53.493,0.0,3975.0,10240.0,24.44
2026/04/05 17:53:54.546,0.0,3975.0,10240.0,24.48
2026/04/05 17:53:55.608,0.0,3975.0,10240.0,24.19
2026/04/05 17:53:56.664,0.0,3975.0,10240.0,24.34
2026/04/05 17:53:57.719,0.0,3975.0,10240.0,24.24
2026/04/05 17:53:58.771,0.0,3975.0,10240.0,24.22
2026/04/05 17:53:59.826,0.0,3975.0,10240.0,24.2
2026/04/05 17:54:00.884,1.0,3975.0,10240.0,24.93
2026/04/05 17:54:01.941,0.0,3975.0,10240.0,24.61
2026/04/05 17:54:02.993,4.0,3975.0,10240.0,24.68
2026/04/05 17:54:04.042,4.0,3968.0,10240.0,24.73
2026/04/05 17:54:05.090,4.0,3968.0,10240.0,24.56
2026/04/05 17:54:06.140,4.0,3968.0,10240.0,24.63
2026/04/05 17:54:07.189,0.0,3968.0,10240.0,24.62
2026/04/05 17:54:08.238,0.0,3968.0,10240.0,24.92
2026/04/05 17:54:09.283,0.0,3968.0,10240.0,24.75
2026/04/05 17:54:10.331,0.0,3968.0,10240.0,24.46
2026/04/05 17:54:11.378,0.0,3968.0,10240.0,24.66
2026/04/05 17:54:12.424,0.0,3968.0,10240.0,24.39
2026/04/05 17:54:13.469,0.0,3968.0,10240.0,24.09
2026/04/05 17:54:14.517,0.0,3968.0,10240.0,24.27
2026/04/05 17:54:15.567,4.0,3967.0,10240.0,26.54
2026/04/05 17:54:16.618,0.0,3968.0,10240.0,25.81
2026/04/05 17:54:17.668,0.0,3968.0,10240.0,24.51
2026/04/05 17:54:18.719,0.0,3968.0,10240.0,24.79
2026/04/05 17:54:19.769,0.0,3968.0,10240.0,24.68
2026/04/05 17:54:20.822,0.0,3968.0,10240.0,24.24
2026/04/05 17:54:21.872,0.0,3968.0,10240.0,24.71
2026/04/05 17:54:22.926,0.0,3968.0,10240.0,24.66
2026/04/05 17:54:23.982,1.0,3968.0,10240.0,24.5
2026/04/05 17:54:25.034,1.0,3968.0,10240.0,24.69
2026/04/05 17:54:26.082,5.0,3968.0,10240.0,24.91
2026/04/05 17:54:27.127,1.0,3968.0,10240.0,24.65
2026/04/05 17:54:28.175,1.0,3968.0,10240.0,24.31
2026/04/05 17:54:29.221,4.0,3968.0,10240.0,24.32
2026/04/05 17:54:30.268,4.0,3968.0,10240.0,24.46
2026/04/05 17:54:31.314,6.0,3968.0,10240.0,24.75
2026/04/05 17:54:32.359,4.0,3968.0,10240.0,24.47
2026/04/05 17:54:33.406,0.0,3968.0,10240.0,24.55
2026/04/05 17:54:34.453,0.0,3968.0,10240.0,24.4
2026/04/05 17:54:35.500,0.0,3968.0,10240.0,24.22
2026/04/05 17:54:36.547,0.0,3968.0,10240.0,24.6
2026/04/05 17:54:37.597,0.0,3968.0,10240.0,24.45
2026/04/05 17:54:38.643,0.0,3968.0,10240.0,24.7
2026/04/05 17:54:39.689,0.0,3964.0,10240.0,24.53
2026/04/05 17:54:40.735,0.0,3964.0,10240.0,24.42
2026/04/05 17:54:41.785,0.0,3964.0,10240.0,24.29
2026/04/05 17:54:42.835,0.0,3964.0,10240.0,23.99
2026/04/05 17:54:43.883,0.0,3964.0,10240.0,24.14
2026/04/05 17:54:44.937,0.0,3964.0,10240.0,24.13
2026/04/05 17:54:45.988,0.0,3964.0,10240.0,24.24
2026/04/05 17:54:47.040,0.0,3964.0,10240.0,24.28
2026/04/05 17:54:48.093,4.0,3963.0,10240.0,26.23
2026/04/05 17:54:49.146,1.0,3964.0,10240.0,25.39
2026/04/05 17:54:50.195,3.0,3964.0,10240.0,24.54
2026/04/05 17:54:51.238,2.0,3964.0,10240.0,24.7
2026/04/05 17:54:52.288,2.0,3964.0,10240.0,24.82
2026/04/05 17:54:53.344,1.0,3964.0,10240.0,24.42
2026/04/05 17:54:54.398,4.0,3964.0,10240.0,24.47
2026/04/05 17:54:55.453,4.0,3964.0,10240.0,24.35
2026/04/05 17:54:56.507,5.0,3964.0,10240.0,24.31
2026/04/05 17:54:57.564,3.0,3964.0,10240.0,24.25
2026/04/05 17:54:58.616,0.0,3964.0,10240.0,24.17
2026/04/05 17:54:59.668,0.0,3964.0,10240.0,24.44
2026/04/05 17:55:00.719,0.0,3964.0,10240.0,24.42
2026/04/05 17:55:01.769,0.0,3964.0,10240.0,24.47
2026/04/05 17:55:02.820,0.0,3964.0,10240.0,24.45
2026/04/05 17:55:03.868,0.0,3964.0,10240.0,24.44
2026/04/05 17:55:04.925,0.0,3964.0,10240.0,24.39
2026/04/05 17:55:05.978,0.0,3964.0,10240.0,24.44
2026/04/05 17:55:07.030,0.0,3964.0,10240.0,24.51
2026/04/05 17:55:08.081,0.0,3964.0,10240.0,24.75
2026/04/05 17:55:09.133,0.0,3964.0,10240.0,24.57
2026/04/05 17:55:10.186,0.0,3964.0,10240.0,24.38
2026/04/05 17:55:11.241,0.0,3964.0,10240.0,24.15
2026/04/05 17:55:12.295,0.0,3964.0,10240.0,24.4
2026/04/05 17:55:13.346,0.0,3964.0,10240.0,24.32
2026/04/05 17:55:14.401,4.0,3964.0,10240.0,24.5
2026/04/05 17:55:15.454,4.0,3964.0,10240.0,24.52
2026/04/05 17:55:16.499,4.0,3964.0,10240.0,24.42
2026/04/05 17:55:17.549,4.0,3964.0,10240.0,24.72
2026/04/05 17:55:18.605,0.0,3964.0,10240.0,24.36
2026/04/05 17:55:19.656,0.0,3964.0,10240.0,24.46
2026/04/05 17:55:20.713,0.0,3964.0,10240.0,24.35
2026/04/05 17:55:21.764,0.0,3964.0,10240.0,24.64
2026/04/05 17:55:22.816,4.0,3963.0,10240.0,25.59
2026/04/05 17:55:23.866,1.0,3964.0,10240.0,25.57
2026/04/05 17:55:24.917,0.0,3964.0,10240.0,24.33
2026/04/05 17:55:25.968,0.0,3964.0,10240.0,24.33
2026/04/05 17:55:27.018,0.0,3964.0,10240.0,24.25
2026/04/05 17:55:28.071,0.0,3964.0,10240.0,24.29
2026/04/05 17:55:29.123,0.0,3964.0,10240.0,24.32
2026/04/05 17:55:30.174,0.0,3964.0,10240.0,24.6
2026/04/05 17:55:31.222,0.0,3964.0,10240.0,24.56
2026/04/05 17:55:32.275,0.0,3964.0,10240.0,24.6
2026/04/05 17:55:33.327,0.0,3964.0,10240.0,24.48
2026/04/05 17:55:34.383,2.0,3964.0,10240.0,24.65
2026/04/05 17:55:35.434,1.0,3964.0,10240.0,24.46
2026/04/05 17:55:36.485,1.0,3964.0,10240.0,24.6
2026/04/05 17:55:37.540,3.0,3969.0,10240.0,25.09
2026/04/05 17:55:38.595,2.0,3961.0,10240.0,25.44
2026/04/05 17:55:39.644,3.0,3961.0,10240.0,24.64
2026/04/05 17:55:40.693,3.0,3956.0,10240.0,24.57
2026/04/05 17:55:41.735,3.0,3956.0,10240.0,24.17
2026/04/05 17:55:42.781,0.0,3955.0,10240.0,24.36
2026/04/05 17:55:43.829,0.0,3955.0,10240.0,24.26
2026/04/05 17:55:44.877,0.0,3955.0,10240.0,24.45
2026/04/05 17:55:45.925,0.0,3955.0,10240.0,24.74
2026/04/05 17:55:46.975,1.0,3955.0,10240.0,24.62
2026/04/05 17:55:48.025,0.0,3955.0,10240.0,24.62
2026/04/05 17:55:49.071,0.0,3955.0,10240.0,24.35
2026/04/05 17:55:50.117,0.0,3955.0,10240.0,24.23
2026/04/05 17:55:51.165,0.0,3955.0,10240.0,24.45
2026/04/05 17:55:52.212,0.0,3955.0,10240.0,24.52
2026/04/05 17:55:53.258,0.0,3955.0,10240.0,24.45
2026/04/05 17:55:54.304,0.0,3955.0,10240.0,24.19
2026/04/05 17:55:55.352,0.0,3955.0,10240.0,24.2
2026/04/05 17:55:56.402,4.0,3954.0,10240.0,25.58
2026/04/05 17:55:57.450,1.0,3955.0,10240.0,25.93
2026/04/05 17:55:58.496,0.0,3955.0,10240.0,24.22
2026/04/05 17:55:59.546,0.0,3955.0,10240.0,24.58
2026/04/05 17:56:00.599,4.0,3955.0,10240.0,24.75
2026/04/05 17:56:01.647,4.0,3955.0,10240.0,24.58
2026/04/05 17:56:02.698,4.0,3955.0,10240.0,24.47
2026/04/05 17:56:03.747,0.0,3955.0,10240.0,24.3
2026/04/05 17:56:04.793,0.0,3955.0,10240.0,24.08
2026/04/05 17:56:05.842,0.0,3955.0,10240.0,24.11
2026/04/05 17:56:06.890,0.0,3955.0,10240.0,24.17
2026/04/05 17:56:07.939,1.0,3955.0,10240.0,24.81
2026/04/05 17:56:08.988,0.0,3955.0,10240.0,24.41
2026/04/05 17:56:10.033,0.0,3955.0,10240.0,24.7
2026/04/05 17:56:11.081,0.0,3955.0,10240.0,24.37
2026/04/05 17:56:12.128,0.0,3955.0,10240.0,24.22
2026/04/05 17:56:13.176,0.0,3955.0,10240.0,24.49
2026/04/05 17:56:14.224,0.0,3955.0,10240.0,24.42
2026/04/05 17:56:15.274,0.0,3955.0,10240.0,24.61
2026/04/05 17:56:16.324,0.0,3955.0,10240.0,24.71
2026/04/05 17:56:17.371,0.0,3955.0,10240.0,24.82
2026/04/05 17:56:18.422,0.0,3955.0,10240.0,24.6
2026/04/05 17:56:19.472,0.0,3955.0,10240.0,24.34
2026/04/05 17:56:20.520,0.0,3955.0,10240.0,24.52
2026/04/05 17:56:21.566,4.0,3955.0,10240.0,24.89
2026/04/05 17:56:22.615,4.0,3955.0,10240.0,24.9
2026/04/05 17:56:23.668,3.0,3955.0,10240.0,24.72
2026/04/05 17:56:24.716,4.0,3955.0,10240.0,24.6
2026/04/05 17:56:25.763,0.0,3955.0,10240.0,24.44
2026/04/05 17:56:26.809,1.0,3955.0,10240.0,24.1
2026/04/05 17:56:27.858,2.0,3955.0,10240.0,24.3
2026/04/05 17:56:28.904,2.0,3955.0,10240.0,24.53
2026/04/05 17:56:29.952,3.0,3959.0,10240.0,24.95
2026/04/05 17:56:30.999,4.0,3954.0,10240.0,26.91
2026/04/05 17:56:32.047,0.0,3955.0,10240.0,24.77
2026/04/05 17:56:33.097,0.0,3955.0,10240.0,24.58
2026/04/05 17:56:34.147,0.0,3955.0,10240.0,24.48
2026/04/05 17:56:35.197,0.0,3955.0,10240.0,24.21
2026/04/05 17:56:36.249,0.0,3955.0,10240.0,24.44
2026/04/05 17:56:37.293,0.0,3955.0,10240.0,24.54
2026/04/05 17:56:38.338,0.0,3955.0,10240.0,24.83
2026/04/05 17:56:39.383,1.0,3955.0,10240.0,24.42
2026/04/05 17:56:40.432,0.0,3955.0,10240.0,24.42
2026/04/05 17:56:41.483,0.0,3955.0,10240.0,24.06
2026/04/05 17:56:42.536,0.0,3955.0,10240.0,24.05
2026/04/05 17:56:43.590,0.0,3955.0,10240.0,24.13
2026/04/05 17:56:44.640,0.0,3955.0,10240.0,24.22
2026/04/05 17:56:45.694,0.0,3955.0,10240.0,24.55
2026/04/05 17:56:46.741,4.0,3955.0,10240.0,24.48
2026/04/05 17:56:47.793,3.0,3955.0,10240.0,24.6
2026/04/05 17:56:48.842,4.0,3955.0,10240.0,24.43
2026/04/05 17:56:49.889,4.0,3955.0,10240.0,24.33
2026/04/05 17:56:50.938,0.0,3955.0,10240.0,24.22
2026/04/05 17:56:51.990,0.0,3955.0,10240.0,24.3
2026/04/05 17:56:53.042,0.0,3955.0,10240.0,24.5
2026/04/05 17:56:54.103,0.0,3955.0,10240.0,24.31
2026/04/05 17:56:55.151,0.0,3955.0,10240.0,24.19
2026/04/05 17:56:56.199,0.0,3955.0,10240.0,24.18
2026/04/05 17:56:57.246,0.0,3955.0,10240.0,23.92
2026/04/05 17:56:58.296,0.0,3955.0,10240.0,24.19
2026/04/05 17:56:59.347,0.0,3955.0,10240.0,24.55
2026/04/05 17:57:00.397,1.0,3955.0,10240.0,24.67
2026/04/05 17:57:01.443,0.0,3955.0,10240.0,24.52
2026/04/05 17:57:02.491,0.0,3955.0,10240.0,24.75
2026/04/05 17:57:03.537,4.0,3958.0,10240.0,25.72
2026/04/05 17:57:04.584,1.0,3955.0,10240.0,26.18
2026/04/05 17:57:05.630,0.0,3955.0,10240.0,24.68
2026/04/05 17:57:06.679,0.0,3955.0,10240.0,24.57
2026/04/05 17:57:07.736,4.0,3955.0,10240.0,24.91
2026/04/05 17:57:08.790,1.0,3955.0,10240.0,24.6
2026/04/05 17:57:09.840,1.0,3955.0,10240.0,24.61
2026/04/05 17:57:10.890,1.0,3955.0,10240.0,24.41
2026/04/05 17:57:11.939,3.0,3955.0,10240.0,24.29
2026/04/05 17:57:12.989,3.0,3955.0,10240.0,24.31
2026/04/05 17:57:14.037,3.0,3955.0,10240.0,24.35
2026/04/05 17:57:15.086,3.0,3955.0,10240.0,24.58
2026/04/05 17:57:16.136,0.0,3955.0,10240.0,24.59
2026/04/05 17:57:17.184,0.0,3955.0,10240.0,24.75
2026/04/05 17:57:18.234,0.0,3955.0,10240.0,24.66
2026/04/05 17:57:19.280,0.0,3955.0,10240.0,24.3
2026/04/05 17:57:20.331,0.0,3955.0,10240.0,24.41
2026/04/05 17:57:21.380,0.0,3955.0,10240.0,24.51
2026/04/05 17:57:22.429,0.0,3955.0,10240.0,24.55
2026/04/05 17:57:23.477,0.0,3955.0,10240.0,24.46
2026/04/05 17:57:24.525,0.0,3955.0,10240.0,24.47
2026/04/05 17:57:25.574,0.0,3955.0,10240.0,24.22
2026/04/05 17:57:26.621,0.0,3955.0,10240.0,24.33
2026/04/05 17:57:27.669,0.0,3955.0,10240.0,24.55
2026/04/05 17:57:28.717,0.0,3955.0,10240.0,24.5
2026/04/05 17:57:29.769,0.0,3956.0,10240.0,24.6
2026/04/05 17:57:30.823,0.0,3956.0,10240.0,24.34
2026/04/05 17:57:31.876,0.0,3956.0,10240.0,24.73
2026/04/05 17:57:32.926,3.0,3956.0,10240.0,24.92
2026/04/05 17:57:33.978,1.0,3956.0,10240.0,24.7
2026/04/05 17:57:35.026,2.0,3956.0,10240.0,24.64
2026/04/05 17:57:36.076,2.0,3956.0,10240.0,24.51
2026/04/05 17:57:37.125,2.0,3956.0,10240.0,24.33
2026/04/05 17:57:38.172,6.0,3955.0,10240.0,26.12
2026/04/05 17:57:39.220,3.0,3956.0,10240.0,25.07
2026/04/05 17:57:40.269,3.0,3956.0,10240.0,24.6
2026/04/05 17:57:41.322,0.0,3956.0,10240.0,24.28
2026/04/05 17:57:42.374,0.0,3956.0,10240.0,24.38
2026/04/05 17:57:43.429,0.0,3956.0,10240.0,24.58
2026/04/05 17:57:44.484,0.0,3956.0,10240.0,24.7
2026/04/05 17:57:45.539,0.0,3956.0,10240.0,24.55
2026/04/05 17:57:46.593,0.0,3956.0,10240.0,24.5
2026/04/05 17:57:47.647,0.0,3956.0,10240.0,24.42
2026/04/05 17:57:48.700,0.0,3956.0,10240.0,24.43
2026/04/05 17:57:49.752,0.0,3956.0,10240.0,24.27
2026/04/05 17:57:50.804,0.0,3956.0,10240.0,24.32
2026/04/05 17:57:51.856,0.0,3956.0,10240.0,24.4
2026/04/05 17:57:52.910,0.0,3956.0,10240.0,24.65
2026/04/05 17:57:53.964,0.0,3956.0,10240.0,24.57
2026/04/05 17:57:55.012,0.0,3956.0,10240.0,24.7
2026/04/05 17:57:56.060,0.0,3956.0,10240.0,24.54
2026/04/05 17:57:57.110,0.0,3956.0,10240.0,24.3
2026/04/05 17:57:58.156,4.0,3956.0,10240.0,24.43
2026/04/05 17:57:59.203,4.0,3956.0,10240.0,24.69
2026/04/05 17:58:00.248,4.0,3956.0,10240.0,24.58
2026/04/05 17:58:01.295,4.0,3956.0,10240.0,24.61
2026/04/05 17:58:02.344,0.0,3956.0,10240.0,24.57
2026/04/05 17:58:03.391,2.0,3956.0,10240.0,24.75
2026/04/05 17:58:04.437,0.0,3956.0,10240.0,24.48
2026/04/05 17:58:05.485,0.0,3956.0,10240.0,24.58
2026/04/05 17:58:06.531,0.0,3956.0,10240.0,24.86
2026/04/05 17:58:07.579,1.0,3956.0,10240.0,24.93
2026/04/05 17:58:08.627,0.0,3956.0,10240.0,25.15
2026/04/05 17:58:09.673,1.0,3956.0,10240.0,24.71
2026/04/05 17:58:10.721,0.0,3956.0,10240.0,24.35
2026/04/05 17:58:11.772,4.0,3955.0,10240.0,26.66
2026/04/05 17:58:12.823,0.0,3956.0,10240.0,25.32
2026/04/05 17:58:13.871,0.0,3956.0,10240.0,24.79
2026/04/05 17:58:14.925,0.0,3956.0,10240.0,24.67
2026/04/05 17:58:15.979,0.0,3956.0,10240.0,24.57
2026/04/05 17:58:17.029,0.0,3956.0,10240.0,24.68
2026/04/05 17:58:18.080,0.0,3956.0,10240.0,24.45
2026/04/05 17:58:19.128,4.0,3956.0,10240.0,24.48
2026/04/05 17:58:20.181,4.0,3956.0,10240.0,24.62
2026/04/05 17:58:21.233,4.0,3956.0,10240.0,24.57
2026/04/05 17:58:22.281,4.0,3956.0,10240.0,24.46
2026/04/05 17:58:23.330,0.0,3956.0,10240.0,24.43
2026/04/05 17:58:24.378,0.0,3956.0,10240.0,24.54
2026/04/05 17:58:25.427,0.0,3956.0,10240.0,24.26
2026/04/05 17:58:26.478,0.0,3956.0,10240.0,24.31
2026/04/05 17:58:27.531,0.0,3956.0,10240.0,24.4
2026/04/05 17:58:28.578,1.0,3956.0,10240.0,24.59
2026/04/05 17:58:29.627,0.0,3956.0,10240.0,24.74
2026/04/05 17:58:30.675,0.0,3956.0,10240.0,24.66
2026/04/05 17:58:31.722,0.0,3956.0,10240.0,24.55
2026/04/05 17:58:32.769,0.0,3956.0,10240.0,24.53
2026/04/05 17:58:33.817,0.0,3956.0,10240.0,24.44
2026/04/05 17:58:34.866,0.0,3956.0,10240.0,24.59
2026/04/05 17:58:35.914,0.0,3956.0,10240.0,24.57
2026/04/05 17:58:36.965,0.0,3956.0,10240.0,24.45
2026/04/05 17:58:38.021,1.0,3956.0,10240.0,24.88
2026/04/05 17:58:39.076,0.0,3956.0,10240.0,24.7
2026/04/05 17:58:40.123,4.0,3955.0,10240.0,24.97
2026/04/05 17:58:41.169,4.0,3955.0,10240.0,24.44
2026/04/05 17:58:42.216,4.0,3955.0,10240.0,24.5
2026/04/05 17:58:43.265,3.0,3955.0,10240.0,24.67
2026/04/05 17:58:44.313,0.0,3955.0,10240.0,24.92
2026/04/05 17:58:45.365,4.0,3954.0,10240.0,26.48
2026/04/05 17:58:46.414,1.0,3955.0,10240.0,25.87
2026/04/05 17:58:47.466,0.0,3955.0,10240.0,24.72
2026/04/05 17:58:48.519,0.0,3955.0,10240.0,24.62
2026/04/05 17:58:49.569,0.0,3955.0,10240.0,24.65
2026/04/05 17:58:50.621,0.0,3955.0,10240.0,24.71
2026/04/05 17:58:51.675,0.0,3955.0,10240.0,24.81
2026/04/05 17:58:52.726,0.0,3956.0,10240.0,24.63
2026/04/05 17:58:53.780,2.0,3956.0,10240.0,24.75
2026/04/05 17:58:54.834,0.0,3956.0,10240.0,24.71
2026/04/05 17:58:55.885,0.0,3956.0,10240.0,24.46
2026/04/05 17:58:56.941,0.0,3968.0,10240.0,24.59
2026/04/05 17:58:57.992,0.0,3968.0,10240.0,24.68
2026/04/05 17:58:59.049,1.0,3968.0,10240.0,24.99
2026/04/05 17:59:00.100,1.0,3968.0,10240.0,24.77
2026/04/05 17:59:01.151,1.0,3968.0,10240.0,25.06
2026/04/05 17:59:02.201,0.0,3968.0,10240.0,24.89
2026/04/05 17:59:03.250,0.0,3968.0,10240.0,24.8
2026/04/05 17:59:04.299,4.0,3968.0,10240.0,24.74
2026/04/05 17:59:05.350,4.0,3968.0,10240.0,24.64
2026/04/05 17:59:06.399,4.0,3968.0,10240.0,24.63
2026/04/05 17:59:07.449,4.0,3968.0,10240.0,24.43
2026/04/05 17:59:08.498,0.0,3968.0,10240.0,24.71
2026/04/05 17:59:09.547,0.0,3968.0,10240.0,24.6
2026/04/05 17:59:10.600,0.0,3968.0,10240.0,24.33
2026/04/05 17:59:11.652,0.0,3968.0,10240.0,24.31
2026/04/05 17:59:12.703,1.0,3968.0,10240.0,24.85
2026/04/05 17:59:13.754,0.0,3968.0,10240.0,25.0
2026/04/05 17:59:14.803,0.0,3968.0,10240.0,24.83
2026/04/05 17:59:15.854,0.0,3968.0,10240.0,24.84
2026/04/05 17:59:16.899,0.0,3968.0,10240.0,24.54
2026/04/05 17:59:17.951,0.0,3968.0,10240.0,24.38
2026/04/05 17:59:19.001,2.0,3972.0,10240.0,24.76
2026/04/05 17:59:20.049,4.0,3967.0,10240.0,26.38
2026/04/05 17:59:21.096,0.0,3968.0,10240.0,24.64
2026/04/05 17:59:22.146,0.0,3968.0,10240.0,24.43
2026/04/05 17:59:23.193,0.0,3968.0,10240.0,24.75
2026/04/05 17:59:24.246,2.0,3968.0,10240.0,24.63
2026/04/05 17:59:25.298,4.0,3968.0,10240.0,24.62
2026/04/05 17:59:26.352,4.0,3968.0,10240.0,24.33
2026/04/05 17:59:27.409,4.0,3968.0,10240.0,24.32
2026/04/05 17:59:28.457,4.0,3968.0,10240.0,24.59
2026/04/05 17:59:29.514,0.0,3968.0,10240.0,24.72
2026/04/05 17:59:30.567,0.0,3968.0,10240.0,24.8
2026/04/05 17:59:31.615,0.0,3968.0,10240.0,24.68
2026/04/05 17:59:32.664,0.0,3968.0,10240.0,24.56
2026/04/05 17:59:33.713,0.0,3968.0,10240.0,24.52
2026/04/05 17:59:34.758,0.0,3968.0,10240.0,24.64
2026/04/05 17:59:35.817,0.0,3968.0,10240.0,24.72
2026/04/05 17:59:36.876,0.0,3968.0,10240.0,24.82
2026/04/05 17:59:37.932,1.0,3968.0,10240.0,24.72
2026/04/05 17:59:38.989,0.0,3968.0,10240.0,24.62
2026/04/05 17:59:40.040,0.0,3968.0,10240.0,24.72
2026/04/05 17:59:41.090,0.0,3968.0,10240.0,24.22
2026/04/05 17:59:42.143,0.0,3968.0,10240.0,24.65
2026/04/05 17:59:43.192,0.0,3968.0,10240.0,24.78
2026/04/05 17:59:44.244,0.0,3968.0,10240.0,24.79
2026/04/05 17:59:45.307,0.0,3968.0,10240.0,24.99
2026/04/05 17:59:46.363,0.0,3968.0,10240.0,24.99
2026/04/05 17:59:47.416,0.0,3968.0,10240.0,25.08
2026/04/05 17:59:48.465,0.0,3968.0,10240.0,25.0
2026/04/05 17:59:49.513,4.0,3968.0,10240.0,24.9
2026/04/05 17:59:50.559,4.0,3968.0,10240.0,24.95
2026/04/05 17:59:51.607,3.0,3968.0,10240.0,24.85
2026/04/05 17:59:52.652,4.0,3968.0,10240.0,24.89
2026/04/05 17:59:53.701,4.0,3971.0,10240.0,25.55
2026/04/05 17:59:54.748,1.0,3968.0,10240.0,26.7
2026/04/05 17:59:55.793,0.0,3968.0,10240.0,24.58
2026/04/05 17:59:56.845,1.0,3968.0,10240.0,24.97
2026/04/05 17:59:57.898,0.0,3968.0,10240.0,24.69
2026/04/05 17:59:58.954,0.0,3968.0,10240.0,24.73
2026/04/05 18:00:00.007,1.0,3968.0,10240.0,25.03
2026/04/05 18:00:01.065,0.0,3968.0,10240.0,24.79
2026/04/05 18:00:02.118,0.0,3968.0,10240.0,24.66
2026/04/05 18:00:03.166,0.0,3968.0,10240.0,24.6
2026/04/05 18:00:04.213,0.0,3968.0,10240.0,24.85
2026/04/05 18:00:05.262,0.0,3968.0,10240.0,24.79
2026/04/05 18:00:06.309,0.0,3968.0,10240.0,24.74
2026/04/05 18:00:07.357,0.0,3968.0,10240.0,24.61
2026/04/05 18:00:08.409,0.0,3968.0,10240.0,24.99
2026/04/05 18:00:09.455,0.0,3968.0,10240.0,24.57
2026/04/05 18:00:10.497,4.0,3968.0,10240.0,24.43
2026/04/05 18:00:11.546,4.0,3968.0,10240.0,24.5
2026/04/05 18:00:12.592,3.0,3968.0,10240.0,24.4
2026/04/05 18:00:13.643,3.0,3968.0,10240.0,24.68
2026/04/05 18:00:14.694,2.0,3968.0,10240.0,24.65
2026/04/05 18:00:15.745,0.0,3968.0,10240.0,24.7
2026/04/05 18:00:16.797,0.0,3968.0,10240.0,24.74
2026/04/05 18:00:17.847,1.0,3968.0,10240.0,24.47
2026/04/05 18:00:18.897,0.0,3968.0,10240.0,24.65
2026/04/05 18:00:19.945,1.0,3968.0,10240.0,24.84
2026/04/05 18:00:20.992,0.0,3968.0,10240.0,24.84
2026/04/05 18:00:22.042,0.0,3968.0,10240.0,24.82
2026/04/05 18:00:23.089,0.0,3968.0,10240.0,24.79
2026/04/05 18:00:24.136,0.0,3968.0,10240.0,24.64
2026/04/05 18:00:25.181,0.0,3968.0,10240.0,24.66
2026/04/05 18:00:26.227,0.0,3972.0,10240.0,24.6
2026/04/05 18:00:27.273,4.0,3967.0,10240.0,26.92
2026/04/05 18:00:28.322,0.0,3968.0,10240.0,25.08
2026/04/05 18:00:29.370,0.0,3968.0,10240.0,24.64
2026/04/05 18:00:30.420,0.0,3968.0,10240.0,24.75
2026/04/05 18:00:31.474,0.0,3968.0,10240.0,24.69
2026/04/05 18:00:32.522,0.0,3968.0,10240.0,24.71
2026/04/05 18:00:33.569,0.0,3968.0,10240.0,24.8
2026/04/05 18:00:34.616,0.0,3968.0,10240.0,24.75
2026/04/05 18:00:35.667,4.0,3968.0,10240.0,24.69
2026/04/05 18:00:36.720,4.0,3968.0,10240.0,24.61
2026/04/05 18:00:37.768,4.0,3968.0,10240.0,24.8
2026/04/05 18:00:38.816,4.0,3968.0,10240.0,24.74
2026/04/05 18:00:39.868,2.0,3968.0,10240.0,24.6
2026/04/05 18:00:40.916,0.0,3968.0,10240.0,24.12
2026/04/05 18:00:41.969,0.0,3968.0,10240.0,24.56
2026/04/05 18:00:43.025,0.0,3975.0,10240.0,25.69
2026/04/05 18:00:44.075,0.0,3975.0,10240.0,24.62
2026/04/05 18:00:45.127,0.0,3974.0,10240.0,24.85
2026/04/05 18:00:46.177,0.0,3974.0,10240.0,24.69
2026/04/05 18:00:47.225,0.0,3974.0,10240.0,24.67
2026/04/05 18:00:48.274,0.0,3974.0,10240.0,24.62
2026/04/05 18:00:49.324,0.0,3974.0,10240.0,24.82
2026/04/05 18:00:50.374,0.0,3974.0,10240.0,24.92
2026/04/05 18:00:51.424,0.0,3974.0,10240.0,24.71
2026/04/05 18:00:52.474,0.0,3974.0,10240.0,24.48
2026/04/05 18:00:53.527,0.0,3974.0,10240.0,24.42
2026/04/05 18:00:54.581,0.0,3974.0,10240.0,24.32
2026/04/05 18:00:55.628,0.0,3974.0,10240.0,24.39
2026/04/05 18:00:56.678,0.0,3974.0,10240.0,24.62
2026/04/05 18:00:57.727,0.0,3974.0,10240.0,24.71
2026/04/05 18:00:58.776,0.0,3974.0,10240.0,25.12
2026/04/05 18:00:59.825,0.0,3974.0,10240.0,25.17
2026/04/05 18:01:00.872,4.0,3974.0,10240.0,24.88
2026/04/05 18:01:01.921,8.0,3973.0,10240.0,25.8
2026/04/05 18:01:02.969,5.0,3974.0,10240.0,25.75
2026/04/05 18:01:04.020,4.0,3974.0,10240.0,24.63
2026/04/05 18:01:05.067,2.0,3974.0,10240.0,24.82
2026/04/05 18:01:06.118,0.0,3974.0,10240.0,24.83
2026/04/05 18:01:07.173,0.0,3974.0,10240.0,24.64
2026/04/05 18:01:08.223,0.0,3974.0,10240.0,24.66
2026/04/05 18:01:09.274,0.0,3974.0,10240.0,24.32
2026/04/05 18:01:10.326,2.0,3973.0,10240.0,24.74
2026/04/05 18:01:11.377,0.0,3973.0,10240.0,24.5
2026/04/05 18:01:12.428,0.0,3973.0,10240.0,24.7
2026/04/05 18:01:13.476,0.0,3973.0,10240.0,24.65
2026/04/05 18:01:14.525,0.0,3973.0,10240.0,24.71
2026/04/05 18:01:15.574,0.0,3973.0,10240.0,24.84
2026/04/05 18:01:16.622,0.0,3973.0,10240.0,24.62
2026/04/05 18:01:17.670,0.0,3973.0,10240.0,24.59
2026/04/05 18:01:18.717,0.0,3973.0,10240.0,24.66
2026/04/05 18:01:19.763,0.0,3973.0,10240.0,24.61
2026/04/05 18:01:20.813,0.0,3973.0,10240.0,25.05
2026/04/05 18:01:21.863,1.0,3973.0,10240.0,25.0
2026/04/05 18:01:22.914,0.0,3973.0,10240.0,24.79
2026/04/05 18:01:23.964,0.0,3973.0,10240.0,24.98
2026/04/05 18:01:25.014,0.0,3973.0,10240.0,24.54
2026/04/05 18:01:26.060,4.0,3973.0,10240.0,24.82
2026/04/05 18:01:27.110,4.0,3973.0,10240.0,24.75
2026/04/05 18:01:28.161,4.0,3973.0,10240.0,24.77
2026/04/05 18:01:29.211,4.0,3973.0,10240.0,24.97
2026/04/05 18:01:30.260,0.0,3973.0,10240.0,25.05
2026/04/05 18:01:31.308,0.0,3973.0,10240.0,24.89
2026/04/05 18:01:32.354,0.0,3973.0,10240.0,24.64
2026/04/05 18:01:33.401,0.0,3973.0,10240.0,24.68
2026/04/05 18:01:34.447,3.0,3977.0,10240.0,25.1
2026/04/05 18:01:35.498,4.0,3972.0,10240.0,26.62
2026/04/05 18:01:36.547,0.0,3974.0,10240.0,25.44
2026/04/05 18:01:37.593,0.0,3974.0,10240.0,24.88
2026/04/05 18:01:38.641,0.0,3974.0,10240.0,24.85
2026/04/05 18:01:39.697,0.0,3974.0,10240.0,24.54
2026/04/05 18:01:40.749,0.0,3973.0,10240.0,24.92
2026/04/05 18:01:41.809,0.0,3973.0,10240.0,24.85
2026/04/05 18:01:42.867,0.0,3973.0,10240.0,24.79
2026/04/05 18:01:43.925,0.0,3973.0,10240.0,24.91
2026/04/05 18:01:44.984,0.0,3973.0,10240.0,24.76
2026/04/05 18:01:46.037,0.0,3973.0,10240.0,25.07
2026/04/05 18:01:47.091,3.0,3973.0,10240.0,24.78
2026/04/05 18:01:48.138,3.0,3973.0,10240.0,24.62
2026/04/05 18:01:49.187,3.0,3973.0,10240.0,24.79
2026/04/05 18:01:50.235,2.0,3973.0,10240.0,24.69
2026/04/05 18:01:51.284,2.0,3973.0,10240.0,24.97
2026/04/05 18:01:52.331,3.0,3973.0,10240.0,24.87
2026/04/05 18:01:53.383,4.0,3973.0,10240.0,24.61
2026/04/05 18:01:54.433,3.0,3973.0,10240.0,24.43
2026/04/05 18:01:55.482,0.0,3973.0,10240.0,24.45
2026/04/05 18:01:56.530,0.0,3973.0,10240.0,24.71
2026/04/05 18:01:57.577,0.0,3973.0,10240.0,24.6
2026/04/05 18:01:58.626,0.0,3973.0,10240.0,24.61
2026/04/05 18:01:59.674,0.0,3973.0,10240.0,24.53
2026/04/05 18:02:00.720,1.0,3973.0,10240.0,24.77
2026/04/05 18:02:01.776,0.0,3973.0,10240.0,24.52
2026/04/05 18:02:02.827,0.0,3973.0,10240.0,24.34
2026/04/05 18:02:03.876,0.0,3973.0,10240.0,24.32
2026/04/05 18:02:04.922,0.0,3972.0,10240.0,24.55
2026/04/05 18:02:05.972,2.0,3961.0,10240.0,24.74
2026/04/05 18:02:07.021,0.0,3961.0,10240.0,24.44
2026/04/05 18:02:08.070,0.0,3961.0,10240.0,24.8
2026/04/05 18:02:09.122,4.0,3960.0,10240.0,25.52
2026/04/05 18:02:10.169,1.0,3961.0,10240.0,26.15
2026/04/05 18:02:11.220,0.0,3961.0,10240.0,24.63
2026/04/05 18:02:12.269,4.0,3961.0,10240.0,25.09
2026/04/05 18:02:13.323,4.0,3961.0,10240.0,25.01
2026/04/05 18:02:14.375,4.0,3961.0,10240.0,24.7
2026/04/05 18:02:15.424,4.0,3961.0,10240.0,24.74
2026/04/05 18:02:16.472,0.0,3961.0,10240.0,24.79
2026/04/05 18:02:17.520,0.0,3961.0,10240.0,24.39
2026/04/05 18:02:18.567,0.0,3961.0,10240.0,24.72
2026/04/05 18:02:19.614,1.0,3961.0,10240.0,24.8
2026/04/05 18:02:20.664,0.0,3961.0,10240.0,24.72
2026/04/05 18:02:21.720,0.0,3961.0,10240.0,24.63
2026/04/05 18:02:22.767,0.0,3961.0,10240.0,24.4
2026/04/05 18:02:23.820,0.0,3961.0,10240.0,24.35
2026/04/05 18:02:24.870,0.0,3961.0,10240.0,24.31
2026/04/05 18:02:25.917,0.0,3961.0,10240.0,24.62
2026/04/05 18:02:26.964,0.0,3961.0,10240.0,24.71
2026/04/05 18:02:28.012,0.0,3961.0,10240.0,24.77
2026/04/05 18:02:29.059,0.0,3961.0,10240.0,24.59
2026/04/05 18:02:30.109,0.0,3961.0,10240.0,24.56
2026/04/05 18:02:31.159,1.0,3961.0,10240.0,24.64
2026/04/05 18:02:32.205,0.0,3961.0,10240.0,24.27
2026/04/05 18:02:33.253,0.0,3961.0,10240.0,24.43
2026/04/05 18:02:34.304,0.0,3961.0,10240.0,24.5
2026/04/05 18:02:35.352,0.0,3961.0,10240.0,24.79
2026/04/05 18:02:36.400,0.0,3961.0,10240.0,24.9
2026/04/05 18:02:37.448,4.0,3961.0,10240.0,24.5
2026/04/05 18:02:38.496,4.0,3961.0,10240.0,24.51
2026/04/05 18:02:39.544,4.0,3961.0,10240.0,24.1
2026/04/05 18:02:40.592,4.0,3960.0,10240.0,24.2
2026/04/05 18:02:41.639,4.0,3964.0,10240.0,25.15
2026/04/05 18:02:42.685,4.0,3960.0,10240.0,26.76
2026/04/05 18:02:43.732,0.0,3960.0,10240.0,24.78
2026/04/05 18:02:44.781,0.0,3960.0,10240.0,24.75
2026/04/05 18:02:45.830,0.0,3960.0,10240.0,24.55
2026/04/05 18:02:46.885,0.0,3960.0,10240.0,24.65
2026/04/05 18:02:47.937,0.0,3960.0,10240.0,24.58
2026/04/05 18:02:48.986,0.0,3960.0,10240.0,24.66
2026/04/05 18:02:50.037,0.0,3960.0,10240.0,24.61
2026/04/05 18:02:51.089,0.0,3960.0,10240.0,24.66
2026/04/05 18:02:52.146,0.0,3960.0,10240.0,24.72
2026/04/05 18:02:53.196,0.0,3960.0,10240.0,24.47
2026/04/05 18:02:54.244,0.0,3960.0,10240.0,24.31
2026/04/05 18:02:55.293,0.0,3960.0,10240.0,24.47
2026/04/05 18:02:56.343,1.0,3960.0,10240.0,24.67
2026/04/05 18:02:57.392,0.0,3960.0,10240.0,24.76
2026/04/05 18:02:58.440,0.0,3960.0,10240.0,24.63
2026/04/05 18:02:59.495,0.0,3960.0,10240.0,24.6
2026/04/05 18:03:00.550,1.0,3960.0,10240.0,25.09
2026/04/05 18:03:01.599,1.0,3960.0,10240.0,24.84
2026/04/05 18:03:02.646,4.0,3960.0,10240.0,24.48
2026/04/05 18:03:03.695,4.0,3960.0,10240.0,24.63
2026/04/05 18:03:04.742,4.0,3960.0,10240.0,24.56
2026/04/05 18:03:05.789,4.0,3960.0,10240.0,24.45
2026/04/05 18:03:06.836,0.0,3960.0,10240.0,24.71
2026/04/05 18:03:07.888,1.0,3960.0,10240.0,24.77
2026/04/05 18:03:08.944,0.0,3960.0,10240.0,24.38
2026/04/05 18:03:09.998,0.0,3960.0,10240.0,24.3
2026/04/05 18:03:11.047,0.0,3960.0,10240.0,24.58
2026/04/05 18:03:12.097,0.0,3960.0,10240.0,24.71
2026/04/05 18:03:13.144,0.0,3960.0,10240.0,24.62
2026/04/05 18:03:14.190,0.0,3960.0,10240.0,24.72
2026/04/05 18:03:15.240,0.0,3960.0,10240.0,24.61
2026/04/05 18:03:16.288,0.0,3960.0,10240.0,24.35
2026/04/05 18:03:17.336,4.0,3959.0,10240.0,26.13
2026/04/05 18:03:18.382,1.0,3960.0,10240.0,25.84
2026/04/05 18:03:19.430,0.0,3960.0,10240.0,24.45
2026/04/05 18:03:20.482,1.0,3960.0,10240.0,24.44
2026/04/05 18:03:21.533,0.0,3960.0,10240.0,24.63
2026/04/05 18:03:22.588,0.0,3960.0,10240.0,24.53
2026/04/05 18:03:23.643,3.0,3960.0,10240.0,24.52
2026/04/05 18:03:24.693,2.0,3960.0,10240.0,23.96
2026/04/05 18:03:25.743,1.0,3960.0,10240.0,24.49
2026/04/05 18:03:26.792,2.0,3960.0,10240.0,24.85
2026/04/05 18:03:27.842,4.0,3960.0,10240.0,24.64
2026/04/05 18:03:28.892,4.0,3960.0,10240.0,24.74
2026/04/05 18:03:29.941,4.0,3960.0,10240.0,24.69
2026/04/05 18:03:30.990,4.0,3960.0,10240.0,24.47
2026/04/05 18:03:32.038,0.0,3960.0,10240.0,24.27
2026/04/05 18:03:33.086,0.0,3960.0,10240.0,24.32
2026/04/05 18:03:34.134,0.0,3960.0,10240.0,24.45
2026/04/05 18:03:35.181,0.0,3960.0,10240.0,24.76
2026/04/05 18:03:36.230,0.0,3960.0,10240.0,24.61
2026/04/05 18:03:37.277,0.0,3960.0,10240.0,24.8
2026/04/05 18:03:38.326,0.0,3960.0,10240.0,24.55
2026/04/05 18:03:39.374,0.0,3960.0,10240.0,24.09
2026/04/05 18:03:40.421,0.0,3960.0,10240.0,24.52
2026/04/05 18:03:41.471,0.0,3960.0,10240.0,24.5
2026/04/05 18:03:42.518,0.0,3960.0,10240.0,24.6
2026/04/05 18:03:43.567,0.0,3960.0,10240.0,24.47
2026/04/05 18:03:44.618,0.0,3960.0,10240.0,24.62
2026/04/05 18:03:45.666,0.0,3960.0,10240.0,24.35
2026/04/05 18:03:46.716,0.0,3960.0,10240.0,24.46
2026/04/05 18:03:47.766,0.0,3960.0,10240.0,24.6
2026/04/05 18:03:48.815,4.0,3960.0,10240.0,24.82
2026/04/05 18:03:49.863,4.0,3961.0,10240.0,25.78
2026/04/05 18:03:50.912,8.0,3960.0,10240.0,25.67
2026/04/05 18:03:51.959,7.0,3960.0,10240.0,26.26
2026/04/05 18:03:53.007,0.0,3960.0,10240.0,24.33
2026/04/05 18:03:54.056,0.0,3960.0,10240.0,24.13
2026/04/05 18:03:55.108,0.0,3960.0,10240.0,24.21
2026/04/05 18:03:56.159,0.0,3960.0,10240.0,24.42
2026/04/05 18:03:57.207,0.0,3960.0,10240.0,24.46
2026/04/05 18:03:58.255,0.0,3960.0,10240.0,24.51
2026/04/05 18:03:59.303,0.0,3960.0,10240.0,24.65
2026/04/05 18:04:00.352,0.0,3960.0,10240.0,24.54
2026/04/05 18:04:01.402,0.0,3960.0,10240.0,24.47
2026/04/05 18:04:02.451,0.0,3960.0,10240.0,24.5
2026/04/05 18:04:03.503,0.0,3960.0,10240.0,24.69
2026/04/05 18:04:04.552,0.0,3960.0,10240.0,24.76
2026/04/05 18:04:05.606,0.0,3960.0,10240.0,24.63
2026/04/05 18:04:06.656,0.0,3960.0,10240.0,24.59
2026/04/05 18:04:07.711,1.0,3960.0,10240.0,24.72
2026/04/05 18:04:08.761,0.0,3961.0,10240.0,24.81
2026/04/05 18:04:09.817,0.0,3960.0,10240.0,24.61
2026/04/05 18:04:10.867,0.0,3960.0,10240.0,24.55
2026/04/05 18:04:11.917,0.0,3960.0,10240.0,24.91
2026/04/05 18:04:12.966,0.0,3960.0,10240.0,24.95
2026/04/05 18:04:14.017,4.0,3960.0,10240.0,24.65
2026/04/05 18:04:15.066,4.0,3960.0,10240.0,24.56
2026/04/05 18:04:16.114,4.0,3960.0,10240.0,24.36
2026/04/05 18:04:17.163,4.0,3960.0,10240.0,24.81
2026/04/05 18:04:18.216,0.0,3960.0,10240.0,24.39
2026/04/05 18:04:19.267,0.0,3960.0,10240.0,24.46
2026/04/05 18:04:20.314,0.0,3960.0,10240.0,24.54
2026/04/05 18:04:21.362,0.0,3960.0,10240.0,24.5
2026/04/05 18:04:22.411,0.0,3960.0,10240.0,24.58
2026/04/05 18:04:23.460,0.0,3960.0,10240.0,24.16
2026/04/05 18:04:24.514,0.0,3960.0,10240.0,24.4
2026/04/05 18:04:25.562,4.0,3959.0,10240.0,25.72
2026/04/05 18:04:26.611,0.0,3960.0,10240.0,26.36
2026/04/05 18:04:27.657,0.0,3960.0,10240.0,24.8
2026/04/05 18:04:28.707,0.0,3960.0,10240.0,24.71
2026/04/05 18:04:29.758,0.0,3960.0,10240.0,24.5
2026/04/05 18:04:30.811,0.0,3960.0,10240.0,24.16
2026/04/05 18:04:31.862,0.0,3960.0,10240.0,24.04
2026/04/05 18:04:32.913,0.0,3960.0,10240.0,24.61
2026/04/05 18:04:33.961,0.0,3960.0,10240.0,24.34
2026/04/05 18:04:35.011,0.0,3960.0,10240.0,24.39
2026/04/05 18:04:36.062,0.0,3960.0,10240.0,24.26
2026/04/05 18:04:37.118,0.0,3960.0,10240.0,24.42
2026/04/05 18:04:38.167,0.0,3961.0,10240.0,24.63
2026/04/05 18:04:39.218,4.0,3961.0,10240.0,24.11
2026/04/05 18:04:40.270,4.0,3961.0,10240.0,24.53
2026/04/05 18:04:41.318,4.0,3961.0,10240.0,24.37
2026/04/05 18:04:42.366,4.0,3961.0,10240.0,24.41
2026/04/05 18:04:43.413,0.0,3961.0,10240.0,24.38
2026/04/05 18:04:44.460,0.0,3961.0,10240.0,24.23
2026/04/05 18:04:45.507,0.0,3961.0,10240.0,24.18
2026/04/05 18:04:46.555,0.0,3961.0,10240.0,24.04
2026/04/05 18:04:47.603,0.0,3961.0,10240.0,24.25
2026/04/05 18:04:48.651,0.0,3961.0,10240.0,24.27
2026/04/05 18:04:49.699,1.0,3961.0,10240.0,24.33
2026/04/05 18:04:50.749,0.0,3961.0,10240.0,24.32
2026/04/05 18:04:51.797,0.0,3961.0,10240.0,24.24
2026/04/05 18:04:52.846,0.0,3961.0,10240.0,24.42
2026/04/05 18:04:53.896,0.0,3961.0,10240.0,24.05
2026/04/05 18:04:54.945,0.0,3961.0,10240.0,24.23
2026/04/05 18:04:55.998,0.0,3961.0,10240.0,24.61
2026/04/05 18:04:57.047,0.0,3961.0,10240.0,24.53
2026/04/05 18:04:58.100,0.0,3961.0,10240.0,24.64
2026/04/05 18:04:59.153,0.0,3964.0,10240.0,24.79
2026/04/05 18:05:00.203,4.0,3960.0,10240.0,26.57
2026/04/05 18:05:01.251,0.0,3961.0,10240.0,25.08
2026/04/05 18:05:02.300,0.0,3961.0,10240.0,24.89
2026/04/05 18:05:03.350,0.0,3961.0,10240.0,25.03
2026/04/05 18:05:04.405,4.0,3961.0,10240.0,24.56
2026/04/05 18:05:05.455,4.0,3961.0,10240.0,24.45
2026/04/05 18:05:06.507,4.0,3961.0,10240.0,24.5
2026/04/05 18:05:07.560,3.0,3961.0,10240.0,24.42
2026/04/05 18:05:08.615,0.0,3961.0,10240.0,24.54
2026/04/05 18:05:09.667,0.0,3961.0,10240.0,24.49
2026/04/05 18:05:10.718,0.0,3961.0,10240.0,24.66
2026/04/05 18:05:11.768,0.0,3961.0,10240.0,24.63
2026/04/05 18:05:12.819,0.0,3961.0,10240.0,24.69
2026/04/05 18:05:13.869,0.0,3961.0,10240.0,24.53
2026/04/05 18:05:14.918,0.0,3961.0,10240.0,24.6
2026/04/05 18:05:15.966,0.0,3961.0,10240.0,24.38
2026/04/05 18:05:17.017,0.0,3961.0,10240.0,24.67
2026/04/05 18:05:18.063,0.0,3961.0,10240.0,24.64
2026/04/05 18:05:19.116,0.0,3961.0,10240.0,24.41
2026/04/05 18:05:20.163,0.0,3961.0,10240.0,24.44
2026/04/05 18:05:21.214,0.0,3973.0,10240.0,24.54
2026/04/05 18:05:22.267,0.0,3973.0,10240.0,24.25
2026/04/05 18:05:23.317,0.0,3973.0,10240.0,24.71
2026/04/05 18:05:24.365,0.0,3973.0,10240.0,24.23
2026/04/05 18:05:25.413,4.0,3973.0,10240.0,24.55
2026/04/05 18:05:26.462,4.0,3973.0,10240.0,24.83
2026/04/05 18:05:27.515,4.0,3973.0,10240.0,24.42
2026/04/05 18:05:28.567,4.0,3973.0,10240.0,24.79
2026/04/05 18:05:29.618,0.0,3973.0,10240.0,24.43
2026/04/05 18:05:30.668,0.0,3973.0,10240.0,24.25
2026/04/05 18:05:31.716,0.0,3973.0,10240.0,24.46
2026/04/05 18:05:32.758,0.0,3973.0,10240.0,24.33
2026/04/05 18:05:33.805,0.0,3973.0,10240.0,24.52
2026/04/05 18:05:34.853,4.0,3972.0,10240.0,25.26
2026/04/05 18:05:35.903,0.0,3973.0,10240.0,25.79
2026/04/05 18:05:36.958,0.0,3973.0,10240.0,24.37
2026/04/05 18:05:38.007,2.0,3973.0,10240.0,24.3
2026/04/05 18:05:39.064,0.0,3973.0,10240.0,24.11
2026/04/05 18:05:40.118,0.0,3973.0,10240.0,24.39
2026/04/05 18:05:41.174,0.0,3973.0,10240.0,24.51
2026/04/05 18:05:42.224,0.0,3973.0,10240.0,24.47
2026/04/05 18:05:43.274,0.0,3973.0,10240.0,24.59
2026/04/05 18:05:44.326,0.0,3973.0,10240.0,24.45
2026/04/05 18:05:45.382,1.0,3973.0,10240.0,24.49
2026/04/05 18:05:46.439,1.0,3973.0,10240.0,24.54
2026/04/05 18:05:47.494,2.0,3973.0,10240.0,24.61
2026/04/05 18:05:48.546,1.0,3973.0,10240.0,24.79
2026/04/05 18:05:49.595,4.0,3973.0,10240.0,24.58
2026/04/05 18:05:50.642,4.0,3973.0,10240.0,24.53
2026/04/05 18:05:51.695,4.0,3973.0,10240.0,24.47
2026/04/05 18:05:52.745,4.0,3973.0,10240.0,24.18
2026/04/05 18:05:53.797,0.0,3973.0,10240.0,24.42
2026/04/05 18:05:54.851,0.0,3973.0,10240.0,24.52
2026/04/05 18:05:55.902,0.0,3973.0,10240.0,24.67
2026/04/05 18:05:56.950,0.0,3973.0,10240.0,24.49
2026/04/05 18:05:58.000,0.0,3973.0,10240.0,24.55
2026/04/05 18:05:59.048,0.0,3973.0,10240.0,24.6
2026/04/05 18:06:00.095,0.0,3973.0,10240.0,24.26
2026/04/05 18:06:01.141,0.0,3973.0,10240.0,24.54
2026/04/05 18:06:02.188,0.0,3973.0,10240.0,24.42
2026/04/05 18:06:03.236,1.0,3973.0,10240.0,24.73
2026/04/05 18:06:04.284,0.0,3973.0,10240.0,24.49
2026/04/05 18:06:05.332,0.0,3973.0,10240.0,24.51
2026/04/05 18:06:06.379,0.0,3973.0,10240.0,24.48
2026/04/05 18:06:07.427,4.0,3976.0,10240.0,24.75
2026/04/05 18:06:08.479,4.0,3973.0,10240.0,27.04
2026/04/05 18:06:09.529,0.0,3973.0,10240.0,24.7
2026/04/05 18:06:10.578,4.0,3973.0,10240.0,24.91
2026/04/05 18:06:11.626,4.0,3973.0,10240.0,24.91
2026/04/05 18:06:12.676,3.0,3973.0,10240.0,24.58
2026/04/05 18:06:13.725,3.0,3973.0,10240.0,24.84
2026/04/05 18:06:14.776,0.0,3973.0,10240.0,24.49
2026/04/05 18:06:15.826,1.0,3973.0,10240.0,24.59
2026/04/05 18:06:16.876,2.0,3973.0,10240.0,24.69
2026/04/05 18:06:17.927,3.0,3973.0,10240.0,24.62
2026/04/05 18:06:18.982,0.0,3973.0,10240.0,24.73
2026/04/05 18:06:20.034,0.0,3973.0,10240.0,24.68
2026/04/05 18:06:21.082,0.0,3973.0,10240.0,24.66
2026/04/05 18:06:22.134,0.0,3973.0,10240.0,24.31
2026/04/05 18:06:23.184,0.0,3973.0,10240.0,24.32
2026/04/05 18:06:24.237,0.0,3973.0,10240.0,24.73
2026/04/05 18:06:25.287,0.0,3973.0,10240.0,24.58
2026/04/05 18:06:26.340,0.0,3973.0,10240.0,24.6
2026/04/05 18:06:27.389,0.0,3973.0,10240.0,24.48
2026/04/05 18:06:28.436,2.0,3973.0,10240.0,24.65
2026/04/05 18:06:29.481,0.0,3973.0,10240.0,24.41
2026/04/05 18:06:30.527,0.0,3973.0,10240.0,24.7
2026/04/05 18:06:31.577,0.0,3973.0,10240.0,24.79
2026/04/05 18:06:32.627,0.0,3973.0,10240.0,24.76
2026/04/05 18:06:33.676,1.0,3973.0,10240.0,24.6
2026/04/05 18:06:34.726,0.0,3973.0,10240.0,24.64
2026/04/05 18:06:35.775,4.0,3973.0,10240.0,24.28
2026/04/05 18:06:36.825,4.0,3973.0,10240.0,24.17
2026/04/05 18:06:37.875,4.0,3973.0,10240.0,24.1
2026/04/05 18:06:38.925,4.0,3973.0,10240.0,24.56
2026/04/05 18:06:39.976,0.0,3973.0,10240.0,24.42
2026/04/05 18:06:41.027,0.0,3973.0,10240.0,24.46
2026/04/05 18:06:42.081,4.0,3972.0,10240.0,25.89
2026/04/05 18:06:43.132,0.0,3973.0,10240.0,25.88
2026/04/05 18:06:44.181,0.0,3973.0,10240.0,24.52
2026/04/05 18:06:45.231,0.0,3973.0,10240.0,24.31
2026/04/05 18:06:46.284,0.0,3973.0,10240.0,24.61
2026/04/05 18:06:47.339,0.0,3973.0,10240.0,24.7
2026/04/05 18:06:48.395,0.0,3973.0,10240.0,24.61
2026/04/05 18:06:49.446,0.0,3973.0,10240.0,24.66
2026/04/05 18:06:50.502,0.0,3973.0,10240.0,24.27
2026/04/05 18:06:51.555,0.0,3973.0,10240.0,24.38
2026/04/05 18:06:52.608,0.0,3973.0,10240.0,24.19
2026/04/05 18:06:53.662,0.0,3973.0,10240.0,24.56
2026/04/05 18:06:54.719,0.0,3973.0,10240.0,24.54
2026/04/05 18:06:55.775,3.0,3973.0,10240.0,24.88
2026/04/05 18:06:56.828,3.0,3973.0,10240.0,24.92
2026/04/05 18:06:57.882,4.0,3973.0,10240.0,24.73
2026/04/05 18:06:58.936,5.0,3973.0,10240.0,24.45
2026/04/05 18:06:59.987,1.0,3973.0,10240.0,24.23
2026/04/05 18:07:01.037,1.0,3973.0,10240.0,24.57
2026/04/05 18:07:02.089,0.0,3973.0,10240.0,24.59
2026/04/05 18:07:03.141,1.0,3973.0,10240.0,24.83
2026/04/05 18:07:04.193,0.0,3973.0,10240.0,24.7
2026/04/05 18:07:05.242,0.0,3973.0,10240.0,24.58
2026/04/05 18:07:06.292,0.0,3973.0,10240.0,24.47
2026/04/05 18:07:07.340,0.0,3973.0,10240.0,24.37
2026/04/05 18:07:08.390,0.0,3973.0,10240.0,24.98
2026/04/05 18:07:09.442,0.0,3973.0,10240.0,24.62
2026/04/05 18:07:10.492,0.0,3973.0,10240.0,24.78
2026/04/05 18:07:11.545,0.0,3973.0,10240.0,24.7
2026/04/05 18:07:12.596,0.0,3973.0,10240.0,24.82
2026/04/05 18:07:13.648,0.0,3973.0,10240.0,24.67
2026/04/05 18:07:14.703,0.0,3973.0,10240.0,24.56
2026/04/05 18:07:15.753,0.0,3973.0,10240.0,24.72
2026/04/05 18:07:16.801,4.0,3972.0,10240.0,25.75
2026/04/05 18:07:17.848,1.0,3973.0,10240.0,25.99
2026/04/05 18:07:18.897,0.0,3973.0,10240.0,24.76
2026/04/05 18:07:19.946,4.0,3973.0,10240.0,24.58
2026/04/05 18:07:20.999,5.0,3973.0,10240.0,24.1
2026/04/05 18:07:22.053,6.0,3972.0,10240.0,24.14
2026/04/05 18:07:23.112,4.0,3972.0,10240.0,24.26
2026/04/05 18:07:24.169,0.0,3972.0,10240.0,24.32
2026/04/05 18:07:25.221,0.0,3972.0,10240.0,24.43
2026/04/05 18:07:26.271,0.0,3972.0,10240.0,24.41
2026/04/05 18:07:27.321,0.0,3972.0,10240.0,24.54
2026/04/05 18:07:28.374,0.0,3972.0,10240.0,24.58
2026/04/05 18:07:29.424,0.0,3972.0,10240.0,24.41
2026/04/05 18:07:30.473,0.0,3972.0,10240.0,24.41
2026/04/05 18:07:31.520,0.0,3972.0,10240.0,24.44
2026/04/05 18:07:32.569,0.0,3972.0,10240.0,24.39
2026/04/05 18:07:33.619,0.0,3972.0,10240.0,24.28
2026/04/05 18:07:34.671,0.0,3972.0,10240.0,24.5
2026/04/05 18:07:35.721,0.0,3972.0,10240.0,24.2
2026/04/05 18:07:36.771,0.0,3972.0,10240.0,24.03
2026/04/05 18:07:37.820,0.0,3972.0,10240.0,24.32
2026/04/05 18:07:38.870,0.0,3972.0,10240.0,24.27
2026/04/05 18:07:39.917,0.0,3972.0,10240.0,24.61
2026/04/05 18:07:40.971,1.0,3972.0,10240.0,24.39
2026/04/05 18:07:42.022,0.0,3972.0,10240.0,24.49
2026/04/05 18:07:43.072,0.0,3972.0,10240.0,24.76
2026/04/05 18:07:44.114,0.0,3972.0,10240.0,24.21
2026/04/05 18:07:45.161,4.0,3972.0,10240.0,24.07
2026/04/05 18:07:46.210,4.0,3972.0,10240.0,24.32
2026/04/05 18:07:47.260,4.0,3972.0,10240.0,24.47
2026/04/05 18:07:48.309,4.0,3972.0,10240.0,24.54
2026/04/05 18:07:49.359,2.0,3972.0,10240.0,24.45
2026/04/05 18:07:50.407,0.0,3972.0,10240.0,24.27
2026/04/05 18:07:51.455,0.0,3972.0,10240.0,24.06
2026/04/05 18:07:52.506,4.0,3971.0,10240.0,25.68
2026/04/05 18:07:53.553,0.0,3972.0,10240.0,25.52
2026/04/05 18:07:54.604,0.0,3972.0,10240.0,24.4
2026/04/05 18:07:55.655,0.0,3972.0,10240.0,24.4
2026/04/05 18:07:56.707,0.0,3972.0,10240.0,24.57
2026/04/05 18:07:57.760,0.0,3972.0,10240.0,24.45
2026/04/05 18:07:58.817,0.0,3972.0,10240.0,24.14
2026/04/05 18:07:59.870,0.0,3972.0,10240.0,24.46
2026/04/05 18:08:00.921,0.0,3972.0,10240.0,24.59
2026/04/05 18:08:01.973,0.0,3972.0,10240.0,24.48
2026/04/05 18:08:03.023,0.0,3972.0,10240.0,24.64
2026/04/05 18:08:04.073,0.0,3972.0,10240.0,24.32
2026/04/05 18:08:05.123,4.0,3972.0,10240.0,24.56
2026/04/05 18:08:06.170,4.0,3972.0,10240.0,24.41
2026/04/05 18:08:07.217,4.0,3972.0,10240.0,24.18
2026/04/05 18:08:08.265,4.0,3972.0,10240.0,24.69
2026/04/05 18:08:09.314,4.0,3972.0,10240.0,24.46
2026/04/05 18:08:10.364,1.0,3972.0,10240.0,24.64
2026/04/05 18:08:11.413,2.0,3972.0,10240.0,24.59
2026/04/05 18:08:12.460,2.0,3972.0,10240.0,24.57
2026/04/05 18:08:13.507,2.0,3972.0,10240.0,24.35
2026/04/05 18:08:14.556,1.0,3972.0,10240.0,24.24
2026/04/05 18:08:15.605,0.0,3972.0,10240.0,24.45
2026/04/05 18:08:16.652,0.0,3972.0,10240.0,24.51
2026/04/05 18:08:17.698,0.0,3972.0,10240.0,24.45
2026/04/05 18:08:18.745,0.0,3972.0,10240.0,24.34
2026/04/05 18:08:19.792,0.0,3972.0,10240.0,24.36
2026/04/05 18:08:20.840,0.0,3972.0,10240.0,24.08
2026/04/05 18:08:21.887,0.0,3972.0,10240.0,24.03
2026/04/05 18:08:22.936,0.0,3972.0,10240.0,24.38
2026/04/05 18:08:23.986,0.0,3972.0,10240.0,24.48
2026/04/05 18:08:25.034,0.0,3976.0,10240.0,24.65
2026/04/05 18:08:26.082,4.0,3971.0,10240.0,26.81
2026/04/05 18:08:27.135,0.0,3972.0,10240.0,25.03
2026/04/05 18:08:28.181,0.0,3972.0,10240.0,24.31
2026/04/05 18:08:29.229,0.0,3972.0,10240.0,24.37
2026/04/05 18:08:30.277,0.0,3972.0,10240.0,24.45
2026/04/05 18:08:31.326,4.0,3972.0,10240.0,24.43
2026/04/05 18:08:32.376,4.0,3972.0,10240.0,24.49
2026/04/05 18:08:33.424,4.0,3972.0,10240.0,24.34
2026/04/05 18:08:34.472,4.0,3972.0,10240.0,24.35
2026/04/05 18:08:35.520,0.0,3972.0,10240.0,24.5
2026/04/05 18:08:36.568,0.0,3972.0,10240.0,24.01
2026/04/05 18:08:37.621,0.0,3972.0,10240.0,24.08
2026/04/05 18:08:38.668,0.0,3972.0,10240.0,24.46
2026/04/05 18:08:39.720,2.0,3972.0,10240.0,24.66
2026/04/05 18:08:40.772,0.0,3972.0,10240.0,24.64
2026/04/05 18:08:41.822,0.0,3972.0,10240.0,24.56
2026/04/05 18:08:42.872,0.0,3972.0,10240.0,24.35
2026/04/05 18:08:43.923,0.0,3973.0,10240.0,24.16
2026/04/05 18:08:44.970,1.0,3973.0,10240.0,24.28
2026/04/05 18:08:46.020,0.0,3973.0,10240.0,24.19
2026/04/05 18:08:47.070,0.0,3973.0,10240.0,24.47
2026/04/05 18:08:48.119,0.0,3973.0,10240.0,24.38
2026/04/05 18:08:49.168,0.0,3973.0,10240.0,24.14
2026/04/05 18:08:50.217,0.0,3973.0,10240.0,24.2
2026/04/05 18:08:51.268,0.0,3973.0,10240.0,24.12
2026/04/05 18:08:52.318,3.0,3973.0,10240.0,24.23
2026/04/05 18:08:53.368,1.0,3973.0,10240.0,24.23
2026/04/05 18:08:54.422,1.0,3973.0,10240.0,24.48
2026/04/05 18:08:55.477,0.0,3973.0,10240.0,24.87
2026/04/05 18:08:56.527,4.0,3973.0,10240.0,24.49
2026/04/05 18:08:57.575,4.0,3973.0,10240.0,24.31
2026/04/05 18:08:58.623,4.0,3973.0,10240.0,24.07
2026/04/05 18:08:59.670,6.0,3977.0,10240.0,24.37
2026/04/05 18:09:00.719,4.0,3973.0,10240.0,26.45
2026/04/05 18:09:01.766,0.0,3973.0,10240.0,24.74
2026/04/05 18:09:02.818,0.0,3973.0,10240.0,24.55
2026/04/05 18:09:03.871,0.0,3973.0,10240.0,24.5
2026/04/05 18:09:04.924,0.0,3973.0,10240.0,24.51
2026/04/05 18:09:05.977,0.0,3973.0,10240.0,24.51
2026/04/05 18:09:07.027,0.0,3973.0,10240.0,24.14
2026/04/05 18:09:08.078,1.0,3973.0,10240.0,24.56
2026/04/05 18:09:09.132,0.0,3973.0,10240.0,24.48
2026/04/05 18:09:10.188,1.0,3973.0,10240.0,24.62
2026/04/05 18:09:11.240,0.0,3973.0,10240.0,24.58
2026/04/05 18:09:12.291,0.0,3973.0,10240.0,24.43
2026/04/05 18:09:13.344,0.0,3973.0,10240.0,24.19
2026/04/05 18:09:14.394,0.0,3973.0,10240.0,24.09
2026/04/05 18:09:15.444,0.0,3973.0,10240.0,24.57
2026/04/05 18:09:16.494,0.0,3973.0,10240.0,24.71
2026/04/05 18:09:17.542,4.0,3973.0,10240.0,25.12
2026/04/05 18:09:18.591,3.0,3973.0,10240.0,24.91
2026/04/05 18:09:19.638,3.0,3973.0,10240.0,24.55
2026/04/05 18:09:20.685,2.0,3973.0,10240.0,24.41
2026/04/05 18:09:21.732,2.0,3973.0,10240.0,24.17
2026/04/05 18:09:22.778,3.0,3973.0,10240.0,24.23
2026/04/05 18:09:23.825,2.0,3973.0,10240.0,24.41
2026/04/05 18:09:24.874,3.0,3973.0,10240.0,24.39
2026/04/05 18:09:25.923,0.0,3973.0,10240.0,24.56
2026/04/05 18:09:26.971,0.0,3973.0,10240.0,24.57
2026/04/05 18:09:28.025,0.0,3973.0,10240.0,24.59
2026/04/05 18:09:29.075,0.0,3973.0,10240.0,24.29
2026/04/05 18:09:30.124,0.0,3973.0,10240.0,24.48
2026/04/05 18:09:31.174,0.0,3973.0,10240.0,24.64
2026/04/05 18:09:32.224,0.0,3973.0,10240.0,24.68
2026/04/05 18:09:33.275,0.0,3973.0,10240.0,24.61
2026/04/05 18:09:34.324,4.0,3972.0,10240.0,26.4
2026/04/05 18:09:35.372,1.0,3973.0,10240.0,25.72
2026/04/05 18:09:36.419,0.0,3973.0,10240.0,24.23
2026/04/05 18:09:37.465,0.0,3973.0,10240.0,24.51
2026/04/05 18:09:38.517,0.0,3973.0,10240.0,24.88
2026/04/05 18:09:39.570,0.0,3973.0,10240.0,24.67
2026/04/05 18:09:40.618,1.0,3973.0,10240.0,25.04
2026/04/05 18:09:41.668,0.0,3973.0,10240.0,25.13
2026/04/05 18:09:42.718,4.0,3973.0,10240.0,24.79
2026/04/05 18:09:43.766,4.0,3973.0,10240.0,24.53
2026/04/05 18:09:44.816,4.0,3973.0,10240.0,24.64
2026/04/05 18:09:45.869,4.0,3973.0,10240.0,24.59
2026/04/05 18:09:46.920,0.0,3973.0,10240.0,24.41
2026/04/05 18:09:47.968,0.0,3973.0,10240.0,24.41
2026/04/05 18:09:49.017,0.0,3973.0,10240.0,24.27
2026/04/05 18:09:50.066,0.0,3973.0,10240.0,24.23
2026/04/05 18:09:51.112,0.0,3973.0,10240.0,24.07
2026/04/05 18:09:52.160,0.0,3973.0,10240.0,24.08
2026/04/05 18:09:53.212,0.0,3973.0,10240.0,24.37
2026/04/05 18:09:54.260,0.0,3973.0,10240.0,24.62
2026/04/05 18:09:55.310,0.0,3973.0,10240.0,24.6
2026/04/05 18:09:56.358,0.0,3973.0,10240.0,24.78
2026/04/05 18:09:57.405,0.0,3973.0,10240.0,24.45
2026/04/05 18:09:58.448,0.0,3973.0,10240.0,24.29
2026/04/05 18:09:59.495,0.0,3973.0,10240.0,24.68
2026/04/05 18:10:00.542,1.0,3973.0,10240.0,24.66
2026/04/05 18:10:01.591,0.0,3973.0,10240.0,24.75
2026/04/05 18:10:02.646,0.0,3973.0,10240.0,24.39
2026/04/05 18:10:03.698,1.0,3973.0,10240.0,24.65
2026/04/05 18:10:04.747,1.0,3973.0,10240.0,24.26
2026/04/05 18:10:05.794,2.0,3973.0,10240.0,24.43
2026/04/05 18:10:06.845,1.0,3973.0,10240.0,24.28
2026/04/05 18:10:07.895,4.0,3973.0,10240.0,24.56
2026/04/05 18:10:08.945,7.0,3972.0,10240.0,26.28
2026/04/05 18:10:10.000,5.0,3973.0,10240.0,26.23
2026/04/05 18:10:11.048,4.0,3973.0,10240.0,24.68
2026/04/05 18:10:12.095,0.0,3973.0,10240.0,24.77
2026/04/05 18:10:13.144,0.0,3973.0,10240.0,24.49
2026/04/05 18:10:14.197,0.0,3973.0,10240.0,24.54
2026/04/05 18:10:15.250,0.0,3973.0,10240.0,24.54
2026/04/05 18:10:16.299,0.0,3973.0,10240.0,24.66
2026/04/05 18:10:17.353,0.0,3973.0,10240.0,24.53
2026/04/05 18:10:18.404,0.0,3973.0,10240.0,24.56
2026/04/05 18:10:19.452,0.0,3973.0,10240.0,24.41
2026/04/05 18:10:20.501,0.0,3973.0,10240.0,24.33
2026/04/05 18:10:21.553,0.0,3973.0,10240.0,24.45
2026/04/05 18:10:22.604,0.0,3973.0,10240.0,24.44
2026/04/05 18:10:23.653,0.0,3973.0,10240.0,24.69
2026/04/05 18:10:24.703,0.0,3973.0,10240.0,24.77
2026/04/05 18:10:25.751,0.0,3973.0,10240.0,24.55
2026/04/05 18:10:26.809,0.0,3973.0,10240.0,24.59
2026/04/05 18:10:27.859,0.0,3973.0,10240.0,24.39
2026/04/05 18:10:28.908,3.0,3973.0,10240.0,24.93
2026/04/05 18:10:29.957,4.0,3973.0,10240.0,25.07
2026/04/05 18:10:31.004,3.0,3973.0,10240.0,24.76
2026/04/05 18:10:32.053,2.0,3973.0,10240.0,24.88
2026/04/05 18:10:33.102,2.0,3973.0,10240.0,24.59
2026/04/05 18:10:34.147,2.0,3973.0,10240.0,24.53
2026/04/05 18:10:35.194,2.0,3973.0,10240.0,24.42
2026/04/05 18:10:36.242,2.0,3973.0,10240.0,24.52
2026/04/05 18:10:37.287,0.0,3974.0,10240.0,25.11
2026/04/05 18:10:38.335,0.0,3974.0,10240.0,24.5
2026/04/05 18:10:39.384,0.0,3973.0,10240.0,24.57
2026/04/05 18:10:40.435,0.0,3972.0,10240.0,24.53
2026/04/05 18:10:41.482,4.0,3971.0,10240.0,26.31
2026/04/05 18:10:42.529,0.0,3976.0,10240.0,25.56
2026/04/05 18:10:43.575,0.0,3976.0,10240.0,24.56
2026/04/05 18:10:44.623,0.0,3976.0,10240.0,24.75
2026/04/05 18:10:45.672,0.0,3976.0,10240.0,24.99
2026/04/05 18:10:46.721,0.0,3976.0,10240.0,25.03
2026/04/05 18:10:47.773,0.0,3976.0,10240.0,24.77
2026/04/05 18:10:48.824,0.0,3976.0,10240.0,24.67
2026/04/05 18:10:49.876,0.0,3976.0,10240.0,24.56
2026/04/05 18:10:50.932,0.0,3976.0,10240.0,24.38
2026/04/05 18:10:51.989,1.0,3976.0,10240.0,24.81
2026/04/05 18:10:53.045,0.0,3976.0,10240.0,24.67
2026/04/05 18:10:54.093,4.0,3978.0,10240.0,25.08
2026/04/05 18:10:55.141,4.0,3978.0,10240.0,24.83
2026/04/05 18:10:56.188,4.0,3973.0,10240.0,24.85
2026/04/05 18:10:57.235,4.0,3971.0,10240.0,24.77
2026/04/05 18:10:58.284,0.0,3971.0,10240.0,24.44
2026/04/05 18:10:59.332,0.0,3971.0,10240.0,24.71
2026/04/05 18:11:00.379,0.0,3971.0,10240.0,24.81
2026/04/05 18:11:01.426,2.0,3971.0,10240.0,24.74
2026/04/05 18:11:02.474,0.0,3971.0,10240.0,24.71
2026/04/05 18:11:03.523,0.0,3971.0,10240.0,24.41
2026/04/05 18:11:04.572,0.0,3971.0,10240.0,24.36
2026/04/05 18:11:05.620,0.0,3971.0,10240.0,24.31
2026/04/05 18:11:06.670,0.0,3971.0,10240.0,24.69
2026/04/05 18:11:07.719,1.0,3971.0,10240.0,24.69
2026/04/05 18:11:08.768,0.0,3971.0,10240.0,24.6
2026/04/05 18:11:09.816,0.0,3971.0,10240.0,24.5
2026/04/05 18:11:10.866,0.0,3971.0,10240.0,24.64
2026/04/05 18:11:11.916,0.0,3971.0,10240.0,24.66
2026/04/05 18:11:12.963,0.0,3971.0,10240.0,24.42
2026/04/05 18:11:14.013,0.0,3971.0,10240.0,24.27
2026/04/05 18:11:15.064,1.0,3971.0,10240.0,24.65
2026/04/05 18:11:16.117,6.0,3966.0,10240.0,26.56
2026/04/05 18:11:17.165,1.0,3967.0,10240.0,25.5
2026/04/05 18:11:18.212,0.0,3967.0,10240.0,24.79
2026/04/05 18:11:19.263,3.0,3967.0,10240.0,24.28
2026/04/05 18:11:20.319,3.0,3967.0,10240.0,24.27
2026/04/05 18:11:21.370,3.0,3967.0,10240.0,24.44
2026/04/05 18:11:22.421,4.0,3967.0,10240.0,24.71
2026/04/05 18:11:23.470,0.0,3967.0,10240.0,24.51
2026/04/05 18:11:24.521,0.0,3967.0,10240.0,24.55
2026/04/05 18:11:25.571,0.0,3967.0,10240.0,24.52
2026/04/05 18:11:26.623,1.0,3967.0,10240.0,24.46
2026/04/05 18:11:27.677,0.0,3967.0,10240.0,24.27
2026/04/05 18:11:28.727,0.0,3967.0,10240.0,24.33
2026/04/05 18:11:29.776,0.0,3967.0,10240.0,24.54
2026/04/05 18:11:30.824,0.0,3967.0,10240.0,24.46
2026/04/05 18:11:31.873,0.0,3967.0,10240.0,24.57
2026/04/05 18:11:32.924,0.0,3967.0,10240.0,24.16
2026/04/05 18:11:33.972,0.0,3967.0,10240.0,24.11
2026/04/05 18:11:35.025,0.0,3967.0,10240.0,24.26
2026/04/05 18:11:36.078,0.0,3967.0,10240.0,24.54
2026/04/05 18:11:37.128,0.0,3967.0,10240.0,24.94
2026/04/05 18:11:38.179,1.0,3967.0,10240.0,24.83
2026/04/05 18:11:39.229,0.0,3967.0,10240.0,24.73
2026/04/05 18:11:40.280,4.0,3967.0,10240.0,24.88
2026/04/05 18:11:41.331,4.0,3967.0,10240.0,24.59
2026/04/05 18:11:42.381,4.0,3967.0,10240.0,24.78
2026/04/05 18:11:43.431,4.0,3967.0,10240.0,24.49
2026/04/05 18:11:44.480,0.0,3967.0,10240.0,24.31
2026/04/05 18:11:45.531,0.0,3967.0,10240.0,24.5
2026/04/05 18:11:46.578,0.0,3967.0,10240.0,24.48
2026/04/05 18:11:47.630,0.0,3967.0,10240.0,24.64
2026/04/05 18:11:48.677,0.0,3967.0,10240.0,24.28
2026/04/05 18:11:49.726,4.0,3970.0,10240.0,25.11
2026/04/05 18:11:50.773,1.0,3967.0,10240.0,25.98
2026/04/05 18:11:51.822,2.0,3967.0,10240.0,24.38
2026/04/05 18:11:52.872,0.0,3967.0,10240.0,24.41
2026/04/05 18:11:53.925,0.0,3967.0,10240.0,24.37
2026/04/05 18:11:54.980,0.0,3967.0,10240.0,24.37
2026/04/05 18:11:56.033,0.0,3967.0,10240.0,24.26
2026/04/05 18:11:57.083,0.0,3967.0,10240.0,24.41
2026/04/05 18:11:58.133,0.0,3967.0,10240.0,24.15
2026/04/05 18:11:59.182,0.0,3967.0,10240.0,24.36
2026/04/05 18:12:00.230,0.0,3967.0,10240.0,24.43
2026/04/05 18:12:01.283,0.0,3967.0,10240.0,24.6
2026/04/05 18:12:02.335,0.0,3967.0,10240.0,24.44
2026/04/05 18:12:03.383,0.0,3967.0,10240.0,24.47
2026/04/05 18:12:04.431,0.0,3967.0,10240.0,24.3
2026/04/05 18:12:05.480,4.0,3967.0,10240.0,24.05
2026/04/05 18:12:06.525,4.0,3967.0,10240.0,24.47
2026/04/05 18:12:07.574,4.0,3967.0,10240.0,24.82
2026/04/05 18:12:08.624,4.0,3967.0,10240.0,24.94
2026/04/05 18:12:09.672,0.0,3966.0,10240.0,24.52
2026/04/05 18:12:10.719,0.0,3966.0,10240.0,24.56
2026/04/05 18:12:11.769,0.0,3966.0,10240.0,24.35
2026/04/05 18:12:12.817,0.0,3966.0,10240.0,24.38
2026/04/05 18:12:13.865,0.0,3966.0,10240.0,24.39
2026/04/05 18:12:14.914,0.0,3966.0,10240.0,24.35
2026/04/05 18:12:15.961,0.0,3966.0,10240.0,24.35
2026/04/05 18:12:17.009,0.0,3966.0,10240.0,24.41
2026/04/05 18:12:18.063,0.0,3966.0,10240.0,24.19
2026/04/05 18:12:19.110,0.0,3966.0,10240.0,24.23
2026/04/05 18:12:20.157,0.0,3966.0,10240.0,24.08
2026/04/05 18:12:21.204,0.0,3966.0,10240.0,24.12
2026/04/05 18:12:22.251,0.0,3966.0,10240.0,24.62
2026/04/05 18:12:23.297,4.0,3970.0,10240.0,25.3
2026/04/05 18:12:24.344,4.0,3966.0,10240.0,26.84
2026/04/05 18:12:25.397,0.0,3966.0,10240.0,24.54
2026/04/05 18:12:26.451,3.0,3966.0,10240.0,24.79
2026/04/05 18:12:27.500,2.0,3966.0,10240.0,24.55
2026/04/05 18:12:28.550,2.0,3966.0,10240.0,24.68
2026/04/05 18:12:29.603,1.0,3966.0,10240.0,24.55
2026/04/05 18:12:30.652,3.0,3966.0,10240.0,24.57
2026/04/05 18:12:31.700,4.0,3966.0,10240.0,24.41
2026/04/05 18:12:32.748,3.0,3966.0,10240.0,24.24
2026/04/05 18:12:33.797,3.0,3966.0,10240.0,24.02
2026/04/05 18:12:34.847,0.0,3966.0,10240.0,23.88
2026/04/05 18:12:35.895,0.0,3966.0,10240.0,24.2
2026/04/05 18:12:36.946,0.0,3966.0,10240.0,24.13
2026/04/05 18:12:37.996,1.0,3966.0,10240.0,24.54
2026/04/05 18:12:39.043,0.0,3966.0,10240.0,24.35
2026/04/05 18:12:40.091,0.0,3966.0,10240.0,24.57
2026/04/05 18:12:41.139,0.0,3966.0,10240.0,24.24
2026/04/05 18:12:42.182,0.0,3966.0,10240.0,24.11
2026/04/05 18:12:43.228,0.0,3966.0,10240.0,24.44
2026/04/05 18:12:44.278,0.0,3966.0,10240.0,24.44
2026/04/05 18:12:45.330,0.0,3966.0,10240.0,24.46
2026/04/05 18:12:46.379,0.0,3966.0,10240.0,24.32
2026/04/05 18:12:47.429,2.0,3966.0,10240.0,24.64
2026/04/05 18:12:48.481,0.0,3966.0,10240.0,24.39
2026/04/05 18:12:49.533,0.0,3966.0,10240.0,24.2
2026/04/05 18:12:50.585,0.0,3966.0,10240.0,24.45
2026/04/05 18:12:51.635,4.0,3966.0,10240.0,24.69
2026/04/05 18:12:52.684,4.0,3966.0,10240.0,25.06
2026/04/05 18:12:53.732,4.0,3966.0,10240.0,24.64
2026/04/05 18:12:54.782,4.0,3966.0,10240.0,24.72
2026/04/05 18:12:55.831,4.0,3970.0,10240.0,24.62
2026/04/05 18:12:56.882,4.0,3965.0,10240.0,25.97
2026/04/05 18:12:57.929,0.0,3966.0,10240.0,24.91
2026/04/05 18:12:58.980,1.0,3966.0,10240.0,24.53
2026/04/05 18:13:00.033,0.0,3966.0,10240.0,24.55
2026/04/05 18:13:01.090,0.0,3966.0,10240.0,24.64
2026/04/05 18:13:02.142,0.0,3966.0,10240.0,24.47
2026/04/05 18:13:03.197,0.0,3966.0,10240.0,24.45
2026/04/05 18:13:04.254,0.0,3966.0,10240.0,24.23
2026/04/05 18:13:05.309,0.0,3966.0,10240.0,24.32
2026/04/05 18:13:06.363,0.0,3966.0,10240.0,24.7
2026/04/05 18:13:07.417,0.0,3966.0,10240.0,24.63
2026/04/05 18:13:08.472,0.0,3966.0,10240.0,24.77
2026/04/05 18:13:09.521,0.0,3966.0,10240.0,24.29
2026/04/05 18:13:10.575,0.0,3966.0,10240.0,24.39
2026/04/05 18:13:11.626,0.0,3950.0,10240.0,24.53
2026/04/05 18:13:12.677,3.0,3950.0,10240.0,24.58
2026/04/05 18:13:13.725,1.0,3950.0,10240.0,24.46
2026/04/05 18:13:14.775,0.0,3950.0,10240.0,24.58
2026/04/05 18:13:15.825,1.0,3950.0,10240.0,24.31
2026/04/05 18:13:16.874,3.0,3950.0,10240.0,24.31
2026/04/05 18:13:17.925,4.0,3950.0,10240.0,24.47
2026/04/05 18:13:18.975,4.0,3950.0,10240.0,24.12
2026/04/05 18:13:20.027,0.0,3950.0,10240.0,24.18
2026/04/05 18:13:21.074,0.0,3950.0,10240.0,24.49
2026/04/05 18:13:22.124,0.0,3950.0,10240.0,24.47
2026/04/05 18:13:23.175,0.0,3950.0,10240.0,24.65
2026/04/05 18:13:24.224,0.0,3950.0,10240.0,24.5
2026/04/05 18:13:25.272,0.0,3950.0,10240.0,24.57
2026/04/05 18:13:26.322,0.0,3950.0,10240.0,24.22
2026/04/05 18:13:27.371,0.0,3950.0,10240.0,24.4
2026/04/05 18:13:28.419,0.0,3950.0,10240.0,24.68
2026/04/05 18:13:29.469,0.0,3950.0,10240.0,24.69
2026/04/05 18:13:30.519,0.0,3950.0,10240.0,24.62
2026/04/05 18:13:31.567,4.0,3949.0,10240.0,25.65
2026/04/05 18:13:32.614,1.0,3950.0,10240.0,25.61
2026/04/05 18:13:33.664,0.0,3950.0,10240.0,24.29
2026/04/05 18:13:34.709,0.0,3950.0,10240.0,24.29
2026/04/05 18:13:35.760,0.0,3950.0,10240.0,24.58
2026/04/05 18:13:36.813,0.0,3950.0,10240.0,24.45
2026/04/05 18:13:37.867,5.0,3950.0,10240.0,24.77
2026/04/05 18:13:38.918,4.0,3950.0,10240.0,24.69
2026/04/05 18:13:39.969,4.0,3950.0,10240.0,24.43
2026/04/05 18:13:41.019,0.0,3950.0,10240.0,24.34
2026/04/05 18:13:42.069,0.0,3950.0,10240.0,24.24
2026/04/05 18:13:43.122,0.0,3950.0,10240.0,24.55
2026/04/05 18:13:44.172,0.0,3950.0,10240.0,24.48
2026/04/05 18:13:45.218,0.0,3950.0,10240.0,24.56
2026/04/05 18:13:46.269,0.0,3950.0,10240.0,24.34
2026/04/05 18:13:47.317,0.0,3950.0,10240.0,24.3
2026/04/05 18:13:48.365,0.0,3950.0,10240.0,24.2
2026/04/05 18:13:49.413,0.0,3950.0,10240.0,23.96
2026/04/05 18:13:50.461,0.0,3950.0,10240.0,24.31
2026/04/05 18:13:51.507,0.0,3950.0,10240.0,24.41
2026/04/05 18:13:52.558,0.0,3950.0,10240.0,24.31
2026/04/05 18:13:53.612,0.0,3950.0,10240.0,24.42
2026/04/05 18:13:54.662,0.0,3950.0,10240.0,24.39
2026/04/05 18:13:55.709,0.0,3950.0,10240.0,24.24
2026/04/05 18:13:56.761,0.0,3950.0,10240.0,24.35
2026/04/05 18:13:57.809,0.0,3950.0,10240.0,24.94
2026/04/05 18:13:58.858,3.0,3950.0,10240.0,24.78
2026/04/05 18:13:59.905,3.0,3950.0,10240.0,24.53
2026/04/05 18:14:00.952,2.0,3950.0,10240.0,24.55
2026/04/05 18:14:01.999,3.0,3950.0,10240.0,24.45
2026/04/05 18:14:03.048,4.0,3950.0,10240.0,24.37
2026/04/05 18:14:04.097,3.0,3950.0,10240.0,24.32
2026/04/05 18:14:05.145,8.0,3953.0,10240.0,26.12
2026/04/05 18:14:06.192,5.0,3954.0,10240.0,25.14
2026/04/05 18:14:07.240,0.0,3954.0,10240.0,24.26
2026/04/05 18:14:08.292,1.0,3971.0,10240.0,24.97
2026/04/05 18:14:09.346,0.0,3971.0,10240.0,24.57
2026/04/05 18:14:10.398,0.0,3971.0,10240.0,24.48
2026/04/05 18:14:11.451,0.0,3971.0,10240.0,24.06
2026/04/05 18:14:12.498,0.0,3971.0,10240.0,24.06
2026/04/05 18:14:13.548,0.0,3971.0,10240.0,24.52
2026/04/05 18:14:14.598,0.0,3971.0,10240.0,24.3
2026/04/05 18:14:15.648,0.0,3971.0,10240.0,24.28
2026/04/05 18:14:16.696,0.0,3971.0,10240.0,24.23
2026/04/05 18:14:17.745,0.0,3971.0,10240.0,24.3
2026/04/05 18:14:18.794,0.0,3971.0,10240.0,24.05
2026/04/05 18:14:19.842,0.0,3971.0,10240.0,24.03
2026/04/05 18:14:20.887,0.0,3971.0,10240.0,24.23
2026/04/05 18:14:21.935,0.0,3971.0,10240.0,24.53
2026/04/05 18:14:22.985,0.0,3971.0,10240.0,24.31
2026/04/05 18:14:24.032,4.0,3971.0,10240.0,24.92
2026/04/05 18:14:25.080,4.0,3971.0,10240.0,24.8
2026/04/05 18:14:26.128,4.0,3971.0,10240.0,24.27
2026/04/05 18:14:27.174,4.0,3971.0,10240.0,24.26
2026/04/05 18:14:28.223,0.0,3971.0,10240.0,24.5
2026/04/05 18:14:29.271,0.0,3971.0,10240.0,24.67
2026/04/05 18:14:30.316,0.0,3971.0,10240.0,24.38
2026/04/05 18:14:31.364,1.0,3971.0,10240.0,24.15
2026/04/05 18:14:32.412,1.0,3971.0,10240.0,24.43
2026/04/05 18:14:33.458,1.0,3971.0,10240.0,24.33
2026/04/05 18:14:34.506,0.0,3971.0,10240.0,24.05
2026/04/05 18:14:35.553,0.0,3971.0,10240.0,24.25
2026/04/05 18:14:36.602,0.0,3971.0,10240.0,24.38
2026/04/05 18:14:37.648,0.0,3971.0,10240.0,24.33
2026/04/05 18:14:38.695,0.0,3971.0,10240.0,24.77
2026/04/05 18:14:39.742,4.0,3974.0,10240.0,25.32
2026/04/05 18:14:40.789,4.0,3971.0,10240.0,26.1
2026/04/05 18:14:41.837,0.0,3971.0,10240.0,24.24
2026/04/05 18:14:42.892,0.0,3971.0,10240.0,24.61
2026/04/05 18:14:43.950,0.0,3971.0,10240.0,24.79
2026/04/05 18:14:45.005,0.0,3971.0,10240.0,24.53
2026/04/05 18:14:46.063,0.0,3971.0,10240.0,24.37
2026/04/05 18:14:47.116,0.0,3971.0,10240.0,24.4
2026/04/05 18:14:48.171,0.0,3971.0,10240.0,24.22
2026/04/05 18:14:49.223,4.0,3971.0,10240.0,24.0
2026/04/05 18:14:50.279,3.0,3971.0,10240.0,24.54
2026/04/05 18:14:51.337,2.0,3971.0,10240.0,24.66
2026/04/05 18:14:52.392,1.0,3971.0,10240.0,24.35
2026/04/05 18:14:53.444,3.0,3971.0,10240.0,24.3
2026/04/05 18:14:54.493,3.0,3971.0,10240.0,24.55
2026/04/05 18:14:55.541,4.0,3971.0,10240.0,24.29
2026/04/05 18:14:56.590,4.0,3971.0,10240.0,24.15
2026/04/05 18:14:57.640,0.0,3971.0,10240.0,24.1
2026/04/05 18:14:58.688,2.0,3971.0,10240.0,24.43
2026/04/05 18:14:59.736,0.0,3971.0,10240.0,24.15
2026/04/05 18:15:00.786,1.0,3971.0,10240.0,24.2
2026/04/05 18:15:01.834,0.0,3971.0,10240.0,23.99
2026/04/05 18:15:02.883,0.0,3971.0,10240.0,24.02
2026/04/05 18:15:03.931,1.0,3971.0,10240.0,24.37
2026/04/05 18:15:04.981,0.0,3971.0,10240.0,24.24
2026/04/05 18:15:06.033,0.0,3971.0,10240.0,24.37
2026/04/05 18:15:07.085,0.0,3967.0,10240.0,24.65
2026/04/05 18:15:08.137,1.0,3971.0,10240.0,24.79
2026/04/05 18:15:09.186,0.0,3971.0,10240.0,24.27
2026/04/05 18:15:10.235,0.0,3971.0,10240.0,24.26
2026/04/05 18:15:11.284,0.0,3971.0,10240.0,24.1
2026/04/05 18:15:12.333,0.0,3971.0,10240.0,24.42
2026/04/05 18:15:13.384,4.0,3970.0,10240.0,25.54
2026/04/05 18:15:14.433,4.0,3971.0,10240.0,26.03
2026/04/05 18:15:15.480,2.0,3971.0,10240.0,24.71
2026/04/05 18:15:16.530,1.0,3971.0,10240.0,24.56
2026/04/05 18:15:17.579,1.0,3971.0,10240.0,24.39
2026/04/05 18:15:18.629,4.0,3971.0,10240.0,23.83
2026/04/05 18:15:19.679,3.0,3971.0,10240.0,24.0
2026/04/05 18:15:20.727,3.0,3971.0,10240.0,24.1
2026/04/05 18:15:21.777,4.0,3971.0,10240.0,24.46
2026/04/05 18:15:22.829,0.0,3971.0,10240.0,24.43
2026/04/05 18:15:23.881,0.0,3971.0,10240.0,24.38
2026/04/05 18:15:24.931,0.0,3971.0,10240.0,24.5
2026/04/05 18:15:25.984,0.0,3971.0,10240.0,24.15
2026/04/05 18:15:27.033,0.0,3971.0,10240.0,24.3
2026/04/05 18:15:28.083,0.0,3971.0,10240.0,24.28
2026/04/05 18:15:29.131,1.0,3971.0,10240.0,24.34
2026/04/05 18:15:30.184,0.0,3971.0,10240.0,24.09
2026/04/05 18:15:31.232,0.0,3971.0,10240.0,24.14
2026/04/05 18:15:32.287,1.0,3971.0,10240.0,24.3
2026/04/05 18:15:33.337,0.0,3971.0,10240.0,24.02
2026/04/05 18:15:34.386,0.0,3971.0,10240.0,24.19
2026/04/05 18:15:35.441,0.0,3971.0,10240.0,24.24
2026/04/05 18:15:36.495,0.0,3971.0,10240.0,24.3
2026/04/05 18:15:37.546,0.0,3971.0,10240.0,24.34
2026/04/05 18:15:38.597,4.0,3971.0,10240.0,24.59
2026/04/05 18:15:39.647,4.0,3971.0,10240.0,24.66
2026/04/05 18:15:40.700,4.0,3967.0,10240.0,24.25
2026/04/05 18:15:41.753,4.0,3967.0,10240.0,24.08
2026/04/05 18:15:42.804,0.0,3967.0,10240.0,24.21
2026/04/05 18:15:43.856,0.0,3967.0,10240.0,24.34
2026/04/05 18:15:44.908,0.0,3967.0,10240.0,24.36
2026/04/05 18:15:45.961,0.0,3967.0,10240.0,24.22
2026/04/05 18:15:47.014,0.0,3967.0,10240.0,24.18
2026/04/05 18:15:48.064,4.0,3966.0,10240.0,25.95
2026/04/05 18:15:49.107,0.0,3967.0,10240.0,25.09
2026/04/05 18:15:50.150,0.0,3967.0,10240.0,24.58
2026/04/05 18:15:51.202,0.0,3967.0,10240.0,24.6
2026/04/05 18:15:52.251,1.0,3967.0,10240.0,24.57
2026/04/05 18:15:53.304,0.0,3967.0,10240.0,24.33
2026/04/05 18:15:54.352,1.0,3967.0,10240.0,24.3
2026/04/05 18:15:55.400,0.0,3967.0,10240.0,24.02
2026/04/05 18:15:56.453,0.0,3967.0,10240.0,24.1
2026/04/05 18:15:57.506,0.0,3967.0,10240.0,24.17
2026/04/05 18:15:58.557,0.0,3967.0,10240.0,24.15
2026/04/05 18:15:59.608,3.0,3967.0,10240.0,24.66
2026/04/05 18:16:00.657,3.0,3967.0,10240.0,24.63
2026/04/05 18:16:01.704,2.0,3967.0,10240.0,24.47
2026/04/05 18:16:02.752,1.0,3967.0,10240.0,24.49
2026/04/05 18:16:03.802,3.0,3967.0,10240.0,23.8
2026/04/05 18:16:04.852,3.0,3967.0,10240.0,24.34
2026/04/05 18:16:05.904,3.0,3967.0,10240.0,24.4
2026/04/05 18:16:06.957,4.0,3967.0,10240.0,24.36
2026/04/05 18:16:08.008,1.0,3967.0,10240.0,24.67
2026/04/05 18:16:09.059,0.0,3967.0,10240.0,24.61
2026/04/05 18:16:10.108,0.0,3967.0,10240.0,24.63
2026/04/05 18:16:11.153,0.0,3967.0,10240.0,24.23
2026/04/05 18:16:12.201,0.0,3967.0,10240.0,24.3
2026/04/05 18:16:13.248,0.0,3967.0,10240.0,24.45
2026/04/05 18:16:14.294,0.0,3967.0,10240.0,24.45
2026/04/05 18:16:15.341,0.0,3967.0,10240.0,24.39
2026/04/05 18:16:16.388,0.0,3967.0,10240.0,24.27
2026/04/05 18:16:17.438,0.0,3967.0,10240.0,24.06
2026/04/05 18:16:18.487,0.0,3967.0,10240.0,23.9
2026/04/05 18:16:19.537,0.0,3971.0,10240.0,24.21
2026/04/05 18:16:20.588,4.0,3966.0,10240.0,26.78
2026/04/05 18:16:21.638,0.0,3967.0,10240.0,24.95
2026/04/05 18:16:22.688,0.0,3967.0,10240.0,24.56
2026/04/05 18:16:23.742,0.0,3967.0,10240.0,24.56
2026/04/05 18:16:24.790,4.0,3967.0,10240.0,24.71
2026/04/05 18:16:25.838,4.0,3967.0,10240.0,24.51
2026/04/05 18:16:26.885,4.0,3967.0,10240.0,24.6
2026/04/05 18:16:27.932,4.0,3967.0,10240.0,24.53
2026/04/05 18:16:28.983,0.0,3967.0,10240.0,24.5
2026/04/05 18:16:30.035,0.0,3967.0,10240.0,24.57
2026/04/05 18:16:31.084,0.0,3967.0,10240.0,24.33
2026/04/05 18:16:32.133,0.0,3967.0,10240.0,24.14
2026/04/05 18:16:33.182,0.0,3967.0,10240.0,24.23
2026/04/05 18:16:34.228,0.0,3967.0,10240.0,24.14
2026/04/05 18:16:35.280,0.0,3967.0,10240.0,24.39
2026/04/05 18:16:36.328,0.0,3967.0,10240.0,24.48
2026/04/05 18:16:37.375,0.0,3967.0,10240.0,24.37
2026/04/05 18:16:38.424,0.0,3967.0,10240.0,24.59
2026/04/05 18:16:39.471,0.0,3967.0,10240.0,24.31
2026/04/05 18:16:40.517,0.0,3967.0,10240.0,24.43
2026/04/05 18:16:41.568,0.0,3967.0,10240.0,24.29
2026/04/05 18:16:42.619,0.0,3967.0,10240.0,24.28
2026/04/05 18:16:43.670,0.0,3967.0,10240.0,24.41
2026/04/05 18:16:44.721,0.0,3967.0,10240.0,24.33
2026/04/05 18:16:45.774,0.0,3967.0,10240.0,24.33
2026/04/05 18:16:46.822,0.0,3967.0,10240.0,24.26
2026/04/05 18:16:47.874,0.0,3967.0,10240.0,24.3
2026/04/05 18:16:48.922,0.0,3967.0,10240.0,24.49
2026/04/05 18:16:49.969,4.0,3967.0,10240.0,24.17
2026/04/05 18:16:51.018,4.0,3967.0,10240.0,24.32
2026/04/05 18:16:52.065,4.0,3967.0,10240.0,24.55
2026/04/05 18:16:53.113,4.0,3967.0,10240.0,24.58
2026/04/05 18:16:54.162,4.0,3971.0,10240.0,24.85
2026/04/05 18:16:55.210,4.0,3967.0,10240.0,25.85
2026/04/05 18:16:56.258,0.0,3967.0,10240.0,24.44
2026/04/05 18:16:57.306,0.0,3967.0,10240.0,24.47
2026/04/05 18:16:58.355,0.0,3967.0,10240.0,24.48
2026/04/05 18:16:59.405,0.0,3967.0,10240.0,24.51
2026/04/05 18:17:00.457,0.0,3967.0,10240.0,24.79
2026/04/05 18:17:01.506,0.0,3967.0,10240.0,24.66
2026/04/05 18:17:02.556,0.0,3967.0,10240.0,24.27
2026/04/05 18:17:03.604,0.0,3967.0,10240.0,24.22
2026/04/05 18:17:04.654,0.0,3967.0,10240.0,24.43
2026/04/05 18:17:05.709,0.0,3967.0,10240.0,24.73
2026/04/05 18:17:06.763,0.0,3967.0,10240.0,24.69
2026/04/05 18:17:07.816,1.0,3967.0,10240.0,24.53
2026/04/05 18:17:08.873,0.0,3967.0,10240.0,24.4
2026/04/05 18:17:09.922,0.0,3967.0,10240.0,24.26
2026/04/05 18:17:10.974,4.0,3967.0,10240.0,24.46
2026/04/05 18:17:12.025,4.0,3967.0,10240.0,24.39
2026/04/05 18:17:13.074,4.0,3967.0,10240.0,24.43
2026/04/05 18:17:14.123,4.0,3967.0,10240.0,24.23
2026/04/05 18:17:15.171,2.0,3967.0,10240.0,24.28
2026/04/05 18:17:16.217,0.0,3967.0,10240.0,24.09
2026/04/05 18:17:17.265,1.0,3967.0,10240.0,23.99
2026/04/05 18:17:18.312,1.0,3967.0,10240.0,23.96
2026/04/05 18:17:19.363,0.0,3967.0,10240.0,23.85
2026/04/05 18:17:20.415,0.0,3967.0,10240.0,24.3
2026/04/05 18:17:21.462,0.0,3967.0,10240.0,24.18
2026/04/05 18:17:22.514,0.0,3967.0,10240.0,24.37
2026/04/05 18:17:23.560,0.0,3967.0,10240.0,24.13
2026/04/05 18:17:24.608,0.0,3967.0,10240.0,24.02
2026/04/05 18:17:25.654,0.0,3967.0,10240.0,24.14
2026/04/05 18:17:26.701,0.0,3967.0,10240.0,24.19
2026/04/05 18:17:27.748,4.0,3970.0,10240.0,25.21
2026/04/05 18:17:28.795,1.0,3967.0,10240.0,26.03
2026/04/05 18:17:29.845,0.0,3967.0,10240.0,24.33
2026/04/05 18:17:30.895,0.0,3967.0,10240.0,24.07
2026/04/05 18:17:31.951,0.0,3967.0,10240.0,24.12
2026/04/05 18:17:33.005,0.0,3967.0,10240.0,24.03
2026/04/05 18:17:34.057,0.0,3967.0,10240.0,24.62
2026/04/05 18:17:35.110,0.0,3967.0,10240.0,24.59
2026/04/05 18:17:36.159,4.0,3967.0,10240.0,24.57
2026/04/05 18:17:37.207,4.0,3967.0,10240.0,24.61
2026/04/05 18:17:38.255,5.0,3967.0,10240.0,24.46
2026/04/05 18:17:39.305,4.0,3967.0,10240.0,24.32
2026/04/05 18:17:40.355,1.0,3967.0,10240.0,24.47
2026/04/05 18:17:41.405,0.0,3967.0,10240.0,24.25
2026/04/05 18:17:42.456,0.0,3967.0,10240.0,24.46
2026/04/05 18:17:43.505,0.0,3967.0,10240.0,24.61
2026/04/05 18:17:44.553,0.0,3967.0,10240.0,24.42
2026/04/05 18:17:45.600,0.0,3967.0,10240.0,24.41
2026/04/05 18:17:46.651,0.0,3967.0,10240.0,24.1
2026/04/05 18:17:47.697,0.0,3968.0,10240.0,24.16
2026/04/05 18:17:48.745,11.0,3968.0,10240.0,26.27
2026/04/05 18:17:49.796,0.0,3968.0,10240.0,26.16
2026/04/05 18:17:50.844,0.0,3968.0,10240.0,26.73
2026/04/05 18:17:51.892,4.0,3968.0,10240.0,26.14
2026/04/05 18:17:52.945,0.0,3968.0,10240.0,26.77
2026/04/05 18:17:53.993,0.0,3968.0,10240.0,24.11
2026/04/05 18:17:55.044,0.0,3968.0,10240.0,24.12
2026/04/05 18:17:56.095,0.0,3968.0,10240.0,24.43
2026/04/05 18:17:57.148,3.0,3968.0,10240.0,24.46
2026/04/05 18:17:58.197,2.0,3968.0,10240.0,24.49
2026/04/05 18:17:59.248,2.0,3968.0,10240.0,24.39
2026/04/05 18:18:00.299,2.0,3968.0,10240.0,24.39
2026/04/05 18:18:01.351,2.0,3968.0,10240.0,24.3
2026/04/05 18:18:02.401,6.0,3967.0,10240.0,25.93
2026/04/05 18:18:03.448,3.0,3968.0,10240.0,24.86
2026/04/05 18:18:04.494,3.0,3968.0,10240.0,24.05
2026/04/05 18:18:05.546,2.0,3968.0,10240.0,24.43
2026/04/05 18:18:06.599,0.0,3968.0,10240.0,24.18
2026/04/05 18:18:07.650,0.0,3968.0,10240.0,24.29
2026/04/05 18:18:08.697,0.0,3968.0,10240.0,24.35
2026/04/05 18:18:09.747,0.0,3968.0,10240.0,24.0
2026/04/05 18:18:10.798,2.0,3968.0,10240.0,24.26
2026/04/05 18:18:11.849,0.0,3968.0,10240.0,24.27
2026/04/05 18:18:12.900,0.0,3968.0,10240.0,24.31
2026/04/05 18:18:13.953,0.0,3968.0,10240.0,24.22
2026/04/05 18:18:15.007,0.0,3968.0,10240.0,24.23
2026/04/05 18:18:16.059,0.0,3968.0,10240.0,24.2
2026/04/05 18:18:17.111,0.0,3968.0,10240.0,23.97
2026/04/05 18:18:18.158,0.0,3968.0,10240.0,24.12
2026/04/05 18:18:19.206,0.0,3967.0,10240.0,24.11
2026/04/05 18:18:20.253,0.0,3967.0,10240.0,24.47
2026/04/05 18:18:21.300,0.0,3967.0,10240.0,24.75
2026/04/05 18:18:22.348,4.0,3967.0,10240.0,24.51
2026/04/05 18:18:23.395,4.0,3967.0,10240.0,24.56
2026/04/05 18:18:24.442,4.0,3967.0,10240.0,24.17
2026/04/05 18:18:25.489,4.0,3967.0,10240.0,24.36
2026/04/05 18:18:26.534,0.0,3967.0,10240.0,24.6
2026/04/05 18:18:27.580,0.0,3967.0,10240.0,24.23
2026/04/05 18:18:28.625,0.0,3967.0,10240.0,24.23
2026/04/05 18:18:29.675,0.0,3967.0,10240.0,24.25
2026/04/05 18:18:30.724,0.0,3967.0,10240.0,24.16
2026/04/05 18:18:31.773,0.0,3967.0,10240.0,24.14
2026/04/05 18:18:32.821,0.0,3967.0,10240.0,24.11
2026/04/05 18:18:33.870,0.0,3967.0,10240.0,23.96
2026/04/05 18:18:34.920,4.0,3966.0,10240.0,25.42
2026/04/05 18:18:35.967,2.0,3967.0,10240.0,25.79
2026/04/05 18:18:37.014,0.0,3967.0,10240.0,24.28
2026/04/05 18:18:38.061,1.0,3967.0,10240.0,24.37
2026/04/05 18:18:39.111,0.0,3967.0,10240.0,23.98
2026/04/05 18:18:40.160,0.0,3967.0,10240.0,24.08
2026/04/05 18:18:41.206,0.0,3967.0,10240.0,24.27
2026/04/05 18:18:42.259,0.0,3967.0,10240.0,24.35
2026/04/05 18:18:43.311,0.0,3967.0,10240.0,24.37
2026/04/05 18:18:44.361,4.0,3967.0,10240.0,24.44
2026/04/05 18:18:45.409,4.0,3967.0,10240.0,24.38
2026/04/05 18:18:46.462,4.0,3967.0,10240.0,24.1
2026/04/05 18:18:47.513,4.0,3967.0,10240.0,23.99
2026/04/05 18:18:48.561,0.0,3967.0,10240.0,24.23
2026/04/05 18:18:49.608,2.0,3967.0,10240.0,24.27
2026/04/05 18:18:50.658,3.0,3967.0,10240.0,24.31
2026/04/05 18:18:51.706,3.0,3967.0,10240.0,24.35
2026/04/05 18:18:52.754,0.0,3967.0,10240.0,24.32
2026/04/05 18:18:53.802,0.0,3967.0,10240.0,24.05
2026/04/05 18:18:54.849,0.0,3967.0,10240.0,23.83
2026/04/05 18:18:55.898,0.0,3967.0,10240.0,24.35
2026/04/05 18:18:56.948,0.0,3967.0,10240.0,24.36
2026/04/05 18:18:57.998,0.0,3967.0,10240.0,24.13
2026/04/05 18:18:59.047,0.0,3967.0,10240.0,24.06
2026/04/05 18:19:00.096,0.0,3967.0,10240.0,24.23
2026/04/05 18:19:01.144,1.0,3967.0,10240.0,24.16
2026/04/05 18:19:02.192,0.0,3967.0,10240.0,23.66
2026/04/05 18:19:03.240,0.0,3967.0,10240.0,24.23
2026/04/05 18:19:04.289,0.0,3967.0,10240.0,24.24
2026/04/05 18:19:05.339,0.0,3967.0,10240.0,24.12
2026/04/05 18:19:06.389,1.0,3967.0,10240.0,24.25
2026/04/05 18:19:07.440,0.0,3967.0,10240.0,24.19
2026/04/05 18:19:08.489,0.0,3967.0,10240.0,24.43
2026/04/05 18:19:09.537,7.0,3971.0,10240.0,24.36
2026/04/05 18:19:10.583,8.0,3966.0,10240.0,26.1
2026/04/05 18:19:11.630,4.0,3967.0,10240.0,24.49
2026/04/05 18:19:12.677,4.0,3967.0,10240.0,24.31
2026/04/05 18:19:13.728,0.0,3967.0,10240.0,23.99
2026/04/05 18:19:14.786,2.0,3967.0,10240.0,24.07
2026/04/05 18:19:15.841,2.0,3967.0,10240.0,24.11
2026/04/05 18:19:16.893,4.0,3967.0,10240.0,24.1
2026/04/05 18:19:17.946,0.0,3967.0,10240.0,23.88
2026/04/05 18:19:18.998,0.0,3967.0,10240.0,24.1
2026/04/05 18:19:20.049,0.0,3967.0,10240.0,24.04
2026/04/05 18:19:21.104,0.0,3967.0,10240.0,23.99
2026/04/05 18:19:22.156,0.0,3967.0,10240.0,24.34
2026/04/05 18:19:23.210,0.0,3967.0,10240.0,24.27
2026/04/05 18:19:24.265,0.0,3967.0,10240.0,23.89
2026/04/05 18:19:25.313,0.0,3967.0,10240.0,23.87
2026/04/05 18:19:26.357,0.0,3967.0,10240.0,24.1
2026/04/05 18:19:27.403,0.0,3967.0,10240.0,24.3
2026/04/05 18:19:28.451,0.0,3967.0,10240.0,24.18
2026/04/05 18:19:29.501,0.0,3967.0,10240.0,24.21
2026/04/05 18:19:30.553,0.0,3967.0,10240.0,24.07
2026/04/05 18:19:31.605,1.0,3967.0,10240.0,24.51
2026/04/05 18:19:32.657,0.0,3967.0,10240.0,23.94
2026/04/05 18:19:33.707,0.0,3967.0,10240.0,24.27
2026/04/05 18:19:34.757,4.0,3967.0,10240.0,24.26
2026/04/05 18:19:35.806,4.0,3967.0,10240.0,24.0
2026/04/05 18:19:36.853,4.0,3967.0,10240.0,24.05
2026/04/05 18:19:37.904,4.0,3967.0,10240.0,23.96
2026/04/05 18:19:38.953,0.0,3967.0,10240.0,23.96
2026/04/05 18:19:40.003,0.0,3967.0,10240.0,24.09
2026/04/05 18:19:41.052,0.0,3967.0,10240.0,23.94
2026/04/05 18:19:42.102,0.0,3967.0,10240.0,23.99
2026/04/05 18:19:43.154,4.0,3971.0,10240.0,24.35
2026/04/05 18:19:44.205,4.0,3966.0,10240.0,26.36
2026/04/05 18:19:45.252,0.0,3966.0,10240.0,24.3
2026/04/05 18:19:46.303,0.0,3966.0,10240.0,23.94
2026/04/05 18:19:47.351,0.0,3955.0,10240.0,23.96
2026/04/05 18:19:48.399,0.0,3955.0,10240.0,24.07
2026/04/05 18:19:49.449,0.0,3955.0,10240.0,24.25
2026/04/05 18:19:50.501,1.0,3955.0,10240.0,24.33
2026/04/05 18:19:51.551,0.0,3955.0,10240.0,24.25
2026/04/05 18:19:52.597,0.0,3955.0,10240.0,24.57
2026/04/05 18:19:53.643,0.0,3955.0,10240.0,23.82
2026/04/05 18:19:54.695,0.0,3955.0,10240.0,23.87
2026/04/05 18:19:55.747,0.0,3955.0,10240.0,24.1
2026/04/05 18:19:56.796,1.0,3955.0,10240.0,24.33
2026/04/05 18:19:57.852,0.0,3955.0,10240.0,24.5
2026/04/05 18:19:58.902,4.0,3955.0,10240.0,24.27
2026/04/05 18:19:59.951,4.0,3955.0,10240.0,24.28
2026/04/05 18:20:01.004,4.0,3955.0,10240.0,24.01
2026/04/05 18:20:02.052,4.0,3955.0,10240.0,23.8
2026/04/05 18:20:03.101,0.0,3955.0,10240.0,23.99
2026/04/05 18:20:04.149,0.0,3955.0,10240.0,24.13
2026/04/05 18:20:05.199,0.0,3955.0,10240.0,24.2
2026/04/05 18:20:06.246,0.0,3955.0,10240.0,24.33
2026/04/05 18:20:07.293,0.0,3955.0,10240.0,24.68
2026/04/05 18:20:08.341,0.0,3955.0,10240.0,24.3
2026/04/05 18:20:09.391,0.0,3955.0,10240.0,23.94
2026/04/05 18:20:10.436,0.0,3955.0,10240.0,24.02
2026/04/05 18:20:11.482,0.0,3955.0,10240.0,24.22
2026/04/05 18:20:12.534,0.0,3955.0,10240.0,24.48
2026/04/05 18:20:13.585,0.0,3955.0,10240.0,24.31
2026/04/05 18:20:14.636,0.0,3955.0,10240.0,24.24
2026/04/05 18:20:15.688,0.0,3955.0,10240.0,24.27
2026/04/05 18:20:16.736,0.0,3955.0,10240.0,24.02
2026/04/05 18:20:17.782,4.0,3954.0,10240.0,25.84
2026/04/05 18:20:18.826,1.0,3955.0,10240.0,25.78
2026/04/05 18:20:19.873,0.0,3955.0,10240.0,24.35
2026/04/05 18:20:20.926,0.0,3955.0,10240.0,24.55
2026/04/05 18:20:21.979,1.0,3955.0,10240.0,24.36
2026/04/05 18:20:23.031,1.0,3955.0,10240.0,24.06
2026/04/05 18:20:24.082,0.0,3955.0,10240.0,24.28
2026/04/05 18:20:25.130,4.0,3955.0,10240.0,24.22
2026/04/05 18:20:26.177,4.0,3955.0,10240.0,24.15
2026/04/05 18:20:27.226,5.0,3955.0,10240.0,24.32
2026/04/05 18:20:28.275,4.0,3955.0,10240.0,24.2
2026/04/05 18:20:29.324,0.0,3955.0,10240.0,24.1
2026/04/05 18:20:30.376,0.0,3955.0,10240.0,23.97
2026/04/05 18:20:31.429,0.0,3955.0,10240.0,23.92
2026/04/05 18:20:32.477,0.0,3951.0,10240.0,24.38
2026/04/05 18:20:33.523,0.0,3950.0,10240.0,24.37
2026/04/05 18:20:34.569,0.0,3950.0,10240.0,24.47
2026/04/05 18:20:35.619,0.0,3950.0,10240.0,24.28
2026/04/05 18:20:36.665,0.0,3950.0,10240.0,24.17
2026/04/05 18:20:37.714,0.0,3950.0,10240.0,24.06
2026/04/05 18:20:38.765,0.0,3965.0,10240.0,24.4
2026/04/05 18:20:39.817,0.0,3965.0,10240.0,24.36
2026/04/05 18:20:40.866,1.0,3965.0,10240.0,24.55
2026/04/05 18:20:41.922,0.0,3965.0,10240.0,24.38
2026/04/05 18:20:42.975,1.0,3965.0,10240.0,24.38
2026/04/05 18:20:44.023,0.0,3965.0,10240.0,24.16
2026/04/05 18:20:45.072,0.0,3965.0,10240.0,24.11
2026/04/05 18:20:46.126,1.0,3965.0,10240.0,24.02
2026/04/05 18:20:47.176,1.0,3965.0,10240.0,24.23
2026/04/05 18:20:48.225,0.0,3965.0,10240.0,24.42
2026/04/05 18:20:49.289,4.0,3965.0,10240.0,24.38
2026/04/05 18:20:50.342,5.0,3965.0,10240.0,24.39
2026/04/05 18:20:51.397,8.0,3966.0,10240.0,25.52
2026/04/05 18:20:52.447,6.0,3967.0,10240.0,26.0
2026/04/05 18:20:53.494,0.0,3967.0,10240.0,24.33
2026/04/05 18:20:54.545,0.0,3967.0,10240.0,24.35
2026/04/05 18:20:55.596,0.0,3967.0,10240.0,24.23
2026/04/05 18:20:56.649,0.0,3967.0,10240.0,24.3
2026/04/05 18:20:57.700,0.0,3967.0,10240.0,24.24
2026/04/05 18:20:58.751,0.0,3967.0,10240.0,24.33
2026/04/05 18:20:59.803,0.0,3967.0,10240.0,23.96
2026/04/05 18:21:00.852,1.0,3967.0,10240.0,24.01
2026/04/05 18:21:01.906,0.0,3967.0,10240.0,24.02
2026/04/05 18:21:02.960,1.0,3967.0,10240.0,24.37
2026/04/05 18:21:04.010,0.0,3967.0,10240.0,24.38
2026/04/05 18:21:05.063,0.0,3967.0,10240.0,24.22
2026/04/05 18:21:06.110,0.0,3967.0,10240.0,24.38
2026/04/05 18:21:07.168,0.0,3967.0,10240.0,24.28
2026/04/05 18:21:08.216,1.0,3967.0,10240.0,24.52
2026/04/05 18:21:09.262,0.0,3967.0,10240.0,24.15
2026/04/05 18:21:10.310,4.0,3967.0,10240.0,24.5
2026/04/05 18:21:11.356,4.0,3967.0,10240.0,24.51
2026/04/05 18:21:12.404,4.0,3967.0,10240.0,24.28
2026/04/05 18:21:13.453,4.0,3967.0,10240.0,24.33
2026/04/05 18:21:14.501,0.0,3967.0,10240.0,24.11
2026/04/05 18:21:15.555,1.0,3967.0,10240.0,23.94
2026/04/05 18:21:16.603,1.0,3967.0,10240.0,23.79
2026/04/05 18:21:17.653,1.0,3967.0,10240.0,24.14
2026/04/05 18:21:18.699,0.0,3967.0,10240.0,24.19
2026/04/05 18:21:19.748,0.0,3967.0,10240.0,24.24
2026/04/05 18:21:20.798,0.0,3967.0,10240.0,24.25
2026/04/05 18:21:21.850,0.0,3967.0,10240.0,24.25
2026/04/05 18:21:22.900,0.0,3967.0,10240.0,24.35
2026/04/05 18:21:23.947,0.0,3967.0,10240.0,24.16
2026/04/05 18:21:24.996,0.0,3967.0,10240.0,24.01
2026/04/05 18:21:26.043,0.0,3967.0,10240.0,24.15
2026/04/05 18:21:27.092,4.0,3966.0,10240.0,25.96
2026/04/05 18:21:28.142,0.0,3967.0,10240.0,25.0
2026/04/05 18:21:29.190,0.0,3967.0,10240.0,24.27
2026/04/05 18:21:30.240,0.0,3967.0,10240.0,24.15
2026/04/05 18:21:31.290,1.0,3967.0,10240.0,24.1
2026/04/05 18:21:32.346,0.0,3967.0,10240.0,24.0
2026/04/05 18:21:33.401,0.0,3967.0,10240.0,24.75
2026/04/05 18:21:34.452,0.0,3967.0,10240.0,24.13
2026/04/05 18:21:35.511,4.0,3967.0,10240.0,24.2
2026/04/05 18:21:36.566,4.0,3967.0,10240.0,24.16
2026/04/05 18:21:37.621,5.0,3967.0,10240.0,24.11
2026/04/05 18:21:38.674,0.0,3967.0,10240.0,24.38
2026/04/05 18:21:39.730,0.0,3967.0,10240.0,24.23
2026/04/05 18:21:40.783,0.0,3967.0,10240.0,24.33
2026/04/05 18:21:41.834,0.0,3967.0,10240.0,24.31
2026/04/05 18:21:42.887,2.0,3967.0,10240.0,24.34
2026/04/05 18:21:43.937,0.0,3967.0,10240.0,24.27
2026/04/05 18:21:44.988,0.0,3967.0,10240.0,24.1
2026/04/05 18:21:46.039,0.0,3967.0,10240.0,23.65
2026/04/05 18:21:47.090,0.0,3967.0,10240.0,24.01
2026/04/05 18:21:48.140,0.0,3967.0,10240.0,24.39
2026/04/05 18:21:49.190,0.0,3967.0,10240.0,24.17
2026/04/05 18:21:50.241,0.0,3967.0,10240.0,24.22
2026/04/05 18:21:51.290,0.0,3967.0,10240.0,24.21
2026/04/05 18:21:52.340,0.0,3967.0,10240.0,24.23
2026/04/05 18:21:53.390,0.0,3967.0,10240.0,24.32
2026/04/05 18:21:54.443,0.0,3967.0,10240.0,24.2
2026/04/05 18:21:55.492,1.0,3967.0,10240.0,24.19
2026/04/05 18:21:56.541,1.0,3967.0,10240.0,24.33
2026/04/05 18:21:57.590,1.0,3967.0,10240.0,24.35
2026/04/05 18:21:58.640,0.0,3967.0,10240.0,24.54
2026/04/05 18:21:59.688,4.0,3967.0,10240.0,24.04
2026/04/05 18:22:00.737,9.0,3966.0,10240.0,25.49
2026/04/05 18:22:01.783,5.0,3967.0,10240.0,25.67
2026/04/05 18:22:02.829,4.0,3967.0,10240.0,24.06
2026/04/05 18:22:03.874,0.0,3967.0,10240.0,24.43
2026/04/05 18:22:04.920,0.0,3967.0,10240.0,24.33
2026/04/05 18:22:05.969,0.0,3967.0,10240.0,24.39
2026/04/05 18:22:07.019,0.0,3967.0,10240.0,24.2
2026/04/05 18:22:08.070,3.0,3967.0,10240.0,24.41
2026/04/05 18:22:09.122,0.0,3967.0,10240.0,24.54
2026/04/05 18:22:10.173,0.0,3966.0,10240.0,24.08
2026/04/05 18:22:11.226,0.0,3966.0,10240.0,24.29
2026/04/05 18:22:12.277,0.0,3966.0,10240.0,24.27
2026/04/05 18:22:13.326,0.0,3966.0,10240.0,24.26
2026/04/05 18:22:14.377,0.0,3966.0,10240.0,23.96
2026/04/05 18:22:15.426,0.0,3966.0,10240.0,23.96
2026/04/05 18:22:16.474,0.0,3966.0,10240.0,24.14
2026/04/05 18:22:17.526,0.0,3966.0,10240.0,24.14
2026/04/05 18:22:18.574,0.0,3966.0,10240.0,24.76
2026/04/05 18:22:19.619,0.0,3966.0,10240.0,24.46
2026/04/05 18:22:20.665,4.0,3966.0,10240.0,24.27
2026/04/05 18:22:21.711,4.0,3966.0,10240.0,24.22
2026/04/05 18:22:22.758,4.0,3966.0,10240.0,23.9
2026/04/05 18:22:23.806,4.0,3966.0,10240.0,24.15
2026/04/05 18:22:24.855,0.0,3966.0,10240.0,24.16
2026/04/05 18:22:25.904,0.0,3966.0,10240.0,24.11
2026/04/05 18:22:26.954,0.0,3966.0,10240.0,24.16
2026/04/05 18:22:28.003,0.0,3966.0,10240.0,24.04
2026/04/05 18:22:29.053,0.0,3966.0,10240.0,24.15
2026/04/05 18:22:30.102,0.0,3966.0,10240.0,23.87
2026/04/05 18:22:31.150,0.0,3966.0,10240.0,23.93
2026/04/05 18:22:32.197,0.0,3966.0,10240.0,23.92
2026/04/05 18:22:33.240,0.0,3966.0,10240.0,24.19
2026/04/05 18:22:34.284,4.0,3970.0,10240.0,25.03
2026/04/05 18:22:35.330,2.0,3966.0,10240.0,26.12
2026/04/05 18:22:36.376,0.0,3966.0,10240.0,24.25
2026/04/05 18:22:37.422,0.0,3966.0,10240.0,24.14
2026/04/05 18:22:38.470,2.0,3967.0,10240.0,24.33
2026/04/05 18:22:39.523,0.0,3967.0,10240.0,24.2
2026/04/05 18:22:40.569,0.0,3967.0,10240.0,24.33
2026/04/05 18:22:41.626,0.0,3967.0,10240.0,24.1
2026/04/05 18:22:42.680,0.0,3967.0,10240.0,24.07
2026/04/05 18:22:43.731,0.0,3967.0,10240.0,24.1
2026/04/05 18:22:44.783,0.0,3967.0,10240.0,24.1
2026/04/05 18:22:45.840,0.0,3967.0,10240.0,24.28
2026/04/05 18:22:46.892,4.0,3967.0,10240.0,24.14
2026/04/05 18:22:47.941,4.0,3967.0,10240.0,24.39
2026/04/05 18:22:48.989,4.0,3967.0,10240.0,24.25
2026/04/05 18:22:50.040,4.0,3967.0,10240.0,24.19
2026/04/05 18:22:51.089,0.0,3967.0,10240.0,24.24
2026/04/05 18:22:52.137,0.0,3967.0,10240.0,24.2
2026/04/05 18:22:53.188,0.0,3967.0,10240.0,24.15
2026/04/05 18:22:54.239,0.0,3967.0,10240.0,24.55
2026/04/05 18:22:55.291,0.0,3967.0,10240.0,24.49
2026/04/05 18:22:56.343,0.0,3967.0,10240.0,24.66
2026/04/05 18:22:57.396,0.0,3967.0,10240.0,24.46
2026/04/05 18:22:58.450,0.0,3967.0,10240.0,24.29
2026/04/05 18:22:59.500,0.0,3967.0,10240.0,24.16
2026/04/05 18:23:00.550,0.0,3967.0,10240.0,24.0
2026/04/05 18:23:01.600,0.0,3967.0,10240.0,24.12
2026/04/05 18:23:02.652,0.0,3967.0,10240.0,24.33
2026/04/05 18:23:03.706,1.0,3967.0,10240.0,24.47
2026/04/05 18:23:04.766,0.0,3967.0,10240.0,24.5
2026/04/05 18:23:05.820,0.0,3967.0,10240.0,24.6
2026/04/05 18:23:06.875,4.0,3967.0,10240.0,24.5
2026/04/05 18:23:07.926,5.0,3967.0,10240.0,24.61
2026/04/05 18:23:08.976,8.0,3966.0,10240.0,26.23
2026/04/05 18:23:10.025,4.0,3967.0,10240.0,25.32
2026/04/05 18:23:11.076,0.0,3967.0,10240.0,24.17
2026/04/05 18:23:12.128,0.0,3967.0,10240.0,24.33
2026/04/05 18:23:13.180,0.0,3967.0,10240.0,24.1
2026/04/05 18:23:14.230,0.0,3967.0,10240.0,24.26
2026/04/05 18:23:15.280,0.0,3967.0,10240.0,23.97
2026/04/05 18:23:16.332,0.0,3967.0,10240.0,24.08
2026/04/05 18:23:17.381,0.0,3967.0,10240.0,24.39
2026/04/05 18:23:18.433,0.0,3967.0,10240.0,24.43
2026/04/05 18:23:19.486,0.0,3967.0,10240.0,24.58
2026/04/05 18:23:20.542,0.0,3967.0,10240.0,24.38
2026/04/05 18:23:21.594,0.0,3967.0,10240.0,24.17
2026/04/05 18:23:22.645,0.0,3967.0,10240.0,24.18
2026/04/05 18:23:23.694,0.0,3967.0,10240.0,24.41
2026/04/05 18:23:24.997,0.0,3967.0,10240.0,24.09
2026/04/05 18:23:26.372,2.0,3967.0,10240.0,24.3
2026/04/05 18:23:27.673,0.0,3967.0,10240.0,24.53
2026/04/05 18:23:28.729,0.0,3967.0,10240.0,24.58
2026/04/05 18:23:29.780,0.0,3967.0,10240.0,24.62
2026/04/05 18:23:30.835,1.0,3967.0,10240.0,24.42
2026/04/05 18:23:31.895,0.0,3967.0,10240.0,24.41
2026/04/05 18:23:32.950,0.0,3967.0,10240.0,24.89
2026/04/05 18:23:34.004,0.0,3967.0,10240.0,24.98
2026/04/05 18:23:35.228,5.0,3967.0,10240.0,24.51
2026/04/05 18:23:36.280,0.0,3967.0,10240.0,24.24
2026/04/05 18:23:37.332,0.0,3967.0,10240.0,24.16
2026/04/05 18:23:38.382,0.0,3967.0,10240.0,24.48
2026/04/05 18:23:39.434,0.0,3967.0,10240.0,24.43
2026/04/05 18:23:40.486,0.0,3967.0,10240.0,24.61
2026/04/05 18:23:41.536,0.0,3967.0,10240.0,24.48
2026/04/05 18:23:42.589,0.0,3967.0,10240.0,24.32
2026/04/05 18:23:43.922,0.0,3967.0,10240.0,24.11
2026/04/05 18:23:44.974,1.0,3970.0,10240.0,24.35
2026/04/05 18:23:46.023,4.0,3966.0,10240.0,26.66
2026/04/05 18:23:47.072,4.0,3967.0,10240.0,24.92
2026/04/05 18:23:48.121,4.0,3967.0,10240.0,24.77
2026/04/05 18:23:49.168,5.0,3967.0,10240.0,24.65
2026/04/05 18:23:50.270,0.0,3967.0,10240.0,24.42
2026/04/05 18:23:51.332,0.0,3967.0,10240.0,24.18
2026/04/05 18:23:52.389,1.0,3967.0,10240.0,24.21
2026/04/05 18:23:53.445,1.0,3967.0,10240.0,24.32
2026/04/05 18:23:54.501,0.0,3967.0,10240.0,24.46
2026/04/05 18:23:55.555,0.0,3967.0,10240.0,24.28
2026/04/05 18:23:56.608,0.0,3967.0,10240.0,24.37
2026/04/05 18:23:57.658,0.0,3967.0,10240.0,24.29
2026/04/05 18:23:58.711,0.0,3967.0,10240.0,24.26
2026/04/05 18:23:59.762,0.0,3967.0,10240.0,24.11
2026/04/05 18:24:00.810,1.0,3967.0,10240.0,24.3
2026/04/05 18:24:01.861,0.0,3967.0,10240.0,24.21
2026/04/05 18:24:02.911,0.0,3967.0,10240.0,24.24
2026/04/05 18:24:03.961,0.0,3967.0,10240.0,24.26
2026/04/05 18:24:05.012,0.0,3967.0,10240.0,24.41
2026/04/05 18:24:06.070,0.0,3967.0,10240.0,24.29
2026/04/05 18:24:07.125,0.0,3967.0,10240.0,24.43
2026/04/05 18:24:08.175,1.0,3967.0,10240.0,25.01
2026/04/05 18:24:09.225,4.0,3967.0,10240.0,24.66
2026/04/05 18:24:10.274,4.0,3967.0,10240.0,24.84
2026/04/05 18:24:11.321,4.0,3967.0,10240.0,24.37
2026/04/05 18:24:12.371,4.0,3967.0,10240.0,24.3
2026/04/05 18:24:13.421,1.0,3967.0,10240.0,24.47
2026/04/05 18:24:14.471,1.0,3967.0,10240.0,24.4
2026/04/05 18:24:15.523,0.0,3967.0,10240.0,24.33
2026/04/05 18:24:16.573,0.0,3967.0,10240.0,24.55
2026/04/05 18:24:17.625,0.0,3967.0,10240.0,24.47
2026/04/05 18:24:18.673,0.0,3967.0,10240.0,24.4
2026/04/05 18:24:19.722,4.0,3966.0,10240.0,25.74
2026/04/05 18:24:20.770,1.0,3967.0,10240.0,25.74
2026/04/05 18:24:21.817,0.0,3967.0,10240.0,24.17
2026/04/05 18:24:22.865,0.0,3967.0,10240.0,24.24
2026/04/05 18:24:23.920,0.0,3967.0,10240.0,24.67
2026/04/05 18:24:24.974,0.0,3967.0,10240.0,24.56
2026/04/05 18:24:26.028,0.0,3967.0,10240.0,24.28
2026/04/05 18:24:27.078,0.0,3967.0,10240.0,24.3
2026/04/05 18:24:28.129,0.0,3967.0,10240.0,24.28
2026/04/05 18:24:29.181,0.0,3967.0,10240.0,24.11
2026/04/05 18:24:30.233,4.0,3967.0,10240.0,24.29
2026/04/05 18:24:31.284,4.0,3967.0,10240.0,24.67
2026/04/05 18:24:32.339,3.0,3967.0,10240.0,24.37
2026/04/05 18:24:33.392,2.0,3967.0,10240.0,24.41
2026/04/05 18:24:34.444,3.0,3967.0,10240.0,24.43
2026/04/05 18:24:35.496,3.0,3967.0,10240.0,24.45
2026/04/05 18:24:36.548,3.0,3967.0,10240.0,24.09
2026/04/05 18:24:37.600,3.0,3967.0,10240.0,24.29
2026/04/05 18:24:38.654,0.0,3967.0,10240.0,24.69
2026/04/05 18:24:39.707,1.0,3967.0,10240.0,24.55
2026/04/05 18:24:40.759,0.0,3967.0,10240.0,24.51
2026/04/05 18:24:41.818,0.0,3967.0,10240.0,24.36
2026/04/05 18:24:42.874,0.0,3967.0,10240.0,24.21
2026/04/05 18:24:43.925,0.0,3967.0,10240.0,24.02
2026/04/05 18:24:44.980,1.0,3967.0,10240.0,24.3
2026/04/05 18:24:46.030,0.0,3967.0,10240.0,24.25
2026/04/05 18:24:47.079,0.0,3967.0,10240.0,24.4
2026/04/05 18:24:48.131,0.0,3967.0,10240.0,24.39
2026/04/05 18:24:49.183,0.0,3967.0,10240.0,24.48
2026/04/05 18:24:50.236,0.0,3967.0,10240.0,24.58
2026/04/05 18:24:51.287,0.0,3967.0,10240.0,24.24
2026/04/05 18:24:52.338,0.0,3967.0,10240.0,24.55
2026/04/05 18:24:53.388,0.0,3967.0,10240.0,24.8
2026/04/05 18:24:54.443,8.0,3970.0,10240.0,24.96
2026/04/05 18:24:55.493,8.0,3966.0,10240.0,26.68
2026/04/05 18:24:56.542,4.0,3967.0,10240.0,24.71
2026/04/05 18:24:57.593,4.0,3967.0,10240.0,24.35
2026/04/05 18:24:58.651,0.0,3967.0,10240.0,24.08
2026/04/05 18:24:59.711,0.0,3967.0,10240.0,24.02
2026/04/05 18:25:00.763,1.0,3967.0,10240.0,24.65
2026/04/05 18:25:01.814,0.0,3967.0,10240.0,24.47
2026/04/05 18:25:02.867,0.0,3967.0,10240.0,24.55
2026/04/05 18:25:03.927,0.0,3967.0,10240.0,24.55
2026/04/05 18:25:04.985,0.0,3967.0,10240.0,24.65
2026/04/05 18:25:06.042,0.0,3967.0,10240.0,24.42
2026/04/05 18:25:07.098,0.0,3967.0,10240.0,24.39
2026/04/05 18:25:08.155,1.0,3967.0,10240.0,24.67
2026/04/05 18:25:09.207,0.0,3967.0,10240.0,24.43
2026/04/05 18:25:10.260,0.0,3967.0,10240.0,24.78
2026/04/05 18:25:11.310,0.0,3967.0,10240.0,24.32
2026/04/05 18:25:12.363,0.0,3967.0,10240.0,24.24
2026/04/05 18:25:13.415,3.0,3967.0,10240.0,24.51
2026/04/05 18:25:14.464,3.0,3967.0,10240.0,24.06
2026/04/05 18:25:15.513,2.0,3967.0,10240.0,24.55
2026/04/05 18:25:16.562,2.0,3967.0,10240.0,24.68
2026/04/05 18:25:17.612,3.0,3967.0,10240.0,24.57
2026/04/05 18:25:18.664,4.0,3967.0,10240.0,24.58
2026/04/05 18:25:19.714,4.0,3967.0,10240.0,24.69
2026/04/05 18:25:20.765,4.0,3967.0,10240.0,24.6
2026/04/05 18:25:21.815,0.0,3967.0,10240.0,24.52
2026/04/05 18:25:22.866,0.0,3967.0,10240.0,24.65
2026/04/05 18:25:23.918,0.0,3967.0,10240.0,24.77
2026/04/05 18:25:24.971,0.0,3967.0,10240.0,24.8
2026/04/05 18:25:26.021,0.0,3967.0,10240.0,24.6
2026/04/05 18:25:27.072,0.0,3967.0,10240.0,24.36
2026/04/05 18:25:28.125,0.0,3967.0,10240.0,24.25
2026/04/05 18:25:29.178,4.0,3966.0,10240.0,26.41
2026/04/05 18:25:30.229,1.0,3967.0,10240.0,24.98
2026/04/05 18:25:31.278,0.0,3967.0,10240.0,24.67
2026/04/05 18:25:32.326,0.0,3967.0,10240.0,24.41
2026/04/05 18:25:33.377,0.0,3967.0,10240.0,24.66
2026/04/05 18:25:34.429,0.0,3967.0,10240.0,24.66
2026/04/05 18:25:35.482,1.0,3967.0,10240.0,24.6
2026/04/05 18:25:36.534,0.0,3967.0,10240.0,24.28
2026/04/05 18:25:37.584,0.0,3967.0,10240.0,24.49
2026/04/05 18:25:38.635,4.0,3967.0,10240.0,24.84
2026/04/05 18:25:39.683,4.0,3967.0,10240.0,24.78
2026/04/05 18:25:40.734,4.0,3967.0,10240.0,24.73
2026/04/05 18:25:41.785,4.0,3967.0,10240.0,24.46
2026/04/05 18:25:42.836,0.0,3967.0,10240.0,24.35
2026/04/05 18:25:43.886,0.0,3967.0,10240.0,24.15
2026/04/05 18:25:44.935,0.0,3967.0,10240.0,24.15
2026/04/05 18:25:45.983,0.0,3967.0,10240.0,24.48
2026/04/05 18:25:47.032,0.0,3967.0,10240.0,24.55
2026/04/05 18:25:48.081,0.0,3967.0,10240.0,24.41
2026/04/05 18:25:49.130,0.0,3967.0,10240.0,24.44
2026/04/05 18:25:50.180,0.0,3967.0,10240.0,24.33
2026/04/05 18:25:51.230,0.0,3967.0,10240.0,24.41
2026/04/05 18:25:52.279,0.0,3967.0,10240.0,24.32
2026/04/05 18:25:53.332,0.0,3967.0,10240.0,24.43
2026/04/05 18:25:54.383,0.0,3967.0,10240.0,24.55
2026/04/05 18:25:55.428,0.0,3967.0,10240.0,24.31
2026/04/05 18:25:56.478,0.0,3967.0,10240.0,24.5
2026/04/05 18:25:57.528,0.0,3967.0,10240.0,24.21
2026/04/05 18:25:58.580,0.0,3967.0,10240.0,23.94
2026/04/05 18:25:59.629,1.0,3967.0,10240.0,24.21
2026/04/05 18:26:00.678,2.0,3967.0,10240.0,24.41
2026/04/05 18:26:01.728,0.0,3967.0,10240.0,24.33
2026/04/05 18:26:02.776,0.0,3967.0,10240.0,24.66
2026/04/05 18:26:03.823,9.0,3966.0,10240.0,26.37
2026/04/05 18:26:04.872,4.0,3967.0,10240.0,25.61
2026/04/05 18:26:05.920,4.0,3967.0,10240.0,24.31
2026/04/05 18:26:06.967,4.0,3967.0,10240.0,24.27
2026/04/05 18:26:08.017,0.0,3967.0,10240.0,24.68
2026/04/05 18:26:09.074,0.0,3967.0,10240.0,24.91
2026/04/05 18:26:10.130,0.0,3967.0,10240.0,24.42
2026/04/05 18:26:11.186,0.0,3967.0,10240.0,24.47
2026/04/05 18:26:12.244,0.0,3967.0,10240.0,24.23
2026/04/05 18:26:13.299,0.0,3967.0,10240.0,23.98
2026/04/05 18:26:14.349,0.0,3967.0,10240.0,24.11
2026/04/05 18:26:15.398,0.0,3967.0,10240.0,24.41
2026/04/05 18:26:16.450,0.0,3967.0,10240.0,24.51
2026/04/05 18:26:17.500,0.0,3967.0,10240.0,24.26
2026/04/05 18:26:18.547,0.0,3967.0,10240.0,24.55
2026/04/05 18:26:19.592,0.0,3967.0,10240.0,24.49
2026/04/05 18:26:20.639,0.0,3967.0,10240.0,24.43
2026/04/05 18:26:21.686,0.0,3967.0,10240.0,24.4
2026/04/05 18:26:22.736,0.0,3967.0,10240.0,24.53
2026/04/05 18:26:23.783,2.0,3967.0,10240.0,24.72
2026/04/05 18:26:24.834,1.0,3967.0,10240.0,24.68
2026/04/05 18:26:25.883,2.0,3967.0,10240.0,24.57
2026/04/05 18:26:26.937,0.0,3967.0,10240.0,24.58
2026/04/05 18:26:27.987,4.0,3967.0,10240.0,24.22
2026/04/05 18:26:29.037,4.0,3967.0,10240.0,24.22
2026/04/05 18:26:30.087,4.0,3967.0,10240.0,24.53
2026/04/05 18:26:31.138,4.0,3967.0,10240.0,24.62
2026/04/05 18:26:32.190,0.0,3967.0,10240.0,24.34
2026/04/05 18:26:33.236,0.0,3967.0,10240.0,24.39
2026/04/05 18:26:34.284,0.0,3967.0,10240.0,24.44
2026/04/05 18:26:35.331,0.0,3967.0,10240.0,24.41
2026/04/05 18:26:36.378,4.0,3966.0,10240.0,25.52
2026/04/05 18:26:37.424,1.0,3967.0,10240.0,25.9
2026/04/05 18:26:38.471,0.0,3967.0,10240.0,24.73
2026/04/05 18:26:39.518,0.0,3967.0,10240.0,24.58
2026/04/05 18:26:40.566,0.0,3967.0,10240.0,24.32
2026/04/05 18:26:41.615,0.0,3967.0,10240.0,24.49
2026/04/05 18:26:42.669,0.0,3966.0,10240.0,24.39
2026/04/05 18:26:43.718,0.0,3966.0,10240.0,23.95
2026/04/05 18:26:44.767,0.0,3966.0,10240.0,24.39
2026/04/05 18:26:45.821,0.0,3966.0,10240.0,24.28
2026/04/05 18:26:46.871,0.0,3966.0,10240.0,24.43
2026/04/05 18:26:47.926,0.0,3966.0,10240.0,24.32
2026/04/05 18:26:48.980,1.0,3966.0,10240.0,24.28
2026/04/05 18:26:50.032,1.0,3966.0,10240.0,24.51
2026/04/05 18:26:51.082,1.0,3966.0,10240.0,24.4
2026/04/05 18:26:52.131,1.0,3966.0,10240.0,24.64
2026/04/05 18:26:53.179,4.0,3966.0,10240.0,24.47
2026/04/05 18:26:54.229,4.0,3966.0,10240.0,24.42
2026/04/05 18:26:55.278,4.0,3966.0,10240.0,24.33
2026/04/05 18:26:56.326,5.0,3966.0,10240.0,24.49
2026/04/05 18:26:57.375,0.0,3966.0,10240.0,24.34
2026/04/05 18:26:58.426,0.0,3955.0,10240.0,24.2
2026/04/05 18:26:59.474,0.0,3954.0,10240.0,24.74
2026/04/05 18:27:00.526,0.0,3954.0,10240.0,24.56
2026/04/05 18:27:01.579,0.0,3954.0,10240.0,24.84
2026/04/05 18:27:02.630,0.0,3954.0,10240.0,24.64
2026/04/05 18:27:03.678,0.0,3954.0,10240.0,24.6
2026/04/05 18:27:04.727,0.0,3954.0,10240.0,24.72
2026/04/05 18:27:05.775,0.0,3954.0,10240.0,24.3
2026/04/05 18:27:06.825,0.0,3954.0,10240.0,24.41
2026/04/05 18:27:07.878,1.0,3954.0,10240.0,24.66
2026/04/05 18:27:08.926,0.0,3954.0,10240.0,24.81
2026/04/05 18:27:09.975,0.0,3954.0,10240.0,24.59
2026/04/05 18:27:11.026,4.0,3958.0,10240.0,24.81
2026/04/05 18:27:12.077,3.0,3954.0,10240.0,26.42
2026/04/05 18:27:13.124,0.0,3954.0,10240.0,24.6
2026/04/05 18:27:14.171,4.0,3954.0,10240.0,24.46
2026/04/05 18:27:15.224,4.0,3954.0,10240.0,24.69
2026/04/05 18:27:16.275,4.0,3954.0,10240.0,24.51
2026/04/05 18:27:17.323,4.0,3954.0,10240.0,24.67
2026/04/05 18:27:18.373,0.0,3954.0,10240.0,24.34
2026/04/05 18:27:19.427,0.0,3954.0,10240.0,24.36
2026/04/05 18:27:20.480,0.0,3954.0,10240.0,24.24
2026/04/05 18:27:21.532,1.0,3954.0,10240.0,24.43
2026/04/05 18:27:22.582,0.0,3954.0,10240.0,24.38
2026/04/05 18:27:23.634,0.0,3954.0,10240.0,24.47
2026/04/05 18:27:24.686,0.0,3954.0,10240.0,24.54
2026/04/05 18:27:25.735,0.0,3954.0,10240.0,24.32
2026/04/05 18:27:26.783,0.0,3954.0,10240.0,24.48
2026/04/05 18:27:27.831,0.0,3954.0,10240.0,24.35
2026/04/05 18:27:28.883,0.0,3954.0,10240.0,24.22
2026/04/05 18:27:29.931,0.0,3954.0,10240.0,24.23
2026/04/05 18:27:30.981,0.0,3954.0,10240.0,24.42
2026/04/05 18:27:32.031,0.0,3954.0,10240.0,24.49
2026/04/05 18:27:33.083,0.0,3954.0,10240.0,24.61
2026/04/05 18:27:34.139,0.0,3954.0,10240.0,24.68
2026/04/05 18:27:35.190,1.0,3954.0,10240.0,24.31
2026/04/05 18:27:36.239,1.0,3954.0,10240.0,24.46
2026/04/05 18:27:37.287,0.0,3954.0,10240.0,24.51
2026/04/05 18:27:38.332,1.0,3954.0,10240.0,24.68
2026/04/05 18:27:39.382,4.0,3954.0,10240.0,24.39
2026/04/05 18:27:40.433,4.0,3954.0,10240.0,24.36
2026/04/05 18:27:41.482,4.0,3954.0,10240.0,24.3
2026/04/05 18:27:42.531,4.0,3954.0,10240.0,24.32
2026/04/05 18:27:43.580,0.0,3954.0,10240.0,24.44
2026/04/05 18:27:44.629,0.0,3954.0,10240.0,24.38
2026/04/05 18:27:45.677,4.0,3953.0,10240.0,26.8
2026/04/05 18:27:46.725,0.0,3954.0,10240.0,25.59
2026/04/05 18:27:47.772,0.0,3954.0,10240.0,24.61
2026/04/05 18:27:48.822,0.0,3954.0,10240.0,24.51
2026/04/05 18:27:49.876,0.0,3954.0,10240.0,24.33
2026/04/05 18:27:50.925,0.0,3954.0,10240.0,24.4
2026/04/05 18:27:51.976,0.0,3954.0,10240.0,24.38
2026/04/05 18:27:53.028,0.0,3954.0,10240.0,24.41
2026/04/05 18:27:54.079,1.0,3954.0,10240.0,24.39
2026/04/05 18:27:55.128,0.0,3954.0,10240.0,24.32
2026/04/05 18:27:56.177,0.0,3954.0,10240.0,24.37
2026/04/05 18:27:57.233,0.0,3954.0,10240.0,24.37
2026/04/05 18:27:58.286,0.0,3954.0,10240.0,24.05
2026/04/05 18:27:59.337,0.0,3954.0,10240.0,24.27
2026/04/05 18:28:00.389,3.0,3954.0,10240.0,24.75
2026/04/05 18:28:01.438,3.0,3954.0,10240.0,24.84
2026/04/05 18:28:02.487,4.0,3954.0,10240.0,24.57
2026/04/05 18:28:03.534,3.0,3954.0,10240.0,24.55
2026/04/05 18:28:04.582,1.0,3954.0,10240.0,24.34
2026/04/05 18:28:05.636,1.0,3954.0,10240.0,24.4
2026/04/05 18:28:06.689,2.0,3967.0,10240.0,24.74
2026/04/05 18:28:07.738,1.0,3967.0,10240.0,24.95
2026/04/05 18:28:08.788,0.0,3967.0,10240.0,24.68
2026/04/05 18:28:09.837,0.0,3967.0,10240.0,24.55
2026/04/05 18:28:10.887,0.0,3967.0,10240.0,24.28
2026/04/05 18:28:11.936,0.0,3967.0,10240.0,24.33
2026/04/05 18:28:12.984,0.0,3967.0,10240.0,24.24
2026/04/05 18:28:14.035,0.0,3967.0,10240.0,24.17
2026/04/05 18:28:15.085,0.0,3967.0,10240.0,24.57
2026/04/05 18:28:16.133,0.0,3967.0,10240.0,24.42
2026/04/05 18:28:17.181,0.0,3967.0,10240.0,24.63
2026/04/05 18:28:18.231,0.0,3967.0,10240.0,24.5
2026/04/05 18:28:19.281,0.0,3967.0,10240.0,24.24
2026/04/05 18:28:20.335,3.0,3970.0,10240.0,24.83
2026/04/05 18:28:21.386,5.0,3967.0,10240.0,26.38
2026/04/05 18:28:22.436,0.0,3967.0,10240.0,25.14
2026/04/05 18:28:23.482,0.0,3967.0,10240.0,24.81
2026/04/05 18:28:24.530,0.0,3967.0,10240.0,24.91
2026/04/05 18:28:25.581,4.0,3967.0,10240.0,24.4
2026/04/05 18:28:26.633,4.0,3967.0,10240.0,24.39
2026/04/05 18:28:27.685,4.0,3967.0,10240.0,24.35
2026/04/05 18:28:28.736,4.0,3967.0,10240.0,24.26
2026/04/05 18:28:29.787,0.0,3967.0,10240.0,24.4
2026/04/05 18:28:30.838,0.0,3967.0,10240.0,24.43
2026/04/05 18:28:31.894,0.0,3967.0,10240.0,24.65
2026/04/05 18:28:32.949,0.0,3967.0,10240.0,24.65
2026/04/05 18:28:34.004,0.0,3967.0,10240.0,24.32
2026/04/05 18:28:35.058,0.0,3967.0,10240.0,24.22
2026/04/05 18:28:36.107,0.0,3967.0,10240.0,24.62
2026/04/05 18:28:37.157,2.0,3967.0,10240.0,24.62
2026/04/05 18:28:38.206,1.0,3967.0,10240.0,24.77
2026/04/05 18:28:39.257,0.0,3967.0,10240.0,24.45
2026/04/05 18:28:40.307,0.0,3967.0,10240.0,24.42
2026/04/05 18:28:41.359,0.0,3967.0,10240.0,24.38
2026/04/05 18:28:42.408,2.0,3967.0,10240.0,24.36
2026/04/05 18:28:43.460,0.0,3967.0,10240.0,24.41
2026/04/05 18:28:44.512,0.0,3967.0,10240.0,24.43
2026/04/05 18:28:45.561,4.0,3967.0,10240.0,24.92
2026/04/05 18:28:46.609,4.0,3967.0,10240.0,24.8
2026/04/05 18:28:47.658,4.0,3967.0,10240.0,24.48
2026/04/05 18:28:48.710,4.0,3967.0,10240.0,24.28
2026/04/05 18:28:49.762,0.0,3967.0,10240.0,24.25
2026/04/05 18:28:50.812,0.0,3967.0,10240.0,24.25
2026/04/05 18:28:51.862,0.0,3967.0,10240.0,24.18
2026/04/05 18:28:52.911,0.0,3967.0,10240.0,24.62
2026/04/05 18:28:53.957,4.0,3971.0,10240.0,24.9
2026/04/05 18:28:55.009,3.0,3967.0,10240.0,26.25
2026/04/05 18:28:56.057,0.0,3967.0,10240.0,24.38
2026/04/05 18:28:57.105,0.0,3967.0,10240.0,24.24
2026/04/05 18:28:58.158,0.0,3967.0,10240.0,24.34
2026/04/05 18:28:59.212,0.0,3967.0,10240.0,24.32
2026/04/05 18:29:00.266,0.0,3967.0,10240.0,24.61
2026/04/05 18:29:01.323,0.0,3967.0,10240.0,24.85
2026/04/05 18:29:02.368,0.0,3967.0,10240.0,24.6
2026/04/05 18:29:03.417,0.0,3967.0,10240.0,24.69
2026/04/05 18:29:04.467,0.0,3967.0,10240.0,24.52
2026/04/05 18:29:05.519,0.0,3967.0,10240.0,24.41
2026/04/05 18:29:06.571,0.0,3967.0,10240.0,24.42
2026/04/05 18:29:07.621,2.0,3967.0,10240.0,24.61
2026/04/05 18:29:08.672,1.0,3967.0,10240.0,24.75
2026/04/05 18:29:09.720,0.0,3967.0,10240.0,24.24
2026/04/05 18:29:10.767,3.0,3967.0,10240.0,24.21
2026/04/05 18:29:11.815,4.0,3967.0,10240.0,24.27
2026/04/05 18:29:12.868,4.0,3967.0,10240.0,24.24
2026/04/05 18:29:13.921,4.0,3967.0,10240.0,24.27
2026/04/05 18:29:14.972,0.0,3967.0,10240.0,24.6
2026/04/05 18:29:16.023,0.0,3967.0,10240.0,24.43
2026/04/05 18:29:17.074,0.0,3967.0,10240.0,24.54
2026/04/05 18:29:18.122,0.0,3967.0,10240.0,24.67
2026/04/05 18:29:19.170,0.0,3967.0,10240.0,24.19
2026/04/05 18:29:20.218,6.0,3971.0,10240.0,24.79
2026/04/05 18:29:21.267,0.0,3968.0,10240.0,24.95
2026/04/05 18:29:22.317,0.0,3964.0,10240.0,24.49
2026/04/05 18:29:23.369,0.0,3963.0,10240.0,24.68
2026/04/05 18:29:24.418,0.0,3963.0,10240.0,24.51
2026/04/05 18:29:25.467,0.0,3963.0,10240.0,24.43
2026/04/05 18:29:26.513,0.0,3963.0,10240.0,24.19
2026/04/05 18:29:27.565,0.0,3963.0,10240.0,24.06
2026/04/05 18:29:28.614,4.0,3966.0,10240.0,25.16
2026/04/05 18:29:29.664,4.0,3967.0,10240.0,26.87
2026/04/05 18:29:30.712,0.0,3967.0,10240.0,24.84
2026/04/05 18:29:31.759,3.0,3967.0,10240.0,25.0
2026/04/05 18:29:32.808,6.0,3967.0,10240.0,25.04
2026/04/05 18:29:33.861,3.0,3967.0,10240.0,24.3
2026/04/05 18:29:34.913,3.0,3967.0,10240.0,24.34
2026/04/05 18:29:35.963,0.0,3967.0,10240.0,24.47
2026/04/05 18:29:37.017,1.0,3967.0,10240.0,24.62
2026/04/05 18:29:38.071,2.0,3967.0,10240.0,24.7
2026/04/05 18:29:39.122,0.0,3967.0,10240.0,24.53
2026/04/05 18:29:40.171,0.0,3967.0,10240.0,24.33
2026/04/05 18:29:41.220,0.0,3967.0,10240.0,24.18
2026/04/05 18:29:42.272,0.0,3967.0,10240.0,24.13
2026/04/05 18:29:43.322,0.0,3967.0,10240.0,24.48
2026/04/05 18:29:44.374,0.0,3967.0,10240.0,24.49
2026/04/05 18:29:45.426,0.0,3967.0,10240.0,24.55
2026/04/05 18:29:46.475,0.0,3967.0,10240.0,24.42
2026/04/05 18:29:47.522,0.0,3967.0,10240.0,24.44
2026/04/05 18:29:48.568,0.0,3967.0,10240.0,24.57
2026/04/05 18:29:49.612,0.0,3967.0,10240.0,24.24
2026/04/05 18:29:50.656,0.0,3967.0,10240.0,24.5
2026/04/05 18:29:51.700,1.0,3967.0,10240.0,24.45
2026/04/05 18:29:52.747,0.0,3967.0,10240.0,24.65
2026/04/05 18:29:53.797,0.0,3967.0,10240.0,24.56
2026/04/05 18:29:54.846,0.0,3967.0,10240.0,24.6
2026/04/05 18:29:55.892,0.0,3967.0,10240.0,24.22
2026/04/05 18:29:56.941,4.0,3967.0,10240.0,24.05
2026/04/05 18:29:57.988,4.0,3967.0,10240.0,24.25
2026/04/05 18:29:59.041,4.0,3967.0,10240.0,24.56
2026/04/05 18:30:00.089,4.0,3967.0,10240.0,24.47
2026/04/05 18:30:01.138,0.0,3967.0,10240.0,24.43
2026/04/05 18:30:02.186,4.0,3970.0,10240.0,25.03
2026/04/05 18:30:03.234,4.0,3967.0,10240.0,26.15
2026/04/05 18:30:04.282,0.0,3967.0,10240.0,24.27
2026/04/05 18:30:05.329,0.0,3967.0,10240.0,24.42
2026/04/05 18:30:06.377,0.0,3967.0,10240.0,24.53
2026/04/05 18:30:07.425,0.0,3967.0,10240.0,24.61
2026/04/05 18:30:08.473,0.0,3967.0,10240.0,24.82
2026/04/05 18:30:09.524,0.0,3967.0,10240.0,24.32
2026/04/05 18:30:10.575,0.0,3967.0,10240.0,24.29
2026/04/05 18:30:11.623,0.0,3967.0,10240.0,24.09
2026/04/05 18:30:12.672,0.0,3967.0,10240.0,24.14
2026/04/05 18:30:13.720,0.0,3967.0,10240.0,24.53
2026/04/05 18:30:14.770,0.0,3967.0,10240.0,24.67
2026/04/05 18:30:15.824,0.0,3967.0,10240.0,24.56
2026/04/05 18:30:16.876,0.0,3967.0,10240.0,24.58
2026/04/05 18:30:17.927,3.0,3967.0,10240.0,24.67
2026/04/05 18:30:18.978,3.0,3967.0,10240.0,24.59
2026/04/05 18:30:20.028,1.0,3967.0,10240.0,24.22
2026/04/05 18:30:21.076,2.0,3967.0,10240.0,24.61
2026/04/05 18:30:22.123,2.0,3967.0,10240.0,24.47
2026/04/05 18:30:23.173,2.0,3967.0,10240.0,24.43
2026/04/05 18:30:24.218,2.0,3967.0,10240.0,24.49
2026/04/05 18:30:25.265,2.0,3967.0,10240.0,24.3
2026/04/05 18:30:26.314,0.0,3967.0,10240.0,24.18
2026/04/05 18:30:27.363,0.0,3967.0,10240.0,23.97
2026/04/05 18:30:28.410,1.0,3967.0,10240.0,24.52
2026/04/05 18:30:29.457,0.0,3967.0,10240.0,24.59
2026/04/05 18:30:30.506,0.0,3967.0,10240.0,24.59
2026/04/05 18:30:31.555,0.0,3967.0,10240.0,24.55
2026/04/05 18:30:32.604,0.0,3967.0,10240.0,24.29
2026/04/05 18:30:33.654,0.0,3967.0,10240.0,24.42
2026/04/05 18:30:34.704,0.0,3967.0,10240.0,24.2
2026/04/05 18:30:35.751,4.0,3970.0,10240.0,25.06
2026/04/05 18:30:36.799,3.0,3967.0,10240.0,26.0
2026/04/05 18:30:37.847,0.0,3967.0,10240.0,24.42
2026/04/05 18:30:38.895,0.0,3967.0,10240.0,24.68
2026/04/05 18:30:39.948,0.0,3967.0,10240.0,24.34
2026/04/05 18:30:41.000,0.0,3967.0,10240.0,24.69
2026/04/05 18:30:42.056,0.0,3967.0,10240.0,24.06
2026/04/05 18:30:43.106,4.0,3967.0,10240.0,24.53
2026/04/05 18:30:44.156,4.0,3967.0,10240.0,24.74
2026/04/05 18:30:45.205,4.0,3967.0,10240.0,24.59
2026/04/05 18:30:46.255,4.0,3967.0,10240.0,24.49
2026/04/05 18:30:47.307,0.0,3967.0,10240.0,24.42
2026/04/05 18:30:48.357,0.0,3967.0,10240.0,24.31
2026/04/05 18:30:49.408,0.0,3967.0,10240.0,24.42
2026/04/05 18:30:50.456,0.0,3967.0,10240.0,24.25
2026/04/05 18:30:51.504,0.0,3967.0,10240.0,24.56
2026/04/05 18:30:52.552,0.0,3967.0,10240.0,24.61
2026/04/05 18:30:53.599,1.0,3967.0,10240.0,24.61
2026/04/05 18:30:54.649,0.0,3967.0,10240.0,24.57
2026/04/05 18:30:55.701,0.0,3967.0,10240.0,24.28
2026/04/05 18:30:56.750,0.0,3967.0,10240.0,23.98
2026/04/05 18:30:57.800,0.0,3967.0,10240.0,24.24
2026/04/05 18:30:58.849,1.0,3967.0,10240.0,24.37
2026/04/05 18:30:59.898,0.0,3967.0,10240.0,24.36
2026/04/05 18:31:00.947,0.0,3967.0,10240.0,24.43
2026/04/05 18:31:01.997,0.0,3967.0,10240.0,24.34
2026/04/05 18:31:03.050,0.0,3967.0,10240.0,24.28
2026/04/05 18:31:04.102,0.0,3967.0,10240.0,24.45
2026/04/05 18:31:05.150,0.0,3967.0,10240.0,24.54
2026/04/05 18:31:06.199,0.0,3967.0,10240.0,24.51
2026/04/05 18:31:07.252,0.0,3967.0,10240.0,24.61
2026/04/05 18:31:08.302,4.0,3967.0,10240.0,24.7
2026/04/05 18:31:09.350,7.0,3966.0,10240.0,25.97
2026/04/05 18:31:10.401,5.0,3967.0,10240.0,25.75
2026/04/05 18:31:11.449,4.0,3967.0,10240.0,24.03
2026/04/05 18:31:12.496,0.0,3967.0,10240.0,24.16
2026/04/05 18:31:13.544,0.0,3967.0,10240.0,24.36
2026/04/05 18:31:14.596,1.0,3967.0,10240.0,24.59
2026/04/05 18:31:15.651,0.0,3967.0,10240.0,24.31
2026/04/05 18:31:16.703,0.0,3967.0,10240.0,24.53
2026/04/05 18:31:17.754,0.0,3967.0,10240.0,24.48
2026/04/05 18:31:18.809,0.0,3967.0,10240.0,24.2
2026/04/05 18:31:19.860,0.0,3967.0,10240.0,24.21
2026/04/05 18:31:20.911,0.0,3967.0,10240.0,24.25
2026/04/05 18:31:21.961,0.0,3967.0,10240.0,24.36
2026/04/05 18:31:23.009,0.0,3967.0,10240.0,24.31
2026/04/05 18:31:24.058,1.0,3967.0,10240.0,24.37
2026/04/05 18:31:25.108,0.0,3967.0,10240.0,24.17
2026/04/05 18:31:26.160,0.0,3967.0,10240.0,24.13
2026/04/05 18:31:27.212,0.0,3967.0,10240.0,24.22
2026/04/05 18:31:28.268,0.0,3967.0,10240.0,24.06
2026/04/05 18:31:29.320,2.0,3967.0,10240.0,24.73
2026/04/05 18:31:30.373,2.0,3967.0,10240.0,24.73
2026/04/05 18:31:31.424,1.0,3967.0,10240.0,24.73
2026/04/05 18:31:32.476,1.0,3967.0,10240.0,24.57
2026/04/05 18:31:33.531,3.0,3967.0,10240.0,24.23
2026/04/05 18:31:34.582,5.0,3967.0,10240.0,24.65
2026/04/05 18:31:35.635,4.0,3967.0,10240.0,24.43
2026/04/05 18:31:36.686,0.0,3967.0,10240.0,24.42
2026/04/05 18:31:37.735,0.0,3967.0,10240.0,24.46
2026/04/05 18:31:38.786,0.0,3967.0,10240.0,24.49
2026/04/05 18:31:39.840,0.0,3967.0,10240.0,24.36
2026/04/05 18:31:40.889,0.0,3967.0,10240.0,24.28
2026/04/05 18:31:41.937,0.0,3967.0,10240.0,24.39
2026/04/05 18:31:42.986,0.0,3967.0,10240.0,24.5
2026/04/05 18:31:44.028,4.0,3970.0,10240.0,25.34
2026/04/05 18:31:45.073,4.0,3967.0,10240.0,27.05
2026/04/05 18:31:46.121,0.0,3967.0,10240.0,24.81
2026/04/05 18:31:47.170,0.0,3967.0,10240.0,24.61
2026/04/05 18:31:48.221,0.0,3967.0,10240.0,24.36
2026/04/05 18:31:49.275,1.0,3967.0,10240.0,24.34
2026/04/05 18:31:50.326,0.0,3967.0,10240.0,24.49
2026/04/05 18:31:51.379,0.0,3967.0,10240.0,24.51
2026/04/05 18:31:52.432,0.0,3967.0,10240.0,24.54
2026/04/05 18:31:53.483,4.0,3967.0,10240.0,24.73
2026/04/05 18:31:54.535,4.0,3967.0,10240.0,24.65
2026/04/05 18:31:55.587,4.0,3967.0,10240.0,24.22
2026/04/05 18:31:56.637,4.0,3967.0,10240.0,24.19
2026/04/05 18:31:57.685,0.0,3967.0,10240.0,24.47
2026/04/05 18:31:58.734,0.0,3967.0,10240.0,24.28
2026/04/05 18:31:59.780,0.0,3967.0,10240.0,24.52
2026/04/05 18:32:00.826,2.0,3967.0,10240.0,24.58
2026/04/05 18:32:01.872,1.0,3967.0,10240.0,24.4
2026/04/05 18:32:02.921,0.0,3967.0,10240.0,24.19
2026/04/05 18:32:03.971,0.0,3967.0,10240.0,24.0
2026/04/05 18:32:05.023,0.0,3967.0,10240.0,24.39
2026/04/05 18:32:06.073,0.0,3967.0,10240.0,24.44
2026/04/05 18:32:07.122,0.0,3967.0,10240.0,24.65
2026/04/05 18:32:08.174,1.0,3967.0,10240.0,24.77
2026/04/05 18:32:09.224,0.0,3967.0,10240.0,24.24
2026/04/05 18:32:10.271,0.0,3967.0,10240.0,24.33
2026/04/05 18:32:11.319,0.0,3967.0,10240.0,23.99
2026/04/05 18:32:12.366,0.0,3967.0,10240.0,24.28
2026/04/05 18:32:13.413,0.0,3967.0,10240.0,24.38
2026/04/05 18:32:14.466,0.0,3967.0,10240.0,24.48
2026/04/05 18:32:15.516,0.0,3967.0,10240.0,24.66
2026/04/05 18:32:16.564,0.0,3967.0,10240.0,24.64
2026/04/05 18:32:17.611,4.0,3966.0,10240.0,25.67
2026/04/05 18:32:18.657,1.0,3967.0,10240.0,25.58
2026/04/05 18:32:19.703,4.0,3967.0,10240.0,24.6
2026/04/05 18:32:20.752,4.0,3967.0,10240.0,24.53
2026/04/05 18:32:21.803,4.0,3967.0,10240.0,24.69
2026/04/05 18:32:22.860,4.0,3967.0,10240.0,24.46
2026/04/05 18:32:23.919,0.0,3967.0,10240.0,24.43
2026/04/05 18:32:24.974,0.0,3967.0,10240.0,24.77
2026/04/05 18:32:26.024,0.0,3967.0,10240.0,24.28
2026/04/05 18:32:27.074,0.0,3967.0,10240.0,24.15
2026/04/05 18:32:28.122,0.0,3967.0,10240.0,24.42
2026/04/05 18:32:29.171,0.0,3967.0,10240.0,24.64
2026/04/05 18:32:30.222,0.0,3967.0,10240.0,24.92
2026/04/05 18:32:31.272,0.0,3967.0,10240.0,24.83
2026/04/05 18:32:32.319,0.0,3967.0,10240.0,24.6
2026/04/05 18:32:33.367,0.0,3967.0,10240.0,24.38
2026/04/05 18:32:34.413,0.0,3967.0,10240.0,24.52
2026/04/05 18:32:35.460,0.0,3967.0,10240.0,24.68
2026/04/05 18:32:36.507,0.0,3967.0,10240.0,24.62
2026/04/05 18:32:37.557,0.0,3967.0,10240.0,24.71
2026/04/05 18:32:38.611,0.0,3967.0,10240.0,24.81
2026/04/05 18:32:39.665,4.0,3967.0,10240.0,24.91
2026/04/05 18:32:40.715,3.0,3967.0,10240.0,24.4
2026/04/05 18:32:41.765,2.0,3967.0,10240.0,24.54
2026/04/05 18:32:42.816,1.0,3967.0,10240.0,24.51
2026/04/05 18:32:43.865,3.0,3967.0,10240.0,24.56
2026/04/05 18:32:44.914,4.0,3967.0,10240.0,24.75
2026/04/05 18:32:45.963,4.0,3967.0,10240.0,24.77
2026/04/05 18:32:47.014,4.0,3967.0,10240.0,24.74
2026/04/05 18:32:48.067,0.0,3967.0,10240.0,24.54
2026/04/05 18:32:49.118,0.0,3967.0,10240.0,24.41
2026/04/05 18:32:50.168,0.0,3967.0,10240.0,24.62
2026/04/05 18:32:51.220,0.0,3967.0,10240.0,24.54
2026/04/05 18:32:52.268,4.0,3966.0,10240.0,25.88
2026/04/05 18:32:53.316,1.0,3967.0,10240.0,25.62
2026/04/05 18:32:54.364,0.0,3967.0,10240.0,24.28
2026/04/05 18:32:55.413,0.0,3967.0,10240.0,24.39
2026/04/05 18:32:56.467,0.0,3967.0,10240.0,24.44
2026/04/05 18:32:57.522,0.0,3967.0,10240.0,24.56
2026/04/05 18:32:58.579,0.0,3967.0,10240.0,24.61
2026/04/05 18:32:59.630,0.0,3967.0,10240.0,24.54
2026/04/05 18:33:00.681,1.0,3967.0,10240.0,24.78
2026/04/05 18:33:01.734,0.0,3967.0,10240.0,24.63
2026/04/05 18:33:02.784,0.0,3967.0,10240.0,24.48
2026/04/05 18:33:03.834,0.0,3967.0,10240.0,24.71
2026/04/05 18:33:04.879,5.0,3967.0,10240.0,24.9
2026/04/05 18:33:05.926,4.0,3967.0,10240.0,24.67
2026/04/05 18:33:06.976,4.0,3967.0,10240.0,24.38
2026/04/05 18:33:08.026,5.0,3967.0,10240.0,24.35
2026/04/05 18:33:09.075,0.0,3967.0,10240.0,24.43
2026/04/05 18:33:10.125,3.0,3966.0,10240.0,24.38
2026/04/05 18:33:11.174,1.0,3966.0,10240.0,24.15
2026/04/05 18:33:12.226,2.0,3966.0,10240.0,24.3
2026/04/05 18:33:13.277,0.0,3966.0,10240.0,24.43
2026/04/05 18:33:14.325,0.0,3966.0,10240.0,24.33
2026/04/05 18:33:15.377,0.0,3966.0,10240.0,24.58
2026/04/05 18:33:16.430,0.0,3966.0,10240.0,24.34
2026/04/05 18:33:17.481,0.0,3966.0,10240.0,24.41
2026/04/05 18:33:18.529,0.0,3966.0,10240.0,24.28
2026/04/05 18:33:19.580,0.0,3966.0,10240.0,24.49
2026/04/05 18:33:20.630,0.0,3966.0,10240.0,24.64
2026/04/05 18:33:21.678,0.0,3966.0,10240.0,24.52
2026/04/05 18:33:22.726,0.0,3966.0,10240.0,24.4
2026/04/05 18:33:23.778,0.0,3966.0,10240.0,24.41
2026/04/05 18:33:24.830,0.0,3966.0,10240.0,24.13
2026/04/05 18:33:25.880,4.0,3965.0,10240.0,26.32
2026/04/05 18:33:26.936,0.0,3966.0,10240.0,25.7
2026/04/05 18:33:27.991,0.0,3966.0,10240.0,24.66
2026/04/05 18:33:29.046,0.0,3966.0,10240.0,24.93
2026/04/05 18:33:30.098,3.0,3966.0,10240.0,24.9
2026/04/05 18:33:31.155,4.0,3966.0,10240.0,24.68
2026/04/05 18:33:32.206,3.0,3966.0,10240.0,24.36
2026/04/05 18:33:33.259,0.0,3966.0,10240.0,24.35
2026/04/05 18:33:34.317,0.0,3966.0,10240.0,24.46
2026/04/05 18:33:35.371,2.0,3966.0,10240.0,24.76
2026/04/05 18:33:36.428,1.0,3966.0,10240.0,24.76
2026/04/05 18:33:37.480,0.0,3966.0,10240.0,24.44
2026/04/05 18:33:38.530,0.0,3967.0,10240.0,24.52
2026/04/05 18:33:39.580,0.0,3967.0,10240.0,24.34
2026/04/05 18:33:40.630,0.0,3967.0,10240.0,24.41
2026/04/05 18:33:41.687,0.0,3967.0,10240.0,24.26
2026/04/05 18:33:42.738,0.0,3967.0,10240.0,24.45
2026/04/05 18:33:43.788,0.0,3967.0,10240.0,24.51
2026/04/05 18:33:44.836,0.0,3967.0,10240.0,24.64
2026/04/05 18:33:45.886,0.0,3967.0,10240.0,24.58
2026/04/05 18:33:46.941,0.0,3967.0,10240.0,24.24
2026/04/05 18:33:47.990,0.0,3967.0,10240.0,24.34
2026/04/05 18:33:49.039,0.0,3967.0,10240.0,24.67
2026/04/05 18:33:50.095,0.0,3967.0,10240.0,24.62
2026/04/05 18:33:51.146,0.0,3967.0,10240.0,24.85
2026/04/05 18:33:52.194,0.0,3967.0,10240.0,24.84
2026/04/05 18:33:53.245,4.0,3967.0,10240.0,24.64
2026/04/05 18:33:54.292,4.0,3967.0,10240.0,24.37
2026/04/05 18:33:55.343,4.0,3967.0,10240.0,24.05
2026/04/05 18:33:56.396,4.0,3967.0,10240.0,24.38
2026/04/05 18:33:57.445,0.0,3967.0,10240.0,24.52
2026/04/05 18:33:58.493,0.0,3967.0,10240.0,24.6
2026/04/05 18:33:59.543,0.0,3967.0,10240.0,24.44
2026/04/05 18:34:00.593,4.0,3966.0,10240.0,26.39
2026/04/05 18:34:01.641,0.0,3967.0,10240.0,25.14
2026/04/05 18:34:02.686,0.0,3967.0,10240.0,24.26
2026/04/05 18:34:03.735,0.0,3967.0,10240.0,24.53
2026/04/05 18:34:04.791,0.0,3971.0,10240.0,24.29
2026/04/05 18:34:05.843,0.0,3971.0,10240.0,24.74
2026/04/05 18:34:06.892,0.0,3971.0,10240.0,24.45
2026/04/05 18:34:07.945,1.0,3971.0,10240.0,24.41
2026/04/05 18:34:08.997,0.0,3971.0,10240.0,24.3
2026/04/05 18:34:10.050,0.0,3971.0,10240.0,24.33
2026/04/05 18:34:11.100,0.0,3971.0,10240.0,24.64
2026/04/05 18:34:12.150,0.0,3971.0,10240.0,24.37
2026/04/05 18:34:13.208,0.0,3971.0,10240.0,24.51
2026/04/05 18:34:14.260,1.0,3971.0,10240.0,24.72
2026/04/05 18:34:15.309,2.0,3971.0,10240.0,24.96
2026/04/05 18:34:16.357,1.0,3971.0,10240.0,24.84
2026/04/05 18:34:17.408,1.0,3971.0,10240.0,24.69
2026/04/05 18:34:18.456,4.0,3971.0,10240.0,24.48
2026/04/05 18:34:19.502,4.0,3970.0,10240.0,24.57
2026/04/05 18:34:20.549,4.0,3970.0,10240.0,24.46
2026/04/05 18:34:21.599,4.0,3970.0,10240.0,24.55
2026/04/05 18:34:22.648,0.0,3970.0,10240.0,24.39
2026/04/05 18:34:23.696,0.0,3970.0,10240.0,24.11
2026/04/05 18:34:24.742,0.0,3970.0,10240.0,24.12
2026/04/05 18:34:25.790,0.0,3970.0,10240.0,24.27
2026/04/05 18:34:26.842,0.0,3970.0,10240.0,24.38
2026/04/05 18:34:27.893,0.0,3970.0,10240.0,24.36
2026/04/05 18:34:28.942,0.0,3970.0,10240.0,24.41
2026/04/05 18:34:29.993,0.0,3970.0,10240.0,24.3
2026/04/05 18:34:31.047,0.0,3970.0,10240.0,24.45
2026/04/05 18:34:32.096,0.0,3970.0,10240.0,24.1
2026/04/05 18:34:33.146,4.0,3973.0,10240.0,24.84
2026/04/05 18:34:34.194,4.0,3970.0,10240.0,25.88
2026/04/05 18:34:35.241,0.0,3970.0,10240.0,24.52
2026/04/05 18:34:36.286,0.0,3966.0,10240.0,24.61
2026/04/05 18:34:37.334,0.0,3966.0,10240.0,24.31
2026/04/05 18:34:38.392,0.0,3966.0,10240.0,24.2
2026/04/05 18:34:39.445,2.0,3966.0,10240.0,24.25
2026/04/05 18:34:40.498,1.0,3966.0,10240.0,24.13
2026/04/05 18:34:41.550,0.0,3966.0,10240.0,24.43
2026/04/05 18:34:42.599,0.0,3966.0,10240.0,24.68
2026/04/05 18:34:43.649,4.0,3966.0,10240.0,24.28
2026/04/05 18:34:44.705,4.0,3966.0,10240.0,24.29
2026/04/05 18:34:45.755,4.0,3966.0,10240.0,24.34
2026/04/05 18:34:46.805,4.0,3966.0,10240.0,24.21
2026/04/05 18:34:47.857,0.0,3966.0,10240.0,24.16
2026/04/05 18:34:48.912,0.0,3966.0,10240.0,24.51
2026/04/05 18:34:49.962,0.0,3966.0,10240.0,24.38
2026/04/05 18:34:51.011,0.0,3966.0,10240.0,24.53
2026/04/05 18:34:52.060,1.0,3966.0,10240.0,24.54
2026/04/05 18:34:53.108,0.0,3966.0,10240.0,24.38
2026/04/05 18:34:54.157,0.0,3966.0,10240.0,24.03
2026/04/05 18:34:55.204,0.0,3966.0,10240.0,24.09
2026/04/05 18:34:56.253,0.0,3966.0,10240.0,24.43
2026/04/05 18:34:57.302,0.0,3966.0,10240.0,24.34
2026/04/05 18:34:58.349,0.0,3966.0,10240.0,24.3
2026/04/05 18:34:59.397,0.0,3966.0,10240.0,24.39
2026/04/05 18:35:00.450,0.0,3966.0,10240.0,24.46
2026/04/05 18:35:01.498,0.0,3966.0,10240.0,24.46
2026/04/05 18:35:02.550,0.0,3966.0,10240.0,24.0
2026/04/05 18:35:03.599,0.0,3966.0,10240.0,24.36
2026/04/05 18:35:04.650,4.0,3966.0,10240.0,24.67
2026/04/05 18:35:05.699,4.0,3966.0,10240.0,24.7
2026/04/05 18:35:06.748,4.0,3966.0,10240.0,24.35
2026/04/05 18:35:07.800,4.0,3967.0,10240.0,24.65
2026/04/05 18:35:08.855,4.0,3966.0,10240.0,26.41
2026/04/05 18:35:09.904,0.0,3967.0,10240.0,25.03
2026/04/05 18:35:10.953,0.0,3967.0,10240.0,24.07
2026/04/05 18:35:12.002,0.0,3967.0,10240.0,24.27
2026/04/05 18:35:13.059,0.0,3967.0,10240.0,24.23
2026/04/05 18:35:14.121,0.0,3967.0,10240.0,24.22
2026/04/05 18:35:15.174,0.0,3967.0,10240.0,24.35
2026/04/05 18:35:16.221,1.0,3967.0,10240.0,24.22
2026/04/05 18:35:17.270,0.0,3967.0,10240.0,24.1
2026/04/05 18:35:18.324,0.0,3967.0,10240.0,24.39
2026/04/05 18:35:19.378,0.0,3967.0,10240.0,24.26
2026/04/05 18:35:20.432,0.0,3967.0,10240.0,24.33
2026/04/05 18:35:21.482,1.0,3967.0,10240.0,24.36
2026/04/05 18:35:22.533,0.0,3967.0,10240.0,24.32
2026/04/05 18:35:23.582,0.0,3967.0,10240.0,24.18
2026/04/05 18:35:24.634,0.0,3967.0,10240.0,24.09
2026/04/05 18:35:25.688,0.0,3967.0,10240.0,24.13
2026/04/05 18:35:26.738,0.0,3967.0,10240.0,24.49
2026/04/05 18:35:27.786,0.0,3967.0,10240.0,24.51
2026/04/05 18:35:28.836,4.0,3967.0,10240.0,24.3
2026/04/05 18:35:29.888,4.0,3967.0,10240.0,24.55
2026/04/05 18:35:30.940,4.0,3967.0,10240.0,24.16
2026/04/05 18:35:31.991,4.0,3967.0,10240.0,24.03
2026/04/05 18:35:33.048,0.0,3967.0,10240.0,24.08
2026/04/05 18:35:34.096,0.0,3967.0,10240.0,24.27
2026/04/05 18:35:35.144,0.0,3967.0,10240.0,24.4
2026/04/05 18:35:36.193,0.0,3967.0,10240.0,24.51
2026/04/05 18:35:37.242,0.0,3967.0,10240.0,24.43
2026/04/05 18:35:38.291,0.0,3967.0,10240.0,24.58
2026/04/05 18:35:39.341,0.0,3967.0,10240.0,24.19
2026/04/05 18:35:40.390,0.0,3967.0,10240.0,24.32
2026/04/05 18:35:41.443,0.0,3967.0,10240.0,24.44
2026/04/05 18:35:42.492,4.0,3966.0,10240.0,26.53
2026/04/05 18:35:43.541,0.0,3967.0,10240.0,25.74
2026/04/05 18:35:44.588,0.0,3967.0,10240.0,24.79
2026/04/05 18:35:45.637,0.0,3967.0,10240.0,24.75
2026/04/05 18:35:46.688,1.0,3967.0,10240.0,24.61
2026/04/05 18:35:47.738,0.0,3967.0,10240.0,24.51
2026/04/05 18:35:48.793,0.0,3967.0,10240.0,24.65
2026/04/05 18:35:49.844,0.0,3967.0,10240.0,24.55
2026/04/05 18:35:50.896,0.0,3967.0,10240.0,24.63
2026/04/05 18:35:51.949,0.0,3967.0,10240.0,24.91
2026/04/05 18:35:53.002,0.0,3967.0,10240.0,24.35
2026/04/05 18:35:54.058,6.0,3967.0,10240.0,24.15
2026/04/05 18:35:55.107,4.0,3967.0,10240.0,24.06
2026/04/05 18:35:56.158,4.0,3967.0,10240.0,24.36
2026/04/05 18:35:57.207,0.0,3967.0,10240.0,24.53
2026/04/05 18:35:58.253,0.0,3967.0,10240.0,24.32
2026/04/05 18:35:59.300,0.0,3967.0,10240.0,24.4
2026/04/05 18:36:00.348,0.0,3967.0,10240.0,24.34
2026/04/05 18:36:01.396,0.0,3967.0,10240.0,24.16
2026/04/05 18:36:02.445,0.0,3967.0,10240.0,24.35
2026/04/05 18:36:03.495,0.0,3967.0,10240.0,24.41
2026/04/05 18:36:04.543,1.0,3967.0,10240.0,24.5
2026/04/05 18:36:05.592,0.0,3967.0,10240.0,24.33
2026/04/05 18:36:06.640,0.0,3967.0,10240.0,24.17
2026/04/05 18:36:07.688,0.0,3967.0,10240.0,24.31
2026/04/05 18:36:08.734,0.0,3967.0,10240.0,24.35
2026/04/05 18:36:09.787,0.0,3966.0,10240.0,23.93
2026/04/05 18:36:10.834,0.0,3966.0,10240.0,24.18
2026/04/05 18:36:11.880,2.0,3966.0,10240.0,24.43
2026/04/05 18:36:12.927,0.0,3966.0,10240.0,24.12
2026/04/05 18:36:13.978,0.0,3966.0,10240.0,24.21
2026/04/05 18:36:15.030,1.0,3966.0,10240.0,24.42
2026/04/05 18:36:16.079,5.0,3965.0,10240.0,25.76
2026/04/05 18:36:17.131,3.0,3966.0,10240.0,25.17
2026/04/05 18:36:18.178,0.0,3966.0,10240.0,24.43
2026/04/05 18:36:19.224,4.0,3966.0,10240.0,24.3
2026/04/05 18:36:20.278,4.0,3966.0,10240.0,24.28
2026/04/05 18:36:21.331,4.0,3966.0,10240.0,24.27
2026/04/05 18:36:22.383,4.0,3966.0,10240.0,24.33
2026/04/05 18:36:23.434,0.0,3966.0,10240.0,24.01
2026/04/05 18:36:24.483,0.0,3966.0,10240.0,23.87
2026/04/05 18:36:25.531,0.0,3966.0,10240.0,24.28
2026/04/05 18:36:26.580,0.0,3966.0,10240.0,24.29
2026/04/05 18:36:27.627,0.0,3966.0,10240.0,24.34
2026/04/05 18:36:28.680,0.0,3966.0,10240.0,24.24
2026/04/05 18:36:29.730,0.0,3966.0,10240.0,24.31
2026/04/05 18:36:30.777,0.0,3966.0,10240.0,24.29
2026/04/05 18:36:31.825,0.0,3966.0,10240.0,24.29
2026/04/05 18:36:32.874,0.0,3966.0,10240.0,24.57
2026/04/05 18:36:33.923,0.0,3966.0,10240.0,24.38
2026/04/05 18:36:34.975,0.0,3966.0,10240.0,24.43
2026/04/05 18:36:36.026,0.0,3966.0,10240.0,24.25
2026/04/05 18:36:37.080,0.0,3966.0,10240.0,24.13
2026/04/05 18:36:38.131,0.0,3967.0,10240.0,24.54
2026/04/05 18:36:39.179,0.0,3967.0,10240.0,24.23
2026/04/05 18:36:40.231,4.0,3967.0,10240.0,24.56
2026/04/05 18:36:41.279,4.0,3967.0,10240.0,24.59
2026/04/05 18:36:42.327,6.0,3967.0,10240.0,24.39
2026/04/05 18:36:43.381,4.0,3967.0,10240.0,24.3
2026/04/05 18:36:44.431,0.0,3967.0,10240.0,24.39
2026/04/05 18:36:45.480,0.0,3967.0,10240.0,24.28
2026/04/05 18:36:46.529,0.0,3967.0,10240.0,24.13
2026/04/05 18:36:47.576,0.0,3967.0,10240.0,24.25
2026/04/05 18:36:48.624,0.0,3967.0,10240.0,24.32
2026/04/05 18:36:49.673,4.0,3966.0,10240.0,25.83
2026/04/05 18:36:50.723,0.0,3967.0,10240.0,25.27
2026/04/05 18:36:51.769,0.0,3967.0,10240.0,24.33
2026/04/05 18:36:52.817,0.0,3967.0,10240.0,24.41
2026/04/05 18:36:53.866,0.0,3967.0,10240.0,24.36
2026/04/05 18:36:54.916,0.0,3967.0,10240.0,24.2
2026/04/05 18:36:55.965,0.0,3967.0,10240.0,24.54
2026/04/05 18:36:57.017,0.0,3967.0,10240.0,24.58
2026/04/05 18:36:58.066,0.0,3967.0,10240.0,24.54
2026/04/05 18:36:59.117,0.0,3967.0,10240.0,24.46
2026/04/05 18:37:00.166,0.0,3967.0,10240.0,24.26
2026/04/05 18:37:01.226,0.0,3967.0,10240.0,24.3
2026/04/05 18:37:02.270,0.0,3967.0,10240.0,24.32
2026/04/05 18:37:03.317,0.0,3967.0,10240.0,24.29
2026/04/05 18:37:04.366,0.0,3967.0,10240.0,24.69
2026/04/05 18:37:05.414,4.0,3967.0,10240.0,24.37
2026/04/05 18:37:06.461,4.0,3967.0,10240.0,24.26
2026/04/05 18:37:07.508,5.0,3967.0,10240.0,24.25
2026/04/05 18:37:08.556,4.0,3967.0,10240.0,24.25
2026/04/05 18:37:09.604,0.0,3967.0,10240.0,24.16
2026/04/05 18:37:10.655,0.0,3967.0,10240.0,24.31
2026/04/05 18:37:11.705,0.0,3967.0,10240.0,24.47
2026/04/05 18:37:12.753,0.0,3967.0,10240.0,24.52
2026/04/05 18:37:13.806,0.0,3967.0,10240.0,24.35
2026/04/05 18:37:14.857,0.0,3967.0,10240.0,24.18
2026/04/05 18:37:15.910,0.0,3967.0,10240.0,24.23
2026/04/05 18:37:16.963,0.0,3967.0,10240.0,24.12
2026/04/05 18:37:18.013,0.0,3967.0,10240.0,24.36
2026/04/05 18:37:19.070,0.0,3967.0,10240.0,24.33
2026/04/05 18:37:20.132,0.0,3967.0,10240.0,24.24
2026/04/05 18:37:21.182,0.0,3967.0,10240.0,24.29
2026/04/05 18:37:22.231,0.0,3967.0,10240.0,24.05
2026/04/05 18:37:23.282,0.0,3967.0,10240.0,24.2
2026/04/05 18:37:24.330,2.0,3970.0,10240.0,24.74
2026/04/05 18:37:25.377,9.0,3967.0,10240.0,26.71
2026/04/05 18:37:26.424,4.0,3967.0,10240.0,24.7
2026/04/05 18:37:27.471,4.0,3967.0,10240.0,24.53
2026/04/05 18:37:28.522,3.0,3967.0,10240.0,24.62
2026/04/05 18:37:29.575,2.0,3967.0,10240.0,24.22
2026/04/05 18:37:30.632,2.0,3967.0,10240.0,24.03
2026/04/05 18:37:31.691,3.0,3967.0,10240.0,24.07
2026/04/05 18:37:32.745,3.0,3967.0,10240.0,24.46
2026/04/05 18:37:33.797,0.0,3967.0,10240.0,24.4
2026/04/05 18:37:34.859,0.0,3967.0,10240.0,24.26
2026/04/05 18:37:35.918,0.0,3967.0,10240.0,24.15
2026/04/05 18:37:36.973,0.0,3967.0,10240.0,24.02
2026/04/05 18:37:38.027,0.0,3967.0,10240.0,23.94
2026/04/05 18:37:39.080,0.0,3967.0,10240.0,24.12
2026/04/05 18:37:40.129,0.0,3967.0,10240.0,24.36
2026/04/05 18:37:41.178,0.0,3967.0,10240.0,24.28
2026/04/05 18:37:42.226,0.0,3967.0,10240.0,24.29
2026/04/05 18:37:43.276,0.0,3967.0,10240.0,24.51
2026/04/05 18:37:44.324,0.0,3967.0,10240.0,24.23
2026/04/05 18:37:45.376,0.0,3967.0,10240.0,23.95
2026/04/05 18:37:46.423,0.0,3967.0,10240.0,24.08
2026/04/05 18:37:47.476,0.0,3967.0,10240.0,24.22
2026/04/05 18:37:48.525,0.0,3967.0,10240.0,24.48
2026/04/05 18:37:49.576,3.0,3967.0,10240.0,24.43
2026/04/05 18:37:50.626,2.0,3967.0,10240.0,24.42
2026/04/05 18:37:51.676,3.0,3967.0,10240.0,24.29
2026/04/05 18:37:52.725,3.0,3967.0,10240.0,24.27
2026/04/05 18:37:53.772,2.0,3967.0,10240.0,24.33
2026/04/05 18:37:54.821,2.0,3967.0,10240.0,24.1
2026/04/05 18:37:55.871,4.0,3967.0,10240.0,24.39
2026/04/05 18:37:56.922,4.0,3967.0,10240.0,24.21
2026/04/05 18:37:57.974,5.0,3970.0,10240.0,24.5
2026/04/05 18:37:59.026,4.0,3966.0,10240.0,26.89
2026/04/05 18:38:00.078,0.0,3967.0,10240.0,24.33
2026/04/05 18:38:01.129,0.0,3967.0,10240.0,24.33
2026/04/05 18:38:02.180,0.0,3967.0,10240.0,24.35
2026/04/05 18:38:03.236,0.0,3967.0,10240.0,24.37
2026/04/05 18:38:04.287,0.0,3967.0,10240.0,24.38
2026/04/05 18:38:05.340,0.0,3967.0,10240.0,24.25
2026/04/05 18:38:06.392,0.0,3967.0,10240.0,24.25
2026/04/05 18:38:07.451,0.0,3967.0,10240.0,24.05
2026/04/05 18:38:08.503,0.0,3967.0,10240.0,24.34
2026/04/05 18:38:09.556,0.0,3967.0,10240.0,24.0
2026/04/05 18:38:10.608,0.0,3967.0,10240.0,24.24
2026/04/05 18:38:11.661,0.0,3967.0,10240.0,24.34
2026/04/05 18:38:12.717,0.0,3967.0,10240.0,24.26
2026/04/05 18:38:13.767,2.0,3967.0,10240.0,24.64
2026/04/05 18:38:14.816,1.0,3967.0,10240.0,24.34
2026/04/05 18:38:15.866,1.0,3967.0,10240.0,24.07
2026/04/05 18:38:16.914,1.0,3967.0,10240.0,24.29
2026/04/05 18:38:17.963,3.0,3967.0,10240.0,24.18
2026/04/05 18:38:19.015,4.0,3967.0,10240.0,24.42
2026/04/05 18:38:20.066,4.0,3967.0,10240.0,24.34
2026/04/05 18:38:21.118,4.0,3967.0,10240.0,24.14
2026/04/05 18:38:22.168,0.0,3967.0,10240.0,23.99
2026/04/05 18:38:23.218,2.0,3967.0,10240.0,24.06
2026/04/05 18:38:24.266,0.0,3967.0,10240.0,24.26
2026/04/05 18:38:25.313,0.0,3967.0,10240.0,24.07
2026/04/05 18:38:26.359,0.0,3967.0,10240.0,24.45
2026/04/05 18:38:27.408,0.0,3967.0,10240.0,24.16
2026/04/05 18:38:28.454,2.0,3967.0,10240.0,24.38
2026/04/05 18:38:29.502,0.0,3967.0,10240.0,24.19
2026/04/05 18:38:30.549,0.0,3967.0,10240.0,24.04
2026/04/05 18:38:31.596,0.0,3967.0,10240.0,24.18
2026/04/05 18:38:32.645,4.0,3966.0,10240.0,25.02
2026/04/05 18:38:33.692,0.0,3967.0,10240.0,25.66
2026/04/05 18:38:34.737,0.0,3967.0,10240.0,24.15
2026/04/05 18:38:35.783,0.0,3967.0,10240.0,24.2
2026/04/05 18:38:36.835,0.0,3967.0,10240.0,24.03
2026/04/05 18:38:37.895,0.0,3967.0,10240.0,23.87
2026/04/05 18:38:38.952,0.0,3967.0,10240.0,24.62
2026/04/05 18:38:40.020,0.0,3967.0,10240.0,24.2
2026/04/05 18:38:41.073,0.0,3967.0,10240.0,24.63
2026/04/05 18:38:42.125,0.0,3967.0,10240.0,24.25
2026/04/05 18:38:43.179,4.0,3967.0,10240.0,24.08
2026/04/05 18:38:44.228,4.0,3967.0,10240.0,24.26
2026/04/05 18:38:45.278,4.0,3967.0,10240.0,23.99
2026/04/05 18:38:46.329,4.0,3967.0,10240.0,24.36
2026/04/05 18:38:47.381,0.0,3967.0,10240.0,24.47
2026/04/05 18:38:48.429,0.0,3967.0,10240.0,24.49
2026/04/05 18:38:49.477,0.0,3967.0,10240.0,24.47
2026/04/05 18:38:50.526,0.0,3967.0,10240.0,24.33
2026/04/05 18:38:51.577,0.0,3967.0,10240.0,24.07
2026/04/05 18:38:52.627,0.0,3967.0,10240.0,23.82
2026/04/05 18:38:53.677,2.0,3967.0,10240.0,24.11
2026/04/05 18:38:54.726,0.0,3967.0,10240.0,24.17
2026/04/05 18:38:55.775,0.0,3967.0,10240.0,24.34
2026/04/05 18:38:56.824,0.0,3967.0,10240.0,24.2
2026/04/05 18:38:57.874,0.0,3967.0,10240.0,24.36
2026/04/05 18:38:58.926,0.0,3967.0,10240.0,24.43
2026/04/05 18:38:59.976,0.0,3967.0,10240.0,24.17
2026/04/05 18:39:01.026,0.0,3967.0,10240.0,24.25
2026/04/05 18:39:02.080,0.0,3967.0,10240.0,24.02
2026/04/05 18:39:03.131,0.0,3967.0,10240.0,24.26
2026/04/05 18:39:04.183,4.0,3967.0,10240.0,24.79
2026/04/05 18:39:05.233,3.0,3967.0,10240.0,24.53
2026/04/05 18:39:06.282,2.0,3967.0,10240.0,24.16
2026/04/05 18:39:07.333,4.0,3966.0,10240.0,25.88
2026/04/05 18:39:08.381,4.0,3967.0,10240.0,25.35
2026/04/05 18:39:09.428,3.0,3967.0,10240.0,24.2
2026/04/05 18:39:10.475,3.0,3967.0,10240.0,24.28
2026/04/05 18:39:11.527,4.0,3967.0,10240.0,24.32
2026/04/05 18:39:12.579,0.0,3967.0,10240.0,24.21
2026/04/05 18:39:13.637,0.0,3967.0,10240.0,24.36
2026/04/05 18:39:14.689,0.0,3967.0,10240.0,24.18
2026/04/05 18:39:15.738,0.0,3967.0,10240.0,24.05
2026/04/05 18:39:16.788,0.0,3967.0,10240.0,24.15
2026/04/05 18:39:17.839,0.0,3967.0,10240.0,24.23
2026/04/05 18:39:18.891,1.0,3967.0,10240.0,24.25
2026/04/05 18:39:19.944,0.0,3967.0,10240.0,24.23
2026/04/05 18:39:20.995,0.0,3967.0,10240.0,23.99
2026/04/05 18:39:22.044,0.0,3967.0,10240.0,23.85
2026/04/05 18:39:23.093,0.0,3967.0,10240.0,23.67
2026/04/05 18:39:24.142,0.0,3967.0,10240.0,24.05
2026/04/05 18:39:25.190,0.0,3967.0,10240.0,24.16
2026/04/05 18:39:26.242,0.0,3967.0,10240.0,24.35
2026/04/05 18:39:27.292,0.0,3967.0,10240.0,24.42
2026/04/05 18:39:28.342,4.0,3967.0,10240.0,24.42
2026/04/05 18:39:29.394,3.0,3967.0,10240.0,24.32
2026/04/05 18:39:30.444,3.0,3967.0,10240.0,24.05
2026/04/05 18:39:31.493,3.0,3967.0,10240.0,24.17
2026/04/05 18:39:32.544,1.0,3967.0,10240.0,24.28
2026/04/05 18:39:33.595,2.0,3967.0,10240.0,24.22
2026/04/05 18:39:34.647,1.0,3967.0,10240.0,24.35
2026/04/05 18:39:35.708,2.0,3967.0,10240.0,24.15
2026/04/05 18:39:36.763,0.0,3967.0,10240.0,24.19
2026/04/05 18:39:37.821,0.0,3967.0,10240.0,24.27
2026/04/05 18:39:38.876,0.0,3967.0,10240.0,24.44
2026/04/05 18:39:39.931,0.0,3967.0,10240.0,24.66
2026/04/05 18:39:40.986,0.0,3967.0,10240.0,24.63
2026/04/05 18:39:42.040,0.0,3970.0,10240.0,24.83
2026/04/05 18:39:43.090,4.0,3966.0,10240.0,26.7
2026/04/05 18:39:44.139,1.0,3967.0,10240.0,24.94
2026/04/05 18:39:45.187,0.0,3967.0,10240.0,24.33
2026/04/05 18:39:46.238,0.0,3967.0,10240.0,24.53
2026/04/05 18:39:47.288,0.0,3967.0,10240.0,24.48
2026/04/05 18:39:48.345,0.0,3967.0,10240.0,24.31
2026/04/05 18:39:49.407,1.0,3967.0,10240.0,24.47
2026/04/05 18:39:50.467,0.0,3967.0,10240.0,24.51
2026/04/05 18:39:51.522,0.0,3967.0,10240.0,24.4
2026/04/05 18:39:52.576,5.0,3967.0,10240.0,24.09
2026/04/05 18:39:53.627,5.0,3967.0,10240.0,24.32
2026/04/05 18:39:54.675,4.0,3967.0,10240.0,24.32
2026/04/05 18:39:55.725,4.0,3967.0,10240.0,24.29
2026/04/05 18:39:56.773,0.0,3967.0,10240.0,24.46
2026/04/05 18:39:57.820,0.0,3967.0,10240.0,24.35
2026/04/05 18:39:58.866,0.0,3967.0,10240.0,24.18
2026/04/05 18:39:59.915,0.0,3967.0,10240.0,24.3
2026/04/05 18:40:00.963,0.0,3967.0,10240.0,24.5
2026/04/05 18:40:02.012,0.0,3967.0,10240.0,24.2
2026/04/05 18:40:03.063,0.0,3967.0,10240.0,24.49
2026/04/05 18:40:04.115,0.0,3967.0,10240.0,24.44
2026/04/05 18:40:05.166,0.0,3967.0,10240.0,24.45
2026/04/05 18:40:06.215,0.0,3967.0,10240.0,24.42
2026/04/05 18:40:07.266,0.0,3967.0,10240.0,24.17
2026/04/05 18:40:08.317,1.0,3967.0,10240.0,24.32
2026/04/05 18:40:09.368,2.0,3967.0,10240.0,24.5
2026/04/05 18:40:10.414,0.0,3967.0,10240.0,24.52
2026/04/05 18:40:11.462,0.0,3967.0,10240.0,24.36
2026/04/05 18:40:12.516,0.0,3967.0,10240.0,24.39
2026/04/05 18:40:13.568,0.0,3967.0,10240.0,24.49
2026/04/05 18:40:14.617,0.0,3967.0,10240.0,24.3
2026/04/05 18:40:15.667,4.0,3966.0,10240.0,26.31
2026/04/05 18:40:16.715,0.0,3967.0,10240.0,25.38
2026/04/05 18:40:17.761,4.0,3967.0,10240.0,24.46
2026/04/05 18:40:18.807,4.0,3967.0,10240.0,24.36
2026/04/05 18:40:19.861,4.0,3967.0,10240.0,24.34
2026/04/05 18:40:20.911,4.0,3967.0,10240.0,24.16
2026/04/05 18:40:21.963,0.0,3967.0,10240.0,23.81
2026/04/05 18:40:23.018,0.0,3967.0,10240.0,24.21
2026/04/05 18:40:24.072,0.0,3967.0,10240.0,24.22
2026/04/05 18:40:25.127,0.0,3967.0,10240.0,24.44
2026/04/05 18:40:26.178,0.0,3967.0,10240.0,24.31
2026/04/05 18:40:27.228,0.0,3967.0,10240.0,24.28
2026/04/05 18:40:28.276,0.0,3967.0,10240.0,24.27
2026/04/05 18:40:29.328,0.0,3967.0,10240.0,24.16
2026/04/05 18:40:30.378,0.0,3967.0,10240.0,24.46
2026/04/05 18:40:31.425,0.0,3967.0,10240.0,24.36
2026/04/05 18:40:32.471,0.0,3967.0,10240.0,24.36
2026/04/05 18:40:33.518,0.0,3967.0,10240.0,24.3
2026/04/05 18:40:34.565,1.0,3967.0,10240.0,24.29
2026/04/05 18:40:35.614,0.0,3967.0,10240.0,24.25
2026/04/05 18:40:36.671,0.0,3967.0,10240.0,24.15
2026/04/05 18:40:37.727,0.0,3967.0,10240.0,24.14
2026/04/05 18:40:38.779,0.0,3967.0,10240.0,24.5
2026/04/05 18:40:39.830,1.0,3967.0,10240.0,24.7
2026/04/05 18:40:40.885,0.0,3967.0,10240.0,24.69
2026/04/05 18:40:41.934,4.0,3967.0,10240.0,24.62
2026/04/05 18:40:42.985,4.0,3967.0,10240.0,24.69
2026/04/05 18:40:44.038,4.0,3967.0,10240.0,24.22
2026/04/05 18:40:45.089,4.0,3967.0,10240.0,24.48
2026/04/05 18:40:46.138,0.0,3967.0,10240.0,24.48
2026/04/05 18:40:47.191,0.0,3967.0,10240.0,24.35
2026/04/05 18:40:48.241,0.0,3967.0,10240.0,24.38
2026/04/05 18:40:49.289,4.0,3966.0,10240.0,25.43
2026/04/05 18:40:50.336,0.0,3967.0,10240.0,25.62
2026/04/05 18:40:51.382,0.0,3967.0,10240.0,23.92
2026/04/05 18:40:52.429,0.0,3967.0,10240.0,23.76
2026/04/05 18:40:53.480,0.0,3967.0,10240.0,24.24
2026/04/05 18:40:54.532,0.0,3967.0,10240.0,24.29
2026/04/05 18:40:55.583,1.0,3967.0,10240.0,24.46
2026/04/05 18:40:56.633,0.0,3967.0,10240.0,24.39
2026/04/05 18:40:57.685,0.0,3967.0,10240.0,24.35
2026/04/05 18:40:58.738,0.0,3967.0,10240.0,24.16
2026/04/05 18:40:59.786,0.0,3967.0,10240.0,24.09
2026/04/05 18:41:00.838,0.0,3967.0,10240.0,24.38
2026/04/05 18:41:01.891,0.0,3967.0,10240.0,24.43
2026/04/05 18:41:02.950,0.0,3967.0,10240.0,24.53
2026/04/05 18:41:04.004,0.0,3967.0,10240.0,24.68
2026/04/05 18:41:05.056,1.0,3967.0,10240.0,24.72
2026/04/05 18:41:06.104,0.0,3967.0,10240.0,24.22
2026/04/05 18:41:07.153,4.0,3967.0,10240.0,24.34
2026/04/05 18:41:08.203,4.0,3967.0,10240.0,24.42
2026/04/05 18:41:09.253,4.0,3967.0,10240.0,24.3
2026/04/05 18:41:10.300,4.0,3967.0,10240.0,24.55
2026/04/05 18:41:11.350,0.0,3967.0,10240.0,24.39
2026/04/05 18:41:12.400,0.0,3967.0,10240.0,24.4
2026/04/05 18:41:13.448,0.0,3967.0,10240.0,24.15
2026/04/05 18:41:14.498,0.0,3967.0,10240.0,23.91
2026/04/05 18:41:15.548,0.0,3967.0,10240.0,24.19
2026/04/05 18:41:16.598,0.0,3967.0,10240.0,24.26
2026/04/05 18:41:17.649,0.0,3967.0,10240.0,24.28
2026/04/05 18:41:18.698,0.0,3967.0,10240.0,24.23
2026/04/05 18:41:19.747,0.0,3967.0,10240.0,24.14
2026/04/05 18:41:20.797,0.0,3967.0,10240.0,24.33
2026/04/05 18:41:21.845,0.0,3967.0,10240.0,24.14
2026/04/05 18:41:22.893,0.0,3971.0,10240.0,24.26
2026/04/05 18:41:23.942,4.0,3966.0,10240.0,26.95
2026/04/05 18:41:24.993,0.0,3967.0,10240.0,25.22
2026/04/05 18:41:26.044,0.0,3967.0,10240.0,24.89
2026/04/05 18:41:27.099,0.0,3967.0,10240.0,24.7
2026/04/05 18:41:28.158,0.0,3967.0,10240.0,24.65
2026/04/05 18:41:29.208,0.0,3967.0,10240.0,24.75
2026/04/05 18:41:30.258,1.0,3967.0,10240.0,24.58
2026/04/05 18:41:31.307,4.0,3967.0,10240.0,24.63
2026/04/05 18:41:32.355,4.0,3967.0,10240.0,24.65
2026/04/05 18:41:33.402,4.0,3967.0,10240.0,24.55
2026/04/05 18:41:34.452,4.0,3967.0,10240.0,24.45
2026/04/05 18:41:35.504,0.0,3967.0,10240.0,24.43
2026/04/05 18:41:36.557,6.0,3975.0,10240.0,25.48
2026/04/05 18:41:37.607,0.0,3975.0,10240.0,25.49
2026/04/05 18:41:38.656,0.0,3974.0,10240.0,24.89
2026/04/05 18:41:39.705,0.0,3974.0,10240.0,24.67
2026/04/05 18:41:40.755,0.0,3974.0,10240.0,24.83
2026/04/05 18:41:41.805,0.0,3974.0,10240.0,24.64
2026/04/05 18:41:42.853,0.0,3974.0,10240.0,24.87
2026/04/05 18:41:43.902,0.0,3974.0,10240.0,24.22
2026/04/05 18:41:44.952,0.0,3974.0,10240.0,24.12
2026/04/05 18:41:46.001,0.0,3974.0,10240.0,24.42
2026/04/05 18:41:47.051,0.0,3974.0,10240.0,24.49
2026/04/05 18:41:48.100,0.0,3974.0,10240.0,24.6
2026/04/05 18:41:49.148,0.0,3974.0,10240.0,24.37
2026/04/05 18:41:50.196,0.0,3974.0,10240.0,24.28
2026/04/05 18:41:51.246,0.0,3974.0,10240.0,24.35
2026/04/05 18:41:52.294,3.0,3974.0,10240.0,24.66
2026/04/05 18:41:53.347,3.0,3974.0,10240.0,24.75
2026/04/05 18:41:54.396,3.0,3974.0,10240.0,24.75
2026/04/05 18:41:55.445,3.0,3974.0,10240.0,24.63
2026/04/05 18:41:56.494,3.0,3974.0,10240.0,24.61
2026/04/05 18:41:57.543,2.0,3974.0,10240.0,24.52
2026/04/05 18:41:58.591,7.0,3973.0,10240.0,26.16
2026/04/05 18:41:59.641,3.0,3974.0,10240.0,25.35
2026/04/05 18:42:00.688,3.0,3974.0,10240.0,24.72
2026/04/05 18:42:01.734,0.0,3974.0,10240.0,24.57
2026/04/05 18:42:02.784,0.0,3974.0,10240.0,24.32
2026/04/05 18:42:03.836,0.0,3974.0,10240.0,24.11
2026/04/05 18:42:04.887,0.0,3974.0,10240.0,24.28
2026/04/05 18:42:05.945,2.0,3975.0,10240.0,24.51
2026/04/05 18:42:06.997,0.0,3975.0,10240.0,25.99
2026/04/05 18:42:08.051,1.0,3975.0,10240.0,24.73
2026/04/05 18:42:09.106,0.0,3975.0,10240.0,24.94
2026/04/05 18:42:10.158,0.0,3975.0,10240.0,24.71
2026/04/05 18:42:11.212,0.0,3975.0,10240.0,24.77
2026/04/05 18:42:12.268,0.0,3975.0,10240.0,24.72
2026/04/05 18:42:13.321,0.0,3975.0,10240.0,25.26
2026/04/05 18:42:14.376,0.0,3975.0,10240.0,24.47
2026/04/05 18:42:15.428,0.0,3975.0,10240.0,24.64
2026/04/05 18:42:16.477,0.0,3975.0,10240.0,24.88
2026/04/05 18:42:17.527,4.0,3975.0,10240.0,24.49
2026/04/05 18:42:18.579,4.0,3975.0,10240.0,24.34
2026/04/05 18:42:19.629,4.0,3975.0,10240.0,24.42
2026/04/05 18:42:20.679,4.0,3975.0,10240.0,24.32
2026/04/05 18:42:21.728,0.0,3975.0,10240.0,24.3
2026/04/05 18:42:22.776,1.0,3975.0,10240.0,24.48
2026/04/05 18:42:23.822,0.0,3975.0,10240.0,24.51
2026/04/05 18:42:24.871,0.0,3975.0,10240.0,24.44
2026/04/05 18:42:25.921,0.0,3975.0,10240.0,24.83
2026/04/05 18:42:26.969,0.0,3975.0,10240.0,24.76
2026/04/05 18:42:28.017,0.0,3975.0,10240.0,24.31
2026/04/05 18:42:29.066,0.0,3975.0,10240.0,24.15
2026/04/05 18:42:30.115,0.0,3975.0,10240.0,24.3
2026/04/05 18:42:31.164,4.0,3978.0,10240.0,25.23
2026/04/05 18:42:32.211,2.0,3975.0,10240.0,25.92
2026/04/05 18:42:33.259,0.0,3975.0,10240.0,24.43
2026/04/05 18:42:34.307,0.0,3975.0,10240.0,24.48
2026/04/05 18:42:35.359,0.0,3975.0,10240.0,24.65
2026/04/05 18:42:36.411,1.0,3975.0,10240.0,24.47
2026/04/05 18:42:37.461,0.0,3975.0,10240.0,24.69
2026/04/05 18:42:38.510,4.0,3975.0,10240.0,25.27
2026/04/05 18:42:39.558,4.0,3975.0,10240.0,24.89
2026/04/05 18:42:40.611,4.0,3975.0,10240.0,24.68
2026/04/05 18:42:41.671,4.0,3975.0,10240.0,24.83
2026/04/05 18:42:42.725,0.0,3975.0,10240.0,24.55
2026/04/05 18:42:43.784,0.0,3975.0,10240.0,24.36
2026/04/05 18:42:44.837,0.0,3975.0,10240.0,24.54
2026/04/05 18:42:45.885,0.0,3975.0,10240.0,24.58
2026/04/05 18:42:46.937,0.0,3975.0,10240.0,24.72
2026/04/05 18:42:47.989,0.0,3975.0,10240.0,24.57
2026/04/05 18:42:49.036,0.0,3975.0,10240.0,24.42
2026/04/05 18:42:50.084,0.0,3975.0,10240.0,24.28
2026/04/05 18:42:51.134,1.0,3975.0,10240.0,24.15
2026/04/05 18:42:52.184,0.0,3975.0,10240.0,24.46
2026/04/05 18:42:53.234,0.0,3975.0,10240.0,24.55
2026/04/05 18:42:54.287,0.0,3975.0,10240.0,24.7
2026/04/05 18:42:55.340,0.0,3975.0,10240.0,24.67
2026/04/05 18:42:56.390,1.0,3975.0,10240.0,24.87
2026/04/05 18:42:57.439,0.0,3975.0,10240.0,24.49
2026/04/05 18:42:58.489,3.0,3975.0,10240.0,24.58
2026/04/05 18:42:59.538,2.0,3975.0,10240.0,24.79
2026/04/05 18:43:00.589,2.0,3975.0,10240.0,24.51
2026/04/05 18:43:01.640,2.0,3975.0,10240.0,24.98
2026/04/05 18:43:02.690,3.0,3975.0,10240.0,24.57
2026/04/05 18:43:03.739,3.0,3975.0,10240.0,24.64
2026/04/05 18:43:04.785,3.0,3975.0,10240.0,24.46
2026/04/05 18:43:05.833,7.0,3974.0,10240.0,25.84
2026/04/05 18:43:06.881,0.0,3975.0,10240.0,25.77
2026/04/05 18:43:07.929,1.0,3975.0,10240.0,24.54
2026/04/05 18:43:08.978,0.0,3975.0,10240.0,24.65
2026/04/05 18:43:10.031,0.0,3975.0,10240.0,24.32
2026/04/05 18:43:11.082,0.0,3975.0,10240.0,24.42
2026/04/05 18:43:12.137,0.0,3975.0,10240.0,24.5
2026/04/05 18:43:13.189,0.0,3975.0,10240.0,24.07
2026/04/05 18:43:14.242,0.0,3975.0,10240.0,24.23
2026/04/05 18:43:15.297,0.0,3975.0,10240.0,24.32
2026/04/05 18:43:16.349,1.0,3975.0,10240.0,24.62
2026/04/05 18:43:17.403,0.0,3975.0,10240.0,24.55
2026/04/05 18:43:18.460,0.0,3975.0,10240.0,24.39
2026/04/05 18:43:19.516,0.0,3975.0,10240.0,24.29
2026/04/05 18:43:20.567,0.0,3975.0,10240.0,24.44
2026/04/05 18:43:21.617,0.0,3975.0,10240.0,24.34
2026/04/05 18:43:22.666,4.0,3975.0,10240.0,24.41
2026/04/05 18:43:23.713,4.0,3975.0,10240.0,24.5
2026/04/05 18:43:24.761,4.0,3975.0,10240.0,24.22
2026/04/05 18:43:25.819,4.0,3975.0,10240.0,24.31
2026/04/05 18:43:26.870,0.0,3975.0,10240.0,24.52
2026/04/05 18:43:27.922,0.0,3975.0,10240.0,24.16
2026/04/05 18:43:28.973,0.0,3975.0,10240.0,24.19
2026/04/05 18:43:30.023,0.0,3975.0,10240.0,24.35
2026/04/05 18:43:31.071,0.0,3975.0,10240.0,24.37
2026/04/05 18:43:32.122,0.0,3975.0,10240.0,24.41
2026/04/05 18:43:33.171,0.0,3975.0,10240.0,24.21
2026/04/05 18:43:34.224,0.0,3975.0,10240.0,24.25
2026/04/05 18:43:35.275,0.0,3975.0,10240.0,24.27
2026/04/05 18:43:36.327,0.0,3975.0,10240.0,24.2
2026/04/05 18:43:37.379,0.0,3975.0,10240.0,24.38
2026/04/05 18:43:38.430,1.0,3975.0,10240.0,24.66
2026/04/05 18:43:39.478,4.0,3974.0,10240.0,25.84
2026/04/05 18:43:40.525,0.0,3975.0,10240.0,26.32
2026/04/05 18:43:41.575,1.0,3975.0,10240.0,24.97
2026/04/05 18:43:42.625,0.0,3975.0,10240.0,24.82
2026/04/05 18:43:43.678,3.0,3975.0,10240.0,24.7
2026/04/05 18:43:44.729,3.0,3975.0,10240.0,24.68
2026/04/05 18:43:45.779,3.0,3975.0,10240.0,24.49
2026/04/05 18:43:46.829,4.0,3975.0,10240.0,24.66
2026/04/05 18:43:47.879,1.0,3975.0,10240.0,24.37
2026/04/05 18:43:48.934,2.0,3975.0,10240.0,24.36
2026/04/05 18:43:49.987,3.0,3975.0,10240.0,24.42
2026/04/05 18:43:51.042,3.0,3975.0,10240.0,24.46
2026/04/05 18:43:52.093,0.0,3975.0,10240.0,24.64
2026/04/05 18:43:53.144,0.0,3975.0,10240.0,24.73
2026/04/05 18:43:54.193,1.0,3975.0,10240.0,24.72
2026/04/05 18:43:55.240,0.0,3975.0,10240.0,24.66
2026/04/05 18:43:56.290,0.0,3975.0,10240.0,24.72
2026/04/05 18:43:57.338,0.0,3975.0,10240.0,24.72
2026/04/05 18:43:58.385,0.0,3975.0,10240.0,24.6
2026/04/05 18:43:59.435,0.0,3975.0,10240.0,24.45
2026/04/05 18:44:00.483,0.0,3975.0,10240.0,24.41
2026/04/05 18:44:01.531,0.0,3975.0,10240.0,24.49
2026/04/05 18:44:02.578,0.0,3975.0,10240.0,24.62
2026/04/05 18:44:03.626,0.0,3975.0,10240.0,24.47
2026/04/05 18:44:04.677,0.0,3975.0,10240.0,24.29
2026/04/05 18:44:05.728,0.0,3975.0,10240.0,24.44
2026/04/05 18:44:06.776,0.0,3975.0,10240.0,24.6
2026/04/05 18:44:07.827,0.0,3975.0,10240.0,24.72
2026/04/05 18:44:08.878,4.0,3975.0,10240.0,25.24
2026/04/05 18:44:09.931,3.0,3975.0,10240.0,24.91
2026/04/05 18:44:10.985,4.0,3976.0,10240.0,25.07
2026/04/05 18:44:12.038,6.0,3976.0,10240.0,24.89
2026/04/05 18:44:13.088,0.0,3976.0,10240.0,24.59
2026/04/05 18:44:14.135,4.0,3975.0,10240.0,25.74
2026/04/05 18:44:15.183,0.0,3976.0,10240.0,25.88
2026/04/05 18:44:16.229,0.0,3976.0,10240.0,24.71
2026/04/05 18:44:17.274,0.0,3976.0,10240.0,24.81
2026/04/05 18:44:18.323,0.0,3976.0,10240.0,24.55
2026/04/05 18:44:19.373,0.0,3976.0,10240.0,24.55
2026/04/05 18:44:20.424,0.0,3976.0,10240.0,24.49
2026/04/05 18:44:21.472,0.0,3976.0,10240.0,24.48
2026/04/05 18:44:22.527,0.0,3976.0,10240.0,24.65
2026/04/05 18:44:23.579,0.0,3976.0,10240.0,24.79
2026/04/05 18:44:24.627,0.0,3976.0,10240.0,24.76
2026/04/05 18:44:25.678,0.0,3976.0,10240.0,24.71
2026/04/05 18:44:26.726,0.0,3976.0,10240.0,24.55
2026/04/05 18:44:27.774,0.0,3976.0,10240.0,24.47
2026/04/05 18:44:28.823,0.0,3976.0,10240.0,24.43
2026/04/05 18:44:29.875,0.0,3976.0,10240.0,24.54
2026/04/05 18:44:30.926,0.0,3976.0,10240.0,24.69
2026/04/05 18:44:31.976,0.0,3976.0,10240.0,24.99
2026/04/05 18:44:33.025,0.0,3976.0,10240.0,25.07
2026/04/05 18:44:34.075,4.0,3976.0,10240.0,24.61
2026/04/05 18:44:35.125,4.0,3976.0,10240.0,24.58
2026/04/05 18:44:36.176,4.0,3976.0,10240.0,24.65
2026/04/05 18:44:37.226,5.0,3976.0,10240.0,24.86
2026/04/05 18:44:38.273,1.0,3976.0,10240.0,24.92
2026/04/05 18:44:39.322,0.0,3976.0,10240.0,24.85
2026/04/05 18:44:40.371,0.0,3976.0,10240.0,24.86
2026/04/05 18:44:41.422,0.0,3976.0,10240.0,24.58
2026/04/05 18:44:42.472,0.0,3976.0,10240.0,24.65
2026/04/05 18:44:43.521,0.0,3976.0,10240.0,24.8
2026/04/05 18:44:44.569,0.0,3976.0,10240.0,24.88
2026/04/05 18:44:45.619,0.0,3976.0,10240.0,24.76
2026/04/05 18:44:46.668,5.0,3979.0,10240.0,25.48
2026/04/05 18:44:47.716,3.0,3976.0,10240.0,26.4
2026/04/05 18:44:48.768,0.0,3975.0,10240.0,24.74
2026/04/05 18:44:49.817,0.0,3975.0,10240.0,24.24
2026/04/05 18:44:50.869,0.0,3975.0,10240.0,24.61
2026/04/05 18:44:51.926,0.0,3967.0,10240.0,24.61
2026/04/05 18:44:52.990,0.0,3967.0,10240.0,24.76
2026/04/05 18:44:54.045,3.0,3967.0,10240.0,24.96
2026/04/05 18:44:55.096,3.0,3967.0,10240.0,24.99
2026/04/05 18:44:56.151,3.0,3967.0,10240.0,24.72
2026/04/05 18:44:57.201,2.0,3967.0,10240.0,24.64
2026/04/05 18:44:58.255,3.0,3967.0,10240.0,24.52
2026/04/05 18:44:59.312,3.0,3967.0,10240.0,24.45
2026/04/05 18:45:00.366,4.0,3967.0,10240.0,24.47
2026/04/05 18:45:01.423,4.0,3967.0,10240.0,24.49
2026/04/05 18:45:02.477,1.0,3967.0,10240.0,24.45
2026/04/05 18:45:03.528,0.0,3967.0,10240.0,24.23
2026/04/05 18:45:04.577,0.0,3967.0,10240.0,24.07
2026/04/05 18:45:05.625,0.0,3967.0,10240.0,24.24
2026/04/05 18:45:06.675,0.0,3967.0,10240.0,24.42
2026/04/05 18:45:07.724,0.0,3967.0,10240.0,24.73
2026/04/05 18:45:08.773,0.0,3971.0,10240.0,25.02
2026/04/05 18:45:09.823,0.0,3971.0,10240.0,24.57
2026/04/05 18:45:10.870,0.0,3971.0,10240.0,24.45
2026/04/05 18:45:11.921,0.0,3971.0,10240.0,24.25
2026/04/05 18:45:12.971,0.0,3971.0,10240.0,24.34
2026/04/05 18:45:14.019,0.0,3971.0,10240.0,24.32
2026/04/05 18:45:15.068,0.0,3971.0,10240.0,24.43
2026/04/05 18:45:16.119,0.0,3971.0,10240.0,24.4
2026/04/05 18:45:17.175,0.0,3971.0,10240.0,24.41
2026/04/05 18:45:18.227,0.0,3971.0,10240.0,24.6
2026/04/05 18:45:19.277,3.0,3971.0,10240.0,24.21
2026/04/05 18:45:20.326,1.0,3971.0,10240.0,24.0
2026/04/05 18:45:21.374,1.0,3971.0,10240.0,24.46
2026/04/05 18:45:22.423,5.0,3970.0,10240.0,26.81
2026/04/05 18:45:23.471,3.0,3971.0,10240.0,25.1
2026/04/05 18:45:24.518,4.0,3971.0,10240.0,24.63
2026/04/05 18:45:25.568,4.0,3971.0,10240.0,24.75
2026/04/05 18:45:26.622,4.0,3971.0,10240.0,24.68
2026/04/05 18:45:27.678,2.0,3971.0,10240.0,24.39
2026/04/05 18:45:28.726,0.0,3971.0,10240.0,24.61
2026/04/05 18:45:29.775,0.0,3971.0,10240.0,24.68
2026/04/05 18:45:30.825,0.0,3971.0,10240.0,24.59
2026/04/05 18:45:31.875,0.0,3971.0,10240.0,24.49
2026/04/05 18:45:32.928,0.0,3971.0,10240.0,24.48
2026/04/05 18:45:33.985,0.0,3971.0,10240.0,24.21
2026/04/05 18:45:35.037,0.0,3971.0,10240.0,24.05
2026/04/05 18:45:36.088,0.0,3971.0,10240.0,24.28
2026/04/05 18:45:37.138,0.0,3971.0,10240.0,24.38
2026/04/05 18:45:38.189,0.0,3971.0,10240.0,24.51
2026/04/05 18:45:39.239,0.0,3971.0,10240.0,24.54
2026/04/05 18:45:40.286,0.0,3971.0,10240.0,24.53
2026/04/05 18:45:41.337,0.0,3971.0,10240.0,24.6
2026/04/05 18:45:42.387,0.0,3971.0,10240.0,24.38
2026/04/05 18:45:43.438,4.0,3971.0,10240.0,24.75
2026/04/05 18:45:44.489,4.0,3971.0,10240.0,24.84
2026/04/05 18:45:45.539,3.0,3971.0,10240.0,24.63
2026/04/05 18:45:46.588,3.0,3971.0,10240.0,24.47
2026/04/05 18:45:47.637,2.0,3971.0,10240.0,24.53
2026/04/05 18:45:48.687,2.0,3971.0,10240.0,24.43
2026/04/05 18:45:49.737,4.0,3971.0,10240.0,24.49
2026/04/05 18:45:50.786,4.0,3971.0,10240.0,24.58
2026/04/05 18:45:51.836,0.0,3971.0,10240.0,24.53
2026/04/05 18:45:52.887,0.0,3971.0,10240.0,24.66
2026/04/05 18:45:53.938,0.0,3971.0,10240.0,24.68
2026/04/05 18:45:54.990,0.0,3971.0,10240.0,24.64
2026/04/05 18:45:56.037,3.0,3975.0,10240.0,24.7
2026/04/05 18:45:57.085,5.0,3970.0,10240.0,26.46
2026/04/05 18:45:58.132,2.0,3971.0,10240.0,24.84
2026/04/05 18:45:59.177,0.0,3971.0,10240.0,24.54
2026/04/05 18:46:00.226,0.0,3971.0,10240.0,24.53
2026/04/05 18:46:01.275,0.0,3971.0,10240.0,24.43
2026/04/05 18:46:02.324,0.0,3971.0,10240.0,24.52
2026/04/05 18:46:03.372,0.0,3971.0,10240.0,24.54
2026/04/05 18:46:04.424,0.0,3971.0,10240.0,24.11
2026/04/05 18:46:05.479,0.0,3971.0,10240.0,24.24
2026/04/05 18:46:06.532,12.0,3971.0,10240.0,26.48
2026/04/05 18:46:07.585,0.0,3971.0,10240.0,24.97
2026/04/05 18:46:08.637,5.0,3970.0,10240.0,25.37
2026/04/05 18:46:09.687,6.0,3970.0,10240.0,25.15
2026/04/05 18:46:10.736,5.0,3970.0,10240.0,24.88
2026/04/05 18:46:11.783,5.0,3970.0,10240.0,24.72
2026/04/05 18:46:12.840,0.0,3970.0,10240.0,25.03
2026/04/05 18:46:13.885,0.0,3970.0,10240.0,24.51
2026/04/05 18:46:14.932,0.0,3970.0,10240.0,24.64
2026/04/05 18:46:15.980,0.0,3970.0,10240.0,24.42
2026/04/05 18:46:17.029,0.0,3970.0,10240.0,24.29
2026/04/05 18:46:18.078,0.0,3970.0,10240.0,24.23
2026/04/05 18:46:19.130,0.0,3970.0,10240.0,24.02
2026/04/05 18:46:20.178,0.0,3970.0,10240.0,24.07
2026/04/05 18:46:21.225,0.0,3968.0,10240.0,25.34
2026/04/05 18:46:22.272,0.0,3968.0,10240.0,24.35
2026/04/05 18:46:23.320,1.0,3967.0,10240.0,24.66
2026/04/05 18:46:24.373,0.0,3967.0,10240.0,24.19
2026/04/05 18:46:25.424,0.0,3967.0,10240.0,24.29
2026/04/05 18:46:26.476,0.0,3967.0,10240.0,24.12
2026/04/05 18:46:27.524,0.0,3967.0,10240.0,24.1
2026/04/05 18:46:28.575,0.0,3967.0,10240.0,24.52
2026/04/05 18:46:29.625,3.0,3967.0,10240.0,24.69
2026/04/05 18:46:30.674,7.0,3966.0,10240.0,25.4
2026/04/05 18:46:31.722,4.0,3967.0,10240.0,25.66
2026/04/05 18:46:32.767,2.0,3967.0,10240.0,24.3
2026/04/05 18:46:33.812,2.0,3967.0,10240.0,24.28
2026/04/05 18:46:34.863,2.0,3967.0,10240.0,24.1
2026/04/05 18:46:35.915,3.0,3967.0,10240.0,24.13
2026/04/05 18:46:36.969,4.0,3967.0,10240.0,24.41
2026/04/05 18:46:38.022,0.0,3967.0,10240.0,24.36
2026/04/05 18:46:39.076,0.0,3963.0,10240.0,24.8
2026/04/05 18:46:40.132,0.0,3963.0,10240.0,24.42
2026/04/05 18:46:41.182,0.0,3963.0,10240.0,24.37
2026/04/05 18:46:42.233,0.0,3963.0,10240.0,24.26
2026/04/05 18:46:43.284,0.0,3963.0,10240.0,24.35
2026/04/05 18:46:44.334,0.0,3963.0,10240.0,24.41
2026/04/05 18:46:45.382,0.0,3963.0,10240.0,24.35
2026/04/05 18:46:46.431,0.0,3963.0,10240.0,24.12
2026/04/05 18:46:47.478,0.0,3963.0,10240.0,24.21
2026/04/05 18:46:48.525,0.0,3963.0,10240.0,24.13
2026/04/05 18:46:49.574,0.0,3963.0,10240.0,23.86
2026/04/05 18:46:50.622,0.0,3963.0,10240.0,23.77
2026/04/05 18:46:51.670,0.0,3963.0,10240.0,24.3
2026/04/05 18:46:52.720,0.0,3963.0,10240.0,24.33
2026/04/05 18:46:53.773,1.0,3963.0,10240.0,24.45
2026/04/05 18:46:54.822,3.0,3963.0,10240.0,24.7
2026/04/05 18:46:55.872,4.0,3963.0,10240.0,24.61
2026/04/05 18:46:56.923,2.0,3963.0,10240.0,24.1
2026/04/05 18:46:57.975,2.0,3963.0,10240.0,24.22
2026/04/05 18:46:59.025,2.0,3963.0,10240.0,24.33
2026/04/05 18:47:00.075,2.0,3963.0,10240.0,24.28
2026/04/05 18:47:01.125,3.0,3963.0,10240.0,24.2
2026/04/05 18:47:02.178,2.0,3963.0,10240.0,24.2
2026/04/05 18:47:03.227,0.0,3963.0,10240.0,24.22
2026/04/05 18:47:04.273,4.0,3962.0,10240.0,26.47
2026/04/05 18:47:05.321,0.0,3963.0,10240.0,25.67
2026/04/05 18:47:06.369,0.0,3963.0,10240.0,24.27
2026/04/05 18:47:07.416,0.0,3963.0,10240.0,24.44
2026/04/05 18:47:08.466,0.0,3963.0,10240.0,24.55
2026/04/05 18:47:09.517,0.0,3963.0,10240.0,24.73
2026/04/05 18:47:10.569,0.0,3963.0,10240.0,24.37
2026/04/05 18:47:11.620,0.0,3963.0,10240.0,24.04
2026/04/05 18:47:12.672,0.0,3963.0,10240.0,24.21
2026/04/05 18:47:13.727,0.0,3963.0,10240.0,24.24
2026/04/05 18:47:14.782,0.0,3963.0,10240.0,24.4
2026/04/05 18:47:15.841,0.0,3963.0,10240.0,24.19
2026/04/05 18:47:16.898,0.0,3963.0,10240.0,24.71
2026/04/05 18:47:17.952,0.0,3963.0,10240.0,24.15
2026/04/05 18:47:19.006,4.0,3963.0,10240.0,24.07
2026/04/05 18:47:20.057,4.0,3963.0,10240.0,24.12
2026/04/05 18:47:21.106,4.0,3963.0,10240.0,24.12
2026/04/05 18:47:22.153,4.0,3963.0,10240.0,24.33
2026/04/05 18:47:23.203,0.0,3963.0,10240.0,24.34
2026/04/05 18:47:24.252,0.0,3963.0,10240.0,24.51
2026/04/05 18:47:25.304,0.0,3963.0,10240.0,24.36
2026/04/05 18:47:26.357,0.0,3963.0,10240.0,24.19
2026/04/05 18:47:27.406,0.0,3963.0,10240.0,24.41
2026/04/05 18:47:28.454,0.0,3963.0,10240.0,24.39
2026/04/05 18:47:29.504,0.0,3963.0,10240.0,24.61
2026/04/05 18:47:30.551,0.0,3963.0,10240.0,24.44
2026/04/05 18:47:31.605,0.0,3963.0,10240.0,24.21
2026/04/05 18:47:32.652,0.0,3963.0,10240.0,24.31
2026/04/05 18:47:33.701,0.0,3963.0,10240.0,23.94
2026/04/05 18:47:34.754,0.0,3963.0,10240.0,24.32
2026/04/05 18:47:35.806,0.0,3963.0,10240.0,24.31
2026/04/05 18:47:36.858,0.0,3963.0,10240.0,24.39
2026/04/05 18:47:37.909,0.0,3963.0,10240.0,24.46
2026/04/05 18:47:38.956,4.0,3962.0,10240.0,26.48
2026/04/05 18:47:40.004,0.0,3963.0,10240.0,25.32
2026/04/05 18:47:41.051,1.0,3963.0,10240.0,24.24
2026/04/05 18:47:42.100,0.0,3967.0,10240.0,24.63
2026/04/05 18:47:43.150,1.0,3967.0,10240.0,24.5
2026/04/05 18:47:44.209,6.0,3967.0,10240.0,24.55
2026/04/05 18:47:45.265,4.0,3967.0,10240.0,24.39
2026/04/05 18:47:46.318,4.0,3967.0,10240.0,24.39
2026/04/05 18:47:47.366,3.0,3967.0,10240.0,24.22
2026/04/05 18:47:48.417,0.0,3967.0,10240.0,24.01
2026/04/05 18:47:49.469,0.0,3967.0,10240.0,24.08
2026/04/05 18:47:50.523,0.0,3967.0,10240.0,24.25
2026/04/05 18:47:51.575,0.0,3967.0,10240.0,24.41
2026/04/05 18:47:52.628,0.0,3967.0,10240.0,24.41
2026/04/05 18:47:53.681,0.0,3971.0,10240.0,24.6
2026/04/05 18:47:54.729,0.0,3971.0,10240.0,24.56
2026/04/05 18:47:55.777,0.0,3971.0,10240.0,24.43
2026/04/05 18:47:56.825,2.0,3990.0,10240.0,26.69
2026/04/05 18:47:57.877,17.0,4003.0,10240.0,28.4
2026/04/05 18:47:58.928,10.0,4003.0,10240.0,29.22
2026/04/05 18:47:59.979,19.0,4010.0,10240.0,28.21
2026/04/05 18:48:01.030,1.0,4009.0,10240.0,25.43
2026/04/05 18:48:02.081,0.0,4009.0,10240.0,24.81
2026/04/05 18:48:03.134,1.0,4009.0,10240.0,24.49
2026/04/05 18:48:04.188,4.0,4008.0,10240.0,24.27
2026/04/05 18:48:05.239,4.0,4008.0,10240.0,25.07
2026/04/05 18:48:06.287,3.0,4008.0,10240.0,25.14
2026/04/05 18:48:07.337,4.0,4008.0,10240.0,24.69
2026/04/05 18:48:08.385,4.0,4005.0,10240.0,25.01
2026/04/05 18:48:09.435,4.0,4005.0,10240.0,25.1
2026/04/05 18:48:10.484,1.0,4000.0,10240.0,24.77
2026/04/05 18:48:11.531,2.0,4000.0,10240.0,24.65
2026/04/05 18:48:12.579,4.0,4007.0,10240.0,24.89
2026/04/05 18:48:13.629,4.0,3979.0,10240.0,26.43
2026/04/05 18:48:14.681,0.0,3979.0,10240.0,24.6
2026/04/05 18:48:15.730,0.0,3977.0,10240.0,24.63
2026/04/05 18:48:16.781,0.0,3966.0,10240.0,24.56
2026/04/05 18:48:17.832,6.0,3946.0,10240.0,25.19
2026/04/05 18:48:18.881,1.0,3946.0,10240.0,24.5
2026/04/05 18:48:19.934,1.0,3946.0,10240.0,24.48
2026/04/05 18:48:20.984,1.0,3946.0,10240.0,24.33
2026/04/05 18:48:22.036,1.0,3955.0,10240.0,24.86
2026/04/05 18:48:23.093,1.0,3955.0,10240.0,24.53
2026/04/05 18:48:24.146,0.0,3955.0,10240.0,24.57
2026/04/05 18:48:25.201,1.0,3955.0,10240.0,24.52
2026/04/05 18:48:26.261,2.0,3955.0,10240.0,24.33
2026/04/05 18:48:27.316,1.0,3955.0,10240.0,24.93
2026/04/05 18:48:28.366,0.0,3955.0,10240.0,24.81
2026/04/05 18:48:29.418,4.0,3955.0,10240.0,24.83
2026/04/05 18:48:30.469,4.0,3955.0,10240.0,24.59
2026/04/05 18:48:31.519,4.0,3956.0,10240.0,24.65
2026/04/05 18:48:32.573,0.0,3956.0,10240.0,24.52
2026/04/05 18:48:33.624,0.0,3956.0,10240.0,24.09
2026/04/05 18:48:34.678,2.0,3956.0,10240.0,24.39
2026/04/05 18:48:35.729,1.0,3956.0,10240.0,24.69
2026/04/05 18:48:36.782,1.0,3956.0,10240.0,24.66
2026/04/05 18:48:37.832,1.0,3956.0,10240.0,24.63
2026/04/05 18:48:38.881,1.0,3956.0,10240.0,24.71
2026/04/05 18:48:39.931,2.0,3956.0,10240.0,24.55
2026/04/05 18:48:40.980,1.0,3955.0,10240.0,24.17
2026/04/05 18:48:42.029,1.0,3955.0,10240.0,24.61
2026/04/05 18:48:43.081,0.0,3955.0,10240.0,24.57
2026/04/05 18:48:44.135,0.0,3955.0,10240.0,24.54
2026/04/05 18:48:45.193,1.0,3955.0,10240.0,24.68
2026/04/05 18:48:46.245,0.0,3955.0,10240.0,24.78
2026/04/05 18:48:47.297,1.0,3956.0,10240.0,24.63
2026/04/05 18:48:48.346,0.0,3956.0,10240.0,24.13
2026/04/05 18:48:49.397,4.0,3952.0,10240.0,25.17
2026/04/05 18:48:50.447,0.0,3952.0,10240.0,26.36
2026/04/05 18:48:51.494,0.0,3952.0,10240.0,24.87
2026/04/05 18:48:52.540,1.0,3948.0,10240.0,24.71
2026/04/05 18:48:53.586,4.0,3948.0,10240.0,24.69
2026/04/05 18:48:54.637,5.0,3948.0,10240.0,24.57
2026/04/05 18:48:55.692,5.0,3948.0,10240.0,24.58
2026/04/05 18:48:56.744,4.0,3948.0,10240.0,24.57
2026/04/05 18:48:57.796,1.0,3948.0,10240.0,24.61
2026/04/05 18:48:58.853,1.0,3948.0,10240.0,24.78
2026/04/05 18:48:59.907,0.0,3948.0,10240.0,24.75
2026/04/05 18:49:00.968,2.0,3948.0,10240.0,24.68
2026/04/05 18:49:02.025,0.0,3948.0,10240.0,24.45
2026/04/05 18:49:03.081,0.0,3948.0,10240.0,24.42
2026/04/05 18:49:04.139,0.0,3948.0,10240.0,24.5
2026/04/05 18:49:05.194,0.0,3948.0,10240.0,24.65
2026/04/05 18:49:06.248,0.0,3948.0,10240.0,24.57
2026/04/05 18:49:07.299,1.0,3948.0,10240.0,24.52
2026/04/05 18:49:08.351,1.0,3948.0,10240.0,25.06
2026/04/05 18:49:09.397,0.0,3948.0,10240.0,24.61
2026/04/05 18:49:10.447,0.0,3948.0,10240.0,24.59
2026/04/05 18:49:11.496,1.0,3948.0,10240.0,24.26
2026/04/05 18:49:12.546,1.0,3948.0,10240.0,24.39
2026/04/05 18:49:13.599,1.0,3948.0,10240.0,24.62
2026/04/05 18:49:14.655,1.0,3948.0,10240.0,24.77
2026/04/05 18:49:15.712,0.0,3948.0,10240.0,25.0
2026/04/05 18:49:16.763,5.0,3948.0,10240.0,24.7
2026/04/05 18:49:17.817,5.0,3948.0,10240.0,24.46
2026/04/05 18:49:18.876,5.0,3953.0,10240.0,24.71
2026/04/05 18:49:19.930,4.0,3952.0,10240.0,24.63
2026/04/05 18:49:20.986,0.0,3952.0,10240.0,24.78
2026/04/05 18:49:22.038,0.0,3952.0,10240.0,24.64
2026/04/05 18:49:23.086,4.0,3960.0,10240.0,25.12
2026/04/05 18:49:24.134,4.0,3956.0,10240.0,26.24
2026/04/05 18:49:25.182,1.0,3956.0,10240.0,24.63
2026/04/05 18:49:26.231,0.0,3952.0,10240.0,24.52
2026/04/05 18:49:27.283,1.0,3952.0,10240.0,24.81
2026/04/05 18:49:28.335,1.0,3952.0,10240.0,24.72
2026/04/05 18:49:29.394,1.0,3952.0,10240.0,24.82
2026/04/05 18:49:30.453,1.0,3952.0,10240.0,24.78
2026/04/05 18:49:31.507,1.0,3952.0,10240.0,24.68
2026/04/05 18:49:32.557,1.0,3952.0,10240.0,24.32
2026/04/05 18:49:33.610,1.0,3952.0,10240.0,24.48
2026/04/05 18:49:34.662,0.0,3952.0,10240.0,24.6
2026/04/05 18:49:35.719,0.0,3952.0,10240.0,24.76
2026/04/05 18:49:36.776,0.0,3952.0,10240.0,24.74
2026/04/05 18:49:37.831,0.0,3952.0,10240.0,24.66
2026/04/05 18:49:38.881,0.0,3952.0,10240.0,25.04
2026/04/05 18:49:39.934,0.0,3952.0,10240.0,24.67
2026/04/05 18:49:40.984,4.0,3951.0,10240.0,24.61
2026/04/05 18:49:42.035,4.0,3951.0,10240.0,24.71
2026/04/05 18:49:43.085,5.0,3951.0,10240.0,24.71
2026/04/05 18:49:44.134,5.0,3951.0,10240.0,24.58
2026/04/05 18:49:45.184,0.0,3951.0,10240.0,24.51
2026/04/05 18:49:46.237,1.0,3951.0,10240.0,24.61
2026/04/05 18:49:47.284,1.0,3951.0,10240.0,24.43
2026/04/05 18:49:48.329,0.0,3951.0,10240.0,24.4
2026/04/05 18:49:49.377,1.0,3951.0,10240.0,24.41
2026/04/05 18:49:50.426,1.0,3951.0,10240.0,24.79
2026/04/05 18:49:51.475,0.0,3951.0,10240.0,24.83
2026/04/05 18:49:52.526,0.0,3951.0,10240.0,24.7
2026/04/05 18:49:53.579,0.0,3951.0,10240.0,24.74
2026/04/05 18:49:54.628,0.0,3951.0,10240.0,24.46
2026/04/05 18:49:55.678,1.0,3951.0,10240.0,24.67
2026/04/05 18:49:56.727,0.0,3951.0,10240.0,24.73
2026/04/05 18:49:57.774,4.0,3959.0,10240.0,25.15
2026/04/05 18:49:58.826,4.0,3955.0,10240.0,26.7
2026/04/05 18:49:59.870,1.0,3955.0,10240.0,24.82
2026/04/05 18:50:00.915,1.0,3951.0,10240.0,24.97
2026/04/05 18:50:01.964,5.0,3951.0,10240.0,24.81
2026/04/05 18:50:03.013,5.0,3951.0,10240.0,24.38
2026/04/05 18:50:04.066,5.0,3951.0,10240.0,24.4
2026/04/05 18:50:05.116,4.0,3951.0,10240.0,24.7
2026/04/05 18:50:06.166,1.0,3951.0,10240.0,24.91
2026/04/05 18:50:07.218,0.0,3951.0,10240.0,24.76
2026/04/05 18:50:08.271,0.0,3950.0,10240.0,25.14
2026/04/05 18:50:09.321,0.0,3950.0,10240.0,24.68
2026/04/05 18:50:10.371,0.0,3950.0,10240.0,24.3
2026/04/05 18:50:11.422,0.0,3950.0,10240.0,24.99
2026/04/05 18:50:12.472,0.0,3950.0,10240.0,24.6
2026/04/05 18:50:13.525,1.0,3950.0,10240.0,24.77
2026/04/05 18:50:14.573,0.0,3950.0,10240.0,24.8
2026/04/05 18:50:15.621,1.0,3950.0,10240.0,24.7
2026/04/05 18:50:16.671,2.0,3950.0,10240.0,24.93
2026/04/05 18:50:17.723,0.0,3950.0,10240.0,24.55
2026/04/05 18:50:18.776,1.0,3950.0,10240.0,24.48
2026/04/05 18:50:19.826,1.0,3950.0,10240.0,24.69
2026/04/05 18:50:20.875,1.0,3950.0,10240.0,25.05
2026/04/05 18:50:21.925,0.0,3950.0,10240.0,24.75
2026/04/05 18:50:22.978,0.0,3950.0,10240.0,24.73
2026/04/05 18:50:24.028,0.0,3950.0,10240.0,24.55
2026/04/05 18:50:25.079,0.0,3950.0,10240.0,24.25
2026/04/05 18:50:26.132,0.0,3950.0,10240.0,25.0
2026/04/05 18:50:27.180,4.0,3950.0,10240.0,24.86
2026/04/05 18:50:28.226,4.0,3950.0,10240.0,24.85
2026/04/05 18:50:29.275,5.0,3950.0,10240.0,24.54
2026/04/05 18:50:30.325,5.0,3950.0,10240.0,24.48
2026/04/05 18:50:31.373,4.0,3954.0,10240.0,25.5
2026/04/05 18:50:32.424,1.0,3954.0,10240.0,26.05
2026/04/05 18:50:33.474,1.0,3954.0,10240.0,24.32
2026/04/05 18:50:34.522,0.0,3950.0,10240.0,24.54
2026/04/05 18:50:35.571,1.0,3950.0,10240.0,24.66
2026/04/05 18:50:36.622,0.0,3950.0,10240.0,24.95
2026/04/05 18:50:37.673,2.0,3950.0,10240.0,24.81
2026/04/05 18:50:38.725,0.0,3946.0,10240.0,24.59
2026/04/05 18:50:39.774,0.0,3946.0,10240.0,24.47
2026/04/05 18:50:40.820,0.0,3946.0,10240.0,24.38
2026/04/05 18:50:41.870,0.0,3946.0,10240.0,24.54
2026/04/05 18:50:42.921,0.0,3946.0,10240.0,24.64
2026/04/05 18:50:43.974,0.0,3946.0,10240.0,24.5
2026/04/05 18:50:45.024,0.0,3946.0,10240.0,24.39
2026/04/05 18:50:46.074,2.0,3946.0,10240.0,24.43
2026/04/05 18:50:47.129,0.0,3946.0,10240.0,24.34
2026/04/05 18:50:48.177,1.0,3946.0,10240.0,24.39
2026/04/05 18:50:49.227,1.0,3946.0,10240.0,24.48
2026/04/05 18:50:50.276,1.0,3946.0,10240.0,24.9
2026/04/05 18:50:51.324,1.0,3946.0,10240.0,24.77
2026/04/05 18:50:52.374,5.0,3946.0,10240.0,24.9
2026/04/05 18:50:53.425,4.0,3946.0,10240.0,24.67
2026/04/05 18:50:54.477,4.0,3946.0,10240.0,24.71
2026/04/05 18:50:55.528,1.0,3946.0,10240.0,24.84
2026/04/05 18:50:56.577,0.0,3946.0,10240.0,25.13
2026/04/05 18:50:57.626,1.0,3946.0,10240.0,24.69
2026/04/05 18:50:58.676,2.0,3949.0,10240.0,24.92
2026/04/05 18:50:59.722,0.0,3946.0,10240.0,24.78
2026/04/05 18:51:00.770,0.0,3946.0,10240.0,24.58
2026/04/05 18:51:01.820,0.0,3946.0,10240.0,24.66
2026/04/05 18:51:02.869,1.0,3946.0,10240.0,24.24
2026/04/05 18:51:03.919,1.0,3946.0,10240.0,24.43
2026/04/05 18:51:04.969,0.0,3946.0,10240.0,24.87
2026/04/05 18:51:06.018,1.0,3942.0,10240.0,25.7
2026/04/05 18:51:07.068,5.0,3947.0,10240.0,26.45
2026/04/05 18:51:08.117,0.0,3947.0,10240.0,25.58
2026/04/05 18:51:09.165,1.0,3947.0,10240.0,24.9
2026/04/05 18:51:10.217,0.0,3942.0,10240.0,24.72
2026/04/05 18:51:11.270,0.0,3942.0,10240.0,24.92
2026/04/05 18:51:12.325,3.0,3942.0,10240.0,24.81
2026/04/05 18:51:13.383,1.0,3942.0,10240.0,24.54
2026/04/05 18:51:14.439,0.0,3942.0,10240.0,24.51
2026/04/05 18:51:15.492,0.0,3942.0,10240.0,24.92
2026/04/05 18:51:16.545,4.0,3942.0,10240.0,24.41
2026/04/05 18:51:17.598,5.0,3942.0,10240.0,24.36
2026/04/05 18:51:18.649,4.0,3942.0,10240.0,24.61
2026/04/05 18:51:19.701,5.0,3942.0,10240.0,24.54
2026/04/05 18:51:20.763,0.0,3942.0,10240.0,24.81
2026/04/05 18:51:21.820,1.0,3942.0,10240.0,24.95
2026/04/05 18:51:22.871,1.0,3942.0,10240.0,24.81
2026/04/05 18:51:23.920,1.0,3942.0,10240.0,24.67
2026/04/05 18:51:24.970,1.0,3942.0,10240.0,24.54
2026/04/05 18:51:26.020,0.0,3942.0,10240.0,24.89
2026/04/05 18:51:27.073,0.0,3942.0,10240.0,24.93
2026/04/05 18:51:28.130,1.0,3942.0,10240.0,24.98
2026/04/05 18:51:29.182,0.0,3942.0,10240.0,24.7
2026/04/05 18:51:30.241,0.0,3942.0,10240.0,24.55
2026/04/05 18:51:31.294,0.0,3942.0,10240.0,24.34
2026/04/05 18:51:32.345,0.0,3942.0,10240.0,24.29
2026/04/05 18:51:33.401,0.0,3942.0,10240.0,24.58
2026/04/05 18:51:34.462,0.0,3942.0,10240.0,24.39
2026/04/05 18:51:35.523,4.0,3942.0,10240.0,24.84
2026/04/05 18:51:36.580,5.0,3938.0,10240.0,24.82
2026/04/05 18:51:37.629,5.0,3938.0,10240.0,24.78
2026/04/05 18:51:38.681,5.0,3938.0,10240.0,24.64
2026/04/05 18:51:39.730,1.0,3938.0,10240.0,24.25
2026/04/05 18:51:40.781,5.0,3942.0,10240.0,25.77
2026/04/05 18:51:41.830,2.0,3942.0,10240.0,25.76
2026/04/05 18:51:42.880,1.0,3942.0,10240.0,24.72
2026/04/05 18:51:43.929,1.0,3938.0,10240.0,24.57
2026/04/05 18:51:44.983,0.0,3938.0,10240.0,24.56
2026/04/05 18:51:46.036,0.0,3938.0,10240.0,24.24
2026/04/05 18:51:47.087,0.0,3938.0,10240.0,24.14
2026/04/05 18:51:48.136,0.0,3938.0,10240.0,24.57
2026/04/05 18:51:49.189,0.0,3938.0,10240.0,24.4
2026/04/05 18:51:50.245,0.0,3938.0,10240.0,24.63
2026/04/05 18:51:51.301,1.0,3938.0,10240.0,24.44
2026/04/05 18:51:52.352,0.0,3938.0,10240.0,24.62
2026/04/05 18:51:53.404,1.0,3938.0,10240.0,24.38
2026/04/05 18:51:54.455,1.0,3938.0,10240.0,24.17
2026/04/05 18:51:55.503,1.0,3938.0,10240.0,24.34
2026/04/05 18:51:56.553,1.0,3938.0,10240.0,24.68
2026/04/05 18:51:57.601,1.0,3938.0,10240.0,25.17
2026/04/05 18:51:58.649,0.0,3938.0,10240.0,25.0
2026/04/05 18:51:59.696,0.0,3938.0,10240.0,24.82
2026/04/05 18:52:00.743,4.0,3938.0,10240.0,24.86
2026/04/05 18:52:01.790,5.0,3938.0,10240.0,24.84
2026/04/05 18:52:02.844,3.0,3938.0,10240.0,24.8
2026/04/05 18:52:03.891,4.0,3938.0,10240.0,24.88
2026/04/05 18:52:04.945,0.0,3938.0,10240.0,24.88
2026/04/05 18:52:05.994,0.0,3938.0,10240.0,25.04
2026/04/05 18:52:07.045,1.0,3938.0,10240.0,25.07
2026/04/05 18:52:08.100,3.0,3938.0,10240.0,25.25
2026/04/05 18:52:09.157,0.0,3938.0,10240.0,24.91
2026/04/05 18:52:10.210,1.0,3938.0,10240.0,24.88
2026/04/05 18:52:11.260,1.0,3938.0,10240.0,24.87
2026/04/05 18:52:12.307,1.0,3938.0,10240.0,25.21
2026/04/05 18:52:13.357,1.0,3938.0,10240.0,24.89
2026/04/05 18:52:14.408,5.0,3945.0,10240.0,25.74
2026/04/05 18:52:15.454,4.0,3942.0,10240.0,26.72
2026/04/05 18:52:16.500,1.0,3942.0,10240.0,24.56
2026/04/05 18:52:17.545,0.0,3938.0,10240.0,25.08
2026/04/05 18:52:18.596,0.0,3938.0,10240.0,24.95
2026/04/05 18:52:19.647,0.0,3938.0,10240.0,25.13
2026/04/05 18:52:20.702,0.0,3938.0,10240.0,24.98
2026/04/05 18:52:21.758,0.0,3938.0,10240.0,24.96
2026/04/05 18:52:22.813,0.0,3938.0,10240.0,25.1
2026/04/05 18:52:23.863,1.0,3938.0,10240.0,25.08
2026/04/05 18:52:24.914,4.0,3938.0,10240.0,24.84
2026/04/05 18:52:25.967,4.0,3938.0,10240.0,24.9
2026/04/05 18:52:27.021,5.0,3938.0,10240.0,25.0
2026/04/05 18:52:28.073,5.0,3938.0,10240.0,25.13
2026/04/05 18:52:29.125,1.0,3938.0,10240.0,24.58
2026/04/05 18:52:30.172,1.0,3938.0,10240.0,24.71
2026/04/05 18:52:31.218,0.0,3938.0,10240.0,24.27
2026/04/05 18:52:32.265,1.0,3938.0,10240.0,24.71
2026/04/05 18:52:33.311,0.0,3938.0,10240.0,24.66
2026/04/05 18:52:34.359,0.0,3938.0,10240.0,24.85
2026/04/05 18:52:35.406,0.0,3938.0,10240.0,24.89
2026/04/05 18:52:36.453,0.0,3938.0,10240.0,24.9
2026/04/05 18:52:37.501,0.0,3938.0,10240.0,25.02
2026/04/05 18:52:38.549,0.0,3938.0,10240.0,25.03
2026/04/05 18:52:39.598,0.0,3938.0,10240.0,24.75
2026/04/05 18:52:40.645,1.0,3938.0,10240.0,24.7
2026/04/05 18:52:41.700,0.0,3938.0,10240.0,24.83
2026/04/05 18:52:42.748,1.0,3938.0,10240.0,24.76
2026/04/05 18:52:43.798,1.0,3938.0,10240.0,24.62
2026/04/05 18:52:44.848,1.0,3938.0,10240.0,24.74
2026/04/05 18:52:45.900,4.0,3938.0,10240.0,24.8
2026/04/05 18:52:46.950,4.0,3938.0,10240.0,24.91
2026/04/05 18:52:48.001,8.0,3942.0,10240.0,26.71
2026/04/05 18:52:49.049,1.0,3942.0,10240.0,25.83
2026/04/05 18:52:50.096,3.0,3942.0,10240.0,24.64
2026/04/05 18:52:51.143,4.0,3938.0,10240.0,24.82
2026/04/05 18:52:52.194,4.0,3938.0,10240.0,24.67
2026/04/05 18:52:53.246,4.0,3938.0,10240.0,24.86
2026/04/05 18:52:54.294,0.0,3938.0,10240.0,24.72
2026/04/05 18:52:55.344,0.0,3938.0,10240.0,24.73
2026/04/05 18:52:56.393,0.0,3938.0,10240.0,24.97
2026/04/05 18:52:57.442,2.0,3938.0,10240.0,25.11
2026/04/05 18:52:58.494,0.0,3938.0,10240.0,25.0
2026/04/05 18:52:59.546,1.0,3938.0,10240.0,24.78
2026/04/05 18:53:00.595,1.0,3938.0,10240.0,24.51
2026/04/05 18:53:01.644,0.0,3938.0,10240.0,24.63
2026/04/05 18:53:02.694,1.0,3938.0,10240.0,24.57
2026/04/05 18:53:03.745,1.0,3938.0,10240.0,24.78
2026/04/05 18:53:04.795,0.0,3938.0,10240.0,24.66
2026/04/05 18:53:05.843,0.0,3938.0,10240.0,24.67
2026/04/05 18:53:06.891,0.0,3938.0,10240.0,24.81
2026/04/05 18:53:07.942,1.0,3938.0,10240.0,24.69
2026/04/05 18:53:08.997,0.0,3938.0,10240.0,24.58
2026/04/05 18:53:10.057,0.0,3938.0,10240.0,24.7
2026/04/05 18:53:11.116,4.0,3938.0,10240.0,24.98
2026/04/05 18:53:12.166,4.0,3938.0,10240.0,25.24
2026/04/05 18:53:13.219,4.0,3938.0,10240.0,24.93
2026/04/05 18:53:14.270,5.0,3938.0,10240.0,24.63
2026/04/05 18:53:15.320,1.0,3938.0,10240.0,24.48
2026/04/05 18:53:16.368,2.0,3938.0,10240.0,24.16
2026/04/05 18:53:17.417,2.0,3938.0,10240.0,24.4
2026/04/05 18:53:18.466,2.0,3938.0,10240.0,24.87
2026/04/05 18:53:19.514,1.0,3938.0,10240.0,24.66
2026/04/05 18:53:20.568,0.0,3938.0,10240.0,24.58
2026/04/05 18:53:21.616,0.0,3938.0,10240.0,24.59
2026/04/05 18:53:22.667,0.0,3945.0,10240.0,24.61
2026/04/05 18:53:23.716,4.0,3942.0,10240.0,26.32
2026/04/05 18:53:24.767,0.0,3942.0,10240.0,24.83
2026/04/05 18:53:25.814,0.0,3942.0,10240.0,24.9
2026/04/05 18:53:26.861,0.0,3938.0,10240.0,24.69
2026/04/05 18:53:27.914,2.0,3938.0,10240.0,25.01
2026/04/05 18:53:28.968,0.0,3938.0,10240.0,24.68
2026/04/05 18:53:30.022,1.0,3938.0,10240.0,24.38
2026/04/05 18:53:31.076,0.0,3938.0,10240.0,24.3
2026/04/05 18:53:32.133,1.0,3938.0,10240.0,24.7
2026/04/05 18:53:33.186,1.0,3938.0,10240.0,24.86
2026/04/05 18:53:34.236,1.0,3938.0,10240.0,24.95
2026/04/05 18:53:35.287,5.0,3938.0,10240.0,24.86
2026/04/05 18:53:36.340,5.0,3938.0,10240.0,24.9
2026/04/05 18:53:37.392,4.0,3938.0,10240.0,24.71
2026/04/05 18:53:38.442,5.0,3938.0,10240.0,24.8
2026/04/05 18:53:39.490,0.0,3938.0,10240.0,24.85
2026/04/05 18:53:40.538,1.0,3938.0,10240.0,24.98
2026/04/05 18:53:41.588,1.0,3938.0,10240.0,24.99
2026/04/05 18:53:42.637,3.0,3938.0,10240.0,24.88
2026/04/05 18:53:43.688,0.0,3938.0,10240.0,24.69
2026/04/05 18:53:44.738,0.0,3938.0,10240.0,24.55
2026/04/05 18:53:45.788,1.0,3938.0,10240.0,24.28
2026/04/05 18:53:46.837,1.0,3938.0,10240.0,24.49
2026/04/05 18:53:47.889,2.0,3938.0,10240.0,24.75
2026/04/05 18:53:48.939,1.0,3938.0,10240.0,24.85
2026/04/05 18:53:49.989,1.0,3938.0,10240.0,24.56
2026/04/05 18:53:51.040,0.0,3938.0,10240.0,24.84
2026/04/05 18:53:52.091,1.0,3938.0,10240.0,24.65
2026/04/05 18:53:53.142,0.0,3938.0,10240.0,24.6
2026/04/05 18:53:54.192,0.0,3938.0,10240.0,24.5
2026/04/05 18:53:55.238,0.0,3938.0,10240.0,24.85
2026/04/05 18:53:56.288,4.0,3942.0,10240.0,25.68
2026/04/05 18:53:57.335,0.0,3942.0,10240.0,26.11
2026/04/05 18:53:58.383,0.0,3942.0,10240.0,25.15
2026/04/05 18:53:59.430,1.0,3938.0,10240.0,24.88
2026/04/05 18:54:00.480,4.0,3938.0,10240.0,24.32
2026/04/05 18:54:01.530,4.0,3938.0,10240.0,24.58
2026/04/05 18:54:02.581,5.0,3938.0,10240.0,24.3
2026/04/05 18:54:03.631,5.0,3938.0,10240.0,24.8
2026/04/05 18:54:04.685,1.0,3938.0,10240.0,24.65
2026/04/05 18:54:05.743,1.0,3942.0,10240.0,24.81
2026/04/05 18:54:06.799,0.0,3942.0,10240.0,24.63
2026/04/05 18:54:07.852,0.0,3942.0,10240.0,24.63
2026/04/05 18:54:08.903,0.0,3942.0,10240.0,24.97
2026/04/05 18:54:09.955,0.0,3942.0,10240.0,24.59
2026/04/05 18:54:11.006,0.0,3942.0,10240.0,24.86
2026/04/05 18:54:12.055,0.0,3942.0,10240.0,24.77
2026/04/05 18:54:13.102,1.0,3942.0,10240.0,24.84
2026/04/05 18:54:14.151,0.0,3942.0,10240.0,24.81
2026/04/05 18:54:15.199,1.0,3942.0,10240.0,24.51
2026/04/05 18:54:16.247,1.0,3942.0,10240.0,24.43
2026/04/05 18:54:17.299,0.0,3942.0,10240.0,24.79
2026/04/05 18:54:18.347,2.0,3942.0,10240.0,24.99
2026/04/05 18:54:19.399,1.0,3942.0,10240.0,24.78
2026/04/05 18:54:20.447,0.0,3942.0,10240.0,24.96
2026/04/05 18:54:21.495,3.0,3942.0,10240.0,25.35
2026/04/05 18:54:22.543,2.0,3942.0,10240.0,25.08
2026/04/05 18:54:23.592,2.0,3942.0,10240.0,24.88
2026/04/05 18:54:24.641,2.0,3942.0,10240.0,25.0
2026/04/05 18:54:25.692,2.0,3942.0,10240.0,25.02
2026/04/05 18:54:26.740,2.0,3942.0,10240.0,25.0
2026/04/05 18:54:27.793,2.0,3942.0,10240.0,24.87
2026/04/05 18:54:28.841,3.0,3942.0,10240.0,25.02
2026/04/05 18:54:29.890,4.0,3946.0,10240.0,26.07
2026/04/05 18:54:30.938,0.0,3946.0,10240.0,25.51
2026/04/05 18:54:31.985,1.0,3946.0,10240.0,24.7
2026/04/05 18:54:33.032,1.0,3942.0,10240.0,24.75
2026/04/05 18:54:34.079,1.0,3942.0,10240.0,25.14
2026/04/05 18:54:35.129,1.0,3942.0,10240.0,24.79
2026/04/05 18:54:36.179,0.0,3942.0,10240.0,24.85
2026/04/05 18:54:37.240,0.0,3942.0,10240.0,24.79
2026/04/05 18:54:38.292,1.0,3942.0,10240.0,24.7
2026/04/05 18:54:39.340,0.0,3938.0,10240.0,25.17
2026/04/05 18:54:40.393,0.0,3938.0,10240.0,24.84
2026/04/05 18:54:41.443,0.0,3938.0,10240.0,25.0
2026/04/05 18:54:42.500,2.0,3945.0,10240.0,27.21
2026/04/05 18:54:43.555,5.0,3950.0,10240.0,27.91
2026/04/05 18:54:44.606,2.0,3951.0,10240.0,26.86
2026/04/05 18:54:45.657,5.0,3957.0,10240.0,26.37
2026/04/05 18:54:46.708,4.0,3953.0,10240.0,25.26
2026/04/05 18:54:47.759,5.0,3953.0,10240.0,24.82
2026/04/05 18:54:48.813,5.0,3953.0,10240.0,24.98
2026/04/05 18:54:49.862,1.0,3953.0,10240.0,24.78
2026/04/05 18:54:50.913,1.0,3953.0,10240.0,24.77
2026/04/05 18:54:51.964,1.0,3953.0,10240.0,24.75
2026/04/05 18:54:53.020,0.0,3953.0,10240.0,24.39
2026/04/05 18:54:54.074,1.0,3953.0,10240.0,24.94
2026/04/05 18:54:55.129,0.0,3953.0,10240.0,25.03
2026/04/05 18:54:56.178,0.0,3952.0,10240.0,25.27
2026/04/05 18:54:57.226,0.0,3952.0,10240.0,24.88
2026/04/05 18:54:58.276,0.0,3952.0,10240.0,24.73
2026/04/05 18:54:59.325,0.0,3952.0,10240.0,24.74
2026/04/05 18:55:00.373,0.0,3952.0,10240.0,24.29
2026/04/05 18:55:01.423,1.0,3952.0,10240.0,24.92
2026/04/05 18:55:02.470,0.0,3952.0,10240.0,24.87
2026/04/05 18:55:03.521,3.0,3960.0,10240.0,25.43
2026/04/05 18:55:04.572,5.0,3956.0,10240.0,27.31
2026/04/05 18:55:05.619,1.0,3956.0,10240.0,25.07
2026/04/05 18:55:06.669,5.0,3956.0,10240.0,24.89
2026/04/05 18:55:07.721,5.0,3952.0,10240.0,24.9
2026/04/05 18:55:08.772,6.0,3955.0,10240.0,25.14
2026/04/05 18:55:09.821,4.0,3955.0,10240.0,24.72
2026/04/05 18:55:10.870,0.0,3955.0,10240.0,24.99
2026/04/05 18:55:11.927,0.0,3955.0,10240.0,24.77
2026/04/05 18:55:12.986,0.0,3955.0,10240.0,24.82
2026/04/05 18:55:14.040,2.0,3959.0,10240.0,25.04
2026/04/05 18:55:15.094,0.0,3959.0,10240.0,24.36
2026/04/05 18:55:16.145,0.0,3959.0,10240.0,24.56
2026/04/05 18:55:17.199,1.0,3959.0,10240.0,24.81
2026/04/05 18:55:18.249,1.0,3959.0,10240.0,24.85
2026/04/05 18:55:19.300,0.0,3959.0,10240.0,24.79
2026/04/05 18:55:20.350,1.0,3959.0,10240.0,24.69
2026/04/05 18:55:21.398,1.0,3959.0,10240.0,24.52
2026/04/05 18:55:22.449,1.0,3959.0,10240.0,24.34
2026/04/05 18:55:23.497,1.0,3959.0,10240.0,24.49
2026/04/05 18:55:24.545,0.0,3959.0,10240.0,24.66
2026/04/05 18:55:25.600,0.0,3959.0,10240.0,24.52
2026/04/05 18:55:26.655,1.0,3959.0,10240.0,24.88
2026/04/05 18:55:27.706,0.0,3959.0,10240.0,24.8
2026/04/05 18:55:28.759,0.0,3959.0,10240.0,24.99
2026/04/05 18:55:29.808,0.0,3959.0,10240.0,25.01
2026/04/05 18:55:30.858,4.0,3959.0,10240.0,24.83
2026/04/05 18:55:31.908,4.0,3959.0,10240.0,24.8
2026/04/05 18:55:32.958,4.0,3959.0,10240.0,24.84
2026/04/05 18:55:34.009,5.0,3959.0,10240.0,24.95
2026/04/05 18:55:35.059,0.0,3959.0,10240.0,24.72
2026/04/05 18:55:36.107,1.0,3959.0,10240.0,24.62
2026/04/05 18:55:37.158,1.0,3959.0,10240.0,24.67
2026/04/05 18:55:38.207,0.0,3959.0,10240.0,24.74
2026/04/05 18:55:39.256,5.0,3959.0,10240.0,26.52
2026/04/05 18:55:40.303,1.0,3958.0,10240.0,25.64
2026/04/05 18:55:41.349,0.0,3958.0,10240.0,24.87
2026/04/05 18:55:42.396,0.0,3954.0,10240.0,24.86
2026/04/05 18:55:43.445,0.0,3954.0,10240.0,24.74
2026/04/05 18:55:44.495,0.0,3954.0,10240.0,24.77
2026/04/05 18:55:45.546,0.0,3954.0,10240.0,24.64
2026/04/05 18:55:46.597,0.0,3954.0,10240.0,24.45
2026/04/05 18:55:47.648,0.0,3954.0,10240.0,24.69
2026/04/05 18:55:48.704,0.0,3954.0,10240.0,24.8
2026/04/05 18:55:49.757,1.0,3954.0,10240.0,25.04
2026/04/05 18:55:50.815,1.0,3954.0,10240.0,24.8
2026/04/05 18:55:51.869,4.0,3954.0,10240.0,24.91
2026/04/05 18:55:52.921,5.0,3954.0,10240.0,24.78
2026/04/05 18:55:53.970,5.0,3954.0,10240.0,24.66
2026/04/05 18:55:55.019,4.0,3954.0,10240.0,24.95
2026/04/05 18:55:56.070,1.0,3954.0,10240.0,25.06
2026/04/05 18:55:57.122,1.0,3954.0,10240.0,25.03
2026/04/05 18:55:58.172,1.0,3954.0,10240.0,24.79
2026/04/05 18:55:59.224,1.0,3954.0,10240.0,24.89
2026/04/05 18:56:00.273,0.0,3954.0,10240.0,24.18
2026/04/05 18:56:01.326,0.0,3954.0,10240.0,24.55
2026/04/05 18:56:02.378,0.0,3954.0,10240.0,24.84
2026/04/05 18:56:03.428,0.0,3954.0,10240.0,24.81
2026/04/05 18:56:04.478,0.0,3954.0,10240.0,25.0
2026/04/05 18:56:05.530,0.0,3954.0,10240.0,25.14
2026/04/05 18:56:06.579,0.0,3954.0,10240.0,24.83
2026/04/05 18:56:07.630,0.0,3954.0,10240.0,24.61
2026/04/05 18:56:08.679,0.0,3954.0,10240.0,24.98
2026/04/05 18:56:09.729,1.0,3957.0,10240.0,25.08
2026/04/05 18:56:10.781,12.0,3957.0,10240.0,26.19
2026/04/05 18:56:11.834,2.0,3957.0,10240.0,26.5
2026/04/05 18:56:12.885,7.0,3961.0,10240.0,27.92
2026/04/05 18:56:13.935,5.0,3959.0,10240.0,26.72
2026/04/05 18:56:14.982,11.0,3959.0,10240.0,27.65
2026/04/05 18:56:16.031,5.0,3959.0,10240.0,24.74
2026/04/05 18:56:17.081,4.0,3955.0,10240.0,24.72
2026/04/05 18:56:18.132,4.0,3955.0,10240.0,24.86
2026/04/05 18:56:19.181,4.0,3955.0,10240.0,24.97
2026/04/05 18:56:20.230,0.0,3955.0,10240.0,25.0
2026/04/05 18:56:21.279,0.0,3955.0,10240.0,24.82
2026/04/05 18:56:22.329,0.0,3955.0,10240.0,24.68
2026/04/05 18:56:23.378,1.0,3955.0,10240.0,24.79
2026/04/05 18:56:24.428,1.0,3955.0,10240.0,25.11
2026/04/05 18:56:25.481,1.0,3955.0,10240.0,25.03
2026/04/05 18:56:26.532,1.0,3955.0,10240.0,24.89
2026/04/05 18:56:27.582,1.0,3955.0,10240.0,24.96
2026/04/05 18:56:28.631,1.0,3955.0,10240.0,24.84
2026/04/05 18:56:29.678,3.0,3955.0,10240.0,24.6
2026/04/05 18:56:30.725,0.0,3955.0,10240.0,24.81
2026/04/05 18:56:31.772,0.0,3955.0,10240.0,25.0
2026/04/05 18:56:32.821,0.0,3955.0,10240.0,25.16
2026/04/05 18:56:33.870,0.0,3955.0,10240.0,24.85
2026/04/05 18:56:34.921,0.0,3955.0,10240.0,25.02
2026/04/05 18:56:35.974,0.0,3955.0,10240.0,24.68
2026/04/05 18:56:37.023,4.0,3955.0,10240.0,24.92
2026/04/05 18:56:38.074,4.0,3955.0,10240.0,24.89
2026/04/05 18:56:39.126,4.0,3955.0,10240.0,24.96
2026/04/05 18:56:40.177,5.0,3955.0,10240.0,24.98
2026/04/05 18:56:41.227,0.0,3954.0,10240.0,24.93
2026/04/05 18:56:42.276,1.0,3954.0,10240.0,24.86
2026/04/05 18:56:43.329,1.0,3954.0,10240.0,24.42
2026/04/05 18:56:44.382,1.0,3954.0,10240.0,24.6
2026/04/05 18:56:45.433,3.0,3962.0,10240.0,24.82
2026/04/05 18:56:46.484,6.0,3958.0,10240.0,27.27
2026/04/05 18:56:47.535,0.0,3958.0,10240.0,25.17
2026/04/05 18:56:48.587,3.0,3954.0,10240.0,24.91
2026/04/05 18:56:49.633,0.0,3954.0,10240.0,24.68
2026/04/05 18:56:50.698,0.0,3954.0,10240.0,24.88
2026/04/05 18:56:51.756,0.0,3954.0,10240.0,24.48
2026/04/05 18:56:52.809,0.0,3954.0,10240.0,24.57
2026/04/05 18:56:53.860,0.0,3954.0,10240.0,24.67
2026/04/05 18:56:54.911,1.0,3954.0,10240.0,24.89
2026/04/05 18:56:55.965,1.0,3954.0,10240.0,24.71
2026/04/05 18:56:57.030,0.0,3954.0,10240.0,24.79
2026/04/05 18:56:58.087,0.0,3954.0,10240.0,24.85
2026/04/05 18:56:59.139,1.0,3954.0,10240.0,24.82
2026/04/05 18:57:00.195,1.0,3954.0,10240.0,24.83
2026/04/05 18:57:01.245,5.0,3954.0,10240.0,24.88
2026/04/05 18:57:02.294,5.0,3954.0,10240.0,24.84
2026/04/05 18:57:03.342,5.0,3954.0,10240.0,24.85
2026/04/05 18:57:04.391,4.0,3954.0,10240.0,25.16
2026/04/05 18:57:05.440,1.0,3954.0,10240.0,25.17
2026/04/05 18:57:06.491,0.0,3954.0,10240.0,24.83
2026/04/05 18:57:07.543,0.0,3954.0,10240.0,24.54
2026/04/05 18:57:08.591,2.0,3954.0,10240.0,24.97
2026/04/05 18:57:09.641,0.0,3954.0,10240.0,24.73
2026/04/05 18:57:10.693,0.0,3954.0,10240.0,25.09
2026/04/05 18:57:11.743,0.0,3954.0,10240.0,25.11
2026/04/05 18:57:12.792,0.0,3954.0,10240.0,24.89
2026/04/05 18:57:13.841,0.0,3954.0,10240.0,25.02
2026/04/05 18:57:14.890,1.0,3954.0,10240.0,27.28
2026/04/05 18:57:15.942,5.0,3954.0,10240.0,26.15
2026/04/05 18:57:16.990,13.0,3954.0,10240.0,27.69
2026/04/05 18:57:18.041,9.0,3954.0,10240.0,27.39
2026/04/05 18:57:19.091,1.0,3954.0,10240.0,26.04
2026/04/05 18:57:20.143,4.0,3959.0,10240.0,26.24
2026/04/05 18:57:21.193,0.0,3959.0,10240.0,26.15
2026/04/05 18:57:22.241,3.0,3959.0,10240.0,25.05
2026/04/05 18:57:23.292,2.0,3954.0,10240.0,24.94
2026/04/05 18:57:24.344,1.0,3954.0,10240.0,24.95
2026/04/05 18:57:25.399,3.0,3954.0,10240.0,25.07
2026/04/05 18:57:26.454,3.0,3954.0,10240.0,24.98
2026/04/05 18:57:27.513,3.0,3954.0,10240.0,24.95
2026/04/05 18:57:28.568,3.0,3954.0,10240.0,25.08
2026/04/05 18:57:29.623,1.0,3942.0,10240.0,24.64
2026/04/05 18:57:30.681,0.0,3942.0,10240.0,24.95
2026/04/05 18:57:31.744,1.0,3943.0,10240.0,25.16
2026/04/05 18:57:32.798,1.0,3943.0,10240.0,25.12
2026/04/05 18:57:33.850,1.0,3942.0,10240.0,25.06
2026/04/05 18:57:34.900,1.0,3942.0,10240.0,24.98
2026/04/05 18:57:35.953,0.0,3942.0,10240.0,25.03
2026/04/05 18:57:37.002,1.0,3942.0,10240.0,24.67
2026/04/05 18:57:38.050,1.0,3942.0,10240.0,25.04
2026/04/05 18:57:39.098,0.0,3942.0,10240.0,25.01
2026/04/05 18:57:40.148,0.0,3942.0,10240.0,24.62
2026/04/05 18:57:41.198,0.0,3942.0,10240.0,24.83
2026/04/05 18:57:42.251,0.0,3942.0,10240.0,24.81
2026/04/05 18:57:43.308,0.0,3942.0,10240.0,24.92
2026/04/05 18:57:44.361,0.0,3941.0,10240.0,24.69
2026/04/05 18:57:45.411,6.0,3941.0,10240.0,24.93
2026/04/05 18:57:46.458,4.0,3941.0,10240.0,24.93
2026/04/05 18:57:47.507,4.0,3941.0,10240.0,24.86
2026/04/05 18:57:48.555,5.0,3941.0,10240.0,24.95
2026/04/05 18:57:49.603,0.0,3941.0,10240.0,24.76
2026/04/05 18:57:50.656,1.0,3941.0,10240.0,24.8
2026/04/05 18:57:51.705,1.0,3941.0,10240.0,24.67
2026/04/05 18:57:52.756,1.0,3941.0,10240.0,24.93
2026/04/05 18:57:53.806,1.0,3941.0,10240.0,24.81
2026/04/05 18:57:54.853,2.0,3949.0,10240.0,24.88
2026/04/05 18:57:55.901,4.0,3945.0,10240.0,27.0
2026/04/05 18:57:56.947,0.0,3945.0,10240.0,25.1
2026/04/05 18:57:57.995,1.0,3945.0,10240.0,24.89
2026/04/05 18:57:59.043,0.0,3941.0,10240.0,24.69
2026/04/05 18:58:00.088,0.0,3941.0,10240.0,24.78
2026/04/05 18:58:01.137,1.0,3941.0,10240.0,25.0
2026/04/05 18:58:02.187,1.0,3941.0,10240.0,25.14
2026/04/05 18:58:03.236,0.0,3941.0,10240.0,25.05
2026/04/05 18:58:04.284,0.0,3941.0,10240.0,24.98
2026/04/05 18:58:05.337,1.0,3941.0,10240.0,25.12
2026/04/05 18:58:06.389,1.0,3941.0,10240.0,25.32
2026/04/05 18:58:07.441,4.0,3941.0,10240.0,25.11
2026/04/05 18:58:08.491,4.0,3941.0,10240.0,25.4
2026/04/05 18:58:09.542,2.0,3941.0,10240.0,25.0
2026/04/05 18:58:10.592,4.0,3941.0,10240.0,24.91
2026/04/05 18:58:11.641,4.0,3941.0,10240.0,24.89
2026/04/05 18:58:12.690,3.0,3941.0,10240.0,24.82
2026/04/05 18:58:13.738,4.0,3941.0,10240.0,24.43
2026/04/05 18:58:14.786,3.0,3941.0,10240.0,24.77
2026/04/05 18:58:15.836,0.0,3941.0,10240.0,25.15
2026/04/05 18:58:16.885,0.0,3941.0,10240.0,25.03
2026/04/05 18:58:17.935,0.0,3941.0,10240.0,25.18
2026/04/05 18:58:18.985,1.0,3941.0,10240.0,25.14
2026/04/05 18:58:20.034,0.0,3941.0,10240.0,24.8
2026/04/05 18:58:21.083,1.0,3941.0,10240.0,24.84
2026/04/05 18:58:22.135,1.0,3941.0,10240.0,24.7
2026/04/05 18:58:23.187,0.0,3941.0,10240.0,24.75
2026/04/05 18:58:24.240,1.0,3941.0,10240.0,24.79
2026/04/05 18:58:25.293,1.0,3941.0,10240.0,24.91
2026/04/05 18:58:26.342,0.0,3941.0,10240.0,24.74
2026/04/05 18:58:27.390,5.0,3945.0,10240.0,25.79
2026/04/05 18:58:28.443,1.0,3945.0,10240.0,25.61
2026/04/05 18:58:29.492,0.0,3945.0,10240.0,24.82
2026/04/05 18:58:30.541,0.0,3941.0,10240.0,24.39
2026/04/05 18:58:31.590,4.0,3941.0,10240.0,25.02
2026/04/05 18:58:32.640,4.0,3941.0,10240.0,25.0
2026/04/05 18:58:33.688,4.0,3941.0,10240.0,24.95
2026/04/05 18:58:34.738,4.0,3941.0,10240.0,24.93
2026/04/05 18:58:35.789,1.0,3941.0,10240.0,24.78
2026/04/05 18:58:36.838,0.0,3941.0,10240.0,24.67
2026/04/05 18:58:37.892,1.0,3941.0,10240.0,24.53
2026/04/05 18:58:38.951,1.0,3941.0,10240.0,25.02
2026/04/05 18:58:40.012,0.0,3941.0,10240.0,24.81
2026/04/05 18:58:41.069,2.0,3941.0,10240.0,25.01
2026/04/05 18:58:42.123,1.0,3941.0,10240.0,25.03
2026/04/05 18:58:43.172,0.0,3941.0,10240.0,24.73
2026/04/05 18:58:44.220,1.0,3941.0,10240.0,24.56
2026/04/05 18:58:45.268,1.0,3941.0,10240.0,24.55
2026/04/05 18:58:46.315,0.0,3941.0,10240.0,25.19
2026/04/05 18:58:47.362,0.0,3941.0,10240.0,24.91
2026/04/05 18:58:48.412,0.0,3941.0,10240.0,24.79
2026/04/05 18:58:49.461,0.0,3941.0,10240.0,24.92
2026/04/05 18:58:50.511,0.0,3941.0,10240.0,24.89
2026/04/05 18:58:51.561,0.0,3941.0,10240.0,24.83
2026/04/05 18:58:52.612,3.0,3941.0,10240.0,25.29
2026/04/05 18:58:53.663,3.0,3941.0,10240.0,25.32
2026/04/05 18:58:54.716,4.0,3941.0,10240.0,24.97
2026/04/05 18:58:55.764,3.0,3941.0,10240.0,25.07
2026/04/05 18:58:56.814,2.0,3941.0,10240.0,24.76
2026/04/05 18:58:57.864,2.0,3941.0,10240.0,24.55
2026/04/05 18:58:58.916,4.0,3941.0,10240.0,24.53
2026/04/05 18:58:59.964,2.0,3941.0,10240.0,24.32
2026/04/05 18:59:01.008,2.0,3941.0,10240.0,24.86
2026/04/05 18:59:02.053,4.0,3945.0,10240.0,27.26
2026/04/05 18:59:03.102,0.0,3945.0,10240.0,25.42
2026/04/05 18:59:04.150,0.0,3945.0,10240.0,25.09
2026/04/05 18:59:05.198,0.0,3941.0,10240.0,25.13
2026/04/05 18:59:06.247,1.0,3941.0,10240.0,25.16
2026/04/05 18:59:07.299,0.0,3941.0,10240.0,25.12
2026/04/05 18:59:08.349,1.0,3941.0,10240.0,25.3
2026/04/05 18:59:09.398,0.0,3941.0,10240.0,25.29
2026/04/05 18:59:10.447,0.0,3941.0,10240.0,25.08
2026/04/05 18:59:11.497,1.0,3941.0,10240.0,24.84
2026/04/05 18:59:12.549,1.0,3941.0,10240.0,24.66
2026/04/05 18:59:13.605,3.0,3941.0,10240.0,24.73
2026/04/05 18:59:14.655,3.0,3941.0,10240.0,24.75
2026/04/05 18:59:15.706,2.0,3941.0,10240.0,24.82
2026/04/05 18:59:16.755,1.0,3941.0,10240.0,25.08
2026/04/05 18:59:17.804,4.0,3941.0,10240.0,24.82
2026/04/05 18:59:18.853,4.0,3941.0,10240.0,25.07
2026/04/05 18:59:19.901,4.0,3941.0,10240.0,24.63
2026/04/05 18:59:20.951,4.0,3941.0,10240.0,24.67
2026/04/05 18:59:22.002,0.0,3941.0,10240.0,25.04
2026/04/05 18:59:23.051,0.0,3941.0,10240.0,24.71
2026/04/05 18:59:24.106,0.0,3941.0,10240.0,25.17
2026/04/05 18:59:25.156,1.0,3941.0,10240.0,24.92
2026/04/05 18:59:26.205,0.0,3941.0,10240.0,24.94
2026/04/05 18:59:27.255,0.0,3941.0,10240.0,24.88
2026/04/05 18:59:28.303,1.0,3941.0,10240.0,24.53
2026/04/05 18:59:29.353,1.0,3941.0,10240.0,24.88
2026/04/05 18:59:30.402,1.0,3941.0,10240.0,24.9
2026/04/05 18:59:31.454,2.0,3941.0,10240.0,25.03
2026/04/05 18:59:32.504,0.0,3941.0,10240.0,25.05
2026/04/05 18:59:33.555,0.0,3941.0,10240.0,25.0
2026/04/05 18:59:34.604,0.0,3941.0,10240.0,25.16
2026/04/05 18:59:35.658,4.0,3945.0,10240.0,26.35
2026/04/05 18:59:36.711,2.0,3945.0,10240.0,26.0
2026/04/05 18:59:37.759,0.0,3946.0,10240.0,25.35
2026/04/05 18:59:38.807,7.0,3942.0,10240.0,25.56
2026/04/05 18:59:39.857,4.0,3942.0,10240.0,24.94
2026/04/05 18:59:40.908,4.0,3941.0,10240.0,25.06
2026/04/05 18:59:41.964,2.0,3941.0,10240.0,25.02
2026/04/05 18:59:43.017,0.0,3941.0,10240.0,24.66
2026/04/05 18:59:44.069,2.0,3941.0,10240.0,24.81
2026/04/05 18:59:45.118,3.0,3941.0,10240.0,24.85
2026/04/05 18:59:46.171,1.0,3941.0,10240.0,25.15
2026/04/05 18:59:47.225,1.0,3941.0,10240.0,25.24
2026/04/05 18:59:48.277,1.0,3941.0,10240.0,25.02
2026/04/05 18:59:49.325,0.0,3941.0,10240.0,25.03
2026/04/05 18:59:50.374,1.0,3941.0,10240.0,24.79
2026/04/05 18:59:51.424,0.0,3941.0,10240.0,24.63
2026/04/05 18:59:52.473,0.0,3941.0,10240.0,24.92
2026/04/05 18:59:53.521,0.0,3941.0,10240.0,24.8
2026/04/05 18:59:54.570,0.0,3941.0,10240.0,24.94
2026/04/05 18:59:55.620,0.0,3941.0,10240.0,24.8
2026/04/05 18:59:56.668,0.0,3941.0,10240.0,24.71
2026/04/05 18:59:57.716,0.0,3941.0,10240.0,24.51
2026/04/05 18:59:58.763,0.0,3941.0,10240.0,24.42
2026/04/05 18:59:59.814,0.0,3941.0,10240.0,24.55
2026/04/05 19:00:00.863,1.0,3941.0,10240.0,24.91
2026/04/05 19:00:01.909,2.0,3941.0,10240.0,24.94
2026/04/05 19:00:02.958,5.0,3941.0,10240.0,25.0
2026/04/05 19:00:04.009,6.0,3941.0,10240.0,24.94
2026/04/05 19:00:05.059,5.0,3941.0,10240.0,24.81
2026/04/05 19:00:06.109,4.0,3941.0,10240.0,24.53
2026/04/05 19:00:07.159,1.0,3941.0,10240.0,24.95
2026/04/05 19:00:08.211,1.0,3941.0,10240.0,24.91
2026/04/05 19:00:09.262,0.0,3941.0,10240.0,25.01
2026/04/05 19:00:10.309,4.0,3945.0,10240.0,26.08
2026/04/05 19:00:11.356,0.0,3945.0,10240.0,25.5
2026/04/05 19:00:12.403,0.0,3945.0,10240.0,24.65
2026/04/05 19:00:13.449,0.0,3941.0,10240.0,24.62
2026/04/05 19:00:14.496,0.0,3941.0,10240.0,25.05
2026/04/05 19:00:15.546,1.0,3941.0,10240.0,25.05
2026/04/05 19:00:16.596,0.0,3941.0,10240.0,24.74
2026/04/05 19:00:17.645,1.0,3941.0,10240.0,24.95
2026/04/05 19:00:18.696,1.0,3941.0,10240.0,24.69
2026/04/05 19:00:19.748,1.0,3941.0,10240.0,24.79
2026/04/05 19:00:20.804,1.0,3941.0,10240.0,24.47
2026/04/05 19:00:21.851,1.0,3941.0,10240.0,24.87
2026/04/05 19:00:22.902,0.0,3941.0,10240.0,24.92
2026/04/05 19:00:23.956,3.0,3941.0,10240.0,24.98
2026/04/05 19:00:25.011,1.0,3941.0,10240.0,24.86
2026/04/05 19:00:26.064,2.0,3941.0,10240.0,24.98
2026/04/05 19:00:27.116,2.0,3941.0,10240.0,24.93
2026/04/05 19:00:28.167,3.0,3941.0,10240.0,24.58
2026/04/05 19:00:29.218,3.0,3941.0,10240.0,24.86
2026/04/05 19:00:30.268,3.0,3941.0,10240.0,24.5
2026/04/05 19:00:31.324,5.0,3941.0,10240.0,24.51
2026/04/05 19:00:32.374,0.0,3941.0,10240.0,24.69
2026/04/05 19:00:33.422,1.0,3941.0,10240.0,24.8
2026/04/05 19:00:34.469,1.0,3941.0,10240.0,24.61
2026/04/05 19:00:35.517,1.0,3941.0,10240.0,24.5
2026/04/05 19:00:36.566,1.0,3941.0,10240.0,24.56
2026/04/05 19:00:37.615,1.0,3941.0,10240.0,24.63
2026/04/05 19:00:38.664,0.0,3941.0,10240.0,24.85
2026/04/05 19:00:39.716,0.0,3941.0,10240.0,24.7
2026/04/05 19:00:40.766,0.0,3941.0,10240.0,24.66
2026/04/05 19:00:41.817,3.0,3949.0,10240.0,25.07
2026/04/05 19:00:42.867,4.0,3945.0,10240.0,26.7
2026/04/05 19:00:43.917,0.0,3945.0,10240.0,24.85
2026/04/05 19:00:44.966,0.0,3941.0,10240.0,24.6
2026/04/05 19:00:46.015,0.0,3941.0,10240.0,24.74
2026/04/05 19:00:47.070,0.0,3941.0,10240.0,24.73
2026/04/05 19:00:48.122,1.0,3941.0,10240.0,24.94
2026/04/05 19:00:49.174,3.0,3941.0,10240.0,24.82
2026/04/05 19:00:50.227,3.0,3941.0,10240.0,24.72
2026/04/05 19:00:51.278,3.0,3941.0,10240.0,24.61
2026/04/05 19:00:52.328,1.0,3941.0,10240.0,24.81
2026/04/05 19:00:53.380,5.0,3941.0,10240.0,24.71
2026/04/05 19:00:54.433,4.0,3941.0,10240.0,24.75
2026/04/05 19:00:55.484,5.0,3941.0,10240.0,24.85
2026/04/05 19:00:56.536,4.0,3941.0,10240.0,24.75
2026/04/05 19:00:57.586,0.0,3941.0,10240.0,24.39
2026/04/05 19:00:58.635,0.0,3941.0,10240.0,24.39
2026/04/05 19:00:59.685,0.0,3941.0,10240.0,24.65
2026/04/05 19:01:00.734,1.0,3941.0,10240.0,25.0
2026/04/05 19:01:01.783,0.0,3941.0,10240.0,24.87
2026/04/05 19:01:02.832,0.0,3941.0,10240.0,25.06
2026/04/05 19:01:03.885,1.0,3941.0,10240.0,24.89
2026/04/05 19:01:04.936,0.0,3941.0,10240.0,24.6
2026/04/05 19:01:05.984,1.0,3941.0,10240.0,24.58
2026/04/05 19:01:07.032,1.0,3941.0,10240.0,25.07
2026/04/05 19:01:08.082,0.0,3941.0,10240.0,25.27
2026/04/05 19:01:09.131,0.0,3941.0,10240.0,25.14
2026/04/05 19:01:10.181,1.0,3941.0,10240.0,24.82
2026/04/05 19:01:11.235,0.0,3941.0,10240.0,24.7
2026/04/05 19:01:12.288,0.0,3941.0,10240.0,24.47
2026/04/05 19:01:13.341,4.0,3941.0,10240.0,24.78
2026/04/05 19:01:14.394,4.0,3941.0,10240.0,24.79
2026/04/05 19:01:15.448,4.0,3941.0,10240.0,24.72
2026/04/05 19:01:16.497,8.0,3945.0,10240.0,26.31
2026/04/05 19:01:17.544,2.0,3945.0,10240.0,25.96
2026/04/05 19:01:18.592,1.0,3945.0,10240.0,24.73
2026/04/05 19:01:19.639,1.0,3945.0,10240.0,24.71
2026/04/05 19:01:20.689,3.0,3941.0,10240.0,24.73
2026/04/05 19:01:21.739,1.0,3936.0,10240.0,24.89
2026/04/05 19:01:22.790,1.0,3942.0,10240.0,25.45
2026/04/05 19:01:23.841,1.0,3942.0,10240.0,25.06
2026/04/05 19:01:24.891,1.0,3942.0,10240.0,25.14
2026/04/05 19:01:25.943,1.0,3942.0,10240.0,24.74
2026/04/05 19:01:26.994,1.0,3942.0,10240.0,24.41
2026/04/05 19:01:28.048,0.0,3942.0,10240.0,24.91
2026/04/05 19:01:29.100,0.0,3942.0,10240.0,24.93
2026/04/05 19:01:30.153,0.0,3942.0,10240.0,24.73
2026/04/05 19:01:31.205,0.0,3942.0,10240.0,24.74
2026/04/05 19:01:32.255,0.0,3942.0,10240.0,24.88
2026/04/05 19:01:33.302,0.0,3942.0,10240.0,24.9
2026/04/05 19:01:34.353,0.0,3942.0,10240.0,24.64
2026/04/05 19:01:35.407,0.0,3942.0,10240.0,24.92
2026/04/05 19:01:36.460,0.0,3942.0,10240.0,25.24
2026/04/05 19:01:37.515,1.0,3942.0,10240.0,25.21
2026/04/05 19:01:38.563,5.0,3942.0,10240.0,25.26
2026/04/05 19:01:39.610,6.0,3942.0,10240.0,25.09
2026/04/05 19:01:40.658,5.0,3942.0,10240.0,24.86
2026/04/05 19:01:41.715,5.0,3942.0,10240.0,24.68
2026/04/05 19:01:42.769,2.0,3942.0,10240.0,24.69
2026/04/05 19:01:43.823,1.0,3942.0,10240.0,24.84
2026/04/05 19:01:44.875,0.0,3942.0,10240.0,24.72
2026/04/05 19:01:45.933,1.0,3942.0,10240.0,24.72
2026/04/05 19:01:46.985,0.0,3942.0,10240.0,24.6
2026/04/05 19:01:48.037,1.0,3942.0,10240.0,24.95
2026/04/05 19:01:49.084,0.0,3942.0,10240.0,24.52
2026/04/05 19:01:50.133,2.0,3950.0,10240.0,24.77
2026/04/05 19:01:51.183,4.0,3946.0,10240.0,26.74
2026/04/05 19:01:52.232,0.0,3945.0,10240.0,25.01
2026/04/05 19:01:53.280,0.0,3941.0,10240.0,24.93
2026/04/05 19:01:54.330,0.0,3939.0,10240.0,25.0
2026/04/05 19:01:55.382,0.0,3940.0,10240.0,24.77
2026/04/05 19:01:56.433,1.0,3940.0,10240.0,25.03
2026/04/05 19:01:57.486,1.0,3940.0,10240.0,24.68
2026/04/05 19:01:58.536,5.0,3940.0,10240.0,25.03
2026/04/05 19:01:59.588,5.0,3940.0,10240.0,25.02
2026/04/05 19:02:00.641,5.0,3940.0,10240.0,24.67
2026/04/05 19:02:01.690,4.0,3940.0,10240.0,24.9
2026/04/05 19:02:02.740,1.0,3940.0,10240.0,24.79
2026/04/05 19:02:03.789,0.0,3940.0,10240.0,24.77
2026/04/05 19:02:04.837,2.0,3940.0,10240.0,24.36
2026/04/05 19:02:05.887,2.0,3940.0,10240.0,24.66
2026/04/05 19:02:06.936,0.0,3940.0,10240.0,24.8
2026/04/05 19:02:07.982,0.0,3940.0,10240.0,24.74
2026/04/05 19:02:09.032,0.0,3940.0,10240.0,25.05
2026/04/05 19:02:10.084,0.0,3940.0,10240.0,24.65
2026/04/05 19:02:11.133,0.0,3940.0,10240.0,24.47
2026/04/05 19:02:12.188,0.0,3940.0,10240.0,24.49
2026/04/05 19:02:13.240,2.0,3940.0,10240.0,24.84
2026/04/05 19:02:14.289,1.0,3940.0,10240.0,24.8
2026/04/05 19:02:15.336,1.0,3940.0,10240.0,24.94
2026/04/05 19:02:16.384,1.0,3940.0,10240.0,24.82
2026/04/05 19:02:17.435,1.0,3940.0,10240.0,25.22
2026/04/05 19:02:18.486,0.0,3939.0,10240.0,25.16
2026/04/05 19:02:19.536,2.0,3939.0,10240.0,24.83
2026/04/05 19:02:20.588,1.0,3938.0,10240.0,24.93
2026/04/05 19:02:21.640,0.0,3938.0,10240.0,25.04
2026/04/05 19:02:22.691,0.0,3938.0,10240.0,25.25
2026/04/05 19:02:23.745,4.0,3938.0,10240.0,25.05
2026/04/05 19:02:24.800,8.0,3942.0,10240.0,26.16
2026/04/05 19:02:25.851,4.0,3942.0,10240.0,25.49
2026/04/05 19:02:26.899,4.0,3943.0,10240.0,24.53
2026/04/05 19:02:27.948,0.0,3939.0,10240.0,24.78
2026/04/05 19:02:28.995,0.0,3939.0,10240.0,24.81
2026/04/05 19:02:30.046,1.0,3939.0,10240.0,25.2
2026/04/05 19:02:31.096,1.0,3939.0,10240.0,24.88
2026/04/05 19:02:32.150,1.0,3939.0,10240.0,25.08
2026/04/05 19:02:33.203,1.0,3939.0,10240.0,24.81
2026/04/05 19:02:34.254,0.0,3940.0,10240.0,24.74
2026/04/05 19:02:35.307,1.0,3940.0,10240.0,24.73
2026/04/05 19:02:36.357,1.0,3940.0,10240.0,24.85
2026/04/05 19:02:37.405,0.0,3940.0,10240.0,25.09
2026/04/05 19:02:38.456,3.0,3940.0,10240.0,25.36
2026/04/05 19:02:39.505,0.0,3940.0,10240.0,24.87
2026/04/05 19:02:40.554,0.0,3940.0,10240.0,24.76
2026/04/05 19:02:41.606,0.0,3940.0,10240.0,24.41
2026/04/05 19:02:42.658,4.0,3938.0,10240.0,27.89
2026/04/05 19:02:43.721,6.0,3943.0,10240.0,27.65
2026/04/05 19:02:44.779,11.0,3944.0,10240.0,27.44
2026/04/05 19:02:45.830,7.0,3949.0,10240.0,25.37
2026/04/05 19:02:46.882,5.0,3945.0,10240.0,25.09
2026/04/05 19:02:47.934,1.0,3945.0,10240.0,24.83
2026/04/05 19:02:48.984,1.0,3945.0,10240.0,24.93
2026/04/05 19:02:50.036,1.0,3945.0,10240.0,25.01
2026/04/05 19:02:51.086,0.0,3945.0,10240.0,25.0
2026/04/05 19:02:52.137,1.0,3945.0,10240.0,25.09
2026/04/05 19:02:53.192,0.0,3945.0,10240.0,24.95
2026/04/05 19:02:54.241,0.0,3945.0,10240.0,24.86
2026/04/05 19:02:55.290,0.0,3945.0,10240.0,24.72
2026/04/05 19:02:56.341,0.0,3945.0,10240.0,24.36
2026/04/05 19:02:57.393,0.0,3945.0,10240.0,24.63
2026/04/05 19:02:58.443,4.0,3948.0,10240.0,26.77
2026/04/05 19:02:59.490,3.0,3948.0,10240.0,26.02
2026/04/05 19:03:00.540,0.0,3948.0,10240.0,24.79
2026/04/05 19:03:01.591,0.0,3944.0,10240.0,25.01
2026/04/05 19:03:02.646,1.0,3944.0,10240.0,25.0
2026/04/05 19:03:03.700,2.0,3944.0,10240.0,25.02
2026/04/05 19:03:04.751,1.0,3944.0,10240.0,24.63
2026/04/05 19:03:05.803,2.0,3944.0,10240.0,25.29
2026/04/05 19:03:06.856,1.0,3945.0,10240.0,25.14
2026/04/05 19:03:07.907,5.0,3945.0,10240.0,25.01
2026/04/05 19:03:08.961,5.0,3944.0,10240.0,25.43
2026/04/05 19:03:10.015,4.0,3944.0,10240.0,24.79
2026/04/05 19:03:11.067,4.0,3944.0,10240.0,24.76
2026/04/05 19:03:12.119,0.0,3943.0,10240.0,24.43
2026/04/05 19:03:13.171,0.0,3943.0,10240.0,24.83
2026/04/05 19:03:14.218,0.0,3943.0,10240.0,24.83
2026/04/05 19:03:15.266,0.0,3943.0,10240.0,24.73
2026/04/05 19:03:16.312,0.0,3943.0,10240.0,24.72
2026/04/05 19:03:17.359,0.0,3943.0,10240.0,24.94
2026/04/05 19:03:18.408,1.0,3943.0,10240.0,24.77
2026/04/05 19:03:19.460,2.0,3943.0,10240.0,24.78
2026/04/05 19:03:20.509,0.0,3943.0,10240.0,24.69
2026/04/05 19:03:21.560,1.0,3943.0,10240.0,24.57
2026/04/05 19:03:22.610,1.0,3943.0,10240.0,24.74
2026/04/05 19:03:23.658,0.0,3943.0,10240.0,24.75
2026/04/05 19:03:24.708,1.0,3943.0,10240.0,24.88
2026/04/05 19:03:25.755,0.0,3943.0,10240.0,24.52
2026/04/05 19:03:26.806,0.0,3943.0,10240.0,24.68
2026/04/05 19:03:27.861,0.0,3943.0,10240.0,24.68
2026/04/05 19:03:28.913,4.0,3943.0,10240.0,25.31
2026/04/05 19:03:29.965,3.0,3943.0,10240.0,25.73
2026/04/05 19:03:31.020,3.0,3943.0,10240.0,25.22
2026/04/05 19:03:32.070,3.0,3942.0,10240.0,25.2
2026/04/05 19:03:33.124,6.0,3946.0,10240.0,25.93
2026/04/05 19:03:34.171,2.0,3946.0,10240.0,26.51
2026/04/05 19:03:35.219,3.0,3946.0,10240.0,25.08
2026/04/05 19:03:36.266,3.0,3942.0,10240.0,24.95
2026/04/05 19:03:37.312,0.0,3942.0,10240.0,24.87
2026/04/05 19:03:38.363,2.0,3942.0,10240.0,25.03
2026/04/05 19:03:39.412,1.0,3942.0,10240.0,25.35
2026/04/05 19:03:40.465,0.0,3942.0,10240.0,24.92
2026/04/05 19:03:41.517,1.0,3942.0,10240.0,24.63
2026/04/05 19:03:42.570,1.0,3942.0,10240.0,24.81
2026/04/05 19:03:43.626,8.0,3938.0,10240.0,28.17
2026/04/05 19:03:44.688,3.0,3943.0,10240.0,26.87
2026/04/05 19:03:45.742,4.0,3944.0,10240.0,27.17
2026/04/05 19:03:46.797,0.0,3948.0,10240.0,25.27
2026/04/05 19:03:47.854,0.0,3943.0,10240.0,25.1
2026/04/05 19:03:48.906,0.0,3943.0,10240.0,24.72
2026/04/05 19:03:49.958,0.0,3943.0,10240.0,25.03
2026/04/05 19:03:51.011,0.0,3943.0,10240.0,24.86
2026/04/05 19:03:52.060,1.0,3943.0,10240.0,25.31
2026/04/05 19:03:53.110,4.0,3943.0,10240.0,25.2
2026/04/05 19:03:54.159,5.0,3943.0,10240.0,24.95
2026/04/05 19:03:55.210,5.0,3943.0,10240.0,24.53
2026/04/05 19:03:56.260,6.0,3943.0,10240.0,24.36
2026/04/05 19:03:57.309,1.0,3943.0,10240.0,24.68
2026/04/05 19:03:58.360,1.0,3943.0,10240.0,24.82
2026/04/05 19:03:59.408,1.0,3943.0,10240.0,24.95
2026/04/05 19:04:00.455,0.0,3943.0,10240.0,24.99
2026/04/05 19:04:01.502,1.0,3943.0,10240.0,24.91
2026/04/05 19:04:02.547,0.0,3943.0,10240.0,24.93
2026/04/05 19:04:03.596,0.0,3943.0,10240.0,24.36
2026/04/05 19:04:04.643,0.0,3943.0,10240.0,24.48
2026/04/05 19:04:05.690,0.0,3943.0,10240.0,24.61
2026/04/05 19:04:06.737,3.0,3951.0,10240.0,25.18
2026/04/05 19:04:07.784,5.0,3947.0,10240.0,26.51
2026/04/05 19:04:08.836,1.0,3950.0,10240.0,25.3
2026/04/05 19:04:09.889,0.0,3946.0,10240.0,24.98
2026/04/05 19:04:10.940,1.0,3947.0,10240.0,24.61
2026/04/05 19:04:11.992,1.0,3946.0,10240.0,24.63
2026/04/05 19:04:13.048,0.0,3946.0,10240.0,24.88
2026/04/05 19:04:14.102,3.0,3946.0,10240.0,25.23
2026/04/05 19:04:15.154,3.0,3946.0,10240.0,25.08
2026/04/05 19:04:16.206,1.0,3946.0,10240.0,25.05
2026/04/05 19:04:17.260,1.0,3946.0,10240.0,24.91
2026/04/05 19:04:18.310,3.0,3946.0,10240.0,24.54
2026/04/05 19:04:19.356,4.0,3946.0,10240.0,24.5
2026/04/05 19:04:20.405,4.0,3946.0,10240.0,24.85
2026/04/05 19:04:21.457,4.0,3946.0,10240.0,24.68
2026/04/05 19:04:22.509,0.0,3946.0,10240.0,24.72
2026/04/05 19:04:23.559,0.0,3946.0,10240.0,24.72
2026/04/05 19:04:24.607,2.0,3946.0,10240.0,24.54
2026/04/05 19:04:25.656,1.0,3946.0,10240.0,24.41
2026/04/05 19:04:26.706,1.0,3946.0,10240.0,24.32
2026/04/05 19:04:27.754,1.0,3946.0,10240.0,24.28
2026/04/05 19:04:28.803,1.0,3946.0,10240.0,24.63
2026/04/05 19:04:29.851,0.0,3946.0,10240.0,24.84
2026/04/05 19:04:30.901,1.0,3946.0,10240.0,24.61
2026/04/05 19:04:31.952,0.0,3946.0,10240.0,24.64
2026/04/05 19:04:33.000,0.0,3946.0,10240.0,24.64
2026/04/05 19:04:34.049,0.0,3946.0,10240.0,24.65
2026/04/05 19:04:35.104,1.0,3948.0,10240.0,24.95
2026/04/05 19:04:36.155,0.0,3948.0,10240.0,24.6
2026/04/05 19:04:37.204,0.0,3947.0,10240.0,25.03
2026/04/05 19:04:38.251,1.0,3947.0,10240.0,24.77
2026/04/05 19:04:39.299,4.0,3947.0,10240.0,24.97
2026/04/05 19:04:40.344,4.0,3947.0,10240.0,24.93
2026/04/05 19:04:41.392,9.0,3951.0,10240.0,24.62
2026/04/05 19:04:42.442,9.0,3951.0,10240.0,26.42
2026/04/05 19:04:43.490,1.0,3951.0,10240.0,24.66
2026/04/05 19:04:44.538,1.0,3947.0,10240.0,24.69
2026/04/05 19:04:45.584,1.0,3947.0,10240.0,24.71
2026/04/05 19:04:46.634,0.0,3947.0,10240.0,24.58
2026/04/05 19:04:47.689,1.0,3947.0,10240.0,24.6
2026/04/05 19:04:48.740,0.0,3947.0,10240.0,24.35
2026/04/05 19:04:49.790,2.0,3947.0,10240.0,25.0
2026/04/05 19:04:50.839,0.0,3946.0,10240.0,24.79
2026/04/05 19:04:51.891,0.0,3946.0,10240.0,24.63
2026/04/05 19:04:52.946,0.0,3948.0,10240.0,24.76
2026/04/05 19:04:53.999,0.0,3948.0,10240.0,24.71
2026/04/05 19:04:55.056,2.0,3948.0,10240.0,24.61
2026/04/05 19:04:56.109,0.0,3948.0,10240.0,24.29
2026/04/05 19:04:57.160,1.0,3948.0,10240.0,24.74
2026/04/05 19:04:58.212,2.0,3948.0,10240.0,24.49
2026/04/05 19:04:59.268,0.0,3948.0,10240.0,24.83
2026/04/05 19:05:00.318,1.0,3948.0,10240.0,24.98
2026/04/05 19:05:01.367,1.0,3948.0,10240.0,24.82
2026/04/05 19:05:02.419,0.0,3948.0,10240.0,24.93
2026/04/05 19:05:03.473,5.0,3948.0,10240.0,24.42
2026/04/05 19:05:04.523,5.0,3948.0,10240.0,24.83
2026/04/05 19:05:05.574,5.0,3948.0,10240.0,25.12
2026/04/05 19:05:06.627,4.0,3947.0,10240.0,25.14
2026/04/05 19:05:07.681,0.0,3947.0,10240.0,24.83
2026/04/05 19:05:08.735,0.0,3942.0,10240.0,24.91
2026/04/05 19:05:09.785,1.0,3942.0,10240.0,24.75
2026/04/05 19:05:10.835,0.0,3942.0,10240.0,24.46
2026/04/05 19:05:11.890,0.0,3942.0,10240.0,24.58
2026/04/05 19:05:12.941,0.0,3942.0,10240.0,24.45
2026/04/05 19:05:13.993,0.0,3942.0,10240.0,24.63
2026/04/05 19:05:15.044,3.0,3949.0,10240.0,25.14
2026/04/05 19:05:16.093,3.0,3946.0,10240.0,26.48
2026/04/05 19:05:17.143,1.0,3946.0,10240.0,24.53
2026/04/05 19:05:18.191,1.0,3946.0,10240.0,24.5
2026/04/05 19:05:19.244,0.0,3942.0,10240.0,24.63
2026/04/05 19:05:20.294,1.0,3942.0,10240.0,24.97
2026/04/05 19:05:21.347,1.0,3942.0,10240.0,24.71
2026/04/05 19:05:22.401,0.0,3942.0,10240.0,24.66
2026/04/05 19:05:23.454,0.0,3942.0,10240.0,24.93
2026/04/05 19:05:24.504,4.0,3942.0,10240.0,24.97
2026/04/05 19:05:25.555,3.0,3942.0,10240.0,24.45
2026/04/05 19:05:26.612,2.0,3942.0,10240.0,24.58
2026/04/05 19:05:27.667,2.0,3942.0,10240.0,24.55
2026/04/05 19:05:28.719,2.0,3942.0,10240.0,24.5
2026/04/05 19:05:29.771,4.0,3942.0,10240.0,24.73
2026/04/05 19:05:30.822,5.0,3942.0,10240.0,24.61
2026/04/05 19:05:31.871,0.0,3942.0,10240.0,24.58
2026/04/05 19:05:32.918,0.0,3942.0,10240.0,24.45
2026/04/05 19:05:33.968,1.0,3942.0,10240.0,24.49
2026/04/05 19:05:35.017,1.0,3942.0,10240.0,24.51
2026/04/05 19:05:36.067,1.0,3942.0,10240.0,24.92
2026/04/05 19:05:37.117,1.0,3942.0,10240.0,24.9
2026/04/05 19:05:38.174,1.0,3943.0,10240.0,24.8
2026/04/05 19:05:39.224,0.0,3943.0,10240.0,24.9
2026/04/05 19:05:40.273,3.0,3943.0,10240.0,24.66
2026/04/05 19:05:41.322,0.0,3943.0,10240.0,24.74
2026/04/05 19:05:42.372,0.0,3943.0,10240.0,24.74
2026/04/05 19:05:43.419,0.0,3943.0,10240.0,24.68
2026/04/05 19:05:44.468,0.0,3943.0,10240.0,24.67
2026/04/05 19:05:45.520,1.0,3941.0,10240.0,25.06
2026/04/05 19:05:46.575,0.0,3941.0,10240.0,25.11
2026/04/05 19:05:47.626,1.0,3941.0,10240.0,24.88
2026/04/05 19:05:48.676,3.0,3941.0,10240.0,25.06
2026/04/05 19:05:49.724,8.0,3949.0,10240.0,25.46
2026/04/05 19:05:50.770,8.0,3945.0,10240.0,26.84
2026/04/05 19:05:51.818,4.0,3946.0,10240.0,25.09
2026/04/05 19:05:52.864,3.0,3946.0,10240.0,24.65
2026/04/05 19:05:53.911,3.0,3942.0,10240.0,24.76
2026/04/05 19:05:54.960,3.0,3942.0,10240.0,24.38
2026/04/05 19:05:56.012,3.0,3942.0,10240.0,24.55
2026/04/05 19:05:57.064,1.0,3942.0,10240.0,24.59
2026/04/05 19:05:58.117,1.0,3942.0,10240.0,24.88
2026/04/05 19:05:59.166,0.0,3942.0,10240.0,24.47
2026/04/05 19:06:00.218,0.0,3942.0,10240.0,24.73
2026/04/05 19:06:01.274,0.0,3946.0,10240.0,25.02
2026/04/05 19:06:02.325,0.0,3946.0,10240.0,24.53
2026/04/05 19:06:03.379,0.0,3945.0,10240.0,24.5
2026/04/05 19:06:04.433,1.0,3945.0,10240.0,24.67
2026/04/05 19:06:05.476,0.0,3945.0,10240.0,24.58
2026/04/05 19:06:06.523,0.0,3945.0,10240.0,24.68
2026/04/05 19:06:07.568,1.0,3945.0,10240.0,24.45
2026/04/05 19:06:08.617,2.0,3945.0,10240.0,24.79
2026/04/05 19:06:09.671,1.0,3945.0,10240.0,24.41
2026/04/05 19:06:10.723,2.0,3945.0,10240.0,24.53
2026/04/05 19:06:11.776,0.0,3945.0,10240.0,24.75
2026/04/05 19:06:12.824,0.0,3945.0,10240.0,24.99
2026/04/05 19:06:13.873,4.0,3945.0,10240.0,24.88
2026/04/05 19:06:14.922,4.0,3945.0,10240.0,25.06
2026/04/05 19:06:15.972,4.0,3945.0,10240.0,24.92
2026/04/05 19:06:17.022,4.0,3945.0,10240.0,24.65
2026/04/05 19:06:18.072,0.0,3945.0,10240.0,24.5
2026/04/05 19:06:19.123,0.0,3945.0,10240.0,24.72
2026/04/05 19:06:20.174,0.0,3945.0,10240.0,24.6
2026/04/05 19:06:21.227,1.0,3945.0,10240.0,24.7
2026/04/05 19:06:22.284,0.0,3945.0,10240.0,24.46
2026/04/05 19:06:23.340,5.0,3949.0,10240.0,25.52
2026/04/05 19:06:24.385,2.0,3949.0,10240.0,26.2
2026/04/05 19:06:25.432,0.0,3949.0,10240.0,24.32
2026/04/05 19:06:26.478,1.0,3945.0,10240.0,24.62
2026/04/05 19:06:27.524,1.0,3945.0,10240.0,24.3
2026/04/05 19:06:28.571,0.0,3945.0,10240.0,24.5
2026/04/05 19:06:29.620,0.0,3945.0,10240.0,24.49
2026/04/05 19:06:30.670,0.0,3945.0,10240.0,24.7
2026/04/05 19:06:31.724,0.0,3945.0,10240.0,24.65
2026/04/05 19:06:32.772,0.0,3945.0,10240.0,24.43
2026/04/05 19:06:33.821,0.0,3945.0,10240.0,24.53
2026/04/05 19:06:34.877,0.0,3945.0,10240.0,24.54
2026/04/05 19:06:35.932,1.0,3945.0,10240.0,24.99
2026/04/05 19:06:36.987,0.0,3945.0,10240.0,24.83
2026/04/05 19:06:38.042,4.0,3945.0,10240.0,24.52
2026/04/05 19:06:39.092,4.0,3945.0,10240.0,24.57
2026/04/05 19:06:40.140,6.0,3945.0,10240.0,24.17
2026/04/05 19:06:41.189,7.0,3945.0,10240.0,24.49
2026/04/05 19:06:42.235,1.0,3945.0,10240.0,24.39
2026/04/05 19:06:43.285,1.0,3945.0,10240.0,24.46
2026/04/05 19:06:44.334,1.0,3945.0,10240.0,24.67
2026/04/05 19:06:45.384,0.0,3945.0,10240.0,24.6
2026/04/05 19:06:46.434,1.0,3945.0,10240.0,24.44
2026/04/05 19:06:47.484,0.0,3945.0,10240.0,24.29
2026/04/05 19:06:48.532,0.0,3945.0,10240.0,24.49
2026/04/05 19:06:49.579,0.0,3945.0,10240.0,24.57
2026/04/05 19:06:50.632,0.0,3945.0,10240.0,24.61
2026/04/05 19:06:51.681,0.0,3945.0,10240.0,24.6
2026/04/05 19:06:52.729,0.0,3945.0,10240.0,24.53
2026/04/05 19:06:53.776,1.0,3945.0,10240.0,24.37
2026/04/05 19:06:54.824,1.0,3945.0,10240.0,24.23
2026/04/05 19:06:55.876,1.0,3952.0,10240.0,24.5
2026/04/05 19:06:56.931,2.0,3951.0,10240.0,24.74
2026/04/05 19:06:57.989,5.0,3955.0,10240.0,26.32
2026/04/05 19:06:59.042,4.0,3955.0,10240.0,26.16
2026/04/05 19:07:00.090,5.0,3955.0,10240.0,25.22
2026/04/05 19:07:01.137,3.0,3951.0,10240.0,24.87
2026/04/05 19:07:02.185,1.0,3951.0,10240.0,24.9
2026/04/05 19:07:03.234,6.0,3951.0,10240.0,24.95
2026/04/05 19:07:04.292,4.0,3951.0,10240.0,24.88
2026/04/05 19:07:05.346,4.0,3954.0,10240.0,24.94
2026/04/05 19:07:06.399,5.0,3954.0,10240.0,25.03
2026/04/05 19:07:07.453,0.0,3954.0,10240.0,24.66
2026/04/05 19:07:08.504,1.0,3954.0,10240.0,24.84
2026/04/05 19:07:09.553,0.0,3954.0,10240.0,24.46
2026/04/05 19:07:10.603,1.0,3954.0,10240.0,24.81
2026/04/05 19:07:11.654,0.0,3954.0,10240.0,24.76
2026/04/05 19:07:12.705,0.0,3954.0,10240.0,24.77
2026/04/05 19:07:13.755,1.0,3954.0,10240.0,24.56
2026/04/05 19:07:14.807,1.0,3954.0,10240.0,24.66
2026/04/05 19:07:15.856,1.0,3954.0,10240.0,24.48
2026/04/05 19:07:16.905,1.0,3954.0,10240.0,24.71
2026/04/05 19:07:17.959,0.0,3954.0,10240.0,24.61
2026/04/05 19:07:19.010,0.0,3954.0,10240.0,24.66
2026/04/05 19:07:20.062,2.0,3954.0,10240.0,24.98
2026/04/05 19:07:21.120,0.0,3954.0,10240.0,24.85
2026/04/05 19:07:22.173,0.0,3954.0,10240.0,24.98
2026/04/05 19:07:23.227,4.0,3954.0,10240.0,24.75
2026/04/05 19:07:24.277,4.0,3954.0,10240.0,24.64
2026/04/05 19:07:25.327,4.0,3954.0,10240.0,24.29
2026/04/05 19:07:26.374,4.0,3954.0,10240.0,24.5
2026/04/05 19:07:27.422,1.0,3954.0,10240.0,24.82
2026/04/05 19:07:28.471,1.0,3954.0,10240.0,24.62
2026/04/05 19:07:29.523,2.0,3954.0,10240.0,24.92
2026/04/05 19:07:30.570,2.0,3954.0,10240.0,25.05
2026/04/05 19:07:31.619,4.0,3958.0,10240.0,26.41
2026/04/05 19:07:32.667,1.0,3958.0,10240.0,25.26
2026/04/05 19:07:33.717,1.0,3954.0,10240.0,24.99
2026/04/05 19:07:34.765,0.0,3954.0,10240.0,24.85
2026/04/05 19:07:35.816,1.0,3954.0,10240.0,24.85
2026/04/05 19:07:36.866,0.0,3954.0,10240.0,24.95
2026/04/05 19:07:37.917,0.0,3956.0,10240.0,24.84
2026/04/05 19:07:38.967,0.0,3956.0,10240.0,24.86
2026/04/05 19:07:40.024,3.0,3955.0,10240.0,24.74
2026/04/05 19:07:41.077,0.0,3952.0,10240.0,25.02
2026/04/05 19:07:42.130,0.0,3952.0,10240.0,25.21
2026/04/05 19:07:43.182,1.0,3952.0,10240.0,24.73
2026/04/05 19:07:44.236,0.0,3952.0,10240.0,24.78
2026/04/05 19:07:45.288,0.0,3952.0,10240.0,24.95
2026/04/05 19:07:46.341,1.0,3952.0,10240.0,24.69
2026/04/05 19:07:47.388,1.0,3952.0,10240.0,24.97
2026/04/05 19:07:48.437,5.0,3952.0,10240.0,24.85
2026/04/05 19:07:49.486,5.0,3952.0,10240.0,24.96
2026/04/05 19:07:50.535,4.0,3953.0,10240.0,25.16
2026/04/05 19:07:51.587,4.0,3953.0,10240.0,24.72
2026/04/05 19:07:52.635,1.0,3953.0,10240.0,25.01
2026/04/05 19:07:53.689,0.0,3953.0,10240.0,25.01
2026/04/05 19:07:54.741,0.0,3953.0,10240.0,24.49
2026/04/05 19:07:55.788,0.0,3953.0,10240.0,24.72
2026/04/05 19:07:56.837,1.0,3953.0,10240.0,24.86
2026/04/05 19:07:57.885,1.0,3953.0,10240.0,25.11
2026/04/05 19:07:58.933,0.0,3953.0,10240.0,24.86
2026/04/05 19:07:59.982,1.0,3953.0,10240.0,25.05
2026/04/05 19:08:01.031,0.0,3953.0,10240.0,24.99
2026/04/05 19:08:02.079,1.0,3953.0,10240.0,24.84
2026/04/05 19:08:03.127,1.0,3953.0,10240.0,25.11
2026/04/05 19:08:04.175,1.0,3953.0,10240.0,25.08
2026/04/05 19:08:05.221,5.0,3966.0,10240.0,25.67
2026/04/05 19:08:06.268,4.0,3961.0,10240.0,26.69
2026/04/05 19:08:07.316,0.0,3961.0,10240.0,25.08
2026/04/05 19:08:08.364,1.0,3957.0,10240.0,25.15
2026/04/05 19:08:09.417,0.0,3958.0,10240.0,24.52
2026/04/05 19:08:10.468,0.0,3954.0,10240.0,25.02
2026/04/05 19:08:11.523,0.0,3954.0,10240.0,24.88
2026/04/05 19:08:12.573,0.0,3953.0,10240.0,25.3
2026/04/05 19:08:13.625,4.0,3953.0,10240.0,24.9
2026/04/05 19:08:14.677,4.0,3953.0,10240.0,25.0
2026/04/05 19:08:15.728,4.0,3953.0,10240.0,25.01
2026/04/05 19:08:16.779,5.0,3953.0,10240.0,24.79
2026/04/05 19:08:17.829,0.0,3953.0,10240.0,24.94
2026/04/05 19:08:18.878,1.0,3953.0,10240.0,25.08
2026/04/05 19:08:19.927,1.0,3953.0,10240.0,24.86
2026/04/05 19:08:20.977,0.0,3953.0,10240.0,24.99
2026/04/05 19:08:22.027,2.0,3953.0,10240.0,25.08
2026/04/05 19:08:23.076,0.0,3953.0,10240.0,25.0
2026/04/05 19:08:24.129,0.0,3953.0,10240.0,24.36
2026/04/05 19:08:25.184,1.0,3953.0,10240.0,24.7
2026/04/05 19:08:26.235,0.0,3953.0,10240.0,24.97
2026/04/05 19:08:27.284,0.0,3952.0,10240.0,25.34
2026/04/05 19:08:28.333,0.0,3951.0,10240.0,25.26
2026/04/05 19:08:29.382,1.0,3951.0,10240.0,24.96
2026/04/05 19:08:30.432,0.0,3951.0,10240.0,25.07
2026/04/05 19:08:31.481,0.0,3951.0,10240.0,24.77
2026/04/05 19:08:32.529,1.0,3951.0,10240.0,24.86
2026/04/05 19:08:33.576,1.0,3951.0,10240.0,24.67
2026/04/05 19:08:34.629,1.0,3951.0,10240.0,24.9
2026/04/05 19:08:35.685,1.0,3951.0,10240.0,24.85
2026/04/05 19:08:36.734,1.0,3951.0,10240.0,25.01
2026/04/05 19:08:37.780,0.0,3959.0,10240.0,25.16
2026/04/05 19:08:38.828,9.0,3955.0,10240.0,27.28
2026/04/05 19:08:39.879,4.0,3955.0,10240.0,24.89
2026/04/05 19:08:40.929,4.0,3951.0,10240.0,24.96
2026/04/05 19:08:41.982,4.0,3950.0,10240.0,25.06
2026/04/05 19:08:43.037,0.0,3950.0,10240.0,25.13
2026/04/05 19:08:44.089,0.0,3949.0,10240.0,25.21
2026/04/05 19:08:45.142,0.0,3949.0,10240.0,24.98
2026/04/05 19:08:46.192,0.0,3949.0,10240.0,24.68
2026/04/05 19:08:47.246,1.0,3949.0,10240.0,24.93
2026/04/05 19:08:48.296,0.0,3949.0,10240.0,24.95
2026/04/05 19:08:49.346,1.0,3949.0,10240.0,25.1
2026/04/05 19:08:50.396,0.0,3949.0,10240.0,25.13
2026/04/05 19:08:51.447,1.0,3949.0,10240.0,24.72
2026/04/05 19:08:52.500,3.0,3949.0,10240.0,24.88
2026/04/05 19:08:53.551,0.0,3949.0,10240.0,24.72
2026/04/05 19:08:54.605,1.0,3949.0,10240.0,24.95
2026/04/05 19:08:55.655,0.0,3949.0,10240.0,24.95
2026/04/05 19:08:56.714,0.0,3949.0,10240.0,25.1
2026/04/05 19:08:57.769,0.0,3949.0,10240.0,25.4
2026/04/05 19:08:58.822,4.0,3948.0,10240.0,25.21
2026/04/05 19:08:59.872,2.0,3948.0,10240.0,25.08
2026/04/05 19:09:00.924,2.0,3948.0,10240.0,24.95
2026/04/05 19:09:01.977,3.0,3948.0,10240.0,24.79
2026/04/05 19:09:03.027,2.0,3948.0,10240.0,25.01
2026/04/05 19:09:04.076,3.0,3948.0,10240.0,24.87
2026/04/05 19:09:05.125,3.0,3948.0,10240.0,24.82
2026/04/05 19:09:06.174,4.0,3948.0,10240.0,24.79
2026/04/05 19:09:07.224,1.0,3948.0,10240.0,24.73
2026/04/05 19:09:08.282,2.0,3948.0,10240.0,24.86
2026/04/05 19:09:09.337,0.0,3948.0,10240.0,24.79
2026/04/05 19:09:10.387,1.0,3948.0,10240.0,24.81
2026/04/05 19:09:11.437,1.0,3948.0,10240.0,24.72
2026/04/05 19:09:12.486,0.0,3948.0,10240.0,25.03
2026/04/05 19:09:13.534,4.0,3965.0,10240.0,26.19
2026/04/05 19:09:14.581,0.0,3965.0,10240.0,26.25
2026/04/05 19:09:15.629,0.0,3964.0,10240.0,25.07
2026/04/05 19:09:16.676,0.0,3960.0,10240.0,24.69
2026/04/05 19:09:17.723,2.0,3960.0,10240.0,24.91
2026/04/05 19:09:18.777,1.0,3960.0,10240.0,25.17
2026/04/05 19:09:19.834,0.0,3960.0,10240.0,24.92
2026/04/05 19:09:20.887,1.0,3960.0,10240.0,25.41
2026/04/05 19:09:21.946,1.0,3960.0,10240.0,25.14
2026/04/05 19:09:22.999,4.0,3960.0,10240.0,24.96
2026/04/05 19:09:24.053,5.0,3960.0,10240.0,24.55
2026/04/05 19:09:25.103,5.0,3960.0,10240.0,24.93
2026/04/05 19:09:26.154,4.0,3960.0,10240.0,24.82
2026/04/05 19:09:27.205,1.0,3960.0,10240.0,25.12
2026/04/05 19:09:28.255,0.0,3960.0,10240.0,25.19
2026/04/05 19:09:29.306,0.0,3960.0,10240.0,25.32
2026/04/05 19:09:30.357,0.0,3960.0,10240.0,24.95
2026/04/05 19:09:31.412,0.0,3960.0,10240.0,24.5
2026/04/05 19:09:32.463,0.0,3960.0,10240.0,24.81
2026/04/05 19:09:33.514,0.0,3960.0,10240.0,24.88
2026/04/05 19:09:34.565,0.0,3960.0,10240.0,25.01
2026/04/05 19:09:35.615,0.0,3960.0,10240.0,24.89
2026/04/05 19:09:36.665,0.0,3960.0,10240.0,24.7
2026/04/05 19:09:37.711,1.0,3960.0,10240.0,24.57
2026/04/05 19:09:38.762,1.0,3960.0,10240.0,24.6
2026/04/05 19:09:39.813,1.0,3960.0,10240.0,24.84
2026/04/05 19:09:40.866,1.0,3960.0,10240.0,24.89
2026/04/05 19:09:41.921,1.0,3960.0,10240.0,25.1
2026/04/05 19:09:42.972,1.0,3960.0,10240.0,25.26
2026/04/05 19:09:44.023,3.0,3960.0,10240.0,25.02
2026/04/05 19:09:45.074,2.0,3960.0,10240.0,25.06
2026/04/05 19:09:46.124,2.0,3962.0,10240.0,24.61
2026/04/05 19:09:47.177,5.0,3966.0,10240.0,26.32
2026/04/05 19:09:48.227,1.0,3966.0,10240.0,25.9
2026/04/05 19:09:49.279,1.0,3965.0,10240.0,25.03
2026/04/05 19:09:50.329,1.0,3965.0,10240.0,24.85
2026/04/05 19:09:51.380,0.0,3961.0,10240.0,24.77
2026/04/05 19:09:52.435,0.0,3961.0,10240.0,24.58
2026/04/05 19:09:53.485,1.0,3961.0,10240.0,24.67
2026/04/05 19:09:54.534,1.0,3961.0,10240.0,24.68
2026/04/05 19:09:55.586,1.0,3961.0,10240.0,24.52
2026/04/05 19:09:56.639,1.0,3961.0,10240.0,24.83
2026/04/05 19:09:57.690,0.0,3961.0,10240.0,24.53
2026/04/05 19:09:58.741,0.0,3961.0,10240.0,24.91
2026/04/05 19:09:59.789,0.0,3961.0,10240.0,24.73
2026/04/05 19:10:00.841,0.0,3961.0,10240.0,24.64
2026/04/05 19:10:01.891,0.0,3961.0,10240.0,24.64
2026/04/05 19:10:02.941,0.0,3961.0,10240.0,24.69
2026/04/05 19:10:03.990,0.0,3961.0,10240.0,25.0
2026/04/05 19:10:05.042,0.0,3961.0,10240.0,24.81
2026/04/05 19:10:06.094,0.0,3961.0,10240.0,24.87
2026/04/05 19:10:07.145,1.0,3961.0,10240.0,24.75
2026/04/05 19:10:08.196,6.0,3961.0,10240.0,25.04
2026/04/05 19:10:09.246,5.0,3961.0,10240.0,24.67
2026/04/05 19:10:10.298,5.0,3960.0,10240.0,24.71
2026/04/05 19:10:11.350,5.0,3960.0,10240.0,24.79
2026/04/05 19:10:12.401,2.0,3960.0,10240.0,24.82
2026/04/05 19:10:13.448,2.0,3960.0,10240.0,24.75
2026/04/05 19:10:14.498,2.0,3960.0,10240.0,24.82
2026/04/05 19:10:15.546,2.0,3960.0,10240.0,24.68
2026/04/05 19:10:16.594,1.0,3960.0,10240.0,24.86
2026/04/05 19:10:17.642,0.0,3960.0,10240.0,24.83
2026/04/05 19:10:18.691,0.0,3960.0,10240.0,24.92
2026/04/05 19:10:19.737,0.0,3960.0,10240.0,24.85
2026/04/05 19:10:20.784,4.0,3964.0,10240.0,26.25
2026/04/05 19:10:21.830,0.0,3964.0,10240.0,25.89
2026/04/05 19:10:22.878,0.0,3964.0,10240.0,24.71
2026/04/05 19:10:23.924,1.0,3960.0,10240.0,24.81
2026/04/05 19:10:24.973,2.0,3965.0,10240.0,25.64
2026/04/05 19:10:26.028,1.0,3965.0,10240.0,24.97
2026/04/05 19:10:27.079,1.0,3964.0,10240.0,25.11
2026/04/05 19:10:28.131,0.0,3964.0,10240.0,25.06
2026/04/05 19:10:29.183,1.0,3964.0,10240.0,25.0
2026/04/05 19:10:30.235,0.0,3964.0,10240.0,24.79
2026/04/05 19:10:31.286,0.0,3964.0,10240.0,24.92
2026/04/05 19:10:32.341,0.0,3964.0,10240.0,24.72
2026/04/05 19:10:33.393,5.0,3964.0,10240.0,25.24
2026/04/05 19:10:34.443,4.0,3964.0,10240.0,25.26
2026/04/05 19:10:35.494,4.0,3964.0,10240.0,24.94
2026/04/05 19:10:36.543,5.0,3964.0,10240.0,24.73
2026/04/05 19:10:37.593,0.0,3964.0,10240.0,24.61
2026/04/05 19:10:38.640,1.0,3964.0,10240.0,24.65
2026/04/05 19:10:39.689,1.0,3964.0,10240.0,24.83
2026/04/05 19:10:40.740,3.0,3964.0,10240.0,24.94
2026/04/05 19:10:41.790,1.0,3964.0,10240.0,24.88
2026/04/05 19:10:42.840,1.0,3964.0,10240.0,24.89
2026/04/05 19:10:43.891,0.0,3964.0,10240.0,25.09
2026/04/05 19:10:44.941,0.0,3964.0,10240.0,24.83
2026/04/05 19:10:45.991,0.0,3964.0,10240.0,24.71
2026/04/05 19:10:47.045,0.0,3964.0,10240.0,24.79
2026/04/05 19:10:48.095,0.0,3964.0,10240.0,24.94
2026/04/05 19:10:49.146,1.0,3960.0,10240.0,25.16
2026/04/05 19:10:50.198,0.0,3960.0,10240.0,24.87
2026/04/05 19:10:51.250,0.0,3959.0,10240.0,24.86
2026/04/05 19:10:52.299,0.0,3959.0,10240.0,24.61
2026/04/05 19:10:53.348,1.0,3959.0,10240.0,24.76
2026/04/05 19:10:54.398,0.0,3959.0,10240.0,25.09
2026/04/05 19:10:55.447,5.0,3963.0,10240.0,27.32
2026/04/05 19:10:56.495,1.0,3963.0,10240.0,25.83
2026/04/05 19:10:57.544,0.0,3959.0,10240.0,25.18
2026/04/05 19:10:58.595,5.0,3959.0,10240.0,25.1
2026/04/05 19:10:59.650,4.0,3959.0,10240.0,25.14
2026/04/05 19:11:00.702,7.0,3959.0,10240.0,24.84
2026/04/05 19:11:01.756,0.0,3959.0,10240.0,24.91
2026/04/05 19:11:02.811,0.0,3959.0,10240.0,24.76
2026/04/05 19:11:03.864,1.0,3959.0,10240.0,25.06
2026/04/05 19:11:04.913,0.0,3959.0,10240.0,24.95
2026/04/05 19:11:05.966,0.0,3959.0,10240.0,24.74
2026/04/05 19:11:07.018,0.0,3959.0,10240.0,24.6
2026/04/05 19:11:08.075,1.0,3959.0,10240.0,24.29
2026/04/05 19:11:09.130,1.0,3961.0,10240.0,25.26
2026/04/05 19:11:10.185,0.0,3961.0,10240.0,24.87
2026/04/05 19:11:11.236,1.0,3961.0,10240.0,25.04
2026/04/05 19:11:12.285,1.0,3961.0,10240.0,24.84
2026/04/05 19:11:13.333,0.0,3961.0,10240.0,24.93
2026/04/05 19:11:14.382,1.0,3961.0,10240.0,25.0
2026/04/05 19:11:15.430,0.0,3961.0,10240.0,24.77
2026/04/05 19:11:16.482,0.0,3961.0,10240.0,24.79
2026/04/05 19:11:17.531,0.0,3961.0,10240.0,24.93
2026/04/05 19:11:18.584,4.0,3961.0,10240.0,25.02
2026/04/05 19:11:19.633,4.0,3961.0,10240.0,25.24
2026/04/05 19:11:20.684,5.0,3961.0,10240.0,25.08
2026/04/05 19:11:21.732,5.0,3961.0,10240.0,24.86
2026/04/05 19:11:22.783,0.0,3961.0,10240.0,24.86
2026/04/05 19:11:23.826,0.0,3961.0,10240.0,24.98
2026/04/05 19:11:24.876,1.0,3961.0,10240.0,25.08
2026/04/05 19:11:25.928,1.0,3960.0,10240.0,25.22
2026/04/05 19:11:26.980,1.0,3960.0,10240.0,25.11
2026/04/05 19:11:28.032,1.0,3962.0,10240.0,25.3
2026/04/05 19:11:29.087,2.0,3962.0,10240.0,25.23
2026/04/05 19:11:30.136,3.0,3966.0,10240.0,25.42
2026/04/05 19:11:31.193,1.0,3966.0,10240.0,26.65
2026/04/05 19:11:32.243,0.0,3966.0,10240.0,24.89
2026/04/05 19:11:33.297,0.0,3962.0,10240.0,25.0
2026/04/05 19:11:34.347,0.0,3962.0,10240.0,24.86
2026/04/05 19:11:35.404,0.0,3962.0,10240.0,24.82
2026/04/05 19:11:36.460,0.0,3962.0,10240.0,24.71
2026/04/05 19:11:37.514,0.0,3962.0,10240.0,24.48
2026/04/05 19:11:38.571,4.0,3962.0,10240.0,24.6
2026/04/05 19:11:39.624,2.0,3962.0,10240.0,24.84
2026/04/05 19:11:40.674,4.0,3962.0,10240.0,25.17
2026/04/05 19:11:41.736,2.0,3962.0,10240.0,24.71
2026/04/05 19:11:42.788,4.0,3962.0,10240.0,24.77
2026/04/05 19:11:43.839,4.0,3962.0,10240.0,24.76
2026/04/05 19:11:44.891,4.0,3962.0,10240.0,24.81
2026/04/05 19:11:45.941,1.0,3962.0,10240.0,24.59
2026/04/05 19:11:46.993,1.0,3962.0,10240.0,24.78
2026/04/05 19:11:48.046,0.0,3962.0,10240.0,24.88
2026/04/05 19:11:49.093,0.0,3962.0,10240.0,24.82
2026/04/05 19:11:50.142,1.0,3962.0,10240.0,24.97
2026/04/05 19:11:51.194,0.0,3962.0,10240.0,24.91
2026/04/05 19:11:52.255,0.0,3962.0,10240.0,24.56
2026/04/05 19:11:53.313,0.0,3962.0,10240.0,24.79
2026/04/05 19:11:54.365,1.0,3962.0,10240.0,24.88
2026/04/05 19:11:55.419,0.0,3962.0,10240.0,25.11
2026/04/05 19:11:56.472,0.0,3962.0,10240.0,24.86
2026/04/05 19:11:57.521,1.0,3962.0,10240.0,24.74
2026/04/05 19:11:58.570,0.0,3962.0,10240.0,25.08
2026/04/05 19:11:59.628,1.0,3962.0,10240.0,25.35
2026/04/05 19:12:00.679,1.0,3962.0,10240.0,25.06
2026/04/05 19:12:01.728,1.0,3962.0,10240.0,25.01
2026/04/05 19:12:02.780,5.0,3962.0,10240.0,25.11
2026/04/05 19:12:03.827,9.0,3966.0,10240.0,25.83
2026/04/05 19:12:04.875,4.0,3966.0,10240.0,26.15
2026/04/05 19:12:05.921,4.0,3966.0,10240.0,24.76
2026/04/05 19:12:06.968,1.0,3966.0,10240.0,24.73
2026/04/05 19:12:08.019,1.0,3962.0,10240.0,24.73
2026/04/05 19:12:09.071,2.0,3962.0,10240.0,25.06
2026/04/05 19:12:10.124,3.0,3962.0,10240.0,25.22
2026/04/05 19:12:11.177,0.0,3962.0,10240.0,25.08
2026/04/05 19:12:12.230,0.0,3962.0,10240.0,24.95
2026/04/05 19:12:13.285,1.0,3962.0,10240.0,24.94
2026/04/05 19:12:14.335,0.0,3962.0,10240.0,25.08
2026/04/05 19:12:15.383,0.0,3962.0,10240.0,24.91
2026/04/05 19:12:16.431,1.0,3962.0,10240.0,24.92
2026/04/05 19:12:17.481,1.0,3962.0,10240.0,24.85
2026/04/05 19:12:18.529,1.0,3962.0,10240.0,24.91
2026/04/05 19:12:19.575,2.0,3962.0,10240.0,25.1
2026/04/05 19:12:20.623,1.0,3962.0,10240.0,24.73
2026/04/05 19:12:21.670,0.0,3962.0,10240.0,24.87
2026/04/05 19:12:22.718,0.0,3962.0,10240.0,24.48
2026/04/05 19:12:23.767,0.0,3962.0,10240.0,24.83
2026/04/05 19:12:24.818,0.0,3962.0,10240.0,24.79
2026/04/05 19:12:25.868,0.0,3963.0,10240.0,25.37
2026/04/05 19:12:26.919,0.0,3963.0,10240.0,25.16
2026/04/05 19:12:27.969,4.0,3962.0,10240.0,25.25
2026/04/05 19:12:29.018,4.0,3954.0,10240.0,24.82
2026/04/05 19:12:30.066,5.0,3954.0,10240.0,24.71
2026/04/05 19:12:31.116,6.0,3954.0,10240.0,24.99
2026/04/05 19:12:32.165,0.0,3954.0,10240.0,24.85
2026/04/05 19:12:33.213,1.0,3954.0,10240.0,24.89
2026/04/05 19:12:34.260,1.0,3954.0,10240.0,24.81
2026/04/05 19:12:35.308,0.0,3954.0,10240.0,24.96
2026/04/05 19:12:36.355,1.0,3954.0,10240.0,24.61
2026/04/05 19:12:37.409,5.0,3958.0,10240.0,25.42
2026/04/05 19:12:38.456,0.0,3958.0,10240.0,26.42
2026/04/05 19:12:39.502,0.0,3958.0,10240.0,24.7
2026/04/05 19:12:40.551,0.0,3958.0,10240.0,24.95
2026/04/05 19:12:41.599,0.0,3954.0,10240.0,24.75
2026/04/05 19:12:42.649,0.0,3954.0,10240.0,24.79
2026/04/05 19:12:43.701,1.0,3954.0,10240.0,24.74
2026/04/05 19:12:44.752,2.0,3954.0,10240.0,24.53
2026/04/05 19:12:45.804,0.0,3954.0,10240.0,24.85
2026/04/05 19:12:46.854,1.0,3954.0,10240.0,24.64
2026/04/05 19:12:47.911,1.0,3954.0,10240.0,24.85
2026/04/05 19:12:48.967,1.0,3954.0,10240.0,24.83
2026/04/05 19:12:50.020,1.0,3954.0,10240.0,25.18
2026/04/05 19:12:51.075,2.0,3954.0,10240.0,24.93
2026/04/05 19:12:52.126,5.0,3954.0,10240.0,24.58
2026/04/05 19:12:53.176,5.0,3954.0,10240.0,24.49
2026/04/05 19:12:54.224,4.0,3954.0,10240.0,24.81
2026/04/05 19:12:55.272,4.0,3954.0,10240.0,24.95
2026/04/05 19:12:56.321,2.0,3954.0,10240.0,24.67
2026/04/05 19:12:57.371,1.0,3962.0,10240.0,24.85
2026/04/05 19:12:58.422,1.0,3962.0,10240.0,24.66
2026/04/05 19:12:59.476,3.0,3962.0,10240.0,24.71
2026/04/05 19:13:00.526,0.0,3962.0,10240.0,24.66
2026/04/05 19:13:01.578,0.0,3962.0,10240.0,24.93
2026/04/05 19:13:02.631,0.0,3962.0,10240.0,24.86
2026/04/05 19:13:03.684,1.0,3962.0,10240.0,24.97
2026/04/05 19:13:04.734,0.0,3962.0,10240.0,24.7
2026/04/05 19:13:05.788,1.0,3962.0,10240.0,24.7
2026/04/05 19:13:06.840,1.0,3962.0,10240.0,24.36
2026/04/05 19:13:07.894,1.0,3962.0,10240.0,24.36
2026/04/05 19:13:08.948,1.0,3962.0,10240.0,24.86
2026/04/05 19:13:10.011,1.0,3962.0,10240.0,24.82
2026/04/05 19:13:11.060,1.0,3962.0,10240.0,24.97
2026/04/05 19:13:12.111,5.0,3966.0,10240.0,26.28
2026/04/05 19:13:13.165,0.0,3966.0,10240.0,25.58
2026/04/05 19:13:14.215,0.0,3966.0,10240.0,24.75
2026/04/05 19:13:15.263,1.0,3962.0,10240.0,24.63
2026/04/05 19:13:16.314,4.0,3962.0,10240.0,24.59
2026/04/05 19:13:17.364,4.0,3962.0,10240.0,24.8
2026/04/05 19:13:18.415,4.0,3962.0,10240.0,24.72
2026/04/05 19:13:19.466,5.0,3962.0,10240.0,24.45
2026/04/05 19:13:20.518,0.0,3962.0,10240.0,24.41
2026/04/05 19:13:21.568,1.0,3962.0,10240.0,24.4
2026/04/05 19:13:22.619,1.0,3962.0,10240.0,24.22
2026/04/05 19:13:23.672,1.0,3962.0,10240.0,24.44
2026/04/05 19:13:24.723,1.0,3962.0,10240.0,24.64
2026/04/05 19:13:25.771,1.0,3962.0,10240.0,24.69
2026/04/05 19:13:26.820,0.0,3962.0,10240.0,24.84
2026/04/05 19:13:27.870,0.0,3962.0,10240.0,24.6
2026/04/05 19:13:28.920,0.0,3962.0,10240.0,24.56
2026/04/05 19:13:29.971,0.0,3963.0,10240.0,24.54
2026/04/05 19:13:31.020,1.0,3963.0,10240.0,24.72
2026/04/05 19:13:32.074,0.0,3961.0,10240.0,24.64
2026/04/05 19:13:33.123,0.0,3961.0,10240.0,24.69
2026/04/05 19:13:34.174,0.0,3961.0,10240.0,24.67
2026/04/05 19:13:35.224,1.0,3961.0,10240.0,24.78
2026/04/05 19:13:36.275,1.0,3961.0,10240.0,24.55
2026/04/05 19:13:37.325,2.0,3961.0,10240.0,24.46
2026/04/05 19:13:38.375,3.0,3961.0,10240.0,24.85
2026/04/05 19:13:39.425,2.0,3961.0,10240.0,25.01
2026/04/05 19:13:40.476,2.0,3961.0,10240.0,24.93
2026/04/05 19:13:41.528,4.0,3961.0,10240.0,24.87
2026/04/05 19:13:42.583,4.0,3961.0,10240.0,24.85
2026/04/05 19:13:43.633,3.0,3961.0,10240.0,24.6
2026/04/05 19:13:44.678,3.0,3961.0,10240.0,24.31
2026/04/05 19:13:45.724,0.0,3961.0,10240.0,24.76
2026/04/05 19:13:46.767,4.0,3965.0,10240.0,25.07
2026/04/05 19:13:47.814,2.0,3965.0,10240.0,26.08
2026/04/05 19:13:48.860,0.0,3965.0,10240.0,24.49
2026/04/05 19:13:49.906,0.0,3961.0,10240.0,24.77
2026/04/05 19:13:50.954,2.0,3961.0,10240.0,25.1
2026/04/05 19:13:52.001,1.0,3961.0,10240.0,24.11
2026/04/05 19:13:53.052,1.0,3961.0,10240.0,24.41
2026/04/05 19:13:54.104,1.0,3961.0,10240.0,24.46
2026/04/05 19:13:55.154,1.0,3961.0,10240.0,24.62
2026/04/05 19:13:56.206,0.0,3961.0,10240.0,24.54
2026/04/05 19:13:57.260,0.0,3973.0,10240.0,24.9
2026/04/05 19:13:58.318,1.0,3973.0,10240.0,24.59
2026/04/05 19:13:59.375,0.0,3975.0,10240.0,24.45
2026/04/05 19:14:00.425,0.0,3964.0,10240.0,25.81
2026/04/05 19:14:01.477,0.0,3964.0,10240.0,25.16
2026/04/05 19:14:02.526,4.0,3964.0,10240.0,24.9
2026/04/05 19:14:03.577,4.0,3964.0,10240.0,24.94
2026/04/05 19:14:04.629,4.0,3964.0,10240.0,24.88
2026/04/05 19:14:05.681,5.0,3957.0,10240.0,25.01
2026/04/05 19:14:06.733,0.0,3966.0,10240.0,24.41
2026/04/05 19:14:07.784,1.0,3966.0,10240.0,24.61
2026/04/05 19:14:08.835,2.0,3967.0,10240.0,24.92
2026/04/05 19:14:09.885,1.0,3967.0,10240.0,24.63
2026/04/05 19:14:10.936,1.0,3967.0,10240.0,24.77
2026/04/05 19:14:11.989,1.0,3967.0,10240.0,24.73
2026/04/05 19:14:13.044,0.0,3967.0,10240.0,24.44
2026/04/05 19:14:14.099,1.0,3967.0,10240.0,24.31
2026/04/05 19:14:15.158,1.0,3967.0,10240.0,24.62
2026/04/05 19:14:16.207,0.0,3967.0,10240.0,24.92
2026/04/05 19:14:17.254,0.0,3967.0,10240.0,24.77
2026/04/05 19:14:18.302,0.0,3967.0,10240.0,24.58
2026/04/05 19:14:19.349,4.0,3971.0,10240.0,25.33
2026/04/05 19:14:20.399,1.0,3971.0,10240.0,26.05
2026/04/05 19:14:21.449,0.0,3971.0,10240.0,24.57
2026/04/05 19:14:22.498,4.0,3967.0,10240.0,24.58
2026/04/05 19:14:23.547,4.0,3967.0,10240.0,24.88
2026/04/05 19:14:24.596,5.0,3967.0,10240.0,24.98
2026/04/05 19:14:25.645,5.0,3967.0,10240.0,24.83
2026/04/05 19:14:26.696,1.0,3967.0,10240.0,24.75
2026/04/05 19:14:27.744,1.0,3967.0,10240.0,24.87
2026/04/05 19:14:28.793,1.0,3967.0,10240.0,24.78
2026/04/05 19:14:29.841,2.0,3967.0,10240.0,24.85
2026/04/05 19:14:30.889,2.0,3967.0,10240.0,25.07
2026/04/05 19:14:31.943,0.0,3967.0,10240.0,25.01
2026/04/05 19:14:32.992,0.0,3967.0,10240.0,24.67
2026/04/05 19:14:34.041,0.0,3967.0,10240.0,24.71
2026/04/05 19:14:35.091,0.0,3967.0,10240.0,24.65
2026/04/05 19:14:36.141,0.0,3967.0,10240.0,24.5
2026/04/05 19:14:37.191,0.0,3967.0,10240.0,24.59
2026/04/05 19:14:38.238,2.0,3967.0,10240.0,24.67
2026/04/05 19:14:39.287,0.0,3963.0,10240.0,24.99
2026/04/05 19:14:40.335,1.0,3963.0,10240.0,24.7
2026/04/05 19:14:41.383,1.0,3963.0,10240.0,25.17
2026/04/05 19:14:42.433,1.0,3963.0,10240.0,24.88
2026/04/05 19:14:43.485,2.0,3963.0,10240.0,24.78
2026/04/05 19:14:44.536,1.0,3963.0,10240.0,24.58
2026/04/05 19:14:45.585,0.0,3963.0,10240.0,24.63
2026/04/05 19:14:46.635,0.0,3963.0,10240.0,24.79
2026/04/05 19:14:47.685,4.0,3963.0,10240.0,24.74
2026/04/05 19:14:48.737,4.0,3963.0,10240.0,24.75
2026/04/05 19:14:49.788,4.0,3963.0,10240.0,24.66
2026/04/05 19:14:50.837,4.0,3963.0,10240.0,24.62
2026/04/05 19:14:51.884,0.0,3963.0,10240.0,24.54
2026/04/05 19:14:52.933,0.0,3971.0,10240.0,24.34
2026/04/05 19:14:53.983,4.0,3967.0,10240.0,26.95
2026/04/05 19:14:55.033,1.0,3967.0,10240.0,25.15
2026/04/05 19:14:56.080,1.0,3967.0,10240.0,24.91
2026/04/05 19:14:57.127,1.0,3963.0,10240.0,25.05
2026/04/05 19:14:58.178,1.0,3963.0,10240.0,24.81
2026/04/05 19:14:59.229,1.0,3963.0,10240.0,24.57
2026/04/05 19:15:00.282,1.0,3963.0,10240.0,24.63
2026/04/05 19:15:01.335,1.0,3963.0,10240.0,24.99
2026/04/05 19:15:02.385,0.0,3963.0,10240.0,24.82
2026/04/05 19:15:03.434,0.0,3963.0,10240.0,24.78
2026/04/05 19:15:04.484,0.0,3963.0,10240.0,24.61
2026/04/05 19:15:05.535,0.0,3963.0,10240.0,24.48
2026/04/05 19:15:06.593,0.0,3963.0,10240.0,24.48
2026/04/05 19:15:07.646,0.0,3963.0,10240.0,24.73
2026/04/05 19:15:08.696,5.0,3967.0,10240.0,25.72
2026/04/05 19:15:09.747,4.0,3967.0,10240.0,25.34
2026/04/05 19:15:10.794,3.0,3967.0,10240.0,25.01
2026/04/05 19:15:11.843,5.0,3967.0,10240.0,25.11
2026/04/05 19:15:12.893,1.0,3967.0,10240.0,24.71
2026/04/05 19:15:13.945,1.0,3967.0,10240.0,24.66
2026/04/05 19:15:15.002,2.0,3967.0,10240.0,24.91
2026/04/05 19:15:16.057,1.0,3967.0,10240.0,24.87
2026/04/05 19:15:17.109,1.0,3967.0,10240.0,25.12
2026/04/05 19:15:18.164,0.0,3967.0,10240.0,24.86
2026/04/05 19:15:19.217,0.0,3967.0,10240.0,24.85
2026/04/05 19:15:20.271,1.0,3967.0,10240.0,24.84
2026/04/05 19:15:21.322,1.0,3967.0,10240.0,24.76
2026/04/05 19:15:22.372,0.0,3967.0,10240.0,24.6
2026/04/05 19:15:23.421,0.0,3967.0,10240.0,24.76
2026/04/05 19:15:24.472,0.0,3967.0,10240.0,24.81
2026/04/05 19:15:25.524,0.0,3967.0,10240.0,24.66
2026/04/05 19:15:26.573,7.0,3966.0,10240.0,25.82
2026/04/05 19:15:27.622,5.0,3970.0,10240.0,26.14
2026/04/05 19:15:28.673,0.0,3969.0,10240.0,25.6
2026/04/05 19:15:29.722,1.0,3969.0,10240.0,24.74
2026/04/05 19:15:30.773,1.0,3969.0,10240.0,24.84
2026/04/05 19:15:31.826,1.0,3965.0,10240.0,24.99
2026/04/05 19:15:32.875,5.0,3965.0,10240.0,24.58
2026/04/05 19:15:33.925,5.0,3965.0,10240.0,24.5
2026/04/05 19:15:34.975,4.0,3965.0,10240.0,24.42
2026/04/05 19:15:36.025,4.0,3965.0,10240.0,24.38
2026/04/05 19:15:37.075,0.0,3965.0,10240.0,24.59
2026/04/05 19:15:38.125,0.0,3965.0,10240.0,24.58
2026/04/05 19:15:39.178,0.0,3965.0,10240.0,25.03
2026/04/05 19:15:40.229,0.0,3965.0,10240.0,24.45
2026/04/05 19:15:41.281,1.0,3965.0,10240.0,24.74
2026/04/05 19:15:42.334,0.0,3965.0,10240.0,24.92
2026/04/05 19:15:43.385,1.0,3965.0,10240.0,24.64
2026/04/05 19:15:44.431,1.0,3965.0,10240.0,24.44
2026/04/05 19:15:45.482,1.0,3964.0,10240.0,24.59
2026/04/05 19:15:46.531,1.0,3964.0,10240.0,24.8
2026/04/05 19:15:47.583,1.0,3965.0,10240.0,24.83
2026/04/05 19:15:48.633,0.0,3959.0,10240.0,24.93
2026/04/05 19:15:49.680,1.0,3957.0,10240.0,24.58
2026/04/05 19:15:50.729,0.0,3957.0,10240.0,24.18
2026/04/05 19:15:51.776,1.0,3957.0,10240.0,24.7
2026/04/05 19:15:52.821,0.0,3957.0,10240.0,24.38
2026/04/05 19:15:53.868,1.0,3957.0,10240.0,24.9
2026/04/05 19:15:54.914,0.0,3957.0,10240.0,24.83
2026/04/05 19:15:55.965,0.0,3957.0,10240.0,24.91
2026/04/05 19:15:57.015,0.0,3957.0,10240.0,25.06
2026/04/05 19:15:58.065,4.0,3957.0,10240.0,24.7
2026/04/05 19:15:59.112,4.0,3957.0,10240.0,24.62
2026/04/05 19:16:00.159,5.0,3957.0,10240.0,24.86
2026/04/05 19:16:01.208,5.0,3957.0,10240.0,24.74
2026/04/05 19:16:02.256,4.0,3961.0,10240.0,26.25
2026/04/05 19:16:03.304,1.0,3961.0,10240.0,25.49
2026/04/05 19:16:04.352,1.0,3961.0,10240.0,24.87
2026/04/05 19:16:05.399,0.0,3957.0,10240.0,24.76
2026/04/05 19:16:06.446,0.0,3957.0,10240.0,24.57
2026/04/05 19:16:07.499,0.0,3957.0,10240.0,24.93
2026/04/05 19:16:08.550,0.0,3957.0,10240.0,25.3
2026/04/05 19:16:09.602,0.0,3953.0,10240.0,25.25
2026/04/05 19:16:10.654,0.0,3953.0,10240.0,25.0
2026/04/05 19:16:11.711,0.0,3953.0,10240.0,25.11
2026/04/05 19:16:12.762,0.0,3954.0,10240.0,25.07
2026/04/05 19:16:13.810,1.0,3954.0,10240.0,24.8
2026/04/05 19:16:14.860,0.0,3954.0,10240.0,24.54
2026/04/05 19:16:15.911,0.0,3954.0,10240.0,24.79
2026/04/05 19:16:16.961,1.0,3954.0,10240.0,24.98
2026/04/05 19:16:18.015,1.0,3954.0,10240.0,24.69
2026/04/05 19:16:19.068,4.0,3954.0,10240.0,24.89
2026/04/05 19:16:20.125,5.0,3954.0,10240.0,24.86
2026/04/05 19:16:21.178,1.0,3954.0,10240.0,24.59
2026/04/05 19:16:22.231,3.0,3954.0,10240.0,25.15
2026/04/05 19:16:23.281,3.0,3954.0,10240.0,25.06
2026/04/05 19:16:24.332,3.0,3954.0,10240.0,24.61
2026/04/05 19:16:25.383,3.0,3954.0,10240.0,24.61
2026/04/05 19:16:26.432,4.0,3954.0,10240.0,24.64
2026/04/05 19:16:27.482,0.0,3954.0,10240.0,24.72
2026/04/05 19:16:28.533,0.0,3954.0,10240.0,24.5
2026/04/05 19:16:29.580,0.0,3954.0,10240.0,24.77
2026/04/05 19:16:30.627,1.0,3954.0,10240.0,24.79
2026/04/05 19:16:31.675,0.0,3954.0,10240.0,24.73
2026/04/05 19:16:32.724,1.0,3954.0,10240.0,24.58
2026/04/05 19:16:33.774,1.0,3954.0,10240.0,24.4
2026/04/05 19:16:34.823,5.0,3958.0,10240.0,26.4
2026/04/05 19:16:35.875,1.0,3958.0,10240.0,24.72
2026/04/05 19:16:36.925,1.0,3954.0,10240.0,24.53
2026/04/05 19:16:37.974,0.0,3954.0,10240.0,24.55
2026/04/05 19:16:39.029,0.0,3954.0,10240.0,24.87
2026/04/05 19:16:40.083,0.0,3954.0,10240.0,24.57
2026/04/05 19:16:41.136,0.0,3954.0,10240.0,24.74
2026/04/05 19:16:42.188,0.0,3954.0,10240.0,24.95
2026/04/05 19:16:43.241,0.0,3954.0,10240.0,24.57
2026/04/05 19:16:44.292,4.0,3954.0,10240.0,24.83
2026/04/05 19:16:45.344,4.0,3954.0,10240.0,24.62
2026/04/05 19:16:46.394,5.0,3954.0,10240.0,24.8
2026/04/05 19:16:47.445,0.0,3954.0,10240.0,24.68
2026/04/05 19:16:48.496,1.0,3954.0,10240.0,24.56
2026/04/05 19:16:49.548,2.0,3954.0,10240.0,24.51
2026/04/05 19:16:50.596,2.0,3954.0,10240.0,24.43
2026/04/05 19:16:51.646,1.0,3954.0,10240.0,24.68
2026/04/05 19:16:52.695,1.0,3952.0,10240.0,24.77
2026/04/05 19:16:53.745,0.0,3952.0,10240.0,24.77
2026/04/05 19:16:54.795,0.0,3950.0,10240.0,24.67
2026/04/05 19:16:55.844,0.0,3950.0,10240.0,24.89
2026/04/05 19:16:56.896,0.0,3950.0,10240.0,24.65
2026/04/05 19:16:57.948,0.0,3950.0,10240.0,24.49
2026/04/05 19:16:59.002,0.0,3950.0,10240.0,24.61
2026/04/05 19:17:00.054,0.0,3950.0,10240.0,24.58
2026/04/05 19:17:01.104,0.0,3950.0,10240.0,24.78
2026/04/05 19:17:02.156,1.0,3950.0,10240.0,24.71
2026/04/05 19:17:03.205,1.0,3950.0,10240.0,24.72
2026/04/05 19:17:04.259,0.0,3950.0,10240.0,24.75
2026/04/05 19:17:05.310,1.0,3950.0,10240.0,24.38
2026/04/05 19:17:06.360,1.0,3950.0,10240.0,24.23
2026/04/05 19:17:07.405,0.0,3950.0,10240.0,24.66
2026/04/05 19:17:08.453,6.0,3950.0,10240.0,24.85
2026/04/05 19:17:09.501,8.0,3954.0,10240.0,26.35
2026/04/05 19:17:10.550,4.0,3954.0,10240.0,25.5
2026/04/05 19:17:11.597,5.0,3954.0,10240.0,24.63
2026/04/05 19:17:12.643,1.0,3950.0,10240.0,24.26
2026/04/05 19:17:13.700,0.0,3950.0,10240.0,24.39
2026/04/05 19:17:14.752,0.0,3950.0,10240.0,24.4
2026/04/05 19:17:15.805,1.0,3950.0,10240.0,24.63
2026/04/05 19:17:16.856,0.0,3950.0,10240.0,24.79
2026/04/05 19:17:17.907,1.0,3950.0,10240.0,24.97
2026/04/05 19:17:18.957,1.0,3950.0,10240.0,24.5
2026/04/05 19:17:20.008,1.0,3950.0,10240.0,24.47
2026/04/05 19:17:21.062,1.0,3950.0,10240.0,24.5
2026/04/05 19:17:22.114,1.0,3950.0,10240.0,24.38
2026/04/05 19:17:23.169,0.0,3950.0,10240.0,25.08
2026/04/05 19:17:24.223,0.0,3950.0,10240.0,24.64
2026/04/05 19:17:25.278,1.0,3950.0,10240.0,24.46
2026/04/05 19:17:26.328,0.0,3950.0,10240.0,24.61
2026/04/05 19:17:27.379,0.0,3950.0,10240.0,24.28
2026/04/05 19:17:28.428,0.0,3950.0,10240.0,24.68
2026/04/05 19:17:29.480,1.0,3950.0,10240.0,24.71
2026/04/05 19:17:30.533,1.0,3950.0,10240.0,24.94
2026/04/05 19:17:31.585,1.0,3950.0,10240.0,25.08
2026/04/05 19:17:32.638,4.0,3950.0,10240.0,24.69
2026/04/05 19:17:33.691,4.0,3950.0,10240.0,24.82
2026/04/05 19:17:34.744,5.0,3950.0,10240.0,24.46
2026/04/05 19:17:35.796,5.0,3950.0,10240.0,24.35
2026/04/05 19:17:36.845,1.0,3950.0,10240.0,24.44
2026/04/05 19:17:37.895,2.0,3950.0,10240.0,24.78
2026/04/05 19:17:38.946,1.0,3950.0,10240.0,25.07
2026/04/05 19:17:39.997,0.0,3950.0,10240.0,24.89
2026/04/05 19:17:41.046,1.0,3950.0,10240.0,24.8
2026/04/05 19:17:42.097,0.0,3952.0,10240.0,24.71
2026/04/05 19:17:43.146,0.0,3952.0,10240.0,24.69
2026/04/05 19:17:44.196,4.0,3956.0,10240.0,26.35
2026/04/05 19:17:45.246,0.0,3956.0,10240.0,25.0
2026/04/05 19:17:46.297,0.0,3956.0,10240.0,24.86
2026/04/05 19:17:47.347,0.0,3952.0,10240.0,24.89
2026/04/05 19:17:48.397,0.0,3952.0,10240.0,24.95
2026/04/05 19:17:49.450,0.0,3952.0,10240.0,24.42
2026/04/05 19:17:50.502,0.0,3952.0,10240.0,24.51
2026/04/05 19:17:51.555,1.0,3952.0,10240.0,24.9
2026/04/05 19:17:52.605,1.0,3952.0,10240.0,24.95
2026/04/05 19:17:53.658,4.0,3952.0,10240.0,25.25
2026/04/05 19:17:54.713,3.0,3952.0,10240.0,25.2
2026/04/05 19:17:55.772,1.0,3954.0,10240.0,24.9
2026/04/05 19:17:56.834,6.0,3954.0,10240.0,24.91
2026/04/05 19:17:57.888,7.0,3954.0,10240.0,24.99
2026/04/05 19:17:58.941,5.0,3954.0,10240.0,25.01
2026/04/05 19:17:59.994,4.0,3953.0,10240.0,25.07
2026/04/05 19:18:01.045,1.0,3953.0,10240.0,25.05
2026/04/05 19:18:02.093,0.0,3953.0,10240.0,24.99
2026/04/05 19:18:03.141,1.0,3953.0,10240.0,24.84
2026/04/05 19:18:04.189,0.0,3953.0,10240.0,24.5
2026/04/05 19:18:05.240,0.0,3953.0,10240.0,24.26
2026/04/05 19:18:06.292,0.0,3953.0,10240.0,24.7
2026/04/05 19:18:07.343,0.0,3953.0,10240.0,24.89
2026/04/05 19:18:08.394,3.0,3953.0,10240.0,25.17
2026/04/05 19:18:09.446,0.0,3953.0,10240.0,25.23
2026/04/05 19:18:10.496,0.0,3953.0,10240.0,25.05
2026/04/05 19:18:11.546,1.0,3953.0,10240.0,24.74
2026/04/05 19:18:12.598,1.0,3953.0,10240.0,24.59
2026/04/05 19:18:13.649,1.0,3953.0,10240.0,25.13
2026/04/05 19:18:14.702,1.0,3953.0,10240.0,24.93
2026/04/05 19:18:15.753,0.0,3953.0,10240.0,24.8
2026/04/05 19:18:16.801,0.0,3953.0,10240.0,24.99
2026/04/05 19:18:17.855,5.0,3953.0,10240.0,24.78
2026/04/05 19:18:18.905,8.0,3961.0,10240.0,25.08
2026/04/05 19:18:19.954,8.0,3957.0,10240.0,26.82
2026/04/05 19:18:21.003,4.0,3957.0,10240.0,24.8
2026/04/05 19:18:22.050,0.0,3957.0,10240.0,24.93
2026/04/05 19:18:23.096,0.0,3953.0,10240.0,24.69
2026/04/05 19:18:24.148,0.0,3953.0,10240.0,24.72
2026/04/05 19:18:25.203,1.0,3953.0,10240.0,24.88
2026/04/05 19:18:26.249,0.0,3953.0,10240.0,24.59
2026/04/05 19:18:27.297,1.0,3953.0,10240.0,24.39
2026/04/05 19:18:28.344,1.0,3954.0,10240.0,24.94
2026/04/05 19:18:29.393,0.0,3954.0,10240.0,24.71
2026/04/05 19:18:30.443,1.0,3954.0,10240.0,24.69
2026/04/05 19:18:31.493,0.0,3954.0,10240.0,24.56
2026/04/05 19:18:32.544,0.0,3954.0,10240.0,24.62
2026/04/05 19:18:33.594,1.0,3954.0,10240.0,24.42
2026/04/05 19:18:34.644,0.0,3954.0,10240.0,24.06
2026/04/05 19:18:35.694,0.0,3954.0,10240.0,24.76
2026/04/05 19:18:36.748,0.0,3954.0,10240.0,24.49
2026/04/05 19:18:37.799,1.0,3954.0,10240.0,24.78
2026/04/05 19:18:38.848,4.0,3954.0,10240.0,25.21
2026/04/05 19:18:39.899,5.0,3954.0,10240.0,25.18
2026/04/05 19:18:40.950,4.0,3952.0,10240.0,24.51
2026/04/05 19:18:42.003,4.0,3952.0,10240.0,24.47
2026/04/05 19:18:43.058,3.0,3952.0,10240.0,24.62
2026/04/05 19:18:44.114,3.0,3952.0,10240.0,24.76
2026/04/05 19:18:45.167,3.0,3952.0,10240.0,24.93
2026/04/05 19:18:46.221,1.0,3952.0,10240.0,24.72
2026/04/05 19:18:47.271,0.0,3952.0,10240.0,24.49
2026/04/05 19:18:48.321,0.0,3952.0,10240.0,24.33
2026/04/05 19:18:49.374,0.0,3952.0,10240.0,24.26
2026/04/05 19:18:50.431,0.0,3952.0,10240.0,24.56
2026/04/05 19:18:51.486,4.0,3960.0,10240.0,25.08
2026/04/05 19:18:52.537,4.0,3956.0,10240.0,27.32
2026/04/05 19:18:53.587,1.0,3956.0,10240.0,24.93
2026/04/05 19:18:54.634,0.0,3952.0,10240.0,25.14
2026/04/05 19:18:55.685,0.0,3952.0,10240.0,24.84
2026/04/05 19:18:56.737,1.0,3952.0,10240.0,24.6
2026/04/05 19:18:57.789,1.0,3952.0,10240.0,24.39
2026/04/05 19:18:58.844,1.0,3952.0,10240.0,25.01
2026/04/05 19:18:59.900,1.0,3952.0,10240.0,25.33
2026/04/05 19:19:00.951,0.0,3952.0,10240.0,25.11
2026/04/05 19:19:02.002,5.0,3952.0,10240.0,24.86
2026/04/05 19:19:03.056,5.0,3952.0,10240.0,24.56
2026/04/05 19:19:04.110,4.0,3952.0,10240.0,24.57
2026/04/05 19:19:05.162,4.0,3952.0,10240.0,24.29
2026/04/05 19:19:06.213,0.0,3952.0,10240.0,24.82
2026/04/05 19:19:07.266,0.0,3952.0,10240.0,24.89
2026/04/05 19:19:08.317,1.0,3952.0,10240.0,25.08
2026/04/05 19:19:09.365,0.0,3952.0,10240.0,25.07
2026/04/05 19:19:10.413,0.0,3952.0,10240.0,25.02
2026/04/05 19:19:11.463,0.0,3952.0,10240.0,24.76
2026/04/05 19:19:12.513,1.0,3952.0,10240.0,24.65
2026/04/05 19:19:13.567,1.0,3952.0,10240.0,24.65
2026/04/05 19:19:14.619,1.0,3952.0,10240.0,24.93
2026/04/05 19:19:15.670,1.0,3952.0,10240.0,24.9
2026/04/05 19:19:16.723,1.0,3952.0,10240.0,24.94
2026/04/05 19:19:17.772,0.0,3952.0,10240.0,24.82
2026/04/05 19:19:18.820,2.0,3952.0,10240.0,24.78
2026/04/05 19:19:19.868,0.0,3952.0,10240.0,24.26
2026/04/05 19:19:20.919,0.0,3952.0,10240.0,24.76
2026/04/05 19:19:21.972,1.0,3952.0,10240.0,25.11
2026/04/05 19:19:23.023,1.0,3952.0,10240.0,24.56
2026/04/05 19:19:24.077,2.0,3952.0,10240.0,24.87
2026/04/05 19:19:25.126,0.0,3952.0,10240.0,25.03
2026/04/05 19:19:26.178,3.0,3959.0,10240.0,25.02
2026/04/05 19:19:27.228,6.0,3956.0,10240.0,26.36
2026/04/05 19:19:28.279,4.0,3956.0,10240.0,24.49
2026/04/05 19:19:29.328,5.0,3956.0,10240.0,24.67
2026/04/05 19:19:30.376,5.0,3952.0,10240.0,24.94
2026/04/05 19:19:31.424,1.0,3952.0,10240.0,24.66
2026/04/05 19:19:32.474,1.0,3952.0,10240.0,24.9
2026/04/05 19:19:33.525,0.0,3954.0,10240.0,24.83
2026/04/05 19:19:34.577,0.0,3954.0,10240.0,24.61
2026/04/05 19:19:35.630,0.0,3954.0,10240.0,24.7
2026/04/05 19:19:36.684,0.0,3953.0,10240.0,24.83
2026/04/05 19:19:37.737,0.0,3953.0,10240.0,24.71
2026/04/05 19:19:38.787,1.0,3953.0,10240.0,25.09
2026/04/05 19:19:39.839,0.0,3953.0,10240.0,24.78
2026/04/05 19:19:40.894,0.0,3953.0,10240.0,25.0
2026/04/05 19:19:41.946,1.0,3953.0,10240.0,24.87
2026/04/05 19:19:42.997,0.0,3953.0,10240.0,24.63
2026/04/05 19:19:44.041,0.0,3953.0,10240.0,24.79
2026/04/05 19:19:45.097,1.0,3953.0,10240.0,24.89
2026/04/05 19:19:46.151,1.0,3953.0,10240.0,24.76
2026/04/05 19:19:47.203,4.0,3953.0,10240.0,25.08
2026/04/05 19:19:48.256,5.0,3953.0,10240.0,24.94
2026/04/05 19:19:49.307,6.0,3953.0,10240.0,24.36
2026/04/05 19:19:50.359,4.0,3953.0,10240.0,24.68
2026/04/05 19:19:51.410,1.0,3953.0,10240.0,24.72
2026/04/05 19:19:52.461,0.0,3953.0,10240.0,24.87
2026/04/05 19:19:53.509,1.0,3953.0,10240.0,24.76
2026/04/05 19:19:54.562,1.0,3953.0,10240.0,24.82
2026/04/05 19:19:55.614,0.0,3953.0,10240.0,24.54
2026/04/05 19:19:56.668,0.0,3953.0,10240.0,24.4
2026/04/05 19:19:57.718,0.0,3953.0,10240.0,24.59
2026/04/05 19:19:58.767,0.0,3953.0,10240.0,24.61
2026/04/05 19:19:59.814,0.0,3953.0,10240.0,24.76
2026/04/05 19:20:00.863,4.0,3957.0,10240.0,26.02
2026/04/05 19:20:01.910,1.0,3957.0,10240.0,25.23
2026/04/05 19:20:02.959,1.0,3953.0,10240.0,24.7
2026/04/05 19:20:04.008,1.0,3953.0,10240.0,24.06
2026/04/05 19:20:05.057,1.0,3954.0,10240.0,24.74
2026/04/05 19:20:06.108,1.0,3954.0,10240.0,24.42
2026/04/05 19:20:07.160,0.0,3954.0,10240.0,24.66
2026/04/05 19:20:08.217,1.0,3954.0,10240.0,24.66
2026/04/05 19:20:09.270,0.0,3954.0,10240.0,24.93
2026/04/05 19:20:10.327,0.0,3954.0,10240.0,24.85
2026/04/05 19:20:11.376,0.0,3954.0,10240.0,24.54
2026/04/05 19:20:12.425,4.0,3954.0,10240.0,24.91
2026/04/05 19:20:13.474,4.0,3954.0,10240.0,24.74
2026/04/05 19:20:14.523,5.0,3954.0,10240.0,24.83
2026/04/05 19:20:15.570,5.0,3954.0,10240.0,24.64
2026/04/05 19:20:16.618,0.0,3954.0,10240.0,24.63
2026/04/05 19:20:17.665,1.0,3954.0,10240.0,24.51
2026/04/05 19:20:18.713,1.0,3954.0,10240.0,24.46
2026/04/05 19:20:19.760,1.0,3954.0,10240.0,24.55
2026/04/05 19:20:20.809,1.0,3954.0,10240.0,24.7
2026/04/05 19:20:21.863,1.0,3955.0,10240.0,25.05
2026/04/05 19:20:22.916,0.0,3955.0,10240.0,24.82
2026/04/05 19:20:23.969,0.0,3953.0,10240.0,24.64
2026/04/05 19:20:25.023,0.0,3953.0,10240.0,24.92
2026/04/05 19:20:26.073,0.0,3953.0,10240.0,24.39
2026/04/05 19:20:27.124,0.0,3953.0,10240.0,24.53
2026/04/05 19:20:28.174,0.0,3953.0,10240.0,24.73
2026/04/05 19:20:29.223,0.0,3953.0,10240.0,24.58
2026/04/05 19:20:30.272,0.0,3953.0,10240.0,24.94
2026/04/05 19:20:31.320,1.0,3953.0,10240.0,24.69
2026/04/05 19:20:32.368,1.0,3953.0,10240.0,24.74
2026/04/05 19:20:33.418,0.0,3953.0,10240.0,24.35
2026/04/05 19:20:34.465,5.0,3957.0,10240.0,25.45
2026/04/05 19:20:35.512,1.0,3957.0,10240.0,26.49
2026/04/05 19:20:36.559,0.0,3957.0,10240.0,24.78
2026/04/05 19:20:37.607,5.0,3953.0,10240.0,24.54
2026/04/05 19:20:38.655,6.0,3953.0,10240.0,24.55
2026/04/05 19:20:39.703,4.0,3953.0,10240.0,24.82
2026/04/05 19:20:40.763,5.0,3953.0,10240.0,24.53
2026/04/05 19:20:41.815,0.0,3953.0,10240.0,24.48
2026/04/05 19:20:42.865,0.0,3953.0,10240.0,24.64
2026/04/05 19:20:43.915,0.0,3953.0,10240.0,24.59
2026/04/05 19:20:44.965,2.0,3953.0,10240.0,24.69
2026/04/05 19:20:46.019,0.0,3953.0,10240.0,24.61
2026/04/05 19:20:47.071,0.0,3953.0,10240.0,24.59
2026/04/05 19:20:48.123,1.0,3953.0,10240.0,24.45
2026/04/05 19:20:49.173,0.0,3953.0,10240.0,24.31
2026/04/05 19:20:50.223,1.0,3953.0,10240.0,24.24
2026/04/05 19:20:51.273,1.0,3953.0,10240.0,24.65
2026/04/05 19:20:52.326,1.0,3953.0,10240.0,24.74
2026/04/05 19:20:53.376,1.0,3953.0,10240.0,24.43
2026/04/05 19:20:54.427,1.0,3953.0,10240.0,24.37
2026/04/05 19:20:55.478,0.0,3953.0,10240.0,24.43
2026/04/05 19:20:56.532,0.0,3955.0,10240.0,24.89
2026/04/05 19:20:57.585,2.0,3955.0,10240.0,24.51
2026/04/05 19:20:58.635,2.0,3955.0,10240.0,24.65
2026/04/05 19:20:59.688,1.0,3955.0,10240.0,24.6
2026/04/05 19:21:00.740,1.0,3955.0,10240.0,24.91
2026/04/05 19:21:01.792,3.0,3955.0,10240.0,24.69
2026/04/05 19:21:02.843,3.0,3955.0,10240.0,24.58
2026/04/05 19:21:03.893,4.0,3955.0,10240.0,24.15
2026/04/05 19:21:04.941,6.0,3955.0,10240.0,24.78
2026/04/05 19:21:05.992,0.0,3955.0,10240.0,24.88
2026/04/05 19:21:07.042,1.0,3955.0,10240.0,24.62
2026/04/05 19:21:08.096,5.0,3959.0,10240.0,26.47
2026/04/05 19:21:09.145,1.0,3958.0,10240.0,26.44
2026/04/05 19:21:10.196,1.0,3958.0,10240.0,24.76
2026/04/05 19:21:11.246,1.0,3954.0,10240.0,24.45
2026/04/05 19:21:12.297,2.0,3954.0,10240.0,24.75
2026/04/05 19:21:13.350,0.0,3954.0,10240.0,24.52
2026/04/05 19:21:14.402,0.0,3954.0,10240.0,24.81
2026/04/05 19:21:15.453,0.0,3954.0,10240.0,24.79
2026/04/05 19:21:16.504,0.0,3954.0,10240.0,24.67
2026/04/05 19:21:17.559,0.0,3954.0,10240.0,24.68
2026/04/05 19:21:18.612,0.0,3954.0,10240.0,24.21
2026/04/05 19:21:19.663,0.0,3954.0,10240.0,25.01
2026/04/05 19:21:20.716,1.0,3954.0,10240.0,24.91
2026/04/05 19:21:21.766,4.0,3954.0,10240.0,24.92
2026/04/05 19:21:22.816,5.0,3954.0,10240.0,24.84
2026/04/05 19:21:23.865,5.0,3954.0,10240.0,24.74
2026/04/05 19:21:24.918,4.0,3954.0,10240.0,24.61
2026/04/05 19:21:25.967,1.0,3954.0,10240.0,24.66
2026/04/05 19:21:27.016,1.0,3954.0,10240.0,24.83
2026/04/05 19:21:28.067,0.0,3954.0,10240.0,24.8
2026/04/05 19:21:29.119,0.0,3954.0,10240.0,24.76
2026/04/05 19:21:30.165,0.0,3954.0,10240.0,24.81
2026/04/05 19:21:31.214,0.0,3954.0,10240.0,24.68
2026/04/05 19:21:32.263,1.0,3954.0,10240.0,24.69
2026/04/05 19:21:33.313,0.0,3954.0,10240.0,24.08
2026/04/05 19:21:34.364,0.0,3954.0,10240.0,24.99
2026/04/05 19:21:35.433,1.0,3954.0,10240.0,24.71
2026/04/05 19:21:36.486,1.0,3954.0,10240.0,24.74
2026/04/05 19:21:37.537,1.0,3954.0,10240.0,24.55
2026/04/05 19:21:38.592,0.0,3954.0,10240.0,24.69
2026/04/05 19:21:39.644,1.0,3954.0,10240.0,24.79
2026/04/05 19:21:40.694,1.0,3954.0,10240.0,24.58
2026/04/05 19:21:41.751,4.0,3954.0,10240.0,24.76
2026/04/05 19:21:42.802,4.0,3954.0,10240.0,25.07
2026/04/05 19:21:43.853,5.0,3957.0,10240.0,26.71
2026/04/05 19:21:44.900,1.0,3957.0,10240.0,25.29
2026/04/05 19:21:45.952,3.0,3957.0,10240.0,24.84
2026/04/05 19:21:46.999,4.0,3953.0,10240.0,24.52
2026/04/05 19:21:48.051,4.0,3953.0,10240.0,24.36
2026/04/05 19:21:49.102,4.0,3953.0,10240.0,24.58
2026/04/05 19:21:50.151,0.0,3953.0,10240.0,24.5
2026/04/05 19:21:51.200,0.0,3953.0,10240.0,24.9
2026/04/05 19:21:52.254,2.0,3953.0,10240.0,24.99
2026/04/05 19:21:53.306,1.0,3953.0,10240.0,24.77
2026/04/05 19:21:54.356,0.0,3953.0,10240.0,24.64
2026/04/05 19:21:55.405,1.0,3953.0,10240.0,24.56
2026/04/05 19:21:56.458,1.0,3953.0,10240.0,24.67
2026/04/05 19:21:57.514,0.0,3953.0,10240.0,24.66
2026/04/05 19:21:58.563,1.0,3953.0,10240.0,24.88
2026/04/05 19:21:59.611,1.0,3953.0,10240.0,24.89
2026/04/05 19:22:00.660,1.0,3953.0,10240.0,24.96
2026/04/05 19:22:01.709,0.0,3953.0,10240.0,24.6
2026/04/05 19:22:02.759,0.0,3953.0,10240.0,24.51
2026/04/05 19:22:03.809,0.0,3953.0,10240.0,24.71
2026/04/05 19:22:04.863,0.0,3953.0,10240.0,24.42
2026/04/05 19:22:05.916,0.0,3953.0,10240.0,25.18
2026/04/05 19:22:06.968,4.0,3953.0,10240.0,24.9
2026/04/05 19:22:08.023,4.0,3953.0,10240.0,24.88
2026/04/05 19:22:09.075,4.0,3953.0,10240.0,25.08
2026/04/05 19:22:10.128,5.0,3953.0,10240.0,24.6
2026/04/05 19:22:11.178,0.0,3953.0,10240.0,24.65
2026/04/05 19:22:12.230,2.0,3953.0,10240.0,24.8
2026/04/05 19:22:13.278,2.0,3954.0,10240.0,24.83
2026/04/05 19:22:14.328,0.0,3954.0,10240.0,24.59
2026/04/05 19:22:15.377,1.0,3954.0,10240.0,24.59
2026/04/05 19:22:16.424,4.0,3958.0,10240.0,25.1
2026/04/05 19:22:17.472,3.0,3958.0,10240.0,26.55
2026/04/05 19:22:18.520,0.0,3958.0,10240.0,24.48
2026/04/05 19:22:19.573,0.0,3958.0,10240.0,24.5
2026/04/05 19:22:20.620,0.0,3954.0,10240.0,24.95
2026/04/05 19:22:21.669,0.0,3954.0,10240.0,24.85
2026/04/05 19:22:22.721,0.0,3954.0,10240.0,24.82
2026/04/05 19:22:23.773,0.0,3954.0,10240.0,24.78
2026/04/05 19:22:24.826,0.0,3954.0,10240.0,24.61
2026/04/05 19:22:25.877,2.0,3954.0,10240.0,24.51
2026/04/05 19:22:26.931,1.0,3954.0,10240.0,24.5
2026/04/05 19:22:27.986,1.0,3954.0,10240.0,24.85
2026/04/05 19:22:29.038,1.0,3954.0,10240.0,24.86
2026/04/05 19:22:30.088,1.0,3955.0,10240.0,24.67
2026/04/05 19:22:31.139,5.0,3955.0,10240.0,24.67
2026/04/05 19:22:32.188,5.0,3955.0,10240.0,24.61
2026/04/05 19:22:33.238,4.0,3955.0,10240.0,24.3
2026/04/05 19:22:34.286,4.0,3955.0,10240.0,24.48
2026/04/05 19:22:35.334,0.0,3955.0,10240.0,24.73
2026/04/05 19:22:36.384,0.0,3955.0,10240.0,24.84
2026/04/05 19:22:37.433,0.0,3955.0,10240.0,24.59
2026/04/05 19:22:38.484,0.0,3955.0,10240.0,24.56
2026/04/05 19:22:39.534,0.0,3955.0,10240.0,24.66
2026/04/05 19:22:40.583,0.0,3955.0,10240.0,24.32
2026/04/05 19:22:41.639,1.0,3955.0,10240.0,24.69
2026/04/05 19:22:42.689,1.0,3955.0,10240.0,24.74
2026/04/05 19:22:43.741,0.0,3955.0,10240.0,24.61
2026/04/05 19:22:44.790,2.0,3962.0,10240.0,24.83
2026/04/05 19:22:45.839,1.0,3961.0,10240.0,24.83
2026/04/05 19:22:46.887,0.0,3961.0,10240.0,24.51
2026/04/05 19:22:47.935,2.0,3961.0,10240.0,24.41
2026/04/05 19:22:48.984,0.0,3961.0,10240.0,24.67
2026/04/05 19:22:50.036,0.0,3961.0,10240.0,24.57
2026/04/05 19:22:51.086,4.0,3965.0,10240.0,26.02
2026/04/05 19:22:52.143,3.0,3965.0,10240.0,25.77
2026/04/05 19:22:53.191,3.0,3965.0,10240.0,25.05
2026/04/05 19:22:54.239,2.0,3961.0,10240.0,24.78
2026/04/05 19:22:55.286,1.0,3961.0,10240.0,24.33
2026/04/05 19:22:56.338,2.0,3961.0,10240.0,24.76
2026/04/05 19:22:57.389,4.0,3961.0,10240.0,24.51
2026/04/05 19:22:58.440,5.0,3961.0,10240.0,24.74
2026/04/05 19:22:59.492,5.0,3961.0,10240.0,24.72
2026/04/05 19:23:00.543,2.0,3961.0,10240.0,24.69
2026/04/05 19:23:01.596,1.0,3961.0,10240.0,24.64
2026/04/05 19:23:02.648,0.0,3961.0,10240.0,24.32
2026/04/05 19:23:03.707,0.0,3961.0,10240.0,24.54
2026/04/05 19:23:04.761,1.0,3961.0,10240.0,24.65
2026/04/05 19:23:05.813,0.0,3961.0,10240.0,24.77
2026/04/05 19:23:06.865,0.0,3961.0,10240.0,24.82
2026/04/05 19:23:07.918,0.0,3961.0,10240.0,24.62
2026/04/05 19:23:08.971,0.0,3961.0,10240.0,24.77
2026/04/05 19:23:10.024,0.0,3961.0,10240.0,24.49
2026/04/05 19:23:11.076,0.0,3961.0,10240.0,24.49
2026/04/05 19:23:12.130,0.0,3961.0,10240.0,24.69
2026/04/05 19:23:13.186,0.0,3961.0,10240.0,24.73
2026/04/05 19:23:14.243,1.0,3961.0,10240.0,24.93
2026/04/05 19:23:15.299,1.0,3961.0,10240.0,24.75
2026/04/05 19:23:16.356,6.0,3961.0,10240.0,24.87
2026/04/05 19:23:17.410,5.0,3961.0,10240.0,24.64
2026/04/05 19:23:18.463,5.0,3961.0,10240.0,24.48
2026/04/05 19:23:19.516,4.0,3961.0,10240.0,24.49
2026/04/05 19:23:20.566,1.0,3961.0,10240.0,24.58
2026/04/05 19:23:21.615,1.0,3961.0,10240.0,25.01
2026/04/05 19:23:22.665,0.0,3961.0,10240.0,24.88
2026/04/05 19:23:23.715,4.0,3968.0,10240.0,25.07
2026/04/05 19:23:24.769,3.0,3965.0,10240.0,26.39
2026/04/05 19:23:25.818,0.0,3965.0,10240.0,24.54
2026/04/05 19:23:26.867,0.0,3965.0,10240.0,24.74
2026/04/05 19:23:27.919,0.0,3961.0,10240.0,24.8
2026/04/05 19:23:28.971,0.0,3961.0,10240.0,24.59
2026/04/05 19:23:30.023,1.0,3961.0,10240.0,24.53
2026/04/05 19:23:31.081,1.0,3961.0,10240.0,24.46
2026/04/05 19:23:32.139,1.0,3961.0,10240.0,24.25
2026/04/05 19:23:33.195,1.0,3961.0,10240.0,24.4
2026/04/05 19:23:34.248,0.0,3961.0,10240.0,24.37
2026/04/05 19:23:35.309,0.0,3961.0,10240.0,24.68
2026/04/05 19:23:36.361,2.0,3961.0,10240.0,24.75
2026/04/05 19:23:37.416,0.0,3961.0,10240.0,25.26
2026/04/05 19:23:38.468,0.0,3961.0,10240.0,24.66
2026/04/05 19:23:39.521,4.0,3957.0,10240.0,24.93
2026/04/05 19:23:40.571,4.0,3957.0,10240.0,24.73
2026/04/05 19:23:41.625,4.0,3969.0,10240.0,25.29
2026/04/05 19:23:42.679,5.0,3969.0,10240.0,24.95
2026/04/05 19:23:43.736,0.0,3970.0,10240.0,24.75
2026/04/05 19:23:44.796,0.0,3968.0,10240.0,24.85
2026/04/05 19:23:45.849,1.0,3968.0,10240.0,24.79
2026/04/05 19:23:46.902,2.0,3968.0,10240.0,24.79
2026/04/05 19:23:47.953,0.0,3968.0,10240.0,24.66
2026/04/05 19:23:49.006,1.0,3968.0,10240.0,24.69
2026/04/05 19:23:50.059,1.0,3968.0,10240.0,24.98
2026/04/05 19:23:51.108,0.0,3970.0,10240.0,25.03
2026/04/05 19:23:52.158,1.0,3970.0,10240.0,24.97
2026/04/05 19:23:53.209,1.0,3970.0,10240.0,24.78
2026/04/05 19:23:54.262,0.0,3970.0,10240.0,24.68
2026/04/05 19:23:55.320,1.0,3970.0,10240.0,24.61
2026/04/05 19:23:56.370,0.0,3970.0,10240.0,24.8
2026/04/05 19:23:57.421,1.0,3970.0,10240.0,25.23
2026/04/05 19:23:58.470,0.0,3970.0,10240.0,24.93
2026/04/05 19:23:59.519,5.0,3970.0,10240.0,25.01
2026/04/05 19:24:00.567,8.0,3974.0,10240.0,26.82
2026/04/05 19:24:01.614,4.0,3974.0,10240.0,24.73
2026/04/05 19:24:02.661,5.0,3974.0,10240.0,24.93
2026/04/05 19:24:03.709,2.0,3970.0,10240.0,24.58
2026/04/05 19:24:04.758,3.0,3970.0,10240.0,24.65
2026/04/05 19:24:05.808,5.0,3971.0,10240.0,24.62
2026/04/05 19:24:06.856,5.0,3971.0,10240.0,24.76
2026/04/05 19:24:07.908,1.0,3971.0,10240.0,24.99
2026/04/05 19:24:08.963,1.0,3971.0,10240.0,24.91
2026/04/05 19:24:10.021,0.0,3971.0,10240.0,24.58
2026/04/05 19:24:11.079,0.0,3971.0,10240.0,24.94
2026/04/05 19:24:12.131,1.0,3971.0,10240.0,24.82
2026/04/05 19:24:13.187,0.0,3971.0,10240.0,24.78
2026/04/05 19:24:14.239,0.0,3971.0,10240.0,24.76
2026/04/05 19:24:15.288,0.0,3971.0,10240.0,24.73
2026/04/05 19:24:16.335,0.0,3971.0,10240.0,24.61
2026/04/05 19:24:17.386,0.0,3971.0,10240.0,24.44
2026/04/05 19:24:18.434,0.0,3971.0,10240.0,24.52
2026/04/05 19:24:19.483,1.0,3971.0,10240.0,24.75
2026/04/05 19:24:20.534,0.0,3971.0,10240.0,24.67
2026/04/05 19:24:21.587,1.0,3971.0,10240.0,24.54
2026/04/05 19:24:22.637,2.0,3971.0,10240.0,24.72
2026/04/05 19:24:23.687,0.0,3971.0,10240.0,24.72
2026/04/05 19:24:24.737,5.0,3971.0,10240.0,24.17
2026/04/05 19:24:25.789,5.0,3971.0,10240.0,24.4
2026/04/05 19:24:26.838,4.0,3971.0,10240.0,24.48
2026/04/05 19:24:27.889,4.0,3971.0,10240.0,24.5
2026/04/05 19:24:28.944,0.0,3971.0,10240.0,24.38
2026/04/05 19:24:29.995,0.0,3971.0,10240.0,24.53
2026/04/05 19:24:31.045,0.0,3971.0,10240.0,24.2
2026/04/05 19:24:32.089,0.0,3971.0,10240.0,24.33
2026/04/05 19:24:33.135,4.0,3979.0,10240.0,25.11
2026/04/05 19:24:34.183,3.0,3975.0,10240.0,26.45
2026/04/05 19:24:35.230,1.0,3975.0,10240.0,24.56
2026/04/05 19:24:36.276,1.0,3971.0,10240.0,24.77
2026/04/05 19:24:37.324,1.0,3971.0,10240.0,25.13
2026/04/05 19:24:38.372,1.0,3960.0,10240.0,24.78
2026/04/05 19:24:39.422,1.0,3959.0,10240.0,24.72
2026/04/05 19:24:40.480,0.0,3959.0,10240.0,24.36
2026/04/05 19:24:41.532,1.0,3959.0,10240.0,24.5
2026/04/05 19:24:42.582,0.0,3959.0,10240.0,24.48
2026/04/05 19:24:43.636,0.0,3959.0,10240.0,24.48
2026/04/05 19:24:44.691,0.0,3959.0,10240.0,24.59
2026/04/05 19:24:45.745,2.0,3959.0,10240.0,24.65
2026/04/05 19:24:46.795,1.0,3959.0,10240.0,24.37
2026/04/05 19:24:47.847,1.0,3959.0,10240.0,24.62
2026/04/05 19:24:48.899,4.0,3959.0,10240.0,24.6
2026/04/05 19:24:49.950,4.0,3959.0,10240.0,24.66
2026/04/05 19:24:50.999,5.0,3959.0,10240.0,24.54
2026/04/05 19:24:52.052,5.0,3959.0,10240.0,24.64
2026/04/05 19:24:53.104,0.0,3959.0,10240.0,24.71
2026/04/05 19:24:54.157,9.0,3957.0,10240.0,25.15
2026/04/05 19:24:55.211,1.0,3957.0,10240.0,24.25
2026/04/05 19:24:56.263,0.0,3957.0,10240.0,24.55
2026/04/05 19:24:57.313,1.0,3957.0,10240.0,24.59
2026/04/05 19:24:58.366,0.0,3957.0,10240.0,24.73
2026/04/05 19:24:59.413,0.0,3957.0,10240.0,24.48
2026/04/05 19:25:00.466,1.0,3957.0,10240.0,24.55
2026/04/05 19:25:01.521,0.0,3957.0,10240.0,24.28
2026/04/05 19:25:02.573,1.0,3957.0,10240.0,24.86
2026/04/05 19:25:03.623,0.0,3956.0,10240.0,24.8
2026/04/05 19:25:04.672,0.0,3956.0,10240.0,24.77
2026/04/05 19:25:05.721,0.0,3956.0,10240.0,24.74
2026/04/05 19:25:06.772,0.0,3956.0,10240.0,24.83
2026/04/05 19:25:07.828,1.0,3956.0,10240.0,24.72
2026/04/05 19:25:08.886,6.0,3960.0,10240.0,26.58
2026/04/05 19:25:09.938,2.0,3960.0,10240.0,25.24
2026/04/05 19:25:10.987,3.0,3954.0,10240.0,24.92
2026/04/05 19:25:12.042,1.0,3954.0,10240.0,24.69
2026/04/05 19:25:13.095,6.0,3954.0,10240.0,24.65
2026/04/05 19:25:14.152,5.0,3954.0,10240.0,24.47
2026/04/05 19:25:15.214,4.0,3954.0,10240.0,24.47
2026/04/05 19:25:16.270,4.0,3954.0,10240.0,24.48
2026/04/05 19:25:17.333,0.0,3954.0,10240.0,24.56
2026/04/05 19:25:18.388,0.0,3953.0,10240.0,24.72
2026/04/05 19:25:19.439,0.0,3953.0,10240.0,24.57
2026/04/05 19:25:20.489,0.0,3953.0,10240.0,24.72
2026/04/05 19:25:21.541,0.0,3953.0,10240.0,24.67
2026/04/05 19:25:22.596,0.0,3953.0,10240.0,24.62
2026/04/05 19:25:23.644,1.0,3953.0,10240.0,24.56
2026/04/05 19:25:24.697,0.0,3953.0,10240.0,24.29
2026/04/05 19:25:25.748,0.0,3953.0,10240.0,24.8
2026/04/05 19:25:26.798,1.0,3953.0,10240.0,24.59
2026/04/05 19:25:27.849,2.0,3953.0,10240.0,24.74
2026/04/05 19:25:28.905,1.0,3953.0,10240.0,24.64
2026/04/05 19:25:29.958,1.0,3951.0,10240.0,24.94
2026/04/05 19:25:31.009,1.0,3951.0,10240.0,24.59
2026/04/05 19:25:32.060,0.0,3949.0,10240.0,24.67
2026/04/05 19:25:33.109,6.0,3950.0,10240.0,25.18
2026/04/05 19:25:34.162,4.0,3950.0,10240.0,24.98
2026/04/05 19:25:35.210,7.0,3964.0,10240.0,24.63
2026/04/05 19:25:36.258,4.0,3964.0,10240.0,24.6
2026/04/05 19:25:37.303,0.0,3964.0,10240.0,24.93
2026/04/05 19:25:38.349,1.0,3964.0,10240.0,24.82
2026/04/05 19:25:39.394,1.0,3964.0,10240.0,24.73
2026/04/05 19:25:40.438,4.0,3964.0,10240.0,24.65
2026/04/05 19:25:41.482,0.0,3964.0,10240.0,24.81
2026/04/05 19:25:42.535,5.0,3968.0,10240.0,25.06
2026/04/05 19:25:43.586,5.0,3970.0,10240.0,26.95
