scenario,pd_mult,lgd_mult,ead_mult,discount_rate,n_loans,stage1_n,stage2_n,stage3_n,stage1_share,stage2_share,stage3_share,total_ecl,avg_ecl,total_ecl_low,total_ecl_point,total_ecl_high,total_ecl_range,pd_orig_source,dpd_source,lifetime_pd_source
baseline,1.0,1.0,1.0,0.05,276869,81260,133358,62251,0.29349620217503586,0.4816646139510021,0.22483918387396207,1010417398.085331,3649.442148038715,792698.3065263873,431252314.3003069,1453618118.0178623,1452825419.711336,train_vintage_grade_issue_quarter,loan_status_and_delinquency_features,grade_lifetime_pd_table_scaled
mild_stress,1.15,1.05,1.02,0.06,276869,44321,170297,62251,0.16007931548855234,0.6150815006374856,0.22483918387396207,1246130168.967463,4500.793403983339,976326.869233225,531151912.90797293,1620629226.5577116,1619652899.6884785,train_vintage_grade_issue_quarter,loan_status_and_delinquency_features,grade_lifetime_pd_table_scaled
adverse,1.3,1.12,1.05,0.07,276869,19890,194728,62251,0.07183902856585606,0.7033217875601819,0.22483918387396207,1512799807.239998,5463.955181836891,1211877.171017541,659298538.1023092,1807778145.779987,1806566268.6089694,train_vintage_grade_issue_quarter,loan_status_and_delinquency_features,grade_lifetime_pd_table_scaled
severe,1.55,1.2,1.1,0.08,276869,5336,209282,62251,0.019272652409623323,0.7558881637164147,0.22483918387396207,1850841854.7033587,6684.900999040552,1621860.7351529887,882342235.0584279,2061420174.180973,2059798313.44582,train_vintage_grade_issue_quarter,loan_status_and_delinquency_features,grade_lifetime_pd_table_scaled
