group,n,coverage_90,avg_width_90,median_width_90,coverage_95,avg_width_95,median_width_95,coverage_before,coverage_after,multiplier,adjusted
A,72388,0.8579322539647455,0.19073736152156512,0.18521672987951893,0.9444797480245345,0.8878980475607497,0.895478374353724,0.9009172234175065,0.9009172234175065,1.0,False
B,75311,0.8981954827316063,0.9180064267995179,0.9396683103403822,0.9490778239566597,0.9672858316362201,1.0,0.8985197836606889,0.8985197836606889,1.0,False
C,70568,0.899685409817481,0.9529840823430069,1.0,0.9500623512073461,0.9768402862952728,1.0,0.9007469214723101,0.9007469214723101,1.0,False
D,45637,0.9106645923264018,0.9631062551683668,1.0,0.9538970572123496,0.9792063641366228,1.0,0.9044961734693877,0.9044961734693877,1.0,False
E,10828,0.8673808644255634,0.9504011627688139,1.0,0.9277798300701884,0.9641265912815093,1.0,0.8927637314734089,0.8927637314734089,1.0,False
F,1731,0.8809936452917388,0.9784252848311552,1.0,0.9376083188908145,0.9837265473370824,1.0,0.9050894085281981,0.9050894085281981,1.0,False
G,406,0.8522167487684729,0.9696642968515781,1.0,0.9088669950738916,0.9756880059801707,1.0,0.9166666666666666,0.9166666666666666,1.0,False
