variant,alpha,target_coverage,coverage,coverage_gap,avg_width,median_width,p90_width,p95_width,min_group_coverage,max_group_coverage,std_group_coverage,selected_alpha_used,selected_min_group_size,selected_scaled_scores
global_split,0.1,0.9,0.8930685631110742,0.006931436888925835,0.9486548260544406,1.0,1.0,1.0,0.559214326978625,0.9633828364131051,0.16933134054895116,,,
mondrian_scaled,0.1,0.9,0.8886585352639697,0.011341464736030371,0.7459444150674017,0.9318830055778546,1.0,1.0,0.8497536945812808,0.9101167912001227,0.02128230443671424,,,
mondrian_selected_cfg,0.1,0.9,0.8886585352639697,0.011341464736030371,0.7459444150674017,0.9318830055778546,1.0,1.0,0.8497536945812808,0.9101167912001227,0.02128230443671424,0.1,200.0,True
mondrian_unscaled,0.1,0.9,0.8886585352639697,0.011341464736030371,0.7768864340150022,0.9717398315602284,1.0,1.0,0.8497536945812808,0.9101167912001227,0.02128230443671424,,,
