policy_id,regime_v192,added_loan_id_v192,dropped_loan_id_v192,added_loan_amount_v192,dropped_loan_amount_v192,added_mean_return_v192,dropped_mean_return_v192,return_delta_v192,objective_return_after_swap_v192,exposure_after_swap_v192,budget_swap_feasible_v192,source_swap_feasible_v192,source_min_slack_after_swap_v192,max_source_share_after_swap_v192,source_cap_violations_after_swap_v192,first_source_block_family_v192,first_source_block_id_v192,loss_mean_after_swap_v192,cvar90_after_swap_v192,cvar_swap_feasible_v192,one_swap_improves_return_v192,integer_screen_scope_v192,claim_boundary_v192,added_grade_v192,dropped_grade_v192,added_score_decile_v192,dropped_score_decile_v192,added_income_band_v192,dropped_income_band_v192,added_dti_band_v192,dropped_dti_band_v192,added_period_v192,dropped_period_v192,added_state_top20_v192,dropped_state_top20_v192
v63_source_repair_return_guarded_repair,incumbent_cvar_relaxed_source_lp,130791260,126658319,2900.0,2500.0,69.4776485933445,65.23175886099214,4.245889732352353,1990.0746746664302,842900.0,True,True,3.842220711736122e-05,0.8991576699489856,0,,,61456.7442677636,96318.2776134624,True,True,post_v191_one_drop_one_add_whole_loan_swap,post-v191 one-swap pricing only; not multi-swap or global proof,A,A,0,0,3,2,0,0,2018,2018,NY,PA
v63_source_repair_return_guarded_repair,incumbent_cvar_relaxed_source_lp,129916061,126733849,1000.0,1000.0,-160.93230437909457,-186.9469746106631,26.014670231568516,2011.8434551656462,842500.0,True,True,0.00010816869840624133,0.8991097922848664,0,,,61401.25243969932,96264.3858230109,True,True,post_v191_one_drop_one_add_whole_loan_swap,post-v191 one-swap pricing only; not multi-swap or global proof,B,B,0,0,2,4,1,3,2018,2018,FL,NJ
v63_source_repair_return_guarded_repair,incumbent_cvar_relaxed_source_lp,129916061,126468092,1000.0,1000.0,-160.93230437909457,-169.50590883596908,8.573604456874506,1994.4023893909523,842500.0,True,True,0.00010816869840624133,0.8991097922848664,0,,,61424.15666225671,96295.6192249836,True,True,post_v191_one_drop_one_add_whole_loan_swap,post-v191 one-swap pricing only; not multi-swap or global proof,B,B,0,0,2,1,1,2,2018,2018,FL,other
v63_source_repair_return_guarded_repair,incumbent_cvar_relaxed_source_lp,129248891,126733849,1000.0,1000.0,-173.9967844806681,-186.9469746106631,12.95019012999498,1998.7789750640727,842500.0,True,True,0.00010816869840624133,0.8991097922848664,0,,,61424.685804842855,96298.13791726323,True,True,post_v191_one_drop_one_add_whole_loan_swap,post-v191 one-swap pricing only; not multi-swap or global proof,B,B,0,0,0,4,0,3,2018,2018,NJ,NJ
v63_source_repair_return_guarded_repair,incumbent_cvar_relaxed_source_lp,129439138,126733849,1000.0,1000.0,-183.79678448066824,-186.9469746106631,3.1501901299948543,1988.9789750640725,842500.0,True,True,0.00010816869840624133,0.8991097922848664,0,,,61424.685804842855,96298.13791726323,True,True,post_v191_one_drop_one_add_whole_loan_swap,post-v191 one-swap pricing only; not multi-swap or global proof,B,B,0,0,4,4,3,3,2018,2018,TX,NJ
v63_source_repair_return_guarded_repair,incumbent_cvar_relaxed_source_lp,129383512,127672145,1000.0,1000.0,-185.03707750315334,-196.20083323856994,11.1637557354166,1996.9925406694942,842500.0,True,True,0.00010816869840624133,0.8991097922848664,0,,,61519.927926933626,96423.84179718108,True,True,post_v191_one_drop_one_add_whole_loan_swap,post-v191 one-swap pricing only; not multi-swap or global proof,D,C,2,1,2,0,0,2,2018,2018,TX,other
v63_source_repair_return_guarded_repair,incumbent_cvar_relaxed_source_lp,129383512,126820122,1000.0,1000.0,-185.03707750315334,-201.89545162414464,16.8583741209913,2002.687159055069,842500.0,True,True,0.00010816869840624133,0.8991097922848664,0,,,61479.34588797171,96375.47128282237,True,True,post_v191_one_drop_one_add_whole_loan_swap,post-v191 one-swap pricing only; not multi-swap or global proof,D,C,2,1,2,0,0,1,2018,2018,TX,other
v63_source_repair_return_guarded_repair,incumbent_cvar_relaxed_source_lp,129383512,126733849,1000.0,1000.0,-185.03707750315334,-186.9469746106631,1.9098971075097495,1987.7386820415875,842500.0,True,True,0.00010816869840624133,0.8979228486646884,0,,,61551.03534195831,96468.21211606635,True,True,post_v191_one_drop_one_add_whole_loan_swap,post-v191 one-swap pricing only; not multi-swap or global proof,D,B,2,0,2,4,0,3,2018,2018,TX,NJ
v63_source_repair_return_guarded_repair,incumbent_cvar_relaxed_source_lp,129383512,126419064,1000.0,1000.0,-185.03707750315334,-198.85427993768698,13.817202434533641,1999.6459873686113,842500.0,True,True,0.00010816869840624133,0.8991097922848664,0,,,61452.73936454134,96332.80287676172,True,True,post_v191_one_drop_one_add_whole_loan_swap,post-v191 one-swap pricing only; not multi-swap or global proof,D,D,2,2,2,4,0,1,2018,2018,TX,other
v63_source_repair_return_guarded_repair,incumbent_cvar_relaxed_source_lp,129082051,148096150,1500.0,1000.0,27.50472791272188,27.38487574759364,0.11985216512823982,1985.948637099206,843000.0,True,True,2.099592630155911e-05,0.8991696322657177,0,,,61454.01413239192,96298.38605108202,True,True,post_v191_one_drop_one_add_whole_loan_swap,post-v191 one-swap pricing only; not multi-swap or global proof,A,A,0,0,2,4,1,0,2018,2019,other,MA
v63_source_repair_return_guarded_repair,incumbent_cvar_relaxed_source_lp,128561503,127672145,1000.0,1000.0,-183.30232614833292,-196.20083323856994,12.898507090237018,1998.7272920243147,842500.0,True,True,0.00010816869840624133,0.8991097922848664,0,,,61479.5233024038,96373.54694906755,True,True,post_v191_one_drop_one_add_whole_loan_swap,post-v191 one-swap pricing only; not multi-swap or global proof,D,C,1,1,4,0,1,2,2018,2018,other,other
v63_source_repair_return_guarded_repair,incumbent_cvar_relaxed_source_lp,128561503,126820122,1000.0,1000.0,-183.30232614833292,-201.89545162414464,18.593125475811718,2004.4219104098895,842500.0,True,True,0.00010816869840624133,0.8991097922848664,0,,,61438.94126344189,96325.17643470883,True,True,post_v191_one_drop_one_add_whole_loan_swap,post-v191 one-swap pricing only; not multi-swap or global proof,D,C,1,1,4,0,1,1,2018,2018,other,other
v63_source_repair_return_guarded_repair,incumbent_cvar_relaxed_source_lp,128561503,126733849,1000.0,1000.0,-183.30232614833292,-186.9469746106631,3.644648462330167,1989.473433396408,842500.0,True,True,0.00010816869840624133,0.8979228486646884,0,,,61510.63071742849,96417.91726795281,True,True,post_v191_one_drop_one_add_whole_loan_swap,post-v191 one-swap pricing only; not multi-swap or global proof,D,B,1,0,4,4,1,3,2018,2018,other,NJ
v63_source_repair_return_guarded_repair,incumbent_cvar_relaxed_source_lp,128561503,126419064,1000.0,1000.0,-183.30232614833292,-198.85427993768698,15.551953789354059,2001.3807387234317,842500.0,True,True,0.00010816869840624133,0.8991097922848664,0,,,61412.33474001152,96282.50802864817,True,True,post_v191_one_drop_one_add_whole_loan_swap,post-v191 one-swap pricing only; not multi-swap or global proof,D,D,1,2,4,4,1,1,2018,2018,other,other
v63_source_repair_return_guarded_repair,incumbent_cvar_relaxed_source_lp,128561503,156823754,1000.0,1000.0,-183.30232614833292,-183.46022770133698,0.15790155300405218,1985.9866864870817,842500.0,True,True,0.00010816869840624133,0.8991097922848664,0,,,61412.74801987764,96205.09433112427,True,True,post_v191_one_drop_one_add_whole_loan_swap,post-v191 one-swap pricing only; not multi-swap or global proof,D,D,1,2,4,3,1,1,2018,2019,other,CA
v63_source_repair_return_guarded_repair,incumbent_cvar_relaxed_source_lp,127184845,127672145,1000.0,1000.0,-189.0370775031534,-196.20083323856994,7.163755735416544,1992.9925406694942,842500.0,True,True,0.00010816869840624133,0.8991097922848664,0,,,61519.927926933626,96423.84179718108,True,True,post_v191_one_drop_one_add_whole_loan_swap,post-v191 one-swap pricing only; not multi-swap or global proof,D,C,2,1,1,0,0,2,2018,2018,TX,other
v63_source_repair_return_guarded_repair,incumbent_cvar_relaxed_source_lp,127184845,126820122,1000.0,1000.0,-189.0370775031534,-201.89545162414464,12.858374120991243,1998.687159055069,842500.0,True,True,0.00010816869840624133,0.8991097922848664,0,,,61479.34588797171,96375.47128282237,True,True,post_v191_one_drop_one_add_whole_loan_swap,post-v191 one-swap pricing only; not multi-swap or global proof,D,C,2,1,1,0,0,1,2018,2018,TX,other
v63_source_repair_return_guarded_repair,incumbent_cvar_relaxed_source_lp,127184845,126419064,1000.0,1000.0,-189.0370775031534,-198.85427993768698,9.817202434533584,1995.6459873686113,842500.0,True,True,0.00010816869840624133,0.8991097922848664,0,,,61452.73936454134,96332.80287676172,True,True,post_v191_one_drop_one_add_whole_loan_swap,post-v191 one-swap pricing only; not multi-swap or global proof,D,D,2,2,1,4,0,1,2018,2018,TX,other
v63_source_repair_return_guarded_repair,incumbent_cvar_relaxed_source_lp,127561240,127392982,2400.0,2500.0,-377.12004425302564,-393.1671599090251,16.04711565599945,2001.8759005900772,842400.0,True,True,6.907218559226713e-06,0.8990978157644824,0,,,61412.11555882849,96241.05455434138,True,True,post_v191_one_drop_one_add_whole_loan_swap,post-v191 one-swap pricing only; not multi-swap or global proof,B,B,0,0,3,1,0,3,2018,2018,NY,CA
v63_source_repair_return_guarded_repair,incumbent_cvar_relaxed_source_lp,134743532,126820122,1000.0,1000.0,-201.5151503808579,-201.89545162414464,0.38030124328673764,1986.2090861773645,842500.0,True,True,0.00010816869840624133,0.8991097922848664,0,,,61417.265240277644,96300.49422165632,True,True,post_v191_one_drop_one_add_whole_loan_swap,post-v191 one-swap pricing only; not multi-swap or global proof,C,C,1,1,1,0,2,1,2018,2018,other,other
v63_source_repair_return_guarded_repair,incumbent_cvar_relaxed_source_lp,135864433,148096150,1500.0,1000.0,33.03154023126002,27.38487574759364,5.6466644836663775,1991.4754494177441,843000.0,True,True,2.099592630155911e-05,0.8991696322657177,0,,,61460.03460612786,96311.03584283343,True,True,post_v191_one_drop_one_add_whole_loan_swap,post-v191 one-swap pricing only; not multi-swap or global proof,A,A,0,0,2,4,0,0,2018,2019,AZ,MA
v63_source_repair_return_guarded_repair,incumbent_cvar_relaxed_source_lp,135864433,139657464,1500.0,1200.0,33.03154023126002,32.614459804893464,0.41708042636655307,1986.2458653604442,842800.0,True,True,5.5852623263241696e-05,0.8991457047935453,0,,,61443.0104145293,96283.77001682862,True,True,post_v191_one_drop_one_add_whole_loan_swap,post-v191 one-swap pricing only; not multi-swap or global proof,A,A,0,0,2,4,0,0,2018,2018,AZ,OH
v63_source_repair_return_guarded_repair,incumbent_cvar_relaxed_source_lp,135434670,126733849,1000.0,1000.0,-169.9123147501927,-186.9469746106631,17.034659860470384,2002.863444794548,842500.0,True,True,0.00010816869840624133,0.8991097922848664,0,,,61421.97757258721,96301.38248997522,True,True,post_v191_one_drop_one_add_whole_loan_swap,post-v191 one-swap pricing only; not multi-swap or global proof,B,B,0,0,2,4,0,3,2018,2018,CA,NJ
v63_source_repair_return_guarded_repair,incumbent_cvar_relaxed_source_lp,134226742,126733849,1000.0,1000.0,-175.77909796159472,-186.9469746106631,11.167876649068376,1996.996661583146,842500.0,True,True,0.00010816869840624133,0.8991097922848664,0,,,61422.98123263665,96316.80854464485,True,True,post_v191_one_drop_one_add_whole_loan_swap,post-v191 one-swap pricing only; not multi-swap or global proof,B,B,0,0,2,4,2,3,2018,2018,PA,NJ
v63_source_repair_return_guarded_repair,incumbent_cvar_relaxed_source_lp,134420497,126733849,1000.0,1000.0,-145.73547946423722,-186.9469746106631,41.211495146425875,2027.0402800805036,842500.0,True,True,0.00010816869840624133,0.8991097922848664,0,,,61431.962518297936,96332.15744864977,True,True,post_v191_one_drop_one_add_whole_loan_swap,post-v191 one-swap pricing only; not multi-swap or global proof,C,B,0,0,4,4,2,3,2018,2018,MD,NJ
v63_source_repair_return_guarded_repair,incumbent_cvar_relaxed_source_lp,134420497,126468092,1000.0,1000.0,-145.73547946423722,-169.50590883596908,23.770429371731865,2009.5992143058095,842500.0,True,True,0.00010816869840624133,0.8991097922848664,0,,,61454.86674085533,96363.3908506225,True,True,post_v191_one_drop_one_add_whole_loan_swap,post-v191 one-swap pricing only; not multi-swap or global proof,C,B,0,0,4,1,2,2,2018,2018,MD,other
v63_source_repair_return_guarded_repair,incumbent_cvar_relaxed_source_lp,133763576,126658319,3000.0,2500.0,73.31323703811194,65.23175886099214,8.081478177119791,1993.9102631111975,843000.0,True,True,2.099592630155911e-05,0.8991696322657177,0,,,61500.66757917158,96396.5859824555,True,True,post_v191_one_drop_one_add_whole_loan_swap,post-v191 one-swap pricing only; not multi-swap or global proof,A,A,0,0,3,2,0,0,2018,2018,NY,PA
v63_source_repair_return_guarded_repair,incumbent_cvar_relaxed_source_lp,134320828,126733849,1000.0,1000.0,-175.77909796159472,-186.9469746106631,11.167876649068376,1996.996661583146,842500.0,True,True,0.00010816869840624133,0.8991097922848664,0,,,61422.98123263665,96316.80854464485,True,True,post_v191_one_drop_one_add_whole_loan_swap,post-v191 one-swap pricing only; not multi-swap or global proof,B,B,0,0,0,4,0,3,2018,2018,IL,NJ
v63_source_repair_return_guarded_repair,incumbent_cvar_relaxed_source_lp,134164782,148096150,1600.0,1000.0,29.180393086993046,27.38487574759364,1.7955173393994066,1987.624302273477,843100.0,True,True,3.5737793443457733e-06,0.8991815917447515,0,,,61480.20888479886,96346.6350432156,True,True,post_v191_one_drop_one_add_whole_loan_swap,post-v191 one-swap pricing only; not multi-swap or global proof,A,A,0,0,3,4,1,0,2018,2019,other,MA
v63_source_repair_return_guarded_repair,incumbent_cvar_relaxed_source_lp,132998370,126733849,1000.0,1000.0,-172.24385736444108,-186.9469746106631,14.703117246222007,2000.5319021802998,842500.0,True,True,0.00010816869840624133,0.8991097922848664,0,,,61422.842583377176,96316.63565439574,True,True,post_v191_one_drop_one_add_whole_loan_swap,post-v191 one-swap pricing only; not multi-swap or global proof,B,B,0,0,2,4,1,3,2018,2018,MD,NJ
v63_source_repair_return_guarded_repair,incumbent_cvar_relaxed_source_lp,132826039,127672145,1000.0,1000.0,-195.24431793386313,-196.20083323856994,0.9565153047068122,1986.7853002387844,842500.0,True,True,0.00010816869840624133,0.8991097922848664,0,,,61451.86671709594,96357.29398688715,True,True,post_v191_one_drop_one_add_whole_loan_swap,post-v191 one-swap pricing only; not multi-swap or global proof,C,C,1,1,3,0,0,2,2018,2018,MD,other
v63_source_repair_return_guarded_repair,incumbent_cvar_relaxed_source_lp,132826039,126820122,1000.0,1000.0,-195.24431793386313,-201.89545162414464,6.651133690281512,1992.4799186243592,842500.0,True,True,0.00010816869840624133,0.8991097922848664,0,,,61411.28467813402,96308.92347252843,True,True,post_v191_one_drop_one_add_whole_loan_swap,post-v191 one-swap pricing only; not multi-swap or global proof,C,C,1,1,3,0,0,1,2018,2018,MD,other
v63_source_repair_return_guarded_repair,incumbent_cvar_relaxed_source_lp,132826039,126419064,1000.0,1000.0,-195.24431793386313,-198.85427993768698,3.6099620038238527,1989.4387469379017,842500.0,True,True,0.00010816869840624133,0.8991097922848664,0,,,61384.67815470365,96266.25506646781,True,True,post_v191_one_drop_one_add_whole_loan_swap,post-v191 one-swap pricing only; not multi-swap or global proof,C,D,1,2,3,4,0,1,2018,2018,MD,other
v63_source_repair_return_guarded_repair,incumbent_cvar_relaxed_source_lp,132370030,126483031,1200.0,1200.0,-197.76674388110365,-200.480236756332,2.7134928752283543,1988.5422778093061,842500.0,True,True,0.00010816869840624133,0.8991097922848664,0,,,61466.439736503526,96369.41440592169,True,True,post_v191_one_drop_one_add_whole_loan_swap,post-v191 one-swap pricing only; not multi-swap or global proof,B,B,0,0,1,2,0,0,2018,2018,NY,FL
v63_source_repair_return_guarded_repair,incumbent_cvar_relaxed_source_lp,132060006,148096150,1600.0,1000.0,31.113552469345716,27.38487574759364,3.728676721752077,1989.5574616558297,843100.0,True,True,3.5737793443457733e-06,0.8991815917447515,0,,,61442.99097432621,96283.93421837775,True,True,post_v191_one_drop_one_add_whole_loan_swap,post-v191 one-swap pricing only; not multi-swap or global proof,A,A,0,0,4,4,0,0,2018,2019,CA,MA
v63_source_repair_return_guarded_repair,incumbent_cvar_relaxed_source_lp,131574675,126733849,1000.0,1000.0,-157.0638633390644,-186.9469746106631,29.883111271598693,2015.7118962056763,842500.0,True,True,0.00010816869840624133,0.8991097922848664,0,,,61407.27970797701,96277.22323645378,True,True,post_v191_one_drop_one_add_whole_loan_swap,post-v191 one-swap pricing only; not multi-swap or global proof,B,B,0,0,4,4,0,3,2018,2018,TX,NJ
v63_source_repair_return_guarded_repair,incumbent_cvar_relaxed_source_lp,131574675,126468092,1000.0,1000.0,-157.0638633390644,-169.50590883596908,12.442045496904683,1998.2708304309824,842500.0,True,True,0.00010816869840624133,0.8991097922848664,0,,,61430.1839305344,96308.45663842649,True,True,post_v191_one_drop_one_add_whole_loan_swap,post-v191 one-swap pricing only; not multi-swap or global proof,B,B,0,0,4,1,0,2,2018,2018,TX,other
v63_source_repair_return_guarded_repair,incumbent_cvar_relaxed_source_lp,131401335,151650780,2500.0,2000.0,57.982083467949245,52.68006941227111,5.302014055678136,1991.130798989756,843000.0,True,True,2.099592630155911e-05,0.8991696322657177,0,,,61455.37357425084,96301.26137557212,True,True,post_v191_one_drop_one_add_whole_loan_swap,post-v191 one-swap pricing only; not multi-swap or global proof,A,A,0,0,3,2,0,0,2018,2019,NV,other
v63_source_repair_return_guarded_repair,incumbent_cvar_relaxed_source_lp,131167085,126733849,1000.0,1000.0,-180.50561990091967,-186.9469746106631,6.441354709743422,1992.270139643821,842500.0,True,True,0.00010816869840624133,0.8991097922848664,0,,,61431.29684995127,96312.31409646863,True,True,post_v191_one_drop_one_add_whole_loan_swap,post-v191 one-swap pricing only; not multi-swap or global proof,B,B,0,0,3,4,0,3,2018,2018,WA,NJ
v63_source_repair_return_guarded_repair,incumbent_cvar_relaxed_source_lp,140620222,127672145,1000.0,1000.0,-161.9757189883544,-196.20083323856994,34.22511425021554,2020.0538991842932,842500.0,True,True,0.00010816869840624133,0.8991097922848664,0,,,61511.288437975054,96449.9246652678,True,True,post_v191_one_drop_one_add_whole_loan_swap,post-v191 one-swap pricing only; not multi-swap or global proof,E,C,2,1,2,0,0,2,2018,2018,FL,other
v63_source_repair_return_guarded_repair,incumbent_cvar_relaxed_source_lp,140620222,126827839,1000.0,1000.0,-161.9757189883544,-175.77898463113021,13.803265642775813,1999.6320505768535,842500.0,True,True,0.00010816869840624133,0.8991097922848664,0,,,61409.18553422981,96308.13408435302,True,True,post_v191_one_drop_one_add_whole_loan_swap,post-v191 one-swap pricing only; not multi-swap or global proof,E,E,2,2,2,0,0,4,2018,2018,FL,other
v63_source_repair_return_guarded_repair,incumbent_cvar_relaxed_source_lp,140620222,126820122,1000.0,1000.0,-161.9757189883544,-201.89545162414464,39.91973263579024,2025.748517569868,842500.0,True,True,0.00010816869840624133,0.8991097922848664,0,,,61470.706399013136,96401.55415090908,True,True,post_v191_one_drop_one_add_whole_loan_swap,post-v191 one-swap pricing only; not multi-swap or global proof,E,C,2,1,2,0,0,1,2018,2018,FL,other
v63_source_repair_return_guarded_repair,incumbent_cvar_relaxed_source_lp,140620222,126733849,1000.0,1000.0,-161.9757189883544,-186.9469746106631,24.97125562230869,2010.8000405563864,842500.0,True,True,0.00010816869840624133,0.8979228486646884,0,,,61542.39585299974,96494.29498415306,True,True,post_v191_one_drop_one_add_whole_loan_swap,post-v191 one-swap pricing only; not multi-swap or global proof,E,B,2,0,2,4,0,3,2018,2018,FL,NJ
v63_source_repair_return_guarded_repair,incumbent_cvar_relaxed_source_lp,140620222,126468092,1000.0,1000.0,-161.9757189883544,-169.50590883596908,7.530189847614679,1993.3589747816923,842500.0,True,True,0.00010816869840624133,0.8979228486646884,0,,,61565.30007555713,96525.52838612578,True,True,post_v191_one_drop_one_add_whole_loan_swap,post-v191 one-swap pricing only; not multi-swap or global proof,E,B,2,0,2,1,0,2,2018,2018,FL,other
v63_source_repair_return_guarded_repair,incumbent_cvar_relaxed_source_lp,140620222,126419064,1000.0,1000.0,-161.9757189883544,-198.85427993768698,36.87856094933258,2022.7073458834102,842500.0,True,True,0.00010816869840624133,0.8991097922848664,0,,,61444.09987558277,96358.88574484843,True,True,post_v191_one_drop_one_add_whole_loan_swap,post-v191 one-swap pricing only; not multi-swap or global proof,E,D,2,2,2,4,0,1,2018,2018,FL,other
v63_source_repair_return_guarded_repair,incumbent_cvar_relaxed_source_lp,140620222,168701788,1000.0,1000.0,-161.9757189883544,-178.5860397151734,16.610320726818998,2002.4391056608968,842500.0,True,True,0.00010816869840624133,0.8991097922848664,0,,,61462.97503726697,96368.58347086547,True,True,post_v191_one_drop_one_add_whole_loan_swap,post-v191 one-swap pricing only; not multi-swap or global proof,E,C,2,1,2,3,0,1,2018,2020,FL,TX
v63_source_repair_return_guarded_repair,incumbent_cvar_relaxed_source_lp,140620222,169358871,1000.0,1000.0,-161.9757189883544,-177.86634212741987,15.890623139065468,2001.719408073143,842500.0,True,True,0.00010816869840624133,0.8991097922848664,0,,,61472.7460545997,96356.15843582565,True,True,post_v191_one_drop_one_add_whole_loan_swap,post-v191 one-swap pricing only; not multi-swap or global proof,E,C,2,1,2,3,0,0,2018,2020,FL,VA
v63_source_repair_return_guarded_repair,incumbent_cvar_relaxed_source_lp,140620222,139506195,1000.0,1000.0,-161.9757189883544,-177.67809625327766,15.702377264923257,2001.5311621990008,842500.0,True,True,0.00010816869840624133,0.8991097922848664,0,,,61446.9113745483,96302.37681070519,True,True,post_v191_one_drop_one_add_whole_loan_swap,post-v191 one-swap pricing only; not multi-swap or global proof,E,D,2,2,2,2,0,0,2018,2018,FL,CA
v63_source_repair_return_guarded_repair,incumbent_cvar_relaxed_source_lp,140620222,156823754,1000.0,1000.0,-161.9757189883544,-183.46022770133698,21.484508712982574,2007.3132936470602,842500.0,True,True,0.00010816869840624133,0.8991097922848664,0,,,61444.51315544889,96281.47204732454,True,True,post_v191_one_drop_one_add_whole_loan_swap,post-v191 one-swap pricing only; not multi-swap or global proof,E,D,2,2,2,3,0,1,2018,2019,FL,CA
v63_source_repair_return_guarded_repair,incumbent_cvar_relaxed_source_lp,140620222,156807668,1000.0,1000.0,-161.9757189883544,-175.85010442413147,13.874385435777072,1999.703170369855,842500.0,True,True,0.00010816869840624133,0.8991097922848664,0,,,61471.94664980759,96309.74840770222,True,True,post_v191_one_drop_one_add_whole_loan_swap,post-v191 one-swap pricing only; not multi-swap or global proof,E,D,2,2,2,0,0,0,2018,2019,FL,TX
v63_source_repair_return_guarded_repair,incumbent_cvar_relaxed_source_lp,141017853,127672145,1000.0,1000.0,-160.86500878453754,-196.20083323856994,35.335824454032405,2021.1646093881102,842500.0,True,True,0.00010816869840624133,0.8991097922848664,0,,,61520.02324769745,96461.41235894802,True,True,post_v191_one_drop_one_add_whole_loan_swap,post-v191 one-swap pricing only; not multi-swap or global proof,E,C,2,1,4,0,0,2,2018,2018,VA,other
v63_source_repair_return_guarded_repair,incumbent_cvar_relaxed_source_lp,141017853,126827839,1000.0,1000.0,-160.86500878453754,-175.77898463113021,14.913975846592677,2000.7427607806703,842500.0,True,True,0.00010816869840624133,0.8991097922848664,0,,,61417.920343952195,96319.62177803324,True,True,post_v191_one_drop_one_add_whole_loan_swap,post-v191 one-swap pricing only; not multi-swap or global proof,E,E,2,2,4,0,0,4,2018,2018,VA,other
v63_source_repair_return_guarded_repair,incumbent_cvar_relaxed_source_lp,141017853,126820122,1000.0,1000.0,-160.86500878453754,-201.89545162414464,41.030442839607105,2026.8592277736848,842500.0,True,True,0.00010816869840624133,0.8991097922848664,0,,,61479.44120873553,96413.0418445893,True,True,post_v191_one_drop_one_add_whole_loan_swap,post-v191 one-swap pricing only; not multi-swap or global proof,E,C,2,1,4,0,0,1,2018,2018,VA,other
v63_source_repair_return_guarded_repair,incumbent_cvar_relaxed_source_lp,141017853,126733849,1000.0,1000.0,-160.86500878453754,-186.9469746106631,26.081965826125554,2011.9107507602032,842500.0,True,True,0.00010816869840624133,0.8979228486646884,0,,,61551.130662722135,96505.78267783328,True,True,post_v191_one_drop_one_add_whole_loan_swap,post-v191 one-swap pricing only; not multi-swap or global proof,E,B,2,0,4,4,0,3,2018,2018,VA,NJ
v63_source_repair_return_guarded_repair,incumbent_cvar_relaxed_source_lp,141017853,126468092,1000.0,1000.0,-160.86500878453754,-169.50590883596908,8.640900051431544,1994.4696849855093,842500.0,True,True,0.00010816869840624133,0.8979228486646884,0,,,61574.03488527952,96537.01607980597,True,True,post_v191_one_drop_one_add_whole_loan_swap,post-v191 one-swap pricing only; not multi-swap or global proof,E,B,2,0,4,1,0,2,2018,2018,VA,other
v63_source_repair_return_guarded_repair,incumbent_cvar_relaxed_source_lp,141017853,126419064,1000.0,1000.0,-160.86500878453754,-198.85427993768698,37.989271153149446,2023.8180560872272,842500.0,True,True,0.00010816869840624133,0.8991097922848664,0,,,61452.83468530516,96370.37343852867,True,True,post_v191_one_drop_one_add_whole_loan_swap,post-v191 one-swap pricing only; not multi-swap or global proof,E,D,2,2,4,4,0,1,2018,2018,VA,other
v63_source_repair_return_guarded_repair,incumbent_cvar_relaxed_source_lp,141017853,168701788,1000.0,1000.0,-160.86500878453754,-178.5860397151734,17.721030930635862,2003.5498158647135,842500.0,True,True,0.00010816869840624133,0.8991097922848664,0,,,61471.70984698936,96380.0711645457,True,True,post_v191_one_drop_one_add_whole_loan_swap,post-v191 one-swap pricing only; not multi-swap or global proof,E,C,2,1,4,3,0,1,2018,2020,VA,TX
v63_source_repair_return_guarded_repair,incumbent_cvar_relaxed_source_lp,141017853,169358871,1000.0,1000.0,-160.86500878453754,-177.86634212741987,17.001333342882333,2002.83011827696,842500.0,True,True,0.00010816869840624133,0.8991097922848664,0,,,61481.4808643221,96367.64612950587,True,True,post_v191_one_drop_one_add_whole_loan_swap,post-v191 one-swap pricing only; not multi-swap or global proof,E,C,2,1,4,3,0,0,2018,2020,VA,VA
v63_source_repair_return_guarded_repair,incumbent_cvar_relaxed_source_lp,141017853,139506195,1000.0,1000.0,-160.86500878453754,-177.67809625327766,16.81308746874012,2002.6418724028179,842500.0,True,True,0.00010816869840624133,0.8991097922848664,0,,,61455.64618427069,96313.86450438542,True,True,post_v191_one_drop_one_add_whole_loan_swap,post-v191 one-swap pricing only; not multi-swap or global proof,E,D,2,2,4,2,0,0,2018,2018,VA,CA
v63_source_repair_return_guarded_repair,incumbent_cvar_relaxed_source_lp,141017853,156823754,1000.0,1000.0,-160.86500878453754,-183.46022770133698,22.59521891679944,2008.4240038508772,842500.0,True,True,0.00010816869840624133,0.8991097922848664,0,,,61453.24796517128,96292.95974100477,True,True,post_v191_one_drop_one_add_whole_loan_swap,post-v191 one-swap pricing only; not multi-swap or global proof,E,D,2,2,4,3,0,1,2018,2019,VA,CA
v63_source_repair_return_guarded_repair,incumbent_cvar_relaxed_source_lp,141017853,156807668,1000.0,1000.0,-160.86500878453754,-175.85010442413147,14.985095639593936,2000.8138805736717,842500.0,True,True,0.00010816869840624133,0.8991097922848664,0,,,61480.68145952999,96321.23610138244,True,True,post_v191_one_drop_one_add_whole_loan_swap,post-v191 one-swap pricing only; not multi-swap or global proof,E,D,2,2,4,0,0,0,2018,2019,VA,TX
v63_source_repair_return_guarded_repair,incumbent_cvar_relaxed_source_lp,140861718,127672145,1000.0,1000.0,-168.7891671871381,-196.20083323856994,27.411666051431837,2013.2404509855096,842500.0,True,True,0.00010816869840624133,0.8991097922848664,0,,,61463.71133615395,96375.96599743476,True,True,post_v191_one_drop_one_add_whole_loan_swap,post-v191 one-swap pricing only; not multi-swap or global proof,D,C,1,1,3,0,4,2,2018,2018,MD,other
v63_source_repair_return_guarded_repair,incumbent_cvar_relaxed_source_lp,140861718,126827839,1000.0,1000.0,-168.7891671871381,-175.77898463113021,6.989817443992109,1992.8186023780697,842500.0,True,True,0.00010816869840624133,0.8991097922848664,0,,,61361.6084324087,96234.17541652001,True,True,post_v191_one_drop_one_add_whole_loan_swap,post-v191 one-swap pricing only; not multi-swap or global proof,D,E,1,2,3,0,4,4,2018,2018,MD,other
v63_source_repair_return_guarded_repair,incumbent_cvar_relaxed_source_lp,140861718,126820122,1000.0,1000.0,-168.7891671871381,-201.89545162414464,33.106284437006536,2018.9350693710842,842500.0,True,True,0.00010816869840624133,0.8991097922848664,0,,,61423.12929719203,96327.59548307605,True,True,post_v191_one_drop_one_add_whole_loan_swap,post-v191 one-swap pricing only; not multi-swap or global proof,D,C,1,1,3,0,4,1,2018,2018,MD,other
v63_source_repair_return_guarded_repair,incumbent_cvar_relaxed_source_lp,140861718,126733849,1000.0,1000.0,-168.7891671871381,-186.9469746106631,18.157807423524986,2003.9865923576026,842500.0,True,True,0.00010816869840624133,0.8979228486646884,0,,,61494.81875117864,96420.33631632004,True,True,post_v191_one_drop_one_add_whole_loan_swap,post-v191 one-swap pricing only; not multi-swap or global proof,D,B,1,0,3,4,4,3,2018,2018,MD,NJ
v63_source_repair_return_guarded_repair,incumbent_cvar_relaxed_source_lp,140861718,126468092,1000.0,1000.0,-168.7891671871381,-169.50590883596908,0.7167416488309755,1986.5455265829087,842500.0,True,True,0.00010816869840624133,0.8979228486646884,0,,,61517.72297373602,96451.56971829271,True,True,post_v191_one_drop_one_add_whole_loan_swap,post-v191 one-swap pricing only; not multi-swap or global proof,D,B,1,0,3,1,4,2,2018,2018,MD,other
v63_source_repair_return_guarded_repair,incumbent_cvar_relaxed_source_lp,140861718,126419064,1000.0,1000.0,-168.7891671871381,-198.85427993768698,30.065112750548877,2015.8938976846266,842500.0,True,True,0.00010816869840624133,0.8991097922848664,0,,,61396.522773761666,96284.92707701541,True,True,post_v191_one_drop_one_add_whole_loan_swap,post-v191 one-swap pricing only; not multi-swap or global proof,D,D,1,2,3,4,4,1,2018,2018,MD,other
v63_source_repair_return_guarded_repair,incumbent_cvar_relaxed_source_lp,140861718,168701788,1000.0,1000.0,-168.7891671871381,-178.5860397151734,9.796872528035294,1995.625657462113,842500.0,True,True,0.00010816869840624133,0.8991097922848664,0,,,61415.39793544586,96294.62480303246,True,True,post_v191_one_drop_one_add_whole_loan_swap,post-v191 one-swap pricing only; not multi-swap or global proof,D,C,1,1,3,3,4,1,2018,2020,MD,TX
v63_source_repair_return_guarded_repair,incumbent_cvar_relaxed_source_lp,140861718,169358871,1000.0,1000.0,-168.7891671871381,-177.86634212741987,9.077174940281765,1994.9059598743595,842500.0,True,True,0.00010816869840624133,0.8991097922848664,0,,,61425.16895277859,96282.1997679926,True,True,post_v191_one_drop_one_add_whole_loan_swap,post-v191 one-swap pricing only; not multi-swap or global proof,D,C,1,1,3,3,4,0,2018,2020,MD,VA
v63_source_repair_return_guarded_repair,incumbent_cvar_relaxed_source_lp,140861718,139506195,1000.0,1000.0,-168.7891671871381,-177.67809625327766,8.888929066139553,1994.7177140002173,842500.0,True,True,0.00010816869840624133,0.8991097922848664,0,,,61399.334272727196,96228.41814287216,True,True,post_v191_one_drop_one_add_whole_loan_swap,post-v191 one-swap pricing only; not multi-swap or global proof,D,D,1,2,3,2,4,0,2018,2018,MD,CA
v63_source_repair_return_guarded_repair,incumbent_cvar_relaxed_source_lp,140861718,156823754,1000.0,1000.0,-168.7891671871381,-183.46022770133698,14.67106051419887,2000.4998454482766,842500.0,True,True,0.00010816869840624133,0.8991097922848664,0,,,61396.93605362778,96207.5133794915,True,True,post_v191_one_drop_one_add_whole_loan_swap,post-v191 one-swap pricing only; not multi-swap or global proof,D,D,1,2,3,3,4,1,2018,2019,MD,CA
v63_source_repair_return_guarded_repair,incumbent_cvar_relaxed_source_lp,140861718,156807668,1000.0,1000.0,-168.7891671871381,-175.85010442413147,7.060937236993368,1992.889722171071,842500.0,True,True,0.00010816869840624133,0.8991097922848664,0,,,61424.369547986484,96235.7897398692,True,True,post_v191_one_drop_one_add_whole_loan_swap,post-v191 one-swap pricing only; not multi-swap or global proof,D,D,1,2,3,0,4,0,2018,2019,MD,TX
v63_source_repair_return_guarded_repair,incumbent_cvar_relaxed_source_lp,140883098,127672145,1000.0,1000.0,-194.91316089378816,-196.20083323856994,1.2876723447817824,1987.1164572788596,842500.0,True,True,0.00010816869840624133,0.8991097922848664,0,,,61574.38634642468,96517.57184998231,True,True,post_v191_one_drop_one_add_whole_loan_swap,post-v191 one-swap pricing only; not multi-swap or global proof,E,C,3,1,1,0,1,2,2018,2018,NY,other
v63_source_repair_return_guarded_repair,incumbent_cvar_relaxed_source_lp,140883098,126820122,1000.0,1000.0,-194.91316089378816,-201.89545162414464,6.982290730356482,1992.8110756644342,842500.0,True,True,0.00010816869840624133,0.8991097922848664,0,,,61533.804307462764,96469.20133562361,True,True,post_v191_one_drop_one_add_whole_loan_swap,post-v191 one-swap pricing only; not multi-swap or global proof,E,C,3,1,1,0,1,1,2018,2018,NY,other
v63_source_repair_return_guarded_repair,incumbent_cvar_relaxed_source_lp,140883098,126419064,1000.0,1000.0,-194.91316089378816,-198.85427993768698,3.941119043898823,1989.7699039779766,842500.0,True,True,0.00010816869840624133,0.8991097922848664,0,,,61507.1977840324,96426.53292956296,True,True,post_v191_one_drop_one_add_whole_loan_swap,post-v191 one-swap pricing only; not multi-swap or global proof,E,D,3,2,1,4,1,1,2018,2018,NY,other
v63_source_repair_return_guarded_repair,incumbent_cvar_relaxed_source_lp,140667974,126733849,1000.0,1000.0,-184.8636831759767,-186.9469746106631,2.0832914346864015,1987.912076368764,842500.0,True,True,0.00010816869840624133,0.8991097922848664,0,,,61436.34628928479,96322.55927142959,True,True,post_v191_one_drop_one_add_whole_loan_swap,post-v191 one-swap pricing only; not multi-swap or global proof,B,B,0,0,2,4,0,3,2018,2018,VA,NJ
v63_source_repair_return_guarded_repair,incumbent_cvar_relaxed_source_lp,140618260,148096150,1350.0,1000.0,28.18626728050513,27.38487574759364,0.8013915329114916,1986.6301764669893,842850.0,True,True,4.713689818203193e-05,0.8991516877261672,0,,,61461.42113528187,96314.9214415208,True,True,post_v191_one_drop_one_add_whole_loan_swap,post-v191 one-swap pricing only; not multi-swap or global proof,A,A,0,0,4,4,0,0,2018,2019,VA,MA
v63_source_repair_return_guarded_repair,incumbent_cvar_relaxed_source_lp,140630350,168803640,2000.0,1500.0,-24.210760155487975,-30.498264963412808,6.287504807924833,1992.1162897420024,843000.0,True,True,2.099592630155911e-05,0.8985765124555161,0,,,61443.06534748933,96294.67128249723,True,True,post_v191_one_drop_one_add_whole_loan_swap,post-v191 one-swap pricing only; not multi-swap or global proof,A,A,1,1,3,3,0,3,2018,2020,CA,IL
v63_source_repair_return_guarded_repair,incumbent_cvar_relaxed_source_lp,140622640,126820122,1000.0,1000.0,-199.31788556666945,-201.89545162414464,2.5775660574751953,1988.406350991553,842500.0,True,True,0.00010816869840624133,0.8991097922848664,0,,,61385.51906446461,96251.26776312728,True,True,post_v191_one_drop_one_add_whole_loan_swap,post-v191 one-swap pricing only; not multi-swap or global proof,B,C,1,1,2,0,2,1,2018,2018,NJ,other
v63_source_repair_return_guarded_repair,incumbent_cvar_relaxed_source_lp,140352540,127695160,1500.0,1500.0,-225.35267892941064,-235.90029594541494,10.547617016004295,1996.376401950082,842500.0,True,True,0.00010816869840624133,0.8991097922848664,0,,,61436.92865632787,96349.65467514587,True,True,post_v191_one_drop_one_add_whole_loan_swap,post-v191 one-swap pricing only; not multi-swap or global proof,B,B,0,0,0,2,1,1,2018,2018,NY,TX
v63_source_repair_return_guarded_repair,incumbent_cvar_relaxed_source_lp,140352540,126760355,1500.0,1500.0,-225.35267892941064,-250.40002765814089,25.047348728730242,2010.876133662808,842500.0,True,True,0.00010816869840624133,0.8991097922848664,0,,,61437.13396485147,96349.94308124583,True,True,post_v191_one_drop_one_add_whole_loan_swap,post-v191 one-swap pricing only; not multi-swap or global proof,B,B,0,0,0,1,1,0,2018,2018,NY,IL
v63_source_repair_return_guarded_repair,incumbent_cvar_relaxed_source_lp,140352540,126430923,1500.0,1500.0,-225.35267892941064,-243.25029594541493,17.89761701600429,2003.726401950082,842500.0,True,True,0.00010816869840624133,0.8991097922848664,0,,,61436.92865632787,96349.65467514587,True,True,post_v191_one_drop_one_add_whole_loan_swap,post-v191 one-swap pricing only; not multi-swap or global proof,B,B,0,0,0,3,1,0,2018,2018,NY,other
v63_source_repair_return_guarded_repair,incumbent_cvar_relaxed_source_lp,140230494,127672145,1125.0,1000.0,-165.35979237983094,-196.20083323856994,30.841040858739007,2016.6698257928167,842625.0,True,True,0.00023471174932332417,0.8989764129951046,0,,,61515.211706765636,96455.32163124654,True,True,post_v191_one_drop_one_add_whole_loan_swap,post-v191 one-swap pricing only; not multi-swap or global proof,D,C,1,1,1,0,1,2,2018,2018,other,other
v63_source_repair_return_guarded_repair,incumbent_cvar_relaxed_source_lp,140230494,126827839,1125.0,1000.0,-165.35979237983094,-175.77898463113021,10.419192251299279,1996.247977185377,842625.0,True,True,0.00023471174932332417,0.8989764129951046,0,,,61413.10880302039,96313.53105033175,True,True,post_v191_one_drop_one_add_whole_loan_swap,post-v191 one-swap pricing only; not multi-swap or global proof,D,E,1,2,1,0,1,4,2018,2018,other,other
v63_source_repair_return_guarded_repair,incumbent_cvar_relaxed_source_lp,140230494,126820122,1125.0,1000.0,-165.35979237983094,-201.89545162414464,36.535659244313706,2022.3644441783913,842625.0,True,True,0.00023471174932332417,0.8989764129951046,0,,,61474.629667803725,96406.95111688782,True,True,post_v191_one_drop_one_add_whole_loan_swap,post-v191 one-swap pricing only; not multi-swap or global proof,D,C,1,1,1,0,1,1,2018,2018,other,other
v63_source_repair_return_guarded_repair,incumbent_cvar_relaxed_source_lp,140230494,126733849,1125.0,1000.0,-165.35979237983094,-186.9469746106631,21.587182230832155,2007.41596716491,842625.0,True,True,0.00023471174932332417,0.8977896454531968,0,,,61546.31912179033,96499.6919501318,True,True,post_v191_one_drop_one_add_whole_loan_swap,post-v191 one-swap pricing only; not multi-swap or global proof,D,B,1,0,1,4,1,3,2018,2018,other,NJ
v63_source_repair_return_guarded_repair,incumbent_cvar_relaxed_source_lp,140230494,126483031,1125.0,1200.0,-165.35979237983094,-200.480236756332,35.12044437650107,2020.9492293105789,842425.0,True,True,3.222484231535372e-05,0.8977653797073923,0,,,61525.3346974508,96469.27299953009,True,True,post_v191_one_drop_one_add_whole_loan_swap,post-v191 one-swap pricing only; not multi-swap or global proof,D,B,1,0,1,2,1,0,2018,2018,other,FL
v63_source_repair_return_guarded_repair,incumbent_cvar_relaxed_source_lp,140230494,126468092,1125.0,1000.0,-165.35979237983094,-169.50590883596908,4.146116456138145,1989.9749013902158,842625.0,True,True,0.00023471174932332417,0.8977896454531968,0,,,61569.223344347716,96530.92535210449,True,True,post_v191_one_drop_one_add_whole_loan_swap,post-v191 one-swap pricing only; not multi-swap or global proof,D,B,1,0,1,1,1,2,2018,2018,other,other
v63_source_repair_return_guarded_repair,incumbent_cvar_relaxed_source_lp,140230494,126419064,1125.0,1000.0,-165.35979237983094,-198.85427993768698,33.49448755785605,2019.3232724919337,842625.0,True,True,0.00023471174932332417,0.8989764129951046,0,,,61448.02314437336,96364.28271082717,True,True,post_v191_one_drop_one_add_whole_loan_swap,post-v191 one-swap pricing only; not multi-swap or global proof,D,D,1,2,1,4,1,1,2018,2018,other,other
v63_source_repair_return_guarded_repair,incumbent_cvar_relaxed_source_lp,140230494,165985906,1125.0,1200.0,-165.35979237983094,-203.72482836822385,38.36503598839292,2024.1938209224706,842425.0,True,True,3.222484231535372e-05,0.8991898388580586,0,,,61431.006894339575,96298.91309452998,True,True,post_v191_one_drop_one_add_whole_loan_swap,post-v191 one-swap pricing only; not multi-swap or global proof,D,C,1,1,1,3,1,4,2018,2020,other,VA
v63_source_repair_return_guarded_repair,incumbent_cvar_relaxed_source_lp,140230494,168701788,1125.0,1000.0,-165.35979237983094,-178.5860397151734,13.226247335342464,1999.0550322694203,842625.0,True,True,0.00023471174932332417,0.8989764129951046,0,,,61466.898306057556,96373.9804368442,True,True,post_v191_one_drop_one_add_whole_loan_swap,post-v191 one-swap pricing only; not multi-swap or global proof,D,C,1,1,1,3,1,1,2018,2020,other,TX
v63_source_repair_return_guarded_repair,incumbent_cvar_relaxed_source_lp,140230494,169358871,1125.0,1000.0,-165.35979237983094,-177.86634212741987,12.506549747588934,1998.3353346816666,842625.0,True,True,0.00023471174932332417,0.8989764129951046,0,,,61476.669323390284,96361.55540180438,True,True,post_v191_one_drop_one_add_whole_loan_swap,post-v191 one-swap pricing only; not multi-swap or global proof,D,C,1,1,1,3,1,0,2018,2020,other,VA
v63_source_repair_return_guarded_repair,incumbent_cvar_relaxed_source_lp,140230494,139506195,1125.0,1000.0,-165.35979237983094,-177.67809625327766,12.318303873446723,1998.1470888075244,842625.0,True,True,0.00023471174932332417,0.8989764129951046,0,,,61450.83464333888,96307.77377668393,True,True,post_v191_one_drop_one_add_whole_loan_swap,post-v191 one-swap pricing only; not multi-swap or global proof,D,D,1,2,1,2,1,0,2018,2018,other,CA
v63_source_repair_return_guarded_repair,incumbent_cvar_relaxed_source_lp,140230494,156823754,1125.0,1000.0,-165.35979237983094,-183.46022770133698,18.10043532150604,2003.9292202555837,842625.0,True,True,0.00023471174932332417,0.8989764129951046,0,,,61448.43642423948,96286.86901330328,True,True,post_v191_one_drop_one_add_whole_loan_swap,post-v191 one-swap pricing only; not multi-swap or global proof,D,D,1,2,1,3,1,1,2018,2019,other,CA
v63_source_repair_return_guarded_repair,incumbent_cvar_relaxed_source_lp,140230494,156807668,1125.0,1000.0,-165.35979237983094,-175.85010442413147,10.490312044300538,1996.3190969783782,842625.0,True,True,0.00023471174932332417,0.8989764129951046,0,,,61475.86991859818,96315.14537368095,True,True,post_v191_one_drop_one_add_whole_loan_swap,post-v191 one-swap pricing only; not multi-swap or global proof,D,D,1,2,1,0,1,0,2018,2019,other,TX
v63_source_repair_return_guarded_repair,incumbent_cvar_relaxed_source_lp,140230494,160806330,1125.0,1200.0,-165.35979237983094,-210.10403328668124,44.74424090685031,2030.573025840928,842425.0,True,True,3.222484231535372e-05,0.8991898388580586,0,,,61381.56960539238,96170.2893838245,True,True,post_v191_one_drop_one_add_whole_loan_swap,post-v191 one-swap pricing only; not multi-swap or global proof,D,D,1,2,1,2,1,2,2018,2019,other,FL
v63_source_repair_return_guarded_repair,incumbent_cvar_relaxed_source_lp,140230494,151432552,1125.0,1200.0,-165.35979237983094,-171.5945292328878,6.234736853056859,1992.0635217871345,842425.0,True,True,3.222484231535372e-05,0.8991898388580586,0,,,61319.90732791386,96149.04667329472,True,True,post_v191_one_drop_one_add_whole_loan_swap,post-v191 one-swap pricing only; not multi-swap or global proof,D,D,1,2,1,3,1,3,2018,2019,other,other
v63_source_repair_return_guarded_repair,incumbent_cvar_relaxed_source_lp,139850247,168803640,2000.0,1500.0,-24.210760155487975,-30.498264963412808,6.287504807924833,1992.1162897420024,843000.0,True,True,2.099592630155911e-05,0.8985765124555161,0,,,61443.06534748933,96294.67128249723,True,True,post_v191_one_drop_one_add_whole_loan_swap,post-v191 one-swap pricing only; not multi-swap or global proof,A,A,1,1,3,3,3,3,2018,2020,NY,IL
v63_source_repair_return_guarded_repair,incumbent_cvar_relaxed_source_lp,140155571,126733849,1200.0,1000.0,-161.29557436875157,-186.9469746106631,25.651400241911517,2011.4801851759892,842700.0,True,True,0.000310619560215053,0.8991337367983862,0,,,61468.53552571517,96385.06114357534,True,True,post_v191_one_drop_one_add_whole_loan_swap,post-v191 one-swap pricing only; not multi-swap or global proof,C,B,0,0,1,4,0,3,2018,2018,MN,NJ
v63_source_repair_return_guarded_repair,incumbent_cvar_relaxed_source_lp,140155571,126483031,1200.0,1200.0,-161.29557436875157,-200.480236756332,39.18466238758043,2025.013447321658,842500.0,True,True,0.00010816869840624133,0.8991097922848664,0,,,61447.55110137564,96354.64219297367,True,True,post_v191_one_drop_one_add_whole_loan_swap,post-v191 one-swap pricing only; not multi-swap or global proof,C,B,0,0,1,2,0,0,2018,2018,MN,FL
v63_source_repair_return_guarded_repair,incumbent_cvar_relaxed_source_lp,140155571,126468092,1200.0,1000.0,-161.29557436875157,-169.50590883596908,8.210334467217507,1994.0391194012952,842700.0,True,True,0.000310619560215053,0.8991337367983862,0,,,61491.43974827255,96416.29454554807,True,True,post_v191_one_drop_one_add_whole_loan_swap,post-v191 one-swap pricing only; not multi-swap or global proof,C,B,0,0,1,1,0,2,2018,2018,MN,other
v63_source_repair_return_guarded_repair,incumbent_cvar_relaxed_source_lp,138217359,127392982,2400.0,2500.0,-386.07602108289,-393.1671599090251,7.091138826135079,1992.919923760213,842400.0,True,True,6.907218559226713e-06,0.8962488129154795,0,,,61756.62417458843,96889.4161014703,True,True,post_v191_one_drop_one_add_whole_loan_swap,post-v191 one-swap pricing only; not multi-swap or global proof,E,B,2,0,4,1,0,3,2018,2018,NV,CA
v63_source_repair_return_guarded_repair,incumbent_cvar_relaxed_source_lp,140059131,127672145,1000.0,1000.0,-181.82638557373122,-196.20083323856994,14.374447664838726,2000.2032325989164,842500.0,True,True,0.00010816869840624133,0.8991097922848664,0,,,61432.889778793804,96324.04359236307,True,True,post_v191_one_drop_one_add_whole_loan_swap,post-v191 one-swap pricing only; not multi-swap or global proof,C,C,1,1,1,0,0,2,2018,2018,CA,other
v63_source_repair_return_guarded_repair,incumbent_cvar_relaxed_source_lp,140059131,126820122,1000.0,1000.0,-181.82638557373122,-201.89545162414464,20.069066050413426,2005.897850984491,842500.0,True,True,0.00010816869840624133,0.8991097922848664,0,,,61392.307739831886,96275.67307800437,True,True,post_v191_one_drop_one_add_whole_loan_swap,post-v191 one-swap pricing only; not multi-swap or global proof,C,C,1,1,1,0,0,1,2018,2018,CA,other
v63_source_repair_return_guarded_repair,incumbent_cvar_relaxed_source_lp,140059131,126733849,1000.0,1000.0,-181.82638557373122,-186.9469746106631,5.120589036931875,1990.9493739710097,842500.0,True,True,0.00010816869840624133,0.8979228486646884,0,,,61463.9971938185,96368.41391124834,True,True,post_v191_one_drop_one_add_whole_loan_swap,post-v191 one-swap pricing only; not multi-swap or global proof,C,B,1,0,1,4,0,3,2018,2018,CA,NJ
v63_source_repair_return_guarded_repair,incumbent_cvar_relaxed_source_lp,140059131,126419064,1000.0,1000.0,-181.82638557373122,-198.85427993768698,17.027894363955767,2002.8566792980334,842500.0,True,True,0.00010816869840624133,0.8991097922848664,0,,,61365.70121640153,96233.00467194371,True,True,post_v191_one_drop_one_add_whole_loan_swap,post-v191 one-swap pricing only; not multi-swap or global proof,C,D,1,2,1,4,0,1,2018,2018,CA,other
v63_source_repair_return_guarded_repair,incumbent_cvar_relaxed_source_lp,140059131,156823754,1000.0,1000.0,-181.82638557373122,-183.46022770133698,1.6338421276057602,1987.4626270616834,842500.0,True,True,0.00010816869840624133,0.8991097922848664,0,,,61366.11449626763,96155.59097441983,True,True,post_v191_one_drop_one_add_whole_loan_swap,post-v191 one-swap pricing only; not multi-swap or global proof,C,D,1,2,1,3,0,1,2018,2019,CA,CA
v63_source_repair_return_guarded_repair,incumbent_cvar_relaxed_source_lp,139046920,126733849,1000.0,1000.0,-160.03511928627375,-186.9469746106631,26.911855324389336,2012.740640258467,842500.0,True,True,0.00010816869840624133,0.8991097922848664,0,,,61406.9078822115,96283.84298411026,True,True,post_v191_one_drop_one_add_whole_loan_swap,post-v191 one-swap pricing only; not multi-swap or global proof,B,B,0,0,0,4,0,3,2018,2018,other,NJ
v63_source_repair_return_guarded_repair,incumbent_cvar_relaxed_source_lp,139046920,126468092,1000.0,1000.0,-160.03511928627375,-169.50590883596908,9.470789549695326,1995.299574483773,842500.0,True,True,0.00010816869840624133,0.8991097922848664,0,,,61429.812104768884,96315.07638608298,True,True,post_v191_one_drop_one_add_whole_loan_swap,post-v191 one-swap pricing only; not multi-swap or global proof,B,B,0,0,0,1,0,2,2018,2018,other,other
v63_source_repair_return_guarded_repair,incumbent_cvar_relaxed_source_lp,139708433,152268188,2000.0,1500.0,41.75743300815578,39.51005205920334,2.24738094895244,1988.0761658830302,843000.0,True,True,2.099592630155911e-05,0.8991696322657177,0,,,61470.32062379611,96328.63166844932,True,True,post_v191_one_drop_one_add_whole_loan_swap,post-v191 one-swap pricing only; not multi-swap or global proof,A,A,0,0,1,2,0,1,2018,2019,OH,other
v63_source_repair_return_guarded_repair,incumbent_cvar_relaxed_source_lp,139684635,168678809,1500.0,1000.0,-18.158070116616003,-25.935876492202276,7.777806375586273,1993.606591309664,843000.0,True,True,2.099592630155911e-05,0.8985765124555161,0,,,61468.176948084845,96331.29594908466,True,True,post_v191_one_drop_one_add_whole_loan_swap,post-v191 one-swap pricing only; not multi-swap or global proof,A,A,1,1,0,1,0,0,2018,2020,MA,IN
v63_source_repair_return_guarded_repair,incumbent_cvar_relaxed_source_lp,139684635,168803640,1500.0,1500.0,-18.158070116616003,-30.498264963412808,12.340194846796805,1998.1689797808745,842500.0,True,True,0.00010816869840624133,0.8991097922848664,0,,,61398.880089669205,96223.73259260625,True,True,post_v191_one_drop_one_add_whole_loan_swap,post-v191 one-swap pricing only; not multi-swap or global proof,A,A,1,1,0,3,0,3,2018,2020,MA,IL
v63_source_repair_return_guarded_repair,incumbent_cvar_relaxed_source_lp,139684635,170390171,1500.0,1000.0,-18.158070116616003,-23.632377345499286,5.4743072288832835,1991.303092162961,843000.0,True,True,2.099592630155911e-05,0.8985765124555161,0,,,61464.7714585433,96324.36314889955,True,True,post_v191_one_drop_one_add_whole_loan_swap,post-v191 one-swap pricing only; not multi-swap or global proof,A,A,1,1,0,0,0,0,2018,2020,MA,other
v63_source_repair_return_guarded_repair,incumbent_cvar_relaxed_source_lp,139684635,169450190,1500.0,1000.0,-18.158070116616003,-22.58050328415853,4.422433167542529,1990.2512181016202,843000.0,True,True,2.099592630155911e-05,0.8985765124555161,0,,,61447.456734054744,96289.35511557375,True,True,post_v191_one_drop_one_add_whole_loan_swap,post-v191 one-swap pricing only; not multi-swap or global proof,A,A,1,1,0,0,0,0,2018,2020,MA,AZ
v63_source_repair_return_guarded_repair,incumbent_cvar_relaxed_source_lp,139540494,160039313,1750.0,1200.0,36.53775388213632,33.84784116416046,2.689912717975865,1988.5186976520536,843050.0,True,True,1.2284336182610822e-05,0.8991756123598837,0,,,61450.396655279,96291.15459527388,True,True,post_v191_one_drop_one_add_whole_loan_swap,post-v191 one-swap pricing only; not multi-swap or global proof,A,A,0,0,4,2,0,0,2018,2019,FL,NV
v63_source_repair_return_guarded_repair,incumbent_cvar_relaxed_source_lp,139540494,139657464,1750.0,1200.0,36.53775388213632,32.614459804893464,3.9232940772428577,1989.7520790113206,843050.0,True,True,1.2284336182610822e-05,0.8991756123598837,0,,,61461.05479145887,96314.39951055926,True,True,post_v191_one_drop_one_add_whole_loan_swap,post-v191 one-swap pricing only; not multi-swap or global proof,A,A,0,0,4,4,0,0,2018,2018,FL,OH
v63_source_repair_return_guarded_repair,incumbent_cvar_relaxed_source_lp,139458494,127672145,1000.0,1000.0,-192.59392710453298,-196.20083323856994,3.6069061340369615,1989.4356910681147,842500.0,True,True,0.00010816869840624133,0.8991097922848664,0,,,61517.70052127752,96423.64583858012,True,True,post_v191_one_drop_one_add_whole_loan_swap,post-v191 one-swap pricing only; not multi-swap or global proof,D,C,2,1,4,0,1,2,2018,2018,WA,other
v63_source_repair_return_guarded_repair,incumbent_cvar_relaxed_source_lp,139458494,126820122,1000.0,1000.0,-192.59392710453298,-201.89545162414464,9.301524519611661,1995.1303094536893,842500.0,True,True,0.00010816869840624133,0.8991097922848664,0,,,61477.11848231559,96375.27532422141,True,True,post_v191_one_drop_one_add_whole_loan_swap,post-v191 one-swap pricing only; not multi-swap or global proof,D,C,2,1,4,0,1,1,2018,2018,WA,other
v63_source_repair_return_guarded_repair,incumbent_cvar_relaxed_source_lp,139458494,126419064,1000.0,1000.0,-192.59392710453298,-198.85427993768698,6.260352833154002,1992.0891377672317,842500.0,True,True,0.00010816869840624133,0.8991097922848664,0,,,61450.51195888523,96332.60691816079,True,True,post_v191_one_drop_one_add_whole_loan_swap,post-v191 one-swap pricing only; not multi-swap or global proof,D,D,2,2,4,4,1,1,2018,2018,WA,other
v63_source_repair_return_guarded_repair,incumbent_cvar_relaxed_source_lp,139411752,126760355,1500.0,1500.0,-240.55468343692485,-250.40002765814089,9.845344221216038,1995.6741291552937,842500.0,True,True,0.00010816869840624133,0.8991097922848664,0,,,61452.69101415205,96350.76507699961,True,True,post_v191_one_drop_one_add_whole_loan_swap,post-v191 one-swap pricing only; not multi-swap or global proof,B,B,0,0,0,1,2,0,2018,2018,NY,IL
v63_source_repair_return_guarded_repair,incumbent_cvar_relaxed_source_lp,139411752,126430923,1500.0,1500.0,-240.55468343692485,-243.25029594541493,2.695612508490086,1988.5243974425678,842500.0,True,True,0.00010816869840624133,0.8991097922848664,0,,,61452.48570562842,96350.47667089966,True,True,post_v191_one_drop_one_add_whole_loan_swap,post-v191 one-swap pricing only; not multi-swap or global proof,B,B,0,0,0,3,2,0,2018,2018,NY,other
v63_source_repair_return_guarded_repair,incumbent_cvar_relaxed_source_lp,139234645,151650780,2500.0,2000.0,55.59956508611554,52.68006941227111,2.9194956738444304,1988.7482806079222,843000.0,True,True,2.099592630155911e-05,0.8991696322657177,0,,,61502.84949471389,96371.66124982011,True,True,post_v191_one_drop_one_add_whole_loan_swap,post-v191 one-swap pricing only; not multi-swap or global proof,A,A,0,0,4,2,2,0,2018,2019,TX,other
v63_source_repair_return_guarded_repair,incumbent_cvar_relaxed_source_lp,139039993,127672145,1000.0,1000.0,-194.3840274399123,-196.20083323856994,1.81680579865764,1987.6455907327354,842500.0,True,True,0.00010816869840624133,0.8991097922848664,0,,,61445.698602949415,96325.64635793718,True,True,post_v191_one_drop_one_add_whole_loan_swap,post-v191 one-swap pricing only; not multi-swap or global proof,C,C,1,1,2,0,0,2,2018,2018,CO,other
v63_source_repair_return_guarded_repair,incumbent_cvar_relaxed_source_lp,139039993,126820122,1000.0,1000.0,-194.3840274399123,-201.89545162414464,7.5114241842323395,1993.34020911831,842500.0,True,True,0.00010816869840624133,0.8991097922848664,0,,,61405.116563987496,96277.27584357848,True,True,post_v191_one_drop_one_add_whole_loan_swap,post-v191 one-swap pricing only; not multi-swap or global proof,C,C,1,1,2,0,0,1,2018,2018,CO,other
v63_source_repair_return_guarded_repair,incumbent_cvar_relaxed_source_lp,139039993,126419064,1000.0,1000.0,-194.3840274399123,-198.85427993768698,4.4702524977746805,1990.2990374318524,842500.0,True,True,0.00010816869840624133,0.8991097922848664,0,,,61378.51004055713,96234.60743751783,True,True,post_v191_one_drop_one_add_whole_loan_swap,post-v191 one-swap pricing only; not multi-swap or global proof,C,D,1,2,2,4,0,1,2018,2018,CO,other
v63_source_repair_return_guarded_repair,incumbent_cvar_relaxed_source_lp,138631135,127672145,1000.0,1000.0,-168.68250574568688,-196.20083323856994,27.51832749288306,2013.3471124269608,842500.0,True,True,0.00010816869840624133,0.8991097922848664,0,,,61537.81511510935,96465.27003349223,True,True,post_v191_one_drop_one_add_whole_loan_swap,post-v191 one-swap pricing only; not multi-swap or global proof,E,C,2,1,3,0,0,2,2018,2018,TX,other
v63_source_repair_return_guarded_repair,incumbent_cvar_relaxed_source_lp,138631135,126827839,1000.0,1000.0,-168.68250574568688,-175.77898463113021,7.096478885443332,1992.925263819521,842500.0,True,True,0.00010816869840624133,0.8991097922848664,0,,,61435.712211364094,96323.47945257748,True,True,post_v191_one_drop_one_add_whole_loan_swap,post-v191 one-swap pricing only; not multi-swap or global proof,E,E,2,2,3,0,0,4,2018,2018,TX,other
v63_source_repair_return_guarded_repair,incumbent_cvar_relaxed_source_lp,138631135,126820122,1000.0,1000.0,-168.68250574568688,-201.89545162414464,33.21294587845776,2019.0417308125354,842500.0,True,True,0.00010816869840624133,0.8991097922848664,0,,,61497.23307614743,96416.89951913351,True,True,post_v191_one_drop_one_add_whole_loan_swap,post-v191 one-swap pricing only; not multi-swap or global proof,E,C,2,1,3,0,0,1,2018,2018,TX,other
v63_source_repair_return_guarded_repair,incumbent_cvar_relaxed_source_lp,138631135,126733849,1000.0,1000.0,-168.68250574568688,-186.9469746106631,18.26446886497621,2004.0932537990539,842500.0,True,True,0.00010816869840624133,0.8979228486646884,0,,,61568.92253013404,96509.6403523775,True,True,post_v191_one_drop_one_add_whole_loan_swap,post-v191 one-swap pricing only; not multi-swap or global proof,E,B,2,0,3,4,0,3,2018,2018,TX,NJ
v63_source_repair_return_guarded_repair,incumbent_cvar_relaxed_source_lp,138631135,126468092,1000.0,1000.0,-168.68250574568688,-169.50590883596908,0.8234030902821985,1986.65218802436,842500.0,True,True,0.00010816869840624133,0.8979228486646884,0,,,61591.82675269143,96540.8737543502,True,True,post_v191_one_drop_one_add_whole_loan_swap,post-v191 one-swap pricing only; not multi-swap or global proof,E,B,2,0,3,1,0,2,2018,2018,TX,other
v63_source_repair_return_guarded_repair,incumbent_cvar_relaxed_source_lp,138631135,126419064,1000.0,1000.0,-168.68250574568688,-198.85427993768698,30.1717741920001,2016.0005591260779,842500.0,True,True,0.00010816869840624133,0.8991097922848664,0,,,61470.62655271707,96374.23111307286,True,True,post_v191_one_drop_one_add_whole_loan_swap,post-v191 one-swap pricing only; not multi-swap or global proof,E,D,2,2,3,4,0,1,2018,2018,TX,other
v63_source_repair_return_guarded_repair,incumbent_cvar_relaxed_source_lp,138631135,168701788,1000.0,1000.0,-168.68250574568688,-178.5860397151734,9.903533969486517,1995.7323189035642,842500.0,True,True,0.00010816869840624133,0.8991097922848664,0,,,61489.50171440125,96383.9288390899,True,True,post_v191_one_drop_one_add_whole_loan_swap,post-v191 one-swap pricing only; not multi-swap or global proof,E,C,2,1,3,3,0,1,2018,2020,TX,TX
v63_source_repair_return_guarded_repair,incumbent_cvar_relaxed_source_lp,138631135,169358871,1000.0,1000.0,-168.68250574568688,-177.86634212741987,9.183836381732988,1995.0126213158107,842500.0,True,True,0.00010816869840624133,0.8991097922848664,0,,,61499.272731734,96371.50380405007,True,True,post_v191_one_drop_one_add_whole_loan_swap,post-v191 one-swap pricing only; not multi-swap or global proof,E,C,2,1,3,3,0,0,2018,2020,TX,VA
v63_source_repair_return_guarded_repair,incumbent_cvar_relaxed_source_lp,138631135,139506195,1000.0,1000.0,-168.68250574568688,-177.67809625327766,8.995590507590776,1994.8243754416685,842500.0,True,True,0.00010816869840624133,0.8991097922848664,0,,,61473.43805168259,96317.72217892962,True,True,post_v191_one_drop_one_add_whole_loan_swap,post-v191 one-swap pricing only; not multi-swap or global proof,E,D,2,2,3,2,0,0,2018,2018,TX,CA
v63_source_repair_return_guarded_repair,incumbent_cvar_relaxed_source_lp,138631135,156823754,1000.0,1000.0,-168.68250574568688,-183.46022770133698,14.777721955650094,2000.6065068897278,842500.0,True,True,0.00010816869840624133,0.8991097922848664,0,,,61471.03983258319,96296.81741554895,True,True,post_v191_one_drop_one_add_whole_loan_swap,post-v191 one-swap pricing only; not multi-swap or global proof,E,D,2,2,3,3,0,1,2018,2019,TX,CA
v63_source_repair_return_guarded_repair,incumbent_cvar_relaxed_source_lp,138631135,156807668,1000.0,1000.0,-168.68250574568688,-175.85010442413147,7.167598678444591,1992.9963836125223,842500.0,True,True,0.00010816869840624133,0.8991097922848664,0,,,61498.473326941894,96325.09377592664,True,True,post_v191_one_drop_one_add_whole_loan_swap,post-v191 one-swap pricing only; not multi-swap or global proof,E,D,2,2,3,0,0,0,2018,2019,TX,TX
v63_source_repair_return_guarded_repair,incumbent_cvar_relaxed_source_lp,138929757,126733849,1000.0,1000.0,-173.65518401987842,-186.9469746106631,13.291790590784672,1999.1205755248625,842500.0,True,True,0.00010816869840624133,0.8991097922848664,0,,,61447.993916793304,96323.60680985374,True,True,post_v191_one_drop_one_add_whole_loan_swap,post-v191 one-swap pricing only; not multi-swap or global proof,B,B,0,0,4,4,0,3,2018,2018,CO,NJ
v63_source_repair_return_guarded_repair,incumbent_cvar_relaxed_source_lp,138754571,127672145,1000.0,1000.0,-180.60322385083467,-196.20083323856994,15.597609387735275,2001.426394321813,842500.0,True,True,0.00010816869840624133,0.8991097922848664,0,,,61485.61480251633,96387.63054927648,True,True,post_v191_one_drop_one_add_whole_loan_swap,post-v191 one-swap pricing only; not multi-swap or global proof,D,C,1,1,1,0,0,2,2018,2018,CA,other
v63_source_repair_return_guarded_repair,incumbent_cvar_relaxed_source_lp,138754571,126820122,1000.0,1000.0,-180.60322385083467,-201.89545162414464,21.292227773309975,2007.1210127073878,842500.0,True,True,0.00010816869840624133,0.8991097922848664,0,,,61445.03276355441,96339.26003491777,True,True,post_v191_one_drop_one_add_whole_loan_swap,post-v191 one-swap pricing only; not multi-swap or global proof,D,C,1,1,1,0,0,1,2018,2018,CA,other
v63_source_repair_return_guarded_repair,incumbent_cvar_relaxed_source_lp,138754571,126733849,1000.0,1000.0,-180.60322385083467,-186.9469746106631,6.343750759828424,1992.1725356939062,842500.0,True,True,0.00010816869840624133,0.8979228486646884,0,,,61516.72221754101,96432.00086816178,True,True,post_v191_one_drop_one_add_whole_loan_swap,post-v191 one-swap pricing only; not multi-swap or global proof,D,B,1,0,1,4,0,3,2018,2018,CA,NJ
v63_source_repair_return_guarded_repair,incumbent_cvar_relaxed_source_lp,138754571,126419064,1000.0,1000.0,-180.60322385083467,-198.85427993768698,18.251056086852316,2004.07984102093,842500.0,True,True,0.00010816869840624133,0.8991097922848664,0,,,61418.42624012404,96296.59162885713,True,True,post_v191_one_drop_one_add_whole_loan_swap,post-v191 one-swap pricing only; not multi-swap or global proof,D,D,1,2,1,4,0,1,2018,2018,CA,other
v63_source_repair_return_guarded_repair,incumbent_cvar_relaxed_source_lp,138754571,156823754,1000.0,1000.0,-180.60322385083467,-183.46022770133698,2.857003850502309,1988.68578878458,842500.0,True,True,0.00010816869840624133,0.8991097922848664,0,,,61418.839519990164,96219.17793133325,True,True,post_v191_one_drop_one_add_whole_loan_swap,post-v191 one-swap pricing only; not multi-swap or global proof,D,D,1,2,1,3,0,1,2018,2019,CA,CA
v63_source_repair_return_guarded_repair,incumbent_cvar_relaxed_source_lp,138239745,127672145,1000.0,1000.0,-166.10731042945866,-196.20083323856994,30.093522809111278,2015.9223077431889,842500.0,True,True,0.00010816869840624133,0.8991097922848664,0,,,61416.81692679986,96287.50680707706,True,True,post_v191_one_drop_one_add_whole_loan_swap,post-v191 one-swap pricing only; not multi-swap or global proof,C,C,1,1,4,0,2,2,2018,2018,MI,other
v63_source_repair_return_guarded_repair,incumbent_cvar_relaxed_source_lp,138239745,126827839,1000.0,1000.0,-166.10731042945866,-175.77898463113021,9.67167420167155,1995.5004591357492,842500.0,True,True,0.00010816869840624133,0.8991097922848664,0,,,61314.71402305461,96145.71622616232,True,True,post_v191_one_drop_one_add_whole_loan_swap,post-v191 one-swap pricing only; not multi-swap or global proof,C,E,1,2,4,0,2,4,2018,2018,MI,other
v63_source_repair_return_guarded_repair,incumbent_cvar_relaxed_source_lp,138239745,126820122,1000.0,1000.0,-166.10731042945866,-201.89545162414464,35.78814119468598,2021.6169261287637,842500.0,True,True,0.00010816869840624133,0.8991097922848664,0,,,61376.23488783794,96239.13629271837,True,True,post_v191_one_drop_one_add_whole_loan_swap,post-v191 one-swap pricing only; not multi-swap or global proof,C,C,1,1,4,0,2,1,2018,2018,MI,other
v63_source_repair_return_guarded_repair,incumbent_cvar_relaxed_source_lp,138239745,126733849,1000.0,1000.0,-166.10731042945866,-186.9469746106631,20.839664181204427,2006.668449115282,842500.0,True,True,0.00010816869840624133,0.8979228486646884,0,,,61447.92434182455,96331.87712596235,True,True,post_v191_one_drop_one_add_whole_loan_swap,post-v191 one-swap pricing only; not multi-swap or global proof,C,B,1,0,4,4,2,3,2018,2018,MI,NJ
v63_source_repair_return_guarded_repair,incumbent_cvar_relaxed_source_lp,138239745,126468092,1000.0,1000.0,-166.10731042945866,-169.50590883596908,3.3985984065104162,1989.2273833405882,842500.0,True,True,0.00010816869840624133,0.8979228486646884,0,,,61470.82856438194,96363.11052793506,True,True,post_v191_one_drop_one_add_whole_loan_swap,post-v191 one-swap pricing only; not multi-swap or global proof,C,B,1,0,4,1,2,2,2018,2018,MI,other
v63_source_repair_return_guarded_repair,incumbent_cvar_relaxed_source_lp,138239745,126419064,1000.0,1000.0,-166.10731042945866,-198.85427993768698,32.74696950822832,2018.575754442306,842500.0,True,True,0.00010816869840624133,0.8991097922848664,0,,,61349.62836440758,96196.46788665772,True,True,post_v191_one_drop_one_add_whole_loan_swap,post-v191 one-swap pricing only; not multi-swap or global proof,C,D,1,2,4,4,2,1,2018,2018,MI,other
v63_source_repair_return_guarded_repair,incumbent_cvar_relaxed_source_lp,138239745,168701788,1000.0,1000.0,-166.10731042945866,-178.5860397151734,12.478729285714735,1998.3075142197924,842500.0,True,True,0.00010816869840624133,0.8991097922848664,0,,,61368.50352609178,96206.16561267478,True,True,post_v191_one_drop_one_add_whole_loan_swap,post-v191 one-swap pricing only; not multi-swap or global proof,C,C,1,1,4,3,2,1,2018,2020,MI,TX
v63_source_repair_return_guarded_repair,incumbent_cvar_relaxed_source_lp,138239745,169358871,1000.0,1000.0,-166.10731042945866,-177.86634212741987,11.759031697961206,1997.587816632039,842500.0,True,True,0.00010816869840624133,0.8991097922848664,0,,,61378.274543424515,96193.74057763495,True,True,post_v191_one_drop_one_add_whole_loan_swap,post-v191 one-swap pricing only; not multi-swap or global proof,C,C,1,1,4,3,2,0,2018,2020,MI,VA
v63_source_repair_return_guarded_repair,incumbent_cvar_relaxed_source_lp,138239745,139506195,1000.0,1000.0,-166.10731042945866,-177.67809625327766,11.570785823818994,1997.3995707578968,842500.0,True,True,0.00010816869840624133,0.8991097922848664,0,,,61352.43986337311,96139.95895251447,True,True,post_v191_one_drop_one_add_whole_loan_swap,post-v191 one-swap pricing only; not multi-swap or global proof,C,D,1,2,4,2,2,0,2018,2018,MI,CA
v63_source_repair_return_guarded_repair,incumbent_cvar_relaxed_source_lp,138239745,156823754,1000.0,1000.0,-166.10731042945866,-183.46022770133698,17.35291727187831,2003.181702205956,842500.0,True,True,0.00010816869840624133,0.8991097922848664,0,,,61350.0416442737,96119.05418913385,True,True,post_v191_one_drop_one_add_whole_loan_swap,post-v191 one-swap pricing only; not multi-swap or global proof,C,D,1,2,4,3,2,1,2018,2019,MI,CA
v63_source_repair_return_guarded_repair,incumbent_cvar_relaxed_source_lp,138239745,156807668,1000.0,1000.0,-166.10731042945866,-175.85010442413147,9.742793994672809,1995.5715789287506,842500.0,True,True,0.00010816869840624133,0.8991097922848664,0,,,61377.475138632406,96147.33054951152,True,True,post_v191_one_drop_one_add_whole_loan_swap,post-v191 one-swap pricing only; not multi-swap or global proof,C,D,1,2,4,0,2,0,2018,2019,MI,TX
v63_source_repair_return_guarded_repair,incumbent_cvar_relaxed_source_lp,138011934,160039313,1800.0,1200.0,34.06123562199026,33.84784116416046,0.21339445782979993,1986.0421793919074,843100.0,True,True,3.5737793443457733e-06,0.8991815917447515,0,,,61435.86746936548,96263.88422675281,True,True,post_v191_one_drop_one_add_whole_loan_swap,post-v191 one-swap pricing only; not multi-swap or global proof,A,A,0,0,0,2,1,0,2018,2019,FL,NV
v63_source_repair_return_guarded_repair,incumbent_cvar_relaxed_source_lp,138011934,139657464,1800.0,1200.0,34.06123562199026,32.614459804893464,1.4467758170967926,1987.2755607511745,843100.0,True,True,3.5737793443457733e-06,0.8991815917447515,0,,,61446.52560554535,96287.12914203816,True,True,post_v191_one_drop_one_add_whole_loan_swap,post-v191 one-swap pricing only; not multi-swap or global proof,A,A,0,0,0,4,1,0,2018,2018,FL,OH
v63_source_repair_return_guarded_repair,incumbent_cvar_relaxed_source_lp,137994575,126733849,1000.0,1000.0,-167.81258224857336,-186.9469746106631,19.134392362089727,2004.9631772961675,842500.0,True,True,0.00010816869840624133,0.8991097922848664,0,,,61424.90258511587,96294.60781699592,True,True,post_v191_one_drop_one_add_whole_loan_swap,post-v191 one-swap pricing only; not multi-swap or global proof,B,B,0,0,2,4,0,3,2018,2018,NC,NJ
v63_source_repair_return_guarded_repair,incumbent_cvar_relaxed_source_lp,137994575,126468092,1000.0,1000.0,-167.81258224857336,-169.50590883596908,1.6933265873957168,1987.5221115214733,842500.0,True,True,0.00010816869840624133,0.8991097922848664,0,,,61447.80680767326,96325.84121896862,True,True,post_v191_one_drop_one_add_whole_loan_swap,post-v191 one-swap pricing only; not multi-swap or global proof,B,B,0,0,2,1,0,2,2018,2018,NC,other
v63_source_repair_return_guarded_repair,incumbent_cvar_relaxed_source_lp,137668715,127672145,1000.0,1000.0,-191.08030640729243,-196.20083323856994,5.120526831277516,1990.949311765355,842500.0,True,True,0.00010816869840624133,0.8991097922848664,0,,,61516.21417487875,96442.35763792848,True,True,post_v191_one_drop_one_add_whole_loan_swap,post-v191 one-swap pricing only; not multi-swap or global proof,D,C,2,1,4,0,2,2,2018,2018,NC,other
v63_source_repair_return_guarded_repair,incumbent_cvar_relaxed_source_lp,137668715,126820122,1000.0,1000.0,-191.08030640729243,-201.89545162414464,10.815145216852216,1996.64393015093,842500.0,True,True,0.00010816869840624133,0.8991097922848664,0,,,61475.63213591682,96393.98712356976,True,True,post_v191_one_drop_one_add_whole_loan_swap,post-v191 one-swap pricing only; not multi-swap or global proof,D,C,2,1,4,0,2,1,2018,2018,NC,other
v63_source_repair_return_guarded_repair,incumbent_cvar_relaxed_source_lp,137668715,126419064,1000.0,1000.0,-191.08030640729243,-198.85427993768698,7.7739735303945565,1993.6027584644723,842500.0,True,True,0.00010816869840624133,0.8991097922848664,0,,,61449.02561248647,96351.31871750913,True,True,post_v191_one_drop_one_add_whole_loan_swap,post-v191 one-swap pricing only; not multi-swap or global proof,D,D,2,2,4,4,2,1,2018,2018,NC,other
v63_source_repair_return_guarded_repair,incumbent_cvar_relaxed_source_lp,137677350,127672145,1000.0,1000.0,-171.87891215652908,-196.20083323856994,24.32192108204086,2010.1507060161186,842500.0,True,True,0.00010816869840624133,0.8991097922848664,0,,,61584.5737625592,96562.12946009604,True,True,post_v191_one_drop_one_add_whole_loan_swap,post-v191 one-swap pricing only; not multi-swap or global proof,F,C,2,1,2,0,2,2,2018,2018,WA,other
v63_source_repair_return_guarded_repair,incumbent_cvar_relaxed_source_lp,137677350,126827839,1000.0,1000.0,-171.87891215652908,-175.77898463113021,3.9000724746011315,1989.7288574086788,842500.0,True,True,0.00010816869840624133,0.8991097922848664,0,,,61482.47085881395,96420.33887918128,True,True,post_v191_one_drop_one_add_whole_loan_swap,post-v191 one-swap pricing only; not multi-swap or global proof,F,E,2,2,2,0,2,4,2018,2018,WA,other
v63_source_repair_return_guarded_repair,incumbent_cvar_relaxed_source_lp,137677350,126820122,1000.0,1000.0,-171.87891215652908,-201.89545162414464,30.01653946761556,2015.8453244016932,842500.0,True,True,0.00010816869840624133,0.8991097922848664,0,,,61543.99172359728,96513.75894573733,True,True,post_v191_one_drop_one_add_whole_loan_swap,post-v191 one-swap pricing only; not multi-swap or global proof,F,C,2,1,2,0,2,1,2018,2018,WA,other
v63_source_repair_return_guarded_repair,incumbent_cvar_relaxed_source_lp,137677350,126733849,1000.0,1000.0,-171.87891215652908,-186.9469746106631,15.068062454134008,2000.8968473882117,842500.0,True,True,0.00010816869840624133,0.8979228486646884,0,,,61615.68117758389,96606.49977898129,True,True,post_v191_one_drop_one_add_whole_loan_swap,post-v191 one-swap pricing only; not multi-swap or global proof,F,B,2,0,2,4,2,3,2018,2018,WA,NJ
v63_source_repair_return_guarded_repair,incumbent_cvar_relaxed_source_lp,137677350,126419064,1000.0,1000.0,-171.87891215652908,-198.85427993768698,26.9753677811579,2012.8041527152357,842500.0,True,True,0.00010816869840624133,0.8991097922848664,0,,,61517.385200166915,96471.09053967668,True,True,post_v191_one_drop_one_add_whole_loan_swap,post-v191 one-swap pricing only; not multi-swap or global proof,F,D,2,2,2,4,2,1,2018,2018,WA,other
v63_source_repair_return_guarded_repair,incumbent_cvar_relaxed_source_lp,137677350,168701788,1000.0,1000.0,-171.87891215652908,-178.5860397151734,6.707127558644316,1992.535912492722,842500.0,True,True,0.00010816869840624133,0.8991097922848664,0,,,61536.260361851106,96480.78826569371,True,True,post_v191_one_drop_one_add_whole_loan_swap,post-v191 one-swap pricing only; not multi-swap or global proof,F,C,2,1,2,3,2,1,2018,2020,WA,TX
v63_source_repair_return_guarded_repair,incumbent_cvar_relaxed_source_lp,137677350,169358871,1000.0,1000.0,-171.87891215652908,-177.86634212741987,5.987429970890787,1991.8162149049685,842500.0,True,True,0.00010816869840624133,0.8991097922848664,0,,,61546.031379183856,96468.36323065388,True,True,post_v191_one_drop_one_add_whole_loan_swap,post-v191 one-swap pricing only; not multi-swap or global proof,F,C,2,1,2,3,2,0,2018,2020,WA,VA
v63_source_repair_return_guarded_repair,incumbent_cvar_relaxed_source_lp,137677350,139506195,1000.0,1000.0,-171.87891215652908,-177.67809625327766,5.799184096748576,1991.6279690308263,842500.0,True,True,0.00010816869840624133,0.8991097922848664,0,,,61520.19669913244,96414.58160553343,True,True,post_v191_one_drop_one_add_whole_loan_swap,post-v191 one-swap pricing only; not multi-swap or global proof,F,D,2,2,2,2,2,0,2018,2018,WA,CA
v63_source_repair_return_guarded_repair,incumbent_cvar_relaxed_source_lp,137677350,156823754,1000.0,1000.0,-171.87891215652908,-183.46022770133698,11.581315544807893,1997.4101004788856,842500.0,True,True,0.00010816869840624133,0.8991097922848664,0,,,61517.79848003304,96393.67684215278,True,True,post_v191_one_drop_one_add_whole_loan_swap,post-v191 one-swap pricing only; not multi-swap or global proof,F,D,2,2,2,3,2,1,2018,2019,WA,CA
v63_source_repair_return_guarded_repair,incumbent_cvar_relaxed_source_lp,137677350,156807668,1000.0,1000.0,-171.87891215652908,-175.85010442413147,3.9711922676023903,1989.7999772016801,842500.0,True,True,0.00010816869840624133,0.8991097922848664,0,,,61545.23197439175,96421.95320253048,True,True,post_v191_one_drop_one_add_whole_loan_swap,post-v191 one-swap pricing only; not multi-swap or global proof,F,D,2,2,2,0,2,0,2018,2019,WA,TX
v63_source_repair_return_guarded_repair,incumbent_cvar_relaxed_source_lp,137522335,126733849,1000.0,1000.0,-169.11147457733486,-186.9469746106631,17.83550003332823,2003.6642849674058,842500.0,True,True,0.00010816869840624133,0.8991097922848664,0,,,61416.232766749614,96296.13454498384,True,True,post_v191_one_drop_one_add_whole_loan_swap,post-v191 one-swap pricing only; not multi-swap or global proof,B,B,0,0,2,4,1,3,2018,2018,other,NJ
v63_source_repair_return_guarded_repair,incumbent_cvar_relaxed_source_lp,137522335,126468092,1000.0,1000.0,-169.11147457733486,-169.50590883596908,0.3944342586342202,1986.223219192712,842500.0,True,True,0.00010816869840624133,0.8991097922848664,0,,,61439.13698930701,96327.36794695655,True,True,post_v191_one_drop_one_add_whole_loan_swap,post-v191 one-swap pricing only; not multi-swap or global proof,B,B,0,0,2,1,1,2,2018,2018,other,other
v63_source_repair_return_guarded_repair,incumbent_cvar_relaxed_source_lp,137496466,168678809,1200.0,1000.0,-25.6559069099411,-25.935876492202276,0.2799695822611774,1986.1087545163389,842700.0,True,True,7.328717621135628e-05,0.8988964044143823,0,,,61445.46184725122,96293.23530328683,True,True,post_v191_one_drop_one_add_whole_loan_swap,post-v191 one-swap pricing only; not multi-swap or global proof,A,A,1,1,0,1,0,0,2018,2020,CA,IN
v63_source_repair_return_guarded_repair,incumbent_cvar_relaxed_source_lp,137378784,126733849,1000.0,1000.0,-159.31147457733482,-186.9469746106631,27.63550003332827,2013.464284967406,842500.0,True,True,0.00010816869840624133,0.8991097922848664,0,,,61416.232766749614,96296.13454498384,True,True,post_v191_one_drop_one_add_whole_loan_swap,post-v191 one-swap pricing only; not multi-swap or global proof,B,B,0,0,4,4,0,3,2018,2018,TX,NJ
v63_source_repair_return_guarded_repair,incumbent_cvar_relaxed_source_lp,137378784,126468092,1000.0,1000.0,-159.31147457733482,-169.50590883596908,10.19443425863426,1996.023219192712,842500.0,True,True,0.00010816869840624133,0.8991097922848664,0,,,61439.13698930701,96327.36794695655,True,True,post_v191_one_drop_one_add_whole_loan_swap,post-v191 one-swap pricing only; not multi-swap or global proof,B,B,0,0,4,1,0,2,2018,2018,TX,other
v63_source_repair_return_guarded_repair,incumbent_cvar_relaxed_source_lp,137291932,168841753,1000.0,1000.0,-15.179922424950899,-15.58411172619063,0.4041893012397306,1986.2329742353174,842500.0,True,True,0.00010816869840624133,0.8991097922848664,0,,,61413.64121158191,96243.13303991455,True,True,post_v191_one_drop_one_add_whole_loan_swap,post-v191 one-swap pricing only; not multi-swap or global proof,A,A,1,1,4,1,1,0,2018,2020,other,NY
v63_source_repair_return_guarded_repair,incumbent_cvar_relaxed_source_lp,137291932,168678809,1000.0,1000.0,-15.179922424950899,-25.935876492202276,10.755954067251377,1996.5847390013291,842500.0,True,True,0.00010816869840624133,0.8991097922848664,0,,,61427.15506848009,96264.10939930762,True,True,post_v191_one_drop_one_add_whole_loan_swap,post-v191 one-swap pricing only; not multi-swap or global proof,A,A,1,1,4,1,1,0,2018,2020,other,IN
v63_source_repair_return_guarded_repair,incumbent_cvar_relaxed_source_lp,137291932,170390171,1000.0,1000.0,-15.179922424950899,-23.632377345499286,8.452454920548387,1994.2812398546262,842500.0,True,True,0.00010816869840624133,0.8991097922848664,0,,,61423.74957893854,96257.17659912255,True,True,post_v191_one_drop_one_add_whole_loan_swap,post-v191 one-swap pricing only; not multi-swap or global proof,A,A,1,1,4,0,1,0,2018,2020,other,other
v63_source_repair_return_guarded_repair,incumbent_cvar_relaxed_source_lp,137291932,169450190,1000.0,1000.0,-15.179922424950899,-22.58050328415853,7.400580859207633,1993.2293657932853,842500.0,True,True,0.00010816869840624133,0.8991097922848664,0,,,61406.434854449995,96222.16856579676,True,True,post_v191_one_drop_one_add_whole_loan_swap,post-v191 one-swap pricing only; not multi-swap or global proof,A,A,1,1,4,0,1,0,2018,2020,other,AZ
v63_source_repair_return_guarded_repair,incumbent_cvar_relaxed_source_lp,137133894,126820122,1000.0,1000.0,-201.80699715302984,-201.89545162414464,0.08845447111480098,1985.9172394051925,842500.0,True,True,0.00010816869840624133,0.8991097922848664,0,,,61439.12580756912,96325.19605704633,True,True,post_v191_one_drop_one_add_whole_loan_swap,post-v191 one-swap pricing only; not multi-swap or global proof,C,C,1,1,0,0,1,1,2018,2018,other,other
v63_source_repair_return_guarded_repair,incumbent_cvar_relaxed_source_lp,137151950,126733849,1250.0,1000.0,-183.48123809685012,-186.9469746106631,3.4657365138129705,1989.2945214478907,842750.0,True,True,0.00036121726151261413,0.8991397211509937,0,,,61454.03224239745,96357.37956351088,True,True,post_v191_one_drop_one_add_whole_loan_swap,post-v191 one-swap pricing only; not multi-swap or global proof,B,B,0,0,3,4,3,3,2018,2018,other,NJ
v63_source_repair_return_guarded_repair,incumbent_cvar_relaxed_source_lp,137151950,126483031,1250.0,1200.0,-183.48123809685012,-200.480236756332,16.998998659481884,2002.8277835935596,842550.0,True,True,0.0001587904244897409,0.8991157794789627,0,,,61433.04781805792,96326.96061290917,True,True,post_v191_one_drop_one_add_whole_loan_swap,post-v191 one-swap pricing only; not multi-swap or global proof,B,B,0,0,3,2,3,0,2018,2018,other,FL
v63_source_repair_return_guarded_repair,incumbent_cvar_relaxed_source_lp,137182894,148311317,1800.0,1200.0,44.22659987973943,37.205933723656024,7.020666156083408,1992.8494510901612,843100.0,True,True,3.5737793443457733e-06,0.8991815917447515,0,,,61468.07187558712,96324.28893677068,True,True,post_v191_one_drop_one_add_whole_loan_swap,post-v191 one-swap pricing only; not multi-swap or global proof,A,A,0,0,2,1,1,0,2018,2019,TX,MN
v63_source_repair_return_guarded_repair,incumbent_cvar_relaxed_source_lp,137182894,159446051,1800.0,1325.0,44.22659987973943,39.01776956673889,5.20883031300054,1991.0376152470783,842975.0,True,True,2.5352108898757386e-05,0.8991666419526083,0,,,61455.4313244987,96301.38739357982,True,True,post_v191_one_drop_one_add_whole_loan_swap,post-v191 one-swap pricing only; not multi-swap or global proof,A,A,0,0,2,4,1,0,2018,2019,TX,FL
v63_source_repair_return_guarded_repair,incumbent_cvar_relaxed_source_lp,137182894,157146395,1800.0,1500.0,44.22659987973943,42.560102788769946,1.6664970909694858,1987.4952820250471,842800.0,True,True,5.5852623263241696e-05,0.8991457047935453,0,,,61440.06105605333,96275.95481537987,True,True,post_v191_one_drop_one_add_whole_loan_swap,post-v191 one-swap pricing only; not multi-swap or global proof,A,A,0,0,2,2,1,0,2018,2019,TX,TX
v63_source_repair_return_guarded_repair,incumbent_cvar_relaxed_source_lp,137182894,142570983,1800.0,1500.0,44.22659987973943,41.928864039109165,2.297735840630267,1988.126520774708,842800.0,True,True,5.5852623263241696e-05,0.8991457047935453,0,,,61435.04839452027,96270.12322718829,True,True,post_v191_one_drop_one_add_whole_loan_swap,post-v191 one-swap pricing only; not multi-swap or global proof,A,A,0,0,2,2,1,0,2018,2018,TX,OH
v63_source_repair_return_guarded_repair,incumbent_cvar_relaxed_source_lp,137182894,160039313,1800.0,1200.0,44.22659987973943,33.84784116416046,10.378758715578975,1996.2075436496566,843100.0,True,True,3.5737793443457733e-06,0.8991815917447515,0,,,61435.658401507106,96266.64994940488,True,True,post_v191_one_drop_one_add_whole_loan_swap,post-v191 one-swap pricing only; not multi-swap or global proof,A,A,0,0,2,2,1,0,2018,2019,TX,NV
v63_source_repair_return_guarded_repair,incumbent_cvar_relaxed_source_lp,137182894,139657464,1800.0,1200.0,44.22659987973943,32.614459804893464,11.612140074845968,1997.4409250089236,843100.0,True,True,3.5737793443457733e-06,0.8991815917447515,0,,,61446.31653768697,96289.89486469026,True,True,post_v191_one_drop_one_add_whole_loan_swap,post-v191 one-swap pricing only; not multi-swap or global proof,A,A,0,0,2,4,1,0,2018,2018,TX,OH
v63_source_repair_return_guarded_repair,incumbent_cvar_relaxed_source_lp,137182894,152268188,1800.0,1500.0,44.22659987973943,39.51005205920334,4.716547820536093,1990.5453327546138,842800.0,True,True,5.5852623263241696e-05,0.8991457047935453,0,,,61445.1712151645,96287.41208817826,True,True,post_v191_one_drop_one_add_whole_loan_swap,post-v191 one-swap pricing only; not multi-swap or global proof,A,A,0,0,2,2,1,1,2018,2019,TX,other
v63_source_repair_return_guarded_repair,incumbent_cvar_relaxed_source_lp,136782181,126733849,1000.0,1000.0,-172.62914068708602,-186.9469746106631,14.31783392357707,2000.1466188576549,842500.0,True,True,0.00010816869840624133,0.8991097922848664,0,,,61446.993005942,96338.41834322081,True,True,post_v191_one_drop_one_add_whole_loan_swap,post-v191 one-swap pricing only; not multi-swap or global proof,B,B,0,0,1,4,0,3,2018,2018,WA,NJ
v63_source_repair_return_guarded_repair,incumbent_cvar_relaxed_source_lp,136916643,127672145,1000.0,1000.0,-173.75965426338382,-196.20083323856994,22.44117897518612,2008.2699639092639,842500.0,True,True,0.00010816869840624133,0.8991097922848664,0,,,61552.89136252402,96505.8925335287,True,True,post_v191_one_drop_one_add_whole_loan_swap,post-v191 one-swap pricing only; not multi-swap or global proof,E,C,2,1,3,0,1,2,2018,2018,PA,other
v63_source_repair_return_guarded_repair,incumbent_cvar_relaxed_source_lp,136916643,126827839,1000.0,1000.0,-173.75965426338382,-175.77898463113021,2.0193303677463916,1987.848115301824,842500.0,True,True,0.00010816869840624133,0.8991097922848664,0,,,61450.788458778756,96364.1019526139,True,True,post_v191_one_drop_one_add_whole_loan_swap,post-v191 one-swap pricing only; not multi-swap or global proof,E,E,2,2,3,0,1,4,2018,2018,PA,other
v63_source_repair_return_guarded_repair,incumbent_cvar_relaxed_source_lp,136916643,126820122,1000.0,1000.0,-173.75965426338382,-201.89545162414464,28.13579736076082,2013.9645822948385,842500.0,True,True,0.00010816869840624133,0.8991097922848664,0,,,61512.30932356209,96457.52201916998,True,True,post_v191_one_drop_one_add_whole_loan_swap,post-v191 one-swap pricing only; not multi-swap or global proof,E,C,2,1,3,0,1,1,2018,2018,PA,other
v63_source_repair_return_guarded_repair,incumbent_cvar_relaxed_source_lp,136916643,126733849,1000.0,1000.0,-173.75965426338382,-186.9469746106631,13.187320347279268,1999.0161052813569,842500.0,True,True,0.00010816869840624133,0.8979228486646884,0,,,61583.998777548695,96550.26285241397,True,True,post_v191_one_drop_one_add_whole_loan_swap,post-v191 one-swap pricing only; not multi-swap or global proof,E,B,2,0,3,4,1,3,2018,2018,PA,NJ
v63_source_repair_return_guarded_repair,incumbent_cvar_relaxed_source_lp,136916643,126419064,1000.0,1000.0,-173.75965426338382,-198.85427993768698,25.09462567430316,2010.923410608381,842500.0,True,True,0.00010816869840624133,0.8991097922848664,0,,,61485.70280013173,96414.85361310933,True,True,post_v191_one_drop_one_add_whole_loan_swap,post-v191 one-swap pricing only; not multi-swap or global proof,E,D,2,2,3,4,1,1,2018,2018,PA,other
v63_source_repair_return_guarded_repair,incumbent_cvar_relaxed_source_lp,136916643,168701788,1000.0,1000.0,-173.75965426338382,-178.5860397151734,4.826385451789577,1990.6551703858672,842500.0,True,True,0.00010816869840624133,0.8991097922848664,0,,,61504.57796181592,96424.55133912637,True,True,post_v191_one_drop_one_add_whole_loan_swap,post-v191 one-swap pricing only; not multi-swap or global proof,E,C,2,1,3,3,1,1,2018,2020,PA,TX
v63_source_repair_return_guarded_repair,incumbent_cvar_relaxed_source_lp,136916643,169358871,1000.0,1000.0,-173.75965426338382,-177.86634212741987,4.106687864036047,1989.9354727981138,842500.0,True,True,0.00010816869840624133,0.8991097922848664,0,,,61514.348979148665,96412.12630408655,True,True,post_v191_one_drop_one_add_whole_loan_swap,post-v191 one-swap pricing only; not multi-swap or global proof,E,C,2,1,3,3,1,0,2018,2020,PA,VA
v63_source_repair_return_guarded_repair,incumbent_cvar_relaxed_source_lp,136916643,139506195,1000.0,1000.0,-173.75965426338382,-177.67809625327766,3.918441989893836,1989.7472269239715,842500.0,True,True,0.00010816869840624133,0.8991097922848664,0,,,61488.51429909725,96358.34467896608,True,True,post_v191_one_drop_one_add_whole_loan_swap,post-v191 one-swap pricing only; not multi-swap or global proof,E,D,2,2,3,2,1,0,2018,2018,PA,CA
v63_source_repair_return_guarded_repair,incumbent_cvar_relaxed_source_lp,136916643,156823754,1000.0,1000.0,-173.75965426338382,-183.46022770133698,9.700573437953153,1995.5293583720309,842500.0,True,True,0.00010816869840624133,0.8991097922848664,0,,,61486.11607999785,96337.43991558543,True,True,post_v191_one_drop_one_add_whole_loan_swap,post-v191 one-swap pricing only; not multi-swap or global proof,E,D,2,2,3,3,1,1,2018,2019,PA,CA
v63_source_repair_return_guarded_repair,incumbent_cvar_relaxed_source_lp,136916643,156807668,1000.0,1000.0,-173.75965426338382,-175.85010442413147,2.0904501607476504,1987.9192350948254,842500.0,True,True,0.00010816869840624133,0.8991097922848664,0,,,61513.549574356555,96365.71627596313,True,True,post_v191_one_drop_one_add_whole_loan_swap,post-v191 one-swap pricing only; not multi-swap or global proof,E,D,2,2,3,0,1,0,2018,2019,PA,TX
v63_source_repair_return_guarded_repair,incumbent_cvar_relaxed_source_lp,136528893,168678809,1000.0,1000.0,-23.117370829184896,-25.935876492202276,2.8185056630173797,1988.647290597095,842500.0,True,True,0.00010816869840624133,0.8991097922848664,0,,,61435.31056959946,96277.08472093436,True,True,post_v191_one_drop_one_add_whole_loan_swap,post-v191 one-swap pricing only; not multi-swap or global proof,A,A,1,1,2,1,2,0,2018,2020,NY,IN
v63_source_repair_return_guarded_repair,incumbent_cvar_relaxed_source_lp,136528893,170390171,1000.0,1000.0,-23.117370829184896,-23.632377345499286,0.51500651631439,1986.343791450392,842500.0,True,True,0.00010816869840624133,0.8991097922848664,0,,,61431.9050800579,96270.15192074927,True,True,post_v191_one_drop_one_add_whole_loan_swap,post-v191 one-swap pricing only; not multi-swap or global proof,A,A,1,1,2,0,2,0,2018,2020,NY,other
v63_source_repair_return_guarded_repair,incumbent_cvar_relaxed_source_lp,136607660,127672145,1000.0,1000.0,-189.1129927177471,-196.20083323856994,7.087840520822851,1992.9166254549004,842500.0,True,True,0.00010816869840624133,0.8991097922848664,0,,,61484.4458077555,96406.44265560301,True,True,post_v191_one_drop_one_add_whole_loan_swap,post-v191 one-swap pricing only; not multi-swap or global proof,D,C,1,1,2,0,1,2,2018,2018,MI,other
v63_source_repair_return_guarded_repair,incumbent_cvar_relaxed_source_lp,136607660,126820122,1000.0,1000.0,-189.1129927177471,-201.89545162414464,12.782458906397551,1998.6112438404753,842500.0,True,True,0.00010816869840624133,0.8991097922848664,0,,,61443.8637687936,96358.0721412443,True,True,post_v191_one_drop_one_add_whole_loan_swap,post-v191 one-swap pricing only; not multi-swap or global proof,D,C,1,1,2,0,1,1,2018,2018,MI,other
v63_source_repair_return_guarded_repair,incumbent_cvar_relaxed_source_lp,136607660,126419064,1000.0,1000.0,-189.1129927177471,-198.85427993768698,9.741287219939892,1995.5700721540177,842500.0,True,True,0.00010816869840624133,0.8991097922848664,0,,,61417.25724536323,96315.40373518363,True,True,post_v191_one_drop_one_add_whole_loan_swap,post-v191 one-swap pricing only; not multi-swap or global proof,D,D,1,2,2,4,1,1,2018,2018,MI,other
v63_source_repair_return_guarded_repair,incumbent_cvar_relaxed_source_lp,136424787,126733849,1000.0,1000.0,-165.07561840669072,-186.9469746106631,21.87135620397237,2007.7001411380502,842500.0,True,True,0.00010816869840624133,0.8991097922848664,0,,,61416.093560014604,96295.93179426665,True,True,post_v191_one_drop_one_add_whole_loan_swap,post-v191 one-swap pricing only; not multi-swap or global proof,B,B,0,0,0,4,0,3,2018,2018,MN,NJ
v63_source_repair_return_guarded_repair,incumbent_cvar_relaxed_source_lp,136424787,126468092,1000.0,1000.0,-165.07561840669072,-169.50590883596908,4.430290429278358,1990.259075363356,842500.0,True,True,0.00010816869840624133,0.8991097922848664,0,,,61438.997782572,96327.16519623934,True,True,post_v191_one_drop_one_add_whole_loan_swap,post-v191 one-swap pricing only; not multi-swap or global proof,B,B,0,0,0,1,0,2,2018,2018,MN,other
v63_source_repair_return_guarded_repair,incumbent_cvar_relaxed_source_lp,136315166,126733849,1000.0,1000.0,-159.31147457733482,-186.9469746106631,27.63550003332827,2013.464284967406,842500.0,True,True,0.00010816869840624133,0.8991097922848664,0,,,61416.232766749614,96296.13454498384,True,True,post_v191_one_drop_one_add_whole_loan_swap,post-v191 one-swap pricing only; not multi-swap or global proof,B,B,0,0,0,4,0,3,2018,2018,AZ,NJ
v63_source_repair_return_guarded_repair,incumbent_cvar_relaxed_source_lp,136315166,126468092,1000.0,1000.0,-159.31147457733482,-169.50590883596908,10.19443425863426,1996.023219192712,842500.0,True,True,0.00010816869840624133,0.8991097922848664,0,,,61439.13698930701,96327.36794695655,True,True,post_v191_one_drop_one_add_whole_loan_swap,post-v191 one-swap pricing only; not multi-swap or global proof,B,B,0,0,0,1,0,2,2018,2018,AZ,other
v63_source_repair_return_guarded_repair,incumbent_cvar_relaxed_source_lp,136288831,127672145,1000.0,1000.0,-159.91299271774713,-196.20083323856994,36.28784052082281,2022.1166254549005,842500.0,True,True,0.00010816869840624133,0.8991097922848664,0,,,61484.4458077555,96406.44265560301,True,True,post_v191_one_drop_one_add_whole_loan_swap,post-v191 one-swap pricing only; not multi-swap or global proof,D,C,1,1,2,0,3,2,2018,2018,other,other
v63_source_repair_return_guarded_repair,incumbent_cvar_relaxed_source_lp,136288831,126827839,1000.0,1000.0,-159.91299271774713,-175.77898463113021,15.865991913383084,2001.6947768474608,842500.0,True,True,0.00010816869840624133,0.8991097922848664,0,,,61382.34290401025,96264.65207468825,True,True,post_v191_one_drop_one_add_whole_loan_swap,post-v191 one-swap pricing only; not multi-swap or global proof,D,E,1,2,2,0,3,4,2018,2018,other,other
v63_source_repair_return_guarded_repair,incumbent_cvar_relaxed_source_lp,136288831,126820122,1000.0,1000.0,-159.91299271774713,-201.89545162414464,41.98245890639751,2027.8112438404753,842500.0,True,True,0.00010816869840624133,0.8991097922848664,0,,,61443.8637687936,96358.0721412443,True,True,post_v191_one_drop_one_add_whole_loan_swap,post-v191 one-swap pricing only; not multi-swap or global proof,D,C,1,1,2,0,3,1,2018,2018,other,other
v63_source_repair_return_guarded_repair,incumbent_cvar_relaxed_source_lp,136288831,126733849,1000.0,1000.0,-159.91299271774713,-186.9469746106631,27.03398189291596,2012.8627668269937,842500.0,True,True,0.00010816869840624133,0.8979228486646884,0,,,61515.5532227802,96450.81297448828,True,True,post_v191_one_drop_one_add_whole_loan_swap,post-v191 one-swap pricing only; not multi-swap or global proof,D,B,1,0,2,4,3,3,2018,2018,other,NJ
v63_source_repair_return_guarded_repair,incumbent_cvar_relaxed_source_lp,136288831,126468092,1000.0,1000.0,-159.91299271774713,-169.50590883596908,9.59291611822195,1995.4217010522996,842500.0,True,True,0.00010816869840624133,0.8979228486646884,0,,,61538.45744533758,96482.04637646099,True,True,post_v191_one_drop_one_add_whole_loan_swap,post-v191 one-swap pricing only; not multi-swap or global proof,D,B,1,0,2,1,3,2,2018,2018,other,other
v63_source_repair_return_guarded_repair,incumbent_cvar_relaxed_source_lp,136288831,126419064,1000.0,1000.0,-159.91299271774713,-198.85427993768698,38.94128721993985,2024.7700721540175,842500.0,True,True,0.00010816869840624133,0.8991097922848664,0,,,61417.25724536323,96315.40373518363,True,True,post_v191_one_drop_one_add_whole_loan_swap,post-v191 one-swap pricing only; not multi-swap or global proof,D,D,1,2,2,4,3,1,2018,2018,other,other
v63_source_repair_return_guarded_repair,incumbent_cvar_relaxed_source_lp,136288831,168701788,1000.0,1000.0,-159.91299271774713,-178.5860397151734,18.67304699742627,2004.501831931504,842500.0,True,True,0.00010816869840624133,0.8991097922848664,0,,,61436.13240704743,96325.10146120068,True,True,post_v191_one_drop_one_add_whole_loan_swap,post-v191 one-swap pricing only; not multi-swap or global proof,D,C,1,1,2,3,3,1,2018,2020,other,TX
v63_source_repair_return_guarded_repair,incumbent_cvar_relaxed_source_lp,136288831,169358871,1000.0,1000.0,-159.91299271774713,-177.86634212741987,17.95334940967274,2003.7821343437504,842500.0,True,True,0.00010816869840624133,0.8991097922848664,0,,,61445.90342438016,96312.67642616085,True,True,post_v191_one_drop_one_add_whole_loan_swap,post-v191 one-swap pricing only; not multi-swap or global proof,D,C,1,1,2,3,3,0,2018,2020,other,VA
v63_source_repair_return_guarded_repair,incumbent_cvar_relaxed_source_lp,136288831,139506195,1000.0,1000.0,-159.91299271774713,-177.67809625327766,17.76510353553053,2003.5938884696081,842500.0,True,True,0.00010816869840624133,0.8991097922848664,0,,,61420.06874432875,96258.89480104038,True,True,post_v191_one_drop_one_add_whole_loan_swap,post-v191 one-swap pricing only; not multi-swap or global proof,D,D,1,2,2,2,3,0,2018,2018,other,CA
v63_source_repair_return_guarded_repair,incumbent_cvar_relaxed_source_lp,136288831,156823754,1000.0,1000.0,-159.91299271774713,-183.46022770133698,23.547234983589846,2009.3760199176675,842500.0,True,True,0.00010816869840624133,0.8991097922848664,0,,,61417.67052522935,96237.99003765974,True,True,post_v191_one_drop_one_add_whole_loan_swap,post-v191 one-swap pricing only; not multi-swap or global proof,D,D,1,2,2,3,3,1,2018,2019,other,CA
v63_source_repair_return_guarded_repair,incumbent_cvar_relaxed_source_lp,136288831,156807668,1000.0,1000.0,-159.91299271774713,-175.85010442413147,15.937111706384343,2001.765896640462,842500.0,True,True,0.00010816869840624133,0.8991097922848664,0,,,61445.10401958805,96266.26639803745,True,True,post_v191_one_drop_one_add_whole_loan_swap,post-v191 one-swap pricing only; not multi-swap or global proof,D,D,1,2,2,0,3,0,2018,2019,other,TX
v63_source_repair_return_guarded_repair,incumbent_cvar_relaxed_source_lp,136272811,126523487,2000.0,2000.0,-346.7105103503359,-350.42656531605377,3.7160549657178876,1989.5448398997955,842500.0,True,True,0.00010816869840624133,0.8991097922848664,0,,,61388.33714772345,96303.22280599287,True,True,post_v191_one_drop_one_add_whole_loan_swap,post-v191 one-swap pricing only; not multi-swap or global proof,B,C,1,1,4,4,1,1,2018,2018,MD,CA
v63_source_repair_return_guarded_repair,incumbent_cvar_relaxed_source_lp,145493981,127672145,1000.0,1000.0,-188.86243065820042,-196.20083323856994,7.338402580369518,1993.1671875144473,842500.0,True,True,0.00010816869840624133,0.8991097922848664,0,,,61538.66033999588,96487.58649987935,True,True,post_v191_one_drop_one_add_whole_loan_swap,post-v191 one-swap pricing only; not multi-swap or global proof,E,C,2,1,2,0,2,2,2018,2018,other,other
v63_source_repair_return_guarded_repair,incumbent_cvar_relaxed_source_lp,145493981,126820122,1000.0,1000.0,-188.86243065820042,-201.89545162414464,13.033020965944218,1998.8618059000219,842500.0,True,True,0.00010816869840624133,0.8991097922848664,0,,,61498.078301033966,96439.21598552064,True,True,post_v191_one_drop_one_add_whole_loan_swap,post-v191 one-swap pricing only; not multi-swap or global proof,E,C,2,1,2,0,2,1,2018,2018,other,other
v63_source_repair_return_guarded_repair,incumbent_cvar_relaxed_source_lp,145493981,126419064,1000.0,1000.0,-188.86243065820042,-198.85427993768698,9.991849279486559,1995.8206342135643,842500.0,True,True,0.00010816869840624133,0.8991097922848664,0,,,61471.4717776036,96396.54757946,True,True,post_v191_one_drop_one_add_whole_loan_swap,post-v191 one-swap pricing only; not multi-swap or global proof,E,D,2,2,2,4,2,1,2018,2018,other,other
v63_source_repair_return_guarded_repair,incumbent_cvar_relaxed_source_lp,145362947,126733849,1000.0,1000.0,-183.04925380724399,-186.9469746106631,3.897720803419105,1989.7265057374968,842500.0,True,True,0.00010816869840624133,0.8991097922848664,0,,,61437.07825575382,96324.36448020395,True,True,post_v191_one_drop_one_add_whole_loan_swap,post-v191 one-swap pricing only; not multi-swap or global proof,B,B,0,0,3,4,0,3,2018,2018,other,NJ
v63_source_repair_return_guarded_repair,incumbent_cvar_relaxed_source_lp,145359336,160327845,8000.0,7500.0,195.09105682974084,186.18498239835355,8.906074431387282,1994.734859365465,843000.0,True,True,2.099592630155911e-05,0.8991696322657177,0,,,61462.26100316406,96275.91814251918,True,True,post_v191_one_drop_one_add_whole_loan_swap,post-v191 one-swap pricing only; not multi-swap or global proof,A,A,0,0,2,4,1,0,2018,2019,other,other
v63_source_repair_return_guarded_repair,incumbent_cvar_relaxed_source_lp,145165788,126820122,1100.0,1000.0,-198.63301899901595,-201.89545162414464,3.262432625128696,1989.0912175592064,842600.0,True,True,0.00020940614277265013,0.8990030856871588,0,,,61416.72941249592,96297.26241227452,True,True,post_v191_one_drop_one_add_whole_loan_swap,post-v191 one-swap pricing only; not multi-swap or global proof,B,C,1,1,4,0,2,1,2018,2018,CA,other
v63_source_repair_return_guarded_repair,incumbent_cvar_relaxed_source_lp,145165788,126483031,1100.0,1200.0,-198.63301899901595,-200.480236756332,1.8472177573160593,1987.6760026913937,842400.0,True,True,6.907218559226713e-06,0.8977920227920227,0,,,61467.43444214301,96359.58429491681,True,True,post_v191_one_drop_one_add_whole_loan_swap,post-v191 one-swap pricing only; not multi-swap or global proof,B,B,1,0,4,2,2,0,2018,2018,CA,FL
v63_source_repair_return_guarded_repair,incumbent_cvar_relaxed_source_lp,145165788,126419064,1100.0,1000.0,-198.63301899901595,-198.85427993768698,0.2212609386710369,1986.0500458727488,842600.0,True,True,0.00020940614277265013,0.8990030856871588,0,,,61390.12288906556,96254.59400621388,True,True,post_v191_one_drop_one_add_whole_loan_swap,post-v191 one-swap pricing only; not multi-swap or global proof,B,D,1,2,4,4,2,1,2018,2018,CA,other
v63_source_repair_return_guarded_repair,incumbent_cvar_relaxed_source_lp,145165788,165985906,1100.0,1200.0,-198.63301899901595,-203.72482836822385,5.091809369207908,1990.9205943032857,842400.0,True,True,6.907218559226713e-06,0.8992165242165242,0,,,61373.10663903177,96189.22438991672,True,True,post_v191_one_drop_one_add_whole_loan_swap,post-v191 one-swap pricing only; not multi-swap or global proof,B,C,1,1,4,3,2,4,2018,2020,CA,VA
v63_source_repair_return_guarded_repair,incumbent_cvar_relaxed_source_lp,145165788,160806330,1100.0,1200.0,-198.63301899901595,-210.10403328668124,11.471014287665298,1997.299799221743,842400.0,True,True,6.907218559226713e-06,0.8992165242165242,0,,,61323.66935008458,96060.60067921119,True,True,post_v191_one_drop_one_add_whole_loan_swap,post-v191 one-swap pricing only; not multi-swap or global proof,B,D,1,2,4,2,2,2,2018,2019,CA,FL
v63_source_repair_return_guarded_repair,incumbent_cvar_relaxed_source_lp,145079878,127695160,1600.0,1500.0,-228.4979772708412,-235.90029594541494,7.402318674573735,1993.2311036086514,842600.0,True,True,0.00020940614277265013,0.899121765962497,0,,,61462.55874871299,96382.89452465466,True,True,post_v191_one_drop_one_add_whole_loan_swap,post-v191 one-swap pricing only; not multi-swap or global proof,B,B,0,0,2,2,2,1,2018,2018,other,TX
v63_source_repair_return_guarded_repair,incumbent_cvar_relaxed_source_lp,145079878,126760355,1600.0,1500.0,-228.4979772708412,-250.40002765814089,21.90205038729968,2007.7308353213773,842600.0,True,True,0.00020940614277265013,0.899121765962497,0,,,61462.76405723659,96383.18293075464,True,True,post_v191_one_drop_one_add_whole_loan_swap,post-v191 one-swap pricing only; not multi-swap or global proof,B,B,0,0,2,1,2,0,2018,2018,other,IL
v63_source_repair_return_guarded_repair,incumbent_cvar_relaxed_source_lp,145079878,126430923,1600.0,1500.0,-228.4979772708412,-243.25029594541493,14.75231867457373,2000.5811036086513,842600.0,True,True,0.00020940614277265013,0.899121765962497,0,,,61462.55874871299,96382.89452465466,True,True,post_v191_one_drop_one_add_whole_loan_swap,post-v191 one-swap pricing only; not multi-swap or global proof,B,B,0,0,2,3,2,0,2018,2018,other,other
v63_source_repair_return_guarded_repair,incumbent_cvar_relaxed_source_lp,145085915,160806330,1200.0,1200.0,-205.42499551977616,-210.10403328668124,4.679037766905083,1990.5078227009828,842500.0,True,True,0.00010816869840624133,0.8991097922848664,0,,,61366.806379311995,96144.22509813355,True,True,post_v191_one_drop_one_add_whole_loan_swap,post-v191 one-swap pricing only; not multi-swap or global proof,C,D,1,2,0,2,0,2,2018,2019,CA,FL
v63_source_repair_return_guarded_repair,incumbent_cvar_relaxed_source_lp,145071977,127672145,1000.0,1000.0,-188.86243065820042,-196.20083323856994,7.338402580369518,1993.1671875144473,842500.0,True,True,0.00010816869840624133,0.8991097922848664,0,,,61538.66033999588,96487.58649987935,True,True,post_v191_one_drop_one_add_whole_loan_swap,post-v191 one-swap pricing only; not multi-swap or global proof,E,C,2,1,4,0,2,2,2018,2018,other,other
v63_source_repair_return_guarded_repair,incumbent_cvar_relaxed_source_lp,145071977,126820122,1000.0,1000.0,-188.86243065820042,-201.89545162414464,13.033020965944218,1998.8618059000219,842500.0,True,True,0.00010816869840624133,0.8991097922848664,0,,,61498.078301033966,96439.21598552064,True,True,post_v191_one_drop_one_add_whole_loan_swap,post-v191 one-swap pricing only; not multi-swap or global proof,E,C,2,1,4,0,2,1,2018,2018,other,other
v63_source_repair_return_guarded_repair,incumbent_cvar_relaxed_source_lp,145071977,126419064,1000.0,1000.0,-188.86243065820042,-198.85427993768698,9.991849279486559,1995.8206342135643,842500.0,True,True,0.00010816869840624133,0.8991097922848664,0,,,61471.4717776036,96396.54757946,True,True,post_v191_one_drop_one_add_whole_loan_swap,post-v191 one-swap pricing only; not multi-swap or global proof,E,D,2,2,4,4,2,1,2018,2018,other,other
v63_source_repair_return_guarded_repair,incumbent_cvar_relaxed_source_lp,145003606,168803640,2000.0,1500.0,-29.466221213231314,-30.498264963412808,1.0320437501814936,1986.860828684259,843000.0,True,True,2.099592630155911e-05,0.8985765124555161,0,,,61442.87735172961,96289.49366168455,True,True,post_v191_one_drop_one_add_whole_loan_swap,post-v191 one-swap pricing only; not multi-swap or global proof,A,A,1,1,0,3,4,3,2018,2020,TX,IL
v63_source_repair_return_guarded_repair,incumbent_cvar_relaxed_source_lp,144526368,126483031,1200.0,1200.0,-189.01348295313088,-200.480236756332,11.46675380320113,1997.2955387372788,842500.0,True,True,0.00010816869840624133,0.8991097922848664,0,,,61437.1769755007,96329.4945691296,True,True,post_v191_one_drop_one_add_whole_loan_swap,post-v191 one-swap pricing only; not multi-swap or global proof,B,B,0,0,2,2,1,0,2018,2018,NJ,FL
v63_source_repair_return_guarded_repair,incumbent_cvar_relaxed_source_lp,144298209,168678809,1200.0,1000.0,-16.992741209743766,-25.935876492202276,8.94313528245851,1994.7719202165363,842700.0,True,True,7.328717621135628e-05,0.8988964044143823,0,,,61448.49285195083,96296.57632970996,True,True,post_v191_one_drop_one_add_whole_loan_swap,post-v191 one-swap pricing only; not multi-swap or global proof,A,A,1,1,1,1,0,0,2018,2020,VA,IN
v63_source_repair_return_guarded_repair,incumbent_cvar_relaxed_source_lp,144298209,170390171,1200.0,1000.0,-16.992741209743766,-23.632377345499286,6.63963613575552,1992.4684210698333,842700.0,True,True,7.328717621135628e-05,0.8988964044143823,0,,,61445.08736240928,96289.64352952487,True,True,post_v191_one_drop_one_add_whole_loan_swap,post-v191 one-swap pricing only; not multi-swap or global proof,A,A,1,1,1,0,0,0,2018,2020,VA,other
v63_source_repair_return_guarded_repair,incumbent_cvar_relaxed_source_lp,144298209,169450190,1200.0,1000.0,-16.992741209743766,-22.58050328415853,5.587762074414766,1991.4165470084924,842700.0,True,True,7.328717621135628e-05,0.8988964044143823,0,,,61427.77263792073,96254.6354961991,True,True,post_v191_one_drop_one_add_whole_loan_swap,post-v191 one-swap pricing only; not multi-swap or global proof,A,A,1,1,1,0,0,0,2018,2020,VA,AZ
v63_source_repair_return_guarded_repair,incumbent_cvar_relaxed_source_lp,144534751,126658319,3000.0,2500.0,73.15914631115284,65.23175886099214,7.927387450160694,1993.7561723842384,843000.0,True,True,2.099592630155911e-05,0.8991696322657177,0,,,61484.828574642044,96364.80354934424,True,True,post_v191_one_drop_one_add_whole_loan_swap,post-v191 one-swap pricing only; not multi-swap or global proof,A,A,0,0,2,2,0,0,2018,2018,NY,PA
v63_source_repair_return_guarded_repair,incumbent_cvar_relaxed_source_lp,144206055,160327845,8000.0,7500.0,188.43913175287864,186.18498239835355,2.254149354525083,1988.0829342886027,843000.0,True,True,2.099592630155911e-05,0.8991696322657177,0,,,61378.66212593837,96144.01026593325,True,True,post_v191_one_drop_one_add_whole_loan_swap,post-v191 one-swap pricing only; not multi-swap or global proof,A,A,0,0,4,4,0,0,2018,2019,AZ,other
v63_source_repair_return_guarded_repair,incumbent_cvar_relaxed_source_lp,144306607,126820122,1100.0,1000.0,-196.7269756687091,-201.89545162414464,5.168475955435554,1990.9972608895132,842600.0,True,True,0.00020940614277265013,0.8990030856871588,0,,,61528.770565585946,96502.1845525475,True,True,post_v191_one_drop_one_add_whole_loan_swap,post-v191 one-swap pricing only; not multi-swap or global proof,E,C,2,1,2,0,0,1,2018,2018,NY,other
v63_source_repair_return_guarded_repair,incumbent_cvar_relaxed_source_lp,144306607,126483031,1100.0,1200.0,-196.7269756687091,-200.480236756332,3.753261087622917,1989.5820460217005,842400.0,True,True,6.907218559226713e-06,0.8977920227920227,0,,,61579.47559523303,96564.50643518976,True,True,post_v191_one_drop_one_add_whole_loan_swap,post-v191 one-swap pricing only; not multi-swap or global proof,E,B,2,0,2,2,0,0,2018,2018,NY,FL
v63_source_repair_return_guarded_repair,incumbent_cvar_relaxed_source_lp,144306607,126419064,1100.0,1000.0,-196.7269756687091,-198.85427993768698,2.1273042689778947,1987.9560892030556,842600.0,True,True,0.00020940614277265013,0.8990030856871588,0,,,61502.16404215559,96459.5161464868,True,True,post_v191_one_drop_one_add_whole_loan_swap,post-v191 one-swap pricing only; not multi-swap or global proof,E,D,2,2,2,4,0,1,2018,2018,NY,other
v63_source_repair_return_guarded_repair,incumbent_cvar_relaxed_source_lp,144306607,165985906,1100.0,1200.0,-196.7269756687091,-203.72482836822385,6.997852699514766,1992.8266376335926,842400.0,True,True,6.907218559226713e-06,0.8992165242165242,0,,,61485.14779212179,96394.14653018965,True,True,post_v191_one_drop_one_add_whole_loan_swap,post-v191 one-swap pricing only; not multi-swap or global proof,E,C,2,1,2,3,0,4,2018,2020,NY,VA
v63_source_repair_return_guarded_repair,incumbent_cvar_relaxed_source_lp,144306607,160806330,1100.0,1200.0,-196.7269756687091,-210.10403328668124,13.377057617972156,1999.20584255205,842400.0,True,True,6.907218559226713e-06,0.8992165242165242,0,,,61435.71050317462,96265.52281948413,True,True,post_v191_one_drop_one_add_whole_loan_swap,post-v191 one-swap pricing only; not multi-swap or global proof,E,D,2,2,2,2,0,2,2018,2019,NY,FL
v63_source_repair_return_guarded_repair,incumbent_cvar_relaxed_source_lp,144248829,168841753,1000.0,1000.0,-14.62747078447996,-15.58411172619063,0.9566409417106687,1986.7854258757884,842500.0,True,True,0.00010816869840624133,0.8991097922848664,0,,,61416.64022548093,96250.87571793929,True,True,post_v191_one_drop_one_add_whole_loan_swap,post-v191 one-swap pricing only; not multi-swap or global proof,A,A,1,1,2,1,3,0,2018,2020,NC,NY
v63_source_repair_return_guarded_repair,incumbent_cvar_relaxed_source_lp,144248829,168678809,1000.0,1000.0,-14.62747078447996,-25.935876492202276,11.308405707722315,1997.1371906418,842500.0,True,True,0.00010816869840624133,0.8991097922848664,0,,,61430.15408237911,96271.85207733235,True,True,post_v191_one_drop_one_add_whole_loan_swap,post-v191 one-swap pricing only; not multi-swap or global proof,A,A,1,1,2,1,3,0,2018,2020,NC,IN
v63_source_repair_return_guarded_repair,incumbent_cvar_relaxed_source_lp,144248829,170390171,1000.0,1000.0,-14.62747078447996,-23.632377345499286,9.004906561019325,1994.8336914950971,842500.0,True,True,0.00010816869840624133,0.8991097922848664,0,,,61426.74859283757,96264.91927714729,True,True,post_v191_one_drop_one_add_whole_loan_swap,post-v191 one-swap pricing only; not multi-swap or global proof,A,A,1,1,2,0,3,0,2018,2020,NC,other
v63_source_repair_return_guarded_repair,incumbent_cvar_relaxed_source_lp,144248829,169450190,1000.0,1000.0,-14.62747078447996,-22.58050328415853,7.953032499678571,1993.7818174337563,842500.0,True,True,0.00010816869840624133,0.8991097922848664,0,,,61409.433868349006,96229.9112438215,True,True,post_v191_one_drop_one_add_whole_loan_swap,post-v191 one-swap pricing only; not multi-swap or global proof,A,A,1,1,2,0,3,0,2018,2020,NC,AZ
v63_source_repair_return_guarded_repair,incumbent_cvar_relaxed_source_lp,144223623,148029832,10500.0,10000.0,252.61096148177558,247.80404423386764,4.806917247907933,1990.6357021819856,843000.0,True,True,2.099592630155911e-05,0.8991696322657177,0,,,61219.58276006443,95931.08184937731,True,True,post_v191_one_drop_one_add_whole_loan_swap,post-v191 one-swap pricing only; not multi-swap or global proof,A,A,0,0,4,4,1,0,2018,2019,MN,other
v63_source_repair_return_guarded_repair,incumbent_cvar_relaxed_source_lp,144136832,127672145,1000.0,1000.0,-189.73252834202836,-196.20083323856994,6.468304896541582,1992.2970898306194,842500.0,True,True,0.00010816869840624133,0.8991097922848664,0,,,61455.91308519633,96361.0725674121,True,True,post_v191_one_drop_one_add_whole_loan_swap,post-v191 one-swap pricing only; not multi-swap or global proof,C,C,1,1,0,0,0,2,2018,2018,other,other
v63_source_repair_return_guarded_repair,incumbent_cvar_relaxed_source_lp,144136832,126820122,1000.0,1000.0,-189.73252834202836,-201.89545162414464,12.162923282116282,1997.991708216194,842500.0,True,True,0.00010816869840624133,0.8991097922848664,0,,,61415.331046234416,96312.70205305339,True,True,post_v191_one_drop_one_add_whole_loan_swap,post-v191 one-swap pricing only; not multi-swap or global proof,C,C,1,1,0,0,0,1,2018,2018,other,other
v63_source_repair_return_guarded_repair,incumbent_cvar_relaxed_source_lp,144136832,126419064,1000.0,1000.0,-189.73252834202836,-198.85427993768698,9.121751595658623,1994.9505365297364,842500.0,True,True,0.00010816869840624133,0.8991097922848664,0,,,61388.724522804056,96270.03364699274,True,True,post_v191_one_drop_one_add_whole_loan_swap,post-v191 one-swap pricing only; not multi-swap or global proof,C,D,1,2,0,4,0,1,2018,2018,other,other
v63_source_repair_return_guarded_repair,incumbent_cvar_relaxed_source_lp,143942005,126820122,1000.0,1000.0,-201.79415151059513,-201.89545162414464,0.10130011354951307,1985.9300850476272,842500.0,True,True,0.00010816869840624133,0.8991097922848664,0,,,61422.03963147846,96318.49463779893,True,True,post_v191_one_drop_one_add_whole_loan_swap,post-v191 one-swap pricing only; not multi-swap or global proof,C,C,1,1,3,0,2,1,2018,2018,NY,other
v63_source_repair_return_guarded_repair,incumbent_cvar_relaxed_source_lp,142830014,126483031,1200.0,1200.0,-189.4715102152384,-200.480236756332,11.008726541093608,1996.8375114751714,842500.0,True,True,0.00010816869840624133,0.8991097922848664,0,,,61467.14885066116,96385.2214602397,True,True,post_v191_one_drop_one_add_whole_loan_swap,post-v191 one-swap pricing only; not multi-swap or global proof,B,B,0,0,1,2,0,0,2018,2018,IL,FL
v63_source_repair_return_guarded_repair,incumbent_cvar_relaxed_source_lp,143858157,126733849,1100.0,1000.0,-168.6715367259671,-186.9469746106631,18.275437884696004,2004.1042228187737,842600.0,True,True,0.00020940614277265013,0.899121765962497,0,,,61427.81925340957,96324.38637784349,True,True,post_v191_one_drop_one_add_whole_loan_swap,post-v191 one-swap pricing only; not multi-swap or global proof,B,B,0,0,1,4,0,3,2018,2018,other,NJ
v63_source_repair_return_guarded_repair,incumbent_cvar_relaxed_source_lp,143858157,126483031,1100.0,1200.0,-168.6715367259671,-200.480236756332,31.808700030364918,2017.6374849644426,842400.0,True,True,6.907218559226713e-06,0.8990978157644824,0,,,61406.83482907005,96293.96742724179,True,True,post_v191_one_drop_one_add_whole_loan_swap,post-v191 one-swap pricing only; not multi-swap or global proof,B,B,0,0,1,2,0,0,2018,2018,other,FL
v63_source_repair_return_guarded_repair,incumbent_cvar_relaxed_source_lp,143858157,126468092,1100.0,1000.0,-168.6715367259671,-169.50590883596908,0.8343721100019934,1986.6631570440798,842600.0,True,True,0.00020940614277265013,0.899121765962497,0,,,61450.723475966966,96355.6197798162,True,True,post_v191_one_drop_one_add_whole_loan_swap,post-v191 one-swap pricing only; not multi-swap or global proof,B,B,0,0,1,1,0,2,2018,2018,other,other
v63_source_repair_return_guarded_repair,incumbent_cvar_relaxed_source_lp,143738130,127695160,2000.0,1500.0,-234.68765251493338,-235.90029594541494,1.2126434304815632,1987.0414283645594,843000.0,True,True,0.0006141157365032734,0.8991696322657177,0,,,61512.84506961893,96482.74758818567,True,True,post_v191_one_drop_one_add_whole_loan_swap,post-v191 one-swap pricing only; not multi-swap or global proof,B,B,0,0,3,2,0,1,2018,2018,other,TX
v63_source_repair_return_guarded_repair,incumbent_cvar_relaxed_source_lp,143738130,127281432,2000.0,2000.0,-234.68765251493338,-271.1059581396894,36.418305624756016,2022.2470905588336,842500.0,True,True,0.00010816869840624133,0.8991097922848664,0,,,61428.834812872345,96364.73460908946,True,True,post_v191_one_drop_one_add_whole_loan_swap,post-v191 one-swap pricing only; not multi-swap or global proof,B,B,0,0,3,4,0,0,2018,2018,other,other
v63_source_repair_return_guarded_repair,incumbent_cvar_relaxed_source_lp,143738130,126760355,2000.0,1500.0,-234.68765251493338,-250.40002765814089,15.71237514320751,2001.5411600772852,843000.0,True,True,0.0006141157365032734,0.8991696322657177,0,,,61513.05037814253,96483.03599428562,True,True,post_v191_one_drop_one_add_whole_loan_swap,post-v191 one-swap pricing only; not multi-swap or global proof,B,B,0,0,3,1,0,0,2018,2018,other,IL
v63_source_repair_return_guarded_repair,incumbent_cvar_relaxed_source_lp,143738130,126430923,2000.0,1500.0,-234.68765251493338,-243.25029594541493,8.562643430481558,1994.3914283645593,843000.0,True,True,0.0006141157365032734,0.8991696322657177,0,,,61512.84506961893,96482.74758818567,True,True,post_v191_one_drop_one_add_whole_loan_swap,post-v191 one-swap pricing only; not multi-swap or global proof,B,B,0,0,3,3,0,0,2018,2018,other,other
v63_source_repair_return_guarded_repair,incumbent_cvar_relaxed_source_lp,143665074,127672145,1000.0,1000.0,-186.8834468242459,-196.20083323856994,9.317386414324034,1995.1461713484018,842500.0,True,True,0.00010816869840624133,0.8991097922848664,0,,,61511.938974992794,96442.82434264818,True,True,post_v191_one_drop_one_add_whole_loan_swap,post-v191 one-swap pricing only; not multi-swap or global proof,D,C,2,1,2,0,0,2,2018,2018,WA,other
v63_source_repair_return_guarded_repair,incumbent_cvar_relaxed_source_lp,143665074,126820122,1000.0,1000.0,-186.8834468242459,-201.89545162414464,15.012004799898733,2000.8407897339764,842500.0,True,True,0.00010816869840624133,0.8991097922848664,0,,,61471.35693603088,96394.45382828946,True,True,post_v191_one_drop_one_add_whole_loan_swap,post-v191 one-swap pricing only; not multi-swap or global proof,D,C,2,1,2,0,0,1,2018,2018,WA,other
v63_source_repair_return_guarded_repair,incumbent_cvar_relaxed_source_lp,143665074,126733849,1000.0,1000.0,-186.8834468242459,-186.9469746106631,0.0635277864171826,1985.8923127204948,842500.0,True,True,0.00010816869840624133,0.8979228486646884,0,,,61543.04639001748,96487.19466153343,True,True,post_v191_one_drop_one_add_whole_loan_swap,post-v191 one-swap pricing only; not multi-swap or global proof,D,B,2,0,2,4,0,3,2018,2018,WA,NJ
v63_source_repair_return_guarded_repair,incumbent_cvar_relaxed_source_lp,143665074,126419064,1000.0,1000.0,-186.8834468242459,-198.85427993768698,11.970833113441074,1997.7996180475188,842500.0,True,True,0.00010816869840624133,0.8991097922848664,0,,,61444.750412600515,96351.78542222882,True,True,post_v191_one_drop_one_add_whole_loan_swap,post-v191 one-swap pricing only; not multi-swap or global proof,D,D,2,2,2,4,0,1,2018,2018,WA,other
v63_source_repair_return_guarded_repair,incumbent_cvar_relaxed_source_lp,143574491,168678809,1500.0,1000.0,-19.952608974833005,-25.935876492202276,5.983267517369271,1991.812052451447,843000.0,True,True,2.099592630155911e-05,0.8985765124555161,0,,,61465.82005605688,96329.7173107613,True,True,post_v191_one_drop_one_add_whole_loan_swap,post-v191 one-swap pricing only; not multi-swap or global proof,A,A,1,1,3,1,1,0,2018,2020,WA,IN
v63_source_repair_return_guarded_repair,incumbent_cvar_relaxed_source_lp,143574491,168803640,1500.0,1500.0,-19.952608974833005,-30.498264963412808,10.545655988579803,1996.3744409226574,842500.0,True,True,0.00010816869840624133,0.8991097922848664,0,,,61396.523197641225,96222.15395428293,True,True,post_v191_one_drop_one_add_whole_loan_swap,post-v191 one-swap pricing only; not multi-swap or global proof,A,A,1,1,3,3,1,3,2018,2020,WA,IL
v63_source_repair_return_guarded_repair,incumbent_cvar_relaxed_source_lp,143574491,170390171,1500.0,1000.0,-19.952608974833005,-23.632377345499286,3.679768370666281,1989.508553304744,843000.0,True,True,2.099592630155911e-05,0.8985765124555161,0,,,61462.41456651532,96322.7845105762,True,True,post_v191_one_drop_one_add_whole_loan_swap,post-v191 one-swap pricing only; not multi-swap or global proof,A,A,1,1,3,0,1,0,2018,2020,WA,other
v63_source_repair_return_guarded_repair,incumbent_cvar_relaxed_source_lp,143574491,169450190,1500.0,1000.0,-19.952608974833005,-22.58050328415853,2.6278943093255265,1988.4566792434032,843000.0,True,True,2.099592630155911e-05,0.8985765124555161,0,,,61445.099842026764,96287.77647725042,True,True,post_v191_one_drop_one_add_whole_loan_swap,post-v191 one-swap pricing only; not multi-swap or global proof,A,A,1,1,3,0,1,0,2018,2020,WA,AZ
v63_source_repair_return_guarded_repair,incumbent_cvar_relaxed_source_lp,143384974,127672145,1000.0,1000.0,-169.12746621153562,-196.20083323856994,27.073367027034323,2012.902151961112,842500.0,True,True,0.00010816869840624133,0.8991097922848664,0,,,61434.85153592123,96336.81069953222,True,True,post_v191_one_drop_one_add_whole_loan_swap,post-v191 one-swap pricing only; not multi-swap or global proof,C,C,1,1,1,0,0,2,2018,2018,NY,other
v63_source_repair_return_guarded_repair,incumbent_cvar_relaxed_source_lp,143384974,126827839,1000.0,1000.0,-169.12746621153562,-175.77898463113021,6.651518419594595,1992.4803033536723,842500.0,True,True,0.00010816869840624133,0.8991097922848664,0,,,61332.74863217598,96195.02011861742,True,True,post_v191_one_drop_one_add_whole_loan_swap,post-v191 one-swap pricing only; not multi-swap or global proof,C,E,1,2,1,0,0,4,2018,2018,NY,other
v63_source_repair_return_guarded_repair,incumbent_cvar_relaxed_source_lp,143384974,126820122,1000.0,1000.0,-169.12746621153562,-201.89545162414464,32.76798541260902,2018.5967703466868,842500.0,True,True,0.00010816869840624133,0.8991097922848664,0,,,61394.26949695932,96288.4401851735,True,True,post_v191_one_drop_one_add_whole_loan_swap,post-v191 one-swap pricing only; not multi-swap or global proof,C,C,1,1,1,0,0,1,2018,2018,NY,other
v63_source_repair_return_guarded_repair,incumbent_cvar_relaxed_source_lp,143384974,126733849,1000.0,1000.0,-169.12746621153562,-186.9469746106631,17.81950839912747,2003.6482933332052,842500.0,True,True,0.00010816869840624133,0.8979228486646884,0,,,61465.95895094592,96381.18101841748,True,True,post_v191_one_drop_one_add_whole_loan_swap,post-v191 one-swap pricing only; not multi-swap or global proof,C,B,1,0,1,4,0,3,2018,2018,NY,NJ
v63_source_repair_return_guarded_repair,incumbent_cvar_relaxed_source_lp,143384974,126468092,1000.0,1000.0,-169.12746621153562,-169.50590883596908,0.3784426244334611,1986.2072275585112,842500.0,True,True,0.00010816869840624133,0.8979228486646884,0,,,61488.86317350331,96412.41442039018,True,True,post_v191_one_drop_one_add_whole_loan_swap,post-v191 one-swap pricing only; not multi-swap or global proof,C,B,1,0,1,1,0,2,2018,2018,NY,other
v63_source_repair_return_guarded_repair,incumbent_cvar_relaxed_source_lp,143384974,126419064,1000.0,1000.0,-169.12746621153562,-198.85427993768698,29.726813726151363,2015.555598660229,842500.0,True,True,0.00010816869840624133,0.8991097922848664,0,,,61367.66297352895,96245.77177911284,True,True,post_v191_one_drop_one_add_whole_loan_swap,post-v191 one-swap pricing only; not multi-swap or global proof,C,D,1,2,1,4,0,1,2018,2018,NY,other
v63_source_repair_return_guarded_repair,incumbent_cvar_relaxed_source_lp,143384974,168701788,1000.0,1000.0,-169.12746621153562,-178.5860397151734,9.45857350363778,1995.2873584377155,842500.0,True,True,0.00010816869840624133,0.8991097922848664,0,,,61386.53813521315,96255.4695051299,True,True,post_v191_one_drop_one_add_whole_loan_swap,post-v191 one-swap pricing only; not multi-swap or global proof,C,C,1,1,1,3,0,1,2018,2020,NY,TX
v63_source_repair_return_guarded_repair,incumbent_cvar_relaxed_source_lp,143384974,169358871,1000.0,1000.0,-169.12746621153562,-177.86634212741987,8.73887591588425,1994.567660849962,842500.0,True,True,0.00010816869840624133,0.8991097922848664,0,,,61396.30915254589,96243.04447009008,True,True,post_v191_one_drop_one_add_whole_loan_swap,post-v191 one-swap pricing only; not multi-swap or global proof,C,C,1,1,1,3,0,0,2018,2020,NY,VA
v63_source_repair_return_guarded_repair,incumbent_cvar_relaxed_source_lp,143384974,139506195,1000.0,1000.0,-169.12746621153562,-177.67809625327766,8.550630041742039,1994.3794149758198,842500.0,True,True,0.00010816869840624133,0.8991097922848664,0,,,61370.474472494476,96189.26284496962,True,True,post_v191_one_drop_one_add_whole_loan_swap,post-v191 one-swap pricing only; not multi-swap or global proof,C,D,1,2,1,2,0,0,2018,2018,NY,CA
v63_source_repair_return_guarded_repair,incumbent_cvar_relaxed_source_lp,143384974,156823754,1000.0,1000.0,-169.12746621153562,-183.46022770133698,14.332761489801356,2000.1615464238791,842500.0,True,True,0.00010816869840624133,0.8991097922848664,0,,,61368.07625339507,96168.35808158896,True,True,post_v191_one_drop_one_add_whole_loan_swap,post-v191 one-swap pricing only; not multi-swap or global proof,C,D,1,2,1,3,0,1,2018,2019,NY,CA
v63_source_repair_return_guarded_repair,incumbent_cvar_relaxed_source_lp,143384974,156807668,1000.0,1000.0,-169.12746621153562,-175.85010442413147,6.722638212595854,1992.5514231466736,842500.0,True,True,0.00010816869840624133,0.8991097922848664,0,,,61395.50974775378,96196.63444196664,True,True,post_v191_one_drop_one_add_whole_loan_swap,post-v191 one-swap pricing only; not multi-swap or global proof,C,D,1,2,1,0,0,0,2018,2019,NY,TX
v63_source_repair_return_guarded_repair,incumbent_cvar_relaxed_source_lp,143298636,127672145,1000.0,1000.0,-170.8325283420283,-196.20083323856994,25.368304896541645,2011.1970898306195,842500.0,True,True,0.00010816869840624133,0.8991097922848664,0,,,61455.91308519633,96361.0725674121,True,True,post_v191_one_drop_one_add_whole_loan_swap,post-v191 one-swap pricing only; not multi-swap or global proof,C,C,1,1,1,0,2,2,2018,2018,other,other
v63_source_repair_return_guarded_repair,incumbent_cvar_relaxed_source_lp,143298636,126827839,1000.0,1000.0,-170.8325283420283,-175.77898463113021,4.946456289101917,1990.7752412231796,842500.0,True,True,0.00010816869840624133,0.8991097922848664,0,,,61353.810181451074,96219.28198649733,True,True,post_v191_one_drop_one_add_whole_loan_swap,post-v191 one-swap pricing only; not multi-swap or global proof,C,E,1,2,1,0,2,4,2018,2018,other,other
v63_source_repair_return_guarded_repair,incumbent_cvar_relaxed_source_lp,143298636,126820122,1000.0,1000.0,-170.8325283420283,-201.89545162414464,31.062923282116344,2016.891708216194,842500.0,True,True,0.00010816869840624133,0.8991097922848664,0,,,61415.331046234416,96312.70205305339,True,True,post_v191_one_drop_one_add_whole_loan_swap,post-v191 one-swap pricing only; not multi-swap or global proof,C,C,1,1,1,0,2,1,2018,2018,other,other
v63_source_repair_return_guarded_repair,incumbent_cvar_relaxed_source_lp,143298636,126733849,1000.0,1000.0,-170.8325283420283,-186.9469746106631,16.114446268634794,2001.9432312027125,842500.0,True,True,0.00010816869840624133,0.8979228486646884,0,,,61487.02050022101,96405.44288629737,True,True,post_v191_one_drop_one_add_whole_loan_swap,post-v191 one-swap pricing only; not multi-swap or global proof,C,B,1,0,1,4,2,3,2018,2018,other,NJ
v63_source_repair_return_guarded_repair,incumbent_cvar_relaxed_source_lp,143298636,126419064,1000.0,1000.0,-170.8325283420283,-198.85427993768698,28.021751595658685,2013.8505365297365,842500.0,True,True,0.00010816869840624133,0.8991097922848664,0,,,61388.724522804056,96270.03364699274,True,True,post_v191_one_drop_one_add_whole_loan_swap,post-v191 one-swap pricing only; not multi-swap or global proof,C,D,1,2,1,4,2,1,2018,2018,other,other
v63_source_repair_return_guarded_repair,incumbent_cvar_relaxed_source_lp,143298636,168701788,1000.0,1000.0,-170.8325283420283,-178.5860397151734,7.753511373145102,1993.5822963072228,842500.0,True,True,0.00010816869840624133,0.8991097922848664,0,,,61407.59968448825,96279.7313730098,True,True,post_v191_one_drop_one_add_whole_loan_swap,post-v191 one-swap pricing only; not multi-swap or global proof,C,C,1,1,1,3,2,1,2018,2020,other,TX
v63_source_repair_return_guarded_repair,incumbent_cvar_relaxed_source_lp,143298636,169358871,1000.0,1000.0,-170.8325283420283,-177.86634212741987,7.0338137853915725,1992.8625987194694,842500.0,True,True,0.00010816869840624133,0.8991097922848664,0,,,61417.37070182098,96267.30633796997,True,True,post_v191_one_drop_one_add_whole_loan_swap,post-v191 one-swap pricing only; not multi-swap or global proof,C,C,1,1,1,3,2,0,2018,2020,other,VA
v63_source_repair_return_guarded_repair,incumbent_cvar_relaxed_source_lp,143298636,139506195,1000.0,1000.0,-170.8325283420283,-177.67809625327766,6.845567911249361,1992.6743528453271,842500.0,True,True,0.00010816869840624133,0.8991097922848664,0,,,61391.53602176957,96213.52471284951,True,True,post_v191_one_drop_one_add_whole_loan_swap,post-v191 one-swap pricing only; not multi-swap or global proof,C,D,1,2,1,2,2,0,2018,2018,other,CA
v63_source_repair_return_guarded_repair,incumbent_cvar_relaxed_source_lp,143298636,156823754,1000.0,1000.0,-170.8325283420283,-183.46022770133698,12.627699359308679,1998.4564842933864,842500.0,True,True,0.00010816869840624133,0.8991097922848664,0,,,61389.137802670164,96192.61994946885,True,True,post_v191_one_drop_one_add_whole_loan_swap,post-v191 one-swap pricing only; not multi-swap or global proof,C,D,1,2,1,3,2,1,2018,2019,other,CA
v63_source_repair_return_guarded_repair,incumbent_cvar_relaxed_source_lp,143298636,156807668,1000.0,1000.0,-170.8325283420283,-175.85010442413147,5.017576082103176,1990.846361016181,842500.0,True,True,0.00010816869840624133,0.8991097922848664,0,,,61416.57129702887,96220.89630984653,True,True,post_v191_one_drop_one_add_whole_loan_swap,post-v191 one-swap pricing only; not multi-swap or global proof,C,D,1,2,1,0,2,0,2018,2019,other,TX
v63_source_repair_return_guarded_repair,incumbent_cvar_relaxed_source_lp,143261301,129934914,2200.0,1650.0,45.41923329018861,44.68807959855301,0.7311536916355976,1986.5599386257134,843050.0,True,True,1.2284336182610822e-05,0.8991756123598837,0,,,61499.24451012285,96379.36869169984,True,True,post_v191_one_drop_one_add_whole_loan_swap,post-v191 one-swap pricing only; not multi-swap or global proof,A,A,0,0,2,3,0,0,2018,2018,CA,PA
v63_source_repair_return_guarded_repair,incumbent_cvar_relaxed_source_lp,143278940,127695160,1500.0,1500.0,-223.96024592785653,-235.90029594541494,11.940050017558406,1997.768834951636,842500.0,True,True,0.00010816869840624133,0.8991097922848664,0,,,61430.30007391864,96348.82483346877,True,True,post_v191_one_drop_one_add_whole_loan_swap,post-v191 one-swap pricing only; not multi-swap or global proof,B,B,0,0,4,2,0,1,2018,2018,MD,TX
v63_source_repair_return_guarded_repair,incumbent_cvar_relaxed_source_lp,143278940,126760355,1500.0,1500.0,-223.96024592785653,-250.40002765814089,26.439781730284352,2012.268566664362,842500.0,True,True,0.00010816869840624133,0.8991097922848664,0,,,61430.50538244224,96349.11323956872,True,True,post_v191_one_drop_one_add_whole_loan_swap,post-v191 one-swap pricing only; not multi-swap or global proof,B,B,0,0,4,1,0,0,2018,2018,MD,IL
v63_source_repair_return_guarded_repair,incumbent_cvar_relaxed_source_lp,143278940,126430923,1500.0,1500.0,-223.96024592785653,-243.25029594541493,19.2900500175584,2005.118834951636,842500.0,True,True,0.00010816869840624133,0.8991097922848664,0,,,61430.30007391864,96348.82483346877,True,True,post_v191_one_drop_one_add_whole_loan_swap,post-v191 one-swap pricing only; not multi-swap or global proof,B,B,0,0,4,3,0,0,2018,2018,MD,other
v63_source_repair_return_guarded_repair,incumbent_cvar_relaxed_source_lp,142973413,127672145,1000.0,1000.0,-179.69170236503285,-196.20083323856994,16.50913087353709,2002.3379158076148,842500.0,True,True,0.00010816869840624133,0.8991097922848664,0,,,61529.32530776743,96486.14692700507,True,True,post_v191_one_drop_one_add_whole_loan_swap,post-v191 one-swap pricing only; not multi-swap or global proof,E,C,2,1,0,0,0,2,2018,2018,PA,other
v63_source_repair_return_guarded_repair,incumbent_cvar_relaxed_source_lp,142973413,126820122,1000.0,1000.0,-179.69170236503285,-201.89545162414464,22.203749259111788,2008.0325341931896,842500.0,True,True,0.00010816869840624133,0.8991097922848664,0,,,61488.743268805505,96437.77641264636,True,True,post_v191_one_drop_one_add_whole_loan_swap,post-v191 one-swap pricing only; not multi-swap or global proof,E,C,2,1,0,0,0,1,2018,2018,PA,other
v63_source_repair_return_guarded_repair,incumbent_cvar_relaxed_source_lp,142973413,126733849,1000.0,1000.0,-179.69170236503285,-186.9469746106631,7.255272245630238,1993.084057179708,842500.0,True,True,0.00010816869840624133,0.8979228486646884,0,,,61560.43272279212,96530.51724589033,True,True,post_v191_one_drop_one_add_whole_loan_swap,post-v191 one-swap pricing only; not multi-swap or global proof,E,B,2,0,0,4,0,3,2018,2018,PA,NJ
v63_source_repair_return_guarded_repair,incumbent_cvar_relaxed_source_lp,142973413,126419064,1000.0,1000.0,-179.69170236503285,-198.85427993768698,19.16257757265413,2004.9913625067318,842500.0,True,True,0.00010816869840624133,0.8991097922848664,0,,,61462.136745375145,96395.10800658571,True,True,post_v191_one_drop_one_add_whole_loan_swap,post-v191 one-swap pricing only; not multi-swap or global proof,E,D,2,2,0,4,0,1,2018,2018,PA,other
v63_source_repair_return_guarded_repair,incumbent_cvar_relaxed_source_lp,142973413,156823754,1000.0,1000.0,-179.69170236503285,-183.46022770133698,3.7685253363041227,1989.5973102703817,842500.0,True,True,0.00010816869840624133,0.8991097922848664,0,,,61462.55002524126,96317.69430906183,True,True,post_v191_one_drop_one_add_whole_loan_swap,post-v191 one-swap pricing only; not multi-swap or global proof,E,D,2,2,0,3,0,1,2018,2019,PA,CA
v63_source_repair_return_guarded_repair,incumbent_cvar_relaxed_source_lp,143136725,127672145,1000.0,1000.0,-177.5369868619323,-196.20083323856994,18.66384637663765,2004.4926313107153,842500.0,True,True,0.00010816869840624133,0.8991097922848664,0,,,61601.08466582412,96587.5710212133,True,True,post_v191_one_drop_one_add_whole_loan_swap,post-v191 one-swap pricing only; not multi-swap or global proof,F,C,3,1,1,0,3,2,2018,2018,OH,other
v63_source_repair_return_guarded_repair,incumbent_cvar_relaxed_source_lp,143136725,126820122,1000.0,1000.0,-177.5369868619323,-201.89545162414464,24.35846476221235,2010.18724969629,842500.0,True,True,0.00010816869840624133,0.8991097922848664,0,,,61560.5026268622,96539.20050685458,True,True,post_v191_one_drop_one_add_whole_loan_swap,post-v191 one-swap pricing only; not multi-swap or global proof,F,C,3,1,1,0,3,1,2018,2018,OH,other
v63_source_repair_return_guarded_repair,incumbent_cvar_relaxed_source_lp,143136725,126733849,1000.0,1000.0,-177.5369868619323,-186.9469746106631,9.4099877487308,1995.2387726828085,842500.0,True,True,0.00010816869840624133,0.8979228486646884,0,,,61632.19208084881,96631.9413400986,True,True,post_v191_one_drop_one_add_whole_loan_swap,post-v191 one-swap pricing only; not multi-swap or global proof,F,B,3,0,1,4,3,3,2018,2018,OH,NJ
v63_source_repair_return_guarded_repair,incumbent_cvar_relaxed_source_lp,143136725,126419064,1000.0,1000.0,-177.5369868619323,-198.85427993768698,21.31729307575469,2007.1460780098323,842500.0,True,True,0.00010816869840624133,0.8991097922848664,0,,,61533.89610343185,96496.53210079393,True,True,post_v191_one_drop_one_add_whole_loan_swap,post-v191 one-swap pricing only; not multi-swap or global proof,F,D,3,2,1,4,3,1,2018,2018,OH,other
v63_source_repair_return_guarded_repair,incumbent_cvar_relaxed_source_lp,143136725,168701788,1000.0,1000.0,-177.5369868619323,-178.5860397151734,1.0490528532411076,1986.8778377873189,842500.0,True,True,0.00010816869840624133,0.8991097922848664,0,,,61552.77126511603,96506.22982681099,True,True,post_v191_one_drop_one_add_whole_loan_swap,post-v191 one-swap pricing only; not multi-swap or global proof,F,C,3,1,1,3,3,1,2018,2020,OH,TX
v63_source_repair_return_guarded_repair,incumbent_cvar_relaxed_source_lp,143136725,169358871,1000.0,1000.0,-177.5369868619323,-177.86634212741987,0.3293552654875782,1986.1581401995652,842500.0,True,True,0.00010816869840624133,0.8991097922848664,0,,,61562.54228244877,96493.80479177117,True,True,post_v191_one_drop_one_add_whole_loan_swap,post-v191 one-swap pricing only; not multi-swap or global proof,F,C,3,1,1,3,3,0,2018,2020,OH,VA
v63_source_repair_return_guarded_repair,incumbent_cvar_relaxed_source_lp,143136725,139506195,1000.0,1000.0,-177.5369868619323,-177.67809625327766,0.14110939134536693,1985.969894325423,842500.0,True,True,0.00010816869840624133,0.8991097922848664,0,,,61536.707602397364,96440.02316665073,True,True,post_v191_one_drop_one_add_whole_loan_swap,post-v191 one-swap pricing only; not multi-swap or global proof,F,D,3,2,1,2,3,0,2018,2018,OH,CA
v63_source_repair_return_guarded_repair,incumbent_cvar_relaxed_source_lp,143136725,156823754,1000.0,1000.0,-177.5369868619323,-183.46022770133698,5.923240839404684,1991.7520257734823,842500.0,True,True,0.00010816869840624133,0.8991097922848664,0,,,61534.309383297965,96419.11840327005,True,True,post_v191_one_drop_one_add_whole_loan_swap,post-v191 one-swap pricing only; not multi-swap or global proof,F,D,3,2,1,3,3,1,2018,2019,OH,CA
v63_source_repair_return_guarded_repair,incumbent_cvar_relaxed_source_lp,143029391,127672145,1000.0,1000.0,-170.8325283420283,-196.20083323856994,25.368304896541645,2011.1970898306195,842500.0,True,True,0.00010816869840624133,0.8991097922848664,0,,,61455.91308519633,96361.0725674121,True,True,post_v191_one_drop_one_add_whole_loan_swap,post-v191 one-swap pricing only; not multi-swap or global proof,C,C,1,1,2,0,0,2,2018,2018,IL,other
v63_source_repair_return_guarded_repair,incumbent_cvar_relaxed_source_lp,143029391,126827839,1000.0,1000.0,-170.8325283420283,-175.77898463113021,4.946456289101917,1990.7752412231796,842500.0,True,True,0.00010816869840624133,0.8991097922848664,0,,,61353.810181451074,96219.28198649733,True,True,post_v191_one_drop_one_add_whole_loan_swap,post-v191 one-swap pricing only; not multi-swap or global proof,C,E,1,2,2,0,0,4,2018,2018,IL,other
v63_source_repair_return_guarded_repair,incumbent_cvar_relaxed_source_lp,143029391,126820122,1000.0,1000.0,-170.8325283420283,-201.89545162414464,31.062923282116344,2016.891708216194,842500.0,True,True,0.00010816869840624133,0.8991097922848664,0,,,61415.331046234416,96312.70205305339,True,True,post_v191_one_drop_one_add_whole_loan_swap,post-v191 one-swap pricing only; not multi-swap or global proof,C,C,1,1,2,0,0,1,2018,2018,IL,other
v63_source_repair_return_guarded_repair,incumbent_cvar_relaxed_source_lp,143029391,126733849,1000.0,1000.0,-170.8325283420283,-186.9469746106631,16.114446268634794,2001.9432312027125,842500.0,True,True,0.00010816869840624133,0.8979228486646884,0,,,61487.02050022101,96405.44288629737,True,True,post_v191_one_drop_one_add_whole_loan_swap,post-v191 one-swap pricing only; not multi-swap or global proof,C,B,1,0,2,4,0,3,2018,2018,IL,NJ
v63_source_repair_return_guarded_repair,incumbent_cvar_relaxed_source_lp,143029391,126419064,1000.0,1000.0,-170.8325283420283,-198.85427993768698,28.021751595658685,2013.8505365297365,842500.0,True,True,0.00010816869840624133,0.8991097922848664,0,,,61388.724522804056,96270.03364699274,True,True,post_v191_one_drop_one_add_whole_loan_swap,post-v191 one-swap pricing only; not multi-swap or global proof,C,D,1,2,2,4,0,1,2018,2018,IL,other
v63_source_repair_return_guarded_repair,incumbent_cvar_relaxed_source_lp,143029391,168701788,1000.0,1000.0,-170.8325283420283,-178.5860397151734,7.753511373145102,1993.5822963072228,842500.0,True,True,0.00010816869840624133,0.8991097922848664,0,,,61407.59968448825,96279.7313730098,True,True,post_v191_one_drop_one_add_whole_loan_swap,post-v191 one-swap pricing only; not multi-swap or global proof,C,C,1,1,2,3,0,1,2018,2020,IL,TX
v63_source_repair_return_guarded_repair,incumbent_cvar_relaxed_source_lp,143029391,169358871,1000.0,1000.0,-170.8325283420283,-177.86634212741987,7.0338137853915725,1992.8625987194694,842500.0,True,True,0.00010816869840624133,0.8991097922848664,0,,,61417.37070182098,96267.30633796997,True,True,post_v191_one_drop_one_add_whole_loan_swap,post-v191 one-swap pricing only; not multi-swap or global proof,C,C,1,1,2,3,0,0,2018,2020,IL,VA
v63_source_repair_return_guarded_repair,incumbent_cvar_relaxed_source_lp,143029391,139506195,1000.0,1000.0,-170.8325283420283,-177.67809625327766,6.845567911249361,1992.6743528453271,842500.0,True,True,0.00010816869840624133,0.8991097922848664,0,,,61391.53602176957,96213.52471284951,True,True,post_v191_one_drop_one_add_whole_loan_swap,post-v191 one-swap pricing only; not multi-swap or global proof,C,D,1,2,2,2,0,0,2018,2018,IL,CA
v63_source_repair_return_guarded_repair,incumbent_cvar_relaxed_source_lp,143029391,156823754,1000.0,1000.0,-170.8325283420283,-183.46022770133698,12.627699359308679,1998.4564842933864,842500.0,True,True,0.00010816869840624133,0.8991097922848664,0,,,61389.137802670164,96192.61994946885,True,True,post_v191_one_drop_one_add_whole_loan_swap,post-v191 one-swap pricing only; not multi-swap or global proof,C,D,1,2,2,3,0,1,2018,2019,IL,CA
v63_source_repair_return_guarded_repair,incumbent_cvar_relaxed_source_lp,143029391,156807668,1000.0,1000.0,-170.8325283420283,-175.85010442413147,5.017576082103176,1990.846361016181,842500.0,True,True,0.00010816869840624133,0.8991097922848664,0,,,61416.57129702887,96220.89630984653,True,True,post_v191_one_drop_one_add_whole_loan_swap,post-v191 one-swap pricing only; not multi-swap or global proof,C,D,1,2,2,0,0,0,2018,2019,IL,TX
v63_source_repair_return_guarded_repair,incumbent_cvar_relaxed_source_lp,143126474,168841753,1000.0,1000.0,-10.601739316555324,-15.58411172619063,4.982372409635305,1990.811157343713,842500.0,True,True,0.00010816869840624133,0.8991097922848664,0,,,61408.90657201455,96238.32847425171,True,True,post_v191_one_drop_one_add_whole_loan_swap,post-v191 one-swap pricing only; not multi-swap or global proof,A,A,1,1,2,1,4,0,2018,2020,TX,NY
v63_source_repair_return_guarded_repair,incumbent_cvar_relaxed_source_lp,143126474,168678809,1000.0,1000.0,-10.601739316555324,-25.935876492202276,15.334137175646951,2001.1629221097246,842500.0,True,True,0.00010816869840624133,0.8991097922848664,0,,,61422.42042891274,96259.30483364475,True,True,post_v191_one_drop_one_add_whole_loan_swap,post-v191 one-swap pricing only; not multi-swap or global proof,A,A,1,1,2,1,4,0,2018,2020,TX,IN
v63_source_repair_return_guarded_repair,incumbent_cvar_relaxed_source_lp,143126474,170390171,1000.0,1000.0,-10.601739316555324,-23.632377345499286,13.030638028943962,1998.8594229630216,842500.0,True,True,0.00010816869840624133,0.8991097922848664,0,,,61419.014939371176,96252.37203345967,True,True,post_v191_one_drop_one_add_whole_loan_swap,post-v191 one-swap pricing only; not multi-swap or global proof,A,A,1,1,2,0,4,0,2018,2020,TX,other
v63_source_repair_return_guarded_repair,incumbent_cvar_relaxed_source_lp,143126474,169450190,1000.0,1000.0,-10.601739316555324,-22.58050328415853,11.978763967603207,1997.807548901681,842500.0,True,True,0.00010816869840624133,0.8991097922848664,0,,,61401.70021488263,96217.36400013388,True,True,post_v191_one_drop_one_add_whole_loan_swap,post-v191 one-swap pricing only; not multi-swap or global proof,A,A,1,1,2,0,4,0,2018,2020,TX,AZ
v63_source_repair_return_guarded_repair,incumbent_cvar_relaxed_source_lp,143078336,127672145,1000.0,1000.0,-185.09415151059494,-196.20083323856994,11.106681727975001,1996.9354666620527,842500.0,True,True,0.00010816869840624133,0.8991097922848664,0,,,61462.62167044038,96366.86515215764,True,True,post_v191_one_drop_one_add_whole_loan_swap,post-v191 one-swap pricing only; not multi-swap or global proof,C,C,1,1,0,0,0,2,2018,2018,CO,other
v63_source_repair_return_guarded_repair,incumbent_cvar_relaxed_source_lp,143078336,126820122,1000.0,1000.0,-185.09415151059494,-201.89545162414464,16.8013001135497,2002.6300850476273,842500.0,True,True,0.00010816869840624133,0.8991097922848664,0,,,61422.03963147846,96318.49463779893,True,True,post_v191_one_drop_one_add_whole_loan_swap,post-v191 one-swap pricing only; not multi-swap or global proof,C,C,1,1,0,0,0,1,2018,2018,CO,other
v63_source_repair_return_guarded_repair,incumbent_cvar_relaxed_source_lp,143078336,126733849,1000.0,1000.0,-185.09415151059494,-186.9469746106631,1.85282310006815,1987.681608034146,842500.0,True,True,0.00010816869840624133,0.8979228486646884,0,,,61493.729085465064,96411.23547104289,True,True,post_v191_one_drop_one_add_whole_loan_swap,post-v191 one-swap pricing only; not multi-swap or global proof,C,B,1,0,0,4,0,3,2018,2018,CO,NJ
v63_source_repair_return_guarded_repair,incumbent_cvar_relaxed_source_lp,143078336,126419064,1000.0,1000.0,-185.09415151059494,-198.85427993768698,13.760128427092042,1999.5889133611697,842500.0,True,True,0.00010816869840624133,0.8991097922848664,0,,,61395.4331080481,96275.82623173826,True,True,post_v191_one_drop_one_add_whole_loan_swap,post-v191 one-swap pricing only; not multi-swap or global proof,C,D,1,2,0,4,0,1,2018,2018,CO,other
v63_source_repair_return_guarded_repair,incumbent_cvar_relaxed_source_lp,142821489,126523487,2000.0,2000.0,-340.8025547680644,-350.42656531605377,9.624010547989371,1995.4527954820671,842500.0,True,True,0.00010816869840624133,0.8991097922848664,0,,,61358.090209650225,96277.68613062294,True,True,post_v191_one_drop_one_add_whole_loan_swap,post-v191 one-swap pricing only; not multi-swap or global proof,B,C,1,1,3,4,1,1,2018,2018,VA,CA
v63_source_repair_return_guarded_repair,incumbent_cvar_relaxed_source_lp,142547301,127672145,1000.0,1000.0,-171.39694085680853,-196.20083323856994,24.803892381761415,2010.6326773158391,842500.0,True,True,0.00010816869840624133,0.8991097922848664,0,,,61511.040029875556,96443.7121777774,True,True,post_v191_one_drop_one_add_whole_loan_swap,post-v191 one-swap pricing only; not multi-swap or global proof,D,C,2,1,2,0,2,2,2018,2018,MN,other
v63_source_repair_return_guarded_repair,incumbent_cvar_relaxed_source_lp,142547301,126827839,1000.0,1000.0,-171.39694085680853,-175.77898463113021,4.382043774321687,1990.2108287083993,842500.0,True,True,0.00010816869840624133,0.8991097922848664,0,,,61408.9371261303,96301.92159686264,True,True,post_v191_one_drop_one_add_whole_loan_swap,post-v191 one-swap pricing only; not multi-swap or global proof,D,E,2,2,2,0,2,4,2018,2018,MN,other
v63_source_repair_return_guarded_repair,incumbent_cvar_relaxed_source_lp,142547301,126820122,1000.0,1000.0,-171.39694085680853,-201.89545162414464,30.498510767336114,2016.3272957014137,842500.0,True,True,0.00010816869840624133,0.8991097922848664,0,,,61470.45799091364,96395.3416634187,True,True,post_v191_one_drop_one_add_whole_loan_swap,post-v191 one-swap pricing only; not multi-swap or global proof,D,C,2,1,2,0,2,1,2018,2018,MN,other
v63_source_repair_return_guarded_repair,incumbent_cvar_relaxed_source_lp,142547301,126733849,1000.0,1000.0,-171.39694085680853,-186.9469746106631,15.550033753854564,2001.3788186879324,842500.0,True,True,0.00010816869840624133,0.8979228486646884,0,,,61542.14744490024,96488.08249666268,True,True,post_v191_one_drop_one_add_whole_loan_swap,post-v191 one-swap pricing only; not multi-swap or global proof,D,B,2,0,2,4,2,3,2018,2018,MN,NJ
v63_source_repair_return_guarded_repair,incumbent_cvar_relaxed_source_lp,142547301,126419064,1000.0,1000.0,-171.39694085680853,-198.85427993768698,27.457339080878455,2013.2861240149562,842500.0,True,True,0.00010816869840624133,0.8991097922848664,0,,,61443.85146748328,96352.67325735805,True,True,post_v191_one_drop_one_add_whole_loan_swap,post-v191 one-swap pricing only; not multi-swap or global proof,D,D,2,2,2,4,2,1,2018,2018,MN,other
v63_source_repair_return_guarded_repair,incumbent_cvar_relaxed_source_lp,142547301,168701788,1000.0,1000.0,-171.39694085680853,-178.5860397151734,7.189098858364872,1993.0178837924425,842500.0,True,True,0.00010816869840624133,0.8991097922848664,0,,,61462.726629167475,96362.37098337509,True,True,post_v191_one_drop_one_add_whole_loan_swap,post-v191 one-swap pricing only; not multi-swap or global proof,D,C,2,1,2,3,2,1,2018,2020,MN,TX
v63_source_repair_return_guarded_repair,incumbent_cvar_relaxed_source_lp,142547301,169358871,1000.0,1000.0,-171.39694085680853,-177.86634212741987,6.469401270611343,1992.298186204689,842500.0,True,True,0.00010816869840624133,0.8991097922848664,0,,,61472.497646500204,96349.94594833525,True,True,post_v191_one_drop_one_add_whole_loan_swap,post-v191 one-swap pricing only; not multi-swap or global proof,D,C,2,1,2,3,2,0,2018,2020,MN,VA
v63_source_repair_return_guarded_repair,incumbent_cvar_relaxed_source_lp,142547301,139506195,1000.0,1000.0,-171.39694085680853,-177.67809625327766,6.281155396469131,1992.1099403305468,842500.0,True,True,0.00010816869840624133,0.8991097922848664,0,,,61446.6629664488,96296.16432321482,True,True,post_v191_one_drop_one_add_whole_loan_swap,post-v191 one-swap pricing only; not multi-swap or global proof,D,D,2,2,2,2,2,0,2018,2018,MN,CA
v63_source_repair_return_guarded_repair,incumbent_cvar_relaxed_source_lp,142547301,156823754,1000.0,1000.0,-171.39694085680853,-183.46022770133698,12.063286844528449,1997.8920717786061,842500.0,True,True,0.00010816869840624133,0.8991097922848664,0,,,61444.26474734939,96275.25955983416,True,True,post_v191_one_drop_one_add_whole_loan_swap,post-v191 one-swap pricing only; not multi-swap or global proof,D,D,2,2,2,3,2,1,2018,2019,MN,CA
v63_source_repair_return_guarded_repair,incumbent_cvar_relaxed_source_lp,142547301,156807668,1000.0,1000.0,-171.39694085680853,-175.85010442413147,4.453163567322946,1990.2819485014006,842500.0,True,True,0.00010816869840624133,0.8991097922848664,0,,,61471.6982417081,96303.53592021184,True,True,post_v191_one_drop_one_add_whole_loan_swap,post-v191 one-swap pricing only; not multi-swap or global proof,D,D,2,2,2,0,2,0,2018,2019,MN,TX
v63_source_repair_return_guarded_repair,incumbent_cvar_relaxed_source_lp,142527744,126523487,1975.0,2000.0,-344.9198257302716,-350.42656531605377,5.506739585782157,1991.33552451986,842475.0,True,True,8.285558210519017e-05,0.8991364728923706,0,,,61349.72003452497,96267.81091354902,True,True,post_v191_one_drop_one_add_whole_loan_swap,post-v191 one-swap pricing only; not multi-swap or global proof,B,C,1,1,0,4,0,1,2018,2018,OH,CA
v63_source_repair_return_guarded_repair,incumbent_cvar_relaxed_source_lp,142448559,126733849,1200.0,1000.0,-174.68738765590132,-186.9469746106631,12.259586954761772,1998.0883718888394,842700.0,True,True,0.000310619560215053,0.8991337367983862,0,,,61452.45100135801,96367.52057570717,True,True,post_v191_one_drop_one_add_whole_loan_swap,post-v191 one-swap pricing only; not multi-swap or global proof,B,B,0,0,1,4,2,3,2018,2018,IL,NJ
v63_source_repair_return_guarded_repair,incumbent_cvar_relaxed_source_lp,142448559,126483031,1200.0,1200.0,-174.68738765590132,-200.480236756332,25.792849100430686,2011.6216340345084,842500.0,True,True,0.00010816869840624133,0.8991097922848664,0,,,61431.46657701848,96337.10162510547,True,True,post_v191_one_drop_one_add_whole_loan_swap,post-v191 one-swap pricing only; not multi-swap or global proof,B,B,0,0,1,2,2,0,2018,2018,IL,FL
v63_source_repair_return_guarded_repair,incumbent_cvar_relaxed_source_lp,141969831,126820122,1000.0,1000.0,-198.6946879530038,-201.89545162414464,3.200763671140834,1989.0295486052185,842500.0,True,True,0.00010816869840624133,0.8991097922848664,0,,,61498.29872002576,96407.93270478674,True,True,post_v191_one_drop_one_add_whole_loan_swap,post-v191 one-swap pricing only; not multi-swap or global proof,D,C,2,1,3,0,0,1,2018,2018,MN,other
v63_source_repair_return_guarded_repair,incumbent_cvar_relaxed_source_lp,141969831,126419064,1000.0,1000.0,-198.6946879530038,-198.85427993768698,0.15959198468317481,1985.9883769187609,842500.0,True,True,0.00010816869840624133,0.8991097922848664,0,,,61471.6921965954,96365.2642987261,True,True,post_v191_one_drop_one_add_whole_loan_swap,post-v191 one-swap pricing only; not multi-swap or global proof,D,D,2,2,3,4,0,1,2018,2018,MN,other
v63_source_repair_return_guarded_repair,incumbent_cvar_relaxed_source_lp,142191288,126483031,1300.0,1200.0,-196.74476771496595,-200.480236756332,3.735469041366059,1989.5642539754438,842600.0,True,True,0.00020940614277265013,0.899121765962497,0,,,61456.44172372721,96377.88426511911,True,True,post_v191_one_drop_one_add_whole_loan_swap,post-v191 one-swap pricing only; not multi-swap or global proof,B,B,0,0,2,2,1,0,2018,2018,IL,FL
v63_source_repair_return_guarded_repair,incumbent_cvar_relaxed_source_lp,142158597,126820122,1000.0,1000.0,-198.6946879530038,-201.89545162414464,3.200763671140834,1989.0295486052185,842500.0,True,True,0.00010816869840624133,0.8991097922848664,0,,,61498.29872002576,96407.93270478674,True,True,post_v191_one_drop_one_add_whole_loan_swap,post-v191 one-swap pricing only; not multi-swap or global proof,D,C,2,1,2,0,2,1,2018,2018,other,other
v63_source_repair_return_guarded_repair,incumbent_cvar_relaxed_source_lp,142158597,126419064,1000.0,1000.0,-198.6946879530038,-198.85427993768698,0.15959198468317481,1985.9883769187609,842500.0,True,True,0.00010816869840624133,0.8991097922848664,0,,,61471.6921965954,96365.2642987261,True,True,post_v191_one_drop_one_add_whole_loan_swap,post-v191 one-swap pricing only; not multi-swap or global proof,D,D,2,2,2,4,2,1,2018,2018,other,other
v63_source_repair_return_guarded_repair,incumbent_cvar_relaxed_source_lp,142054292,127672145,1000.0,1000.0,-182.663633648734,-196.20083323856994,13.53719958983595,1999.3659845239135,842500.0,True,True,0.00010816869840624133,0.8991097922848664,0,,,61561.95757137195,96521.50649420042,True,True,post_v191_one_drop_one_add_whole_loan_swap,post-v191 one-swap pricing only; not multi-swap or global proof,E,C,2,1,2,0,0,2,2018,2018,MD,other
v63_source_repair_return_guarded_repair,incumbent_cvar_relaxed_source_lp,142054292,126820122,1000.0,1000.0,-182.663633648734,-201.89545162414464,19.23181797541065,2005.0606029094884,842500.0,True,True,0.00010816869840624133,0.8991097922848664,0,,,61521.375532410035,96473.13597984171,True,True,post_v191_one_drop_one_add_whole_loan_swap,post-v191 one-swap pricing only; not multi-swap or global proof,E,C,2,1,2,0,0,1,2018,2018,MD,other
v63_source_repair_return_guarded_repair,incumbent_cvar_relaxed_source_lp,142054292,126733849,1000.0,1000.0,-182.663633648734,-186.9469746106631,4.283340961929099,1990.1121258960068,842500.0,True,True,0.00010816869840624133,0.8979228486646884,0,,,61593.06498639664,96565.87681308568,True,True,post_v191_one_drop_one_add_whole_loan_swap,post-v191 one-swap pricing only; not multi-swap or global proof,E,B,2,0,2,4,0,3,2018,2018,MD,NJ
v63_source_repair_return_guarded_repair,incumbent_cvar_relaxed_source_lp,142054292,126419064,1000.0,1000.0,-182.663633648734,-198.85427993768698,16.19064628895299,2002.0194312230308,842500.0,True,True,0.00010816869840624133,0.8991097922848664,0,,,61494.76900897968,96430.46757378105,True,True,post_v191_one_drop_one_add_whole_loan_swap,post-v191 one-swap pricing only; not multi-swap or global proof,E,D,2,2,2,4,0,1,2018,2018,MD,other
v63_source_repair_return_guarded_repair,incumbent_cvar_relaxed_source_lp,142054292,156823754,1000.0,1000.0,-182.663633648734,-183.46022770133698,0.796594052602984,1986.6253789866807,842500.0,True,True,0.00010816869840624133,0.8991097922848664,0,,,61495.1822888458,96353.05387625717,True,True,post_v191_one_drop_one_add_whole_loan_swap,post-v191 one-swap pricing only; not multi-swap or global proof,E,D,2,2,2,3,0,1,2018,2019,MD,CA
v63_source_repair_return_guarded_repair,incumbent_cvar_relaxed_source_lp,141524082,126733849,1000.0,1000.0,-179.84696271822858,-186.9469746106631,7.100011892434509,1992.928796826512,842500.0,True,True,0.00010816869840624133,0.8991097922848664,0,,,61431.231369537185,96326.3084277739,True,True,post_v191_one_drop_one_add_whole_loan_swap,post-v191 one-swap pricing only; not multi-swap or global proof,B,B,0,0,3,4,0,3,2018,2018,NJ,NJ
v63_source_repair_return_guarded_repair,incumbent_cvar_relaxed_source_lp,141444346,148096150,1500.0,1000.0,32.47886403910917,27.38487574759364,5.0939882915155295,1990.9227732255931,843000.0,True,True,2.099592630155911e-05,0.8991696322657177,0,,,61466.44258553274,96324.66411838154,True,True,post_v191_one_drop_one_add_whole_loan_swap,post-v191 one-swap pricing only; not multi-swap or global proof,A,A,0,0,2,4,1,0,2018,2019,CO,MA
v63_source_repair_return_guarded_repair,incumbent_cvar_relaxed_source_lp,141184113,127281432,2000.0,2000.0,-248.63454352438842,-271.1059581396894,22.471414615300972,2008.3001995493787,842500.0,True,True,0.00010816869840624133,0.8991097922848664,0,,,61427.97541941466,96368.16784741923,True,True,post_v191_one_drop_one_add_whole_loan_swap,post-v191 one-swap pricing only; not multi-swap or global proof,B,B,0,0,4,4,0,0,2018,2018,NY,other
v63_source_repair_return_guarded_repair,incumbent_cvar_relaxed_source_lp,141184113,126760355,2000.0,1500.0,-248.63454352438842,-250.40002765814089,1.7654841337524658,1987.5942690678303,843000.0,True,True,0.0006141157365032734,0.8991696322657177,0,,,61512.19098468484,96486.4692326154,True,True,post_v191_one_drop_one_add_whole_loan_swap,post-v191 one-swap pricing only; not multi-swap or global proof,B,B,0,0,4,1,0,0,2018,2018,NY,IL
v63_source_repair_return_guarded_repair,incumbent_cvar_relaxed_source_lp,149461606,126733849,1000.0,1000.0,-164.00156784304872,-186.9469746106631,22.945406767614372,2008.774191701692,842500.0,True,True,0.00010816869840624133,0.8991097922848664,0,,,61427.67391023898,96318.8981108342,True,True,post_v191_one_drop_one_add_whole_loan_swap,post-v191 one-swap pricing only; not multi-swap or global proof,B,B,0,0,3,4,0,3,2019,2018,NC,NJ
v63_source_repair_return_guarded_repair,incumbent_cvar_relaxed_source_lp,149461606,126468092,1000.0,1000.0,-164.00156784304872,-169.50590883596908,5.504340992920362,1991.333125926998,842500.0,True,True,0.00010816869840624133,0.8991097922848664,0,,,61450.57813279636,96350.13151280691,True,True,post_v191_one_drop_one_add_whole_loan_swap,post-v191 one-swap pricing only; not multi-swap or global proof,B,B,0,0,3,1,0,2,2019,2018,NC,other
v63_source_repair_return_guarded_repair,incumbent_cvar_relaxed_source_lp,149234001,168678809,1000.0,1000.0,-21.926866965281548,-25.935876492202276,4.009009526920728,1989.8377944609983,842500.0,True,True,0.00010816869840624133,0.8991097922848664,0,,,61431.29331417655,96273.88956780646,True,True,post_v191_one_drop_one_add_whole_loan_swap,post-v191 one-swap pricing only; not multi-swap or global proof,A,A,1,1,2,1,2,0,2019,2020,NC,IN
v63_source_repair_return_guarded_repair,incumbent_cvar_relaxed_source_lp,149234001,170390171,1000.0,1000.0,-21.926866965281548,-23.632377345499286,1.7055103802177385,1987.5342953142954,842500.0,True,True,0.00010816869840624133,0.8991097922848664,0,,,61427.88782463501,96266.95676762138,True,True,post_v191_one_drop_one_add_whole_loan_swap,post-v191 one-swap pricing only; not multi-swap or global proof,A,A,1,1,2,0,2,0,2019,2020,NC,other
v63_source_repair_return_guarded_repair,incumbent_cvar_relaxed_source_lp,149234001,169450190,1000.0,1000.0,-21.926866965281548,-22.58050328415853,0.653636318876984,1986.4824212529547,842500.0,True,True,0.00010816869840624133,0.8991097922848664,0,,,61410.57310014646,96231.94873429557,True,True,post_v191_one_drop_one_add_whole_loan_swap,post-v191 one-swap pricing only; not multi-swap or global proof,A,A,1,1,2,0,2,0,2019,2020,NC,AZ
v63_source_repair_return_guarded_repair,incumbent_cvar_relaxed_source_lp,149155031,127672145,1000.0,1000.0,-180.4847285023466,-196.20083323856994,15.716104736223343,2001.544889670301,842500.0,True,True,0.00010816869840624133,0.8991097922848664,0,,,61586.1257631296,96456.77729094577,True,True,post_v191_one_drop_one_add_whole_loan_swap,post-v191 one-swap pricing only; not multi-swap or global proof,D,C,3,1,3,0,2,2,2019,2018,TX,other
v63_source_repair_return_guarded_repair,incumbent_cvar_relaxed_source_lp,149155031,126820122,1000.0,1000.0,-180.4847285023466,-201.89545162414464,21.410723121798043,2007.2395080558758,842500.0,True,True,0.00010816869840624133,0.8991097922848664,0,,,61545.543724167685,96408.40677658703,True,True,post_v191_one_drop_one_add_whole_loan_swap,post-v191 one-swap pricing only; not multi-swap or global proof,D,C,3,1,3,0,2,1,2019,2018,TX,other
v63_source_repair_return_guarded_repair,incumbent_cvar_relaxed_source_lp,149155031,126733849,1000.0,1000.0,-180.4847285023466,-186.9469746106631,6.462246108316492,1992.2910310423943,842500.0,True,True,0.00010816869840624133,0.8979228486646884,0,,,61617.233178154296,96501.14760983104,True,True,post_v191_one_drop_one_add_whole_loan_swap,post-v191 one-swap pricing only; not multi-swap or global proof,D,B,3,0,3,4,2,3,2019,2018,TX,NJ
v63_source_repair_return_guarded_repair,incumbent_cvar_relaxed_source_lp,149155031,126419064,1000.0,1000.0,-180.4847285023466,-198.85427993768698,18.369551435340384,2004.198336369418,842500.0,True,True,0.00010816869840624133,0.8991097922848664,0,,,61518.93720073732,96365.73837052641,True,True,post_v191_one_drop_one_add_whole_loan_swap,post-v191 one-swap pricing only; not multi-swap or global proof,D,D,3,2,3,4,2,1,2019,2018,TX,other
v63_source_repair_return_guarded_repair,incumbent_cvar_relaxed_source_lp,149155031,156823754,1000.0,1000.0,-180.4847285023466,-183.46022770133698,2.975499198990377,1988.804284133068,842500.0,True,True,0.00010816869840624133,0.8991097922848664,0,,,61519.35048060344,96288.32467300251,True,True,post_v191_one_drop_one_add_whole_loan_swap,post-v191 one-swap pricing only; not multi-swap or global proof,D,D,3,2,3,3,2,1,2019,2019,TX,CA
v63_source_repair_return_guarded_repair,incumbent_cvar_relaxed_source_lp,149149014,168678809,1000.0,1000.0,-24.023651160233186,-25.935876492202276,1.9122253319690898,1987.7410102660467,842500.0,True,True,0.00010816869840624133,0.8991097922848664,0,,,61439.817525354985,96287.7362844081,True,True,post_v191_one_drop_one_add_whole_loan_swap,post-v191 one-swap pricing only; not multi-swap or global proof,A,A,1,1,3,1,2,0,2019,2020,FL,IN
v63_source_repair_return_guarded_repair,incumbent_cvar_relaxed_source_lp,148588666,127672145,1000.0,1000.0,-180.4847285023466,-196.20083323856994,15.716104736223343,2001.544889670301,842500.0,True,True,0.00010816869840624133,0.8991097922848664,0,,,61586.1257631296,96456.77729094577,True,True,post_v191_one_drop_one_add_whole_loan_swap,post-v191 one-swap pricing only; not multi-swap or global proof,D,C,3,1,2,0,2,2,2019,2018,VA,other
v63_source_repair_return_guarded_repair,incumbent_cvar_relaxed_source_lp,148588666,126820122,1000.0,1000.0,-180.4847285023466,-201.89545162414464,21.410723121798043,2007.2395080558758,842500.0,True,True,0.00010816869840624133,0.8991097922848664,0,,,61545.543724167685,96408.40677658703,True,True,post_v191_one_drop_one_add_whole_loan_swap,post-v191 one-swap pricing only; not multi-swap or global proof,D,C,3,1,2,0,2,1,2019,2018,VA,other
v63_source_repair_return_guarded_repair,incumbent_cvar_relaxed_source_lp,148588666,126733849,1000.0,1000.0,-180.4847285023466,-186.9469746106631,6.462246108316492,1992.2910310423943,842500.0,True,True,0.00010816869840624133,0.8979228486646884,0,,,61617.233178154296,96501.14760983104,True,True,post_v191_one_drop_one_add_whole_loan_swap,post-v191 one-swap pricing only; not multi-swap or global proof,D,B,3,0,2,4,2,3,2019,2018,VA,NJ
v63_source_repair_return_guarded_repair,incumbent_cvar_relaxed_source_lp,148588666,126419064,1000.0,1000.0,-180.4847285023466,-198.85427993768698,18.369551435340384,2004.198336369418,842500.0,True,True,0.00010816869840624133,0.8991097922848664,0,,,61518.93720073732,96365.73837052641,True,True,post_v191_one_drop_one_add_whole_loan_swap,post-v191 one-swap pricing only; not multi-swap or global proof,D,D,3,2,2,4,2,1,2019,2018,VA,other
v63_source_repair_return_guarded_repair,incumbent_cvar_relaxed_source_lp,148588666,156823754,1000.0,1000.0,-180.4847285023466,-183.46022770133698,2.975499198990377,1988.804284133068,842500.0,True,True,0.00010816869840624133,0.8991097922848664,0,,,61519.35048060344,96288.32467300251,True,True,post_v191_one_drop_one_add_whole_loan_swap,post-v191 one-swap pricing only; not multi-swap or global proof,D,D,3,2,2,3,2,1,2019,2019,VA,CA
v63_source_repair_return_guarded_repair,incumbent_cvar_relaxed_source_lp,148488907,168678809,1500.0,1000.0,-23.590300447922335,-25.935876492202276,2.345576044279941,1988.1743609783578,843000.0,True,True,2.099592630155911e-05,0.8985765124555161,0,,,61479.12938395261,96351.59441200385,True,True,post_v191_one_drop_one_add_whole_loan_swap,post-v191 one-swap pricing only; not multi-swap or global proof,A,A,1,1,3,1,4,0,2019,2020,other,IN
v63_source_repair_return_guarded_repair,incumbent_cvar_relaxed_source_lp,148488907,168803640,1500.0,1500.0,-23.590300447922335,-30.498264963412808,6.907964515490473,1992.7367494495682,842500.0,True,True,0.00010816869840624133,0.8991097922848664,0,,,61409.83252553697,96244.03105552547,True,True,post_v191_one_drop_one_add_whole_loan_swap,post-v191 one-swap pricing only; not multi-swap or global proof,A,A,1,1,3,3,4,3,2019,2020,other,IL
v63_source_repair_return_guarded_repair,incumbent_cvar_relaxed_source_lp,148488907,170390171,1500.0,1000.0,-23.590300447922335,-23.632377345499286,0.04207689757695121,1985.8708618316546,843000.0,True,True,2.099592630155911e-05,0.8985765124555161,0,,,61475.72389441106,96344.66161181874,True,True,post_v191_one_drop_one_add_whole_loan_swap,post-v191 one-swap pricing only; not multi-swap or global proof,A,A,1,1,3,0,4,0,2019,2020,other,other
v63_source_repair_return_guarded_repair,incumbent_cvar_relaxed_source_lp,148266260,127672145,1000.0,1000.0,-181.8913939597021,-196.20083323856994,14.309439278867842,2000.1382242129455,842500.0,True,True,0.00010816869840624133,0.8991097922848664,0,,,61587.571214713214,96453.30458710332,True,True,post_v191_one_drop_one_add_whole_loan_swap,post-v191 one-swap pricing only; not multi-swap or global proof,D,C,3,1,3,0,1,2,2019,2018,TX,other
v63_source_repair_return_guarded_repair,incumbent_cvar_relaxed_source_lp,148266260,126820122,1000.0,1000.0,-181.8913939597021,-201.89545162414464,20.00405766444254,2005.8328425985203,842500.0,True,True,0.00010816869840624133,0.8991097922848664,0,,,61546.98917575129,96404.9340727446,True,True,post_v191_one_drop_one_add_whole_loan_swap,post-v191 one-swap pricing only; not multi-swap or global proof,D,C,3,1,3,0,1,1,2019,2018,TX,other
v63_source_repair_return_guarded_repair,incumbent_cvar_relaxed_source_lp,148266260,126733849,1000.0,1000.0,-181.8913939597021,-186.9469746106631,5.055580650960991,1990.8843655850387,842500.0,True,True,0.00010816869840624133,0.8979228486646884,0,,,61618.67862973789,96497.6749059886,True,True,post_v191_one_drop_one_add_whole_loan_swap,post-v191 one-swap pricing only; not multi-swap or global proof,D,B,3,0,3,4,1,3,2019,2018,TX,NJ
v63_source_repair_return_guarded_repair,incumbent_cvar_relaxed_source_lp,148266260,126419064,1000.0,1000.0,-181.8913939597021,-198.85427993768698,16.962885977984882,2002.7916709120625,842500.0,True,True,0.00010816869840624133,0.8991097922848664,0,,,61520.382652320935,96362.26566668398,True,True,post_v191_one_drop_one_add_whole_loan_swap,post-v191 one-swap pricing only; not multi-swap or global proof,D,D,3,2,3,4,1,1,2019,2018,TX,other
v63_source_repair_return_guarded_repair,incumbent_cvar_relaxed_source_lp,148266260,156823754,1000.0,1000.0,-181.8913939597021,-183.46022770133698,1.5688337416348759,1987.3976186757127,842500.0,True,True,0.00010816869840624133,0.8991097922848664,0,,,61520.795932187044,96284.85196916008,True,True,post_v191_one_drop_one_add_whole_loan_swap,post-v191 one-swap pricing only; not multi-swap or global proof,D,D,3,2,3,3,1,1,2019,2019,TX,CA
v63_source_repair_return_guarded_repair,incumbent_cvar_relaxed_source_lp,148037050,127375002,3600.0,3000.0,79.29801093152109,78.27811063319062,1.0199002983304695,1986.8486852324081,843100.0,True,True,3.5737793443457733e-06,0.8991815917447515,0,,,61502.81270234373,96400.57818823418,True,True,post_v191_one_drop_one_add_whole_loan_swap,post-v191 one-swap pricing only; not multi-swap or global proof,A,A,0,0,2,3,0,0,2019,2018,NV,AZ
v63_source_repair_return_guarded_repair,incumbent_cvar_relaxed_source_lp,148128009,151650780,2500.0,2000.0,54.46218936898403,52.68006941227111,1.7821199567129185,1987.6109048907906,843000.0,True,True,2.099592630155911e-05,0.8991696322657177,0,,,61452.36514228889,96299.75535383154,True,True,post_v191_one_drop_one_add_whole_loan_swap,post-v191 one-swap pricing only; not multi-swap or global proof,A,A,0,0,4,2,0,0,2019,2019,CA,other
v63_source_repair_return_guarded_repair,incumbent_cvar_relaxed_source_lp,147989812,127672145,1000.0,1000.0,-190.0117523232195,-196.20083323856994,6.189080915350445,1992.017865849428,842500.0,True,True,0.00010816869840624133,0.8991097922848664,0,,,61453.29267035846,96355.84768836295,True,True,post_v191_one_drop_one_add_whole_loan_swap,post-v191 one-swap pricing only; not multi-swap or global proof,C,C,1,1,0,0,0,2,2019,2018,CA,other
v63_source_repair_return_guarded_repair,incumbent_cvar_relaxed_source_lp,147989812,126820122,1000.0,1000.0,-190.0117523232195,-201.89545162414464,11.883699300925144,1997.7124842350029,842500.0,True,True,0.00010816869840624133,0.8991097922848664,0,,,61412.710631396534,96307.47717400422,True,True,post_v191_one_drop_one_add_whole_loan_swap,post-v191 one-swap pricing only; not multi-swap or global proof,C,C,1,1,0,0,0,1,2019,2018,CA,other
v63_source_repair_return_guarded_repair,incumbent_cvar_relaxed_source_lp,147989812,126419064,1000.0,1000.0,-190.0117523232195,-198.85427993768698,8.842527614467485,1994.6713125485453,842500.0,True,True,0.00010816869840624133,0.8991097922848664,0,,,61386.104107966166,96264.80876794357,True,True,post_v191_one_drop_one_add_whole_loan_swap,post-v191 one-swap pricing only; not multi-swap or global proof,C,D,1,2,0,4,0,1,2019,2018,CA,other
v63_source_repair_return_guarded_repair,incumbent_cvar_relaxed_source_lp,147899491,126760355,1500.0,1500.0,-247.13756401386254,-250.40002765814089,3.2624636442783412,1989.091248578356,842500.0,True,True,0.00010816869840624133,0.8991097922848664,0,,,61458.80226026518,96386.9948233709,True,True,post_v191_one_drop_one_add_whole_loan_swap,post-v191 one-swap pricing only; not multi-swap or global proof,B,B,0,0,2,1,0,0,2019,2018,other,IL
v63_source_repair_return_guarded_repair,incumbent_cvar_relaxed_source_lp,147879842,126523487,1900.0,2000.0,-332.34555701567945,-350.42656531605377,18.08100830037432,2003.909793234452,842400.0,True,True,6.907218559226713e-06,0.8992165242165242,0,,,61366.4699469903,96265.7452092,True,True,post_v191_one_drop_one_add_whole_loan_swap,post-v191 one-swap pricing only; not multi-swap or global proof,B,C,1,1,4,4,0,1,2019,2018,CA,CA
v63_source_repair_return_guarded_repair,incumbent_cvar_relaxed_source_lp,147597555,126733849,1000.0,1000.0,-171.65837600924158,-186.9469746106631,15.288598601421512,2001.1173835354991,842500.0,True,True,0.00010816869840624133,0.8991097922848664,0,,,61421.3534124873,96308.54414552698,True,True,post_v191_one_drop_one_add_whole_loan_swap,post-v191 one-swap pricing only; not multi-swap or global proof,B,B,0,0,2,4,3,3,2019,2018,WA,NJ
v63_source_repair_return_guarded_repair,incumbent_cvar_relaxed_source_lp,147310699,126820122,1000.0,1000.0,-198.973191549881,-201.89545162414464,2.9222600742636473,1988.7510450083414,842500.0,True,True,0.00010816869840624133,0.8991097922848664,0,,,61518.18535371348,96463.4703569055,True,True,post_v191_one_drop_one_add_whole_loan_swap,post-v191 one-swap pricing only; not multi-swap or global proof,E,C,2,1,2,0,1,1,2019,2018,CA,other
v63_source_repair_return_guarded_repair,incumbent_cvar_relaxed_source_lp,147190807,151650780,2500.0,2000.0,55.06806314688965,52.68006941227111,2.38799373461854,1988.2167786686962,843000.0,True,True,2.099592630155911e-05,0.8991696322657177,0,,,61479.99844730903,96344.17570397779,True,True,post_v191_one_drop_one_add_whole_loan_swap,post-v191 one-swap pricing only; not multi-swap or global proof,A,A,0,0,1,2,0,0,2019,2019,IL,other
v63_source_repair_return_guarded_repair,incumbent_cvar_relaxed_source_lp,146311060,127672145,1000.0,1000.0,-187.1570637652536,-196.20083323856994,9.043769473316331,1994.872554407394,842500.0,True,True,0.00010816869840624133,0.8991097922848664,0,,,61472.57419643288,96372.50531800782,True,True,post_v191_one_drop_one_add_whole_loan_swap,post-v191 one-swap pricing only; not multi-swap or global proof,C,C,1,1,1,0,0,2,2019,2018,NC,other
v63_source_repair_return_guarded_repair,incumbent_cvar_relaxed_source_lp,146311060,126820122,1000.0,1000.0,-187.1570637652536,-201.89545162414464,14.73838785889103,2000.5671727929687,842500.0,True,True,0.00010816869840624133,0.8991097922848664,0,,,61431.99215747096,96324.13480364911,True,True,post_v191_one_drop_one_add_whole_loan_swap,post-v191 one-swap pricing only; not multi-swap or global proof,C,C,1,1,1,0,0,1,2019,2018,NC,other
v63_source_repair_return_guarded_repair,incumbent_cvar_relaxed_source_lp,146311060,126419064,1000.0,1000.0,-187.1570637652536,-198.85427993768698,11.697216172433372,1997.526001106511,842500.0,True,True,0.00010816869840624133,0.8991097922848664,0,,,61405.385634040606,96281.46639758846,True,True,post_v191_one_drop_one_add_whole_loan_swap,post-v191 one-swap pricing only; not multi-swap or global proof,C,D,1,2,1,4,0,1,2019,2018,NC,other
v63_source_repair_return_guarded_repair,incumbent_cvar_relaxed_source_lp,146674957,127672145,1000.0,1000.0,-190.46948618264764,-196.20083323856994,5.731347055922299,1991.56013199,842500.0,True,True,0.00010816869840624133,0.8991097922848664,0,,,61515.565319723544,96444.71026791578,True,True,post_v191_one_drop_one_add_whole_loan_swap,post-v191 one-swap pricing only; not multi-swap or global proof,D,C,2,1,4,0,0,2,2019,2018,VA,other
v63_source_repair_return_guarded_repair,incumbent_cvar_relaxed_source_lp,146674957,126820122,1000.0,1000.0,-190.46948618264764,-201.89545162414464,11.425965441496999,1997.2547503755748,842500.0,True,True,0.00010816869840624133,0.8991097922848664,0,,,61474.98328076163,96396.33975355703,True,True,post_v191_one_drop_one_add_whole_loan_swap,post-v191 one-swap pricing only; not multi-swap or global proof,D,C,2,1,4,0,0,1,2019,2018,VA,other
v63_source_repair_return_guarded_repair,incumbent_cvar_relaxed_source_lp,146674957,126419064,1000.0,1000.0,-190.46948618264764,-198.85427993768698,8.38479375503934,1994.213578689117,842500.0,True,True,0.00010816869840624133,0.8991097922848664,0,,,61448.376757331265,96353.6713474964,True,True,post_v191_one_drop_one_add_whole_loan_swap,post-v191 one-swap pricing only; not multi-swap or global proof,D,D,2,2,4,4,0,1,2019,2018,VA,other
v63_source_repair_return_guarded_repair,incumbent_cvar_relaxed_source_lp,146255415,160806330,1250.0,1200.0,-204.78232472676117,-210.10403328668124,5.321708559920069,1991.1504934939978,842550.0,True,True,0.0001587904244897409,0.8990564358198326,0,,,61527.124449175986,96397.05516790414,True,True,post_v191_one_drop_one_add_whole_loan_swap,post-v191 one-swap pricing only; not multi-swap or global proof,E,D,2,2,4,2,0,2,2019,2019,other,FL
v63_source_repair_return_guarded_repair,incumbent_cvar_relaxed_source_lp,145803826,127672145,1000.0,1000.0,-183.12585978140902,-196.20083323856994,13.074973457160922,1998.9037583912386,842500.0,True,True,0.00010816869840624133,0.8991097922848664,0,,,61552.523816532936,96511.73942772289,True,True,post_v191_one_drop_one_add_whole_loan_swap,post-v191 one-swap pricing only; not multi-swap or global proof,E,C,2,1,3,0,0,2,2019,2018,MI,other
v63_source_repair_return_guarded_repair,incumbent_cvar_relaxed_source_lp,145803826,126820122,1000.0,1000.0,-183.12585978140902,-201.89545162414464,18.769591842735622,2004.5983767768134,842500.0,True,True,0.00010816869840624133,0.8991097922848664,0,,,61511.941777571,96463.36891336416,True,True,post_v191_one_drop_one_add_whole_loan_swap,post-v191 one-swap pricing only; not multi-swap or global proof,E,C,2,1,3,0,0,1,2019,2018,MI,other
v63_source_repair_return_guarded_repair,incumbent_cvar_relaxed_source_lp,145803826,126733849,1000.0,1000.0,-183.12585978140902,-186.9469746106631,3.8211148292540713,1989.6498997633319,842500.0,True,True,0.00010816869840624133,0.8979228486646884,0,,,61583.631231557614,96556.10974660816,True,True,post_v191_one_drop_one_add_whole_loan_swap,post-v191 one-swap pricing only; not multi-swap or global proof,E,B,2,0,3,4,0,3,2019,2018,MI,NJ
v63_source_repair_return_guarded_repair,incumbent_cvar_relaxed_source_lp,145803826,126419064,1000.0,1000.0,-183.12585978140902,-198.85427993768698,15.728420156277963,2001.5572050903556,842500.0,True,True,0.00010816869840624133,0.8991097922848664,0,,,61485.33525414065,96420.7005073035,True,True,post_v191_one_drop_one_add_whole_loan_swap,post-v191 one-swap pricing only; not multi-swap or global proof,E,D,2,2,3,4,0,1,2019,2018,MI,other
v63_source_repair_return_guarded_repair,incumbent_cvar_relaxed_source_lp,145803826,156823754,1000.0,1000.0,-183.12585978140902,-183.46022770133698,0.33436791992795634,1986.1631528540056,842500.0,True,True,0.00010816869840624133,0.8991097922848664,0,,,61485.748534006765,96343.28680977963,True,True,post_v191_one_drop_one_add_whole_loan_swap,post-v191 one-swap pricing only; not multi-swap or global proof,E,D,2,2,3,3,0,1,2019,2019,MI,CA
v63_source_repair_return_guarded_repair,incumbent_cvar_relaxed_source_lp,145824687,127672145,1000.0,1000.0,-189.60565177320717,-196.20083323856994,6.595181465362771,1992.4239663994404,842500.0,True,True,0.00010816869840624133,0.8991097922848664,0,,,61484.91547482626,96417.80046080131,True,True,post_v191_one_drop_one_add_whole_loan_swap,post-v191 one-swap pricing only; not multi-swap or global proof,D,C,2,1,1,0,0,2,2019,2018,other,other
v63_source_repair_return_guarded_repair,incumbent_cvar_relaxed_source_lp,145824687,126820122,1000.0,1000.0,-189.60565177320717,-201.89545162414464,12.28979985093747,1998.1185847850152,842500.0,True,True,0.00010816869840624133,0.8991097922848664,0,,,61444.33343586434,96369.4299464426,True,True,post_v191_one_drop_one_add_whole_loan_swap,post-v191 one-swap pricing only; not multi-swap or global proof,D,C,2,1,1,0,0,1,2019,2018,other,other
v63_source_repair_return_guarded_repair,incumbent_cvar_relaxed_source_lp,145824687,126419064,1000.0,1000.0,-189.60565177320717,-198.85427993768698,9.248628164479811,1995.0774130985576,842500.0,True,True,0.00010816869840624133,0.8991097922848664,0,,,61417.72691243398,96326.76154038194,True,True,post_v191_one_drop_one_add_whole_loan_swap,post-v191 one-swap pricing only; not multi-swap or global proof,D,D,2,2,1,4,0,1,2019,2018,other,other
v63_source_repair_return_guarded_repair,incumbent_cvar_relaxed_source_lp,145977956,126658319,3000.0,2500.0,68.37566207938511,65.23175886099214,3.143903218392964,1988.9726881524707,843000.0,True,True,2.099592630155911e-05,0.8991696322657177,0,,,61489.79337056512,96379.69394418634,True,True,post_v191_one_drop_one_add_whole_loan_swap,post-v191 one-swap pricing only; not multi-swap or global proof,A,A,0,0,3,2,0,0,2019,2018,other,PA
v63_source_repair_return_guarded_repair,incumbent_cvar_relaxed_source_lp,146107119,126737687,3625.0,3300.0,-433.75214293310364,-479.6648309304875,45.91268799738384,2031.7414729314614,842825.0,True,True,0.0004371025571850984,0.8991486963485895,0,,,61487.8947453405,96535.10023934311,True,True,post_v191_one_drop_one_add_whole_loan_swap,post-v191 one-swap pricing only; not multi-swap or global proof,B,B,0,0,4,3,0,0,2019,2018,GA,VA
v63_source_repair_return_guarded_repair,incumbent_cvar_relaxed_source_lp,146058451,127672145,1000.0,1000.0,-162.5963102886178,-196.20083323856994,33.604522949952155,2019.4333078840298,842500.0,True,True,0.00010816869840624133,0.8991097922848664,0,,,61584.864896676554,96573.58241706488,True,True,post_v191_one_drop_one_add_whole_loan_swap,post-v191 one-swap pricing only; not multi-swap or global proof,F,C,2,1,1,0,2,2,2019,2018,NY,other
v63_source_repair_return_guarded_repair,incumbent_cvar_relaxed_source_lp,146058451,126827839,1000.0,1000.0,-162.5963102886178,-175.77898463113021,13.182674342512428,1999.0114592765901,842500.0,True,True,0.00010816869840624133,0.8991097922848664,0,,,61482.76199293129,96431.79183615012,True,True,post_v191_one_drop_one_add_whole_loan_swap,post-v191 one-swap pricing only; not multi-swap or global proof,F,E,2,2,1,0,2,4,2019,2018,NY,other
v63_source_repair_return_guarded_repair,incumbent_cvar_relaxed_source_lp,146058451,126820122,1000.0,1000.0,-162.5963102886178,-201.89545162414464,39.299141335526855,2025.1279262696046,842500.0,True,True,0.00010816869840624133,0.8991097922848664,0,,,61544.28285771464,96525.21190270617,True,True,post_v191_one_drop_one_add_whole_loan_swap,post-v191 one-swap pricing only; not multi-swap or global proof,F,C,2,1,1,0,2,1,2019,2018,NY,other
v63_source_repair_return_guarded_repair,incumbent_cvar_relaxed_source_lp,146058451,126733849,1000.0,1000.0,-162.5963102886178,-186.9469746106631,24.350664322045304,2010.179449256123,842500.0,True,True,0.00010816869840624133,0.8979228486646884,0,,,61615.97231170125,96617.95273595015,True,True,post_v191_one_drop_one_add_whole_loan_swap,post-v191 one-swap pricing only; not multi-swap or global proof,F,B,2,0,1,4,2,3,2019,2018,NY,NJ
v63_source_repair_return_guarded_repair,incumbent_cvar_relaxed_source_lp,146058451,126468092,1000.0,1000.0,-162.5963102886178,-169.50590883596908,6.909598547351294,1992.738383481429,842500.0,True,True,0.00010816869840624133,0.8979228486646884,0,,,61638.87653425863,96649.18613792286,True,True,post_v191_one_drop_one_add_whole_loan_swap,post-v191 one-swap pricing only; not multi-swap or global proof,F,B,2,0,1,1,2,2,2019,2018,NY,other
v63_source_repair_return_guarded_repair,incumbent_cvar_relaxed_source_lp,146058451,126419064,1000.0,1000.0,-162.5963102886178,-198.85427993768698,36.257969649069196,2022.086754583147,842500.0,True,True,0.00010816869840624133,0.8991097922848664,0,,,61517.676334284275,96482.54349664552,True,True,post_v191_one_drop_one_add_whole_loan_swap,post-v191 one-swap pricing only; not multi-swap or global proof,F,D,2,2,1,4,2,1,2019,2018,NY,other
v63_source_repair_return_guarded_repair,incumbent_cvar_relaxed_source_lp,146058451,168701788,1000.0,1000.0,-162.5963102886178,-178.5860397151734,15.989729426555613,2001.8185143606333,842500.0,True,True,0.00010816869840624133,0.8991097922848664,0,,,61536.551495968466,96492.24122266256,True,True,post_v191_one_drop_one_add_whole_loan_swap,post-v191 one-swap pricing only; not multi-swap or global proof,F,C,2,1,1,3,2,1,2019,2020,NY,TX
v63_source_repair_return_guarded_repair,incumbent_cvar_relaxed_source_lp,146058451,169358871,1000.0,1000.0,-162.5963102886178,-177.86634212741987,15.270031838802083,2001.0988167728797,842500.0,True,True,0.00010816869840624133,0.8991097922848664,0,,,61546.3225133012,96479.81618762274,True,True,post_v191_one_drop_one_add_whole_loan_swap,post-v191 one-swap pricing only; not multi-swap or global proof,F,C,2,1,1,3,2,0,2019,2020,NY,VA
v63_source_repair_return_guarded_repair,incumbent_cvar_relaxed_source_lp,146058451,139506195,1000.0,1000.0,-162.5963102886178,-177.67809625327766,15.081785964659872,2000.9105708987377,842500.0,True,True,0.00010816869840624133,0.8991097922848664,0,,,61520.48783324979,96426.03456250227,True,True,post_v191_one_drop_one_add_whole_loan_swap,post-v191 one-swap pricing only; not multi-swap or global proof,F,D,2,2,1,2,2,0,2019,2018,NY,CA
v63_source_repair_return_guarded_repair,incumbent_cvar_relaxed_source_lp,146058451,156823754,1000.0,1000.0,-162.5963102886178,-183.46022770133698,20.86391741271919,2006.692702346797,842500.0,True,True,0.00010816869840624133,0.8991097922848664,0,,,61518.08961415039,96405.12979912163,True,True,post_v191_one_drop_one_add_whole_loan_swap,post-v191 one-swap pricing only; not multi-swap or global proof,F,D,2,2,1,3,2,1,2019,2019,NY,CA
v63_source_repair_return_guarded_repair,incumbent_cvar_relaxed_source_lp,146058451,156807668,1000.0,1000.0,-162.5963102886178,-175.85010442413147,13.253794135513687,1999.0825790695915,842500.0,True,True,0.00010816869840624133,0.8991097922848664,0,,,61545.52310850909,96433.40615949933,True,True,post_v191_one_drop_one_add_whole_loan_swap,post-v191 one-swap pricing only; not multi-swap or global proof,F,D,2,2,1,0,2,0,2019,2019,NY,TX
v63_source_repair_return_guarded_repair,incumbent_cvar_relaxed_source_lp,145950014,126820122,1000.0,1000.0,-197.20586899379578,-201.89545162414464,4.689582630348866,1990.5183675644266,842500.0,True,True,0.00010816869840624133,0.8991097922848664,0,,,61375.8660025046,96251.09162804988,True,True,post_v191_one_drop_one_add_whole_loan_swap,post-v191 one-swap pricing only; not multi-swap or global proof,B,C,1,1,2,0,3,1,2019,2018,PA,other
v63_source_repair_return_guarded_repair,incumbent_cvar_relaxed_source_lp,145950014,126419064,1000.0,1000.0,-197.20586899379578,-198.85427993768698,1.6484109438912071,1987.4771958779688,842500.0,True,True,0.00010816869840624133,0.8991097922848664,0,,,61349.25947907423,96208.42322198921,True,True,post_v191_one_drop_one_add_whole_loan_swap,post-v191 one-swap pricing only; not multi-swap or global proof,B,D,1,2,2,4,3,1,2019,2018,PA,other
v63_source_repair_return_guarded_repair,incumbent_cvar_relaxed_source_lp,145693319,127672145,1000.0,1000.0,-185.7950112813479,-196.20083323856994,10.405821957222031,1996.2346068912998,842500.0,True,True,0.00010816869840624133,0.8991097922848664,0,,,61535.50285684877,96496.90430442824,True,True,post_v191_one_drop_one_add_whole_loan_swap,post-v191 one-swap pricing only; not multi-swap or global proof,E,C,2,1,0,0,1,2,2019,2018,MI,other
v63_source_repair_return_guarded_repair,incumbent_cvar_relaxed_source_lp,145693319,126820122,1000.0,1000.0,-185.7950112813479,-201.89545162414464,16.10044034279673,2001.9292252768744,842500.0,True,True,0.00010816869840624133,0.8991097922848664,0,,,61494.92081788684,96448.53379006953,True,True,post_v191_one_drop_one_add_whole_loan_swap,post-v191 one-swap pricing only; not multi-swap or global proof,E,C,2,1,0,0,1,1,2019,2018,MI,other
v63_source_repair_return_guarded_repair,incumbent_cvar_relaxed_source_lp,145693319,126733849,1000.0,1000.0,-185.7950112813479,-186.9469746106631,1.1519633293151799,1986.9807482633928,842500.0,True,True,0.00010816869840624133,0.8979228486646884,0,,,61566.610271873455,96541.27462331351,True,True,post_v191_one_drop_one_add_whole_loan_swap,post-v191 one-swap pricing only; not multi-swap or global proof,E,B,2,0,0,4,1,3,2019,2018,MI,NJ
v63_source_repair_return_guarded_repair,incumbent_cvar_relaxed_source_lp,145693319,126419064,1000.0,1000.0,-185.7950112813479,-198.85427993768698,13.059268656339071,1998.8880535904168,842500.0,True,True,0.00010816869840624133,0.8991097922848664,0,,,61468.31429445649,96405.86538400888,True,True,post_v191_one_drop_one_add_whole_loan_swap,post-v191 one-swap pricing only; not multi-swap or global proof,E,D,2,2,0,4,1,1,2019,2018,MI,other
v63_source_repair_return_guarded_repair,incumbent_cvar_relaxed_source_lp,154341738,168678809,1000.0,1000.0,-19.715403175880347,-25.935876492202276,6.220473316321929,1992.0492582503996,842500.0,True,True,0.00010816869840624133,0.8991097922848664,0,,,61429.007380881296,96269.6324553582,True,True,post_v191_one_drop_one_add_whole_loan_swap,post-v191 one-swap pricing only; not multi-swap or global proof,A,A,1,1,2,1,2,0,2019,2020,other,IN
v63_source_repair_return_guarded_repair,incumbent_cvar_relaxed_source_lp,154341738,170390171,1000.0,1000.0,-19.715403175880347,-23.632377345499286,3.916974169618939,1989.7457591036966,842500.0,True,True,0.00010816869840624133,0.8991097922848664,0,,,61425.60189133974,96262.69965517311,True,True,post_v191_one_drop_one_add_whole_loan_swap,post-v191 one-swap pricing only; not multi-swap or global proof,A,A,1,1,2,0,2,0,2019,2020,other,other
v63_source_repair_return_guarded_repair,incumbent_cvar_relaxed_source_lp,154341738,169450190,1000.0,1000.0,-19.715403175880347,-22.58050328415853,2.8651001082781846,1988.693885042356,842500.0,True,True,0.00010816869840624133,0.8991097922848664,0,,,61408.287166851194,96227.6916218473,True,True,post_v191_one_drop_one_add_whole_loan_swap,post-v191 one-swap pricing only; not multi-swap or global proof,A,A,1,1,2,0,2,0,2019,2020,other,AZ
v63_source_repair_return_guarded_repair,incumbent_cvar_relaxed_source_lp,153611978,151650780,2400.0,2000.0,52.897187573314156,52.68006941227111,0.2171181610430466,1986.0459030951208,842900.0,True,True,3.842220711736122e-05,0.8991576699489856,0,,,61475.611597608644,96338.29432665306,True,True,post_v191_one_drop_one_add_whole_loan_swap,post-v191 one-swap pricing only; not multi-swap or global proof,A,A,0,0,4,2,0,0,2019,2019,other,other
v63_source_repair_return_guarded_repair,incumbent_cvar_relaxed_source_lp,153138303,126658319,3000.0,2500.0,66.12148446664277,65.23175886099214,0.8897256056506251,1986.7185105397284,843000.0,True,True,2.099592630155911e-05,0.8991696322657177,0,,,61492.05239917256,96381.57629424964,True,True,post_v191_one_drop_one_add_whole_loan_swap,post-v191 one-swap pricing only; not multi-swap or global proof,A,A,0,0,3,2,0,0,2019,2018,other,PA
v63_source_repair_return_guarded_repair,incumbent_cvar_relaxed_source_lp,153077076,127672145,1200.0,1000.0,-186.56263776122043,-196.20083323856994,9.638195477349512,1995.4669804114271,842700.0,True,True,0.000310619560215053,0.8988964044143823,0,,,61602.24386109536,96570.6514227873,True,True,post_v191_one_drop_one_add_whole_loan_swap,post-v191 one-swap pricing only; not multi-swap or global proof,D,C,2,1,0,0,0,2,2019,2018,IL,other
v63_source_repair_return_guarded_repair,incumbent_cvar_relaxed_source_lp,153077076,126820122,1200.0,1000.0,-186.56263776122043,-201.89545162414464,15.332813862924212,2001.161598797002,842700.0,True,True,0.000310619560215053,0.8988964044143823,0,,,61561.661822133436,96522.2809084286,True,True,post_v191_one_drop_one_add_whole_loan_swap,post-v191 one-swap pricing only; not multi-swap or global proof,D,C,2,1,0,0,0,1,2019,2018,IL,other
v63_source_repair_return_guarded_repair,incumbent_cvar_relaxed_source_lp,153077076,126733849,1200.0,1000.0,-186.56263776122043,-186.9469746106631,0.38433684944266133,1986.2131217835204,842700.0,True,True,0.000310619560215053,0.8977097424943633,0,,,61633.35127612004,96615.02174167258,True,True,post_v191_one_drop_one_add_whole_loan_swap,post-v191 one-swap pricing only; not multi-swap or global proof,D,B,2,0,0,4,0,3,2019,2018,IL,NJ
v63_source_repair_return_guarded_repair,incumbent_cvar_relaxed_source_lp,153077076,126483031,1200.0,1200.0,-186.56263776122043,-200.480236756332,13.917598995111575,1999.7463839291893,842500.0,True,True,0.00010816869840624133,0.8976854599406529,0,,,61612.36685178052,96584.60279107088,True,True,post_v191_one_drop_one_add_whole_loan_swap,post-v191 one-swap pricing only; not multi-swap or global proof,D,B,2,0,0,2,0,0,2019,2018,IL,FL
v63_source_repair_return_guarded_repair,incumbent_cvar_relaxed_source_lp,153077076,126419064,1200.0,1000.0,-186.56263776122043,-198.85427993768698,12.291642176466553,1998.1204271105444,842700.0,True,True,0.000310619560215053,0.8988964044143823,0,,,61535.05529870308,96479.61250236796,True,True,post_v191_one_drop_one_add_whole_loan_swap,post-v191 one-swap pricing only; not multi-swap or global proof,D,D,2,2,0,4,0,1,2019,2018,IL,other
v63_source_repair_return_guarded_repair,incumbent_cvar_relaxed_source_lp,153077076,165985906,1200.0,1200.0,-186.56263776122043,-203.72482836822385,17.162190607003424,2002.990975541081,842500.0,True,True,0.00010816869840624133,0.8991097922848664,0,,,61518.03904866928,96414.24288607077,True,True,post_v191_one_drop_one_add_whole_loan_swap,post-v191 one-swap pricing only; not multi-swap or global proof,D,C,2,1,0,3,0,4,2019,2020,IL,VA
v63_source_repair_return_guarded_repair,incumbent_cvar_relaxed_source_lp,153077076,160806330,1200.0,1200.0,-186.56263776122043,-210.10403328668124,23.541395525460814,2009.3701804595385,842500.0,True,True,0.00010816869840624133,0.8991097922848664,0,,,61468.60175972211,96285.61917536527,True,True,post_v191_one_drop_one_add_whole_loan_swap,post-v191 one-swap pricing only; not multi-swap or global proof,D,D,2,2,0,2,0,2,2019,2019,IL,FL
v63_source_repair_return_guarded_repair,incumbent_cvar_relaxed_source_lp,152767295,126760355,1500.0,1500.0,-247.11732418395934,-250.40002765814089,3.2827034741815453,1989.1114884082592,842500.0,True,True,0.00010816869840624133,0.8991097922848664,0,,,61458.81808148732,96388.79972622242,True,True,post_v191_one_drop_one_add_whole_loan_swap,post-v191 one-swap pricing only; not multi-swap or global proof,B,B,0,0,2,1,1,0,2019,2018,OH,IL
v63_source_repair_return_guarded_repair,incumbent_cvar_relaxed_source_lp,152762134,168841753,1000.0,1000.0,-13.515403175880348,-15.58411172619063,2.068708550310282,1987.897493484388,842500.0,True,True,0.00010816869840624133,0.8991097922848664,0,,,61415.49352398312,96248.65609596513,True,True,post_v191_one_drop_one_add_whole_loan_swap,post-v191 one-swap pricing only; not multi-swap or global proof,A,A,1,1,0,1,1,0,2019,2020,OH,NY
v63_source_repair_return_guarded_repair,incumbent_cvar_relaxed_source_lp,152762134,168678809,1000.0,1000.0,-13.515403175880348,-25.935876492202276,12.420473316321928,1998.2492582503996,842500.0,True,True,0.00010816869840624133,0.8991097922848664,0,,,61429.007380881296,96269.6324553582,True,True,post_v191_one_drop_one_add_whole_loan_swap,post-v191 one-swap pricing only; not multi-swap or global proof,A,A,1,1,0,1,1,0,2019,2020,OH,IN
v63_source_repair_return_guarded_repair,incumbent_cvar_relaxed_source_lp,152762134,170390171,1000.0,1000.0,-13.515403175880348,-23.632377345499286,10.116974169618938,1995.9457591036967,842500.0,True,True,0.00010816869840624133,0.8991097922848664,0,,,61425.60189133974,96262.69965517311,True,True,post_v191_one_drop_one_add_whole_loan_swap,post-v191 one-swap pricing only; not multi-swap or global proof,A,A,1,1,0,0,1,0,2019,2020,OH,other
v63_source_repair_return_guarded_repair,incumbent_cvar_relaxed_source_lp,152762134,169450190,1000.0,1000.0,-13.515403175880348,-22.58050328415853,9.065100108278184,1994.8938850423558,842500.0,True,True,0.00010816869840624133,0.8991097922848664,0,,,61408.287166851194,96227.6916218473,True,True,post_v191_one_drop_one_add_whole_loan_swap,post-v191 one-swap pricing only; not multi-swap or global proof,A,A,1,1,0,0,1,0,2019,2020,OH,AZ
v63_source_repair_return_guarded_repair,incumbent_cvar_relaxed_source_lp,152690996,168803640,1800.0,1500.0,-29.880289184450632,-30.498264963412808,0.617975778962176,1986.4467607130398,842800.0,True,True,5.5852623263241696e-05,0.8987897484575226,0,,,61440.161684722356,96292.19945264964,True,True,post_v191_one_drop_one_add_whole_loan_swap,post-v191 one-swap pricing only; not multi-swap or global proof,A,A,1,1,1,3,1,3,2019,2020,other,IL
v63_source_repair_return_guarded_repair,incumbent_cvar_relaxed_source_lp,151946957,127695160,1500.0,1500.0,-229.6106251322233,-235.90029594541494,6.289670813191634,1992.1184557472693,842500.0,True,True,0.00010816869840624133,0.8991097922848664,0,,,61472.30546719385,96408.83896002636,True,True,post_v191_one_drop_one_add_whole_loan_swap,post-v191 one-swap pricing only; not multi-swap or global proof,B,B,0,0,2,2,1,1,2019,2018,other,TX
v63_source_repair_return_guarded_repair,incumbent_cvar_relaxed_source_lp,151946957,126760355,1500.0,1500.0,-229.6106251322233,-250.40002765814089,20.78940252591758,2006.6181874599952,842500.0,True,True,0.00010816869840624133,0.8991097922848664,0,,,61472.51077571744,96409.1273661263,True,True,post_v191_one_drop_one_add_whole_loan_swap,post-v191 one-swap pricing only; not multi-swap or global proof,B,B,0,0,2,1,1,0,2019,2018,other,IL
v63_source_repair_return_guarded_repair,incumbent_cvar_relaxed_source_lp,151946957,126430923,1500.0,1500.0,-229.6106251322233,-243.25029594541493,13.639670813191628,1999.4684557472692,842500.0,True,True,0.00010816869840624133,0.8991097922848664,0,,,61472.30546719385,96408.83896002636,True,True,post_v191_one_drop_one_add_whole_loan_swap,post-v191 one-swap pricing only; not multi-swap or global proof,B,B,0,0,2,3,1,0,2019,2018,other,other
v63_source_repair_return_guarded_repair,incumbent_cvar_relaxed_source_lp,151372310,126733849,1100.0,1000.0,-165.41575767263927,-186.9469746106631,21.531216938023817,2007.3600018721015,842600.0,True,True,0.00020940614277265013,0.899121765962497,0,,,61432.223313752605,96329.39623967189,True,True,post_v191_one_drop_one_add_whole_loan_swap,post-v191 one-swap pricing only; not multi-swap or global proof,B,B,0,0,4,4,0,3,2019,2018,NY,NJ
v63_source_repair_return_guarded_repair,incumbent_cvar_relaxed_source_lp,151372310,126483031,1100.0,1200.0,-165.41575767263927,-200.480236756332,35.06447908369273,2020.8932640177704,842400.0,True,True,6.907218559226713e-06,0.8990978157644824,0,,,61411.23888941307,96298.9772890702,True,True,post_v191_one_drop_one_add_whole_loan_swap,post-v191 one-swap pricing only; not multi-swap or global proof,B,B,0,0,4,2,0,0,2019,2018,NY,FL
v63_source_repair_return_guarded_repair,incumbent_cvar_relaxed_source_lp,151372310,126468092,1100.0,1000.0,-165.41575767263927,-169.50590883596908,4.090151163329807,1989.9189360974076,842600.0,True,True,0.00020940614277265013,0.899121765962497,0,,,61455.12753630999,96360.62964164463,True,True,post_v191_one_drop_one_add_whole_loan_swap,post-v191 one-swap pricing only; not multi-swap or global proof,B,B,0,0,4,1,0,2,2019,2018,NY,other
v63_source_repair_return_guarded_repair,incumbent_cvar_relaxed_source_lp,151226190,126760355,1400.0,1500.0,-243.14325012340825,-250.40002765814089,7.256777534732635,1993.0855624688104,842400.0,True,True,6.907218559226713e-06,0.8990978157644824,0,,,61444.527562987816,96364.26922834276,True,True,post_v191_one_drop_one_add_whole_loan_swap,post-v191 one-swap pricing only; not multi-swap or global proof,B,B,0,0,0,1,0,0,2019,2018,PA,IL
v63_source_repair_return_guarded_repair,incumbent_cvar_relaxed_source_lp,151226190,126430923,1400.0,1500.0,-243.14325012340825,-243.25029594541493,0.10704582200668256,1985.9358307560844,842400.0,True,True,6.907218559226713e-06,0.8990978157644824,0,,,61444.3222544642,96363.9808222428,True,True,post_v191_one_drop_one_add_whole_loan_swap,post-v191 one-swap pricing only; not multi-swap or global proof,B,B,0,0,0,3,0,0,2019,2018,PA,other
v63_source_repair_return_guarded_repair,incumbent_cvar_relaxed_source_lp,151196496,168803640,1750.0,1500.0,-29.05028115154924,-30.498264963412808,1.447983811863569,1987.2767687459414,842750.0,True,True,6.456938254495448e-05,0.8988430732720261,0,,,61435.33286893031,96284.3860379353,True,True,post_v191_one_drop_one_add_whole_loan_swap,post-v191 one-swap pricing only; not multi-swap or global proof,A,A,1,1,0,3,2,3,2019,2020,NY,IL
v63_source_repair_return_guarded_repair,incumbent_cvar_relaxed_source_lp,150773698,126820122,1000.0,1000.0,-198.98394577538747,-201.89545162414464,2.911505848757173,1988.7402907828348,842500.0,True,True,0.00010816869840624133,0.8991097922848664,0,,,61446.94353758319,96335.41386462821,True,True,post_v191_one_drop_one_add_whole_loan_swap,post-v191 one-swap pricing only; not multi-swap or global proof,C,C,1,1,4,0,4,1,2019,2018,VA,other
v63_source_repair_return_guarded_repair,incumbent_cvar_relaxed_source_lp,150701330,127672145,1000.0,1000.0,-194.73729436734638,-196.20083323856994,1.4635388712235624,1987.2923238053013,842500.0,True,True,0.00010816869840624133,0.8991097922848664,0,,,61600.69053698468,96462.73344281137,True,True,post_v191_one_drop_one_add_whole_loan_swap,post-v191 one-swap pricing only; not multi-swap or global proof,D,C,4,1,1,0,4,2,2019,2018,WA,other
v63_source_repair_return_guarded_repair,incumbent_cvar_relaxed_source_lp,150701330,126820122,1000.0,1000.0,-194.73729436734638,-201.89545162414464,7.158157256798262,1992.9869421908759,842500.0,True,True,0.00010816869840624133,0.8991097922848664,0,,,61560.10849802276,96414.36292845267,True,True,post_v191_one_drop_one_add_whole_loan_swap,post-v191 one-swap pricing only; not multi-swap or global proof,D,C,4,1,1,0,4,1,2019,2018,WA,other
v63_source_repair_return_guarded_repair,incumbent_cvar_relaxed_source_lp,150701330,126419064,1000.0,1000.0,-194.73729436734638,-198.85427993768698,4.116985570340603,1989.9457705044183,842500.0,True,True,0.00010816869840624133,0.8991097922848664,0,,,61533.50197459239,96371.694522392,True,True,post_v191_one_drop_one_add_whole_loan_swap,post-v191 one-swap pricing only; not multi-swap or global proof,D,D,4,2,1,4,4,1,2019,2018,WA,other
v63_source_repair_return_guarded_repair,incumbent_cvar_relaxed_source_lp,150078681,127640797,3000.0,3025.0,-415.83711947859643,-428.2397634899199,12.402644011323446,1998.2314289454011,842475.0,True,True,8.285558210519017e-05,0.8991067984213181,0,,,61529.63341981574,96621.62651092332,True,True,post_v191_one_drop_one_add_whole_loan_swap,post-v191 one-swap pricing only; not multi-swap or global proof,C,B,0,0,4,4,0,1,2019,2018,CO,GA
v63_source_repair_return_guarded_repair,incumbent_cvar_relaxed_source_lp,150205172,126733849,1000.0,1000.0,-173.60780374449374,-186.9469746106631,13.339170866169354,1999.167955800247,842500.0,True,True,0.00010816869840624133,0.8991097922848664,0,,,61430.42658821171,96330.72611624758,True,True,post_v191_one_drop_one_add_whole_loan_swap,post-v191 one-swap pricing only; not multi-swap or global proof,B,B,0,0,1,4,0,3,2019,2018,CA,NJ
v63_source_repair_return_guarded_repair,incumbent_cvar_relaxed_source_lp,150003863,127672145,1000.0,1000.0,-181.82074383711605,-196.20083323856994,14.380089401453887,2000.2088743355316,842500.0,True,True,0.00010816869840624133,0.8991097922848664,0,,,61587.477322234045,96462.73344281137,True,True,post_v191_one_drop_one_add_whole_loan_swap,post-v191 one-swap pricing only; not multi-swap or global proof,D,C,3,1,3,0,2,2,2019,2018,WA,other
v63_source_repair_return_guarded_repair,incumbent_cvar_relaxed_source_lp,150003863,126820122,1000.0,1000.0,-181.82074383711605,-201.89545162414464,20.074707787028586,2005.9034927211062,842500.0,True,True,0.00010816869840624133,0.8991097922848664,0,,,61546.895283272126,96414.36292845267,True,True,post_v191_one_drop_one_add_whole_loan_swap,post-v191 one-swap pricing only; not multi-swap or global proof,D,C,3,1,3,0,2,1,2019,2018,WA,other
v63_source_repair_return_guarded_repair,incumbent_cvar_relaxed_source_lp,150003863,126733849,1000.0,1000.0,-181.82074383711605,-186.9469746106631,5.126230773547036,1990.9550157076246,842500.0,True,True,0.00010816869840624133,0.8979228486646884,0,,,61618.58473725873,96507.10376169664,True,True,post_v191_one_drop_one_add_whole_loan_swap,post-v191 one-swap pricing only; not multi-swap or global proof,D,B,3,0,3,4,2,3,2019,2018,WA,NJ
v63_source_repair_return_guarded_repair,incumbent_cvar_relaxed_source_lp,150003863,126419064,1000.0,1000.0,-181.82074383711605,-198.85427993768698,17.033536100570927,2002.8623210346486,842500.0,True,True,0.00010816869840624133,0.8991097922848664,0,,,61520.28875984176,96371.694522392,True,True,post_v191_one_drop_one_add_whole_loan_swap,post-v191 one-swap pricing only; not multi-swap or global proof,D,D,3,2,3,4,2,1,2019,2018,WA,other
v63_source_repair_return_guarded_repair,incumbent_cvar_relaxed_source_lp,150003863,156823754,1000.0,1000.0,-181.82074383711605,-183.46022770133698,1.6394838642209209,1987.4682687982986,842500.0,True,True,0.00010816869840624133,0.8991097922848664,0,,,61520.70203970788,96294.28082486811,True,True,post_v191_one_drop_one_add_whole_loan_swap,post-v191 one-swap pricing only; not multi-swap or global proof,D,D,3,2,3,3,2,1,2019,2019,WA,CA
v63_source_repair_return_guarded_repair,incumbent_cvar_relaxed_source_lp,149467955,152268188,2000.0,1500.0,40.32734908233142,39.51005205920334,0.8172970231280843,1986.6460819572058,843000.0,True,True,2.099592630155911e-05,0.8991696322657177,0,,,61467.84131987649,96329.19668648356,True,True,post_v191_one_drop_one_add_whole_loan_swap,post-v191 one-swap pricing only; not multi-swap or global proof,A,A,0,0,4,2,0,1,2019,2019,CA,other
v63_source_repair_return_guarded_repair,incumbent_cvar_relaxed_source_lp,159223884,127672145,1000.0,1000.0,-195.66693007698728,-196.20083323856994,0.533903161582657,1986.3626880956604,842500.0,True,True,0.00010816869840624133,0.8991097922848664,0,,,61421.94287829834,96311.59981833397,True,True,post_v191_one_drop_one_add_whole_loan_swap,post-v191 one-swap pricing only; not multi-swap or global proof,B,C,1,1,1,0,1,2,2019,2018,other,other
v63_source_repair_return_guarded_repair,incumbent_cvar_relaxed_source_lp,159223884,126820122,1000.0,1000.0,-195.66693007698728,-201.89545162414464,6.2285215471573565,1992.0573064812352,842500.0,True,True,0.00010816869840624133,0.8991097922848664,0,,,61381.36083933642,96263.22930397525,True,True,post_v191_one_drop_one_add_whole_loan_swap,post-v191 one-swap pricing only; not multi-swap or global proof,B,C,1,1,1,0,1,1,2019,2018,other,other
v63_source_repair_return_guarded_repair,incumbent_cvar_relaxed_source_lp,159223884,126419064,1000.0,1000.0,-195.66693007698728,-198.85427993768698,3.1873498606996975,1989.0161347947774,842500.0,True,True,0.00010816869840624133,0.8991097922848664,0,,,61354.75431590606,96220.5608979146,True,True,post_v191_one_drop_one_add_whole_loan_swap,post-v191 one-swap pricing only; not multi-swap or global proof,B,D,1,2,1,4,1,1,2019,2018,other,other
v63_source_repair_return_guarded_repair,incumbent_cvar_relaxed_source_lp,157596187,168841753,1000.0,1000.0,-13.892977484146389,-15.58411172619063,1.6911342420442406,1987.519919176122,842500.0,True,True,0.00010816869840624133,0.8991097922848664,0,,,61409.49494554724,96244.52100940431,True,True,post_v191_one_drop_one_add_whole_loan_swap,post-v191 one-swap pricing only; not multi-swap or global proof,A,A,1,1,0,1,4,0,2019,2020,other,NY
v63_source_repair_return_guarded_repair,incumbent_cvar_relaxed_source_lp,157596187,168678809,1000.0,1000.0,-13.892977484146389,-25.935876492202276,12.042899008055887,1997.8716839421336,842500.0,True,True,0.00010816869840624133,0.8991097922848664,0,,,61423.008802445416,96265.4973687974,True,True,post_v191_one_drop_one_add_whole_loan_swap,post-v191 one-swap pricing only; not multi-swap or global proof,A,A,1,1,0,1,4,0,2019,2020,other,IN
v63_source_repair_return_guarded_repair,incumbent_cvar_relaxed_source_lp,157596187,170390171,1000.0,1000.0,-13.892977484146389,-23.632377345499286,9.739399861352897,1995.5681847954306,842500.0,True,True,0.00010816869840624133,0.8991097922848664,0,,,61419.60331290387,96258.56456861232,True,True,post_v191_one_drop_one_add_whole_loan_swap,post-v191 one-swap pricing only; not multi-swap or global proof,A,A,1,1,0,0,4,0,2019,2020,other,other
v63_source_repair_return_guarded_repair,incumbent_cvar_relaxed_source_lp,157596187,169450190,1000.0,1000.0,-13.892977484146389,-22.58050328415853,8.687525800012143,1994.5163107340898,842500.0,True,True,0.00010816869840624133,0.8991097922848664,0,,,61402.28858841532,96223.5565352865,True,True,post_v191_one_drop_one_add_whole_loan_swap,post-v191 one-swap pricing only; not multi-swap or global proof,A,A,1,1,0,0,4,0,2019,2020,other,AZ
v63_source_repair_return_guarded_repair,incumbent_cvar_relaxed_source_lp,158764455,126658319,3000.0,2500.0,65.87031800071871,65.23175886099214,0.6385591397265671,1986.4673440738043,843000.0,True,True,2.099592630155911e-05,0.8991696322657177,0,,,61511.689750413294,96423.03466309779,True,True,post_v191_one_drop_one_add_whole_loan_swap,post-v191 one-swap pricing only; not multi-swap or global proof,A,A,0,0,2,2,0,0,2019,2018,other,PA
v63_source_repair_return_guarded_repair,incumbent_cvar_relaxed_source_lp,158847648,126733849,1000.0,1000.0,-168.65177128913533,-186.9469746106631,18.295203321527765,2004.1239882556056,842500.0,True,True,0.00010816869840624133,0.8991097922848664,0,,,61432.429144204536,96332.11387304307,True,True,post_v191_one_drop_one_add_whole_loan_swap,post-v191 one-swap pricing only; not multi-swap or global proof,B,B,0,0,4,4,0,3,2019,2018,NJ,NJ
v63_source_repair_return_guarded_repair,incumbent_cvar_relaxed_source_lp,158847648,126468092,1000.0,1000.0,-168.65177128913533,-169.50590883596908,0.8541375468337549,1986.6829224809114,842500.0,True,True,0.00010816869840624133,0.8991097922848664,0,,,61455.33336676193,96363.34727501577,True,True,post_v191_one_drop_one_add_whole_loan_swap,post-v191 one-swap pricing only; not multi-swap or global proof,B,B,0,0,4,1,0,2,2019,2018,NJ,other
v63_source_repair_return_guarded_repair,incumbent_cvar_relaxed_source_lp,158776308,127672145,1200.0,1000.0,-182.70950551320306,-196.20083323856994,13.491327725366887,1999.3201126594445,842700.0,True,True,0.000310619560215053,0.8988964044143823,0,,,61644.84337438812,96588.61665672314,True,True,post_v191_one_drop_one_add_whole_loan_swap,post-v191 one-swap pricing only; not multi-swap or global proof,D,C,3,1,4,0,4,2,2019,2018,CA,other
v63_source_repair_return_guarded_repair,incumbent_cvar_relaxed_source_lp,158776308,126820122,1200.0,1000.0,-182.70950551320306,-201.89545162414464,19.185946110941586,2005.0147310450193,842700.0,True,True,0.000310619560215053,0.8988964044143823,0,,,61604.2613354262,96540.24614236443,True,True,post_v191_one_drop_one_add_whole_loan_swap,post-v191 one-swap pricing only; not multi-swap or global proof,D,C,3,1,4,0,4,1,2019,2018,CA,other
v63_source_repair_return_guarded_repair,incumbent_cvar_relaxed_source_lp,158776308,126733849,1200.0,1000.0,-182.70950551320306,-186.9469746106631,4.2374690974600355,1990.0662540315377,842700.0,True,True,0.000310619560215053,0.8977097424943633,0,,,61675.950789412804,96632.98697560842,True,True,post_v191_one_drop_one_add_whole_loan_swap,post-v191 one-swap pricing only; not multi-swap or global proof,D,B,3,0,4,4,4,3,2019,2018,CA,NJ
v63_source_repair_return_guarded_repair,incumbent_cvar_relaxed_source_lp,158776308,126483031,1200.0,1200.0,-182.70950551320306,-200.480236756332,17.77073124312895,2003.5995161772066,842500.0,True,True,0.00010816869840624133,0.8976854599406529,0,,,61654.96636507327,96602.56802500671,True,True,post_v191_one_drop_one_add_whole_loan_swap,post-v191 one-swap pricing only; not multi-swap or global proof,D,B,3,0,4,2,4,0,2019,2018,CA,FL
v63_source_repair_return_guarded_repair,incumbent_cvar_relaxed_source_lp,158776308,126419064,1200.0,1000.0,-182.70950551320306,-198.85427993768698,16.144774424483927,2001.9735593585617,842700.0,True,True,0.000310619560215053,0.8988964044143823,0,,,61577.654811995846,96497.5777363038,True,True,post_v191_one_drop_one_add_whole_loan_swap,post-v191 one-swap pricing only; not multi-swap or global proof,D,D,3,2,4,4,4,1,2019,2018,CA,other
v63_source_repair_return_guarded_repair,incumbent_cvar_relaxed_source_lp,158776308,165985906,1200.0,1200.0,-182.70950551320306,-203.72482836822385,21.0153228550208,2006.8441077890984,842500.0,True,True,0.00010816869840624133,0.8991097922848664,0,,,61560.63856196204,96432.20812000663,True,True,post_v191_one_drop_one_add_whole_loan_swap,post-v191 one-swap pricing only; not multi-swap or global proof,D,C,3,1,4,3,4,4,2019,2020,CA,VA
v63_source_repair_return_guarded_repair,incumbent_cvar_relaxed_source_lp,158776308,156823754,1200.0,1000.0,-182.70950551320306,-183.46022770133698,0.7507221881339206,1986.5795071222117,842700.0,True,True,0.000310619560215053,0.8988964044143823,0,,,61578.06809186195,96420.16403877991,True,True,post_v191_one_drop_one_add_whole_loan_swap,post-v191 one-swap pricing only; not multi-swap or global proof,D,D,3,2,4,3,4,1,2019,2019,CA,CA
v63_source_repair_return_guarded_repair,incumbent_cvar_relaxed_source_lp,158776308,160806330,1200.0,1200.0,-182.70950551320306,-210.10403328668124,27.39452777347819,2013.2233127075558,842500.0,True,True,0.00010816869840624133,0.8991097922848664,0,,,61511.201273014856,96303.58440930114,True,True,post_v191_one_drop_one_add_whole_loan_swap,post-v191 one-swap pricing only; not multi-swap or global proof,D,D,3,2,4,2,4,2,2019,2019,CA,FL
v63_source_repair_return_guarded_repair,incumbent_cvar_relaxed_source_lp,158739818,127640797,3000.0,3025.0,-415.42173591874825,-428.2397634899199,12.818027571171626,1998.6468125052493,842475.0,True,True,8.285558210519017e-05,0.8955458618950117,0,,,61679.16379307988,96859.31818362248,True,True,post_v191_one_drop_one_add_whole_loan_swap,post-v191 one-swap pricing only; not multi-swap or global proof,D,B,1,0,4,4,2,1,2019,2018,CA,GA
v63_source_repair_return_guarded_repair,incumbent_cvar_relaxed_source_lp,158701181,127392982,2400.0,2500.0,-349.8253300497582,-393.1671599090251,43.34182985926691,2029.1706147933446,842400.0,True,True,6.907218559226713e-06,0.8962488129154795,0,,,61628.2200606625,96738.38745990583,True,True,post_v191_one_drop_one_add_whole_loan_swap,post-v191 one-swap pricing only; not multi-swap or global proof,D,B,2,0,4,1,2,3,2019,2018,NJ,CA
v63_source_repair_return_guarded_repair,incumbent_cvar_relaxed_source_lp,158701181,126523487,2400.0,2000.0,-349.8253300497582,-350.42656531605377,0.6012352662955891,1986.4300202003733,842900.0,True,True,0.0005129743485339233,0.8986831178075692,0,,,61626.90779609036,96737.88413508762,True,True,post_v191_one_drop_one_add_whole_loan_swap,post-v191 one-swap pricing only; not multi-swap or global proof,D,C,2,1,4,4,2,1,2019,2018,NJ,CA
v63_source_repair_return_guarded_repair,incumbent_cvar_relaxed_source_lp,158549707,127672145,1000.0,1000.0,-190.92185028549454,-196.20083323856994,5.278982953075399,1991.1077678871532,842500.0,True,True,0.00010816869840624133,0.8991097922848664,0,,,61512.55808090352,96452.93364034886,True,True,post_v191_one_drop_one_add_whole_loan_swap,post-v191 one-swap pricing only; not multi-swap or global proof,D,C,2,1,2,0,3,2,2019,2018,NC,other
v63_source_repair_return_guarded_repair,incumbent_cvar_relaxed_source_lp,158549707,126820122,1000.0,1000.0,-190.92185028549454,-201.89545162414464,10.973601338650099,1996.8023862727277,842500.0,True,True,0.00010816869840624133,0.8991097922848664,0,,,61471.9760419416,96404.56312599016,True,True,post_v191_one_drop_one_add_whole_loan_swap,post-v191 one-swap pricing only; not multi-swap or global proof,D,C,2,1,2,0,3,1,2019,2018,NC,other
v63_source_repair_return_guarded_repair,incumbent_cvar_relaxed_source_lp,158549707,126419064,1000.0,1000.0,-190.92185028549454,-198.85427993768698,7.93242965219244,1993.7612145862702,842500.0,True,True,0.00010816869840624133,0.8991097922848664,0,,,61445.36951851123,96361.8947199295,True,True,post_v191_one_drop_one_add_whole_loan_swap,post-v191 one-swap pricing only; not multi-swap or global proof,D,D,2,2,2,4,3,1,2019,2018,NC,other
v63_source_repair_return_guarded_repair,incumbent_cvar_relaxed_source_lp,158523975,151650780,2500.0,2000.0,59.61843314479034,52.68006941227111,6.938363732519228,1992.767148666597,843000.0,True,True,2.099592630155911e-05,0.8991696322657177,0,,,61447.08375639304,96297.03722722702,True,True,post_v191_one_drop_one_add_whole_loan_swap,post-v191 one-swap pricing only; not multi-swap or global proof,A,A,0,0,4,2,1,0,2019,2019,TX,other
v63_source_repair_return_guarded_repair,incumbent_cvar_relaxed_source_lp,157962180,127375002,3500.0,3000.0,83.3235960467994,78.27811063319062,5.045485413608773,1990.8742703476864,843000.0,True,True,2.099592630155911e-05,0.8991696322657177,0,,,61492.03454139226,96394.30512910095,True,True,post_v191_one_drop_one_add_whole_loan_swap,post-v191 one-swap pricing only; not multi-swap or global proof,A,A,0,0,3,3,0,0,2019,2018,CA,AZ
v63_source_repair_return_guarded_repair,incumbent_cvar_relaxed_source_lp,157962180,141623287,3500.0,3000.0,83.3235960467994,80.96618182010366,2.357414226695738,1988.1861991607734,843000.0,True,True,2.099592630155911e-05,0.8991696322657177,0,,,61460.32712331389,96321.1375580821,True,True,post_v191_one_drop_one_add_whole_loan_swap,post-v191 one-swap pricing only; not multi-swap or global proof,A,A,0,0,3,2,0,0,2019,2018,CA,NY
v63_source_repair_return_guarded_repair,incumbent_cvar_relaxed_source_lp,158316010,127695160,1500.0,1500.0,-220.5649967146192,-235.90029594541494,15.335299230795727,2001.1640841648734,842500.0,True,True,0.00010816869840624133,0.8991097922848664,0,,,61431.38379032626,96361.23307272958,True,True,post_v191_one_drop_one_add_whole_loan_swap,post-v191 one-swap pricing only; not multi-swap or global proof,B,B,0,0,3,2,1,1,2019,2018,MD,TX
v63_source_repair_return_guarded_repair,incumbent_cvar_relaxed_source_lp,158316010,126760355,1500.0,1500.0,-220.5649967146192,-250.40002765814089,29.835030943521673,2015.6638158775993,842500.0,True,True,0.00010816869840624133,0.8991097922848664,0,,,61431.58909884987,96361.52147882953,True,True,post_v191_one_drop_one_add_whole_loan_swap,post-v191 one-swap pricing only; not multi-swap or global proof,B,B,0,0,3,1,1,0,2019,2018,MD,IL
v63_source_repair_return_guarded_repair,incumbent_cvar_relaxed_source_lp,158316010,126430923,1500.0,1500.0,-220.5649967146192,-243.25029594541493,22.68529923079572,2008.5140841648733,842500.0,True,True,0.00010816869840624133,0.8991097922848664,0,,,61431.38379032626,96361.23307272958,True,True,post_v191_one_drop_one_add_whole_loan_swap,post-v191 one-swap pricing only; not multi-swap or global proof,B,B,0,0,3,3,1,0,2019,2018,MD,other
v63_source_repair_return_guarded_repair,incumbent_cvar_relaxed_source_lp,158315350,127695160,1500.0,1500.0,-231.1083252494193,-235.90029594541494,4.791970695995644,1990.6207556300733,842500.0,True,True,0.00010816869840624133,0.8991097922848664,0,,,61431.58190620628,96361.52976809334,True,True,post_v191_one_drop_one_add_whole_loan_swap,post-v191 one-swap pricing only; not multi-swap or global proof,B,B,0,0,2,2,4,1,2019,2018,TX,TX
v63_source_repair_return_guarded_repair,incumbent_cvar_relaxed_source_lp,158315350,126760355,1500.0,1500.0,-231.1083252494193,-250.40002765814089,19.29170240872159,2005.1204873427994,842500.0,True,True,0.00010816869840624133,0.8991097922848664,0,,,61431.78721472988,96361.8181741933,True,True,post_v191_one_drop_one_add_whole_loan_swap,post-v191 one-swap pricing only; not multi-swap or global proof,B,B,0,0,2,1,4,0,2019,2018,TX,IL
v63_source_repair_return_guarded_repair,incumbent_cvar_relaxed_source_lp,158315350,126430923,1500.0,1500.0,-231.1083252494193,-243.25029594541493,12.141970695995639,1997.9707556300734,842500.0,True,True,0.00010816869840624133,0.8991097922848664,0,,,61431.58190620628,96361.52976809334,True,True,post_v191_one_drop_one_add_whole_loan_swap,post-v191 one-swap pricing only; not multi-swap or global proof,B,B,0,0,2,3,4,0,2019,2018,TX,other
v63_source_repair_return_guarded_repair,incumbent_cvar_relaxed_source_lp,157784068,127375002,3500.0,3000.0,83.46580640270655,78.27811063319062,5.187695769515926,1991.0164807035935,843000.0,True,True,2.099592630155911e-05,0.8991696322657177,0,,,61452.33186768771,96327.51092086473,True,True,post_v191_one_drop_one_add_whole_loan_swap,post-v191 one-swap pricing only; not multi-swap or global proof,A,A,0,0,4,3,2,0,2019,2018,VA,AZ
v63_source_repair_return_guarded_repair,incumbent_cvar_relaxed_source_lp,157784068,141623287,3500.0,3000.0,83.46580640270655,80.96618182010366,2.499624582602891,1988.3284095166805,843000.0,True,True,2.099592630155911e-05,0.8991696322657177,0,,,61420.62444960935,96254.34334984588,True,True,post_v191_one_drop_one_add_whole_loan_swap,post-v191 one-swap pricing only; not multi-swap or global proof,A,A,0,0,4,2,2,0,2019,2018,VA,NY
v63_source_repair_return_guarded_repair,incumbent_cvar_relaxed_source_lp,158168548,152337011,1400.0,1500.0,-251.24919779138887,-257.76127995264505,6.512082161256188,1992.3408670953338,842400.0,True,True,6.907218559226713e-06,0.8992165242165242,0,,,61358.15838530986,96150.82602506381,True,True,post_v191_one_drop_one_add_whole_loan_swap,post-v191 one-swap pricing only; not multi-swap or global proof,C,D,1,1,3,2,2,1,2019,2019,other,NC
v63_source_repair_return_guarded_repair,incumbent_cvar_relaxed_source_lp,158168548,158509118,1400.0,1500.0,-251.24919779138887,-257.7773965173176,6.528198725928718,1992.3569836600063,842400.0,True,True,6.907218559226713e-06,0.8992165242165242,0,,,61271.69047913801,96077.77240426689,True,True,post_v191_one_drop_one_add_whole_loan_swap,post-v191 one-swap pricing only; not multi-swap or global proof,C,D,1,3,3,4,2,3,2019,2019,other,CA
v63_source_repair_return_guarded_repair,incumbent_cvar_relaxed_source_lp,157560196,126733849,1300.0,1000.0,-181.11178871668363,-186.9469746106631,5.835185893979457,1991.6639708280572,842800.0,True,True,0.000411808959286053,0.8991457047935453,0,,,61487.035421886954,96433.52662779819,True,True,post_v191_one_drop_one_add_whole_loan_swap,post-v191 one-swap pricing only; not multi-swap or global proof,B,B,0,0,3,4,1,3,2019,2018,NY,NJ
v63_source_repair_return_guarded_repair,incumbent_cvar_relaxed_source_lp,157560196,126483031,1300.0,1200.0,-181.11178871668363,-200.480236756332,19.36844803964837,2005.1972329737262,842600.0,True,True,0.00020940614277265013,0.899121765962497,0,,,61466.05099754743,96403.10767719647,True,True,post_v191_one_drop_one_add_whole_loan_swap,post-v191 one-swap pricing only; not multi-swap or global proof,B,B,0,0,3,2,1,0,2019,2018,NY,FL
v63_source_repair_return_guarded_repair,incumbent_cvar_relaxed_source_lp,157511702,126658319,3000.0,2500.0,65.29036045289928,65.23175886099214,0.05860159190713432,1985.8873865259848,843000.0,True,True,2.099592630155911e-05,0.8991696322657177,0,,,61531.384779514265,96454.87132295434,True,True,post_v191_one_drop_one_add_whole_loan_swap,post-v191 one-swap pricing only; not multi-swap or global proof,A,A,0,0,1,2,0,0,2019,2018,FL,PA
v63_source_repair_return_guarded_repair,incumbent_cvar_relaxed_source_lp,157058382,127672145,1000.0,1000.0,-185.23911665390278,-196.20083323856994,10.961716584667158,1996.7905015187448,842500.0,True,True,0.00010816869840624133,0.8991097922848664,0,,,61590.993697116355,96463.02080952669,True,True,post_v191_one_drop_one_add_whole_loan_swap,post-v191 one-swap pricing only; not multi-swap or global proof,D,C,4,1,1,0,4,2,2019,2018,NC,other
v63_source_repair_return_guarded_repair,incumbent_cvar_relaxed_source_lp,157058382,126820122,1000.0,1000.0,-185.23911665390278,-201.89545162414464,16.656334970241858,2002.4851199043196,842500.0,True,True,0.00010816869840624133,0.8991097922848664,0,,,61550.41165815444,96414.65029516796,True,True,post_v191_one_drop_one_add_whole_loan_swap,post-v191 one-swap pricing only; not multi-swap or global proof,D,C,4,1,1,0,4,1,2019,2018,NC,other
v63_source_repair_return_guarded_repair,incumbent_cvar_relaxed_source_lp,157058382,126733849,1000.0,1000.0,-185.23911665390278,-186.9469746106631,1.7078579567603072,1987.536642890838,842500.0,True,True,0.00010816869840624133,0.8979228486646884,0,,,61622.10111214104,96507.39112841195,True,True,post_v191_one_drop_one_add_whole_loan_swap,post-v191 one-swap pricing only; not multi-swap or global proof,D,B,4,0,1,4,4,3,2019,2018,NC,NJ
v63_source_repair_return_guarded_repair,incumbent_cvar_relaxed_source_lp,157058382,126419064,1000.0,1000.0,-185.23911665390278,-198.85427993768698,13.615163283784199,1999.4439482178618,842500.0,True,True,0.00010816869840624133,0.8991097922848664,0,,,61523.80513472407,96371.98188910732,True,True,post_v191_one_drop_one_add_whole_loan_swap,post-v191 one-swap pricing only; not multi-swap or global proof,D,D,4,2,1,4,4,1,2019,2018,NC,other
v63_source_repair_return_guarded_repair,incumbent_cvar_relaxed_source_lp,157051049,126760355,1500.0,1500.0,-239.82682840151188,-250.40002765814089,10.57319925662901,1996.4019841907068,842500.0,True,True,0.00010816869840624133,0.8991097922848664,0,,,61440.6845355548,96380.72549301415,True,True,post_v191_one_drop_one_add_whole_loan_swap,post-v191 one-swap pricing only; not multi-swap or global proof,B,B,0,0,0,1,4,0,2019,2018,IL,IL
v63_source_repair_return_guarded_repair,incumbent_cvar_relaxed_source_lp,157051049,126430923,1500.0,1500.0,-239.82682840151188,-243.25029594541493,3.423467543903058,1989.2522524779808,842500.0,True,True,0.00010816869840624133,0.8991097922848664,0,,,61440.4792270312,96380.4370869142,True,True,post_v191_one_drop_one_add_whole_loan_swap,post-v191 one-swap pricing only; not multi-swap or global proof,B,B,0,0,0,3,4,0,2019,2018,IL,other
v63_source_repair_return_guarded_repair,incumbent_cvar_relaxed_source_lp,156899870,126658319,2750.0,2500.0,65.74189635588623,65.23175886099214,0.5101374948940816,1986.3389224289717,842750.0,True,True,6.456938254495448e-05,0.8991397211509937,0,,,61475.735384154395,96361.67034560704,True,True,post_v191_one_drop_one_add_whole_loan_swap,post-v191 one-swap pricing only; not multi-swap or global proof,A,A,0,0,3,2,2,0,2019,2018,NC,PA
v63_source_repair_return_guarded_repair,incumbent_cvar_relaxed_source_lp,156642514,158700271,8575.0,8000.0,198.8866569286404,198.2323499409941,0.6543069876462937,1986.483091921724,843075.0,True,True,7.928928614897579e-06,0.899178602140972,0,,,61378.865470873694,96175.84264367087,True,True,post_v191_one_drop_one_add_whole_loan_swap,post-v191 one-swap pricing only; not multi-swap or global proof,A,A,0,0,3,4,0,0,2019,2019,WA,other
v63_source_repair_return_guarded_repair,incumbent_cvar_relaxed_source_lp,156642514,138138354,8575.0,8000.0,198.8866569286404,196.18326943106774,2.7033874975726633,1988.5321724316505,843075.0,True,True,7.928928614897579e-06,0.899178602140972,0,,,61448.98850204522,96331.28022070516,True,True,post_v191_one_drop_one_add_whole_loan_swap,post-v191 one-swap pricing only; not multi-swap or global proof,A,A,0,0,3,4,0,1,2019,2018,WA,MD
v63_source_repair_return_guarded_repair,incumbent_cvar_relaxed_source_lp,156012439,126733849,1200.0,1000.0,-183.74011266155404,-186.9469746106631,3.2068619491090544,1989.0356468831867,842700.0,True,True,0.000310619560215053,0.8991337367983862,0,,,61461.16041216429,96390.54133305947,True,True,post_v191_one_drop_one_add_whole_loan_swap,post-v191 one-swap pricing only; not multi-swap or global proof,B,B,0,0,3,4,2,3,2019,2018,CA,NJ
v63_source_repair_return_guarded_repair,incumbent_cvar_relaxed_source_lp,156012439,126483031,1200.0,1200.0,-183.74011266155404,-200.480236756332,16.74012409477797,2002.5689090288556,842500.0,True,True,0.00010816869840624133,0.8991097922848664,0,,,61440.17598782477,96360.12238245776,True,True,post_v191_one_drop_one_add_whole_loan_swap,post-v191 one-swap pricing only; not multi-swap or global proof,B,B,0,0,3,2,2,0,2019,2018,CA,FL
v63_source_repair_return_guarded_repair,incumbent_cvar_relaxed_source_lp,156433716,126658319,3000.0,2500.0,71.71843238823955,65.23175886099214,6.4866735272474045,1992.315458461325,843000.0,True,True,2.099592630155911e-05,0.8991696322657177,0,,,61486.254273089115,96379.28726171158,True,True,post_v191_one_drop_one_add_whole_loan_swap,post-v191 one-swap pricing only; not multi-swap or global proof,A,A,0,0,2,2,0,0,2019,2018,IL,PA
v63_source_repair_return_guarded_repair,incumbent_cvar_relaxed_source_lp,156192909,165985906,1200.0,1200.0,-202.72802520962668,-203.72482836822385,0.9968031585971744,1986.825588092675,842500.0,True,True,0.00010816869840624133,0.8991097922848664,0,,,61581.037801533246,96431.24697024238,True,True,post_v191_one_drop_one_add_whole_loan_swap,post-v191 one-swap pricing only; not multi-swap or global proof,D,C,3,1,4,3,2,4,2019,2020,other,VA
v63_source_repair_return_guarded_repair,incumbent_cvar_relaxed_source_lp,156192909,160806330,1200.0,1200.0,-202.72802520962668,-210.10403328668124,7.376008077054564,1993.2047930111323,842500.0,True,True,0.00010816869840624133,0.8991097922848664,0,,,61531.60051258606,96302.6232595369,True,True,post_v191_one_drop_one_add_whole_loan_swap,post-v191 one-swap pricing only; not multi-swap or global proof,D,D,3,2,4,2,2,2,2019,2019,other,FL
v63_source_repair_return_guarded_repair,incumbent_cvar_relaxed_source_lp,156106401,126733849,1100.0,1000.0,-185.36313076505434,-186.9469746106631,1.5838438456087545,1987.4126287796864,842600.0,True,True,0.00020940614277265013,0.899121765962497,0,,,61444.86513324745,96354.708587233,True,True,post_v191_one_drop_one_add_whole_loan_swap,post-v191 one-swap pricing only; not multi-swap or global proof,B,B,0,0,1,4,0,3,2019,2018,TX,NJ
v63_source_repair_return_guarded_repair,incumbent_cvar_relaxed_source_lp,156106401,126483031,1100.0,1200.0,-185.36313076505434,-200.480236756332,15.117105991277668,2000.9458909253553,842400.0,True,True,6.907218559226713e-06,0.8990978157644824,0,,,61423.88070890791,96324.28963663129,True,True,post_v191_one_drop_one_add_whole_loan_swap,post-v191 one-swap pricing only; not multi-swap or global proof,B,B,0,0,1,2,0,0,2019,2018,TX,FL
v63_source_repair_return_guarded_repair,incumbent_cvar_relaxed_source_lp,155777609,126733849,1000.0,1000.0,-183.99229773466166,-186.9469746106631,2.954676876001429,1988.7834618100792,842500.0,True,True,0.00010816869840624133,0.8991097922848664,0,,,61448.12730034288,96347.28420938725,True,True,post_v191_one_drop_one_add_whole_loan_swap,post-v191 one-swap pricing only; not multi-swap or global proof,B,B,0,0,2,4,0,3,2019,2018,other,NJ
v63_source_repair_return_guarded_repair,incumbent_cvar_relaxed_source_lp,155686800,127672145,1000.0,1000.0,-183.34513347006404,-196.20083323856994,12.8556997685059,1998.6844847025836,842500.0,True,True,0.00010816869840624133,0.8991097922848664,0,,,61589.019983403094,96461.71902493903,True,True,post_v191_one_drop_one_add_whole_loan_swap,post-v191 one-swap pricing only; not multi-swap or global proof,D,C,4,1,2,0,4,2,2019,2018,FL,other
v63_source_repair_return_guarded_repair,incumbent_cvar_relaxed_source_lp,155686800,126820122,1000.0,1000.0,-183.34513347006404,-201.89545162414464,18.5503181540806,2004.3791030881582,842500.0,True,True,0.00010816869840624133,0.8991097922848664,0,,,61548.437944441175,96413.34851058031,True,True,post_v191_one_drop_one_add_whole_loan_swap,post-v191 one-swap pricing only; not multi-swap or global proof,D,C,4,1,2,0,4,1,2019,2018,FL,other
v63_source_repair_return_guarded_repair,incumbent_cvar_relaxed_source_lp,155686800,126733849,1000.0,1000.0,-183.34513347006404,-186.9469746106631,3.601841140599049,1989.4306260746766,842500.0,True,True,0.00010816869840624133,0.8979228486646884,0,,,61620.12739842778,96506.0893438243,True,True,post_v191_one_drop_one_add_whole_loan_swap,post-v191 one-swap pricing only; not multi-swap or global proof,D,B,4,0,2,4,4,3,2019,2018,FL,NJ
v63_source_repair_return_guarded_repair,incumbent_cvar_relaxed_source_lp,155686800,126419064,1000.0,1000.0,-183.34513347006404,-198.85427993768698,15.50914646762294,2001.3379314017006,842500.0,True,True,0.00010816869840624133,0.8991097922848664,0,,,61521.831421010815,96370.68010451965,True,True,post_v191_one_drop_one_add_whole_loan_swap,post-v191 one-swap pricing only; not multi-swap or global proof,D,D,4,2,2,4,4,1,2019,2018,FL,other
v63_source_repair_return_guarded_repair,incumbent_cvar_relaxed_source_lp,155686800,156823754,1000.0,1000.0,-183.34513347006404,-183.46022770133698,0.11509423127293417,1985.9438791653506,842500.0,True,True,0.00010816869840624133,0.8991097922848664,0,,,61522.24470087693,96293.26640699578,True,True,post_v191_one_drop_one_add_whole_loan_swap,post-v191 one-swap pricing only; not multi-swap or global proof,D,D,4,2,2,3,4,1,2019,2019,FL,CA
v63_source_repair_return_guarded_repair,incumbent_cvar_relaxed_source_lp,155606642,126523487,2000.0,2000.0,-341.7434053200198,-350.42656531605377,8.683159996033964,1994.5119449301117,842500.0,True,True,0.00010816869840624133,0.8991097922848664,0,,,61528.045263805834,96556.68281689362,True,True,post_v191_one_drop_one_add_whole_loan_swap,post-v191 one-swap pricing only; not multi-swap or global proof,D,C,2,1,4,4,0,1,2019,2018,other,CA
v63_source_repair_return_guarded_repair,incumbent_cvar_relaxed_source_lp,155539228,127672145,1000.0,1000.0,-194.48426320525675,-196.20083323856994,1.7165700333131895,1987.545354967391,842500.0,True,True,0.00010816869840624133,0.8991097922848664,0,,,61480.44678087118,96378.57814420719,True,True,post_v191_one_drop_one_add_whole_loan_swap,post-v191 one-swap pricing only; not multi-swap or global proof,C,C,1,1,2,0,0,2,2019,2018,other,other
v63_source_repair_return_guarded_repair,incumbent_cvar_relaxed_source_lp,155539228,126820122,1000.0,1000.0,-194.48426320525675,-201.89545162414464,7.411188418887889,1993.2399733529655,842500.0,True,True,0.00010816869840624133,0.8991097922848664,0,,,61439.86474190927,96330.20762984848,True,True,post_v191_one_drop_one_add_whole_loan_swap,post-v191 one-swap pricing only; not multi-swap or global proof,C,C,1,1,2,0,0,1,2019,2018,other,other
v63_source_repair_return_guarded_repair,incumbent_cvar_relaxed_source_lp,155539228,126419064,1000.0,1000.0,-194.48426320525675,-198.85427993768698,4.37001673243023,1990.198801666508,842500.0,True,True,0.00010816869840624133,0.8991097922848664,0,,,61413.2582184789,96287.53922378783,True,True,post_v191_one_drop_one_add_whole_loan_swap,post-v191 one-swap pricing only; not multi-swap or global proof,C,D,1,2,2,4,0,1,2019,2018,other,other
v63_source_repair_return_guarded_repair,incumbent_cvar_relaxed_source_lp,155329047,126483031,1200.0,1200.0,-193.93432447096833,-200.480236756332,6.54591228536367,1992.3746972194413,842500.0,True,True,0.00010816869840624133,0.8991097922848664,0,,,61450.626603249286,96367.92516308931,True,True,post_v191_one_drop_one_add_whole_loan_swap,post-v191 one-swap pricing only; not multi-swap or global proof,B,B,0,0,4,2,2,0,2019,2018,other,FL
v63_source_repair_return_guarded_repair,incumbent_cvar_relaxed_source_lp,155441894,127375002,3600.0,3000.0,79.25733487700369,78.27811063319062,0.9792242438130643,1986.8080091778907,843100.0,True,True,3.5737793443457733e-06,0.8991815917447515,0,,,61502.97841177796,96408.13245514724,True,True,post_v191_one_drop_one_add_whole_loan_swap,post-v191 one-swap pricing only; not multi-swap or global proof,A,A,0,0,4,3,1,0,2019,2018,CA,AZ
v63_source_repair_return_guarded_repair,incumbent_cvar_relaxed_source_lp,155252343,127672145,1000.0,1000.0,-170.8717026600099,-196.20083323856994,25.32913057856004,2011.1579155126378,842500.0,True,True,0.00010816869840624133,0.8991097922848664,0,,,61486.483998038166,96421.51035539649,True,True,post_v191_one_drop_one_add_whole_loan_swap,post-v191 one-swap pricing only; not multi-swap or global proof,D,C,2,1,3,0,3,2,2019,2018,other,other
v63_source_repair_return_guarded_repair,incumbent_cvar_relaxed_source_lp,155252343,126827839,1000.0,1000.0,-170.8717026600099,-175.77898463113021,4.907281971120312,1990.736066905198,842500.0,True,True,0.00010816869840624133,0.8991097922848664,0,,,61384.38109429291,96279.7197744817,True,True,post_v191_one_drop_one_add_whole_loan_swap,post-v191 one-swap pricing only; not multi-swap or global proof,D,E,2,2,3,0,3,4,2019,2018,other,other
v63_source_repair_return_guarded_repair,incumbent_cvar_relaxed_source_lp,155252343,126820122,1000.0,1000.0,-170.8717026600099,-201.89545162414464,31.02374896413474,2016.8525338982124,842500.0,True,True,0.00010816869840624133,0.8991097922848664,0,,,61445.90195907625,96373.13984103774,True,True,post_v191_one_drop_one_add_whole_loan_swap,post-v191 one-swap pricing only; not multi-swap or global proof,D,C,2,1,3,0,3,1,2019,2018,other,other
v63_source_repair_return_guarded_repair,incumbent_cvar_relaxed_source_lp,155252343,126733849,1000.0,1000.0,-170.8717026600099,-186.9469746106631,16.07527195065319,2001.9040568847308,842500.0,True,True,0.00010816869840624133,0.8979228486646884,0,,,61517.59141306285,96465.88067428173,True,True,post_v191_one_drop_one_add_whole_loan_swap,post-v191 one-swap pricing only; not multi-swap or global proof,D,B,2,0,3,4,3,3,2019,2018,other,NJ
v63_source_repair_return_guarded_repair,incumbent_cvar_relaxed_source_lp,155252343,126419064,1000.0,1000.0,-170.8717026600099,-198.85427993768698,27.98257727767708,2013.8113622117548,842500.0,True,True,0.00010816869840624133,0.8991097922848664,0,,,61419.295435645894,96330.47143497711,True,True,post_v191_one_drop_one_add_whole_loan_swap,post-v191 one-swap pricing only; not multi-swap or global proof,D,D,2,2,3,4,3,1,2019,2018,other,other
v63_source_repair_return_guarded_repair,incumbent_cvar_relaxed_source_lp,155252343,168701788,1000.0,1000.0,-170.8717026600099,-178.5860397151734,7.714337055163497,1993.5431219892412,842500.0,True,True,0.00010816869840624133,0.8991097922848664,0,,,61438.170597330085,96340.16916099416,True,True,post_v191_one_drop_one_add_whole_loan_swap,post-v191 one-swap pricing only; not multi-swap or global proof,D,C,2,1,3,3,3,1,2019,2020,other,TX
v63_source_repair_return_guarded_repair,incumbent_cvar_relaxed_source_lp,155252343,169358871,1000.0,1000.0,-170.8717026600099,-177.86634212741987,6.994639467409968,1992.8234244014877,842500.0,True,True,0.00010816869840624133,0.8991097922848664,0,,,61447.94161466282,96327.74412595434,True,True,post_v191_one_drop_one_add_whole_loan_swap,post-v191 one-swap pricing only; not multi-swap or global proof,D,C,2,1,3,3,3,0,2019,2020,other,VA
v63_source_repair_return_guarded_repair,incumbent_cvar_relaxed_source_lp,155252343,139506195,1000.0,1000.0,-170.8717026600099,-177.67809625327766,6.806393593267757,1992.6351785273455,842500.0,True,True,0.00010816869840624133,0.8991097922848664,0,,,61422.10693461141,96273.96250083388,True,True,post_v191_one_drop_one_add_whole_loan_swap,post-v191 one-swap pricing only; not multi-swap or global proof,D,D,2,2,3,2,3,0,2019,2018,other,CA
v63_source_repair_return_guarded_repair,incumbent_cvar_relaxed_source_lp,155252343,156823754,1000.0,1000.0,-170.8717026600099,-183.46022770133698,12.588525041327074,1998.4173099754048,842500.0,True,True,0.00010816869840624133,0.8991097922848664,0,,,61419.708715512,96253.05773745321,True,True,post_v191_one_drop_one_add_whole_loan_swap,post-v191 one-swap pricing only; not multi-swap or global proof,D,D,2,2,3,3,3,1,2019,2019,other,CA
v63_source_repair_return_guarded_repair,incumbent_cvar_relaxed_source_lp,155252343,156807668,1000.0,1000.0,-170.8717026600099,-175.85010442413147,4.978401764121571,1990.8071866981993,842500.0,True,True,0.00010816869840624133,0.8991097922848664,0,,,61447.14220987071,96281.33409783088,True,True,post_v191_one_drop_one_add_whole_loan_swap,post-v191 one-swap pricing only; not multi-swap or global proof,D,D,2,2,3,0,3,0,2019,2019,other,TX
v63_source_repair_return_guarded_repair,incumbent_cvar_relaxed_source_lp,154899738,127672145,1000.0,1000.0,-171.01136866654105,-196.20083323856994,25.189464572028896,2011.0182495061067,842500.0,True,True,0.00010816869840624133,0.8991097922848664,0,,,61417.757027254236,96303.65189999368,True,True,post_v191_one_drop_one_add_whole_loan_swap,post-v191 one-swap pricing only; not multi-swap or global proof,B,C,1,1,0,0,0,2,2019,2018,other,other
v63_source_repair_return_guarded_repair,incumbent_cvar_relaxed_source_lp,154899738,126827839,1000.0,1000.0,-171.01136866654105,-175.77898463113021,4.767615964589169,1990.5964008986668,842500.0,True,True,0.00010816869840624133,0.8991097922848664,0,,,61315.65412350898,96161.86131907892,True,True,post_v191_one_drop_one_add_whole_loan_swap,post-v191 one-swap pricing only; not multi-swap or global proof,B,E,1,2,0,0,0,4,2019,2018,other,other
v63_source_repair_return_guarded_repair,incumbent_cvar_relaxed_source_lp,154899738,126820122,1000.0,1000.0,-171.01136866654105,-201.89545162414464,30.884082957603596,2016.7128678916813,842500.0,True,True,0.00010816869840624133,0.8991097922848664,0,,,61377.17498829232,96255.281385635,True,True,post_v191_one_drop_one_add_whole_loan_swap,post-v191 one-swap pricing only; not multi-swap or global proof,B,C,1,1,0,0,0,1,2019,2018,other,other
v63_source_repair_return_guarded_repair,incumbent_cvar_relaxed_source_lp,154899738,126733849,1000.0,1000.0,-171.01136866654105,-186.9469746106631,15.935605944122045,2001.7643908781997,842500.0,True,True,0.00010816869840624133,0.8979228486646884,0,,,61448.86444227892,96348.02221887895,True,True,post_v191_one_drop_one_add_whole_loan_swap,post-v191 one-swap pricing only; not multi-swap or global proof,B,B,1,0,0,4,0,3,2019,2018,other,NJ
v63_source_repair_return_guarded_repair,incumbent_cvar_relaxed_source_lp,154899738,126419064,1000.0,1000.0,-171.01136866654105,-198.85427993768698,27.842911271145937,2013.6716962052237,842500.0,True,True,0.00010816869840624133,0.8991097922848664,0,,,61350.56846486195,96212.61297957433,True,True,post_v191_one_drop_one_add_whole_loan_swap,post-v191 one-swap pricing only; not multi-swap or global proof,B,D,1,2,0,4,0,1,2019,2018,other,other
v63_source_repair_return_guarded_repair,incumbent_cvar_relaxed_source_lp,154899738,168701788,1000.0,1000.0,-171.01136866654105,-178.5860397151734,7.574671048632354,1993.40345598271,842500.0,True,True,0.00010816869840624133,0.8991097922848664,0,,,61369.44362654615,96222.3107055914,True,True,post_v191_one_drop_one_add_whole_loan_swap,post-v191 one-swap pricing only; not multi-swap or global proof,B,C,1,1,0,3,0,1,2019,2020,other,TX
v63_source_repair_return_guarded_repair,incumbent_cvar_relaxed_source_lp,154899738,169358871,1000.0,1000.0,-171.01136866654105,-177.86634212741987,6.854973460878824,1992.6837583949566,842500.0,True,True,0.00010816869840624133,0.8991097922848664,0,,,61379.214643878884,96209.88567055156,True,True,post_v191_one_drop_one_add_whole_loan_swap,post-v191 one-swap pricing only; not multi-swap or global proof,B,C,1,1,0,3,0,0,2019,2020,other,VA
v63_source_repair_return_guarded_repair,incumbent_cvar_relaxed_source_lp,154899738,139506195,1000.0,1000.0,-171.01136866654105,-177.67809625327766,6.666727586736613,1992.4955125208144,842500.0,True,True,0.00010816869840624133,0.8991097922848664,0,,,61353.37996382748,96156.1040454311,True,True,post_v191_one_drop_one_add_whole_loan_swap,post-v191 one-swap pricing only; not multi-swap or global proof,B,D,1,2,0,2,0,0,2019,2018,other,CA
v63_source_repair_return_guarded_repair,incumbent_cvar_relaxed_source_lp,154899738,156823754,1000.0,1000.0,-171.01136866654105,-183.46022770133698,12.44885903479593,1998.2776439688737,842500.0,True,True,0.00010816869840624133,0.8991097922848664,0,,,61350.98174472808,96135.19928205044,True,True,post_v191_one_drop_one_add_whole_loan_swap,post-v191 one-swap pricing only; not multi-swap or global proof,B,D,1,2,0,3,0,1,2019,2019,other,CA
v63_source_repair_return_guarded_repair,incumbent_cvar_relaxed_source_lp,154899738,156807668,1000.0,1000.0,-171.01136866654105,-175.85010442413147,4.8387357575904275,1990.6675206916682,842500.0,True,True,0.00010816869840624133,0.8991097922848664,0,,,61378.41523908678,96163.47564242812,True,True,post_v191_one_drop_one_add_whole_loan_swap,post-v191 one-swap pricing only; not multi-swap or global proof,B,D,1,2,0,0,0,0,2019,2019,other,TX
v63_source_repair_return_guarded_repair,incumbent_cvar_relaxed_source_lp,163050494,148029832,10525.0,10000.0,252.1906376488806,247.80404423386764,4.386593415012953,1990.2153783490908,843025.0,True,True,1.664000207046712e-05,0.8991726224014709,0,,,61340.52718990357,96149.45883113699,True,True,post_v191_one_drop_one_add_whole_loan_swap,post-v191 one-swap pricing only; not multi-swap or global proof,A,A,0,0,4,4,0,0,2019,2019,NY,other
v63_source_repair_return_guarded_repair,incumbent_cvar_relaxed_source_lp,163420191,168678809,1200.0,1000.0,-20.633738303939268,-25.935876492202276,5.302138188263008,1991.1309231223406,842700.0,True,True,7.328717621135628e-05,0.8988964044143823,0,,,61452.231702669465,96313.50882097836,True,True,post_v191_one_drop_one_add_whole_loan_swap,post-v191 one-swap pricing only; not multi-swap or global proof,A,A,1,1,0,1,2,0,2019,2020,FL,IN
v63_source_repair_return_guarded_repair,incumbent_cvar_relaxed_source_lp,163420191,170390171,1200.0,1000.0,-20.633738303939268,-23.632377345499286,2.9986390415600184,1988.8274239756377,842700.0,True,True,7.328717621135628e-05,0.8988964044143823,0,,,61448.82621312792,96306.57602079328,True,True,post_v191_one_drop_one_add_whole_loan_swap,post-v191 one-swap pricing only; not multi-swap or global proof,A,A,1,1,0,0,2,0,2019,2020,FL,other
v63_source_repair_return_guarded_repair,incumbent_cvar_relaxed_source_lp,163420191,169450190,1200.0,1000.0,-20.633738303939268,-22.58050328415853,1.946764980219264,1987.775549914297,842700.0,True,True,7.328717621135628e-05,0.8988964044143823,0,,,61431.511488639364,96271.56798746747,True,True,post_v191_one_drop_one_add_whole_loan_swap,post-v191 one-swap pricing only; not multi-swap or global proof,A,A,1,1,0,0,2,0,2019,2020,FL,AZ
v63_source_repair_return_guarded_repair,incumbent_cvar_relaxed_source_lp,163383289,168841753,1000.0,1000.0,-9.457214357682766,-15.58411172619063,6.126897368507864,1991.9556823025855,842500.0,True,True,0.00010816869840624133,0.8991097922848664,0,,,61411.33292107153,96246.73168382865,True,True,post_v191_one_drop_one_add_whole_loan_swap,post-v191 one-swap pricing only; not multi-swap or global proof,A,A,1,1,0,1,2,0,2019,2020,other,NY
v63_source_repair_return_guarded_repair,incumbent_cvar_relaxed_source_lp,163383289,168678809,1000.0,1000.0,-9.457214357682766,-25.935876492202276,16.47866213451951,2002.3074470685972,842500.0,True,True,0.00010816869840624133,0.8991097922848664,0,,,61424.84677796971,96267.70804322172,True,True,post_v191_one_drop_one_add_whole_loan_swap,post-v191 one-swap pricing only; not multi-swap or global proof,A,A,1,1,0,1,2,0,2019,2020,other,IN
v63_source_repair_return_guarded_repair,incumbent_cvar_relaxed_source_lp,163383289,170390171,1000.0,1000.0,-9.457214357682766,-23.632377345499286,14.17516298781652,2000.0039479218942,842500.0,True,True,0.00010816869840624133,0.8991097922848664,0,,,61421.44128842815,96260.77524303665,True,True,post_v191_one_drop_one_add_whole_loan_swap,post-v191 one-swap pricing only; not multi-swap or global proof,A,A,1,1,0,0,2,0,2019,2020,other,other
v63_source_repair_return_guarded_repair,incumbent_cvar_relaxed_source_lp,163383289,169450190,1000.0,1000.0,-9.457214357682766,-22.58050328415853,13.123288926475766,1998.9520738605534,842500.0,True,True,0.00010816869840624133,0.8991097922848664,0,,,61404.126563939615,96225.76720971084,True,True,post_v191_one_drop_one_add_whole_loan_swap,post-v191 one-swap pricing only; not multi-swap or global proof,A,A,1,1,0,0,2,0,2019,2020,other,AZ
v63_source_repair_return_guarded_repair,incumbent_cvar_relaxed_source_lp,162936322,126523487,2000.0,2000.0,-335.18594736331687,-350.42656531605377,15.240617952736898,2001.0694028868147,842500.0,True,True,0.00010816869840624133,0.8991097922848664,0,,,61426.10950339401,96405.86300641288,True,True,post_v191_one_drop_one_add_whole_loan_swap,post-v191 one-swap pricing only; not multi-swap or global proof,C,C,1,1,4,4,1,1,2019,2018,NC,CA
v63_source_repair_return_guarded_repair,incumbent_cvar_relaxed_source_lp,162604995,127672145,1200.0,1000.0,-190.38488193037946,-196.20083323856994,5.815951308190478,1991.6447362422682,842700.0,True,True,0.000310619560215053,0.8988964044143823,0,,,61582.284610116774,96569.82620223997,True,True,post_v191_one_drop_one_add_whole_loan_swap,post-v191 one-swap pricing only; not multi-swap or global proof,D,C,2,1,2,0,1,2,2019,2018,TX,other
v63_source_repair_return_guarded_repair,incumbent_cvar_relaxed_source_lp,162604995,126820122,1200.0,1000.0,-190.38488193037946,-201.89545162414464,11.510569693765177,1997.3393546278428,842700.0,True,True,0.000310619560215053,0.8988964044143823,0,,,61541.70257115485,96521.45568788124,True,True,post_v191_one_drop_one_add_whole_loan_swap,post-v191 one-swap pricing only; not multi-swap or global proof,D,C,2,1,2,0,1,1,2019,2018,TX,other
v63_source_repair_return_guarded_repair,incumbent_cvar_relaxed_source_lp,162604995,126483031,1200.0,1200.0,-190.38488193037946,-200.480236756332,10.09535482595254,1995.9241397600304,842500.0,True,True,0.00010816869840624133,0.8976854599406529,0,,,61592.40760080193,96583.77757052354,True,True,post_v191_one_drop_one_add_whole_loan_swap,post-v191 one-swap pricing only; not multi-swap or global proof,D,B,2,0,2,2,1,0,2019,2018,TX,FL
v63_source_repair_return_guarded_repair,incumbent_cvar_relaxed_source_lp,162604995,126419064,1200.0,1000.0,-190.38488193037946,-198.85427993768698,8.469398007307518,1994.2981829413852,842700.0,True,True,0.000310619560215053,0.8988964044143823,0,,,61515.096047724495,96478.78728182062,True,True,post_v191_one_drop_one_add_whole_loan_swap,post-v191 one-swap pricing only; not multi-swap or global proof,D,D,2,2,2,4,1,1,2019,2018,TX,other
v63_source_repair_return_guarded_repair,incumbent_cvar_relaxed_source_lp,162604995,165985906,1200.0,1200.0,-190.38488193037946,-203.72482836822385,13.33994643784439,1999.1687313719221,842500.0,True,True,0.00010816869840624133,0.8991097922848664,0,,,61498.079797690705,96413.41766552345,True,True,post_v191_one_drop_one_add_whole_loan_swap,post-v191 one-swap pricing only; not multi-swap or global proof,D,C,2,1,2,3,1,4,2019,2020,TX,VA
v63_source_repair_return_guarded_repair,incumbent_cvar_relaxed_source_lp,162604995,160806330,1200.0,1200.0,-190.38488193037946,-210.10403328668124,19.71915135630178,2005.5479362903795,842500.0,True,True,0.00010816869840624133,0.8991097922848664,0,,,61448.64250874352,96284.79395481794,True,True,post_v191_one_drop_one_add_whole_loan_swap,post-v191 one-swap pricing only; not multi-swap or global proof,D,D,2,2,2,2,1,2,2019,2019,TX,FL
v63_source_repair_return_guarded_repair,incumbent_cvar_relaxed_source_lp,162654393,127695160,1500.0,1500.0,-228.9567046794011,-235.90029594541494,6.94359126601384,1992.7723762000915,842500.0,True,True,0.00010816869840624133,0.8991097922848664,0,,,61440.0078549031,96377.01107802292,True,True,post_v191_one_drop_one_add_whole_loan_swap,post-v191 one-swap pricing only; not multi-swap or global proof,B,B,0,0,3,2,0,1,2019,2018,MI,TX
v63_source_repair_return_guarded_repair,incumbent_cvar_relaxed_source_lp,162654393,126760355,1500.0,1500.0,-228.9567046794011,-250.40002765814089,21.443322978739786,2007.2721079128175,842500.0,True,True,0.00010816869840624133,0.8991097922848664,0,,,61440.2131634267,96377.29948412288,True,True,post_v191_one_drop_one_add_whole_loan_swap,post-v191 one-swap pricing only; not multi-swap or global proof,B,B,0,0,3,1,0,0,2019,2018,MI,IL
v63_source_repair_return_guarded_repair,incumbent_cvar_relaxed_source_lp,162654393,126430923,1500.0,1500.0,-228.9567046794011,-243.25029594541493,14.293591266013834,2000.1223762000916,842500.0,True,True,0.00010816869840624133,0.8991097922848664,0,,,61440.0078549031,96377.01107802292,True,True,post_v191_one_drop_one_add_whole_loan_swap,post-v191 one-swap pricing only; not multi-swap or global proof,B,B,0,0,3,3,0,0,2019,2018,MI,other
v63_source_repair_return_guarded_repair,incumbent_cvar_relaxed_source_lp,162605401,127672145,1000.0,1000.0,-160.8152043628769,-196.20083323856994,35.385628875693044,2021.2144138097708,842500.0,True,True,0.00010816869840624133,0.8991097922848664,0,,,61566.03688111709,96462.22358447812,True,True,post_v191_one_drop_one_add_whole_loan_swap,post-v191 one-swap pricing only; not multi-swap or global proof,D,C,3,1,2,0,1,2,2019,2018,MD,other
v63_source_repair_return_guarded_repair,incumbent_cvar_relaxed_source_lp,162605401,126827839,1000.0,1000.0,-160.8152043628769,-175.77898463113021,14.963780268253316,2000.792565202331,842500.0,True,True,0.00010816869840624133,0.8991097922848664,0,,,61463.93397737183,96320.43300356335,True,True,post_v191_one_drop_one_add_whole_loan_swap,post-v191 one-swap pricing only; not multi-swap or global proof,D,E,3,2,2,0,1,4,2019,2018,MD,other
v63_source_repair_return_guarded_repair,incumbent_cvar_relaxed_source_lp,162605401,126820122,1000.0,1000.0,-160.8152043628769,-201.89545162414464,41.08024726126774,2026.9090321953454,842500.0,True,True,0.00010816869840624133,0.8991097922848664,0,,,61525.454842155166,96413.85307011941,True,True,post_v191_one_drop_one_add_whole_loan_swap,post-v191 one-swap pricing only; not multi-swap or global proof,D,C,3,1,2,0,1,1,2019,2018,MD,other
v63_source_repair_return_guarded_repair,incumbent_cvar_relaxed_source_lp,162605401,126733849,1000.0,1000.0,-160.8152043628769,-186.9469746106631,26.131770247786193,2011.9605551818638,842500.0,True,True,0.00010816869840624133,0.8979228486646884,0,,,61597.14429614177,96506.59390336339,True,True,post_v191_one_drop_one_add_whole_loan_swap,post-v191 one-swap pricing only; not multi-swap or global proof,D,B,3,0,2,4,1,3,2019,2018,MD,NJ
v63_source_repair_return_guarded_repair,incumbent_cvar_relaxed_source_lp,162605401,126468092,1000.0,1000.0,-160.8152043628769,-169.50590883596908,8.690704473092183,1994.5194894071699,842500.0,True,True,0.00010816869840624133,0.8979228486646884,0,,,61620.04851869917,96537.8273053361,True,True,post_v191_one_drop_one_add_whole_loan_swap,post-v191 one-swap pricing only; not multi-swap or global proof,D,B,3,0,2,1,1,2,2019,2018,MD,other
v63_source_repair_return_guarded_repair,incumbent_cvar_relaxed_source_lp,162605401,126419064,1000.0,1000.0,-160.8152043628769,-198.85427993768698,38.039075574810084,2023.8678605088878,842500.0,True,True,0.00010816869840624133,0.8991097922848664,0,,,61498.848318724806,96371.18466405876,True,True,post_v191_one_drop_one_add_whole_loan_swap,post-v191 one-swap pricing only; not multi-swap or global proof,D,D,3,2,2,4,1,1,2019,2018,MD,other
v63_source_repair_return_guarded_repair,incumbent_cvar_relaxed_source_lp,162605401,168701788,1000.0,1000.0,-160.8152043628769,-178.5860397151734,17.7708353522965,2003.5996202863741,842500.0,True,True,0.00010816869840624133,0.8991097922848664,0,,,61517.72348040901,96380.88239007581,True,True,post_v191_one_drop_one_add_whole_loan_swap,post-v191 one-swap pricing only; not multi-swap or global proof,D,C,3,1,2,3,1,1,2019,2020,MD,TX
v63_source_repair_return_guarded_repair,incumbent_cvar_relaxed_source_lp,162605401,169358871,1000.0,1000.0,-160.8152043628769,-177.86634212741987,17.051137764542972,2002.8799226986207,842500.0,True,True,0.00010816869840624133,0.8991097922848664,0,,,61527.49449774174,96368.45735503596,True,True,post_v191_one_drop_one_add_whole_loan_swap,post-v191 one-swap pricing only; not multi-swap or global proof,D,C,3,1,2,3,1,0,2019,2020,MD,VA
v63_source_repair_return_guarded_repair,incumbent_cvar_relaxed_source_lp,162605401,139506195,1000.0,1000.0,-160.8152043628769,-177.67809625327766,16.86289189040076,2002.6916768244785,842500.0,True,True,0.00010816869840624133,0.8991097922848664,0,,,61501.65981769032,96314.67572991551,True,True,post_v191_one_drop_one_add_whole_loan_swap,post-v191 one-swap pricing only; not multi-swap or global proof,D,D,3,2,2,2,1,0,2019,2018,MD,CA
v63_source_repair_return_guarded_repair,incumbent_cvar_relaxed_source_lp,162605401,156823754,1000.0,1000.0,-160.8152043628769,-183.46022770133698,22.645023338460078,2008.4738082725378,842500.0,True,True,0.00010816869840624133,0.8991097922848664,0,,,61499.26159859092,96293.77096653488,True,True,post_v191_one_drop_one_add_whole_loan_swap,post-v191 one-swap pricing only; not multi-swap or global proof,D,D,3,2,2,3,1,1,2019,2019,MD,CA
v63_source_repair_return_guarded_repair,incumbent_cvar_relaxed_source_lp,162605401,156807668,1000.0,1000.0,-160.8152043628769,-175.85010442413147,15.034900061254575,2000.8636849953323,842500.0,True,True,0.00010816869840624133,0.8991097922848664,0,,,61526.69509294962,96322.04732691255,True,True,post_v191_one_drop_one_add_whole_loan_swap,post-v191 one-swap pricing only; not multi-swap or global proof,D,D,3,2,2,0,1,0,2019,2019,MD,TX
v63_source_repair_return_guarded_repair,incumbent_cvar_relaxed_source_lp,162590887,169095548,1000.0,1200.0,-7.297262801488124,-7.543263072143034,0.24600027065491048,1986.0747852047325,842300.0,True,True,0.00014306678549369511,0.8993232814911551,0,,,61412.72208198541,96238.36123008041,True,True,post_v191_one_drop_one_add_whole_loan_swap,post-v191 one-swap pricing only; not multi-swap or global proof,A,A,1,1,1,3,0,1,2019,2020,TX,other
v63_source_repair_return_guarded_repair,incumbent_cvar_relaxed_source_lp,162590887,168841753,1000.0,1000.0,-7.297262801488124,-15.58411172619063,8.286848924702506,1994.1156338587803,842500.0,True,True,0.00010816869840624133,0.8991097922848664,0,,,61409.09832118444,96242.05161763968,True,True,post_v191_one_drop_one_add_whole_loan_swap,post-v191 one-swap pricing only; not multi-swap or global proof,A,A,1,1,1,1,0,0,2019,2020,TX,NY
v63_source_repair_return_guarded_repair,incumbent_cvar_relaxed_source_lp,162590887,168678809,1000.0,1000.0,-7.297262801488124,-25.935876492202276,18.638613690714152,2004.467398624792,842500.0,True,True,0.00010816869840624133,0.8991097922848664,0,,,61422.61217808262,96263.02797703273,True,True,post_v191_one_drop_one_add_whole_loan_swap,post-v191 one-swap pricing only; not multi-swap or global proof,A,A,1,1,1,1,0,0,2019,2020,TX,IN
v63_source_repair_return_guarded_repair,incumbent_cvar_relaxed_source_lp,162590887,170390171,1000.0,1000.0,-7.297262801488124,-23.632377345499286,16.335114544011162,2002.1638994780888,842500.0,True,True,0.00010816869840624133,0.8991097922848664,0,,,61419.206688541075,96256.09517684765,True,True,post_v191_one_drop_one_add_whole_loan_swap,post-v191 one-swap pricing only; not multi-swap or global proof,A,A,1,1,1,0,0,0,2019,2020,TX,other
v63_source_repair_return_guarded_repair,incumbent_cvar_relaxed_source_lp,162590887,169450190,1000.0,1000.0,-7.297262801488124,-22.58050328415853,15.283240482670408,2001.112025416748,842500.0,True,True,0.00010816869840624133,0.8991097922848664,0,,,61401.89196405253,96221.08714352184,True,True,post_v191_one_drop_one_add_whole_loan_swap,post-v191 one-swap pricing only; not multi-swap or global proof,A,A,1,1,1,0,0,0,2019,2020,TX,AZ
v63_source_repair_return_guarded_repair,incumbent_cvar_relaxed_source_lp,162528420,127672145,1200.0,1000.0,-183.7368131210446,-196.20083323856994,12.464020117525337,1998.292805051603,842700.0,True,True,0.000310619560215053,0.8988964044143823,0,,,61645.91090364767,96584.1519181096,True,True,post_v191_one_drop_one_add_whole_loan_swap,post-v191 one-swap pricing only; not multi-swap or global proof,D,C,3,1,2,0,2,2,2019,2018,MD,other
v63_source_repair_return_guarded_repair,incumbent_cvar_relaxed_source_lp,162528420,126820122,1200.0,1000.0,-183.7368131210446,-201.89545162414464,18.158638503100036,2003.9874234371778,842700.0,True,True,0.000310619560215053,0.8988964044143823,0,,,61605.32886468575,96535.78140375088,True,True,post_v191_one_drop_one_add_whole_loan_swap,post-v191 one-swap pricing only; not multi-swap or global proof,D,C,3,1,2,0,2,1,2019,2018,MD,other
v63_source_repair_return_guarded_repair,incumbent_cvar_relaxed_source_lp,162528420,126733849,1200.0,1000.0,-183.7368131210446,-186.9469746106631,3.2101614896184856,1989.0389464236962,842700.0,True,True,0.000310619560215053,0.8977097424943633,0,,,61677.018318672344,96628.52223699486,True,True,post_v191_one_drop_one_add_whole_loan_swap,post-v191 one-swap pricing only; not multi-swap or global proof,D,B,3,0,2,4,2,3,2019,2018,MD,NJ
v63_source_repair_return_guarded_repair,incumbent_cvar_relaxed_source_lp,162528420,126483031,1200.0,1200.0,-183.7368131210446,-200.480236756332,16.7434236352874,2002.572208569365,842500.0,True,True,0.00010816869840624133,0.8976854599406529,0,,,61656.033894332824,96598.10328639316,True,True,post_v191_one_drop_one_add_whole_loan_swap,post-v191 one-swap pricing only; not multi-swap or global proof,D,B,3,0,2,2,2,0,2019,2018,MD,FL
v63_source_repair_return_guarded_repair,incumbent_cvar_relaxed_source_lp,162528420,126419064,1200.0,1000.0,-183.7368131210446,-198.85427993768698,15.117466816642377,2000.94625175072,842700.0,True,True,0.000310619560215053,0.8988964044143823,0,,,61578.72234125539,96493.11299769024,True,True,post_v191_one_drop_one_add_whole_loan_swap,post-v191 one-swap pricing only; not multi-swap or global proof,D,D,3,2,2,4,2,1,2019,2018,MD,other
v63_source_repair_return_guarded_repair,incumbent_cvar_relaxed_source_lp,162528420,165985906,1200.0,1200.0,-183.7368131210446,-203.72482836822385,19.98801524717925,2005.816800181257,842500.0,True,True,0.00010816869840624133,0.8991097922848664,0,,,61561.70609122159,96427.74338139305,True,True,post_v191_one_drop_one_add_whole_loan_swap,post-v191 one-swap pricing only; not multi-swap or global proof,D,C,3,1,2,3,2,4,2019,2020,MD,VA
v63_source_repair_return_guarded_repair,incumbent_cvar_relaxed_source_lp,162528420,160806330,1200.0,1200.0,-183.7368131210446,-210.10403328668124,26.36722016563664,2012.1960050997143,842500.0,True,True,0.00010816869840624133,0.8991097922848664,0,,,61512.268802274404,96299.11967068756,True,True,post_v191_one_drop_one_add_whole_loan_swap,post-v191 one-swap pricing only; not multi-swap or global proof,D,D,3,2,2,2,2,2,2019,2019,MD,FL
v63_source_repair_return_guarded_repair,incumbent_cvar_relaxed_source_lp,162083390,127672145,1000.0,1000.0,-168.4682188833758,-196.20083323856994,27.73261435519413,2013.5613992892718,842500.0,True,True,0.00010816869840624133,0.8991097922848664,0,,,61461.976766355525,96367.94367731943,True,True,post_v191_one_drop_one_add_whole_loan_swap,post-v191 one-swap pricing only; not multi-swap or global proof,C,C,1,1,2,0,1,2,2019,2018,other,other
v63_source_repair_return_guarded_repair,incumbent_cvar_relaxed_source_lp,162083390,126827839,1000.0,1000.0,-168.4682188833758,-175.77898463113021,7.310765747754402,1993.1395506818321,842500.0,True,True,0.00010816869840624133,0.8991097922848664,0,,,61359.873862610286,96226.15309640465,True,True,post_v191_one_drop_one_add_whole_loan_swap,post-v191 one-swap pricing only; not multi-swap or global proof,C,E,1,2,2,0,1,4,2019,2018,other,other
v63_source_repair_return_guarded_repair,incumbent_cvar_relaxed_source_lp,162083390,126820122,1000.0,1000.0,-168.4682188833758,-201.89545162414464,33.42723274076883,2019.2560176748466,842500.0,True,True,0.00010816869840624133,0.8991097922848664,0,,,61421.39472739362,96319.57316296072,True,True,post_v191_one_drop_one_add_whole_loan_swap,post-v191 one-swap pricing only; not multi-swap or global proof,C,C,1,1,2,0,1,1,2019,2018,other,other
v63_source_repair_return_guarded_repair,incumbent_cvar_relaxed_source_lp,162083390,126733849,1000.0,1000.0,-168.4682188833758,-186.9469746106631,18.47875572728728,2004.307540661365,842500.0,True,True,0.00010816869840624133,0.8979228486646884,0,,,61493.084181380225,96412.3139962047,True,True,post_v191_one_drop_one_add_whole_loan_swap,post-v191 one-swap pricing only; not multi-swap or global proof,C,B,1,0,2,4,1,3,2019,2018,other,NJ
v63_source_repair_return_guarded_repair,incumbent_cvar_relaxed_source_lp,162083390,126468092,1000.0,1000.0,-168.4682188833758,-169.50590883596908,1.0376899525932686,1986.8664748866709,842500.0,True,True,0.00010816869840624133,0.8979228486646884,0,,,61515.98840393762,96443.54739817741,True,True,post_v191_one_drop_one_add_whole_loan_swap,post-v191 one-swap pricing only; not multi-swap or global proof,C,B,1,0,2,1,1,2,2019,2018,other,other
v63_source_repair_return_guarded_repair,incumbent_cvar_relaxed_source_lp,162083390,126419064,1000.0,1000.0,-168.4682188833758,-198.85427993768698,30.38606105431117,2016.2148459883888,842500.0,True,True,0.00010816869840624133,0.8991097922848664,0,,,61394.78820396325,96276.90475690008,True,True,post_v191_one_drop_one_add_whole_loan_swap,post-v191 one-swap pricing only; not multi-swap or global proof,C,D,1,2,2,4,1,1,2019,2018,other,other
v63_source_repair_return_guarded_repair,incumbent_cvar_relaxed_source_lp,162083390,168701788,1000.0,1000.0,-168.4682188833758,-178.5860397151734,10.117820831797587,1995.9466057658753,842500.0,True,True,0.00010816869840624133,0.8991097922848664,0,,,61413.663365647444,96286.60248291711,True,True,post_v191_one_drop_one_add_whole_loan_swap,post-v191 one-swap pricing only; not multi-swap or global proof,C,C,1,1,2,3,1,1,2019,2020,other,TX
v63_source_repair_return_guarded_repair,incumbent_cvar_relaxed_source_lp,162083390,169358871,1000.0,1000.0,-168.4682188833758,-177.86634212741987,9.398123244044058,1995.2269081781217,842500.0,True,True,0.00010816869840624133,0.8991097922848664,0,,,61423.434382980195,96274.17744787729,True,True,post_v191_one_drop_one_add_whole_loan_swap,post-v191 one-swap pricing only; not multi-swap or global proof,C,C,1,1,2,3,1,0,2019,2020,other,VA
v63_source_repair_return_guarded_repair,incumbent_cvar_relaxed_source_lp,162083390,139506195,1000.0,1000.0,-168.4682188833758,-177.67809625327766,9.209877369901847,1995.0386623039794,842500.0,True,True,0.00010816869840624133,0.8991097922848664,0,,,61397.59970292878,96220.39582275684,True,True,post_v191_one_drop_one_add_whole_loan_swap,post-v191 one-swap pricing only; not multi-swap or global proof,C,D,1,2,2,2,1,0,2019,2018,other,CA
v63_source_repair_return_guarded_repair,incumbent_cvar_relaxed_source_lp,162083390,156823754,1000.0,1000.0,-168.4682188833758,-183.46022770133698,14.992008817961164,2000.8207937520388,842500.0,True,True,0.00010816869840624133,0.8991097922848664,0,,,61395.20148382938,96199.49105937617,True,True,post_v191_one_drop_one_add_whole_loan_swap,post-v191 one-swap pricing only; not multi-swap or global proof,C,D,1,2,2,3,1,1,2019,2019,other,CA
v63_source_repair_return_guarded_repair,incumbent_cvar_relaxed_source_lp,162083390,156807668,1000.0,1000.0,-168.4682188833758,-175.85010442413147,7.381885540755661,1993.2106704748335,842500.0,True,True,0.00010816869840624133,0.8991097922848664,0,,,61422.63497818808,96227.76741975386,True,True,post_v191_one_drop_one_add_whole_loan_swap,post-v191 one-swap pricing only; not multi-swap or global proof,C,D,1,2,2,0,1,0,2019,2019,other,TX
v63_source_repair_return_guarded_repair,incumbent_cvar_relaxed_source_lp,161983601,151650780,2500.0,2000.0,55.46461738185577,52.68006941227111,2.784547969584658,1988.6133329036625,843000.0,True,True,2.099592630155911e-05,0.8991696322657177,0,,,61495.80326196831,96376.3946554657,True,True,post_v191_one_drop_one_add_whole_loan_swap,post-v191 one-swap pricing only; not multi-swap or global proof,A,A,0,0,4,2,1,0,2019,2019,other,other
v63_source_repair_return_guarded_repair,incumbent_cvar_relaxed_source_lp,161935870,168803640,2000.0,1500.0,-29.6802937358999,-30.498264963412808,0.8179712275129063,1986.6467561615907,843000.0,True,True,2.099592630155911e-05,0.8985765124555161,0,,,61455.80779905266,96325.77065596856,True,True,post_v191_one_drop_one_add_whole_loan_swap,post-v191 one-swap pricing only; not multi-swap or global proof,A,A,1,1,1,3,1,3,2019,2020,FL,IL
v63_source_repair_return_guarded_repair,incumbent_cvar_relaxed_source_lp,161626478,138351997,2400.0,2000.0,59.91771594001454,59.845817357766904,0.07189858224763412,1985.9006835163254,842900.0,True,True,3.842220711736122e-05,0.8991576699489856,0,,,61471.70499961543,96341.40597214039,True,True,post_v191_one_drop_one_add_whole_loan_swap,post-v191 one-swap pricing only; not multi-swap or global proof,A,A,0,0,3,4,0,0,2019,2018,MI,IL
v63_source_repair_return_guarded_repair,incumbent_cvar_relaxed_source_lp,161626478,151650780,2400.0,2000.0,59.91771594001454,52.68006941227111,7.237646527743429,1993.0664314618211,842900.0,True,True,3.842220711736122e-05,0.8991576699489856,0,,,61468.378620821604,96330.824659166,True,True,post_v191_one_drop_one_add_whole_loan_swap,post-v191 one-swap pricing only; not multi-swap or global proof,A,A,0,0,3,2,0,0,2019,2019,MI,other
v63_source_repair_return_guarded_repair,incumbent_cvar_relaxed_source_lp,161103177,168803640,2000.0,1500.0,-26.994525602976264,-30.498264963412808,3.503739360436544,1989.3325242945143,843000.0,True,True,2.099592630155911e-05,0.8985765124555161,0,,,61440.30632312514,96300.01271817538,True,True,post_v191_one_drop_one_add_whole_loan_swap,post-v191 one-swap pricing only; not multi-swap or global proof,A,A,1,1,3,3,2,3,2019,2020,NJ,IL
v63_source_repair_return_guarded_repair,incumbent_cvar_relaxed_source_lp,161131808,126820122,1000.0,1000.0,-200.73394359450347,-201.89545162414464,1.161508029641169,1986.990292963719,842500.0,True,True,0.00010816869840624133,0.8991097922848664,0,,,61454.40112715425,96333.03937992718,True,True,post_v191_one_drop_one_add_whole_loan_swap,post-v191 one-swap pricing only; not multi-swap or global proof,C,C,2,1,2,0,2,1,2019,2018,other,other
v63_source_repair_return_guarded_repair,incumbent_cvar_relaxed_source_lp,159079407,168803640,1400.0,1500.0,-29.962255599626843,-30.498264963412808,0.5360093637859649,1986.3647942978637,842400.0,True,True,0.000125615670600987,0.8992165242165242,0,,,61399.49462997253,96238.19063865377,True,True,post_v191_one_drop_one_add_whole_loan_swap,post-v191 one-swap pricing only; not multi-swap or global proof,A,A,1,1,0,3,0,3,2019,2020,NY,IL
v63_source_repair_return_guarded_repair,incumbent_cvar_relaxed_source_lp,160400299,127672145,1000.0,1000.0,-190.1364102192376,-196.20083323856994,6.064423019332338,1991.89320795341,842500.0,True,True,0.00010816869840624133,0.8991097922848664,0,,,61511.76288665169,96453.86860075833,True,True,post_v191_one_drop_one_add_whole_loan_swap,post-v191 one-swap pricing only; not multi-swap or global proof,D,C,2,1,1,0,4,2,2019,2018,other,other
v63_source_repair_return_guarded_repair,incumbent_cvar_relaxed_source_lp,160400299,126820122,1000.0,1000.0,-190.1364102192376,-201.89545162414464,11.759041404907038,1997.5878263389848,842500.0,True,True,0.00010816869840624133,0.8991097922848664,0,,,61471.180847689764,96405.49808639963,True,True,post_v191_one_drop_one_add_whole_loan_swap,post-v191 one-swap pricing only; not multi-swap or global proof,D,C,2,1,1,0,4,1,2019,2018,other,other
v63_source_repair_return_guarded_repair,incumbent_cvar_relaxed_source_lp,160400299,126419064,1000.0,1000.0,-190.1364102192376,-198.85427993768698,8.717869718449379,1994.5466546525272,842500.0,True,True,0.00010816869840624133,0.8991097922848664,0,,,61444.57432425941,96362.82968033898,True,True,post_v191_one_drop_one_add_whole_loan_swap,post-v191 one-swap pricing only; not multi-swap or global proof,D,D,2,2,1,4,4,1,2019,2018,other,other
v63_source_repair_return_guarded_repair,incumbent_cvar_relaxed_source_lp,159357211,148311317,1500.0,1200.0,37.236996479670715,37.205933723656024,0.031062756014691217,1985.8598476900925,842800.0,True,True,5.5852623263241696e-05,0.8991457047935453,0,,,61471.67041153871,96337.15436076964,True,True,post_v191_one_drop_one_add_whole_loan_swap,post-v191 one-swap pricing only; not multi-swap or global proof,A,A,0,0,1,1,0,0,2019,2019,NV,MN
v63_source_repair_return_guarded_repair,incumbent_cvar_relaxed_source_lp,159357211,160039313,1500.0,1200.0,37.236996479670715,33.84784116416046,3.3891553155102585,1989.2179402495879,842800.0,True,True,5.5852623263241696e-05,0.8991457047935453,0,,,61439.256937458704,96279.51537340385,True,True,post_v191_one_drop_one_add_whole_loan_swap,post-v191 one-swap pricing only; not multi-swap or global proof,A,A,0,0,1,2,0,0,2019,2019,NV,NV
v63_source_repair_return_guarded_repair,incumbent_cvar_relaxed_source_lp,159357211,148096150,1500.0,1000.0,37.236996479670715,27.38487574759364,9.852120732077076,1995.6809056661548,843000.0,True,True,2.099592630155911e-05,0.8991696322657177,0,,,61466.93926523713,96330.02611469405,True,True,post_v191_one_drop_one_add_whole_loan_swap,post-v191 one-swap pricing only; not multi-swap or global proof,A,A,0,0,1,4,0,0,2019,2019,NV,MA
v63_source_repair_return_guarded_repair,incumbent_cvar_relaxed_source_lp,159357211,139657464,1500.0,1200.0,37.236996479670715,32.614459804893464,4.622536674777251,1990.4513216088549,842800.0,True,True,5.5852623263241696e-05,0.8991457047935453,0,,,61449.91507363858,96302.76028868921,True,True,post_v191_one_drop_one_add_whole_loan_swap,post-v191 one-swap pricing only; not multi-swap or global proof,A,A,0,0,1,4,0,0,2019,2018,NV,OH
v63_source_repair_return_guarded_repair,incumbent_cvar_relaxed_source_lp,159759852,126760355,1600.0,1500.0,-246.66666357534172,-250.40002765814089,3.73336408279917,1989.562149016877,842600.0,True,True,0.00020940614277265013,0.899121765962497,0,,,61457.215576817005,96416.76047955398,True,True,post_v191_one_drop_one_add_whole_loan_swap,post-v191 one-swap pricing only; not multi-swap or global proof,B,B,0,0,3,1,0,0,2019,2018,TX,IL
v63_source_repair_return_guarded_repair,incumbent_cvar_relaxed_source_lp,159991596,168841753,1200.0,1000.0,-9.152330203220732,-15.58411172619063,6.431781522969898,1992.2605664570476,842700.0,True,True,7.328717621135628e-05,0.8988964044143823,0,,,61426.9151191507,96276.37296709078,True,True,post_v191_one_drop_one_add_whole_loan_swap,post-v191 one-swap pricing only; not multi-swap or global proof,A,A,1,1,1,1,0,0,2019,2020,other,NY
v63_source_repair_return_guarded_repair,incumbent_cvar_relaxed_source_lp,159991596,168678809,1200.0,1000.0,-9.152330203220732,-25.935876492202276,16.783546288981544,2002.6123312230593,842700.0,True,True,7.328717621135628e-05,0.8988964044143823,0,,,61440.428976048875,96297.34932648383,True,True,post_v191_one_drop_one_add_whole_loan_swap,post-v191 one-swap pricing only; not multi-swap or global proof,A,A,1,1,1,1,0,0,2019,2020,other,IN
v63_source_repair_return_guarded_repair,incumbent_cvar_relaxed_source_lp,159991596,170390171,1200.0,1000.0,-9.152330203220732,-23.632377345499286,14.480047142278554,2000.3088320763563,842700.0,True,True,7.328717621135628e-05,0.8988964044143823,0,,,61437.02348650732,96290.41652629875,True,True,post_v191_one_drop_one_add_whole_loan_swap,post-v191 one-swap pricing only; not multi-swap or global proof,A,A,1,1,1,0,0,0,2019,2020,other,other
v63_source_repair_return_guarded_repair,incumbent_cvar_relaxed_source_lp,159991596,169450190,1200.0,1000.0,-9.152330203220732,-22.58050328415853,13.4281730809378,1999.2569580150155,842700.0,True,True,7.328717621135628e-05,0.8988964044143823,0,,,61419.70876201877,96255.40849297297,True,True,post_v191_one_drop_one_add_whole_loan_swap,post-v191 one-swap pricing only; not multi-swap or global proof,A,A,1,1,1,0,0,0,2019,2020,other,AZ
v63_source_repair_return_guarded_repair,incumbent_cvar_relaxed_source_lp,159910290,126733849,1000.0,1000.0,-161.13672038679763,-186.9469746106631,25.810254223865456,2011.6390391579432,842500.0,True,True,0.00010816869840624133,0.8991097922848664,0,,,61410.58646526642,96309.96642368926,True,True,post_v191_one_drop_one_add_whole_loan_swap,post-v191 one-swap pricing only; not multi-swap or global proof,B,B,0,0,0,4,0,3,2019,2018,other,NJ
v63_source_repair_return_guarded_repair,incumbent_cvar_relaxed_source_lp,159910290,126468092,1000.0,1000.0,-161.13672038679763,-169.50590883596908,8.369188449171446,1994.197973383249,842500.0,True,True,0.00010816869840624133,0.8991097922848664,0,,,61433.4906878238,96341.19982566198,True,True,post_v191_one_drop_one_add_whole_loan_swap,post-v191 one-swap pricing only; not multi-swap or global proof,B,B,0,0,0,1,0,2,2019,2018,other,other
v63_source_repair_return_guarded_repair,incumbent_cvar_relaxed_source_lp,159599612,126733849,1000.0,1000.0,-182.1403341611855,-186.9469746106631,4.806640449477584,1990.6354253835552,842500.0,True,True,0.00010816869840624133,0.8991097922848664,0,,,61432.11424651093,96337.16815173175,True,True,post_v191_one_drop_one_add_whole_loan_swap,post-v191 one-swap pricing only; not multi-swap or global proof,B,B,0,0,0,4,2,3,2019,2018,other,NJ
v63_source_repair_return_guarded_repair,incumbent_cvar_relaxed_source_lp,165881168,168803640,2100.0,1500.0,-26.346710930824777,-30.498264963412808,4.151554032588031,1989.9803389666658,843100.0,True,True,3.5737793443457733e-06,0.8984699323923615,0,,,61460.374890098166,96321.0260564902,True,True,post_v191_one_drop_one_add_whole_loan_swap,post-v191 one-swap pricing only; not multi-swap or global proof,A,A,1,1,2,3,0,3,2020,2020,CA,IL
v63_source_repair_return_guarded_repair,incumbent_cvar_relaxed_source_lp,164875488,126658319,3000.0,2500.0,66.49988425124407,65.23175886099214,1.2681253902519245,1987.0969103243297,843000.0,True,True,2.099592630155911e-05,0.8991696322657177,0,,,61457.849531596265,96324.21213263094,True,True,post_v191_one_drop_one_add_whole_loan_swap,post-v191 one-swap pricing only; not multi-swap or global proof,A,A,0,0,2,2,0,0,2020,2018,other,PA
v63_source_repair_return_guarded_repair,incumbent_cvar_relaxed_source_lp,164456389,127640797,3000.0,3025.0,-386.4700038281736,-428.2397634899199,41.769759661746264,2027.598544595824,842475.0,True,True,8.285558210519017e-05,0.8955458618950117,0,,,61901.8957164201,97018.37711568322,True,True,post_v191_one_drop_one_add_whole_loan_swap,post-v191 one-swap pricing only; not multi-swap or global proof,D,B,2,0,4,4,2,1,2020,2018,CA,GA
v63_source_repair_return_guarded_repair,incumbent_cvar_relaxed_source_lp,164456389,127392982,3000.0,2500.0,-386.4700038281736,-393.1671599090251,6.697156080851471,1992.5259410149292,843000.0,True,True,0.0006141157365032734,0.8956109134045077,0,,,62036.8532575015,97207.95803224391,True,True,post_v191_one_drop_one_add_whole_loan_swap,post-v191 one-swap pricing only; not multi-swap or global proof,D,B,2,0,4,1,2,3,2020,2018,CA,CA
v63_source_repair_return_guarded_repair,incumbent_cvar_relaxed_source_lp,164297639,127672145,1000.0,1000.0,-191.36724765437984,-196.20083323856994,4.833585584190104,1990.6623705182678,842500.0,True,True,0.00010816869840624133,0.8991097922848664,0,,,61450.173046744734,96343.37896264819,True,True,post_v191_one_drop_one_add_whole_loan_swap,post-v191 one-swap pricing only; not multi-swap or global proof,C,C,1,1,3,0,2,2,2020,2018,CA,other
v63_source_repair_return_guarded_repair,incumbent_cvar_relaxed_source_lp,164297639,126820122,1000.0,1000.0,-191.36724765437984,-201.89545162414464,10.528203969764803,1996.3569889038424,842500.0,True,True,0.00010816869840624133,0.8991097922848664,0,,,61409.591007782816,96295.00844828947,True,True,post_v191_one_drop_one_add_whole_loan_swap,post-v191 one-swap pricing only; not multi-swap or global proof,C,C,1,1,3,0,2,1,2020,2018,CA,other
v63_source_repair_return_guarded_repair,incumbent_cvar_relaxed_source_lp,164297639,126419064,1000.0,1000.0,-191.36724765437984,-198.85427993768698,7.487032283307144,1993.3158172173848,842500.0,True,True,0.00010816869840624133,0.8991097922848664,0,,,61382.984484352455,96252.34004222883,True,True,post_v191_one_drop_one_add_whole_loan_swap,post-v191 one-swap pricing only; not multi-swap or global proof,C,D,1,2,3,4,2,1,2020,2018,CA,other
v63_source_repair_return_guarded_repair,incumbent_cvar_relaxed_source_lp,170387634,126658319,3000.0,2500.0,72.71865378192913,65.23175886099214,7.48689492093699,1993.3156798550147,843000.0,True,True,2.099592630155911e-05,0.8991696322657177,0,,,61585.41675870653,96521.239517676,True,True,post_v191_one_drop_one_add_whole_loan_swap,post-v191 one-swap pricing only; not multi-swap or global proof,A,A,0,0,1,2,0,0,2020,2018,NY,PA
