policy_id,regime_v196,added_loan_id_v196,dropped_loan_id_v196,added_loan_amount_v196,dropped_loan_amount_v196,added_mean_return_v196,dropped_mean_return_v196,return_delta_v196,objective_return_after_swap_v196,exposure_after_swap_v196,budget_swap_feasible_v196,source_swap_feasible_v196,source_min_slack_after_swap_v196,max_source_share_after_swap_v196,source_cap_violations_after_swap_v196,first_source_block_family_v196,first_source_block_id_v196,loss_mean_after_swap_v196,cvar90_after_swap_v196,cvar_swap_feasible_v196,one_swap_improves_return_v196,integer_screen_scope_v196,claim_boundary_v196,added_grade_v196,dropped_grade_v196,added_score_decile_v196,dropped_score_decile_v196,added_income_band_v196,dropped_income_band_v196,added_dti_band_v196,dropped_dti_band_v196,added_period_v196,dropped_period_v196,added_state_top20_v196,dropped_state_top20_v196
v63_source_repair_return_guarded_repair,incumbent_cvar_relaxed_source_lp,129916061,126733849,1000.0,1000.0,-160.93230437909457,-186.9469746106631,26.014670231568516,2150.1737473005187,842450.0,True,True,5.754096345278459e-05,0.8995489346548756,0,,,61208.29096369818,96191.71036584742,True,True,post_v195_one_drop_one_add_whole_loan_swap,post-v195 one-swap pricing only; not multi-swap or global proof,B,B,0,0,2,4,1,3,2018,2018,FL,NJ
v63_source_repair_return_guarded_repair,incumbent_cvar_relaxed_source_lp,129916061,126468092,1000.0,1000.0,-160.93230437909457,-169.50590883596908,8.573604456874506,2132.7326815258243,842450.0,True,True,5.754096345278459e-05,0.8995489346548756,0,,,61231.19518625557,96222.94376782015,True,True,post_v195_one_drop_one_add_whole_loan_swap,post-v195 one-swap pricing only; not multi-swap or global proof,B,B,0,0,2,1,1,2,2018,2018,FL,other
v63_source_repair_return_guarded_repair,incumbent_cvar_relaxed_source_lp,129248891,126733849,1000.0,1000.0,-173.9967844806681,-186.9469746106631,12.95019012999498,2137.109267198945,842450.0,True,True,5.754096345278459e-05,0.8995489346548756,0,,,61231.72432884172,96225.46246009975,True,True,post_v195_one_drop_one_add_whole_loan_swap,post-v195 one-swap pricing only; not multi-swap or global proof,B,B,0,0,0,4,0,3,2018,2018,NJ,NJ
v63_source_repair_return_guarded_repair,incumbent_cvar_relaxed_source_lp,129439138,126733849,1000.0,1000.0,-183.79678448066824,-186.9469746106631,3.1501901299948543,2127.309267198945,842450.0,True,True,5.754096345278459e-05,0.8995489346548756,0,,,61231.72432884172,96225.46246009975,True,True,post_v195_one_drop_one_add_whole_loan_swap,post-v195 one-swap pricing only; not multi-swap or global proof,B,B,0,0,4,4,3,3,2018,2018,TX,NJ
v63_source_repair_return_guarded_repair,incumbent_cvar_relaxed_source_lp,129383512,127672145,1000.0,1000.0,-185.03707750315334,-196.20083323856994,11.1637557354166,2135.3228328043665,842450.0,True,True,5.754096345278459e-05,0.8995489346548756,0,,,61326.966450932494,96351.16634001762,True,True,post_v195_one_drop_one_add_whole_loan_swap,post-v195 one-swap pricing only; not multi-swap or global proof,D,C,2,1,2,0,0,2,2018,2018,TX,other
v63_source_repair_return_guarded_repair,incumbent_cvar_relaxed_source_lp,129383512,126820122,1000.0,1000.0,-185.03707750315334,-201.89545162414464,16.8583741209913,2141.0174511899413,842450.0,True,True,5.754096345278459e-05,0.8995489346548756,0,,,61286.384411970575,96302.7958256589,True,True,post_v195_one_drop_one_add_whole_loan_swap,post-v195 one-swap pricing only; not multi-swap or global proof,D,C,2,1,2,0,0,1,2018,2018,TX,other
v63_source_repair_return_guarded_repair,incumbent_cvar_relaxed_source_lp,129383512,126733849,1000.0,1000.0,-185.03707750315334,-186.9469746106631,1.9098971075097495,2126.0689741764595,842450.0,True,True,5.754096345278459e-05,0.898361920588759,0,,,61358.07386595719,96395.53665890289,True,True,post_v195_one_drop_one_add_whole_loan_swap,post-v195 one-swap pricing only; not multi-swap or global proof,D,B,2,0,2,4,0,3,2018,2018,TX,NJ
v63_source_repair_return_guarded_repair,incumbent_cvar_relaxed_source_lp,129383512,126419064,1000.0,1000.0,-185.03707750315334,-198.85427993768698,13.817202434533641,2137.9762795034835,842450.0,True,True,5.754096345278459e-05,0.8995489346548756,0,,,61259.777888540215,96260.12741959826,True,True,post_v195_one_drop_one_add_whole_loan_swap,post-v195 one-swap pricing only; not multi-swap or global proof,D,D,2,2,2,4,0,1,2018,2018,TX,other
v63_source_repair_return_guarded_repair,incumbent_cvar_relaxed_source_lp,128561503,127672145,1000.0,1000.0,-183.30232614833292,-196.20083323856994,12.898507090237018,2137.057584159187,842450.0,True,True,5.754096345278459e-05,0.8995489346548756,0,,,61286.56182640267,96300.87149190406,True,True,post_v195_one_drop_one_add_whole_loan_swap,post-v195 one-swap pricing only; not multi-swap or global proof,D,C,1,1,4,0,1,2,2018,2018,other,other
v63_source_repair_return_guarded_repair,incumbent_cvar_relaxed_source_lp,128561503,126820122,1000.0,1000.0,-183.30232614833292,-201.89545162414464,18.593125475811718,2142.7522025447615,842450.0,True,True,5.754096345278459e-05,0.8995489346548756,0,,,61245.97978744075,96252.50097754537,True,True,post_v195_one_drop_one_add_whole_loan_swap,post-v195 one-swap pricing only; not multi-swap or global proof,D,C,1,1,4,0,1,1,2018,2018,other,other
v63_source_repair_return_guarded_repair,incumbent_cvar_relaxed_source_lp,128561503,126733849,1000.0,1000.0,-183.30232614833292,-186.9469746106631,3.644648462330167,2127.80372553128,842450.0,True,True,5.754096345278459e-05,0.898361920588759,0,,,61317.669241427364,96345.24181078935,True,True,post_v195_one_drop_one_add_whole_loan_swap,post-v195 one-swap pricing only; not multi-swap or global proof,D,B,1,0,4,4,1,3,2018,2018,other,NJ
v63_source_repair_return_guarded_repair,incumbent_cvar_relaxed_source_lp,128561503,126419064,1000.0,1000.0,-183.30232614833292,-198.85427993768698,15.551953789354059,2139.711030858304,842450.0,True,True,5.754096345278459e-05,0.8995489346548756,0,,,61219.3732640104,96209.83257148472,True,True,post_v195_one_drop_one_add_whole_loan_swap,post-v195 one-swap pricing only; not multi-swap or global proof,D,D,1,2,4,4,1,1,2018,2018,other,other
v63_source_repair_return_guarded_repair,incumbent_cvar_relaxed_source_lp,128561503,156823754,1000.0,1000.0,-183.30232614833292,-183.46022770133698,0.15790155300405218,2124.316978621954,842450.0,True,True,5.754096345278459e-05,0.8995489346548756,0,,,61219.786543876515,96132.41887396084,True,True,post_v195_one_drop_one_add_whole_loan_swap,post-v195 one-swap pricing only; not multi-swap or global proof,D,D,1,2,4,3,1,1,2018,2019,other,CA
v63_source_repair_return_guarded_repair,incumbent_cvar_relaxed_source_lp,127184845,127672145,1000.0,1000.0,-189.0370775031534,-196.20083323856994,7.163755735416544,2131.3228328043665,842450.0,True,True,5.754096345278459e-05,0.8995489346548756,0,,,61326.966450932494,96351.16634001762,True,True,post_v195_one_drop_one_add_whole_loan_swap,post-v195 one-swap pricing only; not multi-swap or global proof,D,C,2,1,1,0,0,2,2018,2018,TX,other
v63_source_repair_return_guarded_repair,incumbent_cvar_relaxed_source_lp,127184845,126820122,1000.0,1000.0,-189.0370775031534,-201.89545162414464,12.858374120991243,2137.0174511899413,842450.0,True,True,5.754096345278459e-05,0.8995489346548756,0,,,61286.384411970575,96302.7958256589,True,True,post_v195_one_drop_one_add_whole_loan_swap,post-v195 one-swap pricing only; not multi-swap or global proof,D,C,2,1,1,0,0,1,2018,2018,TX,other
v63_source_repair_return_guarded_repair,incumbent_cvar_relaxed_source_lp,127184845,126419064,1000.0,1000.0,-189.0370775031534,-198.85427993768698,9.817202434533584,2133.9762795034835,842450.0,True,True,5.754096345278459e-05,0.8995489346548756,0,,,61259.777888540215,96260.12741959826,True,True,post_v195_one_drop_one_add_whole_loan_swap,post-v195 one-swap pricing only; not multi-swap or global proof,D,D,2,2,1,4,0,1,2018,2018,TX,other
v63_source_repair_return_guarded_repair,incumbent_cvar_relaxed_source_lp,134743532,126820122,1000.0,1000.0,-201.5151503808579,-201.89545162414464,0.38030124328673764,2124.5393783122367,842450.0,True,True,5.754096345278459e-05,0.8995489346548756,0,,,61224.30376427651,96227.81876449284,True,True,post_v195_one_drop_one_add_whole_loan_swap,post-v195 one-swap pricing only; not multi-swap or global proof,C,C,1,1,1,0,2,1,2018,2018,other,other
v63_source_repair_return_guarded_repair,incumbent_cvar_relaxed_source_lp,135864433,139657464,1500.0,1200.0,33.03154023126002,32.614459804893464,0.41708042636655307,2124.5761574953167,842750.0,True,True,5.23980675137814e-06,0.8995846929694453,0,,,61250.04893852816,96211.09455966514,True,True,post_v195_one_drop_one_add_whole_loan_swap,post-v195 one-swap pricing only; not multi-swap or global proof,A,A,0,0,2,4,0,0,2018,2018,AZ,OH
v63_source_repair_return_guarded_repair,incumbent_cvar_relaxed_source_lp,135434670,126733849,1000.0,1000.0,-169.9123147501927,-186.9469746106631,17.034659860470384,2141.1937369294205,842450.0,True,True,5.754096345278459e-05,0.8995489346548756,0,,,61229.01609658608,96228.70703281176,True,True,post_v195_one_drop_one_add_whole_loan_swap,post-v195 one-swap pricing only; not multi-swap or global proof,B,B,0,0,2,4,0,3,2018,2018,CA,NJ
v63_source_repair_return_guarded_repair,incumbent_cvar_relaxed_source_lp,134226742,126733849,1000.0,1000.0,-175.77909796159472,-186.9469746106631,11.167876649068376,2135.3269537180186,842450.0,True,True,5.754096345278459e-05,0.8995489346548756,0,,,61230.019756635505,96244.13308748139,True,True,post_v195_one_drop_one_add_whole_loan_swap,post-v195 one-swap pricing only; not multi-swap or global proof,B,B,0,0,2,4,2,3,2018,2018,PA,NJ
v63_source_repair_return_guarded_repair,incumbent_cvar_relaxed_source_lp,134420497,126733849,1000.0,1000.0,-145.73547946423722,-186.9469746106631,41.211495146425875,2165.370572215376,842450.0,True,True,5.754096345278459e-05,0.8995489346548756,0,,,61239.001042296804,96259.48199148632,True,True,post_v195_one_drop_one_add_whole_loan_swap,post-v195 one-swap pricing only; not multi-swap or global proof,C,B,0,0,4,4,2,3,2018,2018,MD,NJ
v63_source_repair_return_guarded_repair,incumbent_cvar_relaxed_source_lp,134420497,126468092,1000.0,1000.0,-145.73547946423722,-169.50590883596908,23.770429371731865,2147.929506440682,842450.0,True,True,5.754096345278459e-05,0.8995489346548756,0,,,61261.9052648542,96290.71539345903,True,True,post_v195_one_drop_one_add_whole_loan_swap,post-v195 one-swap pricing only; not multi-swap or global proof,C,B,0,0,4,1,2,2,2018,2018,MD,other
v63_source_repair_return_guarded_repair,incumbent_cvar_relaxed_source_lp,134320828,126733849,1000.0,1000.0,-175.77909796159472,-186.9469746106631,11.167876649068376,2135.3269537180186,842450.0,True,True,5.754096345278459e-05,0.8995489346548756,0,,,61230.019756635505,96244.13308748139,True,True,post_v195_one_drop_one_add_whole_loan_swap,post-v195 one-swap pricing only; not multi-swap or global proof,B,B,0,0,0,4,0,3,2018,2018,IL,NJ
v63_source_repair_return_guarded_repair,incumbent_cvar_relaxed_source_lp,132998370,126733849,1000.0,1000.0,-172.24385736444108,-186.9469746106631,14.703117246222007,2138.862194315172,842450.0,True,True,5.754096345278459e-05,0.8995489346548756,0,,,61229.88110737604,96243.96019723227,True,True,post_v195_one_drop_one_add_whole_loan_swap,post-v195 one-swap pricing only; not multi-swap or global proof,B,B,0,0,2,4,1,3,2018,2018,MD,NJ
v63_source_repair_return_guarded_repair,incumbent_cvar_relaxed_source_lp,132826039,127672145,1000.0,1000.0,-195.24431793386313,-196.20083323856994,0.9565153047068122,2125.115592373657,842450.0,True,True,5.754096345278459e-05,0.8995489346548756,0,,,61258.905241094806,96284.6185297237,True,True,post_v195_one_drop_one_add_whole_loan_swap,post-v195 one-swap pricing only; not multi-swap or global proof,C,C,1,1,3,0,0,2,2018,2018,MD,other
v63_source_repair_return_guarded_repair,incumbent_cvar_relaxed_source_lp,132826039,126820122,1000.0,1000.0,-195.24431793386313,-201.89545162414464,6.651133690281512,2130.8102107592313,842450.0,True,True,5.754096345278459e-05,0.8995489346548756,0,,,61218.32320213289,96236.248015365,True,True,post_v195_one_drop_one_add_whole_loan_swap,post-v195 one-swap pricing only; not multi-swap or global proof,C,C,1,1,3,0,0,1,2018,2018,MD,other
v63_source_repair_return_guarded_repair,incumbent_cvar_relaxed_source_lp,132826039,126419064,1000.0,1000.0,-195.24431793386313,-198.85427993768698,3.6099620038238527,2127.769039072774,842450.0,True,True,5.754096345278459e-05,0.8995489346548756,0,,,61191.71667870253,96193.57960930435,True,True,post_v195_one_drop_one_add_whole_loan_swap,post-v195 one-swap pricing only; not multi-swap or global proof,C,D,1,2,3,4,0,1,2018,2018,MD,other
v63_source_repair_return_guarded_repair,incumbent_cvar_relaxed_source_lp,132370030,126483031,1200.0,1200.0,-197.76674388110365,-200.480236756332,2.7134928752283543,2126.8725699441784,842450.0,True,True,5.754096345278459e-05,0.8995489346548756,0,,,61273.478260502394,96296.73894875821,True,True,post_v195_one_drop_one_add_whole_loan_swap,post-v195 one-swap pricing only; not multi-swap or global proof,B,B,0,0,1,2,0,0,2018,2018,NY,FL
v63_source_repair_return_guarded_repair,incumbent_cvar_relaxed_source_lp,131574675,126733849,1000.0,1000.0,-157.0638633390644,-186.9469746106631,29.883111271598693,2154.042188340549,842450.0,True,True,5.754096345278459e-05,0.8995489346548756,0,,,61214.31823197588,96204.5477792903,True,True,post_v195_one_drop_one_add_whole_loan_swap,post-v195 one-swap pricing only; not multi-swap or global proof,B,B,0,0,4,4,0,3,2018,2018,TX,NJ
v63_source_repair_return_guarded_repair,incumbent_cvar_relaxed_source_lp,131574675,126468092,1000.0,1000.0,-157.0638633390644,-169.50590883596908,12.442045496904683,2136.6011225658544,842450.0,True,True,5.754096345278459e-05,0.8995489346548756,0,,,61237.22245453326,96235.78118126302,True,True,post_v195_one_drop_one_add_whole_loan_swap,post-v195 one-swap pricing only; not multi-swap or global proof,B,B,0,0,4,1,0,2,2018,2018,TX,other
v63_source_repair_return_guarded_repair,incumbent_cvar_relaxed_source_lp,131167085,126733849,1000.0,1000.0,-180.50561990091967,-186.9469746106631,6.441354709743422,2130.6004317786933,842450.0,True,True,5.754096345278459e-05,0.8995489346548756,0,,,61238.33537395013,96239.63863930518,True,True,post_v195_one_drop_one_add_whole_loan_swap,post-v195 one-swap pricing only; not multi-swap or global proof,B,B,0,0,3,4,0,3,2018,2018,WA,NJ
v63_source_repair_return_guarded_repair,incumbent_cvar_relaxed_source_lp,140620222,127672145,1000.0,1000.0,-161.9757189883544,-196.20083323856994,34.22511425021554,2158.3841913191654,842450.0,True,True,5.754096345278459e-05,0.8995489346548756,0,,,61318.32696197393,96377.2492081043,True,True,post_v195_one_drop_one_add_whole_loan_swap,post-v195 one-swap pricing only; not multi-swap or global proof,E,C,2,1,2,0,0,2,2018,2018,FL,other
v63_source_repair_return_guarded_repair,incumbent_cvar_relaxed_source_lp,140620222,126827839,1000.0,1000.0,-161.9757189883544,-175.77898463113021,13.803265642775813,2137.962342711726,842450.0,True,True,5.754096345278459e-05,0.8995489346548756,0,,,61216.22405822866,96235.45862718954,True,True,post_v195_one_drop_one_add_whole_loan_swap,post-v195 one-swap pricing only; not multi-swap or global proof,E,E,2,2,2,0,0,4,2018,2018,FL,other
v63_source_repair_return_guarded_repair,incumbent_cvar_relaxed_source_lp,140620222,126820122,1000.0,1000.0,-161.9757189883544,-201.89545162414464,39.91973263579024,2164.0788097047403,842450.0,True,True,5.754096345278459e-05,0.8995489346548756,0,,,61277.744923012,96328.87869374562,True,True,post_v195_one_drop_one_add_whole_loan_swap,post-v195 one-swap pricing only; not multi-swap or global proof,E,C,2,1,2,0,0,1,2018,2018,FL,other
v63_source_repair_return_guarded_repair,incumbent_cvar_relaxed_source_lp,140620222,126733849,1000.0,1000.0,-161.9757189883544,-186.9469746106631,24.97125562230869,2149.1303326912584,842450.0,True,True,5.754096345278459e-05,0.898361920588759,0,,,61349.434376998615,96421.6195269896,True,True,post_v195_one_drop_one_add_whole_loan_swap,post-v195 one-swap pricing only; not multi-swap or global proof,E,B,2,0,2,4,0,3,2018,2018,FL,NJ
v63_source_repair_return_guarded_repair,incumbent_cvar_relaxed_source_lp,140620222,126468092,1000.0,1000.0,-161.9757189883544,-169.50590883596908,7.530189847614679,2131.6892669165645,842450.0,True,True,5.754096345278459e-05,0.898361920588759,0,,,61372.338599555995,96452.8529289623,True,True,post_v195_one_drop_one_add_whole_loan_swap,post-v195 one-swap pricing only; not multi-swap or global proof,E,B,2,0,2,1,0,2,2018,2018,FL,other
v63_source_repair_return_guarded_repair,incumbent_cvar_relaxed_source_lp,140620222,126419064,1000.0,1000.0,-161.9757189883544,-198.85427993768698,36.87856094933258,2161.0376380182825,842450.0,True,True,5.754096345278459e-05,0.8995489346548756,0,,,61251.13839958163,96286.21028768497,True,True,post_v195_one_drop_one_add_whole_loan_swap,post-v195 one-swap pricing only; not multi-swap or global proof,E,D,2,2,2,4,0,1,2018,2018,FL,other
v63_source_repair_return_guarded_repair,incumbent_cvar_relaxed_source_lp,140620222,168701788,1000.0,1000.0,-161.9757189883544,-178.5860397151734,16.610320726818998,2140.769397795769,842450.0,True,True,5.754096345278459e-05,0.8995489346548756,0,,,61270.01356126584,96295.908013702,True,True,post_v195_one_drop_one_add_whole_loan_swap,post-v195 one-swap pricing only; not multi-swap or global proof,E,C,2,1,2,3,0,1,2018,2020,FL,TX
v63_source_repair_return_guarded_repair,incumbent_cvar_relaxed_source_lp,140620222,169358871,1000.0,1000.0,-161.9757189883544,-177.86634212741987,15.890623139065468,2140.0497002080156,842450.0,True,True,5.754096345278459e-05,0.8995489346548756,0,,,61279.78457859857,96283.48297866218,True,True,post_v195_one_drop_one_add_whole_loan_swap,post-v195 one-swap pricing only; not multi-swap or global proof,E,C,2,1,2,3,0,0,2018,2020,FL,VA
v63_source_repair_return_guarded_repair,incumbent_cvar_relaxed_source_lp,140620222,139506195,1000.0,1000.0,-161.9757189883544,-177.67809625327766,15.702377264923257,2139.861454333873,842450.0,True,True,5.754096345278459e-05,0.8995489346548756,0,,,61253.94989854716,96229.70135354172,True,True,post_v195_one_drop_one_add_whole_loan_swap,post-v195 one-swap pricing only; not multi-swap or global proof,E,D,2,2,2,2,0,0,2018,2018,FL,CA
v63_source_repair_return_guarded_repair,incumbent_cvar_relaxed_source_lp,140620222,156823754,1000.0,1000.0,-161.9757189883544,-183.46022770133698,21.484508712982574,2145.6435857819324,842450.0,True,True,5.754096345278459e-05,0.8995489346548756,0,,,61251.55167944776,96208.79659016107,True,True,post_v195_one_drop_one_add_whole_loan_swap,post-v195 one-swap pricing only; not multi-swap or global proof,E,D,2,2,2,3,0,1,2018,2019,FL,CA
v63_source_repair_return_guarded_repair,incumbent_cvar_relaxed_source_lp,140620222,156807668,1000.0,1000.0,-161.9757189883544,-175.85010442413147,13.874385435777072,2138.033462504727,842450.0,True,True,5.754096345278459e-05,0.8995489346548756,0,,,61278.98517380647,96237.07295053877,True,True,post_v195_one_drop_one_add_whole_loan_swap,post-v195 one-swap pricing only; not multi-swap or global proof,E,D,2,2,2,0,0,0,2018,2019,FL,TX
v63_source_repair_return_guarded_repair,incumbent_cvar_relaxed_source_lp,141017853,127672145,1000.0,1000.0,-160.86500878453754,-196.20083323856994,35.335824454032405,2159.494901522982,842450.0,True,True,5.754096345278459e-05,0.8995489346548756,0,,,61327.06177169632,96388.73690178453,True,True,post_v195_one_drop_one_add_whole_loan_swap,post-v195 one-swap pricing only; not multi-swap or global proof,E,C,2,1,4,0,0,2,2018,2018,VA,other
v63_source_repair_return_guarded_repair,incumbent_cvar_relaxed_source_lp,141017853,126827839,1000.0,1000.0,-160.86500878453754,-175.77898463113021,14.913975846592677,2139.0730529155426,842450.0,True,True,5.754096345278459e-05,0.8995489346548756,0,,,61224.95886795106,96246.94632086976,True,True,post_v195_one_drop_one_add_whole_loan_swap,post-v195 one-swap pricing only; not multi-swap or global proof,E,E,2,2,4,0,0,4,2018,2018,VA,other
v63_source_repair_return_guarded_repair,incumbent_cvar_relaxed_source_lp,141017853,126820122,1000.0,1000.0,-160.86500878453754,-201.89545162414464,41.030442839607105,2165.189519908557,842450.0,True,True,5.754096345278459e-05,0.8995489346548756,0,,,61286.4797327344,96340.36638742583,True,True,post_v195_one_drop_one_add_whole_loan_swap,post-v195 one-swap pricing only; not multi-swap or global proof,E,C,2,1,4,0,0,1,2018,2018,VA,other
v63_source_repair_return_guarded_repair,incumbent_cvar_relaxed_source_lp,141017853,126733849,1000.0,1000.0,-160.86500878453754,-186.9469746106631,26.081965826125554,2150.2410428950757,842450.0,True,True,5.754096345278459e-05,0.898361920588759,0,,,61358.169186720996,96433.10722066982,True,True,post_v195_one_drop_one_add_whole_loan_swap,post-v195 one-swap pricing only; not multi-swap or global proof,E,B,2,0,4,4,0,3,2018,2018,VA,NJ
v63_source_repair_return_guarded_repair,incumbent_cvar_relaxed_source_lp,141017853,126468092,1000.0,1000.0,-160.86500878453754,-169.50590883596908,8.640900051431544,2132.7999771203813,842450.0,True,True,5.754096345278459e-05,0.898361920588759,0,,,61381.0734092784,96464.34062264253,True,True,post_v195_one_drop_one_add_whole_loan_swap,post-v195 one-swap pricing only; not multi-swap or global proof,E,B,2,0,4,1,0,2,2018,2018,VA,other
v63_source_repair_return_guarded_repair,incumbent_cvar_relaxed_source_lp,141017853,126419064,1000.0,1000.0,-160.86500878453754,-198.85427993768698,37.989271153149446,2162.1483482220992,842450.0,True,True,5.754096345278459e-05,0.8995489346548756,0,,,61259.87320930403,96297.69798136519,True,True,post_v195_one_drop_one_add_whole_loan_swap,post-v195 one-swap pricing only; not multi-swap or global proof,E,D,2,2,4,4,0,1,2018,2018,VA,other
v63_source_repair_return_guarded_repair,incumbent_cvar_relaxed_source_lp,141017853,168701788,1000.0,1000.0,-160.86500878453754,-178.5860397151734,17.721030930635862,2141.880107999586,842450.0,True,True,5.754096345278459e-05,0.8995489346548756,0,,,61278.74837098822,96307.39570738225,True,True,post_v195_one_drop_one_add_whole_loan_swap,post-v195 one-swap pricing only; not multi-swap or global proof,E,C,2,1,4,3,0,1,2018,2020,VA,TX
v63_source_repair_return_guarded_repair,incumbent_cvar_relaxed_source_lp,141017853,169358871,1000.0,1000.0,-160.86500878453754,-177.86634212741987,17.001333342882333,2141.1604104118323,842450.0,True,True,5.754096345278459e-05,0.8995489346548756,0,,,61288.51938832096,96294.9706723424,True,True,post_v195_one_drop_one_add_whole_loan_swap,post-v195 one-swap pricing only; not multi-swap or global proof,E,C,2,1,4,3,0,0,2018,2020,VA,VA
v63_source_repair_return_guarded_repair,incumbent_cvar_relaxed_source_lp,141017853,139506195,1000.0,1000.0,-160.86500878453754,-177.67809625327766,16.81308746874012,2140.97216453769,842450.0,True,True,5.754096345278459e-05,0.8995489346548756,0,,,61262.684708269546,96241.18904722195,True,True,post_v195_one_drop_one_add_whole_loan_swap,post-v195 one-swap pricing only; not multi-swap or global proof,E,D,2,2,4,2,0,0,2018,2018,VA,CA
v63_source_repair_return_guarded_repair,incumbent_cvar_relaxed_source_lp,141017853,156823754,1000.0,1000.0,-160.86500878453754,-183.46022770133698,22.59521891679944,2146.754295985749,842450.0,True,True,5.754096345278459e-05,0.8995489346548756,0,,,61260.28648917015,96220.28428384132,True,True,post_v195_one_drop_one_add_whole_loan_swap,post-v195 one-swap pricing only; not multi-swap or global proof,E,D,2,2,4,3,0,1,2018,2019,VA,CA
v63_source_repair_return_guarded_repair,incumbent_cvar_relaxed_source_lp,141017853,156807668,1000.0,1000.0,-160.86500878453754,-175.85010442413147,14.985095639593936,2139.144172708544,842450.0,True,True,5.754096345278459e-05,0.8995489346548756,0,,,61287.71998352886,96248.56064421899,True,True,post_v195_one_drop_one_add_whole_loan_swap,post-v195 one-swap pricing only; not multi-swap or global proof,E,D,2,2,4,0,0,0,2018,2019,VA,TX
v63_source_repair_return_guarded_repair,incumbent_cvar_relaxed_source_lp,140861718,127672145,1000.0,1000.0,-168.7891671871381,-196.20083323856994,27.411666051431837,2151.570743120382,842450.0,True,True,5.754096345278459e-05,0.8995489346548756,0,,,61270.74986015281,96303.2905402713,True,True,post_v195_one_drop_one_add_whole_loan_swap,post-v195 one-swap pricing only; not multi-swap or global proof,D,C,1,1,3,0,4,2,2018,2018,MD,other
v63_source_repair_return_guarded_repair,incumbent_cvar_relaxed_source_lp,140861718,126827839,1000.0,1000.0,-168.7891671871381,-175.77898463113021,6.989817443992109,2131.148894512942,842450.0,True,True,5.754096345278459e-05,0.8995489346548756,0,,,61168.64695640755,96161.49995935652,True,True,post_v195_one_drop_one_add_whole_loan_swap,post-v195 one-swap pricing only; not multi-swap or global proof,D,E,1,2,3,0,4,4,2018,2018,MD,other
v63_source_repair_return_guarded_repair,incumbent_cvar_relaxed_source_lp,140861718,126820122,1000.0,1000.0,-168.7891671871381,-201.89545162414464,33.106284437006536,2157.2653615059567,842450.0,True,True,5.754096345278459e-05,0.8995489346548756,0,,,61230.167821190895,96254.92002591258,True,True,post_v195_one_drop_one_add_whole_loan_swap,post-v195 one-swap pricing only; not multi-swap or global proof,D,C,1,1,3,0,4,1,2018,2018,MD,other
v63_source_repair_return_guarded_repair,incumbent_cvar_relaxed_source_lp,140861718,126733849,1000.0,1000.0,-168.7891671871381,-186.9469746106631,18.157807423524986,2142.316884492475,842450.0,True,True,5.754096345278459e-05,0.898361920588759,0,,,61301.85727517751,96347.66085915656,True,True,post_v195_one_drop_one_add_whole_loan_swap,post-v195 one-swap pricing only; not multi-swap or global proof,D,B,1,0,3,4,4,3,2018,2018,MD,NJ
v63_source_repair_return_guarded_repair,incumbent_cvar_relaxed_source_lp,140861718,126468092,1000.0,1000.0,-168.7891671871381,-169.50590883596908,0.7167416488309755,2124.875818717781,842450.0,True,True,5.754096345278459e-05,0.898361920588759,0,,,61324.76149773489,96378.89426112927,True,True,post_v195_one_drop_one_add_whole_loan_swap,post-v195 one-swap pricing only; not multi-swap or global proof,D,B,1,0,3,1,4,2,2018,2018,MD,other
v63_source_repair_return_guarded_repair,incumbent_cvar_relaxed_source_lp,140861718,126419064,1000.0,1000.0,-168.7891671871381,-198.85427993768698,30.065112750548877,2154.224189819499,842450.0,True,True,5.754096345278459e-05,0.8995489346548756,0,,,61203.561297760534,96212.25161985193,True,True,post_v195_one_drop_one_add_whole_loan_swap,post-v195 one-swap pricing only; not multi-swap or global proof,D,D,1,2,3,4,4,1,2018,2018,MD,other
v63_source_repair_return_guarded_repair,incumbent_cvar_relaxed_source_lp,140861718,168701788,1000.0,1000.0,-168.7891671871381,-178.5860397151734,9.796872528035294,2133.955949596985,842450.0,True,True,5.754096345278459e-05,0.8995489346548756,0,,,61222.436459444725,96221.94934586898,True,True,post_v195_one_drop_one_add_whole_loan_swap,post-v195 one-swap pricing only; not multi-swap or global proof,D,C,1,1,3,3,4,1,2018,2020,MD,TX
v63_source_repair_return_guarded_repair,incumbent_cvar_relaxed_source_lp,140861718,169358871,1000.0,1000.0,-168.7891671871381,-177.86634212741987,9.077174940281765,2133.2362520092315,842450.0,True,True,5.754096345278459e-05,0.8995489346548756,0,,,61232.20747677746,96209.52431082915,True,True,post_v195_one_drop_one_add_whole_loan_swap,post-v195 one-swap pricing only; not multi-swap or global proof,D,C,1,1,3,3,4,0,2018,2020,MD,VA
v63_source_repair_return_guarded_repair,incumbent_cvar_relaxed_source_lp,140861718,139506195,1000.0,1000.0,-168.7891671871381,-177.67809625327766,8.888929066139553,2133.0480061350895,842450.0,True,True,5.754096345278459e-05,0.8995489346548756,0,,,61206.37279672605,96155.74268570868,True,True,post_v195_one_drop_one_add_whole_loan_swap,post-v195 one-swap pricing only; not multi-swap or global proof,D,D,1,2,3,2,4,0,2018,2018,MD,CA
v63_source_repair_return_guarded_repair,incumbent_cvar_relaxed_source_lp,140861718,156823754,1000.0,1000.0,-168.7891671871381,-183.46022770133698,14.67106051419887,2138.830137583149,842450.0,True,True,5.754096345278459e-05,0.8995489346548756,0,,,61203.97457762665,96134.83792232805,True,True,post_v195_one_drop_one_add_whole_loan_swap,post-v195 one-swap pricing only; not multi-swap or global proof,D,D,1,2,3,3,4,1,2018,2019,MD,CA
v63_source_repair_return_guarded_repair,incumbent_cvar_relaxed_source_lp,140861718,156807668,1000.0,1000.0,-168.7891671871381,-175.85010442413147,7.060937236993368,2131.2200143059436,842450.0,True,True,5.754096345278459e-05,0.8995489346548756,0,,,61231.40807198537,96163.11428270573,True,True,post_v195_one_drop_one_add_whole_loan_swap,post-v195 one-swap pricing only; not multi-swap or global proof,D,D,1,2,3,0,4,0,2018,2019,MD,TX
v63_source_repair_return_guarded_repair,incumbent_cvar_relaxed_source_lp,140883098,127672145,1000.0,1000.0,-194.91316089378816,-196.20083323856994,1.2876723447817824,2125.4467494137316,842450.0,True,True,5.754096345278459e-05,0.8995489346548756,0,,,61381.42487042356,96444.89639281885,True,True,post_v195_one_drop_one_add_whole_loan_swap,post-v195 one-swap pricing only; not multi-swap or global proof,E,C,3,1,1,0,1,2,2018,2018,NY,other
v63_source_repair_return_guarded_repair,incumbent_cvar_relaxed_source_lp,140883098,126820122,1000.0,1000.0,-194.91316089378816,-201.89545162414464,6.982290730356482,2131.1413677993064,842450.0,True,True,5.754096345278459e-05,0.8995489346548756,0,,,61340.84283146163,96396.52587846013,True,True,post_v195_one_drop_one_add_whole_loan_swap,post-v195 one-swap pricing only; not multi-swap or global proof,E,C,3,1,1,0,1,1,2018,2018,NY,other
v63_source_repair_return_guarded_repair,incumbent_cvar_relaxed_source_lp,140883098,126419064,1000.0,1000.0,-194.91316089378816,-198.85427993768698,3.941119043898823,2128.1001961128486,842450.0,True,True,5.754096345278459e-05,0.8995489346548756,0,,,61314.23630803127,96353.8574723995,True,True,post_v195_one_drop_one_add_whole_loan_swap,post-v195 one-swap pricing only; not multi-swap or global proof,E,D,3,2,1,4,1,1,2018,2018,NY,other
v63_source_repair_return_guarded_repair,incumbent_cvar_relaxed_source_lp,140667974,126733849,1000.0,1000.0,-184.8636831759767,-186.9469746106631,2.0832914346864015,2126.2423685036365,842450.0,True,True,5.754096345278459e-05,0.8995489346548756,0,,,61243.38481328366,96249.88381426613,True,True,post_v195_one_drop_one_add_whole_loan_swap,post-v195 one-swap pricing only; not multi-swap or global proof,B,B,0,0,2,4,0,3,2018,2018,VA,NJ
v63_source_repair_return_guarded_repair,incumbent_cvar_relaxed_source_lp,140622640,126820122,1000.0,1000.0,-199.31788556666945,-201.89545162414464,2.5775660574751953,2126.736643126425,842450.0,True,True,5.754096345278459e-05,0.8995489346548756,0,,,61192.55758846348,96178.5923059638,True,True,post_v195_one_drop_one_add_whole_loan_swap,post-v195 one-swap pricing only; not multi-swap or global proof,B,C,1,1,2,0,2,1,2018,2018,NJ,other
v63_source_repair_return_guarded_repair,incumbent_cvar_relaxed_source_lp,140352540,127695160,1500.0,1500.0,-225.35267892941064,-235.90029594541494,10.547617016004295,2134.706694084954,842450.0,True,True,5.754096345278459e-05,0.8995489346548756,0,,,61243.96718032674,96276.9792179824,True,True,post_v195_one_drop_one_add_whole_loan_swap,post-v195 one-swap pricing only; not multi-swap or global proof,B,B,0,0,0,2,1,1,2018,2018,NY,TX
v63_source_repair_return_guarded_repair,incumbent_cvar_relaxed_source_lp,140352540,126760355,1500.0,1500.0,-225.35267892941064,-250.40002765814089,25.047348728730242,2149.2064257976804,842450.0,True,True,5.754096345278459e-05,0.8995489346548756,0,,,61244.17248885034,96277.26762408235,True,True,post_v195_one_drop_one_add_whole_loan_swap,post-v195 one-swap pricing only; not multi-swap or global proof,B,B,0,0,0,1,1,0,2018,2018,NY,IL
v63_source_repair_return_guarded_repair,incumbent_cvar_relaxed_source_lp,140352540,126430923,1500.0,1500.0,-225.35267892941064,-243.25029594541493,17.89761701600429,2142.0566940849544,842450.0,True,True,5.754096345278459e-05,0.8995489346548756,0,,,61243.96718032674,96276.9792179824,True,True,post_v195_one_drop_one_add_whole_loan_swap,post-v195 one-swap pricing only; not multi-swap or global proof,B,B,0,0,0,3,1,0,2018,2018,NY,other
v63_source_repair_return_guarded_repair,incumbent_cvar_relaxed_source_lp,140155571,126733849,1200.0,1000.0,-161.29557436875157,-186.9469746106631,25.651400241911517,2149.8104773108616,842650.0,True,True,0.0002600158543247799,0.899572776360292,0,,,61275.57404971402,96312.38568641189,True,True,post_v195_one_drop_one_add_whole_loan_swap,post-v195 one-swap pricing only; not multi-swap or global proof,C,B,0,0,1,4,0,3,2018,2018,MN,NJ
v63_source_repair_return_guarded_repair,incumbent_cvar_relaxed_source_lp,140155571,126483031,1200.0,1200.0,-161.29557436875157,-200.480236756332,39.18466238758043,2163.3437394565303,842450.0,True,True,5.754096345278459e-05,0.8995489346548756,0,,,61254.5896253745,96281.9667358102,True,True,post_v195_one_drop_one_add_whole_loan_swap,post-v195 one-swap pricing only; not multi-swap or global proof,C,B,0,0,1,2,0,0,2018,2018,MN,FL
v63_source_repair_return_guarded_repair,incumbent_cvar_relaxed_source_lp,140155571,126468092,1200.0,1000.0,-161.29557436875157,-169.50590883596908,8.210334467217507,2132.3694115361673,842650.0,True,True,0.0002600158543247799,0.899572776360292,0,,,61298.47827227142,96343.61908838461,True,True,post_v195_one_drop_one_add_whole_loan_swap,post-v195 one-swap pricing only; not multi-swap or global proof,C,B,0,0,1,1,0,2,2018,2018,MN,other
v63_source_repair_return_guarded_repair,incumbent_cvar_relaxed_source_lp,140059131,127672145,1000.0,1000.0,-181.82638557373122,-196.20083323856994,14.374447664838726,2138.533524733789,842450.0,True,True,5.754096345278459e-05,0.8995489346548756,0,,,61239.92830279268,96251.36813519962,True,True,post_v195_one_drop_one_add_whole_loan_swap,post-v195 one-swap pricing only; not multi-swap or global proof,C,C,1,1,1,0,0,2,2018,2018,CA,other
v63_source_repair_return_guarded_repair,incumbent_cvar_relaxed_source_lp,140059131,126820122,1000.0,1000.0,-181.82638557373122,-201.89545162414464,20.069066050413426,2144.2281431193633,842450.0,True,True,5.754096345278459e-05,0.8995489346548756,0,,,61199.34626383076,96202.99762084088,True,True,post_v195_one_drop_one_add_whole_loan_swap,post-v195 one-swap pricing only; not multi-swap or global proof,C,C,1,1,1,0,0,1,2018,2018,CA,other
v63_source_repair_return_guarded_repair,incumbent_cvar_relaxed_source_lp,140059131,126733849,1000.0,1000.0,-181.82638557373122,-186.9469746106631,5.120589036931875,2129.279666105882,842450.0,True,True,5.754096345278459e-05,0.898361920588759,0,,,61271.03571781736,96295.73845408487,True,True,post_v195_one_drop_one_add_whole_loan_swap,post-v195 one-swap pricing only; not multi-swap or global proof,C,B,1,0,1,4,0,3,2018,2018,CA,NJ
v63_source_repair_return_guarded_repair,incumbent_cvar_relaxed_source_lp,140059131,126419064,1000.0,1000.0,-181.82638557373122,-198.85427993768698,17.027894363955767,2141.186971432906,842450.0,True,True,5.754096345278459e-05,0.8995489346548756,0,,,61172.7397404004,96160.32921478026,True,True,post_v195_one_drop_one_add_whole_loan_swap,post-v195 one-swap pricing only; not multi-swap or global proof,C,D,1,2,1,4,0,1,2018,2018,CA,other
v63_source_repair_return_guarded_repair,incumbent_cvar_relaxed_source_lp,140059131,156823754,1000.0,1000.0,-181.82638557373122,-183.46022770133698,1.6338421276057602,2125.792919196556,842450.0,True,True,5.754096345278459e-05,0.8995489346548756,0,,,61173.1530202665,96082.91551725636,True,True,post_v195_one_drop_one_add_whole_loan_swap,post-v195 one-swap pricing only; not multi-swap or global proof,C,D,1,2,1,3,0,1,2018,2019,CA,CA
v63_source_repair_return_guarded_repair,incumbent_cvar_relaxed_source_lp,139046920,126733849,1000.0,1000.0,-160.03511928627375,-186.9469746106631,26.911855324389336,2151.0709323933393,842450.0,True,True,5.754096345278459e-05,0.8995489346548756,0,,,61213.946406210365,96211.16752694681,True,True,post_v195_one_drop_one_add_whole_loan_swap,post-v195 one-swap pricing only; not multi-swap or global proof,B,B,0,0,0,4,0,3,2018,2018,other,NJ
v63_source_repair_return_guarded_repair,incumbent_cvar_relaxed_source_lp,139046920,126468092,1000.0,1000.0,-160.03511928627375,-169.50590883596908,9.470789549695326,2133.6298666186453,842450.0,True,True,5.754096345278459e-05,0.8995489346548756,0,,,61236.850628767745,96242.40092891951,True,True,post_v195_one_drop_one_add_whole_loan_swap,post-v195 one-swap pricing only; not multi-swap or global proof,B,B,0,0,0,1,0,2,2018,2018,other,other
v63_source_repair_return_guarded_repair,incumbent_cvar_relaxed_source_lp,139684635,168803640,1500.0,1500.0,-18.158070116616003,-30.498264963412808,12.340194846796805,2136.4992719157467,842450.0,True,True,5.754096345278459e-05,0.8995489346548756,0,,,61205.91861366807,96151.0571354428,True,True,post_v195_one_drop_one_add_whole_loan_swap,post-v195 one-swap pricing only; not multi-swap or global proof,A,A,1,1,0,3,0,3,2018,2020,MA,IL
v63_source_repair_return_guarded_repair,incumbent_cvar_relaxed_source_lp,139458494,127672145,1000.0,1000.0,-192.59392710453298,-196.20083323856994,3.6069061340369615,2127.7659832029867,842450.0,True,True,5.754096345278459e-05,0.8995489346548756,0,,,61324.73904527638,96350.97038141667,True,True,post_v195_one_drop_one_add_whole_loan_swap,post-v195 one-swap pricing only; not multi-swap or global proof,D,C,2,1,4,0,1,2,2018,2018,WA,other
v63_source_repair_return_guarded_repair,incumbent_cvar_relaxed_source_lp,139458494,126820122,1000.0,1000.0,-192.59392710453298,-201.89545162414464,9.301524519611661,2133.4606015885615,842450.0,True,True,5.754096345278459e-05,0.8995489346548756,0,,,61284.15700631447,96302.59986705797,True,True,post_v195_one_drop_one_add_whole_loan_swap,post-v195 one-swap pricing only; not multi-swap or global proof,D,C,2,1,4,0,1,1,2018,2018,WA,other
v63_source_repair_return_guarded_repair,incumbent_cvar_relaxed_source_lp,139458494,126419064,1000.0,1000.0,-192.59392710453298,-198.85427993768698,6.260352833154002,2130.4194299021037,842450.0,True,True,5.754096345278459e-05,0.8995489346548756,0,,,61257.55048288411,96259.93146099732,True,True,post_v195_one_drop_one_add_whole_loan_swap,post-v195 one-swap pricing only; not multi-swap or global proof,D,D,2,2,4,4,1,1,2018,2018,WA,other
v63_source_repair_return_guarded_repair,incumbent_cvar_relaxed_source_lp,139411752,126760355,1500.0,1500.0,-240.55468343692485,-250.40002765814089,9.845344221216038,2134.004421290166,842450.0,True,True,5.754096345278459e-05,0.8995489346548756,0,,,61259.729538150896,96278.08961983614,True,True,post_v195_one_drop_one_add_whole_loan_swap,post-v195 one-swap pricing only; not multi-swap or global proof,B,B,0,0,0,1,2,0,2018,2018,NY,IL
v63_source_repair_return_guarded_repair,incumbent_cvar_relaxed_source_lp,139411752,126430923,1500.0,1500.0,-240.55468343692485,-243.25029594541493,2.695612508490086,2126.8546895774402,842450.0,True,True,5.754096345278459e-05,0.8995489346548756,0,,,61259.5242296273,96277.8012137362,True,True,post_v195_one_drop_one_add_whole_loan_swap,post-v195 one-swap pricing only; not multi-swap or global proof,B,B,0,0,0,3,2,0,2018,2018,NY,other
v63_source_repair_return_guarded_repair,incumbent_cvar_relaxed_source_lp,139039993,127672145,1000.0,1000.0,-194.3840274399123,-196.20083323856994,1.81680579865764,2125.9758828676077,842450.0,True,True,5.754096345278459e-05,0.8995489346548756,0,,,61252.73712694828,96252.97090077374,True,True,post_v195_one_drop_one_add_whole_loan_swap,post-v195 one-swap pricing only; not multi-swap or global proof,C,C,1,1,2,0,0,2,2018,2018,CO,other
v63_source_repair_return_guarded_repair,incumbent_cvar_relaxed_source_lp,139039993,126820122,1000.0,1000.0,-194.3840274399123,-201.89545162414464,7.5114241842323395,2131.6705012531825,842450.0,True,True,5.754096345278459e-05,0.8995489346548756,0,,,61212.15508798637,96204.600386415,True,True,post_v195_one_drop_one_add_whole_loan_swap,post-v195 one-swap pricing only; not multi-swap or global proof,C,C,1,1,2,0,0,1,2018,2018,CO,other
v63_source_repair_return_guarded_repair,incumbent_cvar_relaxed_source_lp,139039993,126419064,1000.0,1000.0,-194.3840274399123,-198.85427993768698,4.4702524977746805,2128.6293295667247,842450.0,True,True,5.754096345278459e-05,0.8995489346548756,0,,,61185.54856455601,96161.93198035435,True,True,post_v195_one_drop_one_add_whole_loan_swap,post-v195 one-swap pricing only; not multi-swap or global proof,C,D,1,2,2,4,0,1,2018,2018,CO,other
v63_source_repair_return_guarded_repair,incumbent_cvar_relaxed_source_lp,138631135,127672145,1000.0,1000.0,-168.68250574568688,-196.20083323856994,27.51832749288306,2151.677404561833,842450.0,True,True,5.754096345278459e-05,0.8995489346548756,0,,,61344.853639108216,96392.59457632876,True,True,post_v195_one_drop_one_add_whole_loan_swap,post-v195 one-swap pricing only; not multi-swap or global proof,E,C,2,1,3,0,0,2,2018,2018,TX,other
v63_source_repair_return_guarded_repair,incumbent_cvar_relaxed_source_lp,138631135,126827839,1000.0,1000.0,-168.68250574568688,-175.77898463113021,7.096478885443332,2131.2555559543935,842450.0,True,True,5.754096345278459e-05,0.8995489346548756,0,,,61242.75073536296,96250.80399541397,True,True,post_v195_one_drop_one_add_whole_loan_swap,post-v195 one-swap pricing only; not multi-swap or global proof,E,E,2,2,3,0,0,4,2018,2018,TX,other
v63_source_repair_return_guarded_repair,incumbent_cvar_relaxed_source_lp,138631135,126820122,1000.0,1000.0,-168.68250574568688,-201.89545162414464,33.21294587845776,2157.372022947408,842450.0,True,True,5.754096345278459e-05,0.8995489346548756,0,,,61304.2716001463,96344.22406197005,True,True,post_v195_one_drop_one_add_whole_loan_swap,post-v195 one-swap pricing only; not multi-swap or global proof,E,C,2,1,3,0,0,1,2018,2018,TX,other
v63_source_repair_return_guarded_repair,incumbent_cvar_relaxed_source_lp,138631135,126733849,1000.0,1000.0,-168.68250574568688,-186.9469746106631,18.26446886497621,2142.423545933926,842450.0,True,True,5.754096345278459e-05,0.898361920588759,0,,,61375.96105413291,96436.96489521401,True,True,post_v195_one_drop_one_add_whole_loan_swap,post-v195 one-swap pricing only; not multi-swap or global proof,E,B,2,0,3,4,0,3,2018,2018,TX,NJ
v63_source_repair_return_guarded_repair,incumbent_cvar_relaxed_source_lp,138631135,126468092,1000.0,1000.0,-168.68250574568688,-169.50590883596908,0.8234030902821985,2124.982480159232,842450.0,True,True,5.754096345278459e-05,0.898361920588759,0,,,61398.865276690296,96468.19829718674,True,True,post_v195_one_drop_one_add_whole_loan_swap,post-v195 one-swap pricing only; not multi-swap or global proof,E,B,2,0,3,1,0,2,2018,2018,TX,other
v63_source_repair_return_guarded_repair,incumbent_cvar_relaxed_source_lp,138631135,126419064,1000.0,1000.0,-168.68250574568688,-198.85427993768698,30.1717741920001,2154.33085126095,842450.0,True,True,5.754096345278459e-05,0.8995489346548756,0,,,61277.665076715944,96301.55565590938,True,True,post_v195_one_drop_one_add_whole_loan_swap,post-v195 one-swap pricing only; not multi-swap or global proof,E,D,2,2,3,4,0,1,2018,2018,TX,other
v63_source_repair_return_guarded_repair,incumbent_cvar_relaxed_source_lp,138631135,168701788,1000.0,1000.0,-168.68250574568688,-178.5860397151734,9.903533969486517,2134.0626110384364,842450.0,True,True,5.754096345278459e-05,0.8995489346548756,0,,,61296.540238400135,96311.25338192644,True,True,post_v195_one_drop_one_add_whole_loan_swap,post-v195 one-swap pricing only; not multi-swap or global proof,E,C,2,1,3,3,0,1,2018,2020,TX,TX
v63_source_repair_return_guarded_repair,incumbent_cvar_relaxed_source_lp,138631135,169358871,1000.0,1000.0,-168.68250574568688,-177.86634212741987,9.183836381732988,2133.3429134506828,842450.0,True,True,5.754096345278459e-05,0.8995489346548756,0,,,61306.31125573287,96298.8283468866,True,True,post_v195_one_drop_one_add_whole_loan_swap,post-v195 one-swap pricing only; not multi-swap or global proof,E,C,2,1,3,3,0,0,2018,2020,TX,VA
v63_source_repair_return_guarded_repair,incumbent_cvar_relaxed_source_lp,138631135,139506195,1000.0,1000.0,-168.68250574568688,-177.67809625327766,8.995590507590776,2133.1546675765408,842450.0,True,True,5.754096345278459e-05,0.8995489346548756,0,,,61280.47657568146,96245.04672176615,True,True,post_v195_one_drop_one_add_whole_loan_swap,post-v195 one-swap pricing only; not multi-swap or global proof,E,D,2,2,3,2,0,0,2018,2018,TX,CA
v63_source_repair_return_guarded_repair,incumbent_cvar_relaxed_source_lp,138631135,156823754,1000.0,1000.0,-168.68250574568688,-183.46022770133698,14.777721955650094,2138.9367990246,842450.0,True,True,5.754096345278459e-05,0.8995489346548756,0,,,61278.07835658205,96224.14195838549,True,True,post_v195_one_drop_one_add_whole_loan_swap,post-v195 one-swap pricing only; not multi-swap or global proof,E,D,2,2,3,3,0,1,2018,2019,TX,CA
v63_source_repair_return_guarded_repair,incumbent_cvar_relaxed_source_lp,138631135,156807668,1000.0,1000.0,-168.68250574568688,-175.85010442413147,7.167598678444591,2131.3266757473943,842450.0,True,True,5.754096345278459e-05,0.8995489346548756,0,,,61305.511850940755,96252.41831876317,True,True,post_v195_one_drop_one_add_whole_loan_swap,post-v195 one-swap pricing only; not multi-swap or global proof,E,D,2,2,3,0,0,0,2018,2019,TX,TX
v63_source_repair_return_guarded_repair,incumbent_cvar_relaxed_source_lp,138929757,126733849,1000.0,1000.0,-173.65518401987842,-186.9469746106631,13.291790590784672,2137.4508676597347,842450.0,True,True,5.754096345278459e-05,0.8995489346548756,0,,,61255.03244079217,96250.9313526903,True,True,post_v195_one_drop_one_add_whole_loan_swap,post-v195 one-swap pricing only; not multi-swap or global proof,B,B,0,0,4,4,0,3,2018,2018,CO,NJ
v63_source_repair_return_guarded_repair,incumbent_cvar_relaxed_source_lp,138754571,127672145,1000.0,1000.0,-180.60322385083467,-196.20083323856994,15.597609387735275,2139.756686456685,842450.0,True,True,5.754096345278459e-05,0.8995489346548756,0,,,61292.653326515196,96314.95509211301,True,True,post_v195_one_drop_one_add_whole_loan_swap,post-v195 one-swap pricing only; not multi-swap or global proof,D,C,1,1,1,0,0,2,2018,2018,CA,other
v63_source_repair_return_guarded_repair,incumbent_cvar_relaxed_source_lp,138754571,126820122,1000.0,1000.0,-180.60322385083467,-201.89545162414464,21.292227773309975,2145.45130484226,842450.0,True,True,5.754096345278459e-05,0.8995489346548756,0,,,61252.07128755328,96266.5845777543,True,True,post_v195_one_drop_one_add_whole_loan_swap,post-v195 one-swap pricing only; not multi-swap or global proof,D,C,1,1,1,0,0,1,2018,2018,CA,other
v63_source_repair_return_guarded_repair,incumbent_cvar_relaxed_source_lp,138754571,126733849,1000.0,1000.0,-180.60322385083467,-186.9469746106631,6.343750759828424,2130.502827828778,842450.0,True,True,5.754096345278459e-05,0.898361920588759,0,,,61323.76074153988,96359.32541099828,True,True,post_v195_one_drop_one_add_whole_loan_swap,post-v195 one-swap pricing only; not multi-swap or global proof,D,B,1,0,1,4,0,3,2018,2018,CA,NJ
v63_source_repair_return_guarded_repair,incumbent_cvar_relaxed_source_lp,138754571,126419064,1000.0,1000.0,-180.60322385083467,-198.85427993768698,18.251056086852316,2142.410133155802,842450.0,True,True,5.754096345278459e-05,0.8995489346548756,0,,,61225.46476412292,96223.91617169368,True,True,post_v195_one_drop_one_add_whole_loan_swap,post-v195 one-swap pricing only; not multi-swap or global proof,D,D,1,2,1,4,0,1,2018,2018,CA,other
v63_source_repair_return_guarded_repair,incumbent_cvar_relaxed_source_lp,138754571,156823754,1000.0,1000.0,-180.60322385083467,-183.46022770133698,2.857003850502309,2127.016080919452,842450.0,True,True,5.754096345278459e-05,0.8995489346548756,0,,,61225.878043989025,96146.50247416979,True,True,post_v195_one_drop_one_add_whole_loan_swap,post-v195 one-swap pricing only; not multi-swap or global proof,D,D,1,2,1,3,0,1,2018,2019,CA,CA
v63_source_repair_return_guarded_repair,incumbent_cvar_relaxed_source_lp,138239745,127672145,1000.0,1000.0,-166.10731042945866,-196.20083323856994,30.093522809111278,2154.252599878061,842450.0,True,True,5.754096345278459e-05,0.8995489346548756,0,,,61223.85545079874,96214.8313499136,True,True,post_v195_one_drop_one_add_whole_loan_swap,post-v195 one-swap pricing only; not multi-swap or global proof,C,C,1,1,4,0,2,2,2018,2018,MI,other
v63_source_repair_return_guarded_repair,incumbent_cvar_relaxed_source_lp,138239745,126827839,1000.0,1000.0,-166.10731042945866,-175.77898463113021,9.67167420167155,2133.8307512706215,842450.0,True,True,5.754096345278459e-05,0.8995489346548756,0,,,61121.752547053475,96073.04076899885,True,True,post_v195_one_drop_one_add_whole_loan_swap,post-v195 one-swap pricing only; not multi-swap or global proof,C,E,1,2,4,0,2,4,2018,2018,MI,other
v63_source_repair_return_guarded_repair,incumbent_cvar_relaxed_source_lp,138239745,126820122,1000.0,1000.0,-166.10731042945866,-201.89545162414464,35.78814119468598,2159.947218263636,842450.0,True,True,5.754096345278459e-05,0.8995489346548756,0,,,61183.2734118368,96166.46083555488,True,True,post_v195_one_drop_one_add_whole_loan_swap,post-v195 one-swap pricing only; not multi-swap or global proof,C,C,1,1,4,0,2,1,2018,2018,MI,other
v63_source_repair_return_guarded_repair,incumbent_cvar_relaxed_source_lp,138239745,126733849,1000.0,1000.0,-166.10731042945866,-186.9469746106631,20.839664181204427,2144.9987412501546,842450.0,True,True,5.754096345278459e-05,0.898361920588759,0,,,61254.962865823414,96259.20166879891,True,True,post_v195_one_drop_one_add_whole_loan_swap,post-v195 one-swap pricing only; not multi-swap or global proof,C,B,1,0,4,4,2,3,2018,2018,MI,NJ
v63_source_repair_return_guarded_repair,incumbent_cvar_relaxed_source_lp,138239745,126468092,1000.0,1000.0,-166.10731042945866,-169.50590883596908,3.3985984065104162,2127.55767547546,842450.0,True,True,5.754096345278459e-05,0.898361920588759,0,,,61277.86708838081,96290.43507077158,True,True,post_v195_one_drop_one_add_whole_loan_swap,post-v195 one-swap pricing only; not multi-swap or global proof,C,B,1,0,4,1,2,2,2018,2018,MI,other
v63_source_repair_return_guarded_repair,incumbent_cvar_relaxed_source_lp,138239745,126419064,1000.0,1000.0,-166.10731042945866,-198.85427993768698,32.74696950822832,2156.906046577178,842450.0,True,True,5.754096345278459e-05,0.8995489346548756,0,,,61156.66688840644,96123.79242949426,True,True,post_v195_one_drop_one_add_whole_loan_swap,post-v195 one-swap pricing only; not multi-swap or global proof,C,D,1,2,4,4,2,1,2018,2018,MI,other
v63_source_repair_return_guarded_repair,incumbent_cvar_relaxed_source_lp,138239745,168701788,1000.0,1000.0,-166.10731042945866,-178.5860397151734,12.478729285714735,2136.6378063546645,842450.0,True,True,5.754096345278459e-05,0.8995489346548756,0,,,61175.54205009065,96133.4901555113,True,True,post_v195_one_drop_one_add_whole_loan_swap,post-v195 one-swap pricing only; not multi-swap or global proof,C,C,1,1,4,3,2,1,2018,2020,MI,TX
v63_source_repair_return_guarded_repair,incumbent_cvar_relaxed_source_lp,138239745,169358871,1000.0,1000.0,-166.10731042945866,-177.86634212741987,11.759031697961206,2135.9181087669112,842450.0,True,True,5.754096345278459e-05,0.8995489346548756,0,,,61185.313067423376,96121.06512047147,True,True,post_v195_one_drop_one_add_whole_loan_swap,post-v195 one-swap pricing only; not multi-swap or global proof,C,C,1,1,4,3,2,0,2018,2020,MI,VA
v63_source_repair_return_guarded_repair,incumbent_cvar_relaxed_source_lp,138239745,139506195,1000.0,1000.0,-166.10731042945866,-177.67809625327766,11.570785823818994,2135.729862892769,842450.0,True,True,5.754096345278459e-05,0.8995489346548756,0,,,61159.47838737197,96067.283495351,True,True,post_v195_one_drop_one_add_whole_loan_swap,post-v195 one-swap pricing only; not multi-swap or global proof,C,D,1,2,4,2,2,0,2018,2018,MI,CA
v63_source_repair_return_guarded_repair,incumbent_cvar_relaxed_source_lp,138239745,156823754,1000.0,1000.0,-166.10731042945866,-183.46022770133698,17.35291727187831,2141.511994340828,842450.0,True,True,5.754096345278459e-05,0.8995489346548756,0,,,61157.080168272565,96046.37873197038,True,True,post_v195_one_drop_one_add_whole_loan_swap,post-v195 one-swap pricing only; not multi-swap or global proof,C,D,1,2,4,3,2,1,2018,2019,MI,CA
v63_source_repair_return_guarded_repair,incumbent_cvar_relaxed_source_lp,138239745,156807668,1000.0,1000.0,-166.10731042945866,-175.85010442413147,9.742793994672809,2133.901871063623,842450.0,True,True,5.754096345278459e-05,0.8995489346548756,0,,,61184.513662631274,96074.65509234805,True,True,post_v195_one_drop_one_add_whole_loan_swap,post-v195 one-swap pricing only; not multi-swap or global proof,C,D,1,2,4,0,2,0,2018,2019,MI,TX
v63_source_repair_return_guarded_repair,incumbent_cvar_relaxed_source_lp,137994575,126733849,1000.0,1000.0,-167.81258224857336,-186.9469746106631,19.134392362089727,2143.2934694310397,842450.0,True,True,5.754096345278459e-05,0.8995489346548756,0,,,61231.941109114734,96221.93235983247,True,True,post_v195_one_drop_one_add_whole_loan_swap,post-v195 one-swap pricing only; not multi-swap or global proof,B,B,0,0,2,4,0,3,2018,2018,NC,NJ
v63_source_repair_return_guarded_repair,incumbent_cvar_relaxed_source_lp,137994575,126468092,1000.0,1000.0,-167.81258224857336,-169.50590883596908,1.6933265873957168,2125.852403656346,842450.0,True,True,5.754096345278459e-05,0.8995489346548756,0,,,61254.845331672135,96253.16576180517,True,True,post_v195_one_drop_one_add_whole_loan_swap,post-v195 one-swap pricing only; not multi-swap or global proof,B,B,0,0,2,1,0,2,2018,2018,NC,other
v63_source_repair_return_guarded_repair,incumbent_cvar_relaxed_source_lp,137668715,127672145,1000.0,1000.0,-191.08030640729243,-196.20083323856994,5.120526831277516,2129.2796039002274,842450.0,True,True,5.754096345278459e-05,0.8995489346548756,0,,,61323.252698877615,96369.68218076501,True,True,post_v195_one_drop_one_add_whole_loan_swap,post-v195 one-swap pricing only; not multi-swap or global proof,D,C,2,1,4,0,2,2,2018,2018,NC,other
v63_source_repair_return_guarded_repair,incumbent_cvar_relaxed_source_lp,137668715,126820122,1000.0,1000.0,-191.08030640729243,-201.89545162414464,10.815145216852216,2134.974222285802,842450.0,True,True,5.754096345278459e-05,0.8995489346548756,0,,,61282.670659915704,96321.3116664063,True,True,post_v195_one_drop_one_add_whole_loan_swap,post-v195 one-swap pricing only; not multi-swap or global proof,D,C,2,1,4,0,2,1,2018,2018,NC,other
v63_source_repair_return_guarded_repair,incumbent_cvar_relaxed_source_lp,137668715,126419064,1000.0,1000.0,-191.08030640729243,-198.85427993768698,7.7739735303945565,2131.9330505993444,842450.0,True,True,5.754096345278459e-05,0.8995489346548756,0,,,61256.064136485336,96278.64326034566,True,True,post_v195_one_drop_one_add_whole_loan_swap,post-v195 one-swap pricing only; not multi-swap or global proof,D,D,2,2,4,4,2,1,2018,2018,NC,other
v63_source_repair_return_guarded_repair,incumbent_cvar_relaxed_source_lp,137677350,127672145,1000.0,1000.0,-171.87891215652908,-196.20083323856994,24.32192108204086,2148.4809981509907,842450.0,True,True,5.754096345278459e-05,0.8995489346548756,0,,,61391.61228655807,96489.45400293257,True,True,post_v195_one_drop_one_add_whole_loan_swap,post-v195 one-swap pricing only; not multi-swap or global proof,F,C,2,1,2,0,2,2,2018,2018,WA,other
v63_source_repair_return_guarded_repair,incumbent_cvar_relaxed_source_lp,137677350,126827839,1000.0,1000.0,-171.87891215652908,-175.77898463113021,3.9000724746011315,2128.059149543551,842450.0,True,True,5.754096345278459e-05,0.8995489346548756,0,,,61289.509382812816,96347.6634220178,True,True,post_v195_one_drop_one_add_whole_loan_swap,post-v195 one-swap pricing only; not multi-swap or global proof,F,E,2,2,2,0,2,4,2018,2018,WA,other
v63_source_repair_return_guarded_repair,incumbent_cvar_relaxed_source_lp,137677350,126820122,1000.0,1000.0,-171.87891215652908,-201.89545162414464,30.01653946761556,2154.1756165365655,842450.0,True,True,5.754096345278459e-05,0.8995489346548756,0,,,61351.03024759615,96441.08348857386,True,True,post_v195_one_drop_one_add_whole_loan_swap,post-v195 one-swap pricing only; not multi-swap or global proof,F,C,2,1,2,0,2,1,2018,2018,WA,other
v63_source_repair_return_guarded_repair,incumbent_cvar_relaxed_source_lp,137677350,126733849,1000.0,1000.0,-171.87891215652908,-186.9469746106631,15.068062454134008,2139.227139523084,842450.0,True,True,5.754096345278459e-05,0.898361920588759,0,,,61422.719701582755,96533.82432181784,True,True,post_v195_one_drop_one_add_whole_loan_swap,post-v195 one-swap pricing only; not multi-swap or global proof,F,B,2,0,2,4,2,3,2018,2018,WA,NJ
v63_source_repair_return_guarded_repair,incumbent_cvar_relaxed_source_lp,137677350,126419064,1000.0,1000.0,-171.87891215652908,-198.85427993768698,26.9753677811579,2151.1344448501077,842450.0,True,True,5.754096345278459e-05,0.8995489346548756,0,,,61324.42372416578,96398.41508251321,True,True,post_v195_one_drop_one_add_whole_loan_swap,post-v195 one-swap pricing only; not multi-swap or global proof,F,D,2,2,2,4,2,1,2018,2018,WA,other
v63_source_repair_return_guarded_repair,incumbent_cvar_relaxed_source_lp,137677350,168701788,1000.0,1000.0,-171.87891215652908,-178.5860397151734,6.707127558644316,2130.8662046275945,842450.0,True,True,5.754096345278459e-05,0.8995489346548756,0,,,61343.29888584998,96408.11280853025,True,True,post_v195_one_drop_one_add_whole_loan_swap,post-v195 one-swap pricing only; not multi-swap or global proof,F,C,2,1,2,3,2,1,2018,2020,WA,TX
v63_source_repair_return_guarded_repair,incumbent_cvar_relaxed_source_lp,137677350,169358871,1000.0,1000.0,-171.87891215652908,-177.86634212741987,5.987429970890787,2130.146507039841,842450.0,True,True,5.754096345278459e-05,0.8995489346548756,0,,,61353.06990318271,96395.68777349041,True,True,post_v195_one_drop_one_add_whole_loan_swap,post-v195 one-swap pricing only; not multi-swap or global proof,F,C,2,1,2,3,2,0,2018,2020,WA,VA
v63_source_repair_return_guarded_repair,incumbent_cvar_relaxed_source_lp,137677350,139506195,1000.0,1000.0,-171.87891215652908,-177.67809625327766,5.799184096748576,2129.9582611656983,842450.0,True,True,5.754096345278459e-05,0.8995489346548756,0,,,61327.2352231313,96341.90614836996,True,True,post_v195_one_drop_one_add_whole_loan_swap,post-v195 one-swap pricing only; not multi-swap or global proof,F,D,2,2,2,2,2,0,2018,2018,WA,CA
v63_source_repair_return_guarded_repair,incumbent_cvar_relaxed_source_lp,137677350,156823754,1000.0,1000.0,-171.87891215652908,-183.46022770133698,11.581315544807893,2135.7403926137576,842450.0,True,True,5.754096345278459e-05,0.8995489346548756,0,,,61324.8370040319,96321.0013849893,True,True,post_v195_one_drop_one_add_whole_loan_swap,post-v195 one-swap pricing only; not multi-swap or global proof,F,D,2,2,2,3,2,1,2018,2019,WA,CA
v63_source_repair_return_guarded_repair,incumbent_cvar_relaxed_source_lp,137677350,156807668,1000.0,1000.0,-171.87891215652908,-175.85010442413147,3.9711922676023903,2128.1302693365524,842450.0,True,True,5.754096345278459e-05,0.8995489346548756,0,,,61352.27049839061,96349.277745367,True,True,post_v195_one_drop_one_add_whole_loan_swap,post-v195 one-swap pricing only; not multi-swap or global proof,F,D,2,2,2,0,2,0,2018,2019,WA,TX
v63_source_repair_return_guarded_repair,incumbent_cvar_relaxed_source_lp,137522335,126733849,1000.0,1000.0,-169.11147457733486,-186.9469746106631,17.83550003332823,2141.994577102278,842450.0,True,True,5.754096345278459e-05,0.8995489346548756,0,,,61223.27129074848,96223.45908782039,True,True,post_v195_one_drop_one_add_whole_loan_swap,post-v195 one-swap pricing only; not multi-swap or global proof,B,B,0,0,2,4,1,3,2018,2018,other,NJ
v63_source_repair_return_guarded_repair,incumbent_cvar_relaxed_source_lp,137522335,126468092,1000.0,1000.0,-169.11147457733486,-169.50590883596908,0.3944342586342202,2124.553511327584,842450.0,True,True,5.754096345278459e-05,0.8995489346548756,0,,,61246.17551330586,96254.69248979307,True,True,post_v195_one_drop_one_add_whole_loan_swap,post-v195 one-swap pricing only; not multi-swap or global proof,B,B,0,0,2,1,1,2,2018,2018,other,other
v63_source_repair_return_guarded_repair,incumbent_cvar_relaxed_source_lp,137496466,168678809,1200.0,1000.0,-25.6559069099411,-25.935876492202276,0.2799695822611774,2124.4390466512114,842650.0,True,True,2.2669387820251075e-05,0.8993354298937875,0,,,61252.500371250084,96220.55984612336,True,True,post_v195_one_drop_one_add_whole_loan_swap,post-v195 one-swap pricing only; not multi-swap or global proof,A,A,1,1,0,1,0,0,2018,2020,CA,IN
v63_source_repair_return_guarded_repair,incumbent_cvar_relaxed_source_lp,137378784,126733849,1000.0,1000.0,-159.31147457733482,-186.9469746106631,27.63550003332827,2151.7945771022783,842450.0,True,True,5.754096345278459e-05,0.8995489346548756,0,,,61223.27129074848,96223.45908782039,True,True,post_v195_one_drop_one_add_whole_loan_swap,post-v195 one-swap pricing only; not multi-swap or global proof,B,B,0,0,4,4,0,3,2018,2018,TX,NJ
v63_source_repair_return_guarded_repair,incumbent_cvar_relaxed_source_lp,137378784,126468092,1000.0,1000.0,-159.31147457733482,-169.50590883596908,10.19443425863426,2134.3535113275843,842450.0,True,True,5.754096345278459e-05,0.8995489346548756,0,,,61246.17551330586,96254.69248979307,True,True,post_v195_one_drop_one_add_whole_loan_swap,post-v195 one-swap pricing only; not multi-swap or global proof,B,B,0,0,4,1,0,2,2018,2018,TX,other
v63_source_repair_return_guarded_repair,incumbent_cvar_relaxed_source_lp,137291932,168841753,1000.0,1000.0,-15.179922424950899,-15.58411172619063,0.4041893012397306,2124.5632663701895,842450.0,True,True,5.754096345278459e-05,0.8995489346548756,0,,,61220.67973558078,96170.45758275111,True,True,post_v195_one_drop_one_add_whole_loan_swap,post-v195 one-swap pricing only; not multi-swap or global proof,A,A,1,1,4,1,1,0,2018,2020,other,NY
v63_source_repair_return_guarded_repair,incumbent_cvar_relaxed_source_lp,137291932,168678809,1000.0,1000.0,-15.179922424950899,-25.935876492202276,10.755954067251377,2134.9150311362014,842450.0,True,True,5.754096345278459e-05,0.8995489346548756,0,,,61234.19359247896,96191.43394214417,True,True,post_v195_one_drop_one_add_whole_loan_swap,post-v195 one-swap pricing only; not multi-swap or global proof,A,A,1,1,4,1,1,0,2018,2020,other,IN
v63_source_repair_return_guarded_repair,incumbent_cvar_relaxed_source_lp,137291932,170390171,1000.0,1000.0,-15.179922424950899,-23.632377345499286,8.452454920548387,2132.6115319894984,842450.0,True,True,5.754096345278459e-05,0.8995489346548756,0,,,61230.788102937404,96184.50114195907,True,True,post_v195_one_drop_one_add_whole_loan_swap,post-v195 one-swap pricing only; not multi-swap or global proof,A,A,1,1,4,0,1,0,2018,2020,other,other
v63_source_repair_return_guarded_repair,incumbent_cvar_relaxed_source_lp,137291932,169450190,1000.0,1000.0,-15.179922424950899,-22.58050328415853,7.400580859207633,2131.559657928158,842450.0,True,True,5.754096345278459e-05,0.8995489346548756,0,,,61213.47337844886,96149.4931086333,True,True,post_v195_one_drop_one_add_whole_loan_swap,post-v195 one-swap pricing only; not multi-swap or global proof,A,A,1,1,4,0,1,0,2018,2020,other,AZ
v63_source_repair_return_guarded_repair,incumbent_cvar_relaxed_source_lp,137133894,126820122,1000.0,1000.0,-201.80699715302984,-201.89545162414464,0.08845447111480098,2124.2475315400648,842450.0,True,True,5.754096345278459e-05,0.8995489346548756,0,,,61246.16433156799,96252.52059988285,True,True,post_v195_one_drop_one_add_whole_loan_swap,post-v195 one-swap pricing only; not multi-swap or global proof,C,C,1,1,0,0,1,1,2018,2018,other,other
v63_source_repair_return_guarded_repair,incumbent_cvar_relaxed_source_lp,137151950,126733849,1250.0,1000.0,-183.48123809685012,-186.9469746106631,3.4657365138129705,2127.6248135827627,842700.0,True,True,0.000310619560215053,0.8995787350183932,0,,,61261.07076639631,96284.7041063474,True,True,post_v195_one_drop_one_add_whole_loan_swap,post-v195 one-swap pricing only; not multi-swap or global proof,B,B,0,0,3,4,3,3,2018,2018,other,NJ
v63_source_repair_return_guarded_repair,incumbent_cvar_relaxed_source_lp,137151950,126483031,1250.0,1200.0,-183.48123809685012,-200.480236756332,16.998998659481884,2141.158075728432,842500.0,True,True,0.00010816869840624133,0.8995548961424332,0,,,61240.08634205679,96254.28515574569,True,True,post_v195_one_drop_one_add_whole_loan_swap,post-v195 one-swap pricing only; not multi-swap or global proof,B,B,0,0,3,2,3,0,2018,2018,other,FL
v63_source_repair_return_guarded_repair,incumbent_cvar_relaxed_source_lp,137182894,157146395,1800.0,1500.0,44.22659987973943,42.560102788769946,1.6664970909694858,2125.8255741599196,842750.0,True,True,5.23980675137814e-06,0.8995846929694453,0,,,61247.0995800522,96203.2793582164,True,True,post_v195_one_drop_one_add_whole_loan_swap,post-v195 one-swap pricing only; not multi-swap or global proof,A,A,0,0,2,2,1,0,2018,2019,TX,TX
v63_source_repair_return_guarded_repair,incumbent_cvar_relaxed_source_lp,137182894,142570983,1800.0,1500.0,44.22659987973943,41.928864039109165,2.297735840630267,2126.45681290958,842750.0,True,True,5.23980675137814e-06,0.8995846929694453,0,,,61242.08691851914,96197.44777002481,True,True,post_v195_one_drop_one_add_whole_loan_swap,post-v195 one-swap pricing only; not multi-swap or global proof,A,A,0,0,2,2,1,0,2018,2018,TX,OH
v63_source_repair_return_guarded_repair,incumbent_cvar_relaxed_source_lp,137182894,152268188,1800.0,1500.0,44.22659987973943,39.51005205920334,4.716547820536093,2128.875624889486,842750.0,True,True,5.23980675137814e-06,0.8995846929694453,0,,,61252.20973916336,96214.73663101482,True,True,post_v195_one_drop_one_add_whole_loan_swap,post-v195 one-swap pricing only; not multi-swap or global proof,A,A,0,0,2,2,1,1,2018,2019,TX,other
v63_source_repair_return_guarded_repair,incumbent_cvar_relaxed_source_lp,136782181,126733849,1000.0,1000.0,-172.62914068708602,-186.9469746106631,14.31783392357707,2138.476910992527,842450.0,True,True,5.754096345278459e-05,0.8995489346548756,0,,,61254.031529940876,96265.74288605734,True,True,post_v195_one_drop_one_add_whole_loan_swap,post-v195 one-swap pricing only; not multi-swap or global proof,B,B,0,0,1,4,0,3,2018,2018,WA,NJ
v63_source_repair_return_guarded_repair,incumbent_cvar_relaxed_source_lp,136916643,127672145,1000.0,1000.0,-173.75965426338382,-196.20083323856994,22.44117897518612,2146.600256044136,842450.0,True,True,5.754096345278459e-05,0.8995489346548756,0,,,61359.929886522885,96433.21707636522,True,True,post_v195_one_drop_one_add_whole_loan_swap,post-v195 one-swap pricing only; not multi-swap or global proof,E,C,2,1,3,0,1,2,2018,2018,PA,other
v63_source_repair_return_guarded_repair,incumbent_cvar_relaxed_source_lp,136916643,126827839,1000.0,1000.0,-173.75965426338382,-175.77898463113021,2.0193303677463916,2126.1784074366965,842450.0,True,True,5.754096345278459e-05,0.8995489346548756,0,,,61257.826982777624,96291.42649545046,True,True,post_v195_one_drop_one_add_whole_loan_swap,post-v195 one-swap pricing only; not multi-swap or global proof,E,E,2,2,3,0,1,4,2018,2018,PA,other
v63_source_repair_return_guarded_repair,incumbent_cvar_relaxed_source_lp,136916643,126820122,1000.0,1000.0,-173.75965426338382,-201.89545162414464,28.13579736076082,2152.294874429711,842450.0,True,True,5.754096345278459e-05,0.8995489346548756,0,,,61319.347847560966,96384.84656200651,True,True,post_v195_one_drop_one_add_whole_loan_swap,post-v195 one-swap pricing only; not multi-swap or global proof,E,C,2,1,3,0,1,1,2018,2018,PA,other
v63_source_repair_return_guarded_repair,incumbent_cvar_relaxed_source_lp,136916643,126733849,1000.0,1000.0,-173.75965426338382,-186.9469746106631,13.187320347279268,2137.346397416229,842450.0,True,True,5.754096345278459e-05,0.898361920588759,0,,,61391.03730154757,96477.58739525049,True,True,post_v195_one_drop_one_add_whole_loan_swap,post-v195 one-swap pricing only; not multi-swap or global proof,E,B,2,0,3,4,1,3,2018,2018,PA,NJ
v63_source_repair_return_guarded_repair,incumbent_cvar_relaxed_source_lp,136916643,126419064,1000.0,1000.0,-173.75965426338382,-198.85427993768698,25.09462567430316,2149.253702743253,842450.0,True,True,5.754096345278459e-05,0.8995489346548756,0,,,61292.741324130606,96342.17815594586,True,True,post_v195_one_drop_one_add_whole_loan_swap,post-v195 one-swap pricing only; not multi-swap or global proof,E,D,2,2,3,4,1,1,2018,2018,PA,other
v63_source_repair_return_guarded_repair,incumbent_cvar_relaxed_source_lp,136916643,168701788,1000.0,1000.0,-173.75965426338382,-178.5860397151734,4.826385451789577,2128.9854625207395,842450.0,True,True,5.754096345278459e-05,0.8995489346548756,0,,,61311.6164858148,96351.87588196291,True,True,post_v195_one_drop_one_add_whole_loan_swap,post-v195 one-swap pricing only; not multi-swap or global proof,E,C,2,1,3,3,1,1,2018,2020,PA,TX
v63_source_repair_return_guarded_repair,incumbent_cvar_relaxed_source_lp,136916643,169358871,1000.0,1000.0,-173.75965426338382,-177.86634212741987,4.106687864036047,2128.265764932986,842450.0,True,True,5.754096345278459e-05,0.8995489346548756,0,,,61321.38750314753,96339.45084692306,True,True,post_v195_one_drop_one_add_whole_loan_swap,post-v195 one-swap pricing only; not multi-swap or global proof,E,C,2,1,3,3,1,0,2018,2020,PA,VA
v63_source_repair_return_guarded_repair,incumbent_cvar_relaxed_source_lp,136916643,139506195,1000.0,1000.0,-173.75965426338382,-177.67809625327766,3.918441989893836,2128.077519058844,842450.0,True,True,5.754096345278459e-05,0.8995489346548756,0,,,61295.55282309613,96285.66922180261,True,True,post_v195_one_drop_one_add_whole_loan_swap,post-v195 one-swap pricing only; not multi-swap or global proof,E,D,2,2,3,2,1,0,2018,2018,PA,CA
v63_source_repair_return_guarded_repair,incumbent_cvar_relaxed_source_lp,136916643,156823754,1000.0,1000.0,-173.75965426338382,-183.46022770133698,9.700573437953153,2133.859650506903,842450.0,True,True,5.754096345278459e-05,0.8995489346548756,0,,,61293.15460399672,96264.76445842198,True,True,post_v195_one_drop_one_add_whole_loan_swap,post-v195 one-swap pricing only; not multi-swap or global proof,E,D,2,2,3,3,1,1,2018,2019,PA,CA
v63_source_repair_return_guarded_repair,incumbent_cvar_relaxed_source_lp,136916643,156807668,1000.0,1000.0,-173.75965426338382,-175.85010442413147,2.0904501607476504,2126.2495272296974,842450.0,True,True,5.754096345278459e-05,0.8995489346548756,0,,,61320.58809835542,96293.04081879965,True,True,post_v195_one_drop_one_add_whole_loan_swap,post-v195 one-swap pricing only; not multi-swap or global proof,E,D,2,2,3,0,1,0,2018,2019,PA,TX
v63_source_repair_return_guarded_repair,incumbent_cvar_relaxed_source_lp,136528893,168678809,1000.0,1000.0,-23.117370829184896,-25.935876492202276,2.8185056630173797,2126.9775827319672,842450.0,True,True,5.754096345278459e-05,0.8995489346548756,0,,,61242.34909359832,96204.4092637709,True,True,post_v195_one_drop_one_add_whole_loan_swap,post-v195 one-swap pricing only; not multi-swap or global proof,A,A,1,1,2,1,2,0,2018,2020,NY,IN
v63_source_repair_return_guarded_repair,incumbent_cvar_relaxed_source_lp,136528893,170390171,1000.0,1000.0,-23.117370829184896,-23.632377345499286,0.51500651631439,2124.6740835852643,842450.0,True,True,5.754096345278459e-05,0.8995489346548756,0,,,61238.94360405676,96197.47646358583,True,True,post_v195_one_drop_one_add_whole_loan_swap,post-v195 one-swap pricing only; not multi-swap or global proof,A,A,1,1,2,0,2,0,2018,2020,NY,other
v63_source_repair_return_guarded_repair,incumbent_cvar_relaxed_source_lp,136607660,127672145,1000.0,1000.0,-189.1129927177471,-196.20083323856994,7.087840520822851,2131.2469175897727,842450.0,True,True,5.754096345278459e-05,0.8995489346548756,0,,,61291.48433175437,96333.76719843951,True,True,post_v195_one_drop_one_add_whole_loan_swap,post-v195 one-swap pricing only; not multi-swap or global proof,D,C,1,1,2,0,1,2,2018,2018,MI,other
v63_source_repair_return_guarded_repair,incumbent_cvar_relaxed_source_lp,136607660,126820122,1000.0,1000.0,-189.1129927177471,-201.89545162414464,12.782458906397551,2136.9415359753475,842450.0,True,True,5.754096345278459e-05,0.8995489346548756,0,,,61250.90229279246,96285.39668408083,True,True,post_v195_one_drop_one_add_whole_loan_swap,post-v195 one-swap pricing only; not multi-swap or global proof,D,C,1,1,2,0,1,1,2018,2018,MI,other
v63_source_repair_return_guarded_repair,incumbent_cvar_relaxed_source_lp,136607660,126419064,1000.0,1000.0,-189.1129927177471,-198.85427993768698,9.741287219939892,2133.9003642888897,842450.0,True,True,5.754096345278459e-05,0.8995489346548756,0,,,61224.29576936209,96242.72827802016,True,True,post_v195_one_drop_one_add_whole_loan_swap,post-v195 one-swap pricing only; not multi-swap or global proof,D,D,1,2,2,4,1,1,2018,2018,MI,other
v63_source_repair_return_guarded_repair,incumbent_cvar_relaxed_source_lp,136424787,126733849,1000.0,1000.0,-165.07561840669072,-186.9469746106631,21.87135620397237,2146.0304332729224,842450.0,True,True,5.754096345278459e-05,0.8995489346548756,0,,,61223.13208401348,96223.25633710319,True,True,post_v195_one_drop_one_add_whole_loan_swap,post-v195 one-swap pricing only; not multi-swap or global proof,B,B,0,0,0,4,0,3,2018,2018,MN,NJ
v63_source_repair_return_guarded_repair,incumbent_cvar_relaxed_source_lp,136424787,126468092,1000.0,1000.0,-165.07561840669072,-169.50590883596908,4.430290429278358,2128.5893674982285,842450.0,True,True,5.754096345278459e-05,0.8995489346548756,0,,,61246.036306570866,96254.48973907587,True,True,post_v195_one_drop_one_add_whole_loan_swap,post-v195 one-swap pricing only; not multi-swap or global proof,B,B,0,0,0,1,0,2,2018,2018,MN,other
v63_source_repair_return_guarded_repair,incumbent_cvar_relaxed_source_lp,136315166,126733849,1000.0,1000.0,-159.31147457733482,-186.9469746106631,27.63550003332827,2151.7945771022783,842450.0,True,True,5.754096345278459e-05,0.8995489346548756,0,,,61223.27129074848,96223.45908782039,True,True,post_v195_one_drop_one_add_whole_loan_swap,post-v195 one-swap pricing only; not multi-swap or global proof,B,B,0,0,0,4,0,3,2018,2018,AZ,NJ
v63_source_repair_return_guarded_repair,incumbent_cvar_relaxed_source_lp,136315166,126468092,1000.0,1000.0,-159.31147457733482,-169.50590883596908,10.19443425863426,2134.3535113275843,842450.0,True,True,5.754096345278459e-05,0.8995489346548756,0,,,61246.17551330586,96254.69248979307,True,True,post_v195_one_drop_one_add_whole_loan_swap,post-v195 one-swap pricing only; not multi-swap or global proof,B,B,0,0,0,1,0,2,2018,2018,AZ,other
v63_source_repair_return_guarded_repair,incumbent_cvar_relaxed_source_lp,136288831,127672145,1000.0,1000.0,-159.91299271774713,-196.20083323856994,36.28784052082281,2160.446917589773,842450.0,True,True,5.754096345278459e-05,0.8995489346548756,0,,,61291.48433175437,96333.76719843951,True,True,post_v195_one_drop_one_add_whole_loan_swap,post-v195 one-swap pricing only; not multi-swap or global proof,D,C,1,1,2,0,3,2,2018,2018,other,other
v63_source_repair_return_guarded_repair,incumbent_cvar_relaxed_source_lp,136288831,126827839,1000.0,1000.0,-159.91299271774713,-175.77898463113021,15.865991913383084,2140.025068982333,842450.0,True,True,5.754096345278459e-05,0.8995489346548756,0,,,61189.38142800912,96191.97661752476,True,True,post_v195_one_drop_one_add_whole_loan_swap,post-v195 one-swap pricing only; not multi-swap or global proof,D,E,1,2,2,0,3,4,2018,2018,other,other
v63_source_repair_return_guarded_repair,incumbent_cvar_relaxed_source_lp,136288831,126820122,1000.0,1000.0,-159.91299271774713,-201.89545162414464,41.98245890639751,2166.1415359753473,842450.0,True,True,5.754096345278459e-05,0.8995489346548756,0,,,61250.90229279246,96285.39668408083,True,True,post_v195_one_drop_one_add_whole_loan_swap,post-v195 one-swap pricing only; not multi-swap or global proof,D,C,1,1,2,0,3,1,2018,2018,other,other
v63_source_repair_return_guarded_repair,incumbent_cvar_relaxed_source_lp,136288831,126733849,1000.0,1000.0,-159.91299271774713,-186.9469746106631,27.03398189291596,2151.193058961866,842450.0,True,True,5.754096345278459e-05,0.898361920588759,0,,,61322.59174677906,96378.1375173248,True,True,post_v195_one_drop_one_add_whole_loan_swap,post-v195 one-swap pricing only; not multi-swap or global proof,D,B,1,0,2,4,3,3,2018,2018,other,NJ
v63_source_repair_return_guarded_repair,incumbent_cvar_relaxed_source_lp,136288831,126468092,1000.0,1000.0,-159.91299271774713,-169.50590883596908,9.59291611822195,2133.751993187172,842450.0,True,True,5.754096345278459e-05,0.898361920588759,0,,,61345.49596933645,96409.37091929751,True,True,post_v195_one_drop_one_add_whole_loan_swap,post-v195 one-swap pricing only; not multi-swap or global proof,D,B,1,0,2,1,3,2,2018,2018,other,other
v63_source_repair_return_guarded_repair,incumbent_cvar_relaxed_source_lp,136288831,126419064,1000.0,1000.0,-159.91299271774713,-198.85427993768698,38.94128721993985,2163.10036428889,842450.0,True,True,5.754096345278459e-05,0.8995489346548756,0,,,61224.29576936209,96242.72827802016,True,True,post_v195_one_drop_one_add_whole_loan_swap,post-v195 one-swap pricing only; not multi-swap or global proof,D,D,1,2,2,4,3,1,2018,2018,other,other
v63_source_repair_return_guarded_repair,incumbent_cvar_relaxed_source_lp,136288831,168701788,1000.0,1000.0,-159.91299271774713,-178.5860397151734,18.67304699742627,2142.8321240663763,842450.0,True,True,5.754096345278459e-05,0.8995489346548756,0,,,61243.17093104629,96252.42600403723,True,True,post_v195_one_drop_one_add_whole_loan_swap,post-v195 one-swap pricing only; not multi-swap or global proof,D,C,1,1,2,3,3,1,2018,2020,other,TX
v63_source_repair_return_guarded_repair,incumbent_cvar_relaxed_source_lp,136288831,169358871,1000.0,1000.0,-159.91299271774713,-177.86634212741987,17.95334940967274,2142.1124264786226,842450.0,True,True,5.754096345278459e-05,0.8995489346548756,0,,,61252.94194837903,96240.00096899738,True,True,post_v195_one_drop_one_add_whole_loan_swap,post-v195 one-swap pricing only; not multi-swap or global proof,D,C,1,1,2,3,3,0,2018,2020,other,VA
v63_source_repair_return_guarded_repair,incumbent_cvar_relaxed_source_lp,136288831,139506195,1000.0,1000.0,-159.91299271774713,-177.67809625327766,17.76510353553053,2141.9241806044806,842450.0,True,True,5.754096345278459e-05,0.8995489346548756,0,,,61227.107268327614,96186.21934387692,True,True,post_v195_one_drop_one_add_whole_loan_swap,post-v195 one-swap pricing only; not multi-swap or global proof,D,D,1,2,2,2,3,0,2018,2018,other,CA
v63_source_repair_return_guarded_repair,incumbent_cvar_relaxed_source_lp,136288831,156823754,1000.0,1000.0,-159.91299271774713,-183.46022770133698,23.547234983589846,2147.70631205254,842450.0,True,True,5.754096345278459e-05,0.8995489346548756,0,,,61224.70904922821,96165.31458049627,True,True,post_v195_one_drop_one_add_whole_loan_swap,post-v195 one-swap pricing only; not multi-swap or global proof,D,D,1,2,2,3,3,1,2018,2019,other,CA
v63_source_repair_return_guarded_repair,incumbent_cvar_relaxed_source_lp,136288831,156807668,1000.0,1000.0,-159.91299271774713,-175.85010442413147,15.937111706384343,2140.096188775334,842450.0,True,True,5.754096345278459e-05,0.8995489346548756,0,,,61252.14254358692,96193.59094087397,True,True,post_v195_one_drop_one_add_whole_loan_swap,post-v195 one-swap pricing only; not multi-swap or global proof,D,D,1,2,2,0,3,0,2018,2019,other,TX
v63_source_repair_return_guarded_repair,incumbent_cvar_relaxed_source_lp,136272811,126523487,2000.0,2000.0,-346.7105103503359,-350.42656531605377,3.7160549657178876,2127.875132034668,842450.0,True,True,5.754096345278459e-05,0.8995489346548756,0,,,61195.375671722315,96230.54734882944,True,True,post_v195_one_drop_one_add_whole_loan_swap,post-v195 one-swap pricing only; not multi-swap or global proof,B,C,1,1,4,4,1,1,2018,2018,MD,CA
v63_source_repair_return_guarded_repair,incumbent_cvar_relaxed_source_lp,145493981,127672145,1000.0,1000.0,-188.86243065820042,-196.20083323856994,7.338402580369518,2131.4974796493193,842450.0,True,True,5.754096345278459e-05,0.8995489346548756,0,,,61345.69886399475,96414.91104271589,True,True,post_v195_one_drop_one_add_whole_loan_swap,post-v195 one-swap pricing only; not multi-swap or global proof,E,C,2,1,2,0,2,2,2018,2018,other,other
v63_source_repair_return_guarded_repair,incumbent_cvar_relaxed_source_lp,145493981,126820122,1000.0,1000.0,-188.86243065820042,-201.89545162414464,13.033020965944218,2137.192098034894,842450.0,True,True,5.754096345278459e-05,0.8995489346548756,0,,,61305.116825032834,96366.54052835717,True,True,post_v195_one_drop_one_add_whole_loan_swap,post-v195 one-swap pricing only; not multi-swap or global proof,E,C,2,1,2,0,2,1,2018,2018,other,other
v63_source_repair_return_guarded_repair,incumbent_cvar_relaxed_source_lp,145493981,126419064,1000.0,1000.0,-188.86243065820042,-198.85427993768698,9.991849279486559,2134.1509263484363,842450.0,True,True,5.754096345278459e-05,0.8995489346548756,0,,,61278.51030160247,96323.87212229653,True,True,post_v195_one_drop_one_add_whole_loan_swap,post-v195 one-swap pricing only; not multi-swap or global proof,E,D,2,2,2,4,2,1,2018,2018,other,other
v63_source_repair_return_guarded_repair,incumbent_cvar_relaxed_source_lp,145362947,126733849,1000.0,1000.0,-183.04925380724399,-186.9469746106631,3.897720803419105,2128.056797872369,842450.0,True,True,5.754096345278459e-05,0.8995489346548756,0,,,61244.11677975269,96251.68902304047,True,True,post_v195_one_drop_one_add_whole_loan_swap,post-v195 one-swap pricing only; not multi-swap or global proof,B,B,0,0,3,4,0,3,2018,2018,other,NJ
v63_source_repair_return_guarded_repair,incumbent_cvar_relaxed_source_lp,145165788,126820122,1100.0,1000.0,-198.63301899901595,-201.89545162414464,3.262432625128696,2127.421509694079,842550.0,True,True,0.0001587904244897409,0.8994421696041778,0,,,61223.7679364948,96224.58695511104,True,True,post_v195_one_drop_one_add_whole_loan_swap,post-v195 one-swap pricing only; not multi-swap or global proof,B,C,1,1,4,0,2,1,2018,2018,CA,other
v63_source_repair_return_guarded_repair,incumbent_cvar_relaxed_source_lp,145165788,126419064,1100.0,1000.0,-198.63301899901595,-198.85427993768698,0.2212609386710369,2124.380338007621,842550.0,True,True,0.0001587904244897409,0.8994421696041778,0,,,61197.16141306443,96181.91854905042,True,True,post_v195_one_drop_one_add_whole_loan_swap,post-v195 one-swap pricing only; not multi-swap or global proof,B,D,1,2,4,4,2,1,2018,2018,CA,other
v63_source_repair_return_guarded_repair,incumbent_cvar_relaxed_source_lp,145079878,127695160,1600.0,1500.0,-228.4979772708412,-235.90029594541494,7.402318674573735,2131.5613957435235,842550.0,True,True,0.0001587904244897409,0.8995608569224378,0,,,61269.597272711864,96310.21906749121,True,True,post_v195_one_drop_one_add_whole_loan_swap,post-v195 one-swap pricing only; not multi-swap or global proof,B,B,0,0,2,2,2,1,2018,2018,other,TX
v63_source_repair_return_guarded_repair,incumbent_cvar_relaxed_source_lp,145079878,126760355,1600.0,1500.0,-228.4979772708412,-250.40002765814089,21.90205038729968,2146.06112745625,842550.0,True,True,0.0001587904244897409,0.8995608569224378,0,,,61269.80258123546,96310.50747359118,True,True,post_v195_one_drop_one_add_whole_loan_swap,post-v195 one-swap pricing only; not multi-swap or global proof,B,B,0,0,2,1,2,0,2018,2018,other,IL
v63_source_repair_return_guarded_repair,incumbent_cvar_relaxed_source_lp,145079878,126430923,1600.0,1500.0,-228.4979772708412,-243.25029594541493,14.75231867457373,2138.911395743524,842550.0,True,True,0.0001587904244897409,0.8995608569224378,0,,,61269.597272711864,96310.21906749121,True,True,post_v195_one_drop_one_add_whole_loan_swap,post-v195 one-swap pricing only; not multi-swap or global proof,B,B,0,0,2,3,2,0,2018,2018,other,other
v63_source_repair_return_guarded_repair,incumbent_cvar_relaxed_source_lp,145085915,160806330,1200.0,1200.0,-205.42499551977616,-210.10403328668124,4.679037766905083,2128.838114835855,842450.0,True,True,5.754096345278459e-05,0.8995489346548756,0,,,61173.84490331086,96071.5496409701,True,True,post_v195_one_drop_one_add_whole_loan_swap,post-v195 one-swap pricing only; not multi-swap or global proof,C,D,1,2,0,2,0,2,2018,2019,CA,FL
v63_source_repair_return_guarded_repair,incumbent_cvar_relaxed_source_lp,145071977,127672145,1000.0,1000.0,-188.86243065820042,-196.20083323856994,7.338402580369518,2131.4974796493193,842450.0,True,True,5.754096345278459e-05,0.8995489346548756,0,,,61345.69886399475,96414.91104271589,True,True,post_v195_one_drop_one_add_whole_loan_swap,post-v195 one-swap pricing only; not multi-swap or global proof,E,C,2,1,4,0,2,2,2018,2018,other,other
v63_source_repair_return_guarded_repair,incumbent_cvar_relaxed_source_lp,145071977,126820122,1000.0,1000.0,-188.86243065820042,-201.89545162414464,13.033020965944218,2137.192098034894,842450.0,True,True,5.754096345278459e-05,0.8995489346548756,0,,,61305.116825032834,96366.54052835717,True,True,post_v195_one_drop_one_add_whole_loan_swap,post-v195 one-swap pricing only; not multi-swap or global proof,E,C,2,1,4,0,2,1,2018,2018,other,other
v63_source_repair_return_guarded_repair,incumbent_cvar_relaxed_source_lp,145071977,126419064,1000.0,1000.0,-188.86243065820042,-198.85427993768698,9.991849279486559,2134.1509263484363,842450.0,True,True,5.754096345278459e-05,0.8995489346548756,0,,,61278.51030160247,96323.87212229653,True,True,post_v195_one_drop_one_add_whole_loan_swap,post-v195 one-swap pricing only; not multi-swap or global proof,E,D,2,2,4,4,2,1,2018,2018,other,other
v63_source_repair_return_guarded_repair,incumbent_cvar_relaxed_source_lp,144526368,126483031,1200.0,1200.0,-189.01348295313088,-200.480236756332,11.46675380320113,2135.6258308721513,842450.0,True,True,5.754096345278459e-05,0.8995489346548756,0,,,61244.215499499565,96256.81911196614,True,True,post_v195_one_drop_one_add_whole_loan_swap,post-v195 one-swap pricing only; not multi-swap or global proof,B,B,0,0,2,2,1,0,2018,2018,NJ,FL
v63_source_repair_return_guarded_repair,incumbent_cvar_relaxed_source_lp,144298209,168678809,1200.0,1000.0,-16.992741209743766,-25.935876492202276,8.94313528245851,2133.1022123514085,842650.0,True,True,2.2669387820251075e-05,0.8993354298937875,0,,,61255.53137594971,96223.9008725465,True,True,post_v195_one_drop_one_add_whole_loan_swap,post-v195 one-swap pricing only; not multi-swap or global proof,A,A,1,1,1,1,0,0,2018,2020,VA,IN
v63_source_repair_return_guarded_repair,incumbent_cvar_relaxed_source_lp,144298209,170390171,1200.0,1000.0,-16.992741209743766,-23.632377345499286,6.63963613575552,2130.7987132047056,842650.0,True,True,2.2669387820251075e-05,0.8993354298937875,0,,,61252.12588640815,96216.9680723614,True,True,post_v195_one_drop_one_add_whole_loan_swap,post-v195 one-swap pricing only; not multi-swap or global proof,A,A,1,1,1,0,0,0,2018,2020,VA,other
v63_source_repair_return_guarded_repair,incumbent_cvar_relaxed_source_lp,144298209,169450190,1200.0,1000.0,-16.992741209743766,-22.58050328415853,5.587762074414766,2129.746839143365,842650.0,True,True,2.2669387820251075e-05,0.8993354298937875,0,,,61234.8111619196,96181.96003903562,True,True,post_v195_one_drop_one_add_whole_loan_swap,post-v195 one-swap pricing only; not multi-swap or global proof,A,A,1,1,1,0,0,0,2018,2020,VA,AZ
v63_source_repair_return_guarded_repair,incumbent_cvar_relaxed_source_lp,144306607,126820122,1100.0,1000.0,-196.7269756687091,-201.89545162414464,5.168475955435554,2129.3275530243855,842550.0,True,True,0.0001587904244897409,0.8994421696041778,0,,,61335.80908958482,96429.50909538398,True,True,post_v195_one_drop_one_add_whole_loan_swap,post-v195 one-swap pricing only; not multi-swap or global proof,E,C,2,1,2,0,0,1,2018,2018,NY,other
v63_source_repair_return_guarded_repair,incumbent_cvar_relaxed_source_lp,144306607,126419064,1100.0,1000.0,-196.7269756687091,-198.85427993768698,2.1273042689778947,2126.2863813379277,842550.0,True,True,0.0001587904244897409,0.8994421696041778,0,,,61309.202566154454,96386.84068932336,True,True,post_v195_one_drop_one_add_whole_loan_swap,post-v195 one-swap pricing only; not multi-swap or global proof,E,D,2,2,2,4,0,1,2018,2018,NY,other
v63_source_repair_return_guarded_repair,incumbent_cvar_relaxed_source_lp,144248829,168841753,1000.0,1000.0,-14.62747078447996,-15.58411172619063,0.9566409417106687,2125.1157180106607,842450.0,True,True,5.754096345278459e-05,0.8995489346548756,0,,,61223.678749479805,96178.20026077583,True,True,post_v195_one_drop_one_add_whole_loan_swap,post-v195 one-swap pricing only; not multi-swap or global proof,A,A,1,1,2,1,3,0,2018,2020,NC,NY
v63_source_repair_return_guarded_repair,incumbent_cvar_relaxed_source_lp,144248829,168678809,1000.0,1000.0,-14.62747078447996,-25.935876492202276,11.308405707722315,2135.467482776672,842450.0,True,True,5.754096345278459e-05,0.8995489346548756,0,,,61237.19260637798,96199.1766201689,True,True,post_v195_one_drop_one_add_whole_loan_swap,post-v195 one-swap pricing only; not multi-swap or global proof,A,A,1,1,2,1,3,0,2018,2020,NC,IN
v63_source_repair_return_guarded_repair,incumbent_cvar_relaxed_source_lp,144248829,170390171,1000.0,1000.0,-14.62747078447996,-23.632377345499286,9.004906561019325,2133.163983629969,842450.0,True,True,5.754096345278459e-05,0.8995489346548756,0,,,61233.78711683642,96192.2438199838,True,True,post_v195_one_drop_one_add_whole_loan_swap,post-v195 one-swap pricing only; not multi-swap or global proof,A,A,1,1,2,0,3,0,2018,2020,NC,other
v63_source_repair_return_guarded_repair,incumbent_cvar_relaxed_source_lp,144248829,169450190,1000.0,1000.0,-14.62747078447996,-22.58050328415853,7.953032499678571,2132.1121095686285,842450.0,True,True,5.754096345278459e-05,0.8995489346548756,0,,,61216.47239234788,96157.23578665803,True,True,post_v195_one_drop_one_add_whole_loan_swap,post-v195 one-swap pricing only; not multi-swap or global proof,A,A,1,1,2,0,3,0,2018,2020,NC,AZ
v63_source_repair_return_guarded_repair,incumbent_cvar_relaxed_source_lp,144136832,127672145,1000.0,1000.0,-189.73252834202836,-196.20083323856994,6.468304896541582,2130.6273819654916,842450.0,True,True,5.754096345278459e-05,0.8995489346548756,0,,,61262.951609195195,96288.39711024865,True,True,post_v195_one_drop_one_add_whole_loan_swap,post-v195 one-swap pricing only; not multi-swap or global proof,C,C,1,1,0,0,0,2,2018,2018,other,other
v63_source_repair_return_guarded_repair,incumbent_cvar_relaxed_source_lp,144136832,126820122,1000.0,1000.0,-189.73252834202836,-201.89545162414464,12.162923282116282,2136.3220003510664,842450.0,True,True,5.754096345278459e-05,0.8995489346548756,0,,,61222.36957023328,96240.02659588991,True,True,post_v195_one_drop_one_add_whole_loan_swap,post-v195 one-swap pricing only; not multi-swap or global proof,C,C,1,1,0,0,0,1,2018,2018,other,other
v63_source_repair_return_guarded_repair,incumbent_cvar_relaxed_source_lp,144136832,126419064,1000.0,1000.0,-189.73252834202836,-198.85427993768698,9.121751595658623,2133.2808286646086,842450.0,True,True,5.754096345278459e-05,0.8995489346548756,0,,,61195.763046802924,96197.35818982929,True,True,post_v195_one_drop_one_add_whole_loan_swap,post-v195 one-swap pricing only; not multi-swap or global proof,C,D,1,2,0,4,0,1,2018,2018,other,other
v63_source_repair_return_guarded_repair,incumbent_cvar_relaxed_source_lp,143942005,126820122,1000.0,1000.0,-201.79415151059513,-201.89545162414464,0.10130011354951307,2124.2603771824993,842450.0,True,True,5.754096345278459e-05,0.8995489346548756,0,,,61229.07815547733,96245.81918063544,True,True,post_v195_one_drop_one_add_whole_loan_swap,post-v195 one-swap pricing only; not multi-swap or global proof,C,C,1,1,3,0,2,1,2018,2018,NY,other
v63_source_repair_return_guarded_repair,incumbent_cvar_relaxed_source_lp,142830014,126483031,1200.0,1200.0,-189.4715102152384,-200.480236756332,11.008726541093608,2135.1678036100434,842450.0,True,True,5.754096345278459e-05,0.8995489346548756,0,,,61274.18737466002,96312.54600307622,True,True,post_v195_one_drop_one_add_whole_loan_swap,post-v195 one-swap pricing only; not multi-swap or global proof,B,B,0,0,1,2,0,0,2018,2018,IL,FL
v63_source_repair_return_guarded_repair,incumbent_cvar_relaxed_source_lp,143858157,126733849,1100.0,1000.0,-168.6715367259671,-186.9469746106631,18.275437884696004,2142.434514953646,842550.0,True,True,0.0001587904244897409,0.8995608569224378,0,,,61234.85777740844,96251.71092068001,True,True,post_v195_one_drop_one_add_whole_loan_swap,post-v195 one-swap pricing only; not multi-swap or global proof,B,B,0,0,1,4,0,3,2018,2018,other,NJ
v63_source_repair_return_guarded_repair,incumbent_cvar_relaxed_source_lp,143858157,126468092,1100.0,1000.0,-168.6715367259671,-169.50590883596908,0.8343721100019934,2124.993449178952,842550.0,True,True,0.0001587904244897409,0.8995608569224378,0,,,61257.761999965835,96282.94432265275,True,True,post_v195_one_drop_one_add_whole_loan_swap,post-v195 one-swap pricing only; not multi-swap or global proof,B,B,0,0,1,1,0,2,2018,2018,other,other
v63_source_repair_return_guarded_repair,incumbent_cvar_relaxed_source_lp,143738130,127695160,2000.0,1500.0,-234.68765251493338,-235.90029594541494,1.2126434304815632,2125.3717204994314,842950.0,True,True,0.00039148229432350856,0.8996085177056765,0,,,61319.88359361779,96410.07213102221,True,True,post_v195_one_drop_one_add_whole_loan_swap,post-v195 one-swap pricing only; not multi-swap or global proof,B,B,0,0,3,2,0,1,2018,2018,other,TX
v63_source_repair_return_guarded_repair,incumbent_cvar_relaxed_source_lp,143738130,127281432,2000.0,2000.0,-234.68765251493338,-271.1059581396894,36.418305624756016,2160.577382693706,842450.0,True,True,5.754096345278459e-05,0.8995489346548756,0,,,61235.87333687121,96292.05915192599,True,True,post_v195_one_drop_one_add_whole_loan_swap,post-v195 one-swap pricing only; not multi-swap or global proof,B,B,0,0,3,4,0,0,2018,2018,other,other
v63_source_repair_return_guarded_repair,incumbent_cvar_relaxed_source_lp,143738130,126760355,2000.0,1500.0,-234.68765251493338,-250.40002765814089,15.71237514320751,2139.8714522121572,842950.0,True,True,0.00039148229432350856,0.8996085177056765,0,,,61320.088902141404,96410.36053712215,True,True,post_v195_one_drop_one_add_whole_loan_swap,post-v195 one-swap pricing only; not multi-swap or global proof,B,B,0,0,3,1,0,0,2018,2018,other,IL
v63_source_repair_return_guarded_repair,incumbent_cvar_relaxed_source_lp,143738130,126430923,2000.0,1500.0,-234.68765251493338,-243.25029594541493,8.562643430481558,2132.7217204994313,842950.0,True,True,0.00039148229432350856,0.8996085177056765,0,,,61319.88359361779,96410.07213102221,True,True,post_v195_one_drop_one_add_whole_loan_swap,post-v195 one-swap pricing only; not multi-swap or global proof,B,B,0,0,3,3,0,0,2018,2018,other,other
v63_source_repair_return_guarded_repair,incumbent_cvar_relaxed_source_lp,143665074,127672145,1000.0,1000.0,-186.8834468242459,-196.20083323856994,9.317386414324034,2133.476463483274,842450.0,True,True,5.754096345278459e-05,0.8995489346548756,0,,,61318.97749899166,96370.14888548471,True,True,post_v195_one_drop_one_add_whole_loan_swap,post-v195 one-swap pricing only; not multi-swap or global proof,D,C,2,1,2,0,0,2,2018,2018,WA,other
v63_source_repair_return_guarded_repair,incumbent_cvar_relaxed_source_lp,143665074,126820122,1000.0,1000.0,-186.8834468242459,-201.89545162414464,15.012004799898733,2139.171081868849,842450.0,True,True,5.754096345278459e-05,0.8995489346548756,0,,,61278.39546002975,96321.778371126,True,True,post_v195_one_drop_one_add_whole_loan_swap,post-v195 one-swap pricing only; not multi-swap or global proof,D,C,2,1,2,0,0,1,2018,2018,WA,other
v63_source_repair_return_guarded_repair,incumbent_cvar_relaxed_source_lp,143665074,126733849,1000.0,1000.0,-186.8834468242459,-186.9469746106631,0.0635277864171826,2124.222604855367,842450.0,True,True,5.754096345278459e-05,0.898361920588759,0,,,61350.084914016355,96414.51920436998,True,True,post_v195_one_drop_one_add_whole_loan_swap,post-v195 one-swap pricing only; not multi-swap or global proof,D,B,2,0,2,4,0,3,2018,2018,WA,NJ
v63_source_repair_return_guarded_repair,incumbent_cvar_relaxed_source_lp,143665074,126419064,1000.0,1000.0,-186.8834468242459,-198.85427993768698,11.970833113441074,2136.129910182391,842450.0,True,True,5.754096345278459e-05,0.8995489346548756,0,,,61251.78893659939,96279.10996506535,True,True,post_v195_one_drop_one_add_whole_loan_swap,post-v195 one-swap pricing only; not multi-swap or global proof,D,D,2,2,2,4,0,1,2018,2018,WA,other
v63_source_repair_return_guarded_repair,incumbent_cvar_relaxed_source_lp,143574491,168803640,1500.0,1500.0,-19.952608974833005,-30.498264963412808,10.545655988579803,2134.7047330575297,842450.0,True,True,5.754096345278459e-05,0.8995489346548756,0,,,61203.5617216401,96149.47849711945,True,True,post_v195_one_drop_one_add_whole_loan_swap,post-v195 one-swap pricing only; not multi-swap or global proof,A,A,1,1,3,3,1,3,2018,2020,WA,IL
v63_source_repair_return_guarded_repair,incumbent_cvar_relaxed_source_lp,143384974,127672145,1000.0,1000.0,-169.12746621153562,-196.20083323856994,27.073367027034323,2151.232444095984,842450.0,True,True,5.754096345278459e-05,0.8995489346548756,0,,,61241.8900599201,96264.13524236876,True,True,post_v195_one_drop_one_add_whole_loan_swap,post-v195 one-swap pricing only; not multi-swap or global proof,C,C,1,1,1,0,0,2,2018,2018,NY,other
v63_source_repair_return_guarded_repair,incumbent_cvar_relaxed_source_lp,143384974,126827839,1000.0,1000.0,-169.12746621153562,-175.77898463113021,6.651518419594595,2130.8105954885445,842450.0,True,True,5.754096345278459e-05,0.8995489346548756,0,,,61139.78715617485,96122.34466145397,True,True,post_v195_one_drop_one_add_whole_loan_swap,post-v195 one-swap pricing only; not multi-swap or global proof,C,E,1,2,1,0,0,4,2018,2018,NY,other
v63_source_repair_return_guarded_repair,incumbent_cvar_relaxed_source_lp,143384974,126820122,1000.0,1000.0,-169.12746621153562,-201.89545162414464,32.76798541260902,2156.927062481559,842450.0,True,True,5.754096345278459e-05,0.8995489346548756,0,,,61201.30802095818,96215.76472801002,True,True,post_v195_one_drop_one_add_whole_loan_swap,post-v195 one-swap pricing only; not multi-swap or global proof,C,C,1,1,1,0,0,1,2018,2018,NY,other
v63_source_repair_return_guarded_repair,incumbent_cvar_relaxed_source_lp,143384974,126733849,1000.0,1000.0,-169.12746621153562,-186.9469746106631,17.81950839912747,2141.9785854680777,842450.0,True,True,5.754096345278459e-05,0.898361920588759,0,,,61272.997474944794,96308.50556125402,True,True,post_v195_one_drop_one_add_whole_loan_swap,post-v195 one-swap pricing only; not multi-swap or global proof,C,B,1,0,1,4,0,3,2018,2018,NY,NJ
v63_source_repair_return_guarded_repair,incumbent_cvar_relaxed_source_lp,143384974,126468092,1000.0,1000.0,-169.12746621153562,-169.50590883596908,0.3784426244334611,2124.5375196933833,842450.0,True,True,5.754096345278459e-05,0.898361920588759,0,,,61295.90169750218,96339.73896322671,True,True,post_v195_one_drop_one_add_whole_loan_swap,post-v195 one-swap pricing only; not multi-swap or global proof,C,B,1,0,1,1,0,2,2018,2018,NY,other
v63_source_repair_return_guarded_repair,incumbent_cvar_relaxed_source_lp,143384974,126419064,1000.0,1000.0,-169.12746621153562,-198.85427993768698,29.726813726151363,2153.885890795101,842450.0,True,True,5.754096345278459e-05,0.8995489346548756,0,,,61174.70149752782,96173.0963219494,True,True,post_v195_one_drop_one_add_whole_loan_swap,post-v195 one-swap pricing only; not multi-swap or global proof,C,D,1,2,1,4,0,1,2018,2018,NY,other
v63_source_repair_return_guarded_repair,incumbent_cvar_relaxed_source_lp,143384974,168701788,1000.0,1000.0,-169.12746621153562,-178.5860397151734,9.45857350363778,2133.6176505725875,842450.0,True,True,5.754096345278459e-05,0.8995489346548756,0,,,61193.57665921202,96182.79404796642,True,True,post_v195_one_drop_one_add_whole_loan_swap,post-v195 one-swap pricing only; not multi-swap or global proof,C,C,1,1,1,3,0,1,2018,2020,NY,TX
v63_source_repair_return_guarded_repair,incumbent_cvar_relaxed_source_lp,143384974,169358871,1000.0,1000.0,-169.12746621153562,-177.86634212741987,8.73887591588425,2132.8979529848343,842450.0,True,True,5.754096345278459e-05,0.8995489346548756,0,,,61203.347676544756,96170.36901292662,True,True,post_v195_one_drop_one_add_whole_loan_swap,post-v195 one-swap pricing only; not multi-swap or global proof,C,C,1,1,1,3,0,0,2018,2020,NY,VA
v63_source_repair_return_guarded_repair,incumbent_cvar_relaxed_source_lp,143384974,139506195,1000.0,1000.0,-169.12746621153562,-177.67809625327766,8.550630041742039,2132.709707110692,842450.0,True,True,5.754096345278459e-05,0.8995489346548756,0,,,61177.512996493344,96116.58738780614,True,True,post_v195_one_drop_one_add_whole_loan_swap,post-v195 one-swap pricing only; not multi-swap or global proof,C,D,1,2,1,2,0,0,2018,2018,NY,CA
v63_source_repair_return_guarded_repair,incumbent_cvar_relaxed_source_lp,143384974,156823754,1000.0,1000.0,-169.12746621153562,-183.46022770133698,14.332761489801356,2138.491838558751,842450.0,True,True,5.754096345278459e-05,0.8995489346548756,0,,,61175.114777393945,96095.6826244255,True,True,post_v195_one_drop_one_add_whole_loan_swap,post-v195 one-swap pricing only; not multi-swap or global proof,C,D,1,2,1,3,0,1,2018,2019,NY,CA
v63_source_repair_return_guarded_repair,incumbent_cvar_relaxed_source_lp,143384974,156807668,1000.0,1000.0,-169.12746621153562,-175.85010442413147,6.722638212595854,2130.881715281546,842450.0,True,True,5.754096345278459e-05,0.8995489346548756,0,,,61202.548271752654,96123.95898480318,True,True,post_v195_one_drop_one_add_whole_loan_swap,post-v195 one-swap pricing only; not multi-swap or global proof,C,D,1,2,1,0,0,0,2018,2019,NY,TX
v63_source_repair_return_guarded_repair,incumbent_cvar_relaxed_source_lp,143298636,127672145,1000.0,1000.0,-170.8325283420283,-196.20083323856994,25.368304896541645,2149.5273819654917,842450.0,True,True,5.754096345278459e-05,0.8995489346548756,0,,,61262.951609195195,96288.39711024865,True,True,post_v195_one_drop_one_add_whole_loan_swap,post-v195 one-swap pricing only; not multi-swap or global proof,C,C,1,1,1,0,2,2,2018,2018,other,other
v63_source_repair_return_guarded_repair,incumbent_cvar_relaxed_source_lp,143298636,126827839,1000.0,1000.0,-170.8325283420283,-175.77898463113021,4.946456289101917,2129.105533358052,842450.0,True,True,5.754096345278459e-05,0.8995489346548756,0,,,61160.84870544994,96146.60652933386,True,True,post_v195_one_drop_one_add_whole_loan_swap,post-v195 one-swap pricing only; not multi-swap or global proof,C,E,1,2,1,0,2,4,2018,2018,other,other
v63_source_repair_return_guarded_repair,incumbent_cvar_relaxed_source_lp,143298636,126820122,1000.0,1000.0,-170.8325283420283,-201.89545162414464,31.062923282116344,2155.2220003510665,842450.0,True,True,5.754096345278459e-05,0.8995489346548756,0,,,61222.36957023328,96240.02659588991,True,True,post_v195_one_drop_one_add_whole_loan_swap,post-v195 one-swap pricing only; not multi-swap or global proof,C,C,1,1,1,0,2,1,2018,2018,other,other
v63_source_repair_return_guarded_repair,incumbent_cvar_relaxed_source_lp,143298636,126733849,1000.0,1000.0,-170.8325283420283,-186.9469746106631,16.114446268634794,2140.2735233375847,842450.0,True,True,5.754096345278459e-05,0.898361920588759,0,,,61294.05902421988,96332.7674291339,True,True,post_v195_one_drop_one_add_whole_loan_swap,post-v195 one-swap pricing only; not multi-swap or global proof,C,B,1,0,1,4,2,3,2018,2018,other,NJ
v63_source_repair_return_guarded_repair,incumbent_cvar_relaxed_source_lp,143298636,126419064,1000.0,1000.0,-170.8325283420283,-198.85427993768698,28.021751595658685,2152.1808286646087,842450.0,True,True,5.754096345278459e-05,0.8995489346548756,0,,,61195.763046802924,96197.35818982929,True,True,post_v195_one_drop_one_add_whole_loan_swap,post-v195 one-swap pricing only; not multi-swap or global proof,C,D,1,2,1,4,2,1,2018,2018,other,other
v63_source_repair_return_guarded_repair,incumbent_cvar_relaxed_source_lp,143298636,168701788,1000.0,1000.0,-170.8325283420283,-178.5860397151734,7.753511373145102,2131.912588442095,842450.0,True,True,5.754096345278459e-05,0.8995489346548756,0,,,61214.63820848711,96207.05591584631,True,True,post_v195_one_drop_one_add_whole_loan_swap,post-v195 one-swap pricing only; not multi-swap or global proof,C,C,1,1,1,3,2,1,2018,2020,other,TX
v63_source_repair_return_guarded_repair,incumbent_cvar_relaxed_source_lp,143298636,169358871,1000.0,1000.0,-170.8325283420283,-177.86634212741987,7.0338137853915725,2131.1928908543414,842450.0,True,True,5.754096345278459e-05,0.8995489346548756,0,,,61224.40922581985,96194.63088080651,True,True,post_v195_one_drop_one_add_whole_loan_swap,post-v195 one-swap pricing only; not multi-swap or global proof,C,C,1,1,1,3,2,0,2018,2020,other,VA
v63_source_repair_return_guarded_repair,incumbent_cvar_relaxed_source_lp,143298636,139506195,1000.0,1000.0,-170.8325283420283,-177.67809625327766,6.845567911249361,2131.0046449801994,842450.0,True,True,5.754096345278459e-05,0.8995489346548756,0,,,61198.57454576844,96140.84925568603,True,True,post_v195_one_drop_one_add_whole_loan_swap,post-v195 one-swap pricing only; not multi-swap or global proof,C,D,1,2,1,2,2,0,2018,2018,other,CA
v63_source_repair_return_guarded_repair,incumbent_cvar_relaxed_source_lp,143298636,156823754,1000.0,1000.0,-170.8325283420283,-183.46022770133698,12.627699359308679,2136.7867764282587,842450.0,True,True,5.754096345278459e-05,0.8995489346548756,0,,,61196.17632666904,96119.9444923054,True,True,post_v195_one_drop_one_add_whole_loan_swap,post-v195 one-swap pricing only; not multi-swap or global proof,C,D,1,2,1,3,2,1,2018,2019,other,CA
v63_source_repair_return_guarded_repair,incumbent_cvar_relaxed_source_lp,143298636,156807668,1000.0,1000.0,-170.8325283420283,-175.85010442413147,5.017576082103176,2129.176653151053,842450.0,True,True,5.754096345278459e-05,0.8995489346548756,0,,,61223.60982102774,96148.22085268307,True,True,post_v195_one_drop_one_add_whole_loan_swap,post-v195 one-swap pricing only; not multi-swap or global proof,C,D,1,2,1,0,2,0,2018,2019,other,TX
v63_source_repair_return_guarded_repair,incumbent_cvar_relaxed_source_lp,143278940,127695160,1500.0,1500.0,-223.96024592785653,-235.90029594541494,11.940050017558406,2136.0991270865084,842450.0,True,True,5.754096345278459e-05,0.8995489346548756,0,,,61237.33859791751,96276.1493763053,True,True,post_v195_one_drop_one_add_whole_loan_swap,post-v195 one-swap pricing only; not multi-swap or global proof,B,B,0,0,4,2,0,1,2018,2018,MD,TX
v63_source_repair_return_guarded_repair,incumbent_cvar_relaxed_source_lp,143278940,126760355,1500.0,1500.0,-223.96024592785653,-250.40002765814089,26.439781730284352,2150.598858799234,842450.0,True,True,5.754096345278459e-05,0.8995489346548756,0,,,61237.54390644111,96276.43778240525,True,True,post_v195_one_drop_one_add_whole_loan_swap,post-v195 one-swap pricing only; not multi-swap or global proof,B,B,0,0,4,1,0,0,2018,2018,MD,IL
v63_source_repair_return_guarded_repair,incumbent_cvar_relaxed_source_lp,143278940,126430923,1500.0,1500.0,-223.96024592785653,-243.25029594541493,19.2900500175584,2143.4491270865083,842450.0,True,True,5.754096345278459e-05,0.8995489346548756,0,,,61237.33859791751,96276.1493763053,True,True,post_v195_one_drop_one_add_whole_loan_swap,post-v195 one-swap pricing only; not multi-swap or global proof,B,B,0,0,4,3,0,0,2018,2018,MD,other
v63_source_repair_return_guarded_repair,incumbent_cvar_relaxed_source_lp,142973413,127672145,1000.0,1000.0,-179.69170236503285,-196.20083323856994,16.50913087353709,2140.6682079424872,842450.0,True,True,5.754096345278459e-05,0.8995489346548756,0,,,61336.36383176629,96413.4714698416,True,True,post_v195_one_drop_one_add_whole_loan_swap,post-v195 one-swap pricing only; not multi-swap or global proof,E,C,2,1,0,0,0,2,2018,2018,PA,other
v63_source_repair_return_guarded_repair,incumbent_cvar_relaxed_source_lp,142973413,126820122,1000.0,1000.0,-179.69170236503285,-201.89545162414464,22.203749259111788,2146.3628263280616,842450.0,True,True,5.754096345278459e-05,0.8995489346548756,0,,,61295.78179280438,96365.10095548289,True,True,post_v195_one_drop_one_add_whole_loan_swap,post-v195 one-swap pricing only; not multi-swap or global proof,E,C,2,1,0,0,0,1,2018,2018,PA,other
v63_source_repair_return_guarded_repair,incumbent_cvar_relaxed_source_lp,142973413,126733849,1000.0,1000.0,-179.69170236503285,-186.9469746106631,7.255272245630238,2131.4143493145802,842450.0,True,True,5.754096345278459e-05,0.898361920588759,0,,,61367.471246790985,96457.84178872687,True,True,post_v195_one_drop_one_add_whole_loan_swap,post-v195 one-swap pricing only; not multi-swap or global proof,E,B,2,0,0,4,0,3,2018,2018,PA,NJ
v63_source_repair_return_guarded_repair,incumbent_cvar_relaxed_source_lp,142973413,126419064,1000.0,1000.0,-179.69170236503285,-198.85427993768698,19.16257757265413,2143.3216546416043,842450.0,True,True,5.754096345278459e-05,0.8995489346548756,0,,,61269.17526937401,96322.43254942224,True,True,post_v195_one_drop_one_add_whole_loan_swap,post-v195 one-swap pricing only; not multi-swap or global proof,E,D,2,2,0,4,0,1,2018,2018,PA,other
v63_source_repair_return_guarded_repair,incumbent_cvar_relaxed_source_lp,142973413,156823754,1000.0,1000.0,-179.69170236503285,-183.46022770133698,3.7685253363041227,2127.927602405254,842450.0,True,True,5.754096345278459e-05,0.8995489346548756,0,,,61269.58854924013,96245.01885189835,True,True,post_v195_one_drop_one_add_whole_loan_swap,post-v195 one-swap pricing only; not multi-swap or global proof,E,D,2,2,0,3,0,1,2018,2019,PA,CA
v63_source_repair_return_guarded_repair,incumbent_cvar_relaxed_source_lp,143136725,127672145,1000.0,1000.0,-177.5369868619323,-196.20083323856994,18.66384637663765,2142.8229234455875,842450.0,True,True,5.754096345278459e-05,0.8995489346548756,0,,,61408.12318982299,96514.89556404985,True,True,post_v195_one_drop_one_add_whole_loan_swap,post-v195 one-swap pricing only; not multi-swap or global proof,F,C,3,1,1,0,3,2,2018,2018,OH,other
v63_source_repair_return_guarded_repair,incumbent_cvar_relaxed_source_lp,143136725,126820122,1000.0,1000.0,-177.5369868619323,-201.89545162414464,24.35846476221235,2148.5175418311624,842450.0,True,True,5.754096345278459e-05,0.8995489346548756,0,,,61367.54115086107,96466.52504969112,True,True,post_v195_one_drop_one_add_whole_loan_swap,post-v195 one-swap pricing only; not multi-swap or global proof,F,C,3,1,1,0,3,1,2018,2018,OH,other
v63_source_repair_return_guarded_repair,incumbent_cvar_relaxed_source_lp,143136725,126733849,1000.0,1000.0,-177.5369868619323,-186.9469746106631,9.4099877487308,2133.5690648176806,842450.0,True,True,5.754096345278459e-05,0.898361920588759,0,,,61439.230604847675,96559.26588293511,True,True,post_v195_one_drop_one_add_whole_loan_swap,post-v195 one-swap pricing only; not multi-swap or global proof,F,B,3,0,1,4,3,3,2018,2018,OH,NJ
v63_source_repair_return_guarded_repair,incumbent_cvar_relaxed_source_lp,143136725,126419064,1000.0,1000.0,-177.5369868619323,-198.85427993768698,21.31729307575469,2145.4763701447046,842450.0,True,True,5.754096345278459e-05,0.8995489346548756,0,,,61340.93462743071,96423.8566436305,True,True,post_v195_one_drop_one_add_whole_loan_swap,post-v195 one-swap pricing only; not multi-swap or global proof,F,D,3,2,1,4,3,1,2018,2018,OH,other
v63_source_repair_return_guarded_repair,incumbent_cvar_relaxed_source_lp,143136725,168701788,1000.0,1000.0,-177.5369868619323,-178.5860397151734,1.0490528532411076,2125.208129922191,842450.0,True,True,5.754096345278459e-05,0.8995489346548756,0,,,61359.8097891149,96433.55436964752,True,True,post_v195_one_drop_one_add_whole_loan_swap,post-v195 one-swap pricing only; not multi-swap or global proof,F,C,3,1,1,3,3,1,2018,2020,OH,TX
v63_source_repair_return_guarded_repair,incumbent_cvar_relaxed_source_lp,143136725,169358871,1000.0,1000.0,-177.5369868619323,-177.86634212741987,0.3293552654875782,2124.4884323344377,842450.0,True,True,5.754096345278459e-05,0.8995489346548756,0,,,61369.58080644764,96421.12933460769,True,True,post_v195_one_drop_one_add_whole_loan_swap,post-v195 one-swap pricing only; not multi-swap or global proof,F,C,3,1,1,3,3,0,2018,2020,OH,VA
v63_source_repair_return_guarded_repair,incumbent_cvar_relaxed_source_lp,143136725,139506195,1000.0,1000.0,-177.5369868619323,-177.67809625327766,0.14110939134536693,2124.300186460295,842450.0,True,True,5.754096345278459e-05,0.8995489346548756,0,,,61343.74612639623,96367.34770948722,True,True,post_v195_one_drop_one_add_whole_loan_swap,post-v195 one-swap pricing only; not multi-swap or global proof,F,D,3,2,1,2,3,0,2018,2018,OH,CA
v63_source_repair_return_guarded_repair,incumbent_cvar_relaxed_source_lp,143136725,156823754,1000.0,1000.0,-177.5369868619323,-183.46022770133698,5.923240839404684,2130.0823179083545,842450.0,True,True,5.754096345278459e-05,0.8995489346548756,0,,,61341.34790729683,96346.44294610659,True,True,post_v195_one_drop_one_add_whole_loan_swap,post-v195 one-swap pricing only; not multi-swap or global proof,F,D,3,2,1,3,3,1,2018,2019,OH,CA
v63_source_repair_return_guarded_repair,incumbent_cvar_relaxed_source_lp,143029391,127672145,1000.0,1000.0,-170.8325283420283,-196.20083323856994,25.368304896541645,2149.5273819654917,842450.0,True,True,5.754096345278459e-05,0.8995489346548756,0,,,61262.951609195195,96288.39711024865,True,True,post_v195_one_drop_one_add_whole_loan_swap,post-v195 one-swap pricing only; not multi-swap or global proof,C,C,1,1,2,0,0,2,2018,2018,IL,other
v63_source_repair_return_guarded_repair,incumbent_cvar_relaxed_source_lp,143029391,126827839,1000.0,1000.0,-170.8325283420283,-175.77898463113021,4.946456289101917,2129.105533358052,842450.0,True,True,5.754096345278459e-05,0.8995489346548756,0,,,61160.84870544994,96146.60652933386,True,True,post_v195_one_drop_one_add_whole_loan_swap,post-v195 one-swap pricing only; not multi-swap or global proof,C,E,1,2,2,0,0,4,2018,2018,IL,other
v63_source_repair_return_guarded_repair,incumbent_cvar_relaxed_source_lp,143029391,126820122,1000.0,1000.0,-170.8325283420283,-201.89545162414464,31.062923282116344,2155.2220003510665,842450.0,True,True,5.754096345278459e-05,0.8995489346548756,0,,,61222.36957023328,96240.02659588991,True,True,post_v195_one_drop_one_add_whole_loan_swap,post-v195 one-swap pricing only; not multi-swap or global proof,C,C,1,1,2,0,0,1,2018,2018,IL,other
v63_source_repair_return_guarded_repair,incumbent_cvar_relaxed_source_lp,143029391,126733849,1000.0,1000.0,-170.8325283420283,-186.9469746106631,16.114446268634794,2140.2735233375847,842450.0,True,True,5.754096345278459e-05,0.898361920588759,0,,,61294.05902421988,96332.7674291339,True,True,post_v195_one_drop_one_add_whole_loan_swap,post-v195 one-swap pricing only; not multi-swap or global proof,C,B,1,0,2,4,0,3,2018,2018,IL,NJ
v63_source_repair_return_guarded_repair,incumbent_cvar_relaxed_source_lp,143029391,126419064,1000.0,1000.0,-170.8325283420283,-198.85427993768698,28.021751595658685,2152.1808286646087,842450.0,True,True,5.754096345278459e-05,0.8995489346548756,0,,,61195.763046802924,96197.35818982929,True,True,post_v195_one_drop_one_add_whole_loan_swap,post-v195 one-swap pricing only; not multi-swap or global proof,C,D,1,2,2,4,0,1,2018,2018,IL,other
v63_source_repair_return_guarded_repair,incumbent_cvar_relaxed_source_lp,143029391,168701788,1000.0,1000.0,-170.8325283420283,-178.5860397151734,7.753511373145102,2131.912588442095,842450.0,True,True,5.754096345278459e-05,0.8995489346548756,0,,,61214.63820848711,96207.05591584631,True,True,post_v195_one_drop_one_add_whole_loan_swap,post-v195 one-swap pricing only; not multi-swap or global proof,C,C,1,1,2,3,0,1,2018,2020,IL,TX
v63_source_repair_return_guarded_repair,incumbent_cvar_relaxed_source_lp,143029391,169358871,1000.0,1000.0,-170.8325283420283,-177.86634212741987,7.0338137853915725,2131.1928908543414,842450.0,True,True,5.754096345278459e-05,0.8995489346548756,0,,,61224.40922581985,96194.63088080651,True,True,post_v195_one_drop_one_add_whole_loan_swap,post-v195 one-swap pricing only; not multi-swap or global proof,C,C,1,1,2,3,0,0,2018,2020,IL,VA
v63_source_repair_return_guarded_repair,incumbent_cvar_relaxed_source_lp,143029391,139506195,1000.0,1000.0,-170.8325283420283,-177.67809625327766,6.845567911249361,2131.0046449801994,842450.0,True,True,5.754096345278459e-05,0.8995489346548756,0,,,61198.57454576844,96140.84925568603,True,True,post_v195_one_drop_one_add_whole_loan_swap,post-v195 one-swap pricing only; not multi-swap or global proof,C,D,1,2,2,2,0,0,2018,2018,IL,CA
v63_source_repair_return_guarded_repair,incumbent_cvar_relaxed_source_lp,143029391,156823754,1000.0,1000.0,-170.8325283420283,-183.46022770133698,12.627699359308679,2136.7867764282587,842450.0,True,True,5.754096345278459e-05,0.8995489346548756,0,,,61196.17632666904,96119.9444923054,True,True,post_v195_one_drop_one_add_whole_loan_swap,post-v195 one-swap pricing only; not multi-swap or global proof,C,D,1,2,2,3,0,1,2018,2019,IL,CA
v63_source_repair_return_guarded_repair,incumbent_cvar_relaxed_source_lp,143029391,156807668,1000.0,1000.0,-170.8325283420283,-175.85010442413147,5.017576082103176,2129.176653151053,842450.0,True,True,5.754096345278459e-05,0.8995489346548756,0,,,61223.60982102774,96148.22085268307,True,True,post_v195_one_drop_one_add_whole_loan_swap,post-v195 one-swap pricing only; not multi-swap or global proof,C,D,1,2,2,0,0,0,2018,2019,IL,TX
v63_source_repair_return_guarded_repair,incumbent_cvar_relaxed_source_lp,143126474,168841753,1000.0,1000.0,-10.601739316555324,-15.58411172619063,4.982372409635305,2129.1414494785854,842450.0,True,True,5.754096345278459e-05,0.8995489346548756,0,,,61215.94509601342,96165.65301708823,True,True,post_v195_one_drop_one_add_whole_loan_swap,post-v195 one-swap pricing only; not multi-swap or global proof,A,A,1,1,2,1,4,0,2018,2020,TX,NY
v63_source_repair_return_guarded_repair,incumbent_cvar_relaxed_source_lp,143126474,168678809,1000.0,1000.0,-10.601739316555324,-25.935876492202276,15.334137175646951,2139.493214244597,842450.0,True,True,5.754096345278459e-05,0.8995489346548756,0,,,61229.458952911606,96186.62937648129,True,True,post_v195_one_drop_one_add_whole_loan_swap,post-v195 one-swap pricing only; not multi-swap or global proof,A,A,1,1,2,1,4,0,2018,2020,TX,IN
v63_source_repair_return_guarded_repair,incumbent_cvar_relaxed_source_lp,143126474,170390171,1000.0,1000.0,-10.601739316555324,-23.632377345499286,13.030638028943962,2137.189715097894,842450.0,True,True,5.754096345278459e-05,0.8995489346548756,0,,,61226.05346337005,96179.69657629619,True,True,post_v195_one_drop_one_add_whole_loan_swap,post-v195 one-swap pricing only; not multi-swap or global proof,A,A,1,1,2,0,4,0,2018,2020,TX,other
v63_source_repair_return_guarded_repair,incumbent_cvar_relaxed_source_lp,143126474,169450190,1000.0,1000.0,-10.601739316555324,-22.58050328415853,11.978763967603207,2136.1378410365533,842450.0,True,True,5.754096345278459e-05,0.8995489346548756,0,,,61208.7387388815,96144.6885429704,True,True,post_v195_one_drop_one_add_whole_loan_swap,post-v195 one-swap pricing only; not multi-swap or global proof,A,A,1,1,2,0,4,0,2018,2020,TX,AZ
v63_source_repair_return_guarded_repair,incumbent_cvar_relaxed_source_lp,143078336,127672145,1000.0,1000.0,-185.09415151059494,-196.20083323856994,11.106681727975001,2135.265758796925,842450.0,True,True,5.754096345278459e-05,0.8995489346548756,0,,,61269.660194439246,96294.18969499416,True,True,post_v195_one_drop_one_add_whole_loan_swap,post-v195 one-swap pricing only; not multi-swap or global proof,C,C,1,1,0,0,0,2,2018,2018,CO,other
v63_source_repair_return_guarded_repair,incumbent_cvar_relaxed_source_lp,143078336,126820122,1000.0,1000.0,-185.09415151059494,-201.89545162414464,16.8013001135497,2140.9603771824995,842450.0,True,True,5.754096345278459e-05,0.8995489346548756,0,,,61229.07815547733,96245.81918063544,True,True,post_v195_one_drop_one_add_whole_loan_swap,post-v195 one-swap pricing only; not multi-swap or global proof,C,C,1,1,0,0,0,1,2018,2018,CO,other
v63_source_repair_return_guarded_repair,incumbent_cvar_relaxed_source_lp,143078336,126733849,1000.0,1000.0,-185.09415151059494,-186.9469746106631,1.85282310006815,2126.011900169018,842450.0,True,True,5.754096345278459e-05,0.898361920588759,0,,,61300.76760946393,96338.56001387943,True,True,post_v195_one_drop_one_add_whole_loan_swap,post-v195 one-swap pricing only; not multi-swap or global proof,C,B,1,0,0,4,0,3,2018,2018,CO,NJ
v63_source_repair_return_guarded_repair,incumbent_cvar_relaxed_source_lp,143078336,126419064,1000.0,1000.0,-185.09415151059494,-198.85427993768698,13.760128427092042,2137.919205496042,842450.0,True,True,5.754096345278459e-05,0.8995489346548756,0,,,61202.47163204697,96203.15077457481,True,True,post_v195_one_drop_one_add_whole_loan_swap,post-v195 one-swap pricing only; not multi-swap or global proof,C,D,1,2,0,4,0,1,2018,2018,CO,other
v63_source_repair_return_guarded_repair,incumbent_cvar_relaxed_source_lp,142821489,126523487,2000.0,2000.0,-340.8025547680644,-350.42656531605377,9.624010547989371,2133.783087616939,842450.0,True,True,5.754096345278459e-05,0.8995489346548756,0,,,61165.12873364909,96205.01067345947,True,True,post_v195_one_drop_one_add_whole_loan_swap,post-v195 one-swap pricing only; not multi-swap or global proof,B,C,1,1,3,4,1,1,2018,2018,VA,CA
v63_source_repair_return_guarded_repair,incumbent_cvar_relaxed_source_lp,142547301,127672145,1000.0,1000.0,-171.39694085680853,-196.20083323856994,24.803892381761415,2148.962969450711,842450.0,True,True,5.754096345278459e-05,0.8995489346548756,0,,,61318.078553874424,96371.03672061393,True,True,post_v195_one_drop_one_add_whole_loan_swap,post-v195 one-swap pricing only; not multi-swap or global proof,D,C,2,1,2,0,2,2,2018,2018,MN,other
v63_source_repair_return_guarded_repair,incumbent_cvar_relaxed_source_lp,142547301,126827839,1000.0,1000.0,-171.39694085680853,-175.77898463113021,4.382043774321687,2128.5411208432715,842450.0,True,True,5.754096345278459e-05,0.8995489346548756,0,,,61215.97565012917,96229.24613969919,True,True,post_v195_one_drop_one_add_whole_loan_swap,post-v195 one-swap pricing only; not multi-swap or global proof,D,E,2,2,2,0,2,4,2018,2018,MN,other
v63_source_repair_return_guarded_repair,incumbent_cvar_relaxed_source_lp,142547301,126820122,1000.0,1000.0,-171.39694085680853,-201.89545162414464,30.498510767336114,2154.657587836286,842450.0,True,True,5.754096345278459e-05,0.8995489346548756,0,,,61277.496514912506,96322.66620625522,True,True,post_v195_one_drop_one_add_whole_loan_swap,post-v195 one-swap pricing only; not multi-swap or global proof,D,C,2,1,2,0,2,1,2018,2018,MN,other
v63_source_repair_return_guarded_repair,incumbent_cvar_relaxed_source_lp,142547301,126733849,1000.0,1000.0,-171.39694085680853,-186.9469746106631,15.550033753854564,2139.7091108228046,842450.0,True,True,5.754096345278459e-05,0.898361920588759,0,,,61349.18596889911,96415.40703949923,True,True,post_v195_one_drop_one_add_whole_loan_swap,post-v195 one-swap pricing only; not multi-swap or global proof,D,B,2,0,2,4,2,3,2018,2018,MN,NJ
v63_source_repair_return_guarded_repair,incumbent_cvar_relaxed_source_lp,142547301,126419064,1000.0,1000.0,-171.39694085680853,-198.85427993768698,27.457339080878455,2151.616416149828,842450.0,True,True,5.754096345278459e-05,0.8995489346548756,0,,,61250.88999148214,96279.9978001946,True,True,post_v195_one_drop_one_add_whole_loan_swap,post-v195 one-swap pricing only; not multi-swap or global proof,D,D,2,2,2,4,2,1,2018,2018,MN,other
v63_source_repair_return_guarded_repair,incumbent_cvar_relaxed_source_lp,142547301,168701788,1000.0,1000.0,-171.39694085680853,-178.5860397151734,7.189098858364872,2131.348175927315,842450.0,True,True,5.754096345278459e-05,0.8995489346548756,0,,,61269.765153166336,96289.69552621162,True,True,post_v195_one_drop_one_add_whole_loan_swap,post-v195 one-swap pricing only; not multi-swap or global proof,D,C,2,1,2,3,2,1,2018,2020,MN,TX
v63_source_repair_return_guarded_repair,incumbent_cvar_relaxed_source_lp,142547301,169358871,1000.0,1000.0,-171.39694085680853,-177.86634212741987,6.469401270611343,2130.6284783395613,842450.0,True,True,5.754096345278459e-05,0.8995489346548756,0,,,61279.53617049908,96277.27049117179,True,True,post_v195_one_drop_one_add_whole_loan_swap,post-v195 one-swap pricing only; not multi-swap or global proof,D,C,2,1,2,3,2,0,2018,2020,MN,VA
v63_source_repair_return_guarded_repair,incumbent_cvar_relaxed_source_lp,142547301,139506195,1000.0,1000.0,-171.39694085680853,-177.67809625327766,6.281155396469131,2130.4402324654193,842450.0,True,True,5.754096345278459e-05,0.8995489346548756,0,,,61253.70149044767,96223.48886605134,True,True,post_v195_one_drop_one_add_whole_loan_swap,post-v195 one-swap pricing only; not multi-swap or global proof,D,D,2,2,2,2,2,0,2018,2018,MN,CA
v63_source_repair_return_guarded_repair,incumbent_cvar_relaxed_source_lp,142547301,156823754,1000.0,1000.0,-171.39694085680853,-183.46022770133698,12.063286844528449,2136.2223639134786,842450.0,True,True,5.754096345278459e-05,0.8995489346548756,0,,,61251.30327134827,96202.58410267068,True,True,post_v195_one_drop_one_add_whole_loan_swap,post-v195 one-swap pricing only; not multi-swap or global proof,D,D,2,2,2,3,2,1,2018,2019,MN,CA
v63_source_repair_return_guarded_repair,incumbent_cvar_relaxed_source_lp,142547301,156807668,1000.0,1000.0,-171.39694085680853,-175.85010442413147,4.453163567322946,2128.612240636273,842450.0,True,True,5.754096345278459e-05,0.8995489346548756,0,,,61278.73676570697,96230.86046304836,True,True,post_v195_one_drop_one_add_whole_loan_swap,post-v195 one-swap pricing only; not multi-swap or global proof,D,D,2,2,2,0,2,0,2018,2019,MN,TX
v63_source_repair_return_guarded_repair,incumbent_cvar_relaxed_source_lp,142527744,126523487,1975.0,2000.0,-344.9198257302716,-350.42656531605377,5.506739585782157,2129.665816654732,842425.0,True,True,3.222484231535372e-05,0.8995756298780306,0,,,61156.75855852384,96195.13545638556,True,True,post_v195_one_drop_one_add_whole_loan_swap,post-v195 one-swap pricing only; not multi-swap or global proof,B,C,1,1,0,4,0,1,2018,2018,OH,CA
v63_source_repair_return_guarded_repair,incumbent_cvar_relaxed_source_lp,142448559,126733849,1200.0,1000.0,-174.68738765590132,-186.9469746106631,12.259586954761772,2136.4186640237117,842650.0,True,True,0.0002600158543247799,0.899572776360292,0,,,61259.48952535688,96294.84511854369,True,True,post_v195_one_drop_one_add_whole_loan_swap,post-v195 one-swap pricing only; not multi-swap or global proof,B,B,0,0,1,4,2,3,2018,2018,IL,NJ
v63_source_repair_return_guarded_repair,incumbent_cvar_relaxed_source_lp,142448559,126483031,1200.0,1200.0,-174.68738765590132,-200.480236756332,25.792849100430686,2149.951926169381,842450.0,True,True,5.754096345278459e-05,0.8995489346548756,0,,,61238.505101017356,96264.42616794203,True,True,post_v195_one_drop_one_add_whole_loan_swap,post-v195 one-swap pricing only; not multi-swap or global proof,B,B,0,0,1,2,2,0,2018,2018,IL,FL
v63_source_repair_return_guarded_repair,incumbent_cvar_relaxed_source_lp,141969831,126820122,1000.0,1000.0,-198.6946879530038,-201.89545162414464,3.200763671140834,2127.359840740091,842450.0,True,True,5.754096345278459e-05,0.8995489346548756,0,,,61305.33724402463,96335.25724762326,True,True,post_v195_one_drop_one_add_whole_loan_swap,post-v195 one-swap pricing only; not multi-swap or global proof,D,C,2,1,3,0,0,1,2018,2018,MN,other
v63_source_repair_return_guarded_repair,incumbent_cvar_relaxed_source_lp,141969831,126419064,1000.0,1000.0,-198.6946879530038,-198.85427993768698,0.15959198468317481,2124.318669053633,842450.0,True,True,5.754096345278459e-05,0.8995489346548756,0,,,61278.73072059426,96292.58884156264,True,True,post_v195_one_drop_one_add_whole_loan_swap,post-v195 one-swap pricing only; not multi-swap or global proof,D,D,2,2,3,4,0,1,2018,2018,MN,other
v63_source_repair_return_guarded_repair,incumbent_cvar_relaxed_source_lp,142191288,126483031,1300.0,1200.0,-196.74476771496595,-200.480236756332,3.735469041366059,2127.894546110316,842550.0,True,True,0.0001587904244897409,0.8995608569224378,0,,,61263.480247726075,96305.20880795566,True,True,post_v195_one_drop_one_add_whole_loan_swap,post-v195 one-swap pricing only; not multi-swap or global proof,B,B,0,0,2,2,1,0,2018,2018,IL,FL
v63_source_repair_return_guarded_repair,incumbent_cvar_relaxed_source_lp,142158597,126820122,1000.0,1000.0,-198.6946879530038,-201.89545162414464,3.200763671140834,2127.359840740091,842450.0,True,True,5.754096345278459e-05,0.8995489346548756,0,,,61305.33724402463,96335.25724762326,True,True,post_v195_one_drop_one_add_whole_loan_swap,post-v195 one-swap pricing only; not multi-swap or global proof,D,C,2,1,2,0,2,1,2018,2018,other,other
v63_source_repair_return_guarded_repair,incumbent_cvar_relaxed_source_lp,142158597,126419064,1000.0,1000.0,-198.6946879530038,-198.85427993768698,0.15959198468317481,2124.318669053633,842450.0,True,True,5.754096345278459e-05,0.8995489346548756,0,,,61278.73072059426,96292.58884156264,True,True,post_v195_one_drop_one_add_whole_loan_swap,post-v195 one-swap pricing only; not multi-swap or global proof,D,D,2,2,2,4,2,1,2018,2018,other,other
v63_source_repair_return_guarded_repair,incumbent_cvar_relaxed_source_lp,142054292,127672145,1000.0,1000.0,-182.663633648734,-196.20083323856994,13.53719958983595,2137.696276658786,842450.0,True,True,5.754096345278459e-05,0.8995489346548756,0,,,61368.99609537082,96448.83103703697,True,True,post_v195_one_drop_one_add_whole_loan_swap,post-v195 one-swap pricing only; not multi-swap or global proof,E,C,2,1,2,0,0,2,2018,2018,MD,other
v63_source_repair_return_guarded_repair,incumbent_cvar_relaxed_source_lp,142054292,126820122,1000.0,1000.0,-182.663633648734,-201.89545162414464,19.23181797541065,2143.3908950443606,842450.0,True,True,5.754096345278459e-05,0.8995489346548756,0,,,61328.4140564089,96400.46052267824,True,True,post_v195_one_drop_one_add_whole_loan_swap,post-v195 one-swap pricing only; not multi-swap or global proof,E,C,2,1,2,0,0,1,2018,2018,MD,other
v63_source_repair_return_guarded_repair,incumbent_cvar_relaxed_source_lp,142054292,126733849,1000.0,1000.0,-182.663633648734,-186.9469746106631,4.283340961929099,2128.4424180308793,842450.0,True,True,5.754096345278459e-05,0.898361920588759,0,,,61400.103510395515,96493.20135592224,True,True,post_v195_one_drop_one_add_whole_loan_swap,post-v195 one-swap pricing only; not multi-swap or global proof,E,B,2,0,2,4,0,3,2018,2018,MD,NJ
v63_source_repair_return_guarded_repair,incumbent_cvar_relaxed_source_lp,142054292,126419064,1000.0,1000.0,-182.663633648734,-198.85427993768698,16.19064628895299,2140.349723357903,842450.0,True,True,5.754096345278459e-05,0.8995489346548756,0,,,61301.80753297854,96357.79211661761,True,True,post_v195_one_drop_one_add_whole_loan_swap,post-v195 one-swap pricing only; not multi-swap or global proof,E,D,2,2,2,4,0,1,2018,2018,MD,other
v63_source_repair_return_guarded_repair,incumbent_cvar_relaxed_source_lp,142054292,156823754,1000.0,1000.0,-182.663633648734,-183.46022770133698,0.796594052602984,2124.9556711215528,842450.0,True,True,5.754096345278459e-05,0.8995489346548756,0,,,61302.22081284466,96280.37841909371,True,True,post_v195_one_drop_one_add_whole_loan_swap,post-v195 one-swap pricing only; not multi-swap or global proof,E,D,2,2,2,3,0,1,2018,2019,MD,CA
v63_source_repair_return_guarded_repair,incumbent_cvar_relaxed_source_lp,141524082,126733849,1000.0,1000.0,-179.84696271822858,-186.9469746106631,7.100011892434509,2131.2590889613844,842450.0,True,True,5.754096345278459e-05,0.8995489346548756,0,,,61238.26989353605,96253.63297061043,True,True,post_v195_one_drop_one_add_whole_loan_swap,post-v195 one-swap pricing only; not multi-swap or global proof,B,B,0,0,3,4,0,3,2018,2018,NJ,NJ
v63_source_repair_return_guarded_repair,incumbent_cvar_relaxed_source_lp,141184113,127281432,2000.0,2000.0,-248.63454352438842,-271.1059581396894,22.471414615300972,2146.630491684251,842450.0,True,True,5.754096345278459e-05,0.8995489346548756,0,,,61235.01394341352,96295.49239025576,True,True,post_v195_one_drop_one_add_whole_loan_swap,post-v195 one-swap pricing only; not multi-swap or global proof,B,B,0,0,4,4,0,0,2018,2018,NY,other
v63_source_repair_return_guarded_repair,incumbent_cvar_relaxed_source_lp,141184113,126760355,2000.0,1500.0,-248.63454352438842,-250.40002765814089,1.7654841337524658,2125.9245612027025,842950.0,True,True,0.00039148229432350856,0.8996085177056765,0,,,61319.22950868371,96413.79377545194,True,True,post_v195_one_drop_one_add_whole_loan_swap,post-v195 one-swap pricing only; not multi-swap or global proof,B,B,0,0,4,1,0,0,2018,2018,NY,IL
v63_source_repair_return_guarded_repair,incumbent_cvar_relaxed_source_lp,149461606,126733849,1000.0,1000.0,-164.00156784304872,-186.9469746106631,22.945406767614372,2147.104483836564,842450.0,True,True,5.754096345278459e-05,0.8995489346548756,0,,,61234.712434237845,96246.22265367072,True,True,post_v195_one_drop_one_add_whole_loan_swap,post-v195 one-swap pricing only; not multi-swap or global proof,B,B,0,0,3,4,0,3,2019,2018,NC,NJ
v63_source_repair_return_guarded_repair,incumbent_cvar_relaxed_source_lp,149461606,126468092,1000.0,1000.0,-164.00156784304872,-169.50590883596908,5.504340992920362,2129.6634180618703,842450.0,True,True,5.754096345278459e-05,0.8995489346548756,0,,,61257.61665679523,96277.45605564344,True,True,post_v195_one_drop_one_add_whole_loan_swap,post-v195 one-swap pricing only; not multi-swap or global proof,B,B,0,0,3,1,0,2,2019,2018,NC,other
v63_source_repair_return_guarded_repair,incumbent_cvar_relaxed_source_lp,149234001,168678809,1000.0,1000.0,-21.926866965281548,-25.935876492202276,4.009009526920728,2128.1680865958706,842450.0,True,True,5.754096345278459e-05,0.8995489346548756,0,,,61238.33183817542,96201.21411064299,True,True,post_v195_one_drop_one_add_whole_loan_swap,post-v195 one-swap pricing only; not multi-swap or global proof,A,A,1,1,2,1,2,0,2019,2020,NC,IN
v63_source_repair_return_guarded_repair,incumbent_cvar_relaxed_source_lp,149234001,170390171,1000.0,1000.0,-21.926866965281548,-23.632377345499286,1.7055103802177385,2125.8645874491676,842450.0,True,True,5.754096345278459e-05,0.8995489346548756,0,,,61234.92634863387,96194.28131045791,True,True,post_v195_one_drop_one_add_whole_loan_swap,post-v195 one-swap pricing only; not multi-swap or global proof,A,A,1,1,2,0,2,0,2019,2020,NC,other
v63_source_repair_return_guarded_repair,incumbent_cvar_relaxed_source_lp,149234001,169450190,1000.0,1000.0,-21.926866965281548,-22.58050328415853,0.653636318876984,2124.812713387827,842450.0,True,True,5.754096345278459e-05,0.8995489346548756,0,,,61217.61162414532,96159.27327713213,True,True,post_v195_one_drop_one_add_whole_loan_swap,post-v195 one-swap pricing only; not multi-swap or global proof,A,A,1,1,2,0,2,0,2019,2020,NC,AZ
v63_source_repair_return_guarded_repair,incumbent_cvar_relaxed_source_lp,149155031,127672145,1000.0,1000.0,-180.4847285023466,-196.20083323856994,15.716104736223343,2139.8751818051733,842450.0,True,True,5.754096345278459e-05,0.8995489346548756,0,,,61393.16428712847,96384.10183378229,True,True,post_v195_one_drop_one_add_whole_loan_swap,post-v195 one-swap pricing only; not multi-swap or global proof,D,C,3,1,3,0,2,2,2019,2018,TX,other
v63_source_repair_return_guarded_repair,incumbent_cvar_relaxed_source_lp,149155031,126820122,1000.0,1000.0,-180.4847285023466,-201.89545162414464,21.410723121798043,2145.569800190748,842450.0,True,True,5.754096345278459e-05,0.8995489346548756,0,,,61352.58224816655,96335.73131942359,True,True,post_v195_one_drop_one_add_whole_loan_swap,post-v195 one-swap pricing only; not multi-swap or global proof,D,C,3,1,3,0,2,1,2019,2018,TX,other
v63_source_repair_return_guarded_repair,incumbent_cvar_relaxed_source_lp,149155031,126733849,1000.0,1000.0,-180.4847285023466,-186.9469746106631,6.462246108316492,2130.6213231772663,842450.0,True,True,5.754096345278459e-05,0.898361920588759,0,,,61424.271702153164,96428.47215266757,True,True,post_v195_one_drop_one_add_whole_loan_swap,post-v195 one-swap pricing only; not multi-swap or global proof,D,B,3,0,3,4,2,3,2019,2018,TX,NJ
v63_source_repair_return_guarded_repair,incumbent_cvar_relaxed_source_lp,149155031,126419064,1000.0,1000.0,-180.4847285023466,-198.85427993768698,18.369551435340384,2142.5286285042903,842450.0,True,True,5.754096345278459e-05,0.8995489346548756,0,,,61325.975724736185,96293.06291336293,True,True,post_v195_one_drop_one_add_whole_loan_swap,post-v195 one-swap pricing only; not multi-swap or global proof,D,D,3,2,3,4,2,1,2019,2018,TX,other
v63_source_repair_return_guarded_repair,incumbent_cvar_relaxed_source_lp,149155031,156823754,1000.0,1000.0,-180.4847285023466,-183.46022770133698,2.975499198990377,2127.1345762679402,842450.0,True,True,5.754096345278459e-05,0.8995489346548756,0,,,61326.38900460231,96215.64921583903,True,True,post_v195_one_drop_one_add_whole_loan_swap,post-v195 one-swap pricing only; not multi-swap or global proof,D,D,3,2,3,3,2,1,2019,2019,TX,CA
v63_source_repair_return_guarded_repair,incumbent_cvar_relaxed_source_lp,149149014,168678809,1000.0,1000.0,-24.023651160233186,-25.935876492202276,1.9122253319690898,2126.071302400919,842450.0,True,True,5.754096345278459e-05,0.8995489346548756,0,,,61246.856049353846,96215.06082724463,True,True,post_v195_one_drop_one_add_whole_loan_swap,post-v195 one-swap pricing only; not multi-swap or global proof,A,A,1,1,3,1,2,0,2019,2020,FL,IN
v63_source_repair_return_guarded_repair,incumbent_cvar_relaxed_source_lp,148588666,127672145,1000.0,1000.0,-180.4847285023466,-196.20083323856994,15.716104736223343,2139.8751818051733,842450.0,True,True,5.754096345278459e-05,0.8995489346548756,0,,,61393.16428712847,96384.10183378229,True,True,post_v195_one_drop_one_add_whole_loan_swap,post-v195 one-swap pricing only; not multi-swap or global proof,D,C,3,1,2,0,2,2,2019,2018,VA,other
v63_source_repair_return_guarded_repair,incumbent_cvar_relaxed_source_lp,148588666,126820122,1000.0,1000.0,-180.4847285023466,-201.89545162414464,21.410723121798043,2145.569800190748,842450.0,True,True,5.754096345278459e-05,0.8995489346548756,0,,,61352.58224816655,96335.73131942359,True,True,post_v195_one_drop_one_add_whole_loan_swap,post-v195 one-swap pricing only; not multi-swap or global proof,D,C,3,1,2,0,2,1,2019,2018,VA,other
v63_source_repair_return_guarded_repair,incumbent_cvar_relaxed_source_lp,148588666,126733849,1000.0,1000.0,-180.4847285023466,-186.9469746106631,6.462246108316492,2130.6213231772663,842450.0,True,True,5.754096345278459e-05,0.898361920588759,0,,,61424.271702153164,96428.47215266757,True,True,post_v195_one_drop_one_add_whole_loan_swap,post-v195 one-swap pricing only; not multi-swap or global proof,D,B,3,0,2,4,2,3,2019,2018,VA,NJ
v63_source_repair_return_guarded_repair,incumbent_cvar_relaxed_source_lp,148588666,126419064,1000.0,1000.0,-180.4847285023466,-198.85427993768698,18.369551435340384,2142.5286285042903,842450.0,True,True,5.754096345278459e-05,0.8995489346548756,0,,,61325.975724736185,96293.06291336293,True,True,post_v195_one_drop_one_add_whole_loan_swap,post-v195 one-swap pricing only; not multi-swap or global proof,D,D,3,2,2,4,2,1,2019,2018,VA,other
v63_source_repair_return_guarded_repair,incumbent_cvar_relaxed_source_lp,148588666,156823754,1000.0,1000.0,-180.4847285023466,-183.46022770133698,2.975499198990377,2127.1345762679402,842450.0,True,True,5.754096345278459e-05,0.8995489346548756,0,,,61326.38900460231,96215.64921583903,True,True,post_v195_one_drop_one_add_whole_loan_swap,post-v195 one-swap pricing only; not multi-swap or global proof,D,D,3,2,2,3,2,1,2019,2019,VA,CA
v63_source_repair_return_guarded_repair,incumbent_cvar_relaxed_source_lp,148488907,168803640,1500.0,1500.0,-23.590300447922335,-30.498264963412808,6.907964515490473,2131.0670415844406,842450.0,True,True,5.754096345278459e-05,0.8995489346548756,0,,,61216.87104953583,96171.355598362,True,True,post_v195_one_drop_one_add_whole_loan_swap,post-v195 one-swap pricing only; not multi-swap or global proof,A,A,1,1,3,3,4,3,2019,2020,other,IL
v63_source_repair_return_guarded_repair,incumbent_cvar_relaxed_source_lp,148266260,127672145,1000.0,1000.0,-181.8913939597021,-196.20083323856994,14.309439278867842,2138.468516347818,842450.0,True,True,5.754096345278459e-05,0.8995489346548756,0,,,61394.60973871208,96380.62912993984,True,True,post_v195_one_drop_one_add_whole_loan_swap,post-v195 one-swap pricing only; not multi-swap or global proof,D,C,3,1,3,0,1,2,2019,2018,TX,other
v63_source_repair_return_guarded_repair,incumbent_cvar_relaxed_source_lp,148266260,126820122,1000.0,1000.0,-181.8913939597021,-201.89545162414464,20.00405766444254,2144.1631347333923,842450.0,True,True,5.754096345278459e-05,0.8995489346548756,0,,,61354.02769975017,96332.25861558114,True,True,post_v195_one_drop_one_add_whole_loan_swap,post-v195 one-swap pricing only; not multi-swap or global proof,D,C,3,1,3,0,1,1,2019,2018,TX,other
v63_source_repair_return_guarded_repair,incumbent_cvar_relaxed_source_lp,148266260,126733849,1000.0,1000.0,-181.8913939597021,-186.9469746106631,5.055580650960991,2129.214657719911,842450.0,True,True,5.754096345278459e-05,0.898361920588759,0,,,61425.71715373677,96424.99944882513,True,True,post_v195_one_drop_one_add_whole_loan_swap,post-v195 one-swap pricing only; not multi-swap or global proof,D,B,3,0,3,4,1,3,2019,2018,TX,NJ
v63_source_repair_return_guarded_repair,incumbent_cvar_relaxed_source_lp,148266260,126419064,1000.0,1000.0,-181.8913939597021,-198.85427993768698,16.962885977984882,2141.121963046935,842450.0,True,True,5.754096345278459e-05,0.8995489346548756,0,,,61327.4211763198,96289.59020952051,True,True,post_v195_one_drop_one_add_whole_loan_swap,post-v195 one-swap pricing only; not multi-swap or global proof,D,D,3,2,3,4,1,1,2019,2018,TX,other
v63_source_repair_return_guarded_repair,incumbent_cvar_relaxed_source_lp,148266260,156823754,1000.0,1000.0,-181.8913939597021,-183.46022770133698,1.5688337416348759,2125.727910810585,842450.0,True,True,5.754096345278459e-05,0.8995489346548756,0,,,61327.83445618591,96212.1765119966,True,True,post_v195_one_drop_one_add_whole_loan_swap,post-v195 one-swap pricing only; not multi-swap or global proof,D,D,3,2,3,3,1,1,2019,2019,TX,CA
v63_source_repair_return_guarded_repair,incumbent_cvar_relaxed_source_lp,147989812,127672145,1000.0,1000.0,-190.0117523232195,-196.20083323856994,6.189080915350445,2130.3481579843005,842450.0,True,True,5.754096345278459e-05,0.8995489346548756,0,,,61260.33119435732,96283.17223119945,True,True,post_v195_one_drop_one_add_whole_loan_swap,post-v195 one-swap pricing only; not multi-swap or global proof,C,C,1,1,0,0,0,2,2019,2018,CA,other
v63_source_repair_return_guarded_repair,incumbent_cvar_relaxed_source_lp,147989812,126820122,1000.0,1000.0,-190.0117523232195,-201.89545162414464,11.883699300925144,2136.042776369875,842450.0,True,True,5.754096345278459e-05,0.8995489346548756,0,,,61219.7491553954,96234.80171684075,True,True,post_v195_one_drop_one_add_whole_loan_swap,post-v195 one-swap pricing only; not multi-swap or global proof,C,C,1,1,0,0,0,1,2019,2018,CA,other
v63_source_repair_return_guarded_repair,incumbent_cvar_relaxed_source_lp,147989812,126419064,1000.0,1000.0,-190.0117523232195,-198.85427993768698,8.842527614467485,2133.0016046834176,842450.0,True,True,5.754096345278459e-05,0.8995489346548756,0,,,61193.14263196504,96192.1333107801,True,True,post_v195_one_drop_one_add_whole_loan_swap,post-v195 one-swap pricing only; not multi-swap or global proof,C,D,1,2,0,4,0,1,2019,2018,CA,other
v63_source_repair_return_guarded_repair,incumbent_cvar_relaxed_source_lp,147899491,126760355,1500.0,1500.0,-247.13756401386254,-250.40002765814089,3.2624636442783412,2127.4215407132283,842450.0,True,True,5.754096345278459e-05,0.8995489346548756,0,,,61265.840784264044,96314.31936620743,True,True,post_v195_one_drop_one_add_whole_loan_swap,post-v195 one-swap pricing only; not multi-swap or global proof,B,B,0,0,2,1,0,0,2019,2018,other,IL
v63_source_repair_return_guarded_repair,incumbent_cvar_relaxed_source_lp,147597555,126733849,1000.0,1000.0,-171.65837600924158,-186.9469746106631,15.288598601421512,2139.4476756703716,842450.0,True,True,5.754096345278459e-05,0.8995489346548756,0,,,61228.391936486165,96235.86868836351,True,True,post_v195_one_drop_one_add_whole_loan_swap,post-v195 one-swap pricing only; not multi-swap or global proof,B,B,0,0,2,4,3,3,2019,2018,WA,NJ
v63_source_repair_return_guarded_repair,incumbent_cvar_relaxed_source_lp,147310699,126820122,1000.0,1000.0,-198.973191549881,-201.89545162414464,2.9222600742636473,2127.0813371432137,842450.0,True,True,5.754096345278459e-05,0.8995489346548756,0,,,61325.22387771236,96390.79489974203,True,True,post_v195_one_drop_one_add_whole_loan_swap,post-v195 one-swap pricing only; not multi-swap or global proof,E,C,2,1,2,0,1,1,2019,2018,CA,other
v63_source_repair_return_guarded_repair,incumbent_cvar_relaxed_source_lp,146311060,127672145,1000.0,1000.0,-187.1570637652536,-196.20083323856994,9.043769473316331,2133.2028465422663,842450.0,True,True,5.754096345278459e-05,0.8995489346548756,0,,,61279.61272043175,96299.82986084436,True,True,post_v195_one_drop_one_add_whole_loan_swap,post-v195 one-swap pricing only; not multi-swap or global proof,C,C,1,1,1,0,0,2,2019,2018,NC,other
v63_source_repair_return_guarded_repair,incumbent_cvar_relaxed_source_lp,146311060,126820122,1000.0,1000.0,-187.1570637652536,-201.89545162414464,14.73838785889103,2138.897464927841,842450.0,True,True,5.754096345278459e-05,0.8995489346548756,0,,,61239.03068146983,96251.45934648564,True,True,post_v195_one_drop_one_add_whole_loan_swap,post-v195 one-swap pricing only; not multi-swap or global proof,C,C,1,1,1,0,0,1,2019,2018,NC,other
v63_source_repair_return_guarded_repair,incumbent_cvar_relaxed_source_lp,146311060,126419064,1000.0,1000.0,-187.1570637652536,-198.85427993768698,11.697216172433372,2135.8562932413834,842450.0,True,True,5.754096345278459e-05,0.8995489346548756,0,,,61212.42415803947,96208.790940425,True,True,post_v195_one_drop_one_add_whole_loan_swap,post-v195 one-swap pricing only; not multi-swap or global proof,C,D,1,2,1,4,0,1,2019,2018,NC,other
v63_source_repair_return_guarded_repair,incumbent_cvar_relaxed_source_lp,146674957,127672145,1000.0,1000.0,-190.46948618264764,-196.20083323856994,5.731347055922299,2129.8904241248724,842450.0,True,True,5.754096345278459e-05,0.8995489346548756,0,,,61322.603843722405,96372.03481075229,True,True,post_v195_one_drop_one_add_whole_loan_swap,post-v195 one-swap pricing only; not multi-swap or global proof,D,C,2,1,4,0,0,2,2019,2018,VA,other
v63_source_repair_return_guarded_repair,incumbent_cvar_relaxed_source_lp,146674957,126820122,1000.0,1000.0,-190.46948618264764,-201.89545162414464,11.425965441496999,2135.585042510447,842450.0,True,True,5.754096345278459e-05,0.8995489346548756,0,,,61282.0218047605,96323.66429639357,True,True,post_v195_one_drop_one_add_whole_loan_swap,post-v195 one-swap pricing only; not multi-swap or global proof,D,C,2,1,4,0,0,1,2019,2018,VA,other
v63_source_repair_return_guarded_repair,incumbent_cvar_relaxed_source_lp,146674957,126419064,1000.0,1000.0,-190.46948618264764,-198.85427993768698,8.38479375503934,2132.5438708239894,842450.0,True,True,5.754096345278459e-05,0.8995489346548756,0,,,61255.41528133013,96280.99589033294,True,True,post_v195_one_drop_one_add_whole_loan_swap,post-v195 one-swap pricing only; not multi-swap or global proof,D,D,2,2,4,4,0,1,2019,2018,VA,other
v63_source_repair_return_guarded_repair,incumbent_cvar_relaxed_source_lp,146255415,160806330,1250.0,1200.0,-204.78232472676117,-210.10403328668124,5.321708559920069,2129.48078562887,842500.0,True,True,0.00010816869840624133,0.8994955489614244,0,,,61334.16297317485,96324.3797107407,True,True,post_v195_one_drop_one_add_whole_loan_swap,post-v195 one-swap pricing only; not multi-swap or global proof,E,D,2,2,4,2,0,2,2019,2019,other,FL
v63_source_repair_return_guarded_repair,incumbent_cvar_relaxed_source_lp,145803826,127672145,1000.0,1000.0,-183.12585978140902,-196.20083323856994,13.074973457160922,2137.234050526111,842450.0,True,True,5.754096345278459e-05,0.8995489346548756,0,,,61359.5623405318,96439.06397055941,True,True,post_v195_one_drop_one_add_whole_loan_swap,post-v195 one-swap pricing only; not multi-swap or global proof,E,C,2,1,3,0,0,2,2019,2018,MI,other
v63_source_repair_return_guarded_repair,incumbent_cvar_relaxed_source_lp,145803826,126820122,1000.0,1000.0,-183.12585978140902,-201.89545162414464,18.769591842735622,2142.9286689116857,842450.0,True,True,5.754096345278459e-05,0.8995489346548756,0,,,61318.980301569885,96390.69345620071,True,True,post_v195_one_drop_one_add_whole_loan_swap,post-v195 one-swap pricing only; not multi-swap or global proof,E,C,2,1,3,0,0,1,2019,2018,MI,other
v63_source_repair_return_guarded_repair,incumbent_cvar_relaxed_source_lp,145803826,126733849,1000.0,1000.0,-183.12585978140902,-186.9469746106631,3.8211148292540713,2127.980191898204,842450.0,True,True,5.754096345278459e-05,0.898361920588759,0,,,61390.66975555649,96483.43428944467,True,True,post_v195_one_drop_one_add_whole_loan_swap,post-v195 one-swap pricing only; not multi-swap or global proof,E,B,2,0,3,4,0,3,2019,2018,MI,NJ
v63_source_repair_return_guarded_repair,incumbent_cvar_relaxed_source_lp,145803826,126419064,1000.0,1000.0,-183.12585978140902,-198.85427993768698,15.728420156277963,2139.887497225228,842450.0,True,True,5.754096345278459e-05,0.8995489346548756,0,,,61292.37377813951,96348.02505014006,True,True,post_v195_one_drop_one_add_whole_loan_swap,post-v195 one-swap pricing only; not multi-swap or global proof,E,D,2,2,3,4,0,1,2019,2018,MI,other
v63_source_repair_return_guarded_repair,incumbent_cvar_relaxed_source_lp,145803826,156823754,1000.0,1000.0,-183.12585978140902,-183.46022770133698,0.33436791992795634,2124.493444988878,842450.0,True,True,5.754096345278459e-05,0.8995489346548756,0,,,61292.78705800563,96270.61135261616,True,True,post_v195_one_drop_one_add_whole_loan_swap,post-v195 one-swap pricing only; not multi-swap or global proof,E,D,2,2,3,3,0,1,2019,2019,MI,CA
v63_source_repair_return_guarded_repair,incumbent_cvar_relaxed_source_lp,145824687,127672145,1000.0,1000.0,-189.60565177320717,-196.20083323856994,6.595181465362771,2130.7542585343126,842450.0,True,True,5.754096345278459e-05,0.8995489346548756,0,,,61291.953998825134,96345.12500363785,True,True,post_v195_one_drop_one_add_whole_loan_swap,post-v195 one-swap pricing only; not multi-swap or global proof,D,C,2,1,1,0,0,2,2019,2018,other,other
v63_source_repair_return_guarded_repair,incumbent_cvar_relaxed_source_lp,145824687,126820122,1000.0,1000.0,-189.60565177320717,-201.89545162414464,12.28979985093747,2136.4488769198874,842450.0,True,True,5.754096345278459e-05,0.8995489346548756,0,,,61251.371959863216,96296.75448927913,True,True,post_v195_one_drop_one_add_whole_loan_swap,post-v195 one-swap pricing only; not multi-swap or global proof,D,C,2,1,1,0,0,1,2019,2018,other,other
v63_source_repair_return_guarded_repair,incumbent_cvar_relaxed_source_lp,145824687,126419064,1000.0,1000.0,-189.60565177320717,-198.85427993768698,9.248628164479811,2133.4077052334296,842450.0,True,True,5.754096345278459e-05,0.8995489346548756,0,,,61224.76543643285,96254.08608321848,True,True,post_v195_one_drop_one_add_whole_loan_swap,post-v195 one-swap pricing only; not multi-swap or global proof,D,D,2,2,1,4,0,1,2019,2018,other,other
v63_source_repair_return_guarded_repair,incumbent_cvar_relaxed_source_lp,146058451,127672145,1000.0,1000.0,-162.5963102886178,-196.20083323856994,33.604522949952155,2157.7636000189023,842450.0,True,True,5.754096345278459e-05,0.8995489346548756,0,,,61391.90342067542,96500.90695990142,True,True,post_v195_one_drop_one_add_whole_loan_swap,post-v195 one-swap pricing only; not multi-swap or global proof,F,C,2,1,1,0,2,2,2019,2018,NY,other
v63_source_repair_return_guarded_repair,incumbent_cvar_relaxed_source_lp,146058451,126827839,1000.0,1000.0,-162.5963102886178,-175.77898463113021,13.182674342512428,2137.3417514114626,842450.0,True,True,5.754096345278459e-05,0.8995489346548756,0,,,61289.80051693017,96359.11637898666,True,True,post_v195_one_drop_one_add_whole_loan_swap,post-v195 one-swap pricing only; not multi-swap or global proof,F,E,2,2,1,0,2,4,2019,2018,NY,other
v63_source_repair_return_guarded_repair,incumbent_cvar_relaxed_source_lp,146058451,126820122,1000.0,1000.0,-162.5963102886178,-201.89545162414464,39.299141335526855,2163.4582184044766,842450.0,True,True,5.754096345278459e-05,0.8995489346548756,0,,,61351.32138171351,96452.5364455427,True,True,post_v195_one_drop_one_add_whole_loan_swap,post-v195 one-swap pricing only; not multi-swap or global proof,F,C,2,1,1,0,2,1,2019,2018,NY,other
v63_source_repair_return_guarded_repair,incumbent_cvar_relaxed_source_lp,146058451,126733849,1000.0,1000.0,-162.5963102886178,-186.9469746106631,24.350664322045304,2148.5097413909953,842450.0,True,True,5.754096345278459e-05,0.898361920588759,0,,,61423.0108357001,96545.2772787867,True,True,post_v195_one_drop_one_add_whole_loan_swap,post-v195 one-swap pricing only; not multi-swap or global proof,F,B,2,0,1,4,2,3,2019,2018,NY,NJ
v63_source_repair_return_guarded_repair,incumbent_cvar_relaxed_source_lp,146058451,126468092,1000.0,1000.0,-162.5963102886178,-169.50590883596908,6.909598547351294,2131.0686756163013,842450.0,True,True,5.754096345278459e-05,0.898361920588759,0,,,61445.915058257495,96576.5106807594,True,True,post_v195_one_drop_one_add_whole_loan_swap,post-v195 one-swap pricing only; not multi-swap or global proof,F,B,2,0,1,1,2,2,2019,2018,NY,other
v63_source_repair_return_guarded_repair,incumbent_cvar_relaxed_source_lp,146058451,126419064,1000.0,1000.0,-162.5963102886178,-198.85427993768698,36.257969649069196,2160.4170467180193,842450.0,True,True,5.754096345278459e-05,0.8995489346548756,0,,,61324.714858283136,96409.86803948205,True,True,post_v195_one_drop_one_add_whole_loan_swap,post-v195 one-swap pricing only; not multi-swap or global proof,F,D,2,2,1,4,2,1,2019,2018,NY,other
v63_source_repair_return_guarded_repair,incumbent_cvar_relaxed_source_lp,146058451,168701788,1000.0,1000.0,-162.5963102886178,-178.5860397151734,15.989729426555613,2140.1488064955056,842450.0,True,True,5.754096345278459e-05,0.8995489346548756,0,,,61343.590019967334,96419.56576549912,True,True,post_v195_one_drop_one_add_whole_loan_swap,post-v195 one-swap pricing only; not multi-swap or global proof,F,C,2,1,1,3,2,1,2019,2020,NY,TX
v63_source_repair_return_guarded_repair,incumbent_cvar_relaxed_source_lp,146058451,169358871,1000.0,1000.0,-162.5963102886178,-177.86634212741987,15.270031838802083,2139.429108907752,842450.0,True,True,5.754096345278459e-05,0.8995489346548756,0,,,61353.36103730007,96407.14073045926,True,True,post_v195_one_drop_one_add_whole_loan_swap,post-v195 one-swap pricing only; not multi-swap or global proof,F,C,2,1,1,3,2,0,2019,2020,NY,VA
v63_source_repair_return_guarded_repair,incumbent_cvar_relaxed_source_lp,146058451,139506195,1000.0,1000.0,-162.5963102886178,-177.67809625327766,15.081785964659872,2139.24086303361,842450.0,True,True,5.754096345278459e-05,0.8995489346548756,0,,,61327.52635724866,96353.35910533882,True,True,post_v195_one_drop_one_add_whole_loan_swap,post-v195 one-swap pricing only; not multi-swap or global proof,F,D,2,2,1,2,2,0,2019,2018,NY,CA
v63_source_repair_return_guarded_repair,incumbent_cvar_relaxed_source_lp,146058451,156823754,1000.0,1000.0,-162.5963102886178,-183.46022770133698,20.86391741271919,2145.0229944816692,842450.0,True,True,5.754096345278459e-05,0.8995489346548756,0,,,61325.12813814926,96332.45434195819,True,True,post_v195_one_drop_one_add_whole_loan_swap,post-v195 one-swap pricing only; not multi-swap or global proof,F,D,2,2,1,3,2,1,2019,2019,NY,CA
v63_source_repair_return_guarded_repair,incumbent_cvar_relaxed_source_lp,146058451,156807668,1000.0,1000.0,-162.5963102886178,-175.85010442413147,13.253794135513687,2137.4128712044635,842450.0,True,True,5.754096345278459e-05,0.8995489346548756,0,,,61352.56163250796,96360.73070233586,True,True,post_v195_one_drop_one_add_whole_loan_swap,post-v195 one-swap pricing only; not multi-swap or global proof,F,D,2,2,1,0,2,0,2019,2019,NY,TX
v63_source_repair_return_guarded_repair,incumbent_cvar_relaxed_source_lp,145950014,126820122,1000.0,1000.0,-197.20586899379578,-201.89545162414464,4.689582630348866,2128.848659699299,842450.0,True,True,5.754096345278459e-05,0.8995489346548756,0,,,61182.90452650345,96178.4161708864,True,True,post_v195_one_drop_one_add_whole_loan_swap,post-v195 one-swap pricing only; not multi-swap or global proof,B,C,1,1,2,0,3,1,2019,2018,PA,other
v63_source_repair_return_guarded_repair,incumbent_cvar_relaxed_source_lp,145950014,126419064,1000.0,1000.0,-197.20586899379578,-198.85427993768698,1.6484109438912071,2125.807488012841,842450.0,True,True,5.754096345278459e-05,0.8995489346548756,0,,,61156.2980030731,96135.74776482575,True,True,post_v195_one_drop_one_add_whole_loan_swap,post-v195 one-swap pricing only; not multi-swap or global proof,B,D,1,2,2,4,3,1,2019,2018,PA,other
v63_source_repair_return_guarded_repair,incumbent_cvar_relaxed_source_lp,145693319,127672145,1000.0,1000.0,-185.7950112813479,-196.20083323856994,10.405821957222031,2134.564899026172,842450.0,True,True,5.754096345278459e-05,0.8995489346548756,0,,,61342.54138084764,96424.22884726476,True,True,post_v195_one_drop_one_add_whole_loan_swap,post-v195 one-swap pricing only; not multi-swap or global proof,E,C,2,1,0,0,1,2,2019,2018,MI,other
v63_source_repair_return_guarded_repair,incumbent_cvar_relaxed_source_lp,145693319,126820122,1000.0,1000.0,-185.7950112813479,-201.89545162414464,16.10044034279673,2140.259517411747,842450.0,True,True,5.754096345278459e-05,0.8995489346548756,0,,,61301.95934188571,96375.85833290605,True,True,post_v195_one_drop_one_add_whole_loan_swap,post-v195 one-swap pricing only; not multi-swap or global proof,E,C,2,1,0,0,1,1,2019,2018,MI,other
v63_source_repair_return_guarded_repair,incumbent_cvar_relaxed_source_lp,145693319,126733849,1000.0,1000.0,-185.7950112813479,-186.9469746106631,1.1519633293151799,2125.311040398265,842450.0,True,True,5.754096345278459e-05,0.898361920588759,0,,,61373.648795872316,96468.59916615003,True,True,post_v195_one_drop_one_add_whole_loan_swap,post-v195 one-swap pricing only; not multi-swap or global proof,E,B,2,0,0,4,1,3,2019,2018,MI,NJ
v63_source_repair_return_guarded_repair,incumbent_cvar_relaxed_source_lp,145693319,126419064,1000.0,1000.0,-185.7950112813479,-198.85427993768698,13.059268656339071,2137.218345725289,842450.0,True,True,5.754096345278459e-05,0.8995489346548756,0,,,61275.35281845534,96333.1899268454,True,True,post_v195_one_drop_one_add_whole_loan_swap,post-v195 one-swap pricing only; not multi-swap or global proof,E,D,2,2,0,4,1,1,2019,2018,MI,other
v63_source_repair_return_guarded_repair,incumbent_cvar_relaxed_source_lp,154341738,168678809,1000.0,1000.0,-19.715403175880347,-25.935876492202276,6.220473316321929,2130.379550385272,842450.0,True,True,5.754096345278459e-05,0.8995489346548756,0,,,61236.04590488016,96196.95699819473,True,True,post_v195_one_drop_one_add_whole_loan_swap,post-v195 one-swap pricing only; not multi-swap or global proof,A,A,1,1,2,1,2,0,2019,2020,other,IN
v63_source_repair_return_guarded_repair,incumbent_cvar_relaxed_source_lp,154341738,170390171,1000.0,1000.0,-19.715403175880347,-23.632377345499286,3.916974169618939,2128.076051238569,842450.0,True,True,5.754096345278459e-05,0.8995489346548756,0,,,61232.6404153386,96190.02419800962,True,True,post_v195_one_drop_one_add_whole_loan_swap,post-v195 one-swap pricing only; not multi-swap or global proof,A,A,1,1,2,0,2,0,2019,2020,other,other
v63_source_repair_return_guarded_repair,incumbent_cvar_relaxed_source_lp,154341738,169450190,1000.0,1000.0,-19.715403175880347,-22.58050328415853,2.8651001082781846,2127.024177177228,842450.0,True,True,5.754096345278459e-05,0.8995489346548756,0,,,61215.32569085006,96155.01616468382,True,True,post_v195_one_drop_one_add_whole_loan_swap,post-v195 one-swap pricing only; not multi-swap or global proof,A,A,1,1,2,0,2,0,2019,2020,other,AZ
v63_source_repair_return_guarded_repair,incumbent_cvar_relaxed_source_lp,153077076,127672145,1200.0,1000.0,-186.56263776122043,-196.20083323856994,9.638195477349512,2133.7972725462996,842650.0,True,True,0.0002600158543247799,0.8993354298937875,0,,,61409.28238509424,96497.97596562385,True,True,post_v195_one_drop_one_add_whole_loan_swap,post-v195 one-swap pricing only; not multi-swap or global proof,D,C,2,1,0,0,0,2,2019,2018,IL,other
v63_source_repair_return_guarded_repair,incumbent_cvar_relaxed_source_lp,153077076,126820122,1200.0,1000.0,-186.56263776122043,-201.89545162414464,15.332813862924212,2139.491890931874,842650.0,True,True,0.0002600158543247799,0.8993354298937875,0,,,61368.700346132304,96449.60545126512,True,True,post_v195_one_drop_one_add_whole_loan_swap,post-v195 one-swap pricing only; not multi-swap or global proof,D,C,2,1,0,0,0,1,2019,2018,IL,other
v63_source_repair_return_guarded_repair,incumbent_cvar_relaxed_source_lp,153077076,126733849,1200.0,1000.0,-186.56263776122043,-186.9469746106631,0.38433684944266133,2124.5434139183926,842650.0,True,True,0.0002600158543247799,0.898148697561265,0,,,61440.38980011892,96542.34628450911,True,True,post_v195_one_drop_one_add_whole_loan_swap,post-v195 one-swap pricing only; not multi-swap or global proof,D,B,2,0,0,4,0,3,2019,2018,IL,NJ
v63_source_repair_return_guarded_repair,incumbent_cvar_relaxed_source_lp,153077076,126483031,1200.0,1200.0,-186.56263776122043,-200.480236756332,13.917598995111575,2138.0766760640618,842450.0,True,True,5.754096345278459e-05,0.8981245177755356,0,,,61419.40537577939,96511.9273339074,True,True,post_v195_one_drop_one_add_whole_loan_swap,post-v195 one-swap pricing only; not multi-swap or global proof,D,B,2,0,0,2,0,0,2019,2018,IL,FL
v63_source_repair_return_guarded_repair,incumbent_cvar_relaxed_source_lp,153077076,126419064,1200.0,1000.0,-186.56263776122043,-198.85427993768698,12.291642176466553,2136.4507192454166,842650.0,True,True,0.0002600158543247799,0.8993354298937875,0,,,61342.09382270195,96406.93704520448,True,True,post_v195_one_drop_one_add_whole_loan_swap,post-v195 one-swap pricing only; not multi-swap or global proof,D,D,2,2,0,4,0,1,2019,2018,IL,other
v63_source_repair_return_guarded_repair,incumbent_cvar_relaxed_source_lp,153077076,165985906,1200.0,1200.0,-186.56263776122043,-203.72482836822385,17.162190607003424,2141.3212676759535,842450.0,True,True,5.754096345278459e-05,0.8995489346548756,0,,,61325.07757266815,96341.56742890732,True,True,post_v195_one_drop_one_add_whole_loan_swap,post-v195 one-swap pricing only; not multi-swap or global proof,D,C,2,1,0,3,0,4,2019,2020,IL,VA
v63_source_repair_return_guarded_repair,incumbent_cvar_relaxed_source_lp,153077076,160806330,1200.0,1200.0,-186.56263776122043,-210.10403328668124,23.541395525460814,2147.7004725944107,842450.0,True,True,5.754096345278459e-05,0.8995489346548756,0,,,61275.64028372097,96212.9437182018,True,True,post_v195_one_drop_one_add_whole_loan_swap,post-v195 one-swap pricing only; not multi-swap or global proof,D,D,2,2,0,2,0,2,2019,2019,IL,FL
v63_source_repair_return_guarded_repair,incumbent_cvar_relaxed_source_lp,152767295,126760355,1500.0,1500.0,-247.11732418395934,-250.40002765814089,3.2827034741815453,2127.4417805431317,842450.0,True,True,5.754096345278459e-05,0.8995489346548756,0,,,61265.85660548617,96316.12426905896,True,True,post_v195_one_drop_one_add_whole_loan_swap,post-v195 one-swap pricing only; not multi-swap or global proof,B,B,0,0,2,1,1,0,2019,2018,OH,IL
v63_source_repair_return_guarded_repair,incumbent_cvar_relaxed_source_lp,152762134,168841753,1000.0,1000.0,-13.515403175880348,-15.58411172619063,2.068708550310282,2126.2277856192604,842450.0,True,True,5.754096345278459e-05,0.8995489346548756,0,,,61222.53204798198,96175.98063880166,True,True,post_v195_one_drop_one_add_whole_loan_swap,post-v195 one-swap pricing only; not multi-swap or global proof,A,A,1,1,0,1,1,0,2019,2020,OH,NY
v63_source_repair_return_guarded_repair,incumbent_cvar_relaxed_source_lp,152762134,168678809,1000.0,1000.0,-13.515403175880348,-25.935876492202276,12.420473316321928,2136.579550385272,842450.0,True,True,5.754096345278459e-05,0.8995489346548756,0,,,61236.04590488016,96196.95699819473,True,True,post_v195_one_drop_one_add_whole_loan_swap,post-v195 one-swap pricing only; not multi-swap or global proof,A,A,1,1,0,1,1,0,2019,2020,OH,IN
v63_source_repair_return_guarded_repair,incumbent_cvar_relaxed_source_lp,152762134,170390171,1000.0,1000.0,-13.515403175880348,-23.632377345499286,10.116974169618938,2134.276051238569,842450.0,True,True,5.754096345278459e-05,0.8995489346548756,0,,,61232.6404153386,96190.02419800962,True,True,post_v195_one_drop_one_add_whole_loan_swap,post-v195 one-swap pricing only; not multi-swap or global proof,A,A,1,1,0,0,1,0,2019,2020,OH,other
v63_source_repair_return_guarded_repair,incumbent_cvar_relaxed_source_lp,152762134,169450190,1000.0,1000.0,-13.515403175880348,-22.58050328415853,9.065100108278184,2133.2241771772283,842450.0,True,True,5.754096345278459e-05,0.8995489346548756,0,,,61215.32569085006,96155.01616468382,True,True,post_v195_one_drop_one_add_whole_loan_swap,post-v195 one-swap pricing only; not multi-swap or global proof,A,A,1,1,0,0,1,0,2019,2020,OH,AZ
v63_source_repair_return_guarded_repair,incumbent_cvar_relaxed_source_lp,152690996,168803640,1800.0,1500.0,-29.880289184450632,-30.498264963412808,0.617975778962176,2124.7770528479123,842750.0,True,True,5.23980675137814e-06,0.8992287155146841,0,,,61247.200208721224,96219.52399548618,True,True,post_v195_one_drop_one_add_whole_loan_swap,post-v195 one-swap pricing only; not multi-swap or global proof,A,A,1,1,1,3,1,3,2019,2020,other,IL
v63_source_repair_return_guarded_repair,incumbent_cvar_relaxed_source_lp,151946957,127695160,1500.0,1500.0,-229.6106251322233,-235.90029594541494,6.289670813191634,2130.4487478821416,842450.0,True,True,5.754096345278459e-05,0.8995489346548756,0,,,61279.34399119271,96336.1635028629,True,True,post_v195_one_drop_one_add_whole_loan_swap,post-v195 one-swap pricing only; not multi-swap or global proof,B,B,0,0,2,2,1,1,2019,2018,other,TX
v63_source_repair_return_guarded_repair,incumbent_cvar_relaxed_source_lp,151946957,126760355,1500.0,1500.0,-229.6106251322233,-250.40002765814089,20.78940252591758,2144.9484795948674,842450.0,True,True,5.754096345278459e-05,0.8995489346548756,0,,,61279.54929971631,96336.45190896286,True,True,post_v195_one_drop_one_add_whole_loan_swap,post-v195 one-swap pricing only; not multi-swap or global proof,B,B,0,0,2,1,1,0,2019,2018,other,IL
v63_source_repair_return_guarded_repair,incumbent_cvar_relaxed_source_lp,151946957,126430923,1500.0,1500.0,-229.6106251322233,-243.25029594541493,13.639670813191628,2137.7987478821415,842450.0,True,True,5.754096345278459e-05,0.8995489346548756,0,,,61279.34399119271,96336.1635028629,True,True,post_v195_one_drop_one_add_whole_loan_swap,post-v195 one-swap pricing only; not multi-swap or global proof,B,B,0,0,2,3,1,0,2019,2018,other,other
v63_source_repair_return_guarded_repair,incumbent_cvar_relaxed_source_lp,151372310,126733849,1100.0,1000.0,-165.41575767263927,-186.9469746106631,21.531216938023817,2145.690294006974,842550.0,True,True,0.0001587904244897409,0.8995608569224378,0,,,61239.261837751474,96256.72078250843,True,True,post_v195_one_drop_one_add_whole_loan_swap,post-v195 one-swap pricing only; not multi-swap or global proof,B,B,0,0,4,4,0,3,2019,2018,NY,NJ
v63_source_repair_return_guarded_repair,incumbent_cvar_relaxed_source_lp,151372310,126468092,1100.0,1000.0,-165.41575767263927,-169.50590883596908,4.090151163329807,2128.2492282322796,842550.0,True,True,0.0001587904244897409,0.8995608569224378,0,,,61262.16606030885,96287.95418448115,True,True,post_v195_one_drop_one_add_whole_loan_swap,post-v195 one-swap pricing only; not multi-swap or global proof,B,B,0,0,4,1,0,2,2019,2018,NY,other
v63_source_repair_return_guarded_repair,incumbent_cvar_relaxed_source_lp,151196496,168803640,1750.0,1500.0,-29.05028115154924,-30.498264963412808,1.447983811863569,2125.6070608808136,842700.0,True,True,1.3954080210321074e-05,0.8992820695383885,0,,,61242.371392929184,96211.71058077185,True,True,post_v195_one_drop_one_add_whole_loan_swap,post-v195 one-swap pricing only; not multi-swap or global proof,A,A,1,1,0,3,2,3,2019,2020,NY,IL
v63_source_repair_return_guarded_repair,incumbent_cvar_relaxed_source_lp,150773698,126820122,1000.0,1000.0,-198.98394577538747,-201.89545162414464,2.911505848757173,2127.0705829177073,842450.0,True,True,5.754096345278459e-05,0.8995489346548756,0,,,61253.98206158205,96262.73840746477,True,True,post_v195_one_drop_one_add_whole_loan_swap,post-v195 one-swap pricing only; not multi-swap or global proof,C,C,1,1,4,0,4,1,2019,2018,VA,other
v63_source_repair_return_guarded_repair,incumbent_cvar_relaxed_source_lp,150701330,127672145,1000.0,1000.0,-194.73729436734638,-196.20083323856994,1.4635388712235624,2125.6226159401735,842450.0,True,True,5.754096345278459e-05,0.8995489346548756,0,,,61407.72906098353,96390.0579856479,True,True,post_v195_one_drop_one_add_whole_loan_swap,post-v195 one-swap pricing only; not multi-swap or global proof,D,C,4,1,1,0,4,2,2019,2018,WA,other
v63_source_repair_return_guarded_repair,incumbent_cvar_relaxed_source_lp,150701330,126820122,1000.0,1000.0,-194.73729436734638,-201.89545162414464,7.158157256798262,2131.3172343257484,842450.0,True,True,5.754096345278459e-05,0.8995489346548756,0,,,61367.14702202163,96341.68747128917,True,True,post_v195_one_drop_one_add_whole_loan_swap,post-v195 one-swap pricing only; not multi-swap or global proof,D,C,4,1,1,0,4,1,2019,2018,WA,other
v63_source_repair_return_guarded_repair,incumbent_cvar_relaxed_source_lp,150701330,126419064,1000.0,1000.0,-194.73729436734638,-198.85427993768698,4.116985570340603,2128.2760626392906,842450.0,True,True,5.754096345278459e-05,0.8995489346548756,0,,,61340.54049859126,96299.01906522854,True,True,post_v195_one_drop_one_add_whole_loan_swap,post-v195 one-swap pricing only; not multi-swap or global proof,D,D,4,2,1,4,4,1,2019,2018,WA,other
v63_source_repair_return_guarded_repair,incumbent_cvar_relaxed_source_lp,150078681,127640797,3000.0,3025.0,-415.83711947859643,-428.2397634899199,12.402644011323446,2136.5617210802734,842425.0,True,True,3.222484231535372e-05,0.8995459536457251,0,,,61336.67194381461,96548.95105375985,True,True,post_v195_one_drop_one_add_whole_loan_swap,post-v195 one-swap pricing only; not multi-swap or global proof,C,B,0,0,4,4,0,1,2019,2018,CO,GA
v63_source_repair_return_guarded_repair,incumbent_cvar_relaxed_source_lp,150205172,126733849,1000.0,1000.0,-173.60780374449374,-186.9469746106631,13.339170866169354,2137.4982479351193,842450.0,True,True,5.754096345278459e-05,0.8995489346548756,0,,,61237.46511221057,96258.05065908415,True,True,post_v195_one_drop_one_add_whole_loan_swap,post-v195 one-swap pricing only; not multi-swap or global proof,B,B,0,0,1,4,0,3,2019,2018,CA,NJ
v63_source_repair_return_guarded_repair,incumbent_cvar_relaxed_source_lp,150003863,127672145,1000.0,1000.0,-181.82074383711605,-196.20083323856994,14.380089401453887,2138.539166470404,842450.0,True,True,5.754096345278459e-05,0.8995489346548756,0,,,61394.515846232905,96390.0579856479,True,True,post_v195_one_drop_one_add_whole_loan_swap,post-v195 one-swap pricing only; not multi-swap or global proof,D,C,3,1,3,0,2,2,2019,2018,WA,other
v63_source_repair_return_guarded_repair,incumbent_cvar_relaxed_source_lp,150003863,126820122,1000.0,1000.0,-181.82074383711605,-201.89545162414464,20.074707787028586,2144.2337848559787,842450.0,True,True,5.754096345278459e-05,0.8995489346548756,0,,,61353.933807270994,96341.68747128917,True,True,post_v195_one_drop_one_add_whole_loan_swap,post-v195 one-swap pricing only; not multi-swap or global proof,D,C,3,1,3,0,2,1,2019,2018,WA,other
v63_source_repair_return_guarded_repair,incumbent_cvar_relaxed_source_lp,150003863,126733849,1000.0,1000.0,-181.82074383711605,-186.9469746106631,5.126230773547036,2129.285307842497,842450.0,True,True,5.754096345278459e-05,0.898361920588759,0,,,61425.62326125759,96434.42830453315,True,True,post_v195_one_drop_one_add_whole_loan_swap,post-v195 one-swap pricing only; not multi-swap or global proof,D,B,3,0,3,4,2,3,2019,2018,WA,NJ
v63_source_repair_return_guarded_repair,incumbent_cvar_relaxed_source_lp,150003863,126419064,1000.0,1000.0,-181.82074383711605,-198.85427993768698,17.033536100570927,2141.192613169521,842450.0,True,True,5.754096345278459e-05,0.8995489346548756,0,,,61327.327283840634,96299.01906522854,True,True,post_v195_one_drop_one_add_whole_loan_swap,post-v195 one-swap pricing only; not multi-swap or global proof,D,D,3,2,3,4,2,1,2019,2018,WA,other
v63_source_repair_return_guarded_repair,incumbent_cvar_relaxed_source_lp,150003863,156823754,1000.0,1000.0,-181.82074383711605,-183.46022770133698,1.6394838642209209,2125.798560933171,842450.0,True,True,5.754096345278459e-05,0.8995489346548756,0,,,61327.74056370674,96221.60536770466,True,True,post_v195_one_drop_one_add_whole_loan_swap,post-v195 one-swap pricing only; not multi-swap or global proof,D,D,3,2,3,3,2,1,2019,2019,WA,CA
v63_source_repair_return_guarded_repair,incumbent_cvar_relaxed_source_lp,159223884,127672145,1000.0,1000.0,-195.66693007698728,-196.20083323856994,0.533903161582657,2124.6929802305326,842450.0,True,True,5.754096345278459e-05,0.8995489346548756,0,,,61228.981402297206,96238.9243611705,True,True,post_v195_one_drop_one_add_whole_loan_swap,post-v195 one-swap pricing only; not multi-swap or global proof,B,C,1,1,1,0,1,2,2019,2018,other,other
v63_source_repair_return_guarded_repair,incumbent_cvar_relaxed_source_lp,159223884,126820122,1000.0,1000.0,-195.66693007698728,-201.89545162414464,6.2285215471573565,2130.3875986161074,842450.0,True,True,5.754096345278459e-05,0.8995489346548756,0,,,61188.399363335295,96190.55384681179,True,True,post_v195_one_drop_one_add_whole_loan_swap,post-v195 one-swap pricing only; not multi-swap or global proof,B,C,1,1,1,0,1,1,2019,2018,other,other
v63_source_repair_return_guarded_repair,incumbent_cvar_relaxed_source_lp,159223884,126419064,1000.0,1000.0,-195.66693007698728,-198.85427993768698,3.1873498606996975,2127.3464269296496,842450.0,True,True,5.754096345278459e-05,0.8995489346548756,0,,,61161.792839904934,96147.88544075114,True,True,post_v195_one_drop_one_add_whole_loan_swap,post-v195 one-swap pricing only; not multi-swap or global proof,B,D,1,2,1,4,1,1,2019,2018,other,other
v63_source_repair_return_guarded_repair,incumbent_cvar_relaxed_source_lp,157596187,168841753,1000.0,1000.0,-13.892977484146389,-15.58411172619063,1.6911342420442406,2125.8502113109944,842450.0,True,True,5.754096345278459e-05,0.8995489346548756,0,,,61216.533469546106,96171.84555224086,True,True,post_v195_one_drop_one_add_whole_loan_swap,post-v195 one-swap pricing only; not multi-swap or global proof,A,A,1,1,0,1,4,0,2019,2020,other,NY
v63_source_repair_return_guarded_repair,incumbent_cvar_relaxed_source_lp,157596187,168678809,1000.0,1000.0,-13.892977484146389,-25.935876492202276,12.042899008055887,2136.201976077006,842450.0,True,True,5.754096345278459e-05,0.8995489346548756,0,,,61230.04732644429,96192.82191163392,True,True,post_v195_one_drop_one_add_whole_loan_swap,post-v195 one-swap pricing only; not multi-swap or global proof,A,A,1,1,0,1,4,0,2019,2020,other,IN
v63_source_repair_return_guarded_repair,incumbent_cvar_relaxed_source_lp,157596187,170390171,1000.0,1000.0,-13.892977484146389,-23.632377345499286,9.739399861352897,2133.898476930303,842450.0,True,True,5.754096345278459e-05,0.8995489346548756,0,,,61226.64183690273,96185.88911144885,True,True,post_v195_one_drop_one_add_whole_loan_swap,post-v195 one-swap pricing only; not multi-swap or global proof,A,A,1,1,0,0,4,0,2019,2020,other,other
v63_source_repair_return_guarded_repair,incumbent_cvar_relaxed_source_lp,157596187,169450190,1000.0,1000.0,-13.892977484146389,-22.58050328415853,8.687525800012143,2132.8466028689622,842450.0,True,True,5.754096345278459e-05,0.8995489346548756,0,,,61209.327112414176,96150.88107812304,True,True,post_v195_one_drop_one_add_whole_loan_swap,post-v195 one-swap pricing only; not multi-swap or global proof,A,A,1,1,0,0,4,0,2019,2020,other,AZ
v63_source_repair_return_guarded_repair,incumbent_cvar_relaxed_source_lp,158847648,126733849,1000.0,1000.0,-168.65177128913533,-186.9469746106631,18.295203321527765,2142.454280390478,842450.0,True,True,5.754096345278459e-05,0.8995489346548756,0,,,61239.467668203404,96259.43841587959,True,True,post_v195_one_drop_one_add_whole_loan_swap,post-v195 one-swap pricing only; not multi-swap or global proof,B,B,0,0,4,4,0,3,2019,2018,NJ,NJ
v63_source_repair_return_guarded_repair,incumbent_cvar_relaxed_source_lp,158847648,126468092,1000.0,1000.0,-168.65177128913533,-169.50590883596908,0.8541375468337549,2125.013214615784,842450.0,True,True,5.754096345278459e-05,0.8995489346548756,0,,,61262.37189076079,96290.67181785229,True,True,post_v195_one_drop_one_add_whole_loan_swap,post-v195 one-swap pricing only; not multi-swap or global proof,B,B,0,0,4,1,0,2,2019,2018,NJ,other
v63_source_repair_return_guarded_repair,incumbent_cvar_relaxed_source_lp,158776308,127672145,1200.0,1000.0,-182.70950551320306,-196.20083323856994,13.491327725366887,2137.6504047943167,842650.0,True,True,0.0002600158543247799,0.8993354298937875,0,,,61451.881898386986,96515.9411995597,True,True,post_v195_one_drop_one_add_whole_loan_swap,post-v195 one-swap pricing only; not multi-swap or global proof,D,C,3,1,4,0,4,2,2019,2018,CA,other
v63_source_repair_return_guarded_repair,incumbent_cvar_relaxed_source_lp,158776308,126820122,1200.0,1000.0,-182.70950551320306,-201.89545162414464,19.185946110941586,2143.3450231798915,842650.0,True,True,0.0002600158543247799,0.8993354298937875,0,,,61411.29985942507,96467.57068520099,True,True,post_v195_one_drop_one_add_whole_loan_swap,post-v195 one-swap pricing only; not multi-swap or global proof,D,C,3,1,4,0,4,1,2019,2018,CA,other
v63_source_repair_return_guarded_repair,incumbent_cvar_relaxed_source_lp,158776308,126733849,1200.0,1000.0,-182.70950551320306,-186.9469746106631,4.2374690974600355,2128.39654616641,842650.0,True,True,0.0002600158543247799,0.898148697561265,0,,,61482.98931341167,96560.31151844494,True,True,post_v195_one_drop_one_add_whole_loan_swap,post-v195 one-swap pricing only; not multi-swap or global proof,D,B,3,0,4,4,4,3,2019,2018,CA,NJ
v63_source_repair_return_guarded_repair,incumbent_cvar_relaxed_source_lp,158776308,126483031,1200.0,1200.0,-182.70950551320306,-200.480236756332,17.77073124312895,2141.929808312079,842450.0,True,True,5.754096345278459e-05,0.8981245177755356,0,,,61462.00488907215,96529.89256784327,True,True,post_v195_one_drop_one_add_whole_loan_swap,post-v195 one-swap pricing only; not multi-swap or global proof,D,B,3,0,4,2,4,0,2019,2018,CA,FL
v63_source_repair_return_guarded_repair,incumbent_cvar_relaxed_source_lp,158776308,126419064,1200.0,1000.0,-182.70950551320306,-198.85427993768698,16.144774424483927,2140.3038514934337,842650.0,True,True,0.0002600158543247799,0.8993354298937875,0,,,61384.6933359947,96424.90227914033,True,True,post_v195_one_drop_one_add_whole_loan_swap,post-v195 one-swap pricing only; not multi-swap or global proof,D,D,3,2,4,4,4,1,2019,2018,CA,other
v63_source_repair_return_guarded_repair,incumbent_cvar_relaxed_source_lp,158776308,165985906,1200.0,1200.0,-182.70950551320306,-203.72482836822385,21.0153228550208,2145.1743999239707,842450.0,True,True,5.754096345278459e-05,0.8995489346548756,0,,,61367.67708596091,96359.53266284318,True,True,post_v195_one_drop_one_add_whole_loan_swap,post-v195 one-swap pricing only; not multi-swap or global proof,D,C,3,1,4,3,4,4,2019,2020,CA,VA
v63_source_repair_return_guarded_repair,incumbent_cvar_relaxed_source_lp,158776308,156823754,1200.0,1000.0,-182.70950551320306,-183.46022770133698,0.7507221881339206,2124.9097992570837,842650.0,True,True,0.0002600158543247799,0.8993354298937875,0,,,61385.106615860816,96347.48858161643,True,True,post_v195_one_drop_one_add_whole_loan_swap,post-v195 one-swap pricing only; not multi-swap or global proof,D,D,3,2,4,3,4,1,2019,2019,CA,CA
v63_source_repair_return_guarded_repair,incumbent_cvar_relaxed_source_lp,158776308,160806330,1200.0,1200.0,-182.70950551320306,-210.10403328668124,27.39452777347819,2151.5536048424283,842450.0,True,True,5.754096345278459e-05,0.8995489346548756,0,,,61318.239797013724,96230.90895213766,True,True,post_v195_one_drop_one_add_whole_loan_swap,post-v195 one-swap pricing only; not multi-swap or global proof,D,D,3,2,4,2,4,2,2019,2019,CA,FL
v63_source_repair_return_guarded_repair,incumbent_cvar_relaxed_source_lp,158739818,127640797,3000.0,3025.0,-415.42173591874825,-428.2397634899199,12.818027571171626,2136.9771046401215,842425.0,True,True,3.222484231535372e-05,0.8959848057690596,0,,,61486.20231707876,96786.64272645902,True,True,post_v195_one_drop_one_add_whole_loan_swap,post-v195 one-swap pricing only; not multi-swap or global proof,D,B,1,0,4,4,2,1,2019,2018,CA,GA
v63_source_repair_return_guarded_repair,incumbent_cvar_relaxed_source_lp,158701181,126523487,2400.0,2000.0,-349.8253300497582,-350.42656531605377,0.6012352662955891,2124.7603123352455,842850.0,True,True,0.0004623946546037372,0.8991220264578513,0,,,61433.946320089235,96665.20867792414,True,True,post_v195_one_drop_one_add_whole_loan_swap,post-v195 one-swap pricing only; not multi-swap or global proof,D,C,2,1,4,4,2,1,2019,2018,NJ,CA
v63_source_repair_return_guarded_repair,incumbent_cvar_relaxed_source_lp,158549707,127672145,1000.0,1000.0,-190.92185028549454,-196.20083323856994,5.278982953075399,2129.438060022025,842450.0,True,True,5.754096345278459e-05,0.8995489346548756,0,,,61319.59660490238,96380.2581831854,True,True,post_v195_one_drop_one_add_whole_loan_swap,post-v195 one-swap pricing only; not multi-swap or global proof,D,C,2,1,2,0,3,2,2019,2018,NC,other
v63_source_repair_return_guarded_repair,incumbent_cvar_relaxed_source_lp,158549707,126820122,1000.0,1000.0,-190.92185028549454,-201.89545162414464,10.973601338650099,2135.1326784076,842450.0,True,True,5.754096345278459e-05,0.8995489346548756,0,,,61279.01456594046,96331.88766882669,True,True,post_v195_one_drop_one_add_whole_loan_swap,post-v195 one-swap pricing only; not multi-swap or global proof,D,C,2,1,2,0,3,1,2019,2018,NC,other
v63_source_repair_return_guarded_repair,incumbent_cvar_relaxed_source_lp,158549707,126419064,1000.0,1000.0,-190.92185028549454,-198.85427993768698,7.93242965219244,2132.091506721142,842450.0,True,True,5.754096345278459e-05,0.8995489346548756,0,,,61252.4080425101,96289.21926276604,True,True,post_v195_one_drop_one_add_whole_loan_swap,post-v195 one-swap pricing only; not multi-swap or global proof,D,D,2,2,2,4,3,1,2019,2018,NC,other
v63_source_repair_return_guarded_repair,incumbent_cvar_relaxed_source_lp,158316010,127695160,1500.0,1500.0,-220.5649967146192,-235.90029594541494,15.335299230795727,2139.4943762997455,842450.0,True,True,5.754096345278459e-05,0.8995489346548756,0,,,61238.42231432513,96288.55761556613,True,True,post_v195_one_drop_one_add_whole_loan_swap,post-v195 one-swap pricing only; not multi-swap or global proof,B,B,0,0,3,2,1,1,2019,2018,MD,TX
v63_source_repair_return_guarded_repair,incumbent_cvar_relaxed_source_lp,158316010,126760355,1500.0,1500.0,-220.5649967146192,-250.40002765814089,29.835030943521673,2153.9941080124718,842450.0,True,True,5.754096345278459e-05,0.8995489346548756,0,,,61238.62762284874,96288.84602166609,True,True,post_v195_one_drop_one_add_whole_loan_swap,post-v195 one-swap pricing only; not multi-swap or global proof,B,B,0,0,3,1,1,0,2019,2018,MD,IL
v63_source_repair_return_guarded_repair,incumbent_cvar_relaxed_source_lp,158316010,126430923,1500.0,1500.0,-220.5649967146192,-243.25029594541493,22.68529923079572,2146.844376299746,842450.0,True,True,5.754096345278459e-05,0.8995489346548756,0,,,61238.42231432513,96288.55761556613,True,True,post_v195_one_drop_one_add_whole_loan_swap,post-v195 one-swap pricing only; not multi-swap or global proof,B,B,0,0,3,3,1,0,2019,2018,MD,other
v63_source_repair_return_guarded_repair,incumbent_cvar_relaxed_source_lp,158315350,127695160,1500.0,1500.0,-231.1083252494193,-235.90029594541494,4.791970695995644,2128.9510477649455,842450.0,True,True,5.754096345278459e-05,0.8995489346548756,0,,,61238.62043020514,96288.85431092988,True,True,post_v195_one_drop_one_add_whole_loan_swap,post-v195 one-swap pricing only; not multi-swap or global proof,B,B,0,0,2,2,4,1,2019,2018,TX,TX
v63_source_repair_return_guarded_repair,incumbent_cvar_relaxed_source_lp,158315350,126760355,1500.0,1500.0,-231.1083252494193,-250.40002765814089,19.29170240872159,2143.4507794776714,842450.0,True,True,5.754096345278459e-05,0.8995489346548756,0,,,61238.825738728745,96289.14271702983,True,True,post_v195_one_drop_one_add_whole_loan_swap,post-v195 one-swap pricing only; not multi-swap or global proof,B,B,0,0,2,1,4,0,2019,2018,TX,IL
v63_source_repair_return_guarded_repair,incumbent_cvar_relaxed_source_lp,158315350,126430923,1500.0,1500.0,-231.1083252494193,-243.25029594541493,12.141970695995639,2136.3010477649455,842450.0,True,True,5.754096345278459e-05,0.8995489346548756,0,,,61238.62043020514,96288.85431092988,True,True,post_v195_one_drop_one_add_whole_loan_swap,post-v195 one-swap pricing only; not multi-swap or global proof,B,B,0,0,2,3,4,0,2019,2018,TX,other
v63_source_repair_return_guarded_repair,incumbent_cvar_relaxed_source_lp,157560196,126733849,1300.0,1000.0,-181.11178871668363,-186.9469746106631,5.835185893979457,2129.9942629629295,842750.0,True,True,0.00036121726151261413,0.8995846929694453,0,,,61294.07394588583,96360.85117063472,True,True,post_v195_one_drop_one_add_whole_loan_swap,post-v195 one-swap pricing only; not multi-swap or global proof,B,B,0,0,3,4,1,3,2019,2018,NY,NJ
v63_source_repair_return_guarded_repair,incumbent_cvar_relaxed_source_lp,157560196,126483031,1300.0,1200.0,-181.11178871668363,-200.480236756332,19.36844803964837,2143.527525108598,842550.0,True,True,0.0001587904244897409,0.8995608569224378,0,,,61273.089521546295,96330.432220033,True,True,post_v195_one_drop_one_add_whole_loan_swap,post-v195 one-swap pricing only; not multi-swap or global proof,B,B,0,0,3,2,1,0,2019,2018,NY,FL
v63_source_repair_return_guarded_repair,incumbent_cvar_relaxed_source_lp,157058382,127672145,1000.0,1000.0,-185.23911665390278,-196.20083323856994,10.961716584667158,2135.120793653617,842450.0,True,True,5.754096345278459e-05,0.8995489346548756,0,,,61398.032221115216,96390.34535236322,True,True,post_v195_one_drop_one_add_whole_loan_swap,post-v195 one-swap pricing only; not multi-swap or global proof,D,C,4,1,1,0,4,2,2019,2018,NC,other
v63_source_repair_return_guarded_repair,incumbent_cvar_relaxed_source_lp,157058382,126820122,1000.0,1000.0,-185.23911665390278,-201.89545162414464,16.656334970241858,2140.815412039192,842450.0,True,True,5.754096345278459e-05,0.8995489346548756,0,,,61357.450182153305,96341.9748380045,True,True,post_v195_one_drop_one_add_whole_loan_swap,post-v195 one-swap pricing only; not multi-swap or global proof,D,C,4,1,1,0,4,1,2019,2018,NC,other
v63_source_repair_return_guarded_repair,incumbent_cvar_relaxed_source_lp,157058382,126733849,1000.0,1000.0,-185.23911665390278,-186.9469746106631,1.7078579567603072,2125.86693502571,842450.0,True,True,5.754096345278459e-05,0.898361920588759,0,,,61429.1396361399,96434.71567124849,True,True,post_v195_one_drop_one_add_whole_loan_swap,post-v195 one-swap pricing only; not multi-swap or global proof,D,B,4,0,1,4,4,3,2019,2018,NC,NJ
v63_source_repair_return_guarded_repair,incumbent_cvar_relaxed_source_lp,157058382,126419064,1000.0,1000.0,-185.23911665390278,-198.85427993768698,13.615163283784199,2137.774240352734,842450.0,True,True,5.754096345278459e-05,0.8995489346548756,0,,,61330.84365872294,96299.30643194386,True,True,post_v195_one_drop_one_add_whole_loan_swap,post-v195 one-swap pricing only; not multi-swap or global proof,D,D,4,2,1,4,4,1,2019,2018,NC,other
v63_source_repair_return_guarded_repair,incumbent_cvar_relaxed_source_lp,157051049,126760355,1500.0,1500.0,-239.82682840151188,-250.40002765814089,10.57319925662901,2134.732276325579,842450.0,True,True,5.754096345278459e-05,0.8995489346548756,0,,,61247.72305955367,96308.0500358507,True,True,post_v195_one_drop_one_add_whole_loan_swap,post-v195 one-swap pricing only; not multi-swap or global proof,B,B,0,0,0,1,4,0,2019,2018,IL,IL
v63_source_repair_return_guarded_repair,incumbent_cvar_relaxed_source_lp,157051049,126430923,1500.0,1500.0,-239.82682840151188,-243.25029594541493,3.423467543903058,2127.582544612853,842450.0,True,True,5.754096345278459e-05,0.8995489346548756,0,,,61247.51775103007,96307.76162975073,True,True,post_v195_one_drop_one_add_whole_loan_swap,post-v195 one-swap pricing only; not multi-swap or global proof,B,B,0,0,0,3,4,0,2019,2018,IL,other
v63_source_repair_return_guarded_repair,incumbent_cvar_relaxed_source_lp,156899870,126658319,2750.0,2500.0,65.74189635588623,65.23175886099214,0.5101374948940816,2124.669214563844,842700.0,True,True,1.3954080210321074e-05,0.8995787350183932,0,,,61282.77390815326,96288.99488844357,True,True,post_v195_one_drop_one_add_whole_loan_swap,post-v195 one-swap pricing only; not multi-swap or global proof,A,A,0,0,3,2,2,0,2019,2018,NC,PA
v63_source_repair_return_guarded_repair,incumbent_cvar_relaxed_source_lp,156012439,126733849,1200.0,1000.0,-183.74011266155404,-186.9469746106631,3.2068619491090544,2127.365939018059,842650.0,True,True,0.0002600158543247799,0.899572776360292,0,,,61268.19893616317,96317.86587589601,True,True,post_v195_one_drop_one_add_whole_loan_swap,post-v195 one-swap pricing only; not multi-swap or global proof,B,B,0,0,3,4,2,3,2019,2018,CA,NJ
v63_source_repair_return_guarded_repair,incumbent_cvar_relaxed_source_lp,156012439,126483031,1200.0,1200.0,-183.74011266155404,-200.480236756332,16.74012409477797,2140.899201163728,842450.0,True,True,5.754096345278459e-05,0.8995489346548756,0,,,61247.21451182364,96287.4469252943,True,True,post_v195_one_drop_one_add_whole_loan_swap,post-v195 one-swap pricing only; not multi-swap or global proof,B,B,0,0,3,2,2,0,2019,2018,CA,FL
v63_source_repair_return_guarded_repair,incumbent_cvar_relaxed_source_lp,156192909,165985906,1200.0,1200.0,-202.72802520962668,-203.72482836822385,0.9968031585971744,2125.155880227547,842450.0,True,True,5.754096345278459e-05,0.8995489346548756,0,,,61388.076325532114,96358.5715130789,True,True,post_v195_one_drop_one_add_whole_loan_swap,post-v195 one-swap pricing only; not multi-swap or global proof,D,C,3,1,4,3,2,4,2019,2020,other,VA
v63_source_repair_return_guarded_repair,incumbent_cvar_relaxed_source_lp,156192909,160806330,1200.0,1200.0,-202.72802520962668,-210.10403328668124,7.376008077054564,2131.5350851460043,842450.0,True,True,5.754096345278459e-05,0.8995489346548756,0,,,61338.63903658493,96229.94780237343,True,True,post_v195_one_drop_one_add_whole_loan_swap,post-v195 one-swap pricing only; not multi-swap or global proof,D,D,3,2,4,2,2,2,2019,2019,other,FL
v63_source_repair_return_guarded_repair,incumbent_cvar_relaxed_source_lp,156106401,126733849,1100.0,1000.0,-185.36313076505434,-186.9469746106631,1.5838438456087545,2125.742920914559,842550.0,True,True,0.0001587904244897409,0.8995608569224378,0,,,61251.90365724631,96282.03313006953,True,True,post_v195_one_drop_one_add_whole_loan_swap,post-v195 one-swap pricing only; not multi-swap or global proof,B,B,0,0,1,4,0,3,2019,2018,TX,NJ
v63_source_repair_return_guarded_repair,incumbent_cvar_relaxed_source_lp,155777609,126733849,1000.0,1000.0,-183.99229773466166,-186.9469746106631,2.954676876001429,2127.1137539449514,842450.0,True,True,5.754096345278459e-05,0.8995489346548756,0,,,61255.16582434174,96274.60875222381,True,True,post_v195_one_drop_one_add_whole_loan_swap,post-v195 one-swap pricing only; not multi-swap or global proof,B,B,0,0,2,4,0,3,2019,2018,other,NJ
v63_source_repair_return_guarded_repair,incumbent_cvar_relaxed_source_lp,155686800,127672145,1000.0,1000.0,-183.34513347006404,-196.20083323856994,12.8556997685059,2137.014776837456,842450.0,True,True,5.754096345278459e-05,0.8995489346548756,0,,,61396.05850740196,96389.04356777554,True,True,post_v195_one_drop_one_add_whole_loan_swap,post-v195 one-swap pricing only; not multi-swap or global proof,D,C,4,1,2,0,4,2,2019,2018,FL,other
v63_source_repair_return_guarded_repair,incumbent_cvar_relaxed_source_lp,155686800,126820122,1000.0,1000.0,-183.34513347006404,-201.89545162414464,18.5503181540806,2142.7093952230307,842450.0,True,True,5.754096345278459e-05,0.8995489346548756,0,,,61355.47646844004,96340.67305341686,True,True,post_v195_one_drop_one_add_whole_loan_swap,post-v195 one-swap pricing only; not multi-swap or global proof,D,C,4,1,2,0,4,1,2019,2018,FL,other
v63_source_repair_return_guarded_repair,incumbent_cvar_relaxed_source_lp,155686800,126733849,1000.0,1000.0,-183.34513347006404,-186.9469746106631,3.601841140599049,2127.760918209549,842450.0,True,True,5.754096345278459e-05,0.898361920588759,0,,,61427.16592242665,96433.41388666081,True,True,post_v195_one_drop_one_add_whole_loan_swap,post-v195 one-swap pricing only; not multi-swap or global proof,D,B,4,0,2,4,4,3,2019,2018,FL,NJ
v63_source_repair_return_guarded_repair,incumbent_cvar_relaxed_source_lp,155686800,126419064,1000.0,1000.0,-183.34513347006404,-198.85427993768698,15.50914646762294,2139.668223536573,842450.0,True,True,5.754096345278459e-05,0.8995489346548756,0,,,61328.869945009676,96298.00464735621,True,True,post_v195_one_drop_one_add_whole_loan_swap,post-v195 one-swap pricing only; not multi-swap or global proof,D,D,4,2,2,4,4,1,2019,2018,FL,other
v63_source_repair_return_guarded_repair,incumbent_cvar_relaxed_source_lp,155686800,156823754,1000.0,1000.0,-183.34513347006404,-183.46022770133698,0.11509423127293417,2124.274171300223,842450.0,True,True,5.754096345278459e-05,0.8995489346548756,0,,,61329.2832248758,96220.5909498323,True,True,post_v195_one_drop_one_add_whole_loan_swap,post-v195 one-swap pricing only; not multi-swap or global proof,D,D,4,2,2,3,4,1,2019,2019,FL,CA
v63_source_repair_return_guarded_repair,incumbent_cvar_relaxed_source_lp,155606642,126523487,2000.0,2000.0,-341.7434053200198,-350.42656531605377,8.683159996033964,2132.842237064984,842450.0,True,True,5.754096345278459e-05,0.8995489346548756,0,,,61335.0837878047,96484.00735973015,True,True,post_v195_one_drop_one_add_whole_loan_swap,post-v195 one-swap pricing only; not multi-swap or global proof,D,C,2,1,4,4,0,1,2019,2018,other,CA
v63_source_repair_return_guarded_repair,incumbent_cvar_relaxed_source_lp,155539228,127672145,1000.0,1000.0,-194.48426320525675,-196.20083323856994,1.7165700333131895,2125.875647102263,842450.0,True,True,5.754096345278459e-05,0.8995489346548756,0,,,61287.485304870046,96305.90268704371,True,True,post_v195_one_drop_one_add_whole_loan_swap,post-v195 one-swap pricing only; not multi-swap or global proof,C,C,1,1,2,0,0,2,2019,2018,other,other
v63_source_repair_return_guarded_repair,incumbent_cvar_relaxed_source_lp,155539228,126820122,1000.0,1000.0,-194.48426320525675,-201.89545162414464,7.411188418887889,2131.570265487838,842450.0,True,True,5.754096345278459e-05,0.8995489346548756,0,,,61246.903265908135,96257.53217268501,True,True,post_v195_one_drop_one_add_whole_loan_swap,post-v195 one-swap pricing only; not multi-swap or global proof,C,C,1,1,2,0,0,1,2019,2018,other,other
v63_source_repair_return_guarded_repair,incumbent_cvar_relaxed_source_lp,155539228,126419064,1000.0,1000.0,-194.48426320525675,-198.85427993768698,4.37001673243023,2128.52909380138,842450.0,True,True,5.754096345278459e-05,0.8995489346548756,0,,,61220.296742477774,96214.86376662434,True,True,post_v195_one_drop_one_add_whole_loan_swap,post-v195 one-swap pricing only; not multi-swap or global proof,C,D,1,2,2,4,0,1,2019,2018,other,other
v63_source_repair_return_guarded_repair,incumbent_cvar_relaxed_source_lp,155329047,126483031,1200.0,1200.0,-193.93432447096833,-200.480236756332,6.54591228536367,2130.7049893543135,842450.0,True,True,5.754096345278459e-05,0.8995489346548756,0,,,61257.66512724816,96295.24970592585,True,True,post_v195_one_drop_one_add_whole_loan_swap,post-v195 one-swap pricing only; not multi-swap or global proof,B,B,0,0,4,2,2,0,2019,2018,other,FL
v63_source_repair_return_guarded_repair,incumbent_cvar_relaxed_source_lp,155252343,127672145,1000.0,1000.0,-170.8717026600099,-196.20083323856994,25.32913057856004,2149.48820764751,842450.0,True,True,5.754096345278459e-05,0.8995489346548756,0,,,61293.522522037034,96348.83489823298,True,True,post_v195_one_drop_one_add_whole_loan_swap,post-v195 one-swap pricing only; not multi-swap or global proof,D,C,2,1,3,0,3,2,2019,2018,other,other
v63_source_repair_return_guarded_repair,incumbent_cvar_relaxed_source_lp,155252343,126827839,1000.0,1000.0,-170.8717026600099,-175.77898463113021,4.907281971120312,2129.0663590400704,842450.0,True,True,5.754096345278459e-05,0.8995489346548756,0,,,61191.41961829178,96207.04431731823,True,True,post_v195_one_drop_one_add_whole_loan_swap,post-v195 one-swap pricing only; not multi-swap or global proof,D,E,2,2,3,0,3,4,2019,2018,other,other
v63_source_repair_return_guarded_repair,incumbent_cvar_relaxed_source_lp,155252343,126820122,1000.0,1000.0,-170.8717026600099,-201.89545162414464,31.02374896413474,2155.182826033085,842450.0,True,True,5.754096345278459e-05,0.8995489346548756,0,,,61252.940483075115,96300.4643838743,True,True,post_v195_one_drop_one_add_whole_loan_swap,post-v195 one-swap pricing only; not multi-swap or global proof,D,C,2,1,3,0,3,1,2019,2018,other,other
v63_source_repair_return_guarded_repair,incumbent_cvar_relaxed_source_lp,155252343,126733849,1000.0,1000.0,-170.8717026600099,-186.9469746106631,16.07527195065319,2140.234349019603,842450.0,True,True,5.754096345278459e-05,0.898361920588759,0,,,61324.62993706173,96393.20521711829,True,True,post_v195_one_drop_one_add_whole_loan_swap,post-v195 one-swap pricing only; not multi-swap or global proof,D,B,2,0,3,4,3,3,2019,2018,other,NJ
v63_source_repair_return_guarded_repair,incumbent_cvar_relaxed_source_lp,155252343,126419064,1000.0,1000.0,-170.8717026600099,-198.85427993768698,27.98257727767708,2152.141654346627,842450.0,True,True,5.754096345278459e-05,0.8995489346548756,0,,,61226.33395964476,96257.79597781364,True,True,post_v195_one_drop_one_add_whole_loan_swap,post-v195 one-swap pricing only; not multi-swap or global proof,D,D,2,2,3,4,3,1,2019,2018,other,other
v63_source_repair_return_guarded_repair,incumbent_cvar_relaxed_source_lp,155252343,168701788,1000.0,1000.0,-170.8717026600099,-178.5860397151734,7.714337055163497,2131.8734141241134,842450.0,True,True,5.754096345278459e-05,0.8995489346548756,0,,,61245.20912132895,96267.4937038307,True,True,post_v195_one_drop_one_add_whole_loan_swap,post-v195 one-swap pricing only; not multi-swap or global proof,D,C,2,1,3,3,3,1,2019,2020,other,TX
v63_source_repair_return_guarded_repair,incumbent_cvar_relaxed_source_lp,155252343,169358871,1000.0,1000.0,-170.8717026600099,-177.86634212741987,6.994639467409968,2131.1537165363598,842450.0,True,True,5.754096345278459e-05,0.8995489346548756,0,,,61254.98013866169,96255.06866879086,True,True,post_v195_one_drop_one_add_whole_loan_swap,post-v195 one-swap pricing only; not multi-swap or global proof,D,C,2,1,3,3,3,0,2019,2020,other,VA
v63_source_repair_return_guarded_repair,incumbent_cvar_relaxed_source_lp,155252343,139506195,1000.0,1000.0,-170.8717026600099,-177.67809625327766,6.806393593267757,2130.9654706622177,842450.0,True,True,5.754096345278459e-05,0.8995489346548756,0,,,61229.14545861028,96201.28704367041,True,True,post_v195_one_drop_one_add_whole_loan_swap,post-v195 one-swap pricing only; not multi-swap or global proof,D,D,2,2,3,2,3,0,2019,2018,other,CA
v63_source_repair_return_guarded_repair,incumbent_cvar_relaxed_source_lp,155252343,156823754,1000.0,1000.0,-170.8717026600099,-183.46022770133698,12.588525041327074,2136.747602110277,842450.0,True,True,5.754096345278459e-05,0.8995489346548756,0,,,61226.74723951088,96180.38228028975,True,True,post_v195_one_drop_one_add_whole_loan_swap,post-v195 one-swap pricing only; not multi-swap or global proof,D,D,2,2,3,3,3,1,2019,2019,other,CA
v63_source_repair_return_guarded_repair,incumbent_cvar_relaxed_source_lp,155252343,156807668,1000.0,1000.0,-170.8717026600099,-175.85010442413147,4.978401764121571,2129.1374788330713,842450.0,True,True,5.754096345278459e-05,0.8995489346548756,0,,,61254.18073386958,96208.65864066743,True,True,post_v195_one_drop_one_add_whole_loan_swap,post-v195 one-swap pricing only; not multi-swap or global proof,D,D,2,2,3,0,3,0,2019,2019,other,TX
v63_source_repair_return_guarded_repair,incumbent_cvar_relaxed_source_lp,154899738,127672145,1000.0,1000.0,-171.01136866654105,-196.20083323856994,25.189464572028896,2149.348541640979,842450.0,True,True,5.754096345278459e-05,0.8995489346548756,0,,,61224.795551253104,96230.97644283023,True,True,post_v195_one_drop_one_add_whole_loan_swap,post-v195 one-swap pricing only; not multi-swap or global proof,B,C,1,1,0,0,0,2,2019,2018,other,other
v63_source_repair_return_guarded_repair,incumbent_cvar_relaxed_source_lp,154899738,126827839,1000.0,1000.0,-171.01136866654105,-175.77898463113021,4.767615964589169,2128.9266930335393,842450.0,True,True,5.754096345278459e-05,0.8995489346548756,0,,,61122.69264750785,96089.18586191548,True,True,post_v195_one_drop_one_add_whole_loan_swap,post-v195 one-swap pricing only; not multi-swap or global proof,B,E,1,2,0,0,0,4,2019,2018,other,other
v63_source_repair_return_guarded_repair,incumbent_cvar_relaxed_source_lp,154899738,126820122,1000.0,1000.0,-171.01136866654105,-201.89545162414464,30.884082957603596,2155.043160026554,842450.0,True,True,5.754096345278459e-05,0.8995489346548756,0,,,61184.213512291186,96182.60592847153,True,True,post_v195_one_drop_one_add_whole_loan_swap,post-v195 one-swap pricing only; not multi-swap or global proof,B,C,1,1,0,0,0,1,2019,2018,other,other
v63_source_repair_return_guarded_repair,incumbent_cvar_relaxed_source_lp,154899738,126733849,1000.0,1000.0,-171.01136866654105,-186.9469746106631,15.935605944122045,2140.094683013072,842450.0,True,True,5.754096345278459e-05,0.898361920588759,0,,,61255.9029662778,96275.34676171551,True,True,post_v195_one_drop_one_add_whole_loan_swap,post-v195 one-swap pricing only; not multi-swap or global proof,B,B,1,0,0,4,0,3,2019,2018,other,NJ
v63_source_repair_return_guarded_repair,incumbent_cvar_relaxed_source_lp,154899738,126419064,1000.0,1000.0,-171.01136866654105,-198.85427993768698,27.842911271145937,2152.001988340096,842450.0,True,True,5.754096345278459e-05,0.8995489346548756,0,,,61157.606988860825,96139.93752241088,True,True,post_v195_one_drop_one_add_whole_loan_swap,post-v195 one-swap pricing only; not multi-swap or global proof,B,D,1,2,0,4,0,1,2019,2018,other,other
v63_source_repair_return_guarded_repair,incumbent_cvar_relaxed_source_lp,154899738,168701788,1000.0,1000.0,-171.01136866654105,-178.5860397151734,7.574671048632354,2131.7337481175823,842450.0,True,True,5.754096345278459e-05,0.8995489346548756,0,,,61176.48215054501,96149.63524842792,True,True,post_v195_one_drop_one_add_whole_loan_swap,post-v195 one-swap pricing only; not multi-swap or global proof,B,C,1,1,0,3,0,1,2019,2020,other,TX
v63_source_repair_return_guarded_repair,incumbent_cvar_relaxed_source_lp,154899738,169358871,1000.0,1000.0,-171.01136866654105,-177.86634212741987,6.854973460878824,2131.0140505298286,842450.0,True,True,5.754096345278459e-05,0.8995489346548756,0,,,61186.25316787776,96137.2102133881,True,True,post_v195_one_drop_one_add_whole_loan_swap,post-v195 one-swap pricing only; not multi-swap or global proof,B,C,1,1,0,3,0,0,2019,2020,other,VA
v63_source_repair_return_guarded_repair,incumbent_cvar_relaxed_source_lp,154899738,139506195,1000.0,1000.0,-171.01136866654105,-177.67809625327766,6.666727586736613,2130.8258046556866,842450.0,True,True,5.754096345278459e-05,0.8995489346548756,0,,,61160.41848782634,96083.42858826763,True,True,post_v195_one_drop_one_add_whole_loan_swap,post-v195 one-swap pricing only; not multi-swap or global proof,B,D,1,2,0,2,0,0,2019,2018,other,CA
v63_source_repair_return_guarded_repair,incumbent_cvar_relaxed_source_lp,154899738,156823754,1000.0,1000.0,-171.01136866654105,-183.46022770133698,12.44885903479593,2136.607936103746,842450.0,True,True,5.754096345278459e-05,0.8995489346548756,0,,,61158.02026872694,96062.52382488699,True,True,post_v195_one_drop_one_add_whole_loan_swap,post-v195 one-swap pricing only; not multi-swap or global proof,B,D,1,2,0,3,0,1,2019,2019,other,CA
v63_source_repair_return_guarded_repair,incumbent_cvar_relaxed_source_lp,154899738,156807668,1000.0,1000.0,-171.01136866654105,-175.85010442413147,4.8387357575904275,2128.99781282654,842450.0,True,True,5.754096345278459e-05,0.8995489346548756,0,,,61185.45376308565,96090.80018526466,True,True,post_v195_one_drop_one_add_whole_loan_swap,post-v195 one-swap pricing only; not multi-swap or global proof,B,D,1,2,0,0,0,0,2019,2019,other,TX
v63_source_repair_return_guarded_repair,incumbent_cvar_relaxed_source_lp,163420191,168678809,1200.0,1000.0,-20.633738303939268,-25.935876492202276,5.302138188263008,2129.461215257213,842650.0,True,True,2.2669387820251075e-05,0.8993354298937875,0,,,61259.27022666833,96240.83336381488,True,True,post_v195_one_drop_one_add_whole_loan_swap,post-v195 one-swap pricing only; not multi-swap or global proof,A,A,1,1,0,1,2,0,2019,2020,FL,IN
v63_source_repair_return_guarded_repair,incumbent_cvar_relaxed_source_lp,163420191,170390171,1200.0,1000.0,-20.633738303939268,-23.632377345499286,2.9986390415600184,2127.15771611051,842650.0,True,True,2.2669387820251075e-05,0.8993354298937875,0,,,61255.86473712678,96233.90056362981,True,True,post_v195_one_drop_one_add_whole_loan_swap,post-v195 one-swap pricing only; not multi-swap or global proof,A,A,1,1,0,0,2,0,2019,2020,FL,other
v63_source_repair_return_guarded_repair,incumbent_cvar_relaxed_source_lp,163420191,169450190,1200.0,1000.0,-20.633738303939268,-22.58050328415853,1.946764980219264,2126.105842049169,842650.0,True,True,2.2669387820251075e-05,0.8993354298937875,0,,,61238.55001263824,96198.89253030402,True,True,post_v195_one_drop_one_add_whole_loan_swap,post-v195 one-swap pricing only; not multi-swap or global proof,A,A,1,1,0,0,2,0,2019,2020,FL,AZ
v63_source_repair_return_guarded_repair,incumbent_cvar_relaxed_source_lp,163383289,168841753,1000.0,1000.0,-9.457214357682766,-15.58411172619063,6.126897368507864,2130.2859744374578,842450.0,True,True,5.754096345278459e-05,0.8995489346548756,0,,,61218.3714450704,96174.05622666518,True,True,post_v195_one_drop_one_add_whole_loan_swap,post-v195 one-swap pricing only; not multi-swap or global proof,A,A,1,1,0,1,2,0,2019,2020,other,NY
v63_source_repair_return_guarded_repair,incumbent_cvar_relaxed_source_lp,163383289,168678809,1000.0,1000.0,-9.457214357682766,-25.935876492202276,16.47866213451951,2140.6377392034697,842450.0,True,True,5.754096345278459e-05,0.8995489346548756,0,,,61231.88530196858,96195.03258605827,True,True,post_v195_one_drop_one_add_whole_loan_swap,post-v195 one-swap pricing only; not multi-swap or global proof,A,A,1,1,0,1,2,0,2019,2020,other,IN
v63_source_repair_return_guarded_repair,incumbent_cvar_relaxed_source_lp,163383289,170390171,1000.0,1000.0,-9.457214357682766,-23.632377345499286,14.17516298781652,2138.3342400567662,842450.0,True,True,5.754096345278459e-05,0.8995489346548756,0,,,61228.47981242703,96188.09978587317,True,True,post_v195_one_drop_one_add_whole_loan_swap,post-v195 one-swap pricing only; not multi-swap or global proof,A,A,1,1,0,0,2,0,2019,2020,other,other
v63_source_repair_return_guarded_repair,incumbent_cvar_relaxed_source_lp,163383289,169450190,1000.0,1000.0,-9.457214357682766,-22.58050328415853,13.123288926475766,2137.2823659954256,842450.0,True,True,5.754096345278459e-05,0.8995489346548756,0,,,61211.16508793848,96153.09175254736,True,True,post_v195_one_drop_one_add_whole_loan_swap,post-v195 one-swap pricing only; not multi-swap or global proof,A,A,1,1,0,0,2,0,2019,2020,other,AZ
v63_source_repair_return_guarded_repair,incumbent_cvar_relaxed_source_lp,162936322,126523487,2000.0,2000.0,-335.18594736331687,-350.42656531605377,15.240617952736898,2139.399695021687,842450.0,True,True,5.754096345278459e-05,0.8995489346548756,0,,,61233.148027392876,96333.1875492494,True,True,post_v195_one_drop_one_add_whole_loan_swap,post-v195 one-swap pricing only; not multi-swap or global proof,C,C,1,1,4,4,1,1,2019,2018,NC,CA
v63_source_repair_return_guarded_repair,incumbent_cvar_relaxed_source_lp,162604995,127672145,1200.0,1000.0,-190.38488193037946,-196.20083323856994,5.815951308190478,2129.9750283771405,842650.0,True,True,0.0002600158543247799,0.8993354298937875,0,,,61389.323134115635,96497.1507450765,True,True,post_v195_one_drop_one_add_whole_loan_swap,post-v195 one-swap pricing only; not multi-swap or global proof,D,C,2,1,2,0,1,2,2019,2018,TX,other
v63_source_repair_return_guarded_repair,incumbent_cvar_relaxed_source_lp,162604995,126820122,1200.0,1000.0,-190.38488193037946,-201.89545162414464,11.510569693765177,2135.6696467627153,842650.0,True,True,0.0002600158543247799,0.8993354298937875,0,,,61348.741095153724,96448.78023071779,True,True,post_v195_one_drop_one_add_whole_loan_swap,post-v195 one-swap pricing only; not multi-swap or global proof,D,C,2,1,2,0,1,1,2019,2018,TX,other
v63_source_repair_return_guarded_repair,incumbent_cvar_relaxed_source_lp,162604995,126483031,1200.0,1200.0,-190.38488193037946,-200.480236756332,10.09535482595254,2134.2544318949026,842450.0,True,True,5.754096345278459e-05,0.8981245177755356,0,,,61399.44612480081,96511.10211336007,True,True,post_v195_one_drop_one_add_whole_loan_swap,post-v195 one-swap pricing only; not multi-swap or global proof,D,B,2,0,2,2,1,0,2019,2018,TX,FL
v63_source_repair_return_guarded_repair,incumbent_cvar_relaxed_source_lp,162604995,126419064,1200.0,1000.0,-190.38488193037946,-198.85427993768698,8.469398007307518,2132.6284750762575,842650.0,True,True,0.0002600158543247799,0.8993354298937875,0,,,61322.13457172336,96406.11182465713,True,True,post_v195_one_drop_one_add_whole_loan_swap,post-v195 one-swap pricing only; not multi-swap or global proof,D,D,2,2,2,4,1,1,2019,2018,TX,other
v63_source_repair_return_guarded_repair,incumbent_cvar_relaxed_source_lp,162604995,165985906,1200.0,1200.0,-190.38488193037946,-203.72482836822385,13.33994643784439,2137.4990235067944,842450.0,True,True,5.754096345278459e-05,0.8995489346548756,0,,,61305.118321689566,96340.74220835998,True,True,post_v195_one_drop_one_add_whole_loan_swap,post-v195 one-swap pricing only; not multi-swap or global proof,D,C,2,1,2,3,1,4,2019,2020,TX,VA
v63_source_repair_return_guarded_repair,incumbent_cvar_relaxed_source_lp,162604995,160806330,1200.0,1200.0,-190.38488193037946,-210.10403328668124,19.71915135630178,2143.8782284252516,842450.0,True,True,5.754096345278459e-05,0.8995489346548756,0,,,61255.68103274239,96212.11849765446,True,True,post_v195_one_drop_one_add_whole_loan_swap,post-v195 one-swap pricing only; not multi-swap or global proof,D,D,2,2,2,2,1,2,2019,2019,TX,FL
v63_source_repair_return_guarded_repair,incumbent_cvar_relaxed_source_lp,162654393,127695160,1500.0,1500.0,-228.9567046794011,-235.90029594541494,6.94359126601384,2131.1026683349637,842450.0,True,True,5.754096345278459e-05,0.8995489346548756,0,,,61247.04637890196,96304.33562085946,True,True,post_v195_one_drop_one_add_whole_loan_swap,post-v195 one-swap pricing only; not multi-swap or global proof,B,B,0,0,3,2,0,1,2019,2018,MI,TX
v63_source_repair_return_guarded_repair,incumbent_cvar_relaxed_source_lp,162654393,126760355,1500.0,1500.0,-228.9567046794011,-250.40002765814089,21.443322978739786,2145.6024000476896,842450.0,True,True,5.754096345278459e-05,0.8995489346548756,0,,,61247.25168742556,96304.62402695944,True,True,post_v195_one_drop_one_add_whole_loan_swap,post-v195 one-swap pricing only; not multi-swap or global proof,B,B,0,0,3,1,0,0,2019,2018,MI,IL
v63_source_repair_return_guarded_repair,incumbent_cvar_relaxed_source_lp,162654393,126430923,1500.0,1500.0,-228.9567046794011,-243.25029594541493,14.293591266013834,2138.4526683349636,842450.0,True,True,5.754096345278459e-05,0.8995489346548756,0,,,61247.04637890196,96304.33562085946,True,True,post_v195_one_drop_one_add_whole_loan_swap,post-v195 one-swap pricing only; not multi-swap or global proof,B,B,0,0,3,3,0,0,2019,2018,MI,other
v63_source_repair_return_guarded_repair,incumbent_cvar_relaxed_source_lp,162605401,127672145,1000.0,1000.0,-160.8152043628769,-196.20083323856994,35.385628875693044,2159.544705944643,842450.0,True,True,5.754096345278459e-05,0.8995489346548756,0,,,61373.07540511596,96389.54812731464,True,True,post_v195_one_drop_one_add_whole_loan_swap,post-v195 one-swap pricing only; not multi-swap or global proof,D,C,3,1,2,0,1,2,2019,2018,MD,other
v63_source_repair_return_guarded_repair,incumbent_cvar_relaxed_source_lp,162605401,126827839,1000.0,1000.0,-160.8152043628769,-175.77898463113021,14.963780268253316,2139.122857337203,842450.0,True,True,5.754096345278459e-05,0.8995489346548756,0,,,61270.9725013707,96247.75754639988,True,True,post_v195_one_drop_one_add_whole_loan_swap,post-v195 one-swap pricing only; not multi-swap or global proof,D,E,3,2,2,0,1,4,2019,2018,MD,other
v63_source_repair_return_guarded_repair,incumbent_cvar_relaxed_source_lp,162605401,126820122,1000.0,1000.0,-160.8152043628769,-201.89545162414464,41.08024726126774,2165.2393243302176,842450.0,True,True,5.754096345278459e-05,0.8995489346548756,0,,,61332.49336615404,96341.17761295594,True,True,post_v195_one_drop_one_add_whole_loan_swap,post-v195 one-swap pricing only; not multi-swap or global proof,D,C,3,1,2,0,1,1,2019,2018,MD,other
v63_source_repair_return_guarded_repair,incumbent_cvar_relaxed_source_lp,162605401,126733849,1000.0,1000.0,-160.8152043628769,-186.9469746106631,26.131770247786193,2150.2908473167363,842450.0,True,True,5.754096345278459e-05,0.898361920588759,0,,,61404.182820140646,96433.91844619994,True,True,post_v195_one_drop_one_add_whole_loan_swap,post-v195 one-swap pricing only; not multi-swap or global proof,D,B,3,0,2,4,1,3,2019,2018,MD,NJ
v63_source_repair_return_guarded_repair,incumbent_cvar_relaxed_source_lp,162605401,126468092,1000.0,1000.0,-160.8152043628769,-169.50590883596908,8.690704473092183,2132.8497815420424,842450.0,True,True,5.754096345278459e-05,0.898361920588759,0,,,61427.08704269804,96465.15184817262,True,True,post_v195_one_drop_one_add_whole_loan_swap,post-v195 one-swap pricing only; not multi-swap or global proof,D,B,3,0,2,1,1,2,2019,2018,MD,other
v63_source_repair_return_guarded_repair,incumbent_cvar_relaxed_source_lp,162605401,126419064,1000.0,1000.0,-160.8152043628769,-198.85427993768698,38.039075574810084,2162.19815264376,842450.0,True,True,5.754096345278459e-05,0.8995489346548756,0,,,61305.886842723674,96298.50920689528,True,True,post_v195_one_drop_one_add_whole_loan_swap,post-v195 one-swap pricing only; not multi-swap or global proof,D,D,3,2,2,4,1,1,2019,2018,MD,other
v63_source_repair_return_guarded_repair,incumbent_cvar_relaxed_source_lp,162605401,168701788,1000.0,1000.0,-160.8152043628769,-178.5860397151734,17.7708353522965,2141.9299124212466,842450.0,True,True,5.754096345278459e-05,0.8995489346548756,0,,,61324.76200440787,96308.20693291233,True,True,post_v195_one_drop_one_add_whole_loan_swap,post-v195 one-swap pricing only; not multi-swap or global proof,D,C,3,1,2,3,1,1,2019,2020,MD,TX
v63_source_repair_return_guarded_repair,incumbent_cvar_relaxed_source_lp,162605401,169358871,1000.0,1000.0,-160.8152043628769,-177.86634212741987,17.051137764542972,2141.210214833493,842450.0,True,True,5.754096345278459e-05,0.8995489346548756,0,,,61334.533021740615,96295.78189787251,True,True,post_v195_one_drop_one_add_whole_loan_swap,post-v195 one-swap pricing only; not multi-swap or global proof,D,C,3,1,2,3,1,0,2019,2020,MD,VA
v63_source_repair_return_guarded_repair,incumbent_cvar_relaxed_source_lp,162605401,139506195,1000.0,1000.0,-160.8152043628769,-177.67809625327766,16.86289189040076,2141.0219689593505,842450.0,True,True,5.754096345278459e-05,0.8995489346548756,0,,,61308.6983416892,96242.00027275205,True,True,post_v195_one_drop_one_add_whole_loan_swap,post-v195 one-swap pricing only; not multi-swap or global proof,D,D,3,2,2,2,1,0,2019,2018,MD,CA
v63_source_repair_return_guarded_repair,incumbent_cvar_relaxed_source_lp,162605401,156823754,1000.0,1000.0,-160.8152043628769,-183.46022770133698,22.645023338460078,2146.8041004074103,842450.0,True,True,5.754096345278459e-05,0.8995489346548756,0,,,61306.30012258979,96221.0955093714,True,True,post_v195_one_drop_one_add_whole_loan_swap,post-v195 one-swap pricing only; not multi-swap or global proof,D,D,3,2,2,3,1,1,2019,2019,MD,CA
v63_source_repair_return_guarded_repair,incumbent_cvar_relaxed_source_lp,162605401,156807668,1000.0,1000.0,-160.8152043628769,-175.85010442413147,15.034900061254575,2139.1939771302045,842450.0,True,True,5.754096345278459e-05,0.8995489346548756,0,,,61333.733616948506,96249.37186974908,True,True,post_v195_one_drop_one_add_whole_loan_swap,post-v195 one-swap pricing only; not multi-swap or global proof,D,D,3,2,2,0,1,0,2019,2019,MD,TX
v63_source_repair_return_guarded_repair,incumbent_cvar_relaxed_source_lp,162590887,168841753,1000.0,1000.0,-7.297262801488124,-15.58411172619063,8.286848924702506,2132.4459259936525,842450.0,True,True,5.754096345278459e-05,0.8995489346548756,0,,,61216.13684518331,96169.37616047623,True,True,post_v195_one_drop_one_add_whole_loan_swap,post-v195 one-swap pricing only; not multi-swap or global proof,A,A,1,1,1,1,0,0,2019,2020,TX,NY
v63_source_repair_return_guarded_repair,incumbent_cvar_relaxed_source_lp,162590887,168678809,1000.0,1000.0,-7.297262801488124,-25.935876492202276,18.638613690714152,2142.797690759664,842450.0,True,True,5.754096345278459e-05,0.8995489346548756,0,,,61229.65070208149,96190.35251986927,True,True,post_v195_one_drop_one_add_whole_loan_swap,post-v195 one-swap pricing only; not multi-swap or global proof,A,A,1,1,1,1,0,0,2019,2020,TX,IN
v63_source_repair_return_guarded_repair,incumbent_cvar_relaxed_source_lp,162590887,170390171,1000.0,1000.0,-7.297262801488124,-23.632377345499286,16.335114544011162,2140.494191612961,842450.0,True,True,5.754096345278459e-05,0.8995489346548756,0,,,61226.24521253994,96183.41971968419,True,True,post_v195_one_drop_one_add_whole_loan_swap,post-v195 one-swap pricing only; not multi-swap or global proof,A,A,1,1,1,0,0,0,2019,2020,TX,other
v63_source_repair_return_guarded_repair,incumbent_cvar_relaxed_source_lp,162590887,169450190,1000.0,1000.0,-7.297262801488124,-22.58050328415853,15.283240482670408,2139.4423175516204,842450.0,True,True,5.754096345278459e-05,0.8995489346548756,0,,,61208.93048805139,96148.41168635838,True,True,post_v195_one_drop_one_add_whole_loan_swap,post-v195 one-swap pricing only; not multi-swap or global proof,A,A,1,1,1,0,0,0,2019,2020,TX,AZ
v63_source_repair_return_guarded_repair,incumbent_cvar_relaxed_source_lp,162528420,127672145,1200.0,1000.0,-183.7368131210446,-196.20083323856994,12.464020117525337,2136.623097186475,842650.0,True,True,0.0002600158543247799,0.8993354298937875,0,,,61452.94942764653,96511.47646094611,True,True,post_v195_one_drop_one_add_whole_loan_swap,post-v195 one-swap pricing only; not multi-swap or global proof,D,C,3,1,2,0,2,2,2019,2018,MD,other
v63_source_repair_return_guarded_repair,incumbent_cvar_relaxed_source_lp,162528420,126820122,1200.0,1000.0,-183.7368131210446,-201.89545162414464,18.158638503100036,2142.31771557205,842650.0,True,True,0.0002600158543247799,0.8993354298937875,0,,,61412.367388684615,96463.10594658741,True,True,post_v195_one_drop_one_add_whole_loan_swap,post-v195 one-swap pricing only; not multi-swap or global proof,D,C,3,1,2,0,2,1,2019,2018,MD,other
v63_source_repair_return_guarded_repair,incumbent_cvar_relaxed_source_lp,162528420,126733849,1200.0,1000.0,-183.7368131210446,-186.9469746106631,3.2101614896184856,2127.369238558568,842650.0,True,True,0.0002600158543247799,0.898148697561265,0,,,61484.05684267122,96555.84677983142,True,True,post_v195_one_drop_one_add_whole_loan_swap,post-v195 one-swap pricing only; not multi-swap or global proof,D,B,3,0,2,4,2,3,2019,2018,MD,NJ
v63_source_repair_return_guarded_repair,incumbent_cvar_relaxed_source_lp,162528420,126483031,1200.0,1200.0,-183.7368131210446,-200.480236756332,16.7434236352874,2140.9025007042374,842450.0,True,True,5.754096345278459e-05,0.8981245177755356,0,,,61463.07241833169,96525.42782922971,True,True,post_v195_one_drop_one_add_whole_loan_swap,post-v195 one-swap pricing only; not multi-swap or global proof,D,B,3,0,2,2,2,0,2019,2018,MD,FL
v63_source_repair_return_guarded_repair,incumbent_cvar_relaxed_source_lp,162528420,126419064,1200.0,1000.0,-183.7368131210446,-198.85427993768698,15.117466816642377,2139.276543885592,842650.0,True,True,0.0002600158543247799,0.8993354298937875,0,,,61385.760865254255,96420.4375405268,True,True,post_v195_one_drop_one_add_whole_loan_swap,post-v195 one-swap pricing only; not multi-swap or global proof,D,D,3,2,2,4,2,1,2019,2018,MD,other
v63_source_repair_return_guarded_repair,incumbent_cvar_relaxed_source_lp,162528420,165985906,1200.0,1200.0,-183.7368131210446,-203.72482836822385,19.98801524717925,2144.147092316129,842450.0,True,True,5.754096345278459e-05,0.8995489346548756,0,,,61368.74461522045,96355.0679242296,True,True,post_v195_one_drop_one_add_whole_loan_swap,post-v195 one-swap pricing only; not multi-swap or global proof,D,C,3,1,2,3,2,4,2019,2020,MD,VA
v63_source_repair_return_guarded_repair,incumbent_cvar_relaxed_source_lp,162528420,160806330,1200.0,1200.0,-183.7368131210446,-210.10403328668124,26.36722016563664,2150.5262972345868,842450.0,True,True,5.754096345278459e-05,0.8995489346548756,0,,,61319.30732627328,96226.4442135241,True,True,post_v195_one_drop_one_add_whole_loan_swap,post-v195 one-swap pricing only; not multi-swap or global proof,D,D,3,2,2,2,2,2,2019,2019,MD,FL
v63_source_repair_return_guarded_repair,incumbent_cvar_relaxed_source_lp,162083390,127672145,1000.0,1000.0,-168.4682188833758,-196.20083323856994,27.73261435519413,2151.891691424144,842450.0,True,True,5.754096345278459e-05,0.8995489346548756,0,,,61269.01529035441,96295.26822015597,True,True,post_v195_one_drop_one_add_whole_loan_swap,post-v195 one-swap pricing only; not multi-swap or global proof,C,C,1,1,2,0,1,2,2019,2018,other,other
v63_source_repair_return_guarded_repair,incumbent_cvar_relaxed_source_lp,162083390,126827839,1000.0,1000.0,-168.4682188833758,-175.77898463113021,7.310765747754402,2131.4698428167044,842450.0,True,True,5.754096345278459e-05,0.8995489346548756,0,,,61166.91238660914,96153.47763924117,True,True,post_v195_one_drop_one_add_whole_loan_swap,post-v195 one-swap pricing only; not multi-swap or global proof,C,E,1,2,2,0,1,4,2019,2018,other,other
v63_source_repair_return_guarded_repair,incumbent_cvar_relaxed_source_lp,162083390,126820122,1000.0,1000.0,-168.4682188833758,-201.89545162414464,33.42723274076883,2157.586309809719,842450.0,True,True,5.754096345278459e-05,0.8995489346548756,0,,,61228.43325139249,96246.89770579725,True,True,post_v195_one_drop_one_add_whole_loan_swap,post-v195 one-swap pricing only; not multi-swap or global proof,C,C,1,1,2,0,1,1,2019,2018,other,other
v63_source_repair_return_guarded_repair,incumbent_cvar_relaxed_source_lp,162083390,126733849,1000.0,1000.0,-168.4682188833758,-186.9469746106631,18.47875572728728,2142.637832796237,842450.0,True,True,5.754096345278459e-05,0.898361920588759,0,,,61300.12270537909,96339.63853904123,True,True,post_v195_one_drop_one_add_whole_loan_swap,post-v195 one-swap pricing only; not multi-swap or global proof,C,B,1,0,2,4,1,3,2019,2018,other,NJ
v63_source_repair_return_guarded_repair,incumbent_cvar_relaxed_source_lp,162083390,126468092,1000.0,1000.0,-168.4682188833758,-169.50590883596908,1.0376899525932686,2125.196767021543,842450.0,True,True,5.754096345278459e-05,0.898361920588759,0,,,61323.02692793648,96370.87194101395,True,True,post_v195_one_drop_one_add_whole_loan_swap,post-v195 one-swap pricing only; not multi-swap or global proof,C,B,1,0,2,1,1,2,2019,2018,other,other
v63_source_repair_return_guarded_repair,incumbent_cvar_relaxed_source_lp,162083390,126419064,1000.0,1000.0,-168.4682188833758,-198.85427993768698,30.38606105431117,2154.545138123261,842450.0,True,True,5.754096345278459e-05,0.8995489346548756,0,,,61201.82672796212,96204.2292997366,True,True,post_v195_one_drop_one_add_whole_loan_swap,post-v195 one-swap pricing only; not multi-swap or global proof,C,D,1,2,2,4,1,1,2019,2018,other,other
v63_source_repair_return_guarded_repair,incumbent_cvar_relaxed_source_lp,162083390,168701788,1000.0,1000.0,-168.4682188833758,-178.5860397151734,10.117820831797587,2134.2768979007474,842450.0,True,True,5.754096345278459e-05,0.8995489346548756,0,,,61220.70188964633,96213.92702575364,True,True,post_v195_one_drop_one_add_whole_loan_swap,post-v195 one-swap pricing only; not multi-swap or global proof,C,C,1,1,2,3,1,1,2019,2020,other,TX
v63_source_repair_return_guarded_repair,incumbent_cvar_relaxed_source_lp,162083390,169358871,1000.0,1000.0,-168.4682188833758,-177.86634212741987,9.398123244044058,2133.557200312994,842450.0,True,True,5.754096345278459e-05,0.8995489346548756,0,,,61230.47290697905,96201.50199071382,True,True,post_v195_one_drop_one_add_whole_loan_swap,post-v195 one-swap pricing only; not multi-swap or global proof,C,C,1,1,2,3,1,0,2019,2020,other,VA
v63_source_repair_return_guarded_repair,incumbent_cvar_relaxed_source_lp,162083390,139506195,1000.0,1000.0,-168.4682188833758,-177.67809625327766,9.209877369901847,2133.3689544388517,842450.0,True,True,5.754096345278459e-05,0.8995489346548756,0,,,61204.63822692765,96147.72036559338,True,True,post_v195_one_drop_one_add_whole_loan_swap,post-v195 one-swap pricing only; not multi-swap or global proof,C,D,1,2,2,2,1,0,2019,2018,other,CA
v63_source_repair_return_guarded_repair,incumbent_cvar_relaxed_source_lp,162083390,156823754,1000.0,1000.0,-168.4682188833758,-183.46022770133698,14.992008817961164,2139.151085886911,842450.0,True,True,5.754096345278459e-05,0.8995489346548756,0,,,61202.24000782824,96126.81560221271,True,True,post_v195_one_drop_one_add_whole_loan_swap,post-v195 one-swap pricing only; not multi-swap or global proof,C,D,1,2,2,3,1,1,2019,2019,other,CA
v63_source_repair_return_guarded_repair,incumbent_cvar_relaxed_source_lp,162083390,156807668,1000.0,1000.0,-168.4682188833758,-175.85010442413147,7.381885540755661,2131.5409626097057,842450.0,True,True,5.754096345278459e-05,0.8995489346548756,0,,,61229.67350218695,96155.0919625904,True,True,post_v195_one_drop_one_add_whole_loan_swap,post-v195 one-swap pricing only; not multi-swap or global proof,C,D,1,2,2,0,1,0,2019,2019,other,TX
v63_source_repair_return_guarded_repair,incumbent_cvar_relaxed_source_lp,161131808,126820122,1000.0,1000.0,-200.73394359450347,-201.89545162414464,1.161508029641169,2125.320585098591,842450.0,True,True,5.754096345278459e-05,0.8995489346548756,0,,,61261.43965115312,96260.36392276372,True,True,post_v195_one_drop_one_add_whole_loan_swap,post-v195 one-swap pricing only; not multi-swap or global proof,C,C,2,1,2,0,2,1,2019,2018,other,other
v63_source_repair_return_guarded_repair,incumbent_cvar_relaxed_source_lp,159079407,168803640,1400.0,1500.0,-29.962255599626843,-30.498264963412808,0.5360093637859649,2124.695086432736,842350.0,True,True,7.498296096375423e-05,0.8996557250549059,0,,,61206.5331539714,96165.51518149031,True,True,post_v195_one_drop_one_add_whole_loan_swap,post-v195 one-swap pricing only; not multi-swap or global proof,A,A,1,1,0,3,0,3,2019,2020,NY,IL
v63_source_repair_return_guarded_repair,incumbent_cvar_relaxed_source_lp,160400299,127672145,1000.0,1000.0,-190.1364102192376,-196.20083323856994,6.064423019332338,2130.2235000882824,842450.0,True,True,5.754096345278459e-05,0.8995489346548756,0,,,61318.80141065054,96381.19314359486,True,True,post_v195_one_drop_one_add_whole_loan_swap,post-v195 one-swap pricing only; not multi-swap or global proof,D,C,2,1,1,0,4,2,2019,2018,other,other
v63_source_repair_return_guarded_repair,incumbent_cvar_relaxed_source_lp,160400299,126820122,1000.0,1000.0,-190.1364102192376,-201.89545162414464,11.759041404907038,2135.918118473857,842450.0,True,True,5.754096345278459e-05,0.8995489346548756,0,,,61278.21937168863,96332.82262923615,True,True,post_v195_one_drop_one_add_whole_loan_swap,post-v195 one-swap pricing only; not multi-swap or global proof,D,C,2,1,1,0,4,1,2019,2018,other,other
v63_source_repair_return_guarded_repair,incumbent_cvar_relaxed_source_lp,160400299,126419064,1000.0,1000.0,-190.1364102192376,-198.85427993768698,8.717869718449379,2132.8769467873994,842450.0,True,True,5.754096345278459e-05,0.8995489346548756,0,,,61251.61284825827,96290.15422317554,True,True,post_v195_one_drop_one_add_whole_loan_swap,post-v195 one-swap pricing only; not multi-swap or global proof,D,D,2,2,1,4,4,1,2019,2018,other,other
v63_source_repair_return_guarded_repair,incumbent_cvar_relaxed_source_lp,159357211,148311317,1500.0,1200.0,37.236996479670715,37.205933723656024,0.031062756014691217,2124.1901398249647,842750.0,True,True,5.23980675137814e-06,0.8995846929694453,0,,,61278.70893553758,96264.47890360617,True,True,post_v195_one_drop_one_add_whole_loan_swap,post-v195 one-swap pricing only; not multi-swap or global proof,A,A,0,0,1,1,0,0,2019,2019,NV,MN
v63_source_repair_return_guarded_repair,incumbent_cvar_relaxed_source_lp,159357211,160039313,1500.0,1200.0,37.236996479670715,33.84784116416046,3.3891553155102585,2127.5482323844603,842750.0,True,True,5.23980675137814e-06,0.8995846929694453,0,,,61246.29546145757,96206.8399162404,True,True,post_v195_one_drop_one_add_whole_loan_swap,post-v195 one-swap pricing only; not multi-swap or global proof,A,A,0,0,1,2,0,0,2019,2019,NV,NV
v63_source_repair_return_guarded_repair,incumbent_cvar_relaxed_source_lp,159357211,139657464,1500.0,1200.0,37.236996479670715,32.614459804893464,4.622536674777251,2128.781613743727,842750.0,True,True,5.23980675137814e-06,0.8995846929694453,0,,,61256.95359763743,96230.08483152575,True,True,post_v195_one_drop_one_add_whole_loan_swap,post-v195 one-swap pricing only; not multi-swap or global proof,A,A,0,0,1,4,0,0,2019,2018,NV,OH
v63_source_repair_return_guarded_repair,incumbent_cvar_relaxed_source_lp,159759852,126760355,1600.0,1500.0,-246.66666357534172,-250.40002765814089,3.73336408279917,2127.892441151749,842550.0,True,True,0.0001587904244897409,0.8995608569224378,0,,,61264.254100815866,96344.08502239053,True,True,post_v195_one_drop_one_add_whole_loan_swap,post-v195 one-swap pricing only; not multi-swap or global proof,B,B,0,0,3,1,0,0,2019,2018,TX,IL
v63_source_repair_return_guarded_repair,incumbent_cvar_relaxed_source_lp,159991596,168841753,1200.0,1000.0,-9.152330203220732,-15.58411172619063,6.431781522969898,2130.5908585919196,842650.0,True,True,2.2669387820251075e-05,0.8993354298937875,0,,,61233.953643149565,96203.69750992731,True,True,post_v195_one_drop_one_add_whole_loan_swap,post-v195 one-swap pricing only; not multi-swap or global proof,A,A,1,1,1,1,0,0,2019,2020,other,NY
v63_source_repair_return_guarded_repair,incumbent_cvar_relaxed_source_lp,159991596,168678809,1200.0,1000.0,-9.152330203220732,-25.935876492202276,16.783546288981544,2140.9426233579316,842650.0,True,True,2.2669387820251075e-05,0.8993354298937875,0,,,61247.467500047744,96224.67386932037,True,True,post_v195_one_drop_one_add_whole_loan_swap,post-v195 one-swap pricing only; not multi-swap or global proof,A,A,1,1,1,1,0,0,2019,2020,other,IN
v63_source_repair_return_guarded_repair,incumbent_cvar_relaxed_source_lp,159991596,170390171,1200.0,1000.0,-9.152330203220732,-23.632377345499286,14.480047142278554,2138.6391242112286,842650.0,True,True,2.2669387820251075e-05,0.8993354298937875,0,,,61244.06201050618,96217.74106913529,True,True,post_v195_one_drop_one_add_whole_loan_swap,post-v195 one-swap pricing only; not multi-swap or global proof,A,A,1,1,1,0,0,0,2019,2020,other,other
v63_source_repair_return_guarded_repair,incumbent_cvar_relaxed_source_lp,159991596,169450190,1200.0,1000.0,-9.152330203220732,-22.58050328415853,13.4281730809378,2137.587250149888,842650.0,True,True,2.2669387820251075e-05,0.8993354298937875,0,,,61226.747286017635,96182.73303580949,True,True,post_v195_one_drop_one_add_whole_loan_swap,post-v195 one-swap pricing only; not multi-swap or global proof,A,A,1,1,1,0,0,0,2019,2020,other,AZ
v63_source_repair_return_guarded_repair,incumbent_cvar_relaxed_source_lp,159910290,126733849,1000.0,1000.0,-161.13672038679763,-186.9469746106631,25.810254223865456,2149.9693312928152,842450.0,True,True,5.754096345278459e-05,0.8995489346548756,0,,,61217.624989265285,96237.2909665258,True,True,post_v195_one_drop_one_add_whole_loan_swap,post-v195 one-swap pricing only; not multi-swap or global proof,B,B,0,0,0,4,0,3,2019,2018,other,NJ
v63_source_repair_return_guarded_repair,incumbent_cvar_relaxed_source_lp,159910290,126468092,1000.0,1000.0,-161.13672038679763,-169.50590883596908,8.369188449171446,2132.5282655181213,842450.0,True,True,5.754096345278459e-05,0.8995489346548756,0,,,61240.529211822664,96268.5243684985,True,True,post_v195_one_drop_one_add_whole_loan_swap,post-v195 one-swap pricing only; not multi-swap or global proof,B,B,0,0,0,1,0,2,2019,2018,other,other
v63_source_repair_return_guarded_repair,incumbent_cvar_relaxed_source_lp,159599612,126733849,1000.0,1000.0,-182.1403341611855,-186.9469746106631,4.806640449477584,2128.9657175184275,842450.0,True,True,5.754096345278459e-05,0.8995489346548756,0,,,61239.1527705098,96264.49269456827,True,True,post_v195_one_drop_one_add_whole_loan_swap,post-v195 one-swap pricing only; not multi-swap or global proof,B,B,0,0,0,4,2,3,2019,2018,other,NJ
v63_source_repair_return_guarded_repair,incumbent_cvar_relaxed_source_lp,164456389,127640797,3000.0,3025.0,-386.4700038281736,-428.2397634899199,41.769759661746264,2165.9288367306963,842425.0,True,True,3.222484231535372e-05,0.8959848057690596,0,,,61708.93424041897,96945.70165851976,True,True,post_v195_one_drop_one_add_whole_loan_swap,post-v195 one-swap pricing only; not multi-swap or global proof,D,B,2,0,4,4,2,1,2020,2018,CA,GA
v63_source_repair_return_guarded_repair,incumbent_cvar_relaxed_source_lp,164456389,127392982,3000.0,2500.0,-386.4700038281736,-393.1671599090251,6.697156080851471,2130.8562331498015,842950.0,True,True,0.0005635480421445349,0.8960495877572809,0,,,61843.891781500366,97135.28257508043,True,True,post_v195_one_drop_one_add_whole_loan_swap,post-v195 one-swap pricing only; not multi-swap or global proof,D,B,2,0,4,1,2,3,2020,2018,CA,CA
v63_source_repair_return_guarded_repair,incumbent_cvar_relaxed_source_lp,164297639,127672145,1000.0,1000.0,-191.36724765437984,-196.20083323856994,4.833585584190104,2128.99266265314,842450.0,True,True,5.754096345278459e-05,0.8995489346548756,0,,,61257.21157074361,96270.70350548472,True,True,post_v195_one_drop_one_add_whole_loan_swap,post-v195 one-swap pricing only; not multi-swap or global proof,C,C,1,1,3,0,2,2,2020,2018,CA,other
v63_source_repair_return_guarded_repair,incumbent_cvar_relaxed_source_lp,164297639,126820122,1000.0,1000.0,-191.36724765437984,-201.89545162414464,10.528203969764803,2134.687281038715,842450.0,True,True,5.754096345278459e-05,0.8995489346548756,0,,,61216.629531781684,96222.33299112601,True,True,post_v195_one_drop_one_add_whole_loan_swap,post-v195 one-swap pricing only; not multi-swap or global proof,C,C,1,1,3,0,2,1,2020,2018,CA,other
v63_source_repair_return_guarded_repair,incumbent_cvar_relaxed_source_lp,164297639,126419064,1000.0,1000.0,-191.36724765437984,-198.85427993768698,7.487032283307144,2131.646109352257,842450.0,True,True,5.754096345278459e-05,0.8995489346548756,0,,,61190.02300835132,96179.66458506539,True,True,post_v195_one_drop_one_add_whole_loan_swap,post-v195 one-swap pricing only; not multi-swap or global proof,C,D,1,2,3,4,2,1,2020,2018,CA,other
