policy_id,regime_v162,added_loan_id_v162,dropped_loan_id_v162,added_loan_amount_v162,dropped_loan_amount_v162,added_mean_return_v162,dropped_mean_return_v162,return_delta_v162,objective_return_after_swap_v162,exposure_after_swap_v162,budget_swap_feasible_v162,source_swap_feasible_v162,source_min_slack_after_swap_v162,max_source_share_after_swap_v162,source_cap_violations_after_swap_v162,first_source_block_family_v162,first_source_block_id_v162,loss_mean_after_swap_v162,cvar90_after_swap_v162,cvar_swap_feasible_v162,one_swap_improves_return_v162,integer_screen_scope_v162,claim_boundary_v162,added_grade_v162,dropped_grade_v162,added_score_decile_v162,dropped_score_decile_v162,added_income_band_v162,dropped_income_band_v162,added_dti_band_v162,dropped_dti_band_v162,added_period_v162,dropped_period_v162,added_state_top20_v162,dropped_state_top20_v162
v63_source_repair_return_guarded_repair,incumbent_cvar_relaxed_source_lp,129916061,127874931,1000.0,1000.0,-160.93230437909457,-186.9469746106631,26.014670231568516,1000.4324154892189,842400.0,True,True,6.907218559226713e-06,0.8992165242165242,0,,,61389.68899671504,95200.11457310211,True,True,post_v161_one_drop_one_add_whole_loan_swap,post-v161 one-swap pricing only; not multi-swap or global proof,B,B,0,0,2,0,1,0,2018,2018,FL,MN
v63_source_repair_return_guarded_repair,incumbent_cvar_relaxed_source_lp,129916061,126733849,1000.0,1000.0,-160.93230437909457,-186.9469746106631,26.014670231568516,1000.4324154892189,842400.0,True,True,6.907218559226713e-06,0.8992165242165242,0,,,61389.68899671504,95200.11457310211,True,True,post_v161_one_drop_one_add_whole_loan_swap,post-v161 one-swap pricing only; not multi-swap or global proof,B,B,0,0,2,4,1,3,2018,2018,FL,NJ
v63_source_repair_return_guarded_repair,incumbent_cvar_relaxed_source_lp,129916061,126468092,1000.0,1000.0,-160.93230437909457,-169.50590883596908,8.573604456874506,982.9913497145249,842400.0,True,True,6.907218559226713e-06,0.8992165242165242,0,,,61412.59321927243,95231.34797507481,True,True,post_v161_one_drop_one_add_whole_loan_swap,post-v161 one-swap pricing only; not multi-swap or global proof,B,B,0,0,2,1,1,2,2018,2018,FL,other
v63_source_repair_return_guarded_repair,incumbent_cvar_relaxed_source_lp,129916061,126416707,1000.0,1000.0,-160.93230437909457,-187.69320294656202,26.76089856746745,1001.1786438251179,842400.0,True,True,6.907218559226713e-06,0.8992165242165242,0,,,61388.923902043585,95199.13045486472,True,True,post_v161_one_drop_one_add_whole_loan_swap,post-v161 one-swap pricing only; not multi-swap or global proof,B,B,0,0,2,1,1,1,2018,2018,FL,CA
v63_source_repair_return_guarded_repair,incumbent_cvar_relaxed_source_lp,129248891,127874931,1000.0,1000.0,-173.9967844806681,-186.9469746106631,12.95019012999498,987.3679353876454,842400.0,True,True,6.907218559226713e-06,0.8992165242165242,0,,,61413.12236185858,95233.8666673544,True,True,post_v161_one_drop_one_add_whole_loan_swap,post-v161 one-swap pricing only; not multi-swap or global proof,B,B,0,0,0,0,0,0,2018,2018,NJ,MN
v63_source_repair_return_guarded_repair,incumbent_cvar_relaxed_source_lp,129248891,126733849,1000.0,1000.0,-173.9967844806681,-186.9469746106631,12.95019012999498,987.3679353876454,842400.0,True,True,6.907218559226713e-06,0.8992165242165242,0,,,61413.12236185858,95233.8666673544,True,True,post_v161_one_drop_one_add_whole_loan_swap,post-v161 one-swap pricing only; not multi-swap or global proof,B,B,0,0,0,4,0,3,2018,2018,NJ,NJ
v63_source_repair_return_guarded_repair,incumbent_cvar_relaxed_source_lp,129248891,126416707,1000.0,1000.0,-173.9967844806681,-187.69320294656202,13.696418465893913,988.1141637235443,842400.0,True,True,6.907218559226713e-06,0.8992165242165242,0,,,61412.35726718712,95232.88254911703,True,True,post_v161_one_drop_one_add_whole_loan_swap,post-v161 one-swap pricing only; not multi-swap or global proof,B,B,0,0,0,1,0,1,2018,2018,NJ,CA
v63_source_repair_return_guarded_repair,incumbent_cvar_relaxed_source_lp,129254471,126707528,1000.0,1000.0,-216.591881619741,-226.37597165812684,9.784090038385841,984.2018352960363,842400.0,True,True,6.907218559226713e-06,0.8992165242165242,0,,,61352.29292917508,95161.45052044891,True,True,post_v161_one_drop_one_add_whole_loan_swap,post-v161 one-swap pricing only; not multi-swap or global proof,D,E,2,3,0,1,0,0,2018,2018,OH,other
v63_source_repair_return_guarded_repair,incumbent_cvar_relaxed_source_lp,129254471,126409482,1000.0,1000.0,-216.591881619741,-223.9633297987982,7.371448179057211,981.7891934367076,842400.0,True,True,6.907218559226713e-06,0.8992165242165242,0,,,61472.442567080885,95314.7597578663,True,True,post_v161_one_drop_one_add_whole_loan_swap,post-v161 one-swap pricing only; not multi-swap or global proof,D,C,2,2,0,2,0,3,2018,2018,OH,other
v63_source_repair_return_guarded_repair,incumbent_cvar_relaxed_source_lp,129254471,169887690,1000.0,1000.0,-216.591881619741,-221.11264407259083,4.520762452849823,978.9385077105002,842400.0,True,True,6.907218559226713e-06,0.8992165242165242,0,,,61482.09746931199,95325.71002825945,True,True,post_v161_one_drop_one_add_whole_loan_swap,post-v161 one-swap pricing only; not multi-swap or global proof,D,B,2,1,0,0,0,3,2018,2020,OH,other
v63_source_repair_return_guarded_repair,incumbent_cvar_relaxed_source_lp,129439138,127874931,1000.0,1000.0,-183.79678448066824,-186.9469746106631,3.1501901299948543,977.5679353876452,842400.0,True,True,6.907218559226713e-06,0.8992165242165242,0,,,61413.12236185858,95233.8666673544,True,True,post_v161_one_drop_one_add_whole_loan_swap,post-v161 one-swap pricing only; not multi-swap or global proof,B,B,0,0,4,0,3,0,2018,2018,TX,MN
v63_source_repair_return_guarded_repair,incumbent_cvar_relaxed_source_lp,129439138,126733849,1000.0,1000.0,-183.79678448066824,-186.9469746106631,3.1501901299948543,977.5679353876452,842400.0,True,True,6.907218559226713e-06,0.8992165242165242,0,,,61413.12236185858,95233.8666673544,True,True,post_v161_one_drop_one_add_whole_loan_swap,post-v161 one-swap pricing only; not multi-swap or global proof,B,B,0,0,4,4,3,3,2018,2018,TX,NJ
v63_source_repair_return_guarded_repair,incumbent_cvar_relaxed_source_lp,129439138,126416707,1000.0,1000.0,-183.79678448066824,-187.69320294656202,3.896418465893788,978.3141637235442,842400.0,True,True,6.907218559226713e-06,0.8992165242165242,0,,,61412.35726718712,95232.88254911703,True,True,post_v161_one_drop_one_add_whole_loan_swap,post-v161 one-swap pricing only; not multi-swap or global proof,B,B,0,0,4,1,3,1,2018,2018,TX,CA
v63_source_repair_return_guarded_repair,incumbent_cvar_relaxed_source_lp,129383512,127874931,1000.0,1000.0,-185.03707750315334,-186.9469746106631,1.9098971075097495,976.3276423651602,842400.0,True,True,6.907218559226713e-06,0.8980294396961064,0,,,61539.471898974036,95403.94086615756,True,True,post_v161_one_drop_one_add_whole_loan_swap,post-v161 one-swap pricing only; not multi-swap or global proof,D,B,2,0,2,0,0,0,2018,2018,TX,MN
v63_source_repair_return_guarded_repair,incumbent_cvar_relaxed_source_lp,129383512,127672145,1000.0,1000.0,-185.03707750315334,-196.20083323856994,11.1637557354166,985.581500993067,842400.0,True,True,6.907218559226713e-06,0.8992165242165242,0,,,61508.36448394935,95359.5705472723,True,True,post_v161_one_drop_one_add_whole_loan_swap,post-v161 one-swap pricing only; not multi-swap or global proof,D,C,2,1,2,0,0,2,2018,2018,TX,other
v63_source_repair_return_guarded_repair,incumbent_cvar_relaxed_source_lp,129383512,127475725,1000.0,1000.0,-185.03707750315334,-211.8282137432861,26.791136240132772,1001.2088814977832,842400.0,True,True,6.907218559226713e-06,0.8992165242165242,0,,,61482.472002985174,95327.46852901501,True,True,post_v161_one_drop_one_add_whole_loan_swap,post-v161 one-swap pricing only; not multi-swap or global proof,D,C,2,1,2,4,0,0,2018,2018,TX,AZ
v63_source_repair_return_guarded_repair,incumbent_cvar_relaxed_source_lp,129383512,127582382,1000.0,1000.0,-185.03707750315334,-205.52183833714096,20.48476083398762,994.902506091638,842400.0,True,True,6.907218559226713e-06,0.8992165242165242,0,,,61424.487948806665,95249.13659476548,True,True,post_v161_one_drop_one_add_whole_loan_swap,post-v161 one-swap pricing only; not multi-swap or global proof,D,D,2,2,2,3,0,0,2018,2018,TX,CA
v63_source_repair_return_guarded_repair,incumbent_cvar_relaxed_source_lp,129383512,126820122,1000.0,1000.0,-185.03707750315334,-201.89545162414464,16.8583741209913,991.2761193786416,842400.0,True,True,6.907218559226713e-06,0.8992165242165242,0,,,61467.78244498743,95311.20003291358,True,True,post_v161_one_drop_one_add_whole_loan_swap,post-v161 one-swap pricing only; not multi-swap or global proof,D,C,2,1,2,0,0,1,2018,2018,TX,other
v63_source_repair_return_guarded_repair,incumbent_cvar_relaxed_source_lp,129383512,126707528,1000.0,1000.0,-185.03707750315334,-226.37597165812684,41.3388941549735,1015.7566394126238,842400.0,True,True,6.907218559226713e-06,0.8992165242165242,0,,,61344.90467754358,95155.2204305588,True,True,post_v161_one_drop_one_add_whole_loan_swap,post-v161 one-swap pricing only; not multi-swap or global proof,D,E,2,3,2,1,0,0,2018,2018,TX,other
v63_source_repair_return_guarded_repair,incumbent_cvar_relaxed_source_lp,129383512,126733849,1000.0,1000.0,-185.03707750315334,-186.9469746106631,1.9098971075097495,976.3276423651602,842400.0,True,True,6.907218559226713e-06,0.8980294396961064,0,,,61539.471898974036,95403.94086615756,True,True,post_v161_one_drop_one_add_whole_loan_swap,post-v161 one-swap pricing only; not multi-swap or global proof,D,B,2,0,2,4,0,3,2018,2018,TX,NJ
v63_source_repair_return_guarded_repair,incumbent_cvar_relaxed_source_lp,129383512,126652025,1000.0,1000.0,-185.03707750315334,-206.92821374328602,21.89113624013268,996.3088814977831,842400.0,True,True,6.907218559226713e-06,0.8992165242165242,0,,,61482.472002985174,95327.46852901501,True,True,post_v161_one_drop_one_add_whole_loan_swap,post-v161 one-swap pricing only; not multi-swap or global proof,D,C,2,1,2,3,0,1,2018,2018,TX,FL
v63_source_repair_return_guarded_repair,incumbent_cvar_relaxed_source_lp,129383512,126416707,1000.0,1000.0,-185.03707750315334,-187.69320294656202,2.6561254434086834,977.073870701059,842400.0,True,True,6.907218559226713e-06,0.8980294396961064,0,,,61538.70680430258,95402.95674792018,True,True,post_v161_one_drop_one_add_whole_loan_swap,post-v161 one-swap pricing only; not multi-swap or global proof,D,B,2,0,2,1,0,1,2018,2018,TX,CA
v63_source_repair_return_guarded_repair,incumbent_cvar_relaxed_source_lp,129383512,126419064,1000.0,1000.0,-185.03707750315334,-198.85427993768698,13.817202434533641,988.234947692184,842400.0,True,True,6.907218559226713e-06,0.8992165242165242,0,,,61441.17592155707,95268.53162685293,True,True,post_v161_one_drop_one_add_whole_loan_swap,post-v161 one-swap pricing only; not multi-swap or global proof,D,D,2,2,2,4,0,1,2018,2018,TX,other
v63_source_repair_return_guarded_repair,incumbent_cvar_relaxed_source_lp,129383512,126409482,1000.0,1000.0,-185.03707750315334,-223.9633297987982,38.92625229564487,1013.3439975532953,842400.0,True,True,6.907218559226713e-06,0.8992165242165242,0,,,61465.05431544939,95308.52966797617,True,True,post_v161_one_drop_one_add_whole_loan_swap,post-v161 one-swap pricing only; not multi-swap or global proof,D,C,2,2,2,2,0,3,2018,2018,TX,other
v63_source_repair_return_guarded_repair,incumbent_cvar_relaxed_source_lp,129383512,166121358,1000.0,1000.0,-185.03707750315334,-212.03423240595197,26.997154902798627,1001.414900160449,842400.0,True,True,6.907218559226713e-06,0.8992165242165242,0,,,61456.558529781425,95272.85922861994,True,True,post_v161_one_drop_one_add_whole_loan_swap,post-v161 one-swap pricing only; not multi-swap or global proof,D,C,2,2,2,3,0,0,2018,2020,TX,MD
v63_source_repair_return_guarded_repair,incumbent_cvar_relaxed_source_lp,129383512,169887690,1000.0,1000.0,-185.03707750315334,-221.11264407259083,36.075566569437484,1010.4933118270878,842400.0,True,True,6.907218559226713e-06,0.8992165242165242,0,,,61474.70921768051,95319.47993836932,True,True,post_v161_one_drop_one_add_whole_loan_swap,post-v161 one-swap pricing only; not multi-swap or global proof,D,B,2,1,2,0,0,3,2018,2020,TX,other
v63_source_repair_return_guarded_repair,incumbent_cvar_relaxed_source_lp,129215100,127475725,1000.0,1000.0,-209.3370775031534,-211.8282137432861,2.491136240132704,976.9088814977831,842400.0,True,True,6.907218559226713e-06,0.8992165242165242,0,,,61482.472002985174,95327.46852901501,True,True,post_v161_one_drop_one_add_whole_loan_swap,post-v161 one-swap pricing only; not multi-swap or global proof,D,C,2,1,3,4,0,0,2018,2018,NY,AZ
v63_source_repair_return_guarded_repair,incumbent_cvar_relaxed_source_lp,129215100,126707528,1000.0,1000.0,-209.3370775031534,-226.37597165812684,17.038894154973434,991.4566394126239,842400.0,True,True,6.907218559226713e-06,0.8992165242165242,0,,,61344.90467754358,95155.2204305588,True,True,post_v161_one_drop_one_add_whole_loan_swap,post-v161 one-swap pricing only; not multi-swap or global proof,D,E,2,3,3,1,0,0,2018,2018,NY,other
v63_source_repair_return_guarded_repair,incumbent_cvar_relaxed_source_lp,129215100,126409482,1000.0,1000.0,-209.3370775031534,-223.9633297987982,14.626252295644804,989.0439975532952,842400.0,True,True,6.907218559226713e-06,0.8992165242165242,0,,,61465.05431544939,95308.52966797617,True,True,post_v161_one_drop_one_add_whole_loan_swap,post-v161 one-swap pricing only; not multi-swap or global proof,D,C,2,2,3,2,0,3,2018,2018,NY,other
v63_source_repair_return_guarded_repair,incumbent_cvar_relaxed_source_lp,129215100,166121358,1000.0,1000.0,-209.3370775031534,-212.03423240595197,2.697154902798559,977.114900160449,842400.0,True,True,6.907218559226713e-06,0.8992165242165242,0,,,61456.558529781425,95272.85922861994,True,True,post_v161_one_drop_one_add_whole_loan_swap,post-v161 one-swap pricing only; not multi-swap or global proof,D,C,2,2,3,3,0,0,2018,2020,NY,MD
v63_source_repair_return_guarded_repair,incumbent_cvar_relaxed_source_lp,129215100,169887690,1000.0,1000.0,-209.3370775031534,-221.11264407259083,11.775566569437416,986.1933118270878,842400.0,True,True,6.907218559226713e-06,0.8992165242165242,0,,,61474.70921768051,95319.47993836932,True,True,post_v161_one_drop_one_add_whole_loan_swap,post-v161 one-swap pricing only; not multi-swap or global proof,D,B,2,1,3,0,0,3,2018,2020,NY,other
v63_source_repair_return_guarded_repair,incumbent_cvar_relaxed_source_lp,129111639,126707528,1000.0,1000.0,-223.65786209905644,-226.37597165812684,2.718109559070399,977.1358548167208,842400.0,True,True,6.907218559226713e-06,0.8992165242165242,0,,,61259.436224296514,95025.51397852186,True,True,post_v161_one_drop_one_add_whole_loan_swap,post-v161 one-swap pricing only; not multi-swap or global proof,B,E,1,3,2,1,1,0,2018,2018,other,other
v63_source_repair_return_guarded_repair,incumbent_cvar_relaxed_source_lp,129111639,126409482,1000.0,1000.0,-223.65786209905644,-223.9633297987982,0.3054676997417687,974.7232129573922,842400.0,True,True,6.907218559226713e-06,0.8992165242165242,0,,,61379.58586220233,95178.82321593919,True,True,post_v161_one_drop_one_add_whole_loan_swap,post-v161 one-swap pricing only; not multi-swap or global proof,B,C,1,2,2,2,1,3,2018,2018,other,other
v63_source_repair_return_guarded_repair,incumbent_cvar_relaxed_source_lp,128561503,127874931,1000.0,1000.0,-183.30232614833292,-186.9469746106631,3.644648462330167,978.0623937199805,842400.0,True,True,6.907218559226713e-06,0.8980294396961064,0,,,61499.06727444422,95353.64601804402,True,True,post_v161_one_drop_one_add_whole_loan_swap,post-v161 one-swap pricing only; not multi-swap or global proof,D,B,1,0,4,0,1,0,2018,2018,other,MN
v63_source_repair_return_guarded_repair,incumbent_cvar_relaxed_source_lp,128561503,127672145,1000.0,1000.0,-183.30232614833292,-196.20083323856994,12.898507090237018,987.3162523478874,842400.0,True,True,6.907218559226713e-06,0.8992165242165242,0,,,61467.95985941953,95309.27569915874,True,True,post_v161_one_drop_one_add_whole_loan_swap,post-v161 one-swap pricing only; not multi-swap or global proof,D,C,1,1,4,0,1,2,2018,2018,other,other
v63_source_repair_return_guarded_repair,incumbent_cvar_relaxed_source_lp,128561503,127475725,1000.0,1000.0,-183.30232614833292,-211.8282137432861,28.52588759495319,1002.9436328526035,842400.0,True,True,6.907218559226713e-06,0.8992165242165242,0,,,61442.06737845536,95277.17368090145,True,True,post_v161_one_drop_one_add_whole_loan_swap,post-v161 one-swap pricing only; not multi-swap or global proof,D,C,1,1,4,4,1,0,2018,2018,other,AZ
v63_source_repair_return_guarded_repair,incumbent_cvar_relaxed_source_lp,128561503,127582382,1000.0,1000.0,-183.30232614833292,-205.52183833714096,22.21951218880804,996.6372574464584,842400.0,True,True,6.907218559226713e-06,0.8992165242165242,0,,,61384.08332427684,95198.84174665193,True,True,post_v161_one_drop_one_add_whole_loan_swap,post-v161 one-swap pricing only; not multi-swap or global proof,D,D,1,2,4,3,1,0,2018,2018,other,CA
v63_source_repair_return_guarded_repair,incumbent_cvar_relaxed_source_lp,128561503,126820122,1000.0,1000.0,-183.30232614833292,-201.89545162414464,18.593125475811718,993.0108707334621,842400.0,True,True,6.907218559226713e-06,0.8992165242165242,0,,,61427.37782045762,95260.90518480004,True,True,post_v161_one_drop_one_add_whole_loan_swap,post-v161 one-swap pricing only; not multi-swap or global proof,D,C,1,1,4,0,1,1,2018,2018,other,other
v63_source_repair_return_guarded_repair,incumbent_cvar_relaxed_source_lp,128561503,126707528,1000.0,1000.0,-183.30232614833292,-226.37597165812684,43.07364550979392,1017.4913907674443,842400.0,True,True,6.907218559226713e-06,0.8992165242165242,0,,,61304.50005301376,95104.92558244526,True,True,post_v161_one_drop_one_add_whole_loan_swap,post-v161 one-swap pricing only; not multi-swap or global proof,D,E,1,3,4,1,1,0,2018,2018,other,other
v63_source_repair_return_guarded_repair,incumbent_cvar_relaxed_source_lp,128561503,126733849,1000.0,1000.0,-183.30232614833292,-186.9469746106631,3.644648462330167,978.0623937199805,842400.0,True,True,6.907218559226713e-06,0.8980294396961064,0,,,61499.06727444422,95353.64601804402,True,True,post_v161_one_drop_one_add_whole_loan_swap,post-v161 one-swap pricing only; not multi-swap or global proof,D,B,1,0,4,4,1,3,2018,2018,other,NJ
v63_source_repair_return_guarded_repair,incumbent_cvar_relaxed_source_lp,128561503,126652025,1000.0,1000.0,-183.30232614833292,-206.92821374328602,23.6258875949531,998.0436328526034,842400.0,True,True,6.907218559226713e-06,0.8992165242165242,0,,,61442.06737845536,95277.17368090145,True,True,post_v161_one_drop_one_add_whole_loan_swap,post-v161 one-swap pricing only; not multi-swap or global proof,D,C,1,1,4,3,1,1,2018,2018,other,FL
v63_source_repair_return_guarded_repair,incumbent_cvar_relaxed_source_lp,128561503,126416707,1000.0,1000.0,-183.30232614833292,-187.69320294656202,4.390876798229101,978.8086220558795,842400.0,True,True,6.907218559226713e-06,0.8980294396961064,0,,,61498.30217977276,95352.66189980663,True,True,post_v161_one_drop_one_add_whole_loan_swap,post-v161 one-swap pricing only; not multi-swap or global proof,D,B,1,0,4,1,1,1,2018,2018,other,CA
v63_source_repair_return_guarded_repair,incumbent_cvar_relaxed_source_lp,128561503,126419064,1000.0,1000.0,-183.30232614833292,-198.85427993768698,15.551953789354059,989.9696990470045,842400.0,True,True,6.907218559226713e-06,0.8992165242165242,0,,,61400.771297027255,95218.23677873939,True,True,post_v161_one_drop_one_add_whole_loan_swap,post-v161 one-swap pricing only; not multi-swap or global proof,D,D,1,2,4,4,1,1,2018,2018,other,other
v63_source_repair_return_guarded_repair,incumbent_cvar_relaxed_source_lp,128561503,126409482,1000.0,1000.0,-183.30232614833292,-223.9633297987982,40.66100365046529,1015.0787489081157,842400.0,True,True,6.907218559226713e-06,0.8992165242165242,0,,,61424.64969091958,95258.23481986263,True,True,post_v161_one_drop_one_add_whole_loan_swap,post-v161 one-swap pricing only; not multi-swap or global proof,D,C,1,2,4,2,1,3,2018,2018,other,other
v63_source_repair_return_guarded_repair,incumbent_cvar_relaxed_source_lp,128561503,166121358,1000.0,1000.0,-183.30232614833292,-212.03423240595197,28.731906257619045,1003.1496515152694,842400.0,True,True,6.907218559226713e-06,0.8992165242165242,0,,,61416.1539052516,95222.56438050642,True,True,post_v161_one_drop_one_add_whole_loan_swap,post-v161 one-swap pricing only; not multi-swap or global proof,D,C,1,2,4,3,1,0,2018,2020,other,MD
v63_source_repair_return_guarded_repair,incumbent_cvar_relaxed_source_lp,128561503,169887690,1000.0,1000.0,-183.30232614833292,-221.11264407259083,37.8103179242579,1012.2280631819083,842400.0,True,True,6.907218559226713e-06,0.8992165242165242,0,,,61434.304593150686,95269.18509025578,True,True,post_v161_one_drop_one_add_whole_loan_swap,post-v161 one-swap pricing only; not multi-swap or global proof,D,B,1,1,4,0,1,3,2018,2020,other,other
v63_source_repair_return_guarded_repair,incumbent_cvar_relaxed_source_lp,128561503,156823754,1000.0,1000.0,-183.30232614833292,-183.46022770133698,0.15790155300405218,974.5756468106545,842400.0,True,True,6.907218559226713e-06,0.8992165242165242,0,,,61401.18457689337,95140.82308121548,True,True,post_v161_one_drop_one_add_whole_loan_swap,post-v161 one-swap pricing only; not multi-swap or global proof,D,D,1,2,4,3,1,1,2018,2019,other,CA
v63_source_repair_return_guarded_repair,incumbent_cvar_relaxed_source_lp,128448205,127695160,1700.0,1500.0,-220.15662915625964,-235.90029594541494,15.743666789155299,990.1614120468057,842600.0,True,True,0.00020940614277265013,0.8992404462378353,0,,,61429.518427812254,95258.50526379986,True,True,post_v161_one_drop_one_add_whole_loan_swap,post-v161 one-swap pricing only; not multi-swap or global proof,B,B,0,0,1,2,1,1,2018,2018,NC,TX
v63_source_repair_return_guarded_repair,incumbent_cvar_relaxed_source_lp,128448205,127676286,1700.0,1700.0,-220.15662915625964,-284.013668738137,63.85703958187739,1038.2747848395277,842400.0,True,True,6.907218559226713e-06,0.8992165242165242,0,,,61378.10603120982,95186.28396225294,True,True,post_v161_one_drop_one_add_whole_loan_swap,post-v161 one-swap pricing only; not multi-swap or global proof,B,B,0,0,1,4,1,1,2018,2018,NC,NV
v63_source_repair_return_guarded_repair,incumbent_cvar_relaxed_source_lp,128448205,126760355,1700.0,1500.0,-220.15662915625964,-250.40002765814089,30.243398501881245,1004.6611437595316,842600.0,True,True,0.00020940614277265013,0.8992404462378353,0,,,61429.72373633586,95258.7936698998,True,True,post_v161_one_drop_one_add_whole_loan_swap,post-v161 one-swap pricing only; not multi-swap or global proof,B,B,0,0,1,1,1,0,2018,2018,NC,IL
v63_source_repair_return_guarded_repair,incumbent_cvar_relaxed_source_lp,128448205,126430923,1700.0,1500.0,-220.15662915625964,-243.25029594541493,23.093666789155293,997.5114120468056,842600.0,True,True,0.00020940614277265013,0.8992404462378353,0,,,61429.518427812254,95258.50526379986,True,True,post_v161_one_drop_one_add_whole_loan_swap,post-v161 one-swap pricing only; not multi-swap or global proof,B,B,0,0,1,3,1,0,2018,2018,NC,other
v63_source_repair_return_guarded_repair,incumbent_cvar_relaxed_source_lp,127184845,127672145,1000.0,1000.0,-189.0370775031534,-196.20083323856994,7.163755735416544,981.5815009930669,842400.0,True,True,6.907218559226713e-06,0.8992165242165242,0,,,61508.36448394935,95359.5705472723,True,True,post_v161_one_drop_one_add_whole_loan_swap,post-v161 one-swap pricing only; not multi-swap or global proof,D,C,2,1,1,0,0,2,2018,2018,TX,other
v63_source_repair_return_guarded_repair,incumbent_cvar_relaxed_source_lp,127184845,127475725,1000.0,1000.0,-189.0370775031534,-211.8282137432861,22.791136240132715,997.2088814977831,842400.0,True,True,6.907218559226713e-06,0.8992165242165242,0,,,61482.472002985174,95327.46852901501,True,True,post_v161_one_drop_one_add_whole_loan_swap,post-v161 one-swap pricing only; not multi-swap or global proof,D,C,2,1,1,4,0,0,2018,2018,TX,AZ
v63_source_repair_return_guarded_repair,incumbent_cvar_relaxed_source_lp,127184845,127582382,1000.0,1000.0,-189.0370775031534,-205.52183833714096,16.484760833987565,990.902506091638,842400.0,True,True,6.907218559226713e-06,0.8992165242165242,0,,,61424.487948806665,95249.13659476548,True,True,post_v161_one_drop_one_add_whole_loan_swap,post-v161 one-swap pricing only; not multi-swap or global proof,D,D,2,2,1,3,0,0,2018,2018,TX,CA
v63_source_repair_return_guarded_repair,incumbent_cvar_relaxed_source_lp,127184845,126820122,1000.0,1000.0,-189.0370775031534,-201.89545162414464,12.858374120991243,987.2761193786416,842400.0,True,True,6.907218559226713e-06,0.8992165242165242,0,,,61467.78244498743,95311.20003291358,True,True,post_v161_one_drop_one_add_whole_loan_swap,post-v161 one-swap pricing only; not multi-swap or global proof,D,C,2,1,1,0,0,1,2018,2018,TX,other
v63_source_repair_return_guarded_repair,incumbent_cvar_relaxed_source_lp,127184845,126707528,1000.0,1000.0,-189.0370775031534,-226.37597165812684,37.338894154973445,1011.7566394126238,842400.0,True,True,6.907218559226713e-06,0.8992165242165242,0,,,61344.90467754358,95155.2204305588,True,True,post_v161_one_drop_one_add_whole_loan_swap,post-v161 one-swap pricing only; not multi-swap or global proof,D,E,2,3,1,1,0,0,2018,2018,TX,other
v63_source_repair_return_guarded_repair,incumbent_cvar_relaxed_source_lp,127184845,126652025,1000.0,1000.0,-189.0370775031534,-206.92821374328602,17.891136240132624,992.308881497783,842400.0,True,True,6.907218559226713e-06,0.8992165242165242,0,,,61482.472002985174,95327.46852901501,True,True,post_v161_one_drop_one_add_whole_loan_swap,post-v161 one-swap pricing only; not multi-swap or global proof,D,C,2,1,1,3,0,1,2018,2018,TX,FL
v63_source_repair_return_guarded_repair,incumbent_cvar_relaxed_source_lp,127184845,126419064,1000.0,1000.0,-189.0370775031534,-198.85427993768698,9.817202434533584,984.2349476921839,842400.0,True,True,6.907218559226713e-06,0.8992165242165242,0,,,61441.17592155707,95268.53162685293,True,True,post_v161_one_drop_one_add_whole_loan_swap,post-v161 one-swap pricing only; not multi-swap or global proof,D,D,2,2,1,4,0,1,2018,2018,TX,other
v63_source_repair_return_guarded_repair,incumbent_cvar_relaxed_source_lp,127184845,126409482,1000.0,1000.0,-189.0370775031534,-223.9633297987982,34.926252295644815,1009.3439975532951,842400.0,True,True,6.907218559226713e-06,0.8992165242165242,0,,,61465.05431544939,95308.52966797617,True,True,post_v161_one_drop_one_add_whole_loan_swap,post-v161 one-swap pricing only; not multi-swap or global proof,D,C,2,2,1,2,0,3,2018,2018,TX,other
v63_source_repair_return_guarded_repair,incumbent_cvar_relaxed_source_lp,127184845,166121358,1000.0,1000.0,-189.0370775031534,-212.03423240595197,22.99715490279857,997.414900160449,842400.0,True,True,6.907218559226713e-06,0.8992165242165242,0,,,61456.558529781425,95272.85922861994,True,True,post_v161_one_drop_one_add_whole_loan_swap,post-v161 one-swap pricing only; not multi-swap or global proof,D,C,2,2,1,3,0,0,2018,2020,TX,MD
v63_source_repair_return_guarded_repair,incumbent_cvar_relaxed_source_lp,127184845,169887690,1000.0,1000.0,-189.0370775031534,-221.11264407259083,32.07556656943743,1006.4933118270878,842400.0,True,True,6.907218559226713e-06,0.8992165242165242,0,,,61474.70921768051,95319.47993836932,True,True,post_v161_one_drop_one_add_whole_loan_swap,post-v161 one-swap pricing only; not multi-swap or global proof,D,B,2,1,1,0,0,3,2018,2020,TX,other
v63_source_repair_return_guarded_repair,incumbent_cvar_relaxed_source_lp,126788147,127676286,2000.0,1700.0,-280.90595813968935,-284.013668738137,3.1077105984476816,977.525455856098,842700.0,True,True,0.000310619560215053,0.899252402990388,0,,,61459.184667927344,95259.14708251528,True,True,post_v161_one_drop_one_add_whole_loan_swap,post-v161 one-swap pricing only; not multi-swap or global proof,B,B,0,0,4,4,1,1,2018,2018,NV,NV
v63_source_repair_return_guarded_repair,incumbent_cvar_relaxed_source_lp,136017126,126707528,1000.0,1000.0,-223.77380295788217,-226.37597165812684,2.6021687002446754,977.019913957895,842400.0,True,True,6.907218559226713e-06,0.8992165242165242,0,,,61310.5980821111,95095.81608504862,True,True,post_v161_one_drop_one_add_whole_loan_swap,post-v161 one-swap pricing only; not multi-swap or global proof,C,E,1,3,4,1,0,0,2018,2018,CA,other
v63_source_repair_return_guarded_repair,incumbent_cvar_relaxed_source_lp,136017126,126409482,1000.0,1000.0,-223.77380295788217,-223.9633297987982,0.1895268409160451,974.6072720985665,842400.0,True,True,6.907218559226713e-06,0.8992165242165242,0,,,61430.747720016916,95249.12532246599,True,True,post_v161_one_drop_one_add_whole_loan_swap,post-v161 one-swap pricing only; not multi-swap or global proof,C,C,1,2,4,2,0,3,2018,2018,CA,other
v63_source_repair_return_guarded_repair,incumbent_cvar_relaxed_source_lp,134743532,127475725,1000.0,1000.0,-201.5151503808579,-211.8282137432861,10.31306336242821,984.7308086200786,842400.0,True,True,6.907218559226713e-06,0.8992165242165242,0,,,61420.3913552911,95252.49146784891,True,True,post_v161_one_drop_one_add_whole_loan_swap,post-v161 one-swap pricing only; not multi-swap or global proof,C,C,1,1,1,4,2,0,2018,2018,other,AZ
v63_source_repair_return_guarded_repair,incumbent_cvar_relaxed_source_lp,134743532,127582382,1000.0,1000.0,-201.5151503808579,-205.52183833714096,4.006687956283059,978.4244332139334,842400.0,True,True,6.907218559226713e-06,0.8992165242165242,0,,,61362.4073011126,95174.15953359942,True,True,post_v161_one_drop_one_add_whole_loan_swap,post-v161 one-swap pricing only; not multi-swap or global proof,C,D,1,2,1,3,2,0,2018,2018,other,CA
v63_source_repair_return_guarded_repair,incumbent_cvar_relaxed_source_lp,134743532,126820122,1000.0,1000.0,-201.5151503808579,-201.89545162414464,0.38030124328673764,974.7980465009371,842400.0,True,True,6.907218559226713e-06,0.8992165242165242,0,,,61405.70179729337,95236.2229717475,True,True,post_v161_one_drop_one_add_whole_loan_swap,post-v161 one-swap pricing only; not multi-swap or global proof,C,C,1,1,1,0,2,1,2018,2018,other,other
v63_source_repair_return_guarded_repair,incumbent_cvar_relaxed_source_lp,134743532,126707528,1000.0,1000.0,-201.5151503808579,-226.37597165812684,24.86082127726894,999.2785665349193,842400.0,True,True,6.907218559226713e-06,0.8992165242165242,0,,,61282.824029849515,95080.24336939275,True,True,post_v161_one_drop_one_add_whole_loan_swap,post-v161 one-swap pricing only; not multi-swap or global proof,C,E,1,3,1,1,2,0,2018,2018,other,other
v63_source_repair_return_guarded_repair,incumbent_cvar_relaxed_source_lp,134743532,126652025,1000.0,1000.0,-201.5151503808579,-206.92821374328602,5.413063362428119,979.8308086200785,842400.0,True,True,6.907218559226713e-06,0.8992165242165242,0,,,61420.3913552911,95252.49146784891,True,True,post_v161_one_drop_one_add_whole_loan_swap,post-v161 one-swap pricing only; not multi-swap or global proof,C,C,1,1,1,3,2,1,2018,2018,other,FL
v63_source_repair_return_guarded_repair,incumbent_cvar_relaxed_source_lp,134743532,126409482,1000.0,1000.0,-201.5151503808579,-223.9633297987982,22.44817941794031,996.8659246755907,842400.0,True,True,6.907218559226713e-06,0.8992165242165242,0,,,61402.97366775533,95233.5526068101,True,True,post_v161_one_drop_one_add_whole_loan_swap,post-v161 one-swap pricing only; not multi-swap or global proof,C,C,1,2,1,2,2,3,2018,2018,other,other
v63_source_repair_return_guarded_repair,incumbent_cvar_relaxed_source_lp,134743532,166121358,1000.0,1000.0,-201.5151503808579,-212.03423240595197,10.519082025094065,984.9368272827444,842400.0,True,True,6.907218559226713e-06,0.8992165242165242,0,,,61394.47788208736,95197.88216745389,True,True,post_v161_one_drop_one_add_whole_loan_swap,post-v161 one-swap pricing only; not multi-swap or global proof,C,C,1,2,1,3,2,0,2018,2020,other,MD
v63_source_repair_return_guarded_repair,incumbent_cvar_relaxed_source_lp,134743532,169887690,1000.0,1000.0,-201.5151503808579,-221.11264407259083,19.59749369173292,994.0152389493833,842400.0,True,True,6.907218559226713e-06,0.8992165242165242,0,,,61412.62856998644,95244.50287720325,True,True,post_v161_one_drop_one_add_whole_loan_swap,post-v161 one-swap pricing only; not multi-swap or global proof,C,B,1,1,1,0,2,3,2018,2020,other,other
v63_source_repair_return_guarded_repair,incumbent_cvar_relaxed_source_lp,135723306,126707528,1000.0,1000.0,-214.56466263526897,-226.37597165812684,11.81130902285787,986.2290542805083,842400.0,True,True,6.907218559226713e-06,0.8992165242165242,0,,,61340.26981242656,95160.8762832145,True,True,post_v161_one_drop_one_add_whole_loan_swap,post-v161 one-swap pricing only; not multi-swap or global proof,D,E,2,3,3,1,2,0,2018,2018,other,other
v63_source_repair_return_guarded_repair,incumbent_cvar_relaxed_source_lp,135723306,126409482,1000.0,1000.0,-214.56466263526897,-223.9633297987982,9.39866716352924,983.8164124211796,842400.0,True,True,6.907218559226713e-06,0.8992165242165242,0,,,61460.419450332374,95314.18552063187,True,True,post_v161_one_drop_one_add_whole_loan_swap,post-v161 one-swap pricing only; not multi-swap or global proof,D,C,2,2,3,2,2,3,2018,2018,other,other
v63_source_repair_return_guarded_repair,incumbent_cvar_relaxed_source_lp,135723306,169887690,1000.0,1000.0,-214.56466263526897,-221.11264407259083,6.547981437321852,980.9657266949722,842400.0,True,True,6.907218559226713e-06,0.8992165242165242,0,,,61470.074352563475,95325.13579102502,True,True,post_v161_one_drop_one_add_whole_loan_swap,post-v161 one-swap pricing only; not multi-swap or global proof,D,B,2,1,3,0,2,3,2018,2020,other,other
v63_source_repair_return_guarded_repair,incumbent_cvar_relaxed_source_lp,135434670,127874931,1000.0,1000.0,-169.9123147501927,-186.9469746106631,17.034659860470384,991.4524051181207,842400.0,True,True,6.907218559226713e-06,0.8992165242165242,0,,,61410.414129602934,95237.11124006641,True,True,post_v161_one_drop_one_add_whole_loan_swap,post-v161 one-swap pricing only; not multi-swap or global proof,B,B,0,0,2,0,0,0,2018,2018,CA,MN
v63_source_repair_return_guarded_repair,incumbent_cvar_relaxed_source_lp,135434670,126733849,1000.0,1000.0,-169.9123147501927,-186.9469746106631,17.034659860470384,991.4524051181207,842400.0,True,True,6.907218559226713e-06,0.8992165242165242,0,,,61410.414129602934,95237.11124006641,True,True,post_v161_one_drop_one_add_whole_loan_swap,post-v161 one-swap pricing only; not multi-swap or global proof,B,B,0,0,2,4,0,3,2018,2018,CA,NJ
v63_source_repair_return_guarded_repair,incumbent_cvar_relaxed_source_lp,135434670,126416707,1000.0,1000.0,-169.9123147501927,-187.69320294656202,17.780888196369318,992.1986334540197,842400.0,True,True,6.907218559226713e-06,0.8992165242165242,0,,,61409.64903493148,95236.12712182903,True,True,post_v161_one_drop_one_add_whole_loan_swap,post-v161 one-swap pricing only; not multi-swap or global proof,B,B,0,0,2,1,0,1,2018,2018,CA,CA
v63_source_repair_return_guarded_repair,incumbent_cvar_relaxed_source_lp,135530216,126707528,1000.0,1000.0,-222.29758354157804,-226.37597165812684,4.078388116548808,978.4961333741992,842400.0,True,True,6.907218559226713e-06,0.8992165242165242,0,,,61348.155747569705,95164.96317448303,True,True,post_v161_one_drop_one_add_whole_loan_swap,post-v161 one-swap pricing only; not multi-swap or global proof,D,E,2,3,0,1,0,0,2018,2018,MN,other
v63_source_repair_return_guarded_repair,incumbent_cvar_relaxed_source_lp,135530216,126409482,1000.0,1000.0,-222.29758354157804,-223.9633297987982,1.665746257220178,976.0834915148705,842400.0,True,True,6.907218559226713e-06,0.8992165242165242,0,,,61468.30538547553,95318.27241190037,True,True,post_v161_one_drop_one_add_whole_loan_swap,post-v161 one-swap pricing only; not multi-swap or global proof,D,C,2,2,0,2,0,3,2018,2018,MN,other
v63_source_repair_return_guarded_repair,incumbent_cvar_relaxed_source_lp,134687393,126707528,1000.0,1000.0,-223.77380295788217,-226.37597165812684,2.6021687002446754,977.019913957895,842400.0,True,True,6.907218559226713e-06,0.8992165242165242,0,,,61310.5980821111,95095.81608504862,True,True,post_v161_one_drop_one_add_whole_loan_swap,post-v161 one-swap pricing only; not multi-swap or global proof,C,E,1,3,0,1,0,0,2018,2018,CA,other
v63_source_repair_return_guarded_repair,incumbent_cvar_relaxed_source_lp,134687393,126409482,1000.0,1000.0,-223.77380295788217,-223.9633297987982,0.1895268409160451,974.6072720985665,842400.0,True,True,6.907218559226713e-06,0.8992165242165242,0,,,61430.747720016916,95249.12532246599,True,True,post_v161_one_drop_one_add_whole_loan_swap,post-v161 one-swap pricing only; not multi-swap or global proof,C,C,1,2,0,2,0,3,2018,2018,CA,other
v63_source_repair_return_guarded_repair,incumbent_cvar_relaxed_source_lp,134226742,127874931,1000.0,1000.0,-175.77909796159472,-186.9469746106631,11.167876649068376,985.5856219067188,842400.0,True,True,6.907218559226713e-06,0.8992165242165242,0,,,61411.417789652376,95252.53729473606,True,True,post_v161_one_drop_one_add_whole_loan_swap,post-v161 one-swap pricing only; not multi-swap or global proof,B,B,0,0,2,0,2,0,2018,2018,PA,MN
v63_source_repair_return_guarded_repair,incumbent_cvar_relaxed_source_lp,134226742,126733849,1000.0,1000.0,-175.77909796159472,-186.9469746106631,11.167876649068376,985.5856219067188,842400.0,True,True,6.907218559226713e-06,0.8992165242165242,0,,,61411.417789652376,95252.53729473606,True,True,post_v161_one_drop_one_add_whole_loan_swap,post-v161 one-swap pricing only; not multi-swap or global proof,B,B,0,0,2,4,2,3,2018,2018,PA,NJ
v63_source_repair_return_guarded_repair,incumbent_cvar_relaxed_source_lp,134226742,126416707,1000.0,1000.0,-175.77909796159472,-187.69320294656202,11.91410498496731,986.3318502426177,842400.0,True,True,6.907218559226713e-06,0.8992165242165242,0,,,61410.65269498092,95251.55317649867,True,True,post_v161_one_drop_one_add_whole_loan_swap,post-v161 one-swap pricing only; not multi-swap or global proof,B,B,0,0,2,1,2,1,2018,2018,PA,CA
v63_source_repair_return_guarded_repair,incumbent_cvar_relaxed_source_lp,134420497,127874931,1000.0,1000.0,-145.73547946423722,-186.9469746106631,41.211495146425875,1015.6292404040762,842400.0,True,True,6.907218559226713e-06,0.8992165242165242,0,,,61420.399075313675,95267.88619874099,True,True,post_v161_one_drop_one_add_whole_loan_swap,post-v161 one-swap pricing only; not multi-swap or global proof,C,B,0,0,4,0,2,0,2018,2018,MD,MN
v63_source_repair_return_guarded_repair,incumbent_cvar_relaxed_source_lp,134420497,126733849,1000.0,1000.0,-145.73547946423722,-186.9469746106631,41.211495146425875,1015.6292404040762,842400.0,True,True,6.907218559226713e-06,0.8992165242165242,0,,,61420.399075313675,95267.88619874099,True,True,post_v161_one_drop_one_add_whole_loan_swap,post-v161 one-swap pricing only; not multi-swap or global proof,C,B,0,0,4,4,2,3,2018,2018,MD,NJ
v63_source_repair_return_guarded_repair,incumbent_cvar_relaxed_source_lp,134420497,126468092,1000.0,1000.0,-145.73547946423722,-169.50590883596908,23.770429371731865,998.1881746293823,842400.0,True,True,6.907218559226713e-06,0.8992165242165242,0,,,61443.303297871054,95299.1196007137,True,True,post_v161_one_drop_one_add_whole_loan_swap,post-v161 one-swap pricing only; not multi-swap or global proof,C,B,0,0,4,1,2,2,2018,2018,MD,other
v63_source_repair_return_guarded_repair,incumbent_cvar_relaxed_source_lp,134420497,126416707,1000.0,1000.0,-145.73547946423722,-187.69320294656202,41.95772348232481,1016.3754687399752,842400.0,True,True,6.907218559226713e-06,0.8992165242165242,0,,,61419.63398064221,95266.90208050361,True,True,post_v161_one_drop_one_add_whole_loan_swap,post-v161 one-swap pricing only; not multi-swap or global proof,C,B,0,0,4,1,2,1,2018,2018,MD,CA
v63_source_repair_return_guarded_repair,incumbent_cvar_relaxed_source_lp,134320828,127874931,1000.0,1000.0,-175.77909796159472,-186.9469746106631,11.167876649068376,985.5856219067188,842400.0,True,True,6.907218559226713e-06,0.8992165242165242,0,,,61411.417789652376,95252.53729473606,True,True,post_v161_one_drop_one_add_whole_loan_swap,post-v161 one-swap pricing only; not multi-swap or global proof,B,B,0,0,0,0,0,0,2018,2018,IL,MN
v63_source_repair_return_guarded_repair,incumbent_cvar_relaxed_source_lp,134320828,126733849,1000.0,1000.0,-175.77909796159472,-186.9469746106631,11.167876649068376,985.5856219067188,842400.0,True,True,6.907218559226713e-06,0.8992165242165242,0,,,61411.417789652376,95252.53729473606,True,True,post_v161_one_drop_one_add_whole_loan_swap,post-v161 one-swap pricing only; not multi-swap or global proof,B,B,0,0,0,4,0,3,2018,2018,IL,NJ
v63_source_repair_return_guarded_repair,incumbent_cvar_relaxed_source_lp,134320828,126416707,1000.0,1000.0,-175.77909796159472,-187.69320294656202,11.91410498496731,986.3318502426177,842400.0,True,True,6.907218559226713e-06,0.8992165242165242,0,,,61410.65269498092,95251.55317649867,True,True,post_v161_one_drop_one_add_whole_loan_swap,post-v161 one-swap pricing only; not multi-swap or global proof,B,B,0,0,0,1,0,1,2018,2018,IL,CA
v63_source_repair_return_guarded_repair,incumbent_cvar_relaxed_source_lp,133230422,126707528,1000.0,1000.0,-216.4574540875894,-226.37597165812684,9.918517570537432,984.3362628281878,842400.0,True,True,6.907218559226713e-06,0.8992165242165242,0,,,61386.65174990542,95248.3125098741,True,True,post_v161_one_drop_one_add_whole_loan_swap,post-v161 one-swap pricing only; not multi-swap or global proof,E,E,2,3,2,1,0,0,2018,2018,other,other
v63_source_repair_return_guarded_repair,incumbent_cvar_relaxed_source_lp,133230422,126409482,1000.0,1000.0,-216.4574540875894,-223.9633297987982,7.505875711208802,981.9236209688592,842400.0,True,True,6.907218559226713e-06,0.8992165242165242,0,,,61506.80138781124,95401.62174729143,True,True,post_v161_one_drop_one_add_whole_loan_swap,post-v161 one-swap pricing only; not multi-swap or global proof,E,C,2,2,2,2,0,3,2018,2018,other,other
v63_source_repair_return_guarded_repair,incumbent_cvar_relaxed_source_lp,133230422,169887690,1000.0,1000.0,-216.4574540875894,-221.11264407259083,4.655189985001414,979.0729352426517,842400.0,True,True,6.907218559226713e-06,0.8992165242165242,0,,,61516.45629004235,95412.57201768461,True,True,post_v161_one_drop_one_add_whole_loan_swap,post-v161 one-swap pricing only; not multi-swap or global proof,E,B,2,1,2,0,0,3,2018,2020,other,other
v63_source_repair_return_guarded_repair,incumbent_cvar_relaxed_source_lp,132998370,127874931,1000.0,1000.0,-172.24385736444108,-186.9469746106631,14.703117246222007,989.1208625038723,842400.0,True,True,6.907218559226713e-06,0.8992165242165242,0,,,61411.2791403929,95252.36440448693,True,True,post_v161_one_drop_one_add_whole_loan_swap,post-v161 one-swap pricing only; not multi-swap or global proof,B,B,0,0,2,0,1,0,2018,2018,MD,MN
v63_source_repair_return_guarded_repair,incumbent_cvar_relaxed_source_lp,132998370,126733849,1000.0,1000.0,-172.24385736444108,-186.9469746106631,14.703117246222007,989.1208625038723,842400.0,True,True,6.907218559226713e-06,0.8992165242165242,0,,,61411.2791403929,95252.36440448693,True,True,post_v161_one_drop_one_add_whole_loan_swap,post-v161 one-swap pricing only; not multi-swap or global proof,B,B,0,0,2,4,1,3,2018,2018,MD,NJ
v63_source_repair_return_guarded_repair,incumbent_cvar_relaxed_source_lp,132998370,126416707,1000.0,1000.0,-172.24385736444108,-187.69320294656202,15.449345582120941,989.8670908397713,842400.0,True,True,6.907218559226713e-06,0.8992165242165242,0,,,61410.514045721444,95251.38028624956,True,True,post_v161_one_drop_one_add_whole_loan_swap,post-v161 one-swap pricing only; not multi-swap or global proof,B,B,0,0,2,1,1,1,2018,2018,MD,CA
v63_source_repair_return_guarded_repair,incumbent_cvar_relaxed_source_lp,132826039,127672145,1000.0,1000.0,-195.24431793386313,-196.20083323856994,0.9565153047068122,975.3742605623572,842400.0,True,True,6.907218559226713e-06,0.8992165242165242,0,,,61440.30327411167,95293.02273697838,True,True,post_v161_one_drop_one_add_whole_loan_swap,post-v161 one-swap pricing only; not multi-swap or global proof,C,C,1,1,3,0,0,2,2018,2018,MD,other
v63_source_repair_return_guarded_repair,incumbent_cvar_relaxed_source_lp,132826039,127475725,1000.0,1000.0,-195.24431793386313,-211.8282137432861,16.583895809422984,991.0016410670734,842400.0,True,True,6.907218559226713e-06,0.8992165242165242,0,,,61414.41079314749,95260.92071872108,True,True,post_v161_one_drop_one_add_whole_loan_swap,post-v161 one-swap pricing only; not multi-swap or global proof,C,C,1,1,3,4,0,0,2018,2018,MD,AZ
v63_source_repair_return_guarded_repair,incumbent_cvar_relaxed_source_lp,132826039,127582382,1000.0,1000.0,-195.24431793386313,-205.52183833714096,10.277520403277833,984.6952656609283,842400.0,True,True,6.907218559226713e-06,0.8992165242165242,0,,,61356.42673896897,95182.58878447155,True,True,post_v161_one_drop_one_add_whole_loan_swap,post-v161 one-swap pricing only; not multi-swap or global proof,C,D,1,2,3,3,0,0,2018,2018,MD,CA
v63_source_repair_return_guarded_repair,incumbent_cvar_relaxed_source_lp,132826039,126820122,1000.0,1000.0,-195.24431793386313,-201.89545162414464,6.651133690281512,981.0688789479319,842400.0,True,True,6.907218559226713e-06,0.8992165242165242,0,,,61399.721235149744,95244.65222261965,True,True,post_v161_one_drop_one_add_whole_loan_swap,post-v161 one-swap pricing only; not multi-swap or global proof,C,C,1,1,3,0,0,1,2018,2018,MD,other
v63_source_repair_return_guarded_repair,incumbent_cvar_relaxed_source_lp,132826039,126707528,1000.0,1000.0,-195.24431793386313,-226.37597165812684,31.131653724263714,1005.5493989819141,842400.0,True,True,6.907218559226713e-06,0.8992165242165242,0,,,61276.84346770589,95088.67262026489,True,True,post_v161_one_drop_one_add_whole_loan_swap,post-v161 one-swap pricing only; not multi-swap or global proof,C,E,1,3,3,1,0,0,2018,2018,MD,other
v63_source_repair_return_guarded_repair,incumbent_cvar_relaxed_source_lp,132826039,126652025,1000.0,1000.0,-195.24431793386313,-206.92821374328602,11.683895809422893,986.1016410670733,842400.0,True,True,6.907218559226713e-06,0.8992165242165242,0,,,61414.41079314749,95260.92071872108,True,True,post_v161_one_drop_one_add_whole_loan_swap,post-v161 one-swap pricing only; not multi-swap or global proof,C,C,1,1,3,3,0,1,2018,2018,MD,FL
v63_source_repair_return_guarded_repair,incumbent_cvar_relaxed_source_lp,132826039,126419064,1000.0,1000.0,-195.24431793386313,-198.85427993768698,3.6099620038238527,978.0277072614742,842400.0,True,True,6.907218559226713e-06,0.8992165242165242,0,,,61373.11471171939,95201.98381655902,True,True,post_v161_one_drop_one_add_whole_loan_swap,post-v161 one-swap pricing only; not multi-swap or global proof,C,D,1,2,3,4,0,1,2018,2018,MD,other
v63_source_repair_return_guarded_repair,incumbent_cvar_relaxed_source_lp,132826039,126409482,1000.0,1000.0,-195.24431793386313,-223.9633297987982,28.719011864935084,1003.1367571225854,842400.0,True,True,6.907218559226713e-06,0.8992165242165242,0,,,61396.993105611706,95241.98185768224,True,True,post_v161_one_drop_one_add_whole_loan_swap,post-v161 one-swap pricing only; not multi-swap or global proof,C,C,1,2,3,2,0,3,2018,2018,MD,other
v63_source_repair_return_guarded_repair,incumbent_cvar_relaxed_source_lp,132826039,166121358,1000.0,1000.0,-195.24431793386313,-212.03423240595197,16.78991447208884,991.2076597297392,842400.0,True,True,6.907218559226713e-06,0.8992165242165242,0,,,61388.49731994374,95206.31141832603,True,True,post_v161_one_drop_one_add_whole_loan_swap,post-v161 one-swap pricing only; not multi-swap or global proof,C,C,1,2,3,3,0,0,2018,2020,MD,MD
v63_source_repair_return_guarded_repair,incumbent_cvar_relaxed_source_lp,132826039,169887690,1000.0,1000.0,-195.24431793386313,-221.11264407259083,25.868326138727696,1000.286071396378,842400.0,True,True,6.907218559226713e-06,0.8992165242165242,0,,,61406.648007842814,95252.93212807542,True,True,post_v161_one_drop_one_add_whole_loan_swap,post-v161 one-swap pricing only; not multi-swap or global proof,C,B,1,1,3,0,0,3,2018,2020,MD,other
v63_source_repair_return_guarded_repair,incumbent_cvar_relaxed_source_lp,132554731,126707528,1000.0,1000.0,-219.1907937219649,-226.37597165812684,7.185177936161949,981.6029231938123,842400.0,True,True,6.907218559226713e-06,0.8992165242165242,0,,,61311.25897980931,95107.32562979178,True,True,post_v161_one_drop_one_add_whole_loan_swap,post-v161 one-swap pricing only; not multi-swap or global proof,C,E,1,3,1,1,2,0,2018,2018,TX,other
v63_source_repair_return_guarded_repair,incumbent_cvar_relaxed_source_lp,132554731,126409482,1000.0,1000.0,-219.1907937219649,-223.9633297987982,4.772536076833319,979.1902813344836,842400.0,True,True,6.907218559226713e-06,0.8992165242165242,0,,,61431.40861771512,95260.63486720914,True,True,post_v161_one_drop_one_add_whole_loan_swap,post-v161 one-swap pricing only; not multi-swap or global proof,C,C,1,2,1,2,2,3,2018,2018,TX,other
v63_source_repair_return_guarded_repair,incumbent_cvar_relaxed_source_lp,132554731,169887690,1000.0,1000.0,-219.1907937219649,-221.11264407259083,1.921850350625931,976.3395956082763,842400.0,True,True,6.907218559226713e-06,0.8992165242165242,0,,,61441.06351994624,95271.5851376023,True,True,post_v161_one_drop_one_add_whole_loan_swap,post-v161 one-swap pricing only; not multi-swap or global proof,C,B,1,1,1,0,2,3,2018,2020,TX,other
v63_source_repair_return_guarded_repair,incumbent_cvar_relaxed_source_lp,132370030,126483031,1200.0,1200.0,-197.76674388110365,-200.480236756332,2.7134928752283543,977.1312381328787,842400.0,True,True,6.907218559226713e-06,0.8992165242165242,0,,,61454.876293519264,95305.14315601285,True,True,post_v161_one_drop_one_add_whole_loan_swap,post-v161 one-swap pricing only; not multi-swap or global proof,B,B,0,0,1,2,0,0,2018,2018,NY,FL
v63_source_repair_return_guarded_repair,incumbent_cvar_relaxed_source_lp,131774250,126707528,1000.0,1000.0,-220.838308496903,-226.37597165812684,5.537663161223833,979.9554084188742,842400.0,True,True,6.907218559226713e-06,0.8992165242165242,0,,,61256.46749163931,95026.93468892365,True,True,post_v161_one_drop_one_add_whole_loan_swap,post-v161 one-swap pricing only; not multi-swap or global proof,B,E,1,3,1,1,4,0,2018,2018,other,other
v63_source_repair_return_guarded_repair,incumbent_cvar_relaxed_source_lp,131774250,126409482,1000.0,1000.0,-220.838308496903,-223.9633297987982,3.1250213018952024,977.5427665595456,842400.0,True,True,6.907218559226713e-06,0.8992165242165242,0,,,61376.61712954512,95180.243926341,True,True,post_v161_one_drop_one_add_whole_loan_swap,post-v161 one-swap pricing only; not multi-swap or global proof,B,C,1,2,1,2,4,3,2018,2018,other,other
v63_source_repair_return_guarded_repair,incumbent_cvar_relaxed_source_lp,131774250,169887690,1000.0,1000.0,-220.838308496903,-221.11264407259083,0.2743355756878145,974.6920808333382,842400.0,True,True,6.907218559226713e-06,0.8992165242165242,0,,,61386.272031776236,95191.19419673417,True,True,post_v161_one_drop_one_add_whole_loan_swap,post-v161 one-swap pricing only; not multi-swap or global proof,B,B,1,1,1,0,4,3,2018,2020,other,other
v63_source_repair_return_guarded_repair,incumbent_cvar_relaxed_source_lp,131574675,127874931,1000.0,1000.0,-157.0638633390644,-186.9469746106631,29.883111271598693,1004.3008565292491,842400.0,True,True,6.907218559226713e-06,0.8992165242165242,0,,,61395.71626499272,95212.95198654498,True,True,post_v161_one_drop_one_add_whole_loan_swap,post-v161 one-swap pricing only; not multi-swap or global proof,B,B,0,0,4,0,0,0,2018,2018,TX,MN
v63_source_repair_return_guarded_repair,incumbent_cvar_relaxed_source_lp,131574675,126733849,1000.0,1000.0,-157.0638633390644,-186.9469746106631,29.883111271598693,1004.3008565292491,842400.0,True,True,6.907218559226713e-06,0.8992165242165242,0,,,61395.71626499272,95212.95198654498,True,True,post_v161_one_drop_one_add_whole_loan_swap,post-v161 one-swap pricing only; not multi-swap or global proof,B,B,0,0,4,4,0,3,2018,2018,TX,NJ
v63_source_repair_return_guarded_repair,incumbent_cvar_relaxed_source_lp,131574675,126468092,1000.0,1000.0,-157.0638633390644,-169.50590883596908,12.442045496904683,986.8597907545551,842400.0,True,True,6.907218559226713e-06,0.8992165242165242,0,,,61418.62048755011,95244.1853885177,True,True,post_v161_one_drop_one_add_whole_loan_swap,post-v161 one-swap pricing only; not multi-swap or global proof,B,B,0,0,4,1,0,2,2018,2018,TX,other
v63_source_repair_return_guarded_repair,incumbent_cvar_relaxed_source_lp,131574675,126416707,1000.0,1000.0,-157.0638633390644,-187.69320294656202,30.629339607497627,1005.047084865148,842400.0,True,True,6.907218559226713e-06,0.8992165242165242,0,,,61394.95117032128,95211.9678683076,True,True,post_v161_one_drop_one_add_whole_loan_swap,post-v161 one-swap pricing only; not multi-swap or global proof,B,B,0,0,4,1,0,1,2018,2018,TX,CA
v63_source_repair_return_guarded_repair,incumbent_cvar_relaxed_source_lp,131167085,127874931,1000.0,1000.0,-180.50561990091967,-186.9469746106631,6.441354709743422,980.8590999673938,842400.0,True,True,6.907218559226713e-06,0.8992165242165242,0,,,61419.733406967,95248.04284655984,True,True,post_v161_one_drop_one_add_whole_loan_swap,post-v161 one-swap pricing only; not multi-swap or global proof,B,B,0,0,3,0,0,0,2018,2018,WA,MN
v63_source_repair_return_guarded_repair,incumbent_cvar_relaxed_source_lp,131167085,126733849,1000.0,1000.0,-180.50561990091967,-186.9469746106631,6.441354709743422,980.8590999673938,842400.0,True,True,6.907218559226713e-06,0.8992165242165242,0,,,61419.733406967,95248.04284655984,True,True,post_v161_one_drop_one_add_whole_loan_swap,post-v161 one-swap pricing only; not multi-swap or global proof,B,B,0,0,3,4,0,3,2018,2018,WA,NJ
v63_source_repair_return_guarded_repair,incumbent_cvar_relaxed_source_lp,131167085,126416707,1000.0,1000.0,-180.50561990091967,-187.69320294656202,7.187583045642356,981.6053283032927,842400.0,True,True,6.907218559226713e-06,0.8992165242165242,0,,,61418.96831229555,95247.05872832246,True,True,post_v161_one_drop_one_add_whole_loan_swap,post-v161 one-swap pricing only; not multi-swap or global proof,B,B,0,0,3,1,0,1,2018,2018,WA,CA
v63_source_repair_return_guarded_repair,incumbent_cvar_relaxed_source_lp,141067616,127475725,1000.0,1000.0,-204.69117522118168,-211.8282137432861,7.137038522104433,981.5547837797549,842400.0,True,True,6.907218559226713e-06,0.8992165242165242,0,,,61556.64831483582,95430.38879956538,True,True,post_v161_one_drop_one_add_whole_loan_swap,post-v161 one-swap pricing only; not multi-swap or global proof,E,C,3,1,1,4,1,0,2018,2018,NJ,AZ
v63_source_repair_return_guarded_repair,incumbent_cvar_relaxed_source_lp,141067616,127582382,1000.0,1000.0,-204.69117522118168,-205.52183833714096,0.8306631159592825,975.2484083736097,842400.0,True,True,6.907218559226713e-06,0.8992165242165242,0,,,61498.6642606573,95352.05686531586,True,True,post_v161_one_drop_one_add_whole_loan_swap,post-v161 one-swap pricing only; not multi-swap or global proof,E,D,3,2,1,3,1,0,2018,2018,NJ,CA
v63_source_repair_return_guarded_repair,incumbent_cvar_relaxed_source_lp,141067616,126707528,1000.0,1000.0,-204.69117522118168,-226.37597165812684,21.684796436945163,996.1025416945955,842400.0,True,True,6.907218559226713e-06,0.8992165242165242,0,,,61419.08098939422,95258.14070110921,True,True,post_v161_one_drop_one_add_whole_loan_swap,post-v161 one-swap pricing only; not multi-swap or global proof,E,E,3,3,1,1,1,0,2018,2018,NJ,other
v63_source_repair_return_guarded_repair,incumbent_cvar_relaxed_source_lp,141067616,126652025,1000.0,1000.0,-204.69117522118168,-206.92821374328602,2.237038522104342,976.6547837797548,842400.0,True,True,6.907218559226713e-06,0.8992165242165242,0,,,61556.64831483582,95430.38879956538,True,True,post_v161_one_drop_one_add_whole_loan_swap,post-v161 one-swap pricing only; not multi-swap or global proof,E,C,3,1,1,3,1,1,2018,2018,NJ,FL
v63_source_repair_return_guarded_repair,incumbent_cvar_relaxed_source_lp,141067616,126409482,1000.0,1000.0,-204.69117522118168,-223.9633297987982,19.272154577616533,993.6898998352669,842400.0,True,True,6.907218559226713e-06,0.8992165242165242,0,,,61539.23062730003,95411.44993852654,True,True,post_v161_one_drop_one_add_whole_loan_swap,post-v161 one-swap pricing only; not multi-swap or global proof,E,C,3,2,1,2,1,3,2018,2018,NJ,other
v63_source_repair_return_guarded_repair,incumbent_cvar_relaxed_source_lp,141067616,166121358,1000.0,1000.0,-204.69117522118168,-212.03423240595197,7.343057184770288,981.7608024424206,842400.0,True,True,6.907218559226713e-06,0.8992165242165242,0,,,61530.73484163206,95375.77949917034,True,True,post_v161_one_drop_one_add_whole_loan_swap,post-v161 one-swap pricing only; not multi-swap or global proof,E,C,3,2,1,3,1,0,2018,2020,NJ,MD
v63_source_repair_return_guarded_repair,incumbent_cvar_relaxed_source_lp,141067616,169887690,1000.0,1000.0,-204.69117522118168,-221.11264407259083,16.421468851409145,990.8392141090595,842400.0,True,True,6.907218559226713e-06,0.8992165242165242,0,,,61548.885529531144,95422.4002089197,True,True,post_v161_one_drop_one_add_whole_loan_swap,post-v161 one-swap pricing only; not multi-swap or global proof,E,B,3,1,1,0,1,3,2018,2020,NJ,other
v63_source_repair_return_guarded_repair,incumbent_cvar_relaxed_source_lp,140620222,127874931,1000.0,1000.0,-161.9757189883544,-186.9469746106631,24.97125562230869,999.3890008799591,842400.0,True,True,6.907218559226713e-06,0.8980294396961064,0,,,61530.83241001547,95430.02373424427,True,True,post_v161_one_drop_one_add_whole_loan_swap,post-v161 one-swap pricing only; not multi-swap or global proof,E,B,2,0,2,0,0,0,2018,2018,FL,MN
v63_source_repair_return_guarded_repair,incumbent_cvar_relaxed_source_lp,140620222,127672145,1000.0,1000.0,-161.9757189883544,-196.20083323856994,34.22511425021554,1008.642859507866,842400.0,True,True,6.907218559226713e-06,0.8992165242165242,0,,,61499.724994990785,95385.65341535899,True,True,post_v161_one_drop_one_add_whole_loan_swap,post-v161 one-swap pricing only; not multi-swap or global proof,E,C,2,1,2,0,0,2,2018,2018,FL,other
v63_source_repair_return_guarded_repair,incumbent_cvar_relaxed_source_lp,140620222,127475725,1000.0,1000.0,-161.9757189883544,-211.8282137432861,49.85249475493171,1024.270240012582,842400.0,True,True,6.907218559226713e-06,0.8992165242165242,0,,,61473.8325140266,95353.55139710169,True,True,post_v161_one_drop_one_add_whole_loan_swap,post-v161 one-swap pricing only; not multi-swap or global proof,E,C,2,1,2,4,0,0,2018,2018,FL,AZ
v63_source_repair_return_guarded_repair,incumbent_cvar_relaxed_source_lp,140620222,127582382,1000.0,1000.0,-161.9757189883544,-205.52183833714096,43.54611934878656,1017.9638646064369,842400.0,True,True,6.907218559226713e-06,0.8992165242165242,0,,,61415.848459848086,95275.21946285217,True,True,post_v161_one_drop_one_add_whole_loan_swap,post-v161 one-swap pricing only; not multi-swap or global proof,E,D,2,2,2,3,0,0,2018,2018,FL,CA
v63_source_repair_return_guarded_repair,incumbent_cvar_relaxed_source_lp,140620222,126827839,1000.0,1000.0,-161.9757189883544,-175.77898463113021,13.803265642775813,988.2210109004262,842400.0,True,True,6.907218559226713e-06,0.8992165242165242,0,,,61397.622091245525,95243.86283444424,True,True,post_v161_one_drop_one_add_whole_loan_swap,post-v161 one-swap pricing only; not multi-swap or global proof,E,E,2,2,2,0,0,4,2018,2018,FL,other
v63_source_repair_return_guarded_repair,incumbent_cvar_relaxed_source_lp,140620222,126820122,1000.0,1000.0,-161.9757189883544,-201.89545162414464,39.91973263579024,1014.3374778934406,842400.0,True,True,6.907218559226713e-06,0.8992165242165242,0,,,61459.14295602887,95337.28290100029,True,True,post_v161_one_drop_one_add_whole_loan_swap,post-v161 one-swap pricing only; not multi-swap or global proof,E,C,2,1,2,0,0,1,2018,2018,FL,other
v63_source_repair_return_guarded_repair,incumbent_cvar_relaxed_source_lp,140620222,126707528,1000.0,1000.0,-161.9757189883544,-226.37597165812684,64.40025266977244,1038.8179979274228,842400.0,True,True,6.907218559226713e-06,0.8992165242165242,0,,,61336.26518858501,95181.30329864551,True,True,post_v161_one_drop_one_add_whole_loan_swap,post-v161 one-swap pricing only; not multi-swap or global proof,E,E,2,3,2,1,0,0,2018,2018,FL,other
v63_source_repair_return_guarded_repair,incumbent_cvar_relaxed_source_lp,140620222,126733849,1000.0,1000.0,-161.9757189883544,-186.9469746106631,24.97125562230869,999.3890008799591,842400.0,True,True,6.907218559226713e-06,0.8980294396961064,0,,,61530.83241001547,95430.02373424427,True,True,post_v161_one_drop_one_add_whole_loan_swap,post-v161 one-swap pricing only; not multi-swap or global proof,E,B,2,0,2,4,0,3,2018,2018,FL,NJ
v63_source_repair_return_guarded_repair,incumbent_cvar_relaxed_source_lp,140620222,126652025,1000.0,1000.0,-161.9757189883544,-206.92821374328602,44.95249475493162,1019.370240012582,842400.0,True,True,6.907218559226713e-06,0.8992165242165242,0,,,61473.8325140266,95353.55139710169,True,True,post_v161_one_drop_one_add_whole_loan_swap,post-v161 one-swap pricing only; not multi-swap or global proof,E,C,2,1,2,3,0,1,2018,2018,FL,FL
v63_source_repair_return_guarded_repair,incumbent_cvar_relaxed_source_lp,140620222,126468092,1000.0,1000.0,-161.9757189883544,-169.50590883596908,7.530189847614679,981.9479351052651,842400.0,True,True,6.907218559226713e-06,0.8980294396961064,0,,,61553.73663257286,95461.25713621698,True,True,post_v161_one_drop_one_add_whole_loan_swap,post-v161 one-swap pricing only; not multi-swap or global proof,E,B,2,0,2,1,0,2,2018,2018,FL,other
v63_source_repair_return_guarded_repair,incumbent_cvar_relaxed_source_lp,140620222,126416707,1000.0,1000.0,-161.9757189883544,-187.69320294656202,25.717483958207623,1000.135229215858,842400.0,True,True,6.907218559226713e-06,0.8980294396961064,0,,,61530.067315344015,95429.03961600688,True,True,post_v161_one_drop_one_add_whole_loan_swap,post-v161 one-swap pricing only; not multi-swap or global proof,E,B,2,0,2,1,0,1,2018,2018,FL,CA
v63_source_repair_return_guarded_repair,incumbent_cvar_relaxed_source_lp,140620222,126419064,1000.0,1000.0,-161.9757189883544,-198.85427993768698,36.87856094933258,1011.296306206983,842400.0,True,True,6.907218559226713e-06,0.8992165242165242,0,,,61432.5364325985,95294.61449493963,True,True,post_v161_one_drop_one_add_whole_loan_swap,post-v161 one-swap pricing only; not multi-swap or global proof,E,D,2,2,2,4,0,1,2018,2018,FL,other
v63_source_repair_return_guarded_repair,incumbent_cvar_relaxed_source_lp,140620222,126409482,1000.0,1000.0,-161.9757189883544,-223.9633297987982,61.98761081044381,1036.405356068094,842400.0,True,True,6.907218559226713e-06,0.8992165242165242,0,,,61456.414826490814,95334.61253606288,True,True,post_v161_one_drop_one_add_whole_loan_swap,post-v161 one-swap pricing only; not multi-swap or global proof,E,C,2,2,2,2,0,3,2018,2018,FL,other
v63_source_repair_return_guarded_repair,incumbent_cvar_relaxed_source_lp,140620222,166121358,1000.0,1000.0,-161.9757189883544,-212.03423240595197,50.05851341759757,1024.476258675248,842400.0,True,True,6.907218559226713e-06,0.8992165242165242,0,,,61447.91904082285,95298.94209670665,True,True,post_v161_one_drop_one_add_whole_loan_swap,post-v161 one-swap pricing only; not multi-swap or global proof,E,C,2,2,2,3,0,0,2018,2020,FL,MD
v63_source_repair_return_guarded_repair,incumbent_cvar_relaxed_source_lp,140620222,168701788,1000.0,1000.0,-161.9757189883544,-178.5860397151734,16.610320726818998,991.0280659844693,842400.0,True,True,6.907218559226713e-06,0.8992165242165242,0,,,61451.41159428269,95304.31222095668,True,True,post_v161_one_drop_one_add_whole_loan_swap,post-v161 one-swap pricing only; not multi-swap or global proof,E,C,2,1,2,3,0,1,2018,2020,FL,TX
v63_source_repair_return_guarded_repair,incumbent_cvar_relaxed_source_lp,140620222,169887690,1000.0,1000.0,-161.9757189883544,-221.11264407259083,59.136925084236424,1033.5546703418868,842400.0,True,True,6.907218559226713e-06,0.8992165242165242,0,,,61466.06972872193,95345.56280645604,True,True,post_v161_one_drop_one_add_whole_loan_swap,post-v161 one-swap pricing only; not multi-swap or global proof,E,B,2,1,2,0,0,3,2018,2020,FL,other
v63_source_repair_return_guarded_repair,incumbent_cvar_relaxed_source_lp,140620222,169358871,1000.0,1000.0,-161.9757189883544,-177.86634212741987,15.890623139065468,990.3083683967159,842400.0,True,True,6.907218559226713e-06,0.8992165242165242,0,,,61461.182611615426,95291.88718591686,True,True,post_v161_one_drop_one_add_whole_loan_swap,post-v161 one-swap pricing only; not multi-swap or global proof,E,C,2,1,2,3,0,0,2018,2020,FL,VA
v63_source_repair_return_guarded_repair,incumbent_cvar_relaxed_source_lp,140620222,139506195,1000.0,1000.0,-161.9757189883544,-177.67809625327766,15.702377264923257,990.1201225225736,842400.0,True,True,6.907218559226713e-06,0.8992165242165242,0,,,61435.347931564014,95238.10556079641,True,True,post_v161_one_drop_one_add_whole_loan_swap,post-v161 one-swap pricing only; not multi-swap or global proof,E,D,2,2,2,2,0,0,2018,2018,FL,CA
v63_source_repair_return_guarded_repair,incumbent_cvar_relaxed_source_lp,140620222,156823754,1000.0,1000.0,-161.9757189883544,-183.46022770133698,21.484508712982574,995.902253970633,842400.0,True,True,6.907218559226713e-06,0.8992165242165242,0,,,61432.949712464615,95217.20079741573,True,True,post_v161_one_drop_one_add_whole_loan_swap,post-v161 one-swap pricing only; not multi-swap or global proof,E,D,2,2,2,3,0,1,2018,2019,FL,CA
v63_source_repair_return_guarded_repair,incumbent_cvar_relaxed_source_lp,140620222,156807668,1000.0,1000.0,-161.9757189883544,-175.85010442413147,13.874385435777072,988.2921306934275,842400.0,True,True,6.907218559226713e-06,0.8992165242165242,0,,,61460.38320682333,95245.47715779342,True,True,post_v161_one_drop_one_add_whole_loan_swap,post-v161 one-swap pricing only; not multi-swap or global proof,E,D,2,2,2,0,0,0,2018,2019,FL,TX
v63_source_repair_return_guarded_repair,incumbent_cvar_relaxed_source_lp,141017853,127874931,1000.0,1000.0,-160.86500878453754,-186.9469746106631,26.081965826125554,1000.499711083776,842400.0,True,True,6.907218559226713e-06,0.8980294396961064,0,,,61539.56721973786,95441.51142792449,True,True,post_v161_one_drop_one_add_whole_loan_swap,post-v161 one-swap pricing only; not multi-swap or global proof,E,B,2,0,4,0,0,0,2018,2018,VA,MN
v63_source_repair_return_guarded_repair,incumbent_cvar_relaxed_source_lp,141017853,127672145,1000.0,1000.0,-160.86500878453754,-196.20083323856994,35.335824454032405,1009.7535697116828,842400.0,True,True,6.907218559226713e-06,0.8992165242165242,0,,,61508.45980471317,95397.1411090392,True,True,post_v161_one_drop_one_add_whole_loan_swap,post-v161 one-swap pricing only; not multi-swap or global proof,E,C,2,1,4,0,0,2,2018,2018,VA,other
v63_source_repair_return_guarded_repair,incumbent_cvar_relaxed_source_lp,141017853,127475725,1000.0,1000.0,-160.86500878453754,-211.8282137432861,50.96320495874858,1025.380950216399,842400.0,True,True,6.907218559226713e-06,0.8992165242165242,0,,,61482.56732374899,95365.03909078192,True,True,post_v161_one_drop_one_add_whole_loan_swap,post-v161 one-swap pricing only; not multi-swap or global proof,E,C,2,1,4,4,0,0,2018,2018,VA,AZ
v63_source_repair_return_guarded_repair,incumbent_cvar_relaxed_source_lp,141017853,127582382,1000.0,1000.0,-160.86500878453754,-205.52183833714096,44.656829552603426,1019.0745748102538,842400.0,True,True,6.907218559226713e-06,0.8992165242165242,0,,,61424.583269570474,95286.70715653241,True,True,post_v161_one_drop_one_add_whole_loan_swap,post-v161 one-swap pricing only; not multi-swap or global proof,E,D,2,2,4,3,0,0,2018,2018,VA,CA
v63_source_repair_return_guarded_repair,incumbent_cvar_relaxed_source_lp,141017853,126827839,1000.0,1000.0,-160.86500878453754,-175.77898463113021,14.913975846592677,989.3317211042431,842400.0,True,True,6.907218559226713e-06,0.8992165242165242,0,,,61406.35690096792,95255.35052812447,True,True,post_v161_one_drop_one_add_whole_loan_swap,post-v161 one-swap pricing only; not multi-swap or global proof,E,E,2,2,4,0,0,4,2018,2018,VA,other
v63_source_repair_return_guarded_repair,incumbent_cvar_relaxed_source_lp,141017853,126820122,1000.0,1000.0,-160.86500878453754,-201.89545162414464,41.030442839607105,1015.4481880972575,842400.0,True,True,6.907218559226713e-06,0.8992165242165242,0,,,61467.877765751255,95348.7705946805,True,True,post_v161_one_drop_one_add_whole_loan_swap,post-v161 one-swap pricing only; not multi-swap or global proof,E,C,2,1,4,0,0,1,2018,2018,VA,other
v63_source_repair_return_guarded_repair,incumbent_cvar_relaxed_source_lp,141017853,126707528,1000.0,1000.0,-160.86500878453754,-226.37597165812684,65.5109628735893,1039.9287081312398,842400.0,True,True,6.907218559226713e-06,0.8992165242165242,0,,,61344.99999830741,95192.79099232574,True,True,post_v161_one_drop_one_add_whole_loan_swap,post-v161 one-swap pricing only; not multi-swap or global proof,E,E,2,3,4,1,0,0,2018,2018,VA,other
v63_source_repair_return_guarded_repair,incumbent_cvar_relaxed_source_lp,141017853,126733849,1000.0,1000.0,-160.86500878453754,-186.9469746106631,26.081965826125554,1000.499711083776,842400.0,True,True,6.907218559226713e-06,0.8980294396961064,0,,,61539.56721973786,95441.51142792449,True,True,post_v161_one_drop_one_add_whole_loan_swap,post-v161 one-swap pricing only; not multi-swap or global proof,E,B,2,0,4,4,0,3,2018,2018,VA,NJ
v63_source_repair_return_guarded_repair,incumbent_cvar_relaxed_source_lp,141017853,126652025,1000.0,1000.0,-160.86500878453754,-206.92821374328602,46.063204958748486,1020.4809502163989,842400.0,True,True,6.907218559226713e-06,0.8992165242165242,0,,,61482.56732374899,95365.03909078192,True,True,post_v161_one_drop_one_add_whole_loan_swap,post-v161 one-swap pricing only; not multi-swap or global proof,E,C,2,1,4,3,0,1,2018,2018,VA,FL
v63_source_repair_return_guarded_repair,incumbent_cvar_relaxed_source_lp,141017853,126468092,1000.0,1000.0,-160.86500878453754,-169.50590883596908,8.640900051431544,983.058645309082,842400.0,True,True,6.907218559226713e-06,0.8980294396961064,0,,,61562.471442295246,95472.74482989722,True,True,post_v161_one_drop_one_add_whole_loan_swap,post-v161 one-swap pricing only; not multi-swap or global proof,E,B,2,0,4,1,0,2,2018,2018,VA,other
v63_source_repair_return_guarded_repair,incumbent_cvar_relaxed_source_lp,141017853,126416707,1000.0,1000.0,-160.86500878453754,-187.69320294656202,26.828194162024488,1001.2459394196749,842400.0,True,True,6.907218559226713e-06,0.8980294396961064,0,,,61538.8021250664,95440.5273096871,True,True,post_v161_one_drop_one_add_whole_loan_swap,post-v161 one-swap pricing only; not multi-swap or global proof,E,B,2,0,4,1,0,1,2018,2018,VA,CA
v63_source_repair_return_guarded_repair,incumbent_cvar_relaxed_source_lp,141017853,126419064,1000.0,1000.0,-160.86500878453754,-198.85427993768698,37.989271153149446,1012.4070164107998,842400.0,True,True,6.907218559226713e-06,0.8992165242165242,0,,,61441.27124232089,95306.10218861984,True,True,post_v161_one_drop_one_add_whole_loan_swap,post-v161 one-swap pricing only; not multi-swap or global proof,E,D,2,2,4,4,0,1,2018,2018,VA,other
v63_source_repair_return_guarded_repair,incumbent_cvar_relaxed_source_lp,141017853,126409482,1000.0,1000.0,-160.86500878453754,-223.9633297987982,63.09832101426068,1037.516066271911,842400.0,True,True,6.907218559226713e-06,0.8992165242165242,0,,,61465.14963621321,95346.1002297431,True,True,post_v161_one_drop_one_add_whole_loan_swap,post-v161 one-swap pricing only; not multi-swap or global proof,E,C,2,2,4,2,0,3,2018,2018,VA,other
v63_source_repair_return_guarded_repair,incumbent_cvar_relaxed_source_lp,141017853,166121358,1000.0,1000.0,-160.86500878453754,-212.03423240595197,51.16922362141443,1025.586968879065,842400.0,True,True,6.907218559226713e-06,0.8992165242165242,0,,,61456.65385054525,95310.4297903869,True,True,post_v161_one_drop_one_add_whole_loan_swap,post-v161 one-swap pricing only; not multi-swap or global proof,E,C,2,2,4,3,0,0,2018,2020,VA,MD
v63_source_repair_return_guarded_repair,incumbent_cvar_relaxed_source_lp,141017853,168701788,1000.0,1000.0,-160.86500878453754,-178.5860397151734,17.721030930635862,992.1387761882862,842400.0,True,True,6.907218559226713e-06,0.8992165242165242,0,,,61460.146404005085,95315.79991463691,True,True,post_v161_one_drop_one_add_whole_loan_swap,post-v161 one-swap pricing only; not multi-swap or global proof,E,C,2,1,4,3,0,1,2018,2020,VA,TX
v63_source_repair_return_guarded_repair,incumbent_cvar_relaxed_source_lp,141017853,169887690,1000.0,1000.0,-160.86500878453754,-221.11264407259083,60.24763528805329,1034.6653805457036,842400.0,True,True,6.907218559226713e-06,0.8992165242165242,0,,,61474.804538444325,95357.05050013626,True,True,post_v161_one_drop_one_add_whole_loan_swap,post-v161 one-swap pricing only; not multi-swap or global proof,E,B,2,1,4,0,0,3,2018,2020,VA,other
v63_source_repair_return_guarded_repair,incumbent_cvar_relaxed_source_lp,141017853,169358871,1000.0,1000.0,-160.86500878453754,-177.86634212741987,17.001333342882333,991.4190786005327,842400.0,True,True,6.907218559226713e-06,0.8992165242165242,0,,,61469.91742133782,95303.37487959708,True,True,post_v161_one_drop_one_add_whole_loan_swap,post-v161 one-swap pricing only; not multi-swap or global proof,E,C,2,1,4,3,0,0,2018,2020,VA,VA
v63_source_repair_return_guarded_repair,incumbent_cvar_relaxed_source_lp,141017853,139506195,1000.0,1000.0,-160.86500878453754,-177.67809625327766,16.81308746874012,991.2308327263905,842400.0,True,True,6.907218559226713e-06,0.8992165242165242,0,,,61444.08274128642,95249.59325447663,True,True,post_v161_one_drop_one_add_whole_loan_swap,post-v161 one-swap pricing only; not multi-swap or global proof,E,D,2,2,4,2,0,0,2018,2018,VA,CA
v63_source_repair_return_guarded_repair,incumbent_cvar_relaxed_source_lp,141017853,156823754,1000.0,1000.0,-160.86500878453754,-183.46022770133698,22.59521891679944,997.0129641744498,842400.0,True,True,6.907218559226713e-06,0.8992165242165242,0,,,61441.684522187,95228.68849109596,True,True,post_v161_one_drop_one_add_whole_loan_swap,post-v161 one-swap pricing only; not multi-swap or global proof,E,D,2,2,4,3,0,1,2018,2019,VA,CA
v63_source_repair_return_guarded_repair,incumbent_cvar_relaxed_source_lp,141017853,156807668,1000.0,1000.0,-160.86500878453754,-175.85010442413147,14.985095639593936,989.4028408972443,842400.0,True,True,6.907218559226713e-06,0.8992165242165242,0,,,61469.11801654572,95256.96485147366,True,True,post_v161_one_drop_one_add_whole_loan_swap,post-v161 one-swap pricing only; not multi-swap or global proof,E,D,2,2,4,0,0,0,2018,2019,VA,TX
v63_source_repair_return_guarded_repair,incumbent_cvar_relaxed_source_lp,140861718,127874931,1000.0,1000.0,-168.7891671871381,-186.9469746106631,18.157807423524986,992.5755526811754,842400.0,True,True,6.907218559226713e-06,0.8980294396961064,0,,,61483.25530819436,95356.06506641123,True,True,post_v161_one_drop_one_add_whole_loan_swap,post-v161 one-swap pricing only; not multi-swap or global proof,D,B,1,0,3,0,4,0,2018,2018,MD,MN
v63_source_repair_return_guarded_repair,incumbent_cvar_relaxed_source_lp,140861718,127672145,1000.0,1000.0,-168.7891671871381,-196.20083323856994,27.411666051431837,1001.8294113090822,842400.0,True,True,6.907218559226713e-06,0.8992165242165242,0,,,61452.14789316968,95311.69474752595,True,True,post_v161_one_drop_one_add_whole_loan_swap,post-v161 one-swap pricing only; not multi-swap or global proof,D,C,1,1,3,0,4,2,2018,2018,MD,other
v63_source_repair_return_guarded_repair,incumbent_cvar_relaxed_source_lp,140861718,127475725,1000.0,1000.0,-168.7891671871381,-211.8282137432861,43.03904655614801,1017.4567918137984,842400.0,True,True,6.907218559226713e-06,0.8992165242165242,0,,,61426.255412205486,95279.59272926867,True,True,post_v161_one_drop_one_add_whole_loan_swap,post-v161 one-swap pricing only; not multi-swap or global proof,D,C,1,1,3,4,4,0,2018,2018,MD,AZ
v63_source_repair_return_guarded_repair,incumbent_cvar_relaxed_source_lp,140861718,127582382,1000.0,1000.0,-168.7891671871381,-205.52183833714096,36.73267115000286,1011.1504164076532,842400.0,True,True,6.907218559226713e-06,0.8992165242165242,0,,,61368.27135802698,95201.26079501917,True,True,post_v161_one_drop_one_add_whole_loan_swap,post-v161 one-swap pricing only; not multi-swap or global proof,D,D,1,2,3,3,4,0,2018,2018,MD,CA
v63_source_repair_return_guarded_repair,incumbent_cvar_relaxed_source_lp,140861718,126827839,1000.0,1000.0,-168.7891671871381,-175.77898463113021,6.989817443992109,981.4075627016425,842400.0,True,True,6.907218559226713e-06,0.8992165242165242,0,,,61350.044989424416,95169.9041666112,True,True,post_v161_one_drop_one_add_whole_loan_swap,post-v161 one-swap pricing only; not multi-swap or global proof,D,E,1,2,3,0,4,4,2018,2018,MD,other
v63_source_repair_return_guarded_repair,incumbent_cvar_relaxed_source_lp,140861718,126820122,1000.0,1000.0,-168.7891671871381,-201.89545162414464,33.106284437006536,1007.524029694657,842400.0,True,True,6.907218559226713e-06,0.8992165242165242,0,,,61411.56585420776,95263.32423316725,True,True,post_v161_one_drop_one_add_whole_loan_swap,post-v161 one-swap pricing only; not multi-swap or global proof,D,C,1,1,3,0,4,1,2018,2018,MD,other
v63_source_repair_return_guarded_repair,incumbent_cvar_relaxed_source_lp,140861718,126707528,1000.0,1000.0,-168.7891671871381,-226.37597165812684,57.58680447098874,1032.0045497286392,842400.0,True,True,6.907218559226713e-06,0.8992165242165242,0,,,61288.6880867639,95107.34463081247,True,True,post_v161_one_drop_one_add_whole_loan_swap,post-v161 one-swap pricing only; not multi-swap or global proof,D,E,1,3,3,1,4,0,2018,2018,MD,other
v63_source_repair_return_guarded_repair,incumbent_cvar_relaxed_source_lp,140861718,126733849,1000.0,1000.0,-168.7891671871381,-186.9469746106631,18.157807423524986,992.5755526811754,842400.0,True,True,6.907218559226713e-06,0.8980294396961064,0,,,61483.25530819436,95356.06506641123,True,True,post_v161_one_drop_one_add_whole_loan_swap,post-v161 one-swap pricing only; not multi-swap or global proof,D,B,1,0,3,4,4,3,2018,2018,MD,NJ
v63_source_repair_return_guarded_repair,incumbent_cvar_relaxed_source_lp,140861718,126652025,1000.0,1000.0,-168.7891671871381,-206.92821374328602,38.13904655614792,1012.5567918137983,842400.0,True,True,6.907218559226713e-06,0.8992165242165242,0,,,61426.255412205486,95279.59272926867,True,True,post_v161_one_drop_one_add_whole_loan_swap,post-v161 one-swap pricing only; not multi-swap or global proof,D,C,1,1,3,3,4,1,2018,2018,MD,FL
v63_source_repair_return_guarded_repair,incumbent_cvar_relaxed_source_lp,140861718,126468092,1000.0,1000.0,-168.7891671871381,-169.50590883596908,0.7167416488309755,975.1344869064814,842400.0,True,True,6.907218559226713e-06,0.8980294396961064,0,,,61506.15953075174,95387.29846838395,True,True,post_v161_one_drop_one_add_whole_loan_swap,post-v161 one-swap pricing only; not multi-swap or global proof,D,B,1,0,3,1,4,2,2018,2018,MD,other
v63_source_repair_return_guarded_repair,incumbent_cvar_relaxed_source_lp,140861718,126416707,1000.0,1000.0,-168.7891671871381,-187.69320294656202,18.90403575942392,993.3217810170743,842400.0,True,True,6.907218559226713e-06,0.8980294396961064,0,,,61482.490213522906,95355.08094817385,True,True,post_v161_one_drop_one_add_whole_loan_swap,post-v161 one-swap pricing only; not multi-swap or global proof,D,B,1,0,3,1,4,1,2018,2018,MD,CA
v63_source_repair_return_guarded_repair,incumbent_cvar_relaxed_source_lp,140861718,126419064,1000.0,1000.0,-168.7891671871381,-198.85427993768698,30.065112750548877,1004.4828580081993,842400.0,True,True,6.907218559226713e-06,0.8992165242165242,0,,,61384.9593307774,95220.65582710662,True,True,post_v161_one_drop_one_add_whole_loan_swap,post-v161 one-swap pricing only; not multi-swap or global proof,D,D,1,2,3,4,4,1,2018,2018,MD,other
v63_source_repair_return_guarded_repair,incumbent_cvar_relaxed_source_lp,140861718,126409482,1000.0,1000.0,-168.7891671871381,-223.9633297987982,55.17416261166011,1029.5919078693105,842400.0,True,True,6.907218559226713e-06,0.8992165242165242,0,,,61408.83772466971,95260.65386822984,True,True,post_v161_one_drop_one_add_whole_loan_swap,post-v161 one-swap pricing only; not multi-swap or global proof,D,C,1,2,3,2,4,3,2018,2018,MD,other
v63_source_repair_return_guarded_repair,incumbent_cvar_relaxed_source_lp,140861718,166121358,1000.0,1000.0,-168.7891671871381,-212.03423240595197,43.24506521881386,1017.6628104764643,842400.0,True,True,6.907218559226713e-06,0.8992165242165242,0,,,61400.34193900175,95224.98342887362,True,True,post_v161_one_drop_one_add_whole_loan_swap,post-v161 one-swap pricing only; not multi-swap or global proof,D,C,1,2,3,3,4,0,2018,2020,MD,MD
v63_source_repair_return_guarded_repair,incumbent_cvar_relaxed_source_lp,140861718,168701788,1000.0,1000.0,-168.7891671871381,-178.5860397151734,9.796872528035294,984.2146177856857,842400.0,True,True,6.907218559226713e-06,0.8992165242165242,0,,,61403.83449246159,95230.35355312367,True,True,post_v161_one_drop_one_add_whole_loan_swap,post-v161 one-swap pricing only; not multi-swap or global proof,D,C,1,1,3,3,4,1,2018,2020,MD,TX
v63_source_repair_return_guarded_repair,incumbent_cvar_relaxed_source_lp,140861718,169887690,1000.0,1000.0,-168.7891671871381,-221.11264407259083,52.32347688545272,1026.7412221431032,842400.0,True,True,6.907218559226713e-06,0.8992165242165242,0,,,61418.49262690083,95271.60413862299,True,True,post_v161_one_drop_one_add_whole_loan_swap,post-v161 one-swap pricing only; not multi-swap or global proof,D,B,1,1,3,0,4,3,2018,2020,MD,other
v63_source_repair_return_guarded_repair,incumbent_cvar_relaxed_source_lp,140861718,169358871,1000.0,1000.0,-168.7891671871381,-177.86634212741987,9.077174940281765,983.4949201979322,842400.0,True,True,6.907218559226713e-06,0.8992165242165242,0,,,61413.60550979433,95217.92851808382,True,True,post_v161_one_drop_one_add_whole_loan_swap,post-v161 one-swap pricing only; not multi-swap or global proof,D,C,1,1,3,3,4,0,2018,2020,MD,VA
v63_source_repair_return_guarded_repair,incumbent_cvar_relaxed_source_lp,140861718,139506195,1000.0,1000.0,-168.7891671871381,-177.67809625327766,8.888929066139553,983.3066743237899,842400.0,True,True,6.907218559226713e-06,0.8992165242165242,0,,,61387.77082974292,95164.14689296336,True,True,post_v161_one_drop_one_add_whole_loan_swap,post-v161 one-swap pricing only; not multi-swap or global proof,D,D,1,2,3,2,4,0,2018,2018,MD,CA
v63_source_repair_return_guarded_repair,incumbent_cvar_relaxed_source_lp,140861718,156823754,1000.0,1000.0,-168.7891671871381,-183.46022770133698,14.67106051419887,989.0888057718493,842400.0,True,True,6.907218559226713e-06,0.8992165242165242,0,,,61385.372610643506,95143.24212958271,True,True,post_v161_one_drop_one_add_whole_loan_swap,post-v161 one-swap pricing only; not multi-swap or global proof,D,D,1,2,3,3,4,1,2018,2019,MD,CA
v63_source_repair_return_guarded_repair,incumbent_cvar_relaxed_source_lp,140861718,156807668,1000.0,1000.0,-168.7891671871381,-175.85010442413147,7.060937236993368,981.4786824946437,842400.0,True,True,6.907218559226713e-06,0.8992165242165242,0,,,61412.806105002215,95171.5184899604,True,True,post_v161_one_drop_one_add_whole_loan_swap,post-v161 one-swap pricing only; not multi-swap or global proof,D,D,1,2,3,0,4,0,2018,2019,MD,TX
v63_source_repair_return_guarded_repair,incumbent_cvar_relaxed_source_lp,140883098,127672145,1000.0,1000.0,-194.91316089378816,-196.20083323856994,1.2876723447817824,975.7054176024321,842400.0,True,True,6.907218559226713e-06,0.8992165242165242,0,,,61562.82290344041,95453.30060007353,True,True,post_v161_one_drop_one_add_whole_loan_swap,post-v161 one-swap pricing only; not multi-swap or global proof,E,C,3,1,1,0,1,2,2018,2018,NY,other
v63_source_repair_return_guarded_repair,incumbent_cvar_relaxed_source_lp,140883098,127475725,1000.0,1000.0,-194.91316089378816,-211.8282137432861,16.915052849497954,991.3327981071484,842400.0,True,True,6.907218559226713e-06,0.8992165242165242,0,,,61536.93042247623,95421.19858181625,True,True,post_v161_one_drop_one_add_whole_loan_swap,post-v161 one-swap pricing only; not multi-swap or global proof,E,C,3,1,1,4,1,0,2018,2018,NY,AZ
v63_source_repair_return_guarded_repair,incumbent_cvar_relaxed_source_lp,140883098,127582382,1000.0,1000.0,-194.91316089378816,-205.52183833714096,10.608677443352803,985.0264227010032,842400.0,True,True,6.907218559226713e-06,0.8992165242165242,0,,,61478.94636829772,95342.8666475667,True,True,post_v161_one_drop_one_add_whole_loan_swap,post-v161 one-swap pricing only; not multi-swap or global proof,E,D,3,2,1,3,1,0,2018,2018,NY,CA
v63_source_repair_return_guarded_repair,incumbent_cvar_relaxed_source_lp,140883098,126820122,1000.0,1000.0,-194.91316089378816,-201.89545162414464,6.982290730356482,981.4000359880068,842400.0,True,True,6.907218559226713e-06,0.8992165242165242,0,,,61522.240864478495,95404.93008571482,True,True,post_v161_one_drop_one_add_whole_loan_swap,post-v161 one-swap pricing only; not multi-swap or global proof,E,C,3,1,1,0,1,1,2018,2018,NY,other
v63_source_repair_return_guarded_repair,incumbent_cvar_relaxed_source_lp,140883098,126707528,1000.0,1000.0,-194.91316089378816,-226.37597165812684,31.462810764338684,1005.880556021989,842400.0,True,True,6.907218559226713e-06,0.8992165242165242,0,,,61399.363097034635,95248.95048336007,True,True,post_v161_one_drop_one_add_whole_loan_swap,post-v161 one-swap pricing only; not multi-swap or global proof,E,E,3,3,1,1,1,0,2018,2018,NY,other
v63_source_repair_return_guarded_repair,incumbent_cvar_relaxed_source_lp,140883098,126652025,1000.0,1000.0,-194.91316089378816,-206.92821374328602,12.015052849497863,986.4327981071483,842400.0,True,True,6.907218559226713e-06,0.8992165242165242,0,,,61536.93042247623,95421.19858181625,True,True,post_v161_one_drop_one_add_whole_loan_swap,post-v161 one-swap pricing only; not multi-swap or global proof,E,C,3,1,1,3,1,1,2018,2018,NY,FL
v63_source_repair_return_guarded_repair,incumbent_cvar_relaxed_source_lp,140883098,126419064,1000.0,1000.0,-194.91316089378816,-198.85427993768698,3.941119043898823,978.3588643015491,842400.0,True,True,6.907218559226713e-06,0.8992165242165242,0,,,61495.63434104813,95362.26167965417,True,True,post_v161_one_drop_one_add_whole_loan_swap,post-v161 one-swap pricing only; not multi-swap or global proof,E,D,3,2,1,4,1,1,2018,2018,NY,other
v63_source_repair_return_guarded_repair,incumbent_cvar_relaxed_source_lp,140883098,126409482,1000.0,1000.0,-194.91316089378816,-223.9633297987982,29.050168905010054,1003.4679141626605,842400.0,True,True,6.907218559226713e-06,0.8992165242165242,0,,,61519.51273494045,95402.25972077741,True,True,post_v161_one_drop_one_add_whole_loan_swap,post-v161 one-swap pricing only; not multi-swap or global proof,E,C,3,2,1,2,1,3,2018,2018,NY,other
v63_source_repair_return_guarded_repair,incumbent_cvar_relaxed_source_lp,140883098,166121358,1000.0,1000.0,-194.91316089378816,-212.03423240595197,17.12107151216381,991.5388167698142,842400.0,True,True,6.907218559226713e-06,0.8992165242165242,0,,,61511.01694927248,95366.58928142118,True,True,post_v161_one_drop_one_add_whole_loan_swap,post-v161 one-swap pricing only; not multi-swap or global proof,E,C,3,2,1,3,1,0,2018,2020,NY,MD
v63_source_repair_return_guarded_repair,incumbent_cvar_relaxed_source_lp,140883098,169887690,1000.0,1000.0,-194.91316089378816,-221.11264407259083,26.199483178802666,1000.617228436453,842400.0,True,True,6.907218559226713e-06,0.8992165242165242,0,,,61529.167637171566,95413.20999117056,True,True,post_v161_one_drop_one_add_whole_loan_swap,post-v161 one-swap pricing only; not multi-swap or global proof,E,B,3,1,1,0,1,3,2018,2020,NY,other
v63_source_repair_return_guarded_repair,incumbent_cvar_relaxed_source_lp,140810742,126707528,1000.0,1000.0,-225.39408005655116,-226.37597165812684,0.9818916015756827,975.3996368592261,842400.0,True,True,6.907218559226713e-06,0.8992165242165242,0,,,61391.0572833963,95186.13792838607,True,True,post_v161_one_drop_one_add_whole_loan_swap,post-v161 one-swap pricing only; not multi-swap or global proof,D,E,3,3,4,1,3,0,2018,2018,TX,other
v63_source_repair_return_guarded_repair,incumbent_cvar_relaxed_source_lp,140667974,127874931,1000.0,1000.0,-184.8636831759767,-186.9469746106631,2.0832914346864015,976.5010366923368,842400.0,True,True,6.907218559226713e-06,0.8992165242165242,0,,,61424.78284630051,95258.28802152081,True,True,post_v161_one_drop_one_add_whole_loan_swap,post-v161 one-swap pricing only; not multi-swap or global proof,B,B,0,0,2,0,0,0,2018,2018,VA,MN
v63_source_repair_return_guarded_repair,incumbent_cvar_relaxed_source_lp,140667974,126733849,1000.0,1000.0,-184.8636831759767,-186.9469746106631,2.0832914346864015,976.5010366923368,842400.0,True,True,6.907218559226713e-06,0.8992165242165242,0,,,61424.78284630051,95258.28802152081,True,True,post_v161_one_drop_one_add_whole_loan_swap,post-v161 one-swap pricing only; not multi-swap or global proof,B,B,0,0,2,4,0,3,2018,2018,VA,NJ
v63_source_repair_return_guarded_repair,incumbent_cvar_relaxed_source_lp,140667974,126416707,1000.0,1000.0,-184.8636831759767,-187.69320294656202,2.8295197705853354,977.2472650282357,842400.0,True,True,6.907218559226713e-06,0.8992165242165242,0,,,61424.01775162906,95257.30390328342,True,True,post_v161_one_drop_one_add_whole_loan_swap,post-v161 one-swap pricing only; not multi-swap or global proof,B,B,0,0,2,1,0,1,2018,2018,VA,CA
v63_source_repair_return_guarded_repair,incumbent_cvar_relaxed_source_lp,140623777,127392982,3000.0,2500.0,-374.96750156141417,-393.1671599090251,18.19965834761092,992.6174036052613,842900.0,True,True,0.0005129743485339233,0.8957171669237157,0,,,61816.40721731152,95947.4446960048,True,True,post_v161_one_drop_one_add_whole_loan_swap,post-v161 one-swap pricing only; not multi-swap or global proof,D,B,1,0,4,1,4,3,2018,2018,IL,CA
v63_source_repair_return_guarded_repair,incumbent_cvar_relaxed_source_lp,140623777,167137941,3000.0,3000.0,-374.96750156141417,-445.1753118629482,70.20781030153404,1044.6255555591845,842400.0,True,True,6.907218559226713e-06,0.8956552706552706,0,,,61718.44478994698,95696.40616302109,True,True,post_v161_one_drop_one_add_whole_loan_swap,post-v161 one-swap pricing only; not multi-swap or global proof,D,B,1,0,4,2,4,0,2018,2020,IL,CA
v63_source_repair_return_guarded_repair,incumbent_cvar_relaxed_source_lp,140623777,169005860,3000.0,2000.0,-374.96750156141417,-393.55925260534593,18.591751043931765,993.0094963015822,843400.0,True,True,0.0010184414463412228,0.8981503438463363,0,,,61761.958149085825,95893.92922710587,True,True,post_v161_one_drop_one_add_whole_loan_swap,post-v161 one-swap pricing only; not multi-swap or global proof,D,B,1,1,4,3,4,1,2018,2020,IL,FL
v63_source_repair_return_guarded_repair,incumbent_cvar_relaxed_source_lp,140622640,127475725,1000.0,1000.0,-199.31788556666945,-211.8282137432861,12.510328176616667,986.928073434267,842400.0,True,True,6.907218559226713e-06,0.8992165242165242,0,,,61388.64517947809,95203.2650093199,True,True,post_v161_one_drop_one_add_whole_loan_swap,post-v161 one-swap pricing only; not multi-swap or global proof,B,C,1,1,2,4,2,0,2018,2018,NJ,AZ
v63_source_repair_return_guarded_repair,incumbent_cvar_relaxed_source_lp,140622640,127582382,1000.0,1000.0,-199.31788556666945,-205.52183833714096,6.203952770471517,980.621698028122,842400.0,True,True,6.907218559226713e-06,0.8992165242165242,0,,,61330.66112529957,95124.93307507038,True,True,post_v161_one_drop_one_add_whole_loan_swap,post-v161 one-swap pricing only; not multi-swap or global proof,B,D,1,2,2,3,2,0,2018,2018,NJ,CA
v63_source_repair_return_guarded_repair,incumbent_cvar_relaxed_source_lp,140622640,126820122,1000.0,1000.0,-199.31788556666945,-201.89545162414464,2.5775660574751953,976.9953113151256,842400.0,True,True,6.907218559226713e-06,0.8992165242165242,0,,,61373.955621480345,95186.99651321847,True,True,post_v161_one_drop_one_add_whole_loan_swap,post-v161 one-swap pricing only; not multi-swap or global proof,B,C,1,1,2,0,2,1,2018,2018,NJ,other
v63_source_repair_return_guarded_repair,incumbent_cvar_relaxed_source_lp,140622640,126707528,1000.0,1000.0,-199.31788556666945,-226.37597165812684,27.058086091457398,1001.4758313491078,842400.0,True,True,6.907218559226713e-06,0.8992165242165242,0,,,61251.077854036484,95031.0169108637,True,True,post_v161_one_drop_one_add_whole_loan_swap,post-v161 one-swap pricing only; not multi-swap or global proof,B,E,1,3,2,1,2,0,2018,2018,NJ,other
v63_source_repair_return_guarded_repair,incumbent_cvar_relaxed_source_lp,140622640,126652025,1000.0,1000.0,-199.31788556666945,-206.92821374328602,7.6103281766165765,982.028073434267,842400.0,True,True,6.907218559226713e-06,0.8992165242165242,0,,,61388.64517947809,95203.2650093199,True,True,post_v161_one_drop_one_add_whole_loan_swap,post-v161 one-swap pricing only; not multi-swap or global proof,B,C,1,1,2,3,2,1,2018,2018,NJ,FL
v63_source_repair_return_guarded_repair,incumbent_cvar_relaxed_source_lp,140622640,126409482,1000.0,1000.0,-199.31788556666945,-223.9633297987982,24.645444232128767,999.0631894897791,842400.0,True,True,6.907218559226713e-06,0.8992165242165242,0,,,61371.2274919423,95184.32614828105,True,True,post_v161_one_drop_one_add_whole_loan_swap,post-v161 one-swap pricing only; not multi-swap or global proof,B,C,1,2,2,2,2,3,2018,2018,NJ,other
v63_source_repair_return_guarded_repair,incumbent_cvar_relaxed_source_lp,140622640,166121358,1000.0,1000.0,-199.31788556666945,-212.03423240595197,12.716346839282522,987.1340920969329,842400.0,True,True,6.907218559226713e-06,0.8992165242165242,0,,,61362.73170627434,95148.65570892485,True,True,post_v161_one_drop_one_add_whole_loan_swap,post-v161 one-swap pricing only; not multi-swap or global proof,B,C,1,2,2,3,2,0,2018,2020,NJ,MD
v63_source_repair_return_guarded_repair,incumbent_cvar_relaxed_source_lp,140622640,169887690,1000.0,1000.0,-199.31788556666945,-221.11264407259083,21.79475850592138,996.2125037635717,842400.0,True,True,6.907218559226713e-06,0.8992165242165242,0,,,61380.882394173415,95195.27641867421,True,True,post_v161_one_drop_one_add_whole_loan_swap,post-v161 one-swap pricing only; not multi-swap or global proof,B,B,1,1,2,0,2,3,2018,2020,NJ,other
v63_source_repair_return_guarded_repair,incumbent_cvar_relaxed_source_lp,140385281,126707528,1000.0,1000.0,-224.01316089378807,-226.37597165812684,2.362810764338775,976.7805560219891,842400.0,True,True,6.907218559226713e-06,0.8992165242165242,0,,,61399.363097034635,95248.95048336007,True,True,post_v161_one_drop_one_add_whole_loan_swap,post-v161 one-swap pricing only; not multi-swap or global proof,E,E,3,3,3,1,4,0,2018,2018,PA,other
v63_source_repair_return_guarded_repair,incumbent_cvar_relaxed_source_lp,140352540,127695160,1500.0,1500.0,-225.35267892941064,-235.90029594541494,10.547617016004295,984.9653622736547,842400.0,True,True,6.907218559226713e-06,0.8992165242165242,0,,,61425.3652133436,95285.38342523709,True,True,post_v161_one_drop_one_add_whole_loan_swap,post-v161 one-swap pricing only; not multi-swap or global proof,B,B,0,0,0,2,1,1,2018,2018,NY,TX
v63_source_repair_return_guarded_repair,incumbent_cvar_relaxed_source_lp,140352540,126760355,1500.0,1500.0,-225.35267892941064,-250.40002765814089,25.047348728730242,999.4650939863807,842400.0,True,True,6.907218559226713e-06,0.8992165242165242,0,,,61425.570521867194,95285.67183133704,True,True,post_v161_one_drop_one_add_whole_loan_swap,post-v161 one-swap pricing only; not multi-swap or global proof,B,B,0,0,0,1,1,0,2018,2018,NY,IL
v63_source_repair_return_guarded_repair,incumbent_cvar_relaxed_source_lp,140352540,126430923,1500.0,1500.0,-225.35267892941064,-243.25029594541493,17.89761701600429,992.3153622736547,842400.0,True,True,6.907218559226713e-06,0.8992165242165242,0,,,61425.3652133436,95285.38342523709,True,True,post_v161_one_drop_one_add_whole_loan_swap,post-v161 one-swap pricing only; not multi-swap or global proof,B,B,0,0,0,3,1,0,2018,2018,NY,other
v63_source_repair_return_guarded_repair,incumbent_cvar_relaxed_source_lp,140319705,126707528,1000.0,1000.0,-224.01316089378807,-226.37597165812684,2.362810764338775,976.7805560219891,842400.0,True,True,6.907218559226713e-06,0.8992165242165242,0,,,61399.363097034635,95248.95048336007,True,True,post_v161_one_drop_one_add_whole_loan_swap,post-v161 one-swap pricing only; not multi-swap or global proof,E,E,3,3,2,1,0,0,2018,2018,MI,other
v63_source_repair_return_guarded_repair,incumbent_cvar_relaxed_source_lp,140230494,127874931,1125.0,1000.0,-165.35979237983094,-186.9469746106631,21.587182230832155,996.0049274884825,842525.0,True,True,0.00013348031248983094,0.8978962048603899,0,,,61534.755678806054,95435.42070022301,True,True,post_v161_one_drop_one_add_whole_loan_swap,post-v161 one-swap pricing only; not multi-swap or global proof,D,B,1,0,1,0,1,0,2018,2018,other,MN
v63_source_repair_return_guarded_repair,incumbent_cvar_relaxed_source_lp,140230494,127672145,1125.0,1000.0,-165.35979237983094,-196.20083323856994,30.841040858739007,1005.2587861163894,842525.0,True,True,0.00013348031248983094,0.8990831132607341,0,,,61503.64826378136,95391.05038133773,True,True,post_v161_one_drop_one_add_whole_loan_swap,post-v161 one-swap pricing only; not multi-swap or global proof,D,C,1,1,1,0,1,2,2018,2018,other,other
v63_source_repair_return_guarded_repair,incumbent_cvar_relaxed_source_lp,140230494,127475725,1125.0,1000.0,-165.35979237983094,-211.8282137432861,46.46842136345518,1020.8861666211055,842525.0,True,True,0.00013348031248983094,0.8990831132607341,0,,,61477.755782817185,95358.94836308045,True,True,post_v161_one_drop_one_add_whole_loan_swap,post-v161 one-swap pricing only; not multi-swap or global proof,D,C,1,1,1,4,1,0,2018,2018,other,AZ
v63_source_repair_return_guarded_repair,incumbent_cvar_relaxed_source_lp,140230494,127582382,1125.0,1000.0,-165.35979237983094,-205.52183833714096,40.16204595731003,1014.5797912149604,842525.0,True,True,0.00013348031248983094,0.8990831132607341,0,,,61419.771728638676,95280.61642883092,True,True,post_v161_one_drop_one_add_whole_loan_swap,post-v161 one-swap pricing only; not multi-swap or global proof,D,D,1,2,1,3,1,0,2018,2018,other,CA
v63_source_repair_return_guarded_repair,incumbent_cvar_relaxed_source_lp,140230494,126827839,1125.0,1000.0,-165.35979237983094,-175.77898463113021,10.419192251299279,984.8369375089496,842525.0,True,True,0.00013348031248983094,0.8990831132607341,0,,,61401.545360036114,95249.25980042295,True,True,post_v161_one_drop_one_add_whole_loan_swap,post-v161 one-swap pricing only; not multi-swap or global proof,D,E,1,2,1,0,1,4,2018,2018,other,other
v63_source_repair_return_guarded_repair,incumbent_cvar_relaxed_source_lp,140230494,126820122,1125.0,1000.0,-165.35979237983094,-201.89545162414464,36.535659244313706,1010.9534045019641,842525.0,True,True,0.00013348031248983094,0.8990831132607341,0,,,61463.06622481945,95342.679866979,True,True,post_v161_one_drop_one_add_whole_loan_swap,post-v161 one-swap pricing only; not multi-swap or global proof,D,C,1,1,1,0,1,1,2018,2018,other,other
v63_source_repair_return_guarded_repair,incumbent_cvar_relaxed_source_lp,140230494,126707528,1125.0,1000.0,-165.35979237983094,-226.37597165812684,61.01617927829591,1035.4339245359463,842525.0,True,True,0.00013348031248983094,0.8990831132607341,0,,,61340.18845737559,95186.70026462426,True,True,post_v161_one_drop_one_add_whole_loan_swap,post-v161 one-swap pricing only; not multi-swap or global proof,D,E,1,3,1,1,1,0,2018,2018,other,other
v63_source_repair_return_guarded_repair,incumbent_cvar_relaxed_source_lp,140230494,126733849,1125.0,1000.0,-165.35979237983094,-186.9469746106631,21.587182230832155,996.0049274884825,842525.0,True,True,0.00013348031248983094,0.8978962048603899,0,,,61534.755678806054,95435.42070022301,True,True,post_v161_one_drop_one_add_whole_loan_swap,post-v161 one-swap pricing only; not multi-swap or global proof,D,B,1,0,1,4,1,3,2018,2018,other,NJ
v63_source_repair_return_guarded_repair,incumbent_cvar_relaxed_source_lp,140230494,126652025,1125.0,1000.0,-165.35979237983094,-206.92821374328602,41.56842136345509,1015.9861666211054,842525.0,True,True,0.00013348031248983094,0.8990831132607341,0,,,61477.755782817185,95358.94836308045,True,True,post_v161_one_drop_one_add_whole_loan_swap,post-v161 one-swap pricing only; not multi-swap or global proof,D,C,1,1,1,3,1,1,2018,2018,other,FL
v63_source_repair_return_guarded_repair,incumbent_cvar_relaxed_source_lp,140230494,126468092,1125.0,1000.0,-165.35979237983094,-169.50590883596908,4.146116456138145,978.5638617137886,842525.0,True,True,0.00013348031248983094,0.8978962048603899,0,,,61557.65990136345,95466.65410219572,True,True,post_v161_one_drop_one_add_whole_loan_swap,post-v161 one-swap pricing only; not multi-swap or global proof,D,B,1,0,1,1,1,2,2018,2018,other,other
v63_source_repair_return_guarded_repair,incumbent_cvar_relaxed_source_lp,140230494,126416707,1125.0,1000.0,-165.35979237983094,-187.69320294656202,22.33341056673109,996.7511558243815,842525.0,True,True,0.00013348031248983094,0.8978962048603899,0,,,61533.99058413459,95434.43658198563,True,True,post_v161_one_drop_one_add_whole_loan_swap,post-v161 one-swap pricing only; not multi-swap or global proof,D,B,1,0,1,1,1,1,2018,2018,other,CA
v63_source_repair_return_guarded_repair,incumbent_cvar_relaxed_source_lp,140230494,126419064,1125.0,1000.0,-165.35979237983094,-198.85427993768698,33.49448755785605,1007.9122328155064,842525.0,True,True,0.00013348031248983094,0.8990831132607341,0,,,61436.45970138908,95300.01146091838,True,True,post_v161_one_drop_one_add_whole_loan_swap,post-v161 one-swap pricing only; not multi-swap or global proof,D,D,1,2,1,4,1,1,2018,2018,other,other
v63_source_repair_return_guarded_repair,incumbent_cvar_relaxed_source_lp,140230494,126409482,1125.0,1000.0,-165.35979237983094,-223.9633297987982,58.60353741896728,1033.0212826766176,842525.0,True,True,0.00013348031248983094,0.8990831132607341,0,,,61460.338095281404,95340.00950204162,True,True,post_v161_one_drop_one_add_whole_loan_swap,post-v161 one-swap pricing only; not multi-swap or global proof,D,C,1,2,1,2,1,3,2018,2018,other,other
v63_source_repair_return_guarded_repair,incumbent_cvar_relaxed_source_lp,140230494,166121358,1125.0,1000.0,-165.35979237983094,-212.03423240595197,46.67444002612103,1021.0921852837714,842525.0,True,True,0.00013348031248983094,0.8990831132607341,0,,,61451.842309613436,95304.3390626854,True,True,post_v161_one_drop_one_add_whole_loan_swap,post-v161 one-swap pricing only; not multi-swap or global proof,D,C,1,2,1,3,1,0,2018,2020,other,MD
v63_source_repair_return_guarded_repair,incumbent_cvar_relaxed_source_lp,140230494,168701788,1125.0,1000.0,-165.35979237983094,-178.5860397151734,13.226247335342464,987.6439925929928,842525.0,True,True,0.00013348031248983094,0.8990831132607341,0,,,61455.33486307328,95309.70918693542,True,True,post_v161_one_drop_one_add_whole_loan_swap,post-v161 one-swap pricing only; not multi-swap or global proof,D,C,1,1,1,3,1,1,2018,2020,other,TX
v63_source_repair_return_guarded_repair,incumbent_cvar_relaxed_source_lp,140230494,169887690,1125.0,1000.0,-165.35979237983094,-221.11264407259083,55.75285169275989,1030.1705969504103,842525.0,True,True,0.00013348031248983094,0.8990831132607341,0,,,61469.99299751251,95350.95977243477,True,True,post_v161_one_drop_one_add_whole_loan_swap,post-v161 one-swap pricing only; not multi-swap or global proof,D,B,1,1,1,0,1,3,2018,2020,other,other
v63_source_repair_return_guarded_repair,incumbent_cvar_relaxed_source_lp,140230494,169358871,1125.0,1000.0,-165.35979237983094,-177.86634212741987,12.506549747588934,986.9242950052393,842525.0,True,True,0.00013348031248983094,0.8990831132607341,0,,,61465.10588040602,95297.28415189558,True,True,post_v161_one_drop_one_add_whole_loan_swap,post-v161 one-swap pricing only; not multi-swap or global proof,D,C,1,1,1,3,1,0,2018,2020,other,VA
v63_source_repair_return_guarded_repair,incumbent_cvar_relaxed_source_lp,140230494,139506195,1125.0,1000.0,-165.35979237983094,-177.67809625327766,12.318303873446723,986.7360491310972,842525.0,True,True,0.00013348031248983094,0.8990831132607341,0,,,61439.271200354604,95243.50252677513,True,True,post_v161_one_drop_one_add_whole_loan_swap,post-v161 one-swap pricing only; not multi-swap or global proof,D,D,1,2,1,2,1,0,2018,2018,other,CA
v63_source_repair_return_guarded_repair,incumbent_cvar_relaxed_source_lp,140230494,156823754,1125.0,1000.0,-165.35979237983094,-183.46022770133698,18.10043532150604,992.5181805791565,842525.0,True,True,0.00013348031248983094,0.8990831132607341,0,,,61436.872981255205,95222.59776339449,True,True,post_v161_one_drop_one_add_whole_loan_swap,post-v161 one-swap pricing only; not multi-swap or global proof,D,D,1,2,1,3,1,1,2018,2019,other,CA
v63_source_repair_return_guarded_repair,incumbent_cvar_relaxed_source_lp,140230494,156807668,1125.0,1000.0,-165.35979237983094,-175.85010442413147,10.490312044300538,984.908057301951,842525.0,True,True,0.00013348031248983094,0.8990831132607341,0,,,61464.30647561391,95250.87412377217,True,True,post_v161_one_drop_one_add_whole_loan_swap,post-v161 one-swap pricing only; not multi-swap or global proof,D,D,1,2,1,0,1,0,2018,2019,other,TX
v63_source_repair_return_guarded_repair,incumbent_cvar_relaxed_source_lp,140155571,127874931,1200.0,1000.0,-161.29557436875157,-186.9469746106631,25.651400241911517,1000.069145499562,842600.0,True,True,0.00020940614277265013,0.8992404462378353,0,,,61456.97208273089,95320.78989366657,True,True,post_v161_one_drop_one_add_whole_loan_swap,post-v161 one-swap pricing only; not multi-swap or global proof,C,B,0,0,1,0,0,0,2018,2018,MN,MN
v63_source_repair_return_guarded_repair,incumbent_cvar_relaxed_source_lp,140155571,126733849,1200.0,1000.0,-161.29557436875157,-186.9469746106631,25.651400241911517,1000.069145499562,842600.0,True,True,0.00020940614277265013,0.8992404462378353,0,,,61456.97208273089,95320.78989366657,True,True,post_v161_one_drop_one_add_whole_loan_swap,post-v161 one-swap pricing only; not multi-swap or global proof,C,B,0,0,1,4,0,3,2018,2018,MN,NJ
v63_source_repair_return_guarded_repair,incumbent_cvar_relaxed_source_lp,140155571,126483031,1200.0,1200.0,-161.29557436875157,-200.480236756332,39.18466238758043,1013.6024076452309,842400.0,True,True,6.907218559226713e-06,0.8992165242165242,0,,,61435.987658391365,95290.37094306486,True,True,post_v161_one_drop_one_add_whole_loan_swap,post-v161 one-swap pricing only; not multi-swap or global proof,C,B,0,0,1,2,0,0,2018,2018,MN,FL
v63_source_repair_return_guarded_repair,incumbent_cvar_relaxed_source_lp,140155571,126468092,1200.0,1000.0,-161.29557436875157,-169.50590883596908,8.210334467217507,982.6280797248679,842600.0,True,True,0.00020940614277265013,0.8992404462378353,0,,,61479.87630528827,95352.02329563926,True,True,post_v161_one_drop_one_add_whole_loan_swap,post-v161 one-swap pricing only; not multi-swap or global proof,C,B,0,0,1,1,0,2,2018,2018,MN,other
v63_source_repair_return_guarded_repair,incumbent_cvar_relaxed_source_lp,140155571,126416707,1200.0,1000.0,-161.29557436875157,-187.69320294656202,26.39762857781045,1000.8153738354608,842600.0,True,True,0.00020940614277265013,0.8992404462378353,0,,,61456.206988059435,95319.80577542918,True,True,post_v161_one_drop_one_add_whole_loan_swap,post-v161 one-swap pricing only; not multi-swap or global proof,C,B,0,0,1,1,0,1,2018,2018,MN,CA
v63_source_repair_return_guarded_repair,incumbent_cvar_relaxed_source_lp,138810169,126707528,1000.0,1000.0,-225.36720709966644,-226.37597165812684,1.008764558460399,975.4265098161108,842400.0,True,True,6.907218559226713e-06,0.8992165242165242,0,,,61282.82167550263,95045.96384686187,True,True,post_v161_one_drop_one_add_whole_loan_swap,post-v161 one-swap pricing only; not multi-swap or global proof,B,E,1,3,4,1,0,0,2018,2018,other,other
v63_source_repair_return_guarded_repair,incumbent_cvar_relaxed_source_lp,138217359,169005860,2400.0,2000.0,-386.07602108289,-393.55925260534593,7.483231522455924,981.9009767801062,842800.0,True,True,0.000411808959286053,0.8987897484575226,0,,,61690.61166337846,95771.62938266256,True,True,post_v161_one_drop_one_add_whole_loan_swap,post-v161 one-swap pricing only; not multi-swap or global proof,E,B,2,1,4,3,0,1,2018,2020,NV,FL
v63_source_repair_return_guarded_repair,incumbent_cvar_relaxed_source_lp,139799241,127011905,1500.0,1500.0,-273.92682835000414,-310.3923206149292,36.46549226492505,1010.8832375225754,842400.0,True,True,6.907218559226713e-06,0.8992165242165242,0,,,61369.674365325525,95198.21981149686,True,True,post_v161_one_drop_one_add_whole_loan_swap,post-v161 one-swap pricing only; not multi-swap or global proof,B,C,1,1,0,2,0,2,2018,2018,NY,other
v63_source_repair_return_guarded_repair,incumbent_cvar_relaxed_source_lp,139799241,126620912,1500.0,1500.0,-273.92682835000414,-319.768173516142,45.84134516613784,1020.2590904237882,842400.0,True,True,6.907218559226713e-06,0.8992165242165242,0,,,61422.36550542734,95273.14878928868,True,True,post_v161_one_drop_one_add_whole_loan_swap,post-v161 one-swap pricing only; not multi-swap or global proof,B,B,1,1,0,0,0,0,2018,2018,NY,other
v63_source_repair_return_guarded_repair,incumbent_cvar_relaxed_source_lp,139799241,167713836,1500.0,1500.0,-273.92682835000414,-323.27724824243177,49.350419892427624,1023.768165150078,842400.0,True,True,6.907218559226713e-06,0.8992165242165242,0,,,61338.91817475426,95123.41384728884,True,True,post_v161_one_drop_one_add_whole_loan_swap,post-v161 one-swap pricing only; not multi-swap or global proof,B,C,1,1,0,1,0,4,2018,2020,NY,other
v63_source_repair_return_guarded_repair,incumbent_cvar_relaxed_source_lp,139688120,127475725,1000.0,1000.0,-209.94643700835528,-211.8282137432861,1.8817767349308383,976.2995219925813,842400.0,True,True,6.907218559226713e-06,0.8992165242165242,0,,,61512.860184661746,95357.30120085181,True,True,post_v161_one_drop_one_add_whole_loan_swap,post-v161 one-swap pricing only; not multi-swap or global proof,D,C,3,1,1,4,1,0,2018,2018,NC,AZ
v63_source_repair_return_guarded_repair,incumbent_cvar_relaxed_source_lp,139688120,126707528,1000.0,1000.0,-209.94643700835528,-226.37597165812684,16.42953464977157,990.8472799074219,842400.0,True,True,6.907218559226713e-06,0.8992165242165242,0,,,61375.29285922015,95185.05310239564,True,True,post_v161_one_drop_one_add_whole_loan_swap,post-v161 one-swap pricing only; not multi-swap or global proof,D,E,3,3,1,1,1,0,2018,2018,NC,other
v63_source_repair_return_guarded_repair,incumbent_cvar_relaxed_source_lp,139688120,126409482,1000.0,1000.0,-209.94643700835528,-223.9633297987982,14.016892790442938,988.4346380480933,842400.0,True,True,6.907218559226713e-06,0.8992165242165242,0,,,61495.442497125965,95338.362339813,True,True,post_v161_one_drop_one_add_whole_loan_swap,post-v161 one-swap pricing only; not multi-swap or global proof,D,C,3,2,1,2,1,3,2018,2018,NC,other
v63_source_repair_return_guarded_repair,incumbent_cvar_relaxed_source_lp,139688120,166121358,1000.0,1000.0,-209.94643700835528,-212.03423240595197,2.087795397596693,976.505540655247,842400.0,True,True,6.907218559226713e-06,0.8992165242165242,0,,,61486.946711458004,95302.69190045678,True,True,post_v161_one_drop_one_add_whole_loan_swap,post-v161 one-swap pricing only; not multi-swap or global proof,D,C,3,2,1,3,1,0,2018,2020,NC,MD
v63_source_repair_return_guarded_repair,incumbent_cvar_relaxed_source_lp,139688120,169887690,1000.0,1000.0,-209.94643700835528,-221.11264407259083,11.16620706423555,985.5839523218859,842400.0,True,True,6.907218559226713e-06,0.8992165242165242,0,,,61505.09739935708,95349.31261020617,True,True,post_v161_one_drop_one_add_whole_loan_swap,post-v161 one-swap pricing only; not multi-swap or global proof,D,B,3,1,1,0,1,3,2018,2020,NC,other
v63_source_repair_return_guarded_repair,incumbent_cvar_relaxed_source_lp,139933225,127475725,1000.0,1000.0,-209.94643700835528,-211.8282137432861,1.8817767349308383,976.2995219925813,842400.0,True,True,6.907218559226713e-06,0.8992165242165242,0,,,61512.860184661746,95357.30120085181,True,True,post_v161_one_drop_one_add_whole_loan_swap,post-v161 one-swap pricing only; not multi-swap or global proof,D,C,3,1,0,4,4,0,2018,2018,WA,AZ
v63_source_repair_return_guarded_repair,incumbent_cvar_relaxed_source_lp,139933225,126707528,1000.0,1000.0,-209.94643700835528,-226.37597165812684,16.42953464977157,990.8472799074219,842400.0,True,True,6.907218559226713e-06,0.8992165242165242,0,,,61375.29285922015,95185.05310239564,True,True,post_v161_one_drop_one_add_whole_loan_swap,post-v161 one-swap pricing only; not multi-swap or global proof,D,E,3,3,0,1,4,0,2018,2018,WA,other
v63_source_repair_return_guarded_repair,incumbent_cvar_relaxed_source_lp,139933225,126409482,1000.0,1000.0,-209.94643700835528,-223.9633297987982,14.016892790442938,988.4346380480933,842400.0,True,True,6.907218559226713e-06,0.8992165242165242,0,,,61495.442497125965,95338.362339813,True,True,post_v161_one_drop_one_add_whole_loan_swap,post-v161 one-swap pricing only; not multi-swap or global proof,D,C,3,2,0,2,4,3,2018,2018,WA,other
v63_source_repair_return_guarded_repair,incumbent_cvar_relaxed_source_lp,139933225,166121358,1000.0,1000.0,-209.94643700835528,-212.03423240595197,2.087795397596693,976.505540655247,842400.0,True,True,6.907218559226713e-06,0.8992165242165242,0,,,61486.946711458004,95302.69190045678,True,True,post_v161_one_drop_one_add_whole_loan_swap,post-v161 one-swap pricing only; not multi-swap or global proof,D,C,3,2,0,3,4,0,2018,2020,WA,MD
v63_source_repair_return_guarded_repair,incumbent_cvar_relaxed_source_lp,139933225,169887690,1000.0,1000.0,-209.94643700835528,-221.11264407259083,11.16620706423555,985.5839523218859,842400.0,True,True,6.907218559226713e-06,0.8992165242165242,0,,,61505.09739935708,95349.31261020617,True,True,post_v161_one_drop_one_add_whole_loan_swap,post-v161 one-swap pricing only; not multi-swap or global proof,D,B,3,1,0,0,4,3,2018,2020,WA,other
v63_source_repair_return_guarded_repair,incumbent_cvar_relaxed_source_lp,140059131,127874931,1000.0,1000.0,-181.82638557373122,-186.9469746106631,5.120589036931875,979.5383342945822,842400.0,True,True,6.907218559226713e-06,0.8980294396961064,0,,,61452.43375083423,95304.14266133955,True,True,post_v161_one_drop_one_add_whole_loan_swap,post-v161 one-swap pricing only; not multi-swap or global proof,C,B,1,0,1,0,0,0,2018,2018,CA,MN
v63_source_repair_return_guarded_repair,incumbent_cvar_relaxed_source_lp,140059131,127672145,1000.0,1000.0,-181.82638557373122,-196.20083323856994,14.374447664838726,988.7921929224891,842400.0,True,True,6.907218559226713e-06,0.8992165242165242,0,,,61421.32633580954,95259.77234245426,True,True,post_v161_one_drop_one_add_whole_loan_swap,post-v161 one-swap pricing only; not multi-swap or global proof,C,C,1,1,1,0,0,2,2018,2018,CA,other
v63_source_repair_return_guarded_repair,incumbent_cvar_relaxed_source_lp,140059131,127475725,1000.0,1000.0,-181.82638557373122,-211.8282137432861,30.001828169554898,1004.4195734272053,842400.0,True,True,6.907218559226713e-06,0.8992165242165242,0,,,61395.43385484535,95227.67032419698,True,True,post_v161_one_drop_one_add_whole_loan_swap,post-v161 one-swap pricing only; not multi-swap or global proof,C,C,1,1,1,4,0,0,2018,2018,CA,AZ
v63_source_repair_return_guarded_repair,incumbent_cvar_relaxed_source_lp,140059131,127582382,1000.0,1000.0,-181.82638557373122,-205.52183833714096,23.695452763409747,998.1131980210602,842400.0,True,True,6.907218559226713e-06,0.8992165242165242,0,,,61337.449800666844,95149.33838994749,True,True,post_v161_one_drop_one_add_whole_loan_swap,post-v161 one-swap pricing only; not multi-swap or global proof,C,D,1,2,1,3,0,0,2018,2018,CA,CA
v63_source_repair_return_guarded_repair,incumbent_cvar_relaxed_source_lp,140059131,126820122,1000.0,1000.0,-181.82638557373122,-201.89545162414464,20.069066050413426,994.4868113080638,842400.0,True,True,6.907218559226713e-06,0.8992165242165242,0,,,61380.74429684762,95211.40182809555,True,True,post_v161_one_drop_one_add_whole_loan_swap,post-v161 one-swap pricing only; not multi-swap or global proof,C,C,1,1,1,0,0,1,2018,2018,CA,other
v63_source_repair_return_guarded_repair,incumbent_cvar_relaxed_source_lp,140059131,126707528,1000.0,1000.0,-181.82638557373122,-226.37597165812684,44.54958608439563,1018.967331342046,842400.0,True,True,6.907218559226713e-06,0.8992165242165242,0,,,61257.866529403764,95055.42222574081,True,True,post_v161_one_drop_one_add_whole_loan_swap,post-v161 one-swap pricing only; not multi-swap or global proof,C,E,1,3,1,1,0,0,2018,2018,CA,other
v63_source_repair_return_guarded_repair,incumbent_cvar_relaxed_source_lp,140059131,126733849,1000.0,1000.0,-181.82638557373122,-186.9469746106631,5.120589036931875,979.5383342945822,842400.0,True,True,6.907218559226713e-06,0.8980294396961064,0,,,61452.43375083423,95304.14266133955,True,True,post_v161_one_drop_one_add_whole_loan_swap,post-v161 one-swap pricing only; not multi-swap or global proof,C,B,1,0,1,4,0,3,2018,2018,CA,NJ
v63_source_repair_return_guarded_repair,incumbent_cvar_relaxed_source_lp,140059131,126652025,1000.0,1000.0,-181.82638557373122,-206.92821374328602,25.101828169554807,999.5195734272052,842400.0,True,True,6.907218559226713e-06,0.8992165242165242,0,,,61395.43385484535,95227.67032419698,True,True,post_v161_one_drop_one_add_whole_loan_swap,post-v161 one-swap pricing only; not multi-swap or global proof,C,C,1,1,1,3,0,1,2018,2018,CA,FL
v63_source_repair_return_guarded_repair,incumbent_cvar_relaxed_source_lp,140059131,126416707,1000.0,1000.0,-181.82638557373122,-187.69320294656202,5.866817372830809,980.2845626304812,842400.0,True,True,6.907218559226713e-06,0.8980294396961064,0,,,61451.668656162765,95303.15854310218,True,True,post_v161_one_drop_one_add_whole_loan_swap,post-v161 one-swap pricing only; not multi-swap or global proof,C,B,1,0,1,1,0,1,2018,2018,CA,CA
v63_source_repair_return_guarded_repair,incumbent_cvar_relaxed_source_lp,140059131,126419064,1000.0,1000.0,-181.82638557373122,-198.85427993768698,17.027894363955767,991.4456396216061,842400.0,True,True,6.907218559226713e-06,0.8992165242165242,0,,,61354.13777341726,95168.73342203491,True,True,post_v161_one_drop_one_add_whole_loan_swap,post-v161 one-swap pricing only; not multi-swap or global proof,C,D,1,2,1,4,0,1,2018,2018,CA,other
v63_source_repair_return_guarded_repair,incumbent_cvar_relaxed_source_lp,140059131,126409482,1000.0,1000.0,-181.82638557373122,-223.9633297987982,42.136944225067,1016.5546894827173,842400.0,True,True,6.907218559226713e-06,0.8992165242165242,0,,,61378.016167309586,95208.73146315814,True,True,post_v161_one_drop_one_add_whole_loan_swap,post-v161 one-swap pricing only; not multi-swap or global proof,C,C,1,2,1,2,0,3,2018,2018,CA,other
v63_source_repair_return_guarded_repair,incumbent_cvar_relaxed_source_lp,140059131,166121358,1000.0,1000.0,-181.82638557373122,-212.03423240595197,30.207846832220753,1004.6255920898711,842400.0,True,True,6.907218559226713e-06,0.8992165242165242,0,,,61369.52038164162,95173.06102380193,True,True,post_v161_one_drop_one_add_whole_loan_swap,post-v161 one-swap pricing only; not multi-swap or global proof,C,C,1,2,1,3,0,0,2018,2020,CA,MD
v63_source_repair_return_guarded_repair,incumbent_cvar_relaxed_source_lp,140059131,169887690,1000.0,1000.0,-181.82638557373122,-221.11264407259083,39.28625849885961,1013.70400375651,842400.0,True,True,6.907218559226713e-06,0.8992165242165242,0,,,61387.67106954068,95219.6817335513,True,True,post_v161_one_drop_one_add_whole_loan_swap,post-v161 one-swap pricing only; not multi-swap or global proof,C,B,1,1,1,0,0,3,2018,2020,CA,other
v63_source_repair_return_guarded_repair,incumbent_cvar_relaxed_source_lp,140059131,156823754,1000.0,1000.0,-181.82638557373122,-183.46022770133698,1.6338421276057602,976.0515873852562,842400.0,True,True,6.907218559226713e-06,0.8992165242165242,0,,,61354.55105328337,95091.31972451104,True,True,post_v161_one_drop_one_add_whole_loan_swap,post-v161 one-swap pricing only; not multi-swap or global proof,C,D,1,2,1,3,0,1,2018,2019,CA,CA
v63_source_repair_return_guarded_repair,incumbent_cvar_relaxed_source_lp,139046920,127874931,1000.0,1000.0,-160.03511928627375,-186.9469746106631,26.911855324389336,1001.3296005820397,842400.0,True,True,6.907218559226713e-06,0.8992165242165242,0,,,61395.34443922722,95219.57173420148,True,True,post_v161_one_drop_one_add_whole_loan_swap,post-v161 one-swap pricing only; not multi-swap or global proof,B,B,0,0,0,0,0,0,2018,2018,other,MN
v63_source_repair_return_guarded_repair,incumbent_cvar_relaxed_source_lp,139046920,126733849,1000.0,1000.0,-160.03511928627375,-186.9469746106631,26.911855324389336,1001.3296005820397,842400.0,True,True,6.907218559226713e-06,0.8992165242165242,0,,,61395.34443922722,95219.57173420148,True,True,post_v161_one_drop_one_add_whole_loan_swap,post-v161 one-swap pricing only; not multi-swap or global proof,B,B,0,0,0,4,0,3,2018,2018,other,NJ
v63_source_repair_return_guarded_repair,incumbent_cvar_relaxed_source_lp,139046920,126468092,1000.0,1000.0,-160.03511928627375,-169.50590883596908,9.470789549695326,983.8885348073456,842400.0,True,True,6.907218559226713e-06,0.8992165242165242,0,,,61418.248661784615,95250.80513617418,True,True,post_v161_one_drop_one_add_whole_loan_swap,post-v161 one-swap pricing only; not multi-swap or global proof,B,B,0,0,0,1,0,2,2018,2018,other,other
v63_source_repair_return_guarded_repair,incumbent_cvar_relaxed_source_lp,139046920,126416707,1000.0,1000.0,-160.03511928627375,-187.69320294656202,27.65808366028827,1002.0758289179387,842400.0,True,True,6.907218559226713e-06,0.8992165242165242,0,,,61394.579344555765,95218.5876159641,True,True,post_v161_one_drop_one_add_whole_loan_swap,post-v161 one-swap pricing only; not multi-swap or global proof,B,B,0,0,0,1,0,1,2018,2018,other,CA
v63_source_repair_return_guarded_repair,incumbent_cvar_relaxed_source_lp,139851156,127011905,1500.0,1500.0,-293.38222814673486,-310.3923206149292,17.01009246819433,991.4278377258447,842400.0,True,True,6.907218559226713e-06,0.8992165242165242,0,,,61643.46050847843,95620.77611407863,True,True,post_v161_one_drop_one_add_whole_loan_swap,post-v161 one-swap pricing only; not multi-swap or global proof,F,C,3,1,1,2,0,2,2018,2018,other,other
v63_source_repair_return_guarded_repair,incumbent_cvar_relaxed_source_lp,139851156,126620912,1500.0,1500.0,-293.38222814673486,-319.768173516142,26.385945369407125,1000.8036906270574,842400.0,True,True,6.907218559226713e-06,0.8992165242165242,0,,,61696.15164858025,95695.70509187042,True,True,post_v161_one_drop_one_add_whole_loan_swap,post-v161 one-swap pricing only; not multi-swap or global proof,F,B,3,1,1,0,0,0,2018,2018,other,other
v63_source_repair_return_guarded_repair,incumbent_cvar_relaxed_source_lp,139851156,167713836,1500.0,1500.0,-293.38222814673486,-323.27724824243177,29.895020095696907,1004.3127653533472,842400.0,True,True,6.907218559226713e-06,0.8992165242165242,0,,,61612.70431790718,95545.9701498706,True,True,post_v161_one_drop_one_add_whole_loan_swap,post-v161 one-swap pricing only; not multi-swap or global proof,F,C,3,1,1,1,0,4,2018,2020,other,other
v63_source_repair_return_guarded_repair,incumbent_cvar_relaxed_source_lp,138956233,126707528,1000.0,1000.0,-219.82022390851978,-226.37597165812684,6.555747749607065,980.9734930072575,842400.0,True,True,6.907218559226713e-06,0.8992165242165242,0,,,61458.21283298836,95329.53190403836,True,True,post_v161_one_drop_one_add_whole_loan_swap,post-v161 one-swap pricing only; not multi-swap or global proof,F,E,3,3,0,1,0,0,2018,2018,other,other
v63_source_repair_return_guarded_repair,incumbent_cvar_relaxed_source_lp,138956233,126409482,1000.0,1000.0,-219.82022390851978,-223.9633297987982,4.143105890278434,978.5608511479288,842400.0,True,True,6.907218559226713e-06,0.8992165242165242,0,,,61578.36247089418,95482.84114145572,True,True,post_v161_one_drop_one_add_whole_loan_swap,post-v161 one-swap pricing only; not multi-swap or global proof,F,C,3,2,0,2,0,3,2018,2018,other,other
v63_source_repair_return_guarded_repair,incumbent_cvar_relaxed_source_lp,138956233,169887690,1000.0,1000.0,-219.82022390851978,-221.11264407259083,1.2924201640710464,975.7101654217214,842400.0,True,True,6.907218559226713e-06,0.8992165242165242,0,,,61588.01737312529,95493.79141184887,True,True,post_v161_one_drop_one_add_whole_loan_swap,post-v161 one-swap pricing only; not multi-swap or global proof,F,B,3,1,0,0,0,3,2018,2020,other,other
v63_source_repair_return_guarded_repair,incumbent_cvar_relaxed_source_lp,139684635,168803640,1500.0,1500.0,-18.158070116616003,-30.498264963412808,12.340194846796805,986.7579401044472,842400.0,True,True,6.907218559226713e-06,0.8992165242165242,0,,,61387.31664668493,95159.46134269747,True,True,post_v161_one_drop_one_add_whole_loan_swap,post-v161 one-swap pricing only; not multi-swap or global proof,A,A,1,1,0,3,0,3,2018,2020,MA,IL
v63_source_repair_return_guarded_repair,incumbent_cvar_relaxed_source_lp,139712400,127475725,1000.0,1000.0,-208.39355932609263,-211.8282137432861,3.434654417193485,977.8523996748438,842400.0,True,True,6.907218559226713e-06,0.8992165242165242,0,,,61437.50673249777,95271.12389855446,True,True,post_v161_one_drop_one_add_whole_loan_swap,post-v161 one-swap pricing only; not multi-swap or global proof,C,C,1,1,1,4,0,0,2018,2018,other,AZ
v63_source_repair_return_guarded_repair,incumbent_cvar_relaxed_source_lp,139712400,126707528,1000.0,1000.0,-208.39355932609263,-226.37597165812684,17.982412332034215,992.4001575896846,842400.0,True,True,6.907218559226713e-06,0.8992165242165242,0,,,61299.93940705618,95098.87580009829,True,True,post_v161_one_drop_one_add_whole_loan_swap,post-v161 one-swap pricing only; not multi-swap or global proof,C,E,1,3,1,1,0,0,2018,2018,other,other
v63_source_repair_return_guarded_repair,incumbent_cvar_relaxed_source_lp,139712400,126409482,1000.0,1000.0,-208.39355932609263,-223.9633297987982,15.569770472705585,989.987515730356,842400.0,True,True,6.907218559226713e-06,0.8992165242165242,0,,,61420.08904496201,95252.18503751565,True,True,post_v161_one_drop_one_add_whole_loan_swap,post-v161 one-swap pricing only; not multi-swap or global proof,C,C,1,2,1,2,0,3,2018,2018,other,other
v63_source_repair_return_guarded_repair,incumbent_cvar_relaxed_source_lp,139712400,166121358,1000.0,1000.0,-208.39355932609263,-212.03423240595197,3.64067307985934,978.0584183375097,842400.0,True,True,6.907218559226713e-06,0.8992165242165242,0,,,61411.59325929404,95216.51459815944,True,True,post_v161_one_drop_one_add_whole_loan_swap,post-v161 one-swap pricing only; not multi-swap or global proof,C,C,1,2,1,3,0,0,2018,2020,other,MD
v63_source_repair_return_guarded_repair,incumbent_cvar_relaxed_source_lp,139712400,169887690,1000.0,1000.0,-208.39355932609263,-221.11264407259083,12.719084746498197,987.1368300041486,842400.0,True,True,6.907218559226713e-06,0.8992165242165242,0,,,61429.743947193114,95263.13530790879,True,True,post_v161_one_drop_one_add_whole_loan_swap,post-v161 one-swap pricing only; not multi-swap or global proof,C,B,1,1,1,0,0,3,2018,2020,other,other
v63_source_repair_return_guarded_repair,incumbent_cvar_relaxed_source_lp,139692543,126620912,1500.0,1500.0,-313.6768283500041,-319.768173516142,6.091345166137899,980.5090904237883,842400.0,True,True,6.907218559226713e-06,0.8992165242165242,0,,,61422.36550542734,95273.14878928868,True,True,post_v161_one_drop_one_add_whole_loan_swap,post-v161 one-swap pricing only; not multi-swap or global proof,B,B,1,1,2,0,2,0,2018,2018,CA,other
v63_source_repair_return_guarded_repair,incumbent_cvar_relaxed_source_lp,139692543,167713836,1500.0,1500.0,-313.6768283500041,-323.27724824243177,9.60041989242768,984.0181651500781,842400.0,True,True,6.907218559226713e-06,0.8992165242165242,0,,,61338.91817475426,95123.41384728884,True,True,post_v161_one_drop_one_add_whole_loan_swap,post-v161 one-swap pricing only; not multi-swap or global proof,B,C,1,1,2,1,2,4,2018,2020,CA,other
v63_source_repair_return_guarded_repair,incumbent_cvar_relaxed_source_lp,139635094,127011905,1500.0,1500.0,-304.05511026867555,-310.3923206149292,6.3372103462536415,980.754955603904,842400.0,True,True,6.907218559226713e-06,0.8992165242165242,0,,,61507.74743173533,95405.51927235097,True,True,post_v161_one_drop_one_add_whole_loan_swap,post-v161 one-swap pricing only; not multi-swap or global proof,D,C,2,1,3,2,1,2,2018,2018,NY,other
v63_source_repair_return_guarded_repair,incumbent_cvar_relaxed_source_lp,139635094,126620912,1500.0,1500.0,-304.05511026867555,-319.768173516142,15.713063247466437,990.1308085051169,842400.0,True,True,6.907218559226713e-06,0.8992165242165242,0,,,61560.43857183715,95480.44825014278,True,True,post_v161_one_drop_one_add_whole_loan_swap,post-v161 one-swap pricing only; not multi-swap or global proof,D,B,2,1,3,0,1,0,2018,2018,NY,other
v63_source_repair_return_guarded_repair,incumbent_cvar_relaxed_source_lp,139635094,167713836,1500.0,1500.0,-304.05511026867555,-323.27724824243177,19.22213797375622,993.6398832314067,842400.0,True,True,6.907218559226713e-06,0.8992165242165242,0,,,61476.99124116407,95330.71330814293,True,True,post_v161_one_drop_one_add_whole_loan_swap,post-v161 one-swap pricing only; not multi-swap or global proof,D,C,2,1,3,1,1,4,2018,2020,NY,other
v63_source_repair_return_guarded_repair,incumbent_cvar_relaxed_source_lp,138628190,126620912,1600.0,1500.0,-318.90861690667094,-319.768173516142,0.8595566094710421,975.2773018671214,842500.0,True,True,0.00010816869840624133,0.8991097922848664,0,,,61453.02032772323,95320.07786930629,True,True,post_v161_one_drop_one_add_whole_loan_swap,post-v161 one-swap pricing only; not multi-swap or global proof,B,B,1,1,4,0,3,0,2018,2018,CA,other
v63_source_repair_return_guarded_repair,incumbent_cvar_relaxed_source_lp,138628190,167713836,1600.0,1500.0,-318.90861690667094,-323.27724824243177,4.368631335760824,978.7863765934112,842500.0,True,True,0.00010816869840624133,0.8991097922848664,0,,,61369.57299705015,95170.34292730645,True,True,post_v161_one_drop_one_add_whole_loan_swap,post-v161 one-swap pricing only; not multi-swap or global proof,B,C,1,1,4,1,3,4,2018,2020,CA,other
v63_source_repair_return_guarded_repair,incumbent_cvar_relaxed_source_lp,139529807,127475725,1000.0,1000.0,-202.7034068457836,-211.8282137432861,9.12480689750251,983.5425521551529,842400.0,True,True,6.907218559226713e-06,0.8992165242165242,0,,,61480.693890417955,95341.46464988931,True,True,post_v161_one_drop_one_add_whole_loan_swap,post-v161 one-swap pricing only; not multi-swap or global proof,D,C,2,1,3,4,1,0,2018,2018,NC,AZ
v63_source_repair_return_guarded_repair,incumbent_cvar_relaxed_source_lp,139529807,127582382,1000.0,1000.0,-202.7034068457836,-205.52183833714096,2.8184314913573587,977.2361767490078,842400.0,True,True,6.907218559226713e-06,0.8992165242165242,0,,,61422.709836239446,95263.1327156398,True,True,post_v161_one_drop_one_add_whole_loan_swap,post-v161 one-swap pricing only; not multi-swap or global proof,D,D,2,2,3,3,1,0,2018,2018,NC,CA
v63_source_repair_return_guarded_repair,incumbent_cvar_relaxed_source_lp,139529807,126707528,1000.0,1000.0,-202.7034068457836,-226.37597165812684,23.67256481234324,998.0903100699936,842400.0,True,True,6.907218559226713e-06,0.8992165242165242,0,,,61343.12656497636,95169.21655143311,True,True,post_v161_one_drop_one_add_whole_loan_swap,post-v161 one-swap pricing only; not multi-swap or global proof,D,E,2,3,3,1,1,0,2018,2018,NC,other
v63_source_repair_return_guarded_repair,incumbent_cvar_relaxed_source_lp,139529807,126652025,1000.0,1000.0,-202.7034068457836,-206.92821374328602,4.224806897502418,978.6425521551528,842400.0,True,True,6.907218559226713e-06,0.8992165242165242,0,,,61480.693890417955,95341.46464988931,True,True,post_v161_one_drop_one_add_whole_loan_swap,post-v161 one-swap pricing only; not multi-swap or global proof,D,C,2,1,3,3,1,1,2018,2018,NC,FL
v63_source_repair_return_guarded_repair,incumbent_cvar_relaxed_source_lp,139529807,126409482,1000.0,1000.0,-202.7034068457836,-223.9633297987982,21.25992295301461,995.6776682106649,842400.0,True,True,6.907218559226713e-06,0.8992165242165242,0,,,61463.27620288218,95322.52578885047,True,True,post_v161_one_drop_one_add_whole_loan_swap,post-v161 one-swap pricing only; not multi-swap or global proof,D,C,2,2,3,2,1,3,2018,2018,NC,other
v63_source_repair_return_guarded_repair,incumbent_cvar_relaxed_source_lp,139529807,166121358,1000.0,1000.0,-202.7034068457836,-212.03423240595197,9.330825560168364,983.7485708178187,842400.0,True,True,6.907218559226713e-06,0.8992165242165242,0,,,61454.780417214206,95286.85534949425,True,True,post_v161_one_drop_one_add_whole_loan_swap,post-v161 one-swap pricing only; not multi-swap or global proof,D,C,2,2,3,3,1,0,2018,2020,NC,MD
v63_source_repair_return_guarded_repair,incumbent_cvar_relaxed_source_lp,139529807,169887690,1000.0,1000.0,-202.7034068457836,-221.11264407259083,18.40923722680722,992.8269824844576,842400.0,True,True,6.907218559226713e-06,0.8992165242165242,0,,,61472.93110511328,95333.47605924362,True,True,post_v161_one_drop_one_add_whole_loan_swap,post-v161 one-swap pricing only; not multi-swap or global proof,D,B,2,1,3,0,1,3,2018,2020,NC,other
v63_source_repair_return_guarded_repair,incumbent_cvar_relaxed_source_lp,139458494,127672145,1000.0,1000.0,-192.59392710453298,-196.20083323856994,3.6069061340369615,978.0246513916874,842400.0,True,True,6.907218559226713e-06,0.8992165242165242,0,,,61506.13707829324,95359.37458867134,True,True,post_v161_one_drop_one_add_whole_loan_swap,post-v161 one-swap pricing only; not multi-swap or global proof,D,C,2,1,4,0,1,2,2018,2018,WA,other
v63_source_repair_return_guarded_repair,incumbent_cvar_relaxed_source_lp,139458494,127475725,1000.0,1000.0,-192.59392710453298,-211.8282137432861,19.234286638753133,993.6520318964035,842400.0,True,True,6.907218559226713e-06,0.8992165242165242,0,,,61480.24459732906,95327.27257041406,True,True,post_v161_one_drop_one_add_whole_loan_swap,post-v161 one-swap pricing only; not multi-swap or global proof,D,C,2,1,4,4,1,0,2018,2018,WA,AZ
v63_source_repair_return_guarded_repair,incumbent_cvar_relaxed_source_lp,139458494,127582382,1000.0,1000.0,-192.59392710453298,-205.52183833714096,12.927911232607983,987.3456564902583,842400.0,True,True,6.907218559226713e-06,0.8992165242165242,0,,,61422.26054315055,95248.94063616452,True,True,post_v161_one_drop_one_add_whole_loan_swap,post-v161 one-swap pricing only; not multi-swap or global proof,D,D,2,2,4,3,1,0,2018,2018,WA,CA
v63_source_repair_return_guarded_repair,incumbent_cvar_relaxed_source_lp,139458494,126820122,1000.0,1000.0,-192.59392710453298,-201.89545162414464,9.301524519611661,983.7192697772621,842400.0,True,True,6.907218559226713e-06,0.8992165242165242,0,,,61465.555039331324,95311.00407431262,True,True,post_v161_one_drop_one_add_whole_loan_swap,post-v161 one-swap pricing only; not multi-swap or global proof,D,C,2,1,4,0,1,1,2018,2018,WA,other
v63_source_repair_return_guarded_repair,incumbent_cvar_relaxed_source_lp,139458494,126707528,1000.0,1000.0,-192.59392710453298,-226.37597165812684,33.78204455359386,1008.1997898112443,842400.0,True,True,6.907218559226713e-06,0.8992165242165242,0,,,61342.67727188746,95155.02447195786,True,True,post_v161_one_drop_one_add_whole_loan_swap,post-v161 one-swap pricing only; not multi-swap or global proof,D,E,2,3,4,1,1,0,2018,2018,WA,other
v63_source_repair_return_guarded_repair,incumbent_cvar_relaxed_source_lp,139458494,126652025,1000.0,1000.0,-192.59392710453298,-206.92821374328602,14.334286638753042,988.7520318964034,842400.0,True,True,6.907218559226713e-06,0.8992165242165242,0,,,61480.24459732906,95327.27257041406,True,True,post_v161_one_drop_one_add_whole_loan_swap,post-v161 one-swap pricing only; not multi-swap or global proof,D,C,2,1,4,3,1,1,2018,2018,WA,FL
v63_source_repair_return_guarded_repair,incumbent_cvar_relaxed_source_lp,139458494,126419064,1000.0,1000.0,-192.59392710453298,-198.85427993768698,6.260352833154002,980.6780980908044,842400.0,True,True,6.907218559226713e-06,0.8992165242165242,0,,,61438.948515900964,95268.335668252,True,True,post_v161_one_drop_one_add_whole_loan_swap,post-v161 one-swap pricing only; not multi-swap or global proof,D,D,2,2,4,4,1,1,2018,2018,WA,other
v63_source_repair_return_guarded_repair,incumbent_cvar_relaxed_source_lp,139458494,126409482,1000.0,1000.0,-192.59392710453298,-223.9633297987982,31.369402694265233,1005.7871479519156,842400.0,True,True,6.907218559226713e-06,0.8992165242165242,0,,,61462.82690979329,95308.33370937523,True,True,post_v161_one_drop_one_add_whole_loan_swap,post-v161 one-swap pricing only; not multi-swap or global proof,D,C,2,2,4,2,1,3,2018,2018,WA,other
v63_source_repair_return_guarded_repair,incumbent_cvar_relaxed_source_lp,139458494,166121358,1000.0,1000.0,-192.59392710453298,-212.03423240595197,19.440305301418988,993.8580505590694,842400.0,True,True,6.907218559226713e-06,0.8992165242165242,0,,,61454.331124125325,95272.663270019,True,True,post_v161_one_drop_one_add_whole_loan_swap,post-v161 one-swap pricing only; not multi-swap or global proof,D,C,2,2,4,3,1,0,2018,2020,WA,MD
v63_source_repair_return_guarded_repair,incumbent_cvar_relaxed_source_lp,139458494,169887690,1000.0,1000.0,-192.59392710453298,-221.11264407259083,28.518716968057845,1002.9364622257083,842400.0,True,True,6.907218559226713e-06,0.8992165242165242,0,,,61472.48181202439,95319.28397976838,True,True,post_v161_one_drop_one_add_whole_loan_swap,post-v161 one-swap pricing only; not multi-swap or global proof,D,B,2,1,4,0,1,3,2018,2020,WA,other
v63_source_repair_return_guarded_repair,incumbent_cvar_relaxed_source_lp,139411752,126760355,1500.0,1500.0,-240.55468343692485,-250.40002765814089,9.845344221216038,984.2630894788664,842400.0,True,True,6.907218559226713e-06,0.8992165242165242,0,,,61441.12757116776,95286.49382709082,True,True,post_v161_one_drop_one_add_whole_loan_swap,post-v161 one-swap pricing only; not multi-swap or global proof,B,B,0,0,0,1,2,0,2018,2018,NY,IL
v63_source_repair_return_guarded_repair,incumbent_cvar_relaxed_source_lp,139411752,126430923,1500.0,1500.0,-240.55468343692485,-243.25029594541493,2.695612508490086,977.1133577661404,842400.0,True,True,6.907218559226713e-06,0.8992165242165242,0,,,61440.92226264416,95286.20542099087,True,True,post_v161_one_drop_one_add_whole_loan_swap,post-v161 one-swap pricing only; not multi-swap or global proof,B,B,0,0,0,3,2,0,2018,2018,NY,other
v63_source_repair_return_guarded_repair,incumbent_cvar_relaxed_source_lp,139328149,127475725,1000.0,1000.0,-203.78533000932222,-211.8282137432861,8.04288373396389,982.4606289916143,842400.0,True,True,6.907218559226713e-06,0.8992165242165242,0,,,61444.2086080963,95264.30595807476,True,True,post_v161_one_drop_one_add_whole_loan_swap,post-v161 one-swap pricing only; not multi-swap or global proof,C,C,1,1,2,4,0,0,2018,2018,CA,AZ
v63_source_repair_return_guarded_repair,incumbent_cvar_relaxed_source_lp,139328149,127582382,1000.0,1000.0,-203.78533000932222,-205.52183833714096,1.7365083278187399,976.1542535854692,842400.0,True,True,6.907218559226713e-06,0.8992165242165242,0,,,61386.22455391778,95185.97402382527,True,True,post_v161_one_drop_one_add_whole_loan_swap,post-v161 one-swap pricing only; not multi-swap or global proof,C,D,1,2,2,3,0,0,2018,2018,CA,CA
v63_source_repair_return_guarded_repair,incumbent_cvar_relaxed_source_lp,139328149,126707528,1000.0,1000.0,-203.78533000932222,-226.37597165812684,22.59064164880462,997.008386906455,842400.0,True,True,6.907218559226713e-06,0.8992165242165242,0,,,61306.6412826547,95092.05785961858,True,True,post_v161_one_drop_one_add_whole_loan_swap,post-v161 one-swap pricing only; not multi-swap or global proof,C,E,1,3,2,1,0,0,2018,2018,CA,other
v63_source_repair_return_guarded_repair,incumbent_cvar_relaxed_source_lp,139328149,126652025,1000.0,1000.0,-203.78533000932222,-206.92821374328602,3.1428837339637994,977.5606289916142,842400.0,True,True,6.907218559226713e-06,0.8992165242165242,0,,,61444.2086080963,95264.30595807476,True,True,post_v161_one_drop_one_add_whole_loan_swap,post-v161 one-swap pricing only; not multi-swap or global proof,C,C,1,1,2,3,0,1,2018,2018,CA,FL
v63_source_repair_return_guarded_repair,incumbent_cvar_relaxed_source_lp,139328149,126409482,1000.0,1000.0,-203.78533000932222,-223.9633297987982,20.17799978947599,994.5957450471263,842400.0,True,True,6.907218559226713e-06,0.8992165242165242,0,,,61426.790920560525,95245.36709703595,True,True,post_v161_one_drop_one_add_whole_loan_swap,post-v161 one-swap pricing only; not multi-swap or global proof,C,C,1,2,2,2,0,3,2018,2018,CA,other
v63_source_repair_return_guarded_repair,incumbent_cvar_relaxed_source_lp,139328149,166121358,1000.0,1000.0,-203.78533000932222,-212.03423240595197,8.248902396629745,982.6666476542802,842400.0,True,True,6.907218559226713e-06,0.8992165242165242,0,,,61418.29513489255,95209.69665767974,True,True,post_v161_one_drop_one_add_whole_loan_swap,post-v161 one-swap pricing only; not multi-swap or global proof,C,C,1,2,2,3,0,0,2018,2020,CA,MD
v63_source_repair_return_guarded_repair,incumbent_cvar_relaxed_source_lp,139328149,169887690,1000.0,1000.0,-203.78533000932222,-221.11264407259083,17.327314063268602,991.7450593209189,842400.0,True,True,6.907218559226713e-06,0.8992165242165242,0,,,61436.44582279163,95256.31736742909,True,True,post_v161_one_drop_one_add_whole_loan_swap,post-v161 one-swap pricing only; not multi-swap or global proof,C,B,1,1,2,0,0,3,2018,2020,CA,other
v63_source_repair_return_guarded_repair,incumbent_cvar_relaxed_source_lp,139107896,126707528,1000.0,1000.0,-212.09392710453298,-226.37597165812684,14.282044553593863,988.6997898112443,842400.0,True,True,6.907218559226713e-06,0.8992165242165242,0,,,61342.67727188746,95155.02447195786,True,True,post_v161_one_drop_one_add_whole_loan_swap,post-v161 one-swap pricing only; not multi-swap or global proof,D,E,2,3,4,1,2,0,2018,2018,MD,other
v63_source_repair_return_guarded_repair,incumbent_cvar_relaxed_source_lp,139107896,126409482,1000.0,1000.0,-212.09392710453298,-223.9633297987982,11.869402694265233,986.2871479519156,842400.0,True,True,6.907218559226713e-06,0.8992165242165242,0,,,61462.82690979329,95308.33370937523,True,True,post_v161_one_drop_one_add_whole_loan_swap,post-v161 one-swap pricing only; not multi-swap or global proof,D,C,2,2,4,2,2,3,2018,2018,MD,other
v63_source_repair_return_guarded_repair,incumbent_cvar_relaxed_source_lp,139107896,169887690,1000.0,1000.0,-212.09392710453298,-221.11264407259083,9.018716968057845,983.4364622257083,842400.0,True,True,6.907218559226713e-06,0.8992165242165242,0,,,61472.48181202439,95319.28397976838,True,True,post_v161_one_drop_one_add_whole_loan_swap,post-v161 one-swap pricing only; not multi-swap or global proof,D,B,2,1,4,0,2,3,2018,2020,MD,other
v63_source_repair_return_guarded_repair,incumbent_cvar_relaxed_source_lp,139077050,167137941,3000.0,3000.0,-438.5826809983794,-445.1753118629482,6.592630864568832,981.0103761222192,842400.0,True,True,6.907218559226713e-06,0.8992165242165242,0,,,61412.168917963456,95176.36536225872,True,True,post_v161_one_drop_one_add_whole_loan_swap,post-v161 one-swap pricing only; not multi-swap or global proof,B,B,0,0,0,2,0,0,2018,2020,AZ,CA
v63_source_repair_return_guarded_repair,incumbent_cvar_relaxed_source_lp,139039993,127672145,1000.0,1000.0,-194.3840274399123,-196.20083323856994,1.81680579865764,976.234551056308,842400.0,True,True,6.907218559226713e-06,0.8992165242165242,0,,,61434.13515996515,95261.37510802837,True,True,post_v161_one_drop_one_add_whole_loan_swap,post-v161 one-swap pricing only; not multi-swap or global proof,C,C,1,1,2,0,0,2,2018,2018,CO,other
v63_source_repair_return_guarded_repair,incumbent_cvar_relaxed_source_lp,139039993,127475725,1000.0,1000.0,-194.3840274399123,-211.8282137432861,17.44418630337381,991.8619315610242,842400.0,True,True,6.907218559226713e-06,0.8992165242165242,0,,,61408.24267900096,95229.27308977109,True,True,post_v161_one_drop_one_add_whole_loan_swap,post-v161 one-swap pricing only; not multi-swap or global proof,C,C,1,1,2,4,0,0,2018,2018,CO,AZ
v63_source_repair_return_guarded_repair,incumbent_cvar_relaxed_source_lp,139039993,127582382,1000.0,1000.0,-194.3840274399123,-205.52183833714096,11.137810897228661,985.555556154879,842400.0,True,True,6.907218559226713e-06,0.8992165242165242,0,,,61350.25862482244,95150.94115552159,True,True,post_v161_one_drop_one_add_whole_loan_swap,post-v161 one-swap pricing only; not multi-swap or global proof,C,D,1,2,2,3,0,0,2018,2018,CO,CA
v63_source_repair_return_guarded_repair,incumbent_cvar_relaxed_source_lp,139039993,126820122,1000.0,1000.0,-194.3840274399123,-201.89545162414464,7.5114241842323395,981.9291694418828,842400.0,True,True,6.907218559226713e-06,0.8992165242165242,0,,,61393.55312100322,95213.00459366966,True,True,post_v161_one_drop_one_add_whole_loan_swap,post-v161 one-swap pricing only; not multi-swap or global proof,C,C,1,1,2,0,0,1,2018,2018,CO,other
v63_source_repair_return_guarded_repair,incumbent_cvar_relaxed_source_lp,139039993,126707528,1000.0,1000.0,-194.3840274399123,-226.37597165812684,31.99194421821454,1006.409689475865,842400.0,True,True,6.907218559226713e-06,0.8992165242165242,0,,,61270.675353559374,95057.02499131492,True,True,post_v161_one_drop_one_add_whole_loan_swap,post-v161 one-swap pricing only; not multi-swap or global proof,C,E,1,3,2,1,0,0,2018,2018,CO,other
v63_source_repair_return_guarded_repair,incumbent_cvar_relaxed_source_lp,139039993,126652025,1000.0,1000.0,-194.3840274399123,-206.92821374328602,12.54418630337372,986.9619315610241,842400.0,True,True,6.907218559226713e-06,0.8992165242165242,0,,,61408.24267900096,95229.27308977109,True,True,post_v161_one_drop_one_add_whole_loan_swap,post-v161 one-swap pricing only; not multi-swap or global proof,C,C,1,1,2,3,0,1,2018,2018,CO,FL
v63_source_repair_return_guarded_repair,incumbent_cvar_relaxed_source_lp,139039993,126419064,1000.0,1000.0,-194.3840274399123,-198.85427993768698,4.4702524977746805,978.8879977554251,842400.0,True,True,6.907218559226713e-06,0.8992165242165242,0,,,61366.94659757287,95170.33618760902,True,True,post_v161_one_drop_one_add_whole_loan_swap,post-v161 one-swap pricing only; not multi-swap or global proof,C,D,1,2,2,4,0,1,2018,2018,CO,other
v63_source_repair_return_guarded_repair,incumbent_cvar_relaxed_source_lp,139039993,126409482,1000.0,1000.0,-194.3840274399123,-223.9633297987982,29.57930235888591,1003.9970476165363,842400.0,True,True,6.907218559226713e-06,0.8992165242165242,0,,,61390.82499146518,95210.33422873226,True,True,post_v161_one_drop_one_add_whole_loan_swap,post-v161 one-swap pricing only; not multi-swap or global proof,C,C,1,2,2,2,0,3,2018,2018,CO,other
v63_source_repair_return_guarded_repair,incumbent_cvar_relaxed_source_lp,139039993,166121358,1000.0,1000.0,-194.3840274399123,-212.03423240595197,17.650204966039666,992.0679502236901,842400.0,True,True,6.907218559226713e-06,0.8992165242165242,0,,,61382.329205797214,95174.66378937605,True,True,post_v161_one_drop_one_add_whole_loan_swap,post-v161 one-swap pricing only; not multi-swap or global proof,C,C,1,2,2,3,0,0,2018,2020,CO,MD
v63_source_repair_return_guarded_repair,incumbent_cvar_relaxed_source_lp,139039993,169887690,1000.0,1000.0,-194.3840274399123,-221.11264407259083,26.728616632678524,1001.1463618903289,842400.0,True,True,6.907218559226713e-06,0.8992165242165242,0,,,61400.47989369629,95221.28449912541,True,True,post_v161_one_drop_one_add_whole_loan_swap,post-v161 one-swap pricing only; not multi-swap or global proof,C,B,1,1,2,0,0,3,2018,2020,CO,other
v63_source_repair_return_guarded_repair,incumbent_cvar_relaxed_source_lp,138631135,127874931,1000.0,1000.0,-168.68250574568688,-186.9469746106631,18.26446886497621,992.6822141226266,842400.0,True,True,6.907218559226713e-06,0.8980294396961064,0,,,61557.35908714977,95445.36910246869,True,True,post_v161_one_drop_one_add_whole_loan_swap,post-v161 one-swap pricing only; not multi-swap or global proof,E,B,2,0,3,0,0,0,2018,2018,TX,MN
v63_source_repair_return_guarded_repair,incumbent_cvar_relaxed_source_lp,138631135,127672145,1000.0,1000.0,-168.68250574568688,-196.20083323856994,27.51832749288306,1001.9360727505334,842400.0,True,True,6.907218559226713e-06,0.8992165242165242,0,,,61526.25167212507,95400.99878358342,True,True,post_v161_one_drop_one_add_whole_loan_swap,post-v161 one-swap pricing only; not multi-swap or global proof,E,C,2,1,3,0,0,2,2018,2018,TX,other
v63_source_repair_return_guarded_repair,incumbent_cvar_relaxed_source_lp,138631135,127475725,1000.0,1000.0,-168.68250574568688,-211.8282137432861,43.14570799759923,1017.5634532552497,842400.0,True,True,6.907218559226713e-06,0.8992165242165242,0,,,61500.3591911609,95368.89676532614,True,True,post_v161_one_drop_one_add_whole_loan_swap,post-v161 one-swap pricing only; not multi-swap or global proof,E,C,2,1,3,4,0,0,2018,2018,TX,AZ
v63_source_repair_return_guarded_repair,incumbent_cvar_relaxed_source_lp,138631135,127582382,1000.0,1000.0,-168.68250574568688,-205.52183833714096,36.83933259145408,1011.2570778491045,842400.0,True,True,6.907218559226713e-06,0.8992165242165242,0,,,61442.37513698239,95290.56483107663,True,True,post_v161_one_drop_one_add_whole_loan_swap,post-v161 one-swap pricing only; not multi-swap or global proof,E,D,2,2,3,3,0,0,2018,2018,TX,CA
v63_source_repair_return_guarded_repair,incumbent_cvar_relaxed_source_lp,138631135,126827839,1000.0,1000.0,-168.68250574568688,-175.77898463113021,7.096478885443332,981.5142241430938,842400.0,True,True,6.907218559226713e-06,0.8992165242165242,0,,,61424.14876837982,95259.20820266864,True,True,post_v161_one_drop_one_add_whole_loan_swap,post-v161 one-swap pricing only; not multi-swap or global proof,E,E,2,2,3,0,0,4,2018,2018,TX,other
v63_source_repair_return_guarded_repair,incumbent_cvar_relaxed_source_lp,138631135,126820122,1000.0,1000.0,-168.68250574568688,-201.89545162414464,33.21294587845776,1007.6306911361081,842400.0,True,True,6.907218559226713e-06,0.8992165242165242,0,,,61485.66963316316,95352.62826922472,True,True,post_v161_one_drop_one_add_whole_loan_swap,post-v161 one-swap pricing only; not multi-swap or global proof,E,C,2,1,3,0,0,1,2018,2018,TX,other
v63_source_repair_return_guarded_repair,incumbent_cvar_relaxed_source_lp,138631135,126707528,1000.0,1000.0,-168.68250574568688,-226.37597165812684,57.69346591243996,1032.1112111700904,842400.0,True,True,6.907218559226713e-06,0.8992165242165242,0,,,61362.79186571931,95196.64866686992,True,True,post_v161_one_drop_one_add_whole_loan_swap,post-v161 one-swap pricing only; not multi-swap or global proof,E,E,2,3,3,1,0,0,2018,2018,TX,other
v63_source_repair_return_guarded_repair,incumbent_cvar_relaxed_source_lp,138631135,126733849,1000.0,1000.0,-168.68250574568688,-186.9469746106631,18.26446886497621,992.6822141226266,842400.0,True,True,6.907218559226713e-06,0.8980294396961064,0,,,61557.35908714977,95445.36910246869,True,True,post_v161_one_drop_one_add_whole_loan_swap,post-v161 one-swap pricing only; not multi-swap or global proof,E,B,2,0,3,4,0,3,2018,2018,TX,NJ
v63_source_repair_return_guarded_repair,incumbent_cvar_relaxed_source_lp,138631135,126652025,1000.0,1000.0,-168.68250574568688,-206.92821374328602,38.24570799759914,1012.6634532552496,842400.0,True,True,6.907218559226713e-06,0.8992165242165242,0,,,61500.3591911609,95368.89676532614,True,True,post_v161_one_drop_one_add_whole_loan_swap,post-v161 one-swap pricing only; not multi-swap or global proof,E,C,2,1,3,3,0,1,2018,2018,TX,FL
v63_source_repair_return_guarded_repair,incumbent_cvar_relaxed_source_lp,138631135,126468092,1000.0,1000.0,-168.68250574568688,-169.50590883596908,0.8234030902821985,975.2411483479326,842400.0,True,True,6.907218559226713e-06,0.8980294396961064,0,,,61580.26330970715,95476.60250444138,True,True,post_v161_one_drop_one_add_whole_loan_swap,post-v161 one-swap pricing only; not multi-swap or global proof,E,B,2,0,3,1,0,2,2018,2018,TX,other
v63_source_repair_return_guarded_repair,incumbent_cvar_relaxed_source_lp,138631135,126416707,1000.0,1000.0,-168.68250574568688,-187.69320294656202,19.010697200875143,993.4284424585255,842400.0,True,True,6.907218559226713e-06,0.8980294396961064,0,,,61556.59399247831,95444.3849842313,True,True,post_v161_one_drop_one_add_whole_loan_swap,post-v161 one-swap pricing only; not multi-swap or global proof,E,B,2,0,3,1,0,1,2018,2018,TX,CA
v63_source_repair_return_guarded_repair,incumbent_cvar_relaxed_source_lp,138631135,126419064,1000.0,1000.0,-168.68250574568688,-198.85427993768698,30.1717741920001,1004.5895194496504,842400.0,True,True,6.907218559226713e-06,0.8992165242165242,0,,,61459.06310973279,95309.95986316407,True,True,post_v161_one_drop_one_add_whole_loan_swap,post-v161 one-swap pricing only; not multi-swap or global proof,E,D,2,2,3,4,0,1,2018,2018,TX,other
v63_source_repair_return_guarded_repair,incumbent_cvar_relaxed_source_lp,138631135,126409482,1000.0,1000.0,-168.68250574568688,-223.9633297987982,55.28082405311133,1029.6985693107617,842400.0,True,True,6.907218559226713e-06,0.8992165242165242,0,,,61482.94150362512,95349.95790428731,True,True,post_v161_one_drop_one_add_whole_loan_swap,post-v161 one-swap pricing only; not multi-swap or global proof,E,C,2,2,3,2,0,3,2018,2018,TX,other
v63_source_repair_return_guarded_repair,incumbent_cvar_relaxed_source_lp,138631135,166121358,1000.0,1000.0,-168.68250574568688,-212.03423240595197,43.351726660265086,1017.7694719179154,842400.0,True,True,6.907218559226713e-06,0.8992165242165242,0,,,61474.44571795715,95314.28746493108,True,True,post_v161_one_drop_one_add_whole_loan_swap,post-v161 one-swap pricing only; not multi-swap or global proof,E,C,2,2,3,3,0,0,2018,2020,TX,MD
v63_source_repair_return_guarded_repair,incumbent_cvar_relaxed_source_lp,138631135,168701788,1000.0,1000.0,-168.68250574568688,-178.5860397151734,9.903533969486517,984.3212792271369,842400.0,True,True,6.907218559226713e-06,0.8992165242165242,0,,,61477.93827141699,95319.65758918111,True,True,post_v161_one_drop_one_add_whole_loan_swap,post-v161 one-swap pricing only; not multi-swap or global proof,E,C,2,1,3,3,0,1,2018,2020,TX,TX
v63_source_repair_return_guarded_repair,incumbent_cvar_relaxed_source_lp,138631135,169887690,1000.0,1000.0,-168.68250574568688,-221.11264407259083,52.43013832690394,1026.8478835845544,842400.0,True,True,6.907218559226713e-06,0.8992165242165242,0,,,61492.596405856224,95360.90817468046,True,True,post_v161_one_drop_one_add_whole_loan_swap,post-v161 one-swap pricing only; not multi-swap or global proof,E,B,2,1,3,0,0,3,2018,2020,TX,other
v63_source_repair_return_guarded_repair,incumbent_cvar_relaxed_source_lp,138631135,169358871,1000.0,1000.0,-168.68250574568688,-177.86634212741987,9.183836381732988,983.6015816393833,842400.0,True,True,6.907218559226713e-06,0.8992165242165242,0,,,61487.70928874973,95307.23255414129,True,True,post_v161_one_drop_one_add_whole_loan_swap,post-v161 one-swap pricing only; not multi-swap or global proof,E,C,2,1,3,3,0,0,2018,2020,TX,VA
v63_source_repair_return_guarded_repair,incumbent_cvar_relaxed_source_lp,138631135,139506195,1000.0,1000.0,-168.68250574568688,-177.67809625327766,8.995590507590776,983.4133357652412,842400.0,True,True,6.907218559226713e-06,0.8992165242165242,0,,,61461.874608698316,95253.45092902082,True,True,post_v161_one_drop_one_add_whole_loan_swap,post-v161 one-swap pricing only; not multi-swap or global proof,E,D,2,2,3,2,0,0,2018,2018,TX,CA
v63_source_repair_return_guarded_repair,incumbent_cvar_relaxed_source_lp,138631135,156823754,1000.0,1000.0,-168.68250574568688,-183.46022770133698,14.777721955650094,989.1954672133005,842400.0,True,True,6.907218559226713e-06,0.8992165242165242,0,,,61459.476389598916,95232.54616564016,True,True,post_v161_one_drop_one_add_whole_loan_swap,post-v161 one-swap pricing only; not multi-swap or global proof,E,D,2,2,3,3,0,1,2018,2019,TX,CA
v63_source_repair_return_guarded_repair,incumbent_cvar_relaxed_source_lp,138631135,156807668,1000.0,1000.0,-168.68250574568688,-175.85010442413147,7.167598678444591,981.585343936095,842400.0,True,True,6.907218559226713e-06,0.8992165242165242,0,,,61486.90988395762,95260.82252601783,True,True,post_v161_one_drop_one_add_whole_loan_swap,post-v161 one-swap pricing only; not multi-swap or global proof,E,D,2,2,3,0,0,0,2018,2019,TX,TX
v63_source_repair_return_guarded_repair,incumbent_cvar_relaxed_source_lp,138929757,127874931,1000.0,1000.0,-173.65518401987842,-186.9469746106631,13.291790590784672,987.709535848435,842400.0,True,True,6.907218559226713e-06,0.8992165242165242,0,,,61436.430473809036,95259.33555994496,True,True,post_v161_one_drop_one_add_whole_loan_swap,post-v161 one-swap pricing only; not multi-swap or global proof,B,B,0,0,4,0,0,0,2018,2018,CO,MN
v63_source_repair_return_guarded_repair,incumbent_cvar_relaxed_source_lp,138929757,126733849,1000.0,1000.0,-173.65518401987842,-186.9469746106631,13.291790590784672,987.709535848435,842400.0,True,True,6.907218559226713e-06,0.8992165242165242,0,,,61436.430473809036,95259.33555994496,True,True,post_v161_one_drop_one_add_whole_loan_swap,post-v161 one-swap pricing only; not multi-swap or global proof,B,B,0,0,4,4,0,3,2018,2018,CO,NJ
v63_source_repair_return_guarded_repair,incumbent_cvar_relaxed_source_lp,138929757,126416707,1000.0,1000.0,-173.65518401987842,-187.69320294656202,14.038018926683606,988.4557641843339,842400.0,True,True,6.907218559226713e-06,0.8992165242165242,0,,,61435.66537913757,95258.3514417076,True,True,post_v161_one_drop_one_add_whole_loan_swap,post-v161 one-swap pricing only; not multi-swap or global proof,B,B,0,0,4,1,0,1,2018,2018,CO,CA
v63_source_repair_return_guarded_repair,incumbent_cvar_relaxed_source_lp,138754571,127874931,1000.0,1000.0,-180.60322385083467,-186.9469746106631,6.343750759828424,980.7614960174787,842400.0,True,True,6.907218559226713e-06,0.8980294396961064,0,,,61505.158774556745,95367.72961825297,True,True,post_v161_one_drop_one_add_whole_loan_swap,post-v161 one-swap pricing only; not multi-swap or global proof,D,B,1,0,1,0,0,0,2018,2018,CA,MN
v63_source_repair_return_guarded_repair,incumbent_cvar_relaxed_source_lp,138754571,127672145,1000.0,1000.0,-180.60322385083467,-196.20083323856994,15.597609387735275,990.0153546453856,842400.0,True,True,6.907218559226713e-06,0.8992165242165242,0,,,61474.05135953205,95323.35929936769,True,True,post_v161_one_drop_one_add_whole_loan_swap,post-v161 one-swap pricing only; not multi-swap or global proof,D,C,1,1,1,0,0,2,2018,2018,CA,other
v63_source_repair_return_guarded_repair,incumbent_cvar_relaxed_source_lp,138754571,127475725,1000.0,1000.0,-180.60322385083467,-211.8282137432861,31.224989892451447,1005.6427351501018,842400.0,True,True,6.907218559226713e-06,0.8992165242165242,0,,,61448.15887856787,95291.2572811104,True,True,post_v161_one_drop_one_add_whole_loan_swap,post-v161 one-swap pricing only; not multi-swap or global proof,D,C,1,1,1,4,0,0,2018,2018,CA,AZ
v63_source_repair_return_guarded_repair,incumbent_cvar_relaxed_source_lp,138754571,127582382,1000.0,1000.0,-180.60322385083467,-205.52183833714096,24.918614486306296,999.3363597439567,842400.0,True,True,6.907218559226713e-06,0.8992165242165242,0,,,61390.17482438937,95212.92534686088,True,True,post_v161_one_drop_one_add_whole_loan_swap,post-v161 one-swap pricing only; not multi-swap or global proof,D,D,1,2,1,3,0,0,2018,2018,CA,CA
v63_source_repair_return_guarded_repair,incumbent_cvar_relaxed_source_lp,138754571,126820122,1000.0,1000.0,-180.60322385083467,-201.89545162414464,21.292227773309975,995.7099730309603,842400.0,True,True,6.907218559226713e-06,0.8992165242165242,0,,,61433.46932057013,95274.98878500897,True,True,post_v161_one_drop_one_add_whole_loan_swap,post-v161 one-swap pricing only; not multi-swap or global proof,D,C,1,1,1,0,0,1,2018,2018,CA,other
v63_source_repair_return_guarded_repair,incumbent_cvar_relaxed_source_lp,138754571,126707528,1000.0,1000.0,-180.60322385083467,-226.37597165812684,45.77274780729218,1020.1904930649425,842400.0,True,True,6.907218559226713e-06,0.8992165242165242,0,,,61310.59155312628,95119.00918265422,True,True,post_v161_one_drop_one_add_whole_loan_swap,post-v161 one-swap pricing only; not multi-swap or global proof,D,E,1,3,1,1,0,0,2018,2018,CA,other
v63_source_repair_return_guarded_repair,incumbent_cvar_relaxed_source_lp,138754571,126733849,1000.0,1000.0,-180.60322385083467,-186.9469746106631,6.343750759828424,980.7614960174787,842400.0,True,True,6.907218559226713e-06,0.8980294396961064,0,,,61505.158774556745,95367.72961825297,True,True,post_v161_one_drop_one_add_whole_loan_swap,post-v161 one-swap pricing only; not multi-swap or global proof,D,B,1,0,1,4,0,3,2018,2018,CA,NJ
v63_source_repair_return_guarded_repair,incumbent_cvar_relaxed_source_lp,138754571,126652025,1000.0,1000.0,-180.60322385083467,-206.92821374328602,26.324989892451356,1000.7427351501017,842400.0,True,True,6.907218559226713e-06,0.8992165242165242,0,,,61448.15887856787,95291.2572811104,True,True,post_v161_one_drop_one_add_whole_loan_swap,post-v161 one-swap pricing only; not multi-swap or global proof,D,C,1,1,1,3,0,1,2018,2018,CA,FL
v63_source_repair_return_guarded_repair,incumbent_cvar_relaxed_source_lp,138754571,126416707,1000.0,1000.0,-180.60322385083467,-187.69320294656202,7.089979095727358,981.5077243533777,842400.0,True,True,6.907218559226713e-06,0.8980294396961064,0,,,61504.39367988528,95366.74550001559,True,True,post_v161_one_drop_one_add_whole_loan_swap,post-v161 one-swap pricing only; not multi-swap or global proof,D,B,1,0,1,1,0,1,2018,2018,CA,CA
v63_source_repair_return_guarded_repair,incumbent_cvar_relaxed_source_lp,138754571,126419064,1000.0,1000.0,-180.60322385083467,-198.85427993768698,18.251056086852316,992.6688013445028,842400.0,True,True,6.907218559226713e-06,0.8992165242165242,0,,,61406.86279713977,95232.32037894832,True,True,post_v161_one_drop_one_add_whole_loan_swap,post-v161 one-swap pricing only; not multi-swap or global proof,D,D,1,2,1,4,0,1,2018,2018,CA,other
v63_source_repair_return_guarded_repair,incumbent_cvar_relaxed_source_lp,138754571,126409482,1000.0,1000.0,-180.60322385083467,-223.9633297987982,43.36010594796355,1017.777851205614,842400.0,True,True,6.907218559226713e-06,0.8992165242165242,0,,,61430.741191032095,95272.31842007159,True,True,post_v161_one_drop_one_add_whole_loan_swap,post-v161 one-swap pricing only; not multi-swap or global proof,D,C,1,2,1,2,0,3,2018,2018,CA,other
v63_source_repair_return_guarded_repair,incumbent_cvar_relaxed_source_lp,138754571,166121358,1000.0,1000.0,-180.60322385083467,-212.03423240595197,31.4310085551173,1005.8487538127677,842400.0,True,True,6.907218559226713e-06,0.8992165242165242,0,,,61422.24540536413,95236.64798071535,True,True,post_v161_one_drop_one_add_whole_loan_swap,post-v161 one-swap pricing only; not multi-swap or global proof,D,C,1,2,1,3,0,0,2018,2020,CA,MD
v63_source_repair_return_guarded_repair,incumbent_cvar_relaxed_source_lp,138754571,169887690,1000.0,1000.0,-180.60322385083467,-221.11264407259083,40.50942022175616,1014.9271654794065,842400.0,True,True,6.907218559226713e-06,0.8992165242165242,0,,,61440.3960932632,95283.26869046473,True,True,post_v161_one_drop_one_add_whole_loan_swap,post-v161 one-swap pricing only; not multi-swap or global proof,D,B,1,1,1,0,0,3,2018,2020,CA,other
v63_source_repair_return_guarded_repair,incumbent_cvar_relaxed_source_lp,138754571,156823754,1000.0,1000.0,-180.60322385083467,-183.46022770133698,2.857003850502309,977.2747491081527,842400.0,True,True,6.907218559226713e-06,0.8992165242165242,0,,,61407.27607700588,95154.90668142444,True,True,post_v161_one_drop_one_add_whole_loan_swap,post-v161 one-swap pricing only; not multi-swap or global proof,D,D,1,2,1,3,0,1,2018,2019,CA,CA
v63_source_repair_return_guarded_repair,incumbent_cvar_relaxed_source_lp,138488679,126707528,1000.0,1000.0,-216.9648101063435,-226.37597165812684,9.411161551783351,983.8289068094338,842400.0,True,True,6.907218559226713e-06,0.8992165242165242,0,,,61263.08549097712,95029.43641884593,True,True,post_v161_one_drop_one_add_whole_loan_swap,post-v161 one-swap pricing only; not multi-swap or global proof,B,E,1,3,3,1,2,0,2018,2018,CA,other
v63_source_repair_return_guarded_repair,incumbent_cvar_relaxed_source_lp,138488679,126409482,1000.0,1000.0,-216.9648101063435,-223.9633297987982,6.998519692454721,981.4162649501051,842400.0,True,True,6.907218559226713e-06,0.8992165242165242,0,,,61383.235128882945,95182.74565626329,True,True,post_v161_one_drop_one_add_whole_loan_swap,post-v161 one-swap pricing only; not multi-swap or global proof,B,C,1,2,3,2,2,3,2018,2018,CA,other
v63_source_repair_return_guarded_repair,incumbent_cvar_relaxed_source_lp,138488679,169887690,1000.0,1000.0,-216.9648101063435,-221.11264407259083,4.147833966247333,978.5655792238977,842400.0,True,True,6.907218559226713e-06,0.8992165242165242,0,,,61392.890031114046,95193.69592665645,True,True,post_v161_one_drop_one_add_whole_loan_swap,post-v161 one-swap pricing only; not multi-swap or global proof,B,B,1,1,3,0,2,3,2018,2020,CA,other
v63_source_repair_return_guarded_repair,incumbent_cvar_relaxed_source_lp,138409341,126707528,1000.0,1000.0,-221.30444681183735,-226.37597165812684,5.071524846289492,979.4892701039398,842400.0,True,True,6.907218559226713e-06,0.8992165242165242,0,,,61290.71788252297,95041.40427883298,True,True,post_v161_one_drop_one_add_whole_loan_swap,post-v161 one-swap pricing only; not multi-swap or global proof,B,E,1,3,1,1,1,0,2018,2018,other,other
v63_source_repair_return_guarded_repair,incumbent_cvar_relaxed_source_lp,138409341,126409482,1000.0,1000.0,-221.30444681183735,-223.9633297987982,2.6588829869608617,977.0766282446112,842400.0,True,True,6.907218559226713e-06,0.8992165242165242,0,,,61410.86752042879,95194.71351625035,True,True,post_v161_one_drop_one_add_whole_loan_swap,post-v161 one-swap pricing only; not multi-swap or global proof,B,C,1,2,1,2,1,3,2018,2018,other,other
v63_source_repair_return_guarded_repair,incumbent_cvar_relaxed_source_lp,138239745,127874931,1000.0,1000.0,-166.10731042945866,-186.9469746106631,20.839664181204427,995.2574094388548,842400.0,True,True,6.907218559226713e-06,0.8980294396961064,0,,,61436.360898840285,95267.60587605354,True,True,post_v161_one_drop_one_add_whole_loan_swap,post-v161 one-swap pricing only; not multi-swap or global proof,C,B,1,0,4,0,2,0,2018,2018,MI,MN
v63_source_repair_return_guarded_repair,incumbent_cvar_relaxed_source_lp,138239745,127672145,1000.0,1000.0,-166.10731042945866,-196.20083323856994,30.093522809111278,1004.5112680667617,842400.0,True,True,6.907218559226713e-06,0.8992165242165242,0,,,61405.25348381559,95223.23555716829,True,True,post_v161_one_drop_one_add_whole_loan_swap,post-v161 one-swap pricing only; not multi-swap or global proof,C,C,1,1,4,0,2,2,2018,2018,MI,other
v63_source_repair_return_guarded_repair,incumbent_cvar_relaxed_source_lp,138239745,127475725,1000.0,1000.0,-166.10731042945866,-211.8282137432861,45.72090331382745,1020.1386485714778,842400.0,True,True,6.907218559226713e-06,0.8992165242165242,0,,,61379.36100285141,95191.13353891099,True,True,post_v161_one_drop_one_add_whole_loan_swap,post-v161 one-swap pricing only; not multi-swap or global proof,C,C,1,1,4,4,2,0,2018,2018,MI,AZ
v63_source_repair_return_guarded_repair,incumbent_cvar_relaxed_source_lp,138239745,127582382,1000.0,1000.0,-166.10731042945866,-205.52183833714096,39.4145279076823,1013.8322731653327,842400.0,True,True,6.907218559226713e-06,0.8992165242165242,0,,,61321.37694867289,95112.80160466146,True,True,post_v161_one_drop_one_add_whole_loan_swap,post-v161 one-swap pricing only; not multi-swap or global proof,C,D,1,2,4,3,2,0,2018,2018,MI,CA
v63_source_repair_return_guarded_repair,incumbent_cvar_relaxed_source_lp,138239745,126827839,1000.0,1000.0,-166.10731042945866,-175.77898463113021,9.67167420167155,984.0894194593219,842400.0,True,True,6.907218559226713e-06,0.8992165242165242,0,,,61303.15058007033,95081.44497625352,True,True,post_v161_one_drop_one_add_whole_loan_swap,post-v161 one-swap pricing only; not multi-swap or global proof,C,E,1,2,4,0,2,4,2018,2018,MI,other
v63_source_repair_return_guarded_repair,incumbent_cvar_relaxed_source_lp,138239745,126820122,1000.0,1000.0,-166.10731042945866,-201.89545162414464,35.78814119468598,1010.2058864523364,842400.0,True,True,6.907218559226713e-06,0.8992165242165242,0,,,61364.671444853666,95174.86504280957,True,True,post_v161_one_drop_one_add_whole_loan_swap,post-v161 one-swap pricing only; not multi-swap or global proof,C,C,1,1,4,0,2,1,2018,2018,MI,other
v63_source_repair_return_guarded_repair,incumbent_cvar_relaxed_source_lp,138239745,126707528,1000.0,1000.0,-166.10731042945866,-226.37597165812684,60.26866122866818,1034.6864064863184,842400.0,True,True,6.907218559226713e-06,0.8992165242165242,0,,,61241.79367740981,95018.88544045482,True,True,post_v161_one_drop_one_add_whole_loan_swap,post-v161 one-swap pricing only; not multi-swap or global proof,C,E,1,3,4,1,2,0,2018,2018,MI,other
v63_source_repair_return_guarded_repair,incumbent_cvar_relaxed_source_lp,138239745,126733849,1000.0,1000.0,-166.10731042945866,-186.9469746106631,20.839664181204427,995.2574094388548,842400.0,True,True,6.907218559226713e-06,0.8980294396961064,0,,,61436.360898840285,95267.60587605354,True,True,post_v161_one_drop_one_add_whole_loan_swap,post-v161 one-swap pricing only; not multi-swap or global proof,C,B,1,0,4,4,2,3,2018,2018,MI,NJ
v63_source_repair_return_guarded_repair,incumbent_cvar_relaxed_source_lp,138239745,126652025,1000.0,1000.0,-166.10731042945866,-206.92821374328602,40.82090331382736,1015.2386485714777,842400.0,True,True,6.907218559226713e-06,0.8992165242165242,0,,,61379.36100285141,95191.13353891099,True,True,post_v161_one_drop_one_add_whole_loan_swap,post-v161 one-swap pricing only; not multi-swap or global proof,C,C,1,1,4,3,2,1,2018,2018,MI,FL
v63_source_repair_return_guarded_repair,incumbent_cvar_relaxed_source_lp,138239745,126468092,1000.0,1000.0,-166.10731042945866,-169.50590883596908,3.3985984065104162,977.8163436641607,842400.0,True,True,6.907218559226713e-06,0.8980294396961064,0,,,61459.265121397664,95298.83927802628,True,True,post_v161_one_drop_one_add_whole_loan_swap,post-v161 one-swap pricing only; not multi-swap or global proof,C,B,1,0,4,1,2,2,2018,2018,MI,other
v63_source_repair_return_guarded_repair,incumbent_cvar_relaxed_source_lp,138239745,126416707,1000.0,1000.0,-166.10731042945866,-187.69320294656202,21.58589251710336,996.0036377747538,842400.0,True,True,6.907218559226713e-06,0.8980294396961064,0,,,61435.59580416882,95266.62175781616,True,True,post_v161_one_drop_one_add_whole_loan_swap,post-v161 one-swap pricing only; not multi-swap or global proof,C,B,1,0,4,1,2,1,2018,2018,MI,CA
v63_source_repair_return_guarded_repair,incumbent_cvar_relaxed_source_lp,138239745,126419064,1000.0,1000.0,-166.10731042945866,-198.85427993768698,32.74696950822832,1007.1647147658787,842400.0,True,True,6.907218559226713e-06,0.8992165242165242,0,,,61338.06492142331,95132.19663674891,True,True,post_v161_one_drop_one_add_whole_loan_swap,post-v161 one-swap pricing only; not multi-swap or global proof,C,D,1,2,4,4,2,1,2018,2018,MI,other
v63_source_repair_return_guarded_repair,incumbent_cvar_relaxed_source_lp,138239745,126409482,1000.0,1000.0,-166.10731042945866,-223.9633297987982,57.85601936933955,1032.27376462699,842400.0,True,True,6.907218559226713e-06,0.8992165242165242,0,,,61361.94331531564,95172.19467787215,True,True,post_v161_one_drop_one_add_whole_loan_swap,post-v161 one-swap pricing only; not multi-swap or global proof,C,C,1,2,4,2,2,3,2018,2018,MI,other
v63_source_repair_return_guarded_repair,incumbent_cvar_relaxed_source_lp,138239745,166121358,1000.0,1000.0,-166.10731042945866,-212.03423240595197,45.926921976493304,1020.3446672341437,842400.0,True,True,6.907218559226713e-06,0.8992165242165242,0,,,61353.44752964765,95136.52423851595,True,True,post_v161_one_drop_one_add_whole_loan_swap,post-v161 one-swap pricing only; not multi-swap or global proof,C,C,1,2,4,3,2,0,2018,2020,MI,MD
v63_source_repair_return_guarded_repair,incumbent_cvar_relaxed_source_lp,138239745,168701788,1000.0,1000.0,-166.10731042945866,-178.5860397151734,12.478729285714735,986.8964745433651,842400.0,True,True,6.907218559226713e-06,0.8992165242165242,0,,,61356.9400831075,95141.89436276598,True,True,post_v161_one_drop_one_add_whole_loan_swap,post-v161 one-swap pricing only; not multi-swap or global proof,C,C,1,1,4,3,2,1,2018,2020,MI,TX
v63_source_repair_return_guarded_repair,incumbent_cvar_relaxed_source_lp,138239745,169887690,1000.0,1000.0,-166.10731042945866,-221.11264407259083,55.00533364313216,1029.4230789007825,842400.0,True,True,6.907218559226713e-06,0.8992165242165242,0,,,61371.598217546736,95183.14494826534,True,True,post_v161_one_drop_one_add_whole_loan_swap,post-v161 one-swap pricing only; not multi-swap or global proof,C,B,1,1,4,0,2,3,2018,2020,MI,other
v63_source_repair_return_guarded_repair,incumbent_cvar_relaxed_source_lp,138239745,169358871,1000.0,1000.0,-166.10731042945866,-177.86634212741987,11.759031697961206,986.1767769556116,842400.0,True,True,6.907218559226713e-06,0.8992165242165242,0,,,61366.71110044025,95129.46932772615,True,True,post_v161_one_drop_one_add_whole_loan_swap,post-v161 one-swap pricing only; not multi-swap or global proof,C,C,1,1,4,3,2,0,2018,2020,MI,VA
v63_source_repair_return_guarded_repair,incumbent_cvar_relaxed_source_lp,138239745,139506195,1000.0,1000.0,-166.10731042945866,-177.67809625327766,11.570785823818994,985.9885310814693,842400.0,True,True,6.907218559226713e-06,0.8992165242165242,0,,,61340.876420388835,95075.6877026057,True,True,post_v161_one_drop_one_add_whole_loan_swap,post-v161 one-swap pricing only; not multi-swap or global proof,C,D,1,2,4,2,2,0,2018,2018,MI,CA
v63_source_repair_return_guarded_repair,incumbent_cvar_relaxed_source_lp,138239745,156823754,1000.0,1000.0,-166.10731042945866,-183.46022770133698,17.35291727187831,991.7706625295286,842400.0,True,True,6.907218559226713e-06,0.8992165242165242,0,,,61338.47820128943,95054.78293922504,True,True,post_v161_one_drop_one_add_whole_loan_swap,post-v161 one-swap pricing only; not multi-swap or global proof,C,D,1,2,4,3,2,1,2018,2019,MI,CA
v63_source_repair_return_guarded_repair,incumbent_cvar_relaxed_source_lp,138239745,156807668,1000.0,1000.0,-166.10731042945866,-175.85010442413147,9.742793994672809,984.1605392523231,842400.0,True,True,6.907218559226713e-06,0.8992165242165242,0,,,61365.91169564813,95083.05929960273,True,True,post_v161_one_drop_one_add_whole_loan_swap,post-v161 one-swap pricing only; not multi-swap or global proof,C,D,1,2,4,0,2,0,2018,2019,MI,TX
v63_source_repair_return_guarded_repair,incumbent_cvar_relaxed_source_lp,137884649,126707528,1000.0,1000.0,-214.98533000932218,-226.37597165812684,11.39064164880466,985.8083869064551,842400.0,True,True,6.907218559226713e-06,0.8992165242165242,0,,,61306.6412826547,95092.05785961858,True,True,post_v161_one_drop_one_add_whole_loan_swap,post-v161 one-swap pricing only; not multi-swap or global proof,C,E,1,3,0,1,0,0,2018,2018,CA,other
v63_source_repair_return_guarded_repair,incumbent_cvar_relaxed_source_lp,137884649,126409482,1000.0,1000.0,-214.98533000932218,-223.9633297987982,8.97799978947603,983.3957450471264,842400.0,True,True,6.907218559226713e-06,0.8992165242165242,0,,,61426.790920560525,95245.36709703595,True,True,post_v161_one_drop_one_add_whole_loan_swap,post-v161 one-swap pricing only; not multi-swap or global proof,C,C,1,2,0,2,0,3,2018,2018,CA,other
v63_source_repair_return_guarded_repair,incumbent_cvar_relaxed_source_lp,137884649,169887690,1000.0,1000.0,-214.98533000932218,-221.11264407259083,6.127314063268642,980.545059320919,842400.0,True,True,6.907218559226713e-06,0.8992165242165242,0,,,61436.44582279163,95256.31736742909,True,True,post_v161_one_drop_one_add_whole_loan_swap,post-v161 one-swap pricing only; not multi-swap or global proof,C,B,1,1,0,0,0,3,2018,2020,CA,other
v63_source_repair_return_guarded_repair,incumbent_cvar_relaxed_source_lp,136969540,127475725,1000.0,1000.0,-203.78533000932222,-211.8282137432861,8.04288373396389,982.4606289916143,842400.0,True,True,6.907218559226713e-06,0.8992165242165242,0,,,61444.2086080963,95264.30595807476,True,True,post_v161_one_drop_one_add_whole_loan_swap,post-v161 one-swap pricing only; not multi-swap or global proof,C,C,1,1,1,4,3,0,2018,2018,other,AZ
v63_source_repair_return_guarded_repair,incumbent_cvar_relaxed_source_lp,136969540,127582382,1000.0,1000.0,-203.78533000932222,-205.52183833714096,1.7365083278187399,976.1542535854692,842400.0,True,True,6.907218559226713e-06,0.8992165242165242,0,,,61386.22455391778,95185.97402382527,True,True,post_v161_one_drop_one_add_whole_loan_swap,post-v161 one-swap pricing only; not multi-swap or global proof,C,D,1,2,1,3,3,0,2018,2018,other,CA
v63_source_repair_return_guarded_repair,incumbent_cvar_relaxed_source_lp,136969540,126707528,1000.0,1000.0,-203.78533000932222,-226.37597165812684,22.59064164880462,997.008386906455,842400.0,True,True,6.907218559226713e-06,0.8992165242165242,0,,,61306.6412826547,95092.05785961858,True,True,post_v161_one_drop_one_add_whole_loan_swap,post-v161 one-swap pricing only; not multi-swap or global proof,C,E,1,3,1,1,3,0,2018,2018,other,other
v63_source_repair_return_guarded_repair,incumbent_cvar_relaxed_source_lp,136969540,126652025,1000.0,1000.0,-203.78533000932222,-206.92821374328602,3.1428837339637994,977.5606289916142,842400.0,True,True,6.907218559226713e-06,0.8992165242165242,0,,,61444.2086080963,95264.30595807476,True,True,post_v161_one_drop_one_add_whole_loan_swap,post-v161 one-swap pricing only; not multi-swap or global proof,C,C,1,1,1,3,3,1,2018,2018,other,FL
v63_source_repair_return_guarded_repair,incumbent_cvar_relaxed_source_lp,136969540,126409482,1000.0,1000.0,-203.78533000932222,-223.9633297987982,20.17799978947599,994.5957450471263,842400.0,True,True,6.907218559226713e-06,0.8992165242165242,0,,,61426.790920560525,95245.36709703595,True,True,post_v161_one_drop_one_add_whole_loan_swap,post-v161 one-swap pricing only; not multi-swap or global proof,C,C,1,2,1,2,3,3,2018,2018,other,other
v63_source_repair_return_guarded_repair,incumbent_cvar_relaxed_source_lp,136969540,166121358,1000.0,1000.0,-203.78533000932222,-212.03423240595197,8.248902396629745,982.6666476542802,842400.0,True,True,6.907218559226713e-06,0.8992165242165242,0,,,61418.29513489255,95209.69665767974,True,True,post_v161_one_drop_one_add_whole_loan_swap,post-v161 one-swap pricing only; not multi-swap or global proof,C,C,1,2,1,3,3,0,2018,2020,other,MD
v63_source_repair_return_guarded_repair,incumbent_cvar_relaxed_source_lp,136969540,169887690,1000.0,1000.0,-203.78533000932222,-221.11264407259083,17.327314063268602,991.7450593209189,842400.0,True,True,6.907218559226713e-06,0.8992165242165242,0,,,61436.44582279163,95256.31736742909,True,True,post_v161_one_drop_one_add_whole_loan_swap,post-v161 one-swap pricing only; not multi-swap or global proof,C,B,1,1,1,0,3,3,2018,2020,other,other
v63_source_repair_return_guarded_repair,incumbent_cvar_relaxed_source_lp,137721854,127676286,1800.0,1700.0,-258.7728660374641,-284.013668738137,25.24080270067293,999.6585479583233,842500.0,True,True,0.00010816869840624133,0.8992284866468843,0,,,61428.00795063097,95273.72598358525,True,True,post_v161_one_drop_one_add_whole_loan_swap,post-v161 one-swap pricing only; not multi-swap or global proof,B,B,0,0,2,4,1,1,2018,2018,WA,NV
v63_source_repair_return_guarded_repair,incumbent_cvar_relaxed_source_lp,137994575,127874931,1000.0,1000.0,-167.81258224857336,-186.9469746106631,19.134392362089727,993.55213761974,842400.0,True,True,6.907218559226713e-06,0.8992165242165242,0,,,61413.3391421316,95230.33656708713,True,True,post_v161_one_drop_one_add_whole_loan_swap,post-v161 one-swap pricing only; not multi-swap or global proof,B,B,0,0,2,0,0,0,2018,2018,NC,MN
v63_source_repair_return_guarded_repair,incumbent_cvar_relaxed_source_lp,137994575,126733849,1000.0,1000.0,-167.81258224857336,-186.9469746106631,19.134392362089727,993.55213761974,842400.0,True,True,6.907218559226713e-06,0.8992165242165242,0,,,61413.3391421316,95230.33656708713,True,True,post_v161_one_drop_one_add_whole_loan_swap,post-v161 one-swap pricing only; not multi-swap or global proof,B,B,0,0,2,4,0,3,2018,2018,NC,NJ
v63_source_repair_return_guarded_repair,incumbent_cvar_relaxed_source_lp,137994575,126468092,1000.0,1000.0,-167.81258224857336,-169.50590883596908,1.6933265873957168,976.1110718450461,842400.0,True,True,6.907218559226713e-06,0.8992165242165242,0,,,61436.243364688984,95261.56996905984,True,True,post_v161_one_drop_one_add_whole_loan_swap,post-v161 one-swap pricing only; not multi-swap or global proof,B,B,0,0,2,1,0,2,2018,2018,NC,other
v63_source_repair_return_guarded_repair,incumbent_cvar_relaxed_source_lp,137994575,126416707,1000.0,1000.0,-167.81258224857336,-187.69320294656202,19.88062069798866,994.298365955639,842400.0,True,True,6.907218559226713e-06,0.8992165242165242,0,,,61412.57404746014,95229.35244884976,True,True,post_v161_one_drop_one_add_whole_loan_swap,post-v161 one-swap pricing only; not multi-swap or global proof,B,B,0,0,2,1,0,1,2018,2018,NC,CA
v63_source_repair_return_guarded_repair,incumbent_cvar_relaxed_source_lp,137959011,167713836,1800.0,1500.0,-320.3890687881594,-323.27724824243177,2.888179454272347,977.3059247119227,842700.0,True,True,0.000310619560215053,0.8988964044143823,0,,,61595.761593773685,95487.41469731122,True,True,post_v161_one_drop_one_add_whole_loan_swap,post-v161 one-swap pricing only; not multi-swap or global proof,D,C,2,1,2,1,2,4,2018,2020,CA,other
v63_source_repair_return_guarded_repair,incumbent_cvar_relaxed_source_lp,137793280,126707528,1000.0,1000.0,-212.1028108589993,-226.37597165812684,14.273160799127538,988.690906056778,842400.0,True,True,6.907218559226713e-06,0.8992165242165242,0,,,61450.40110653104,95330.38208759719,True,True,post_v161_one_drop_one_add_whole_loan_swap,post-v161 one-swap pricing only; not multi-swap or global proof,F,E,3,3,4,1,1,0,2018,2018,CA,other
v63_source_repair_return_guarded_repair,incumbent_cvar_relaxed_source_lp,137793280,126409482,1000.0,1000.0,-212.1028108589993,-223.9633297987982,11.860518939798908,986.2782641974493,842400.0,True,True,6.907218559226713e-06,0.8992165242165242,0,,,61570.550744436856,95483.69132501456,True,True,post_v161_one_drop_one_add_whole_loan_swap,post-v161 one-swap pricing only; not multi-swap or global proof,F,C,3,2,4,2,1,3,2018,2018,CA,other
v63_source_repair_return_guarded_repair,incumbent_cvar_relaxed_source_lp,137793280,169887690,1000.0,1000.0,-212.1028108589993,-221.11264407259083,9.00983321359152,983.4275784712419,842400.0,True,True,6.907218559226713e-06,0.8992165242165242,0,,,61580.205646667964,95494.64159540771,True,True,post_v161_one_drop_one_add_whole_loan_swap,post-v161 one-swap pricing only; not multi-swap or global proof,F,B,3,1,4,0,1,3,2018,2020,CA,other
v63_source_repair_return_guarded_repair,incumbent_cvar_relaxed_source_lp,137668715,127672145,1000.0,1000.0,-191.08030640729243,-196.20083323856994,5.120526831277516,979.5382720889279,842400.0,True,True,6.907218559226713e-06,0.8992165242165242,0,,,61504.65073189448,95378.08638801968,True,True,post_v161_one_drop_one_add_whole_loan_swap,post-v161 one-swap pricing only; not multi-swap or global proof,D,C,2,1,4,0,2,2,2018,2018,NC,other
v63_source_repair_return_guarded_repair,incumbent_cvar_relaxed_source_lp,137668715,127475725,1000.0,1000.0,-191.08030640729243,-211.8282137432861,20.747907335993688,995.165652593644,842400.0,True,True,6.907218559226713e-06,0.8992165242165242,0,,,61478.7582509303,95345.9843697624,True,True,post_v161_one_drop_one_add_whole_loan_swap,post-v161 one-swap pricing only; not multi-swap or global proof,D,C,2,1,4,4,2,0,2018,2018,NC,AZ
v63_source_repair_return_guarded_repair,incumbent_cvar_relaxed_source_lp,137668715,127582382,1000.0,1000.0,-191.08030640729243,-205.52183833714096,14.441531929848537,988.859277187499,842400.0,True,True,6.907218559226713e-06,0.8992165242165242,0,,,61420.77419675178,95267.6524355129,True,True,post_v161_one_drop_one_add_whole_loan_swap,post-v161 one-swap pricing only; not multi-swap or global proof,D,D,2,2,4,3,2,0,2018,2018,NC,CA
v63_source_repair_return_guarded_repair,incumbent_cvar_relaxed_source_lp,137668715,126820122,1000.0,1000.0,-191.08030640729243,-201.89545162414464,10.815145216852216,985.2328904745026,842400.0,True,True,6.907218559226713e-06,0.8992165242165242,0,,,61464.06869293256,95329.71587366099,True,True,post_v161_one_drop_one_add_whole_loan_swap,post-v161 one-swap pricing only; not multi-swap or global proof,D,C,2,1,4,0,2,1,2018,2018,NC,other
v63_source_repair_return_guarded_repair,incumbent_cvar_relaxed_source_lp,137668715,126707528,1000.0,1000.0,-191.08030640729243,-226.37597165812684,35.29566525083442,1009.7134105084848,842400.0,True,True,6.907218559226713e-06,0.8992165242165242,0,,,61341.19092548871,95173.7362713062,True,True,post_v161_one_drop_one_add_whole_loan_swap,post-v161 one-swap pricing only; not multi-swap or global proof,D,E,2,3,4,1,2,0,2018,2018,NC,other
v63_source_repair_return_guarded_repair,incumbent_cvar_relaxed_source_lp,137668715,126652025,1000.0,1000.0,-191.08030640729243,-206.92821374328602,15.847907335993597,990.265652593644,842400.0,True,True,6.907218559226713e-06,0.8992165242165242,0,,,61478.7582509303,95345.9843697624,True,True,post_v161_one_drop_one_add_whole_loan_swap,post-v161 one-swap pricing only; not multi-swap or global proof,D,C,2,1,4,3,2,1,2018,2018,NC,FL
v63_source_repair_return_guarded_repair,incumbent_cvar_relaxed_source_lp,137668715,126419064,1000.0,1000.0,-191.08030640729243,-198.85427993768698,7.7739735303945565,982.1917187880449,842400.0,True,True,6.907218559226713e-06,0.8992165242165242,0,,,61437.4621695022,95287.04746760034,True,True,post_v161_one_drop_one_add_whole_loan_swap,post-v161 one-swap pricing only; not multi-swap or global proof,D,D,2,2,4,4,2,1,2018,2018,NC,other
v63_source_repair_return_guarded_repair,incumbent_cvar_relaxed_source_lp,137668715,126409482,1000.0,1000.0,-191.08030640729243,-223.9633297987982,32.88302339150579,1007.3007686491562,842400.0,True,True,6.907218559226713e-06,0.8992165242165242,0,,,61461.34056339452,95327.04550872356,True,True,post_v161_one_drop_one_add_whole_loan_swap,post-v161 one-swap pricing only; not multi-swap or global proof,D,C,2,2,4,2,2,3,2018,2018,NC,other
v63_source_repair_return_guarded_repair,incumbent_cvar_relaxed_source_lp,137668715,166121358,1000.0,1000.0,-191.08030640729243,-212.03423240595197,20.953925998659543,995.3716712563099,842400.0,True,True,6.907218559226713e-06,0.8992165242165242,0,,,61452.844777726554,95291.37506936734,True,True,post_v161_one_drop_one_add_whole_loan_swap,post-v161 one-swap pricing only; not multi-swap or global proof,D,C,2,2,4,3,2,0,2018,2020,NC,MD
v63_source_repair_return_guarded_repair,incumbent_cvar_relaxed_source_lp,137668715,169887690,1000.0,1000.0,-191.08030640729243,-221.11264407259083,30.0323376652984,1004.4500829229488,842400.0,True,True,6.907218559226713e-06,0.8992165242165242,0,,,61470.99546562562,95337.99577911671,True,True,post_v161_one_drop_one_add_whole_loan_swap,post-v161 one-swap pricing only; not multi-swap or global proof,D,B,2,1,4,0,2,3,2018,2020,NC,other
v63_source_repair_return_guarded_repair,incumbent_cvar_relaxed_source_lp,137677350,127874931,1000.0,1000.0,-171.87891215652908,-186.9469746106631,15.068062454134008,989.4858077117844,842400.0,True,True,6.907218559226713e-06,0.8980294396961064,0,,,61604.11773459961,95542.22852907253,True,True,post_v161_one_drop_one_add_whole_loan_swap,post-v161 one-swap pricing only; not multi-swap or global proof,F,B,2,0,2,0,2,0,2018,2018,WA,MN
v63_source_repair_return_guarded_repair,incumbent_cvar_relaxed_source_lp,137677350,127672145,1000.0,1000.0,-171.87891215652908,-196.20083323856994,24.32192108204086,998.7396663396912,842400.0,True,True,6.907218559226713e-06,0.8992165242165242,0,,,61573.010319574925,95497.85821018723,True,True,post_v161_one_drop_one_add_whole_loan_swap,post-v161 one-swap pricing only; not multi-swap or global proof,F,C,2,1,2,0,2,2,2018,2018,WA,other
v63_source_repair_return_guarded_repair,incumbent_cvar_relaxed_source_lp,137677350,127475725,1000.0,1000.0,-171.87891215652908,-211.8282137432861,39.94930158675703,1014.3670468444075,842400.0,True,True,6.907218559226713e-06,0.8992165242165242,0,,,61547.11783861074,95465.75619192995,True,True,post_v161_one_drop_one_add_whole_loan_swap,post-v161 one-swap pricing only; not multi-swap or global proof,F,C,2,1,2,4,2,0,2018,2018,WA,AZ
v63_source_repair_return_guarded_repair,incumbent_cvar_relaxed_source_lp,137677350,127582382,1000.0,1000.0,-171.87891215652908,-205.52183833714096,33.64292618061188,1008.0606714382623,842400.0,True,True,6.907218559226713e-06,0.8992165242165242,0,,,61489.13378443223,95387.42425768044,True,True,post_v161_one_drop_one_add_whole_loan_swap,post-v161 one-swap pricing only; not multi-swap or global proof,F,D,2,2,2,3,2,0,2018,2018,WA,CA
v63_source_repair_return_guarded_repair,incumbent_cvar_relaxed_source_lp,137677350,126827839,1000.0,1000.0,-171.87891215652908,-175.77898463113021,3.9000724746011315,978.3178177322516,842400.0,True,True,6.907218559226713e-06,0.8992165242165242,0,,,61470.90741582967,95356.06762927245,True,True,post_v161_one_drop_one_add_whole_loan_swap,post-v161 one-swap pricing only; not multi-swap or global proof,F,E,2,2,2,0,2,4,2018,2018,WA,other
v63_source_repair_return_guarded_repair,incumbent_cvar_relaxed_source_lp,137677350,126820122,1000.0,1000.0,-171.87891215652908,-201.89545162414464,30.01653946761556,1004.4342847252659,842400.0,True,True,6.907218559226713e-06,0.8992165242165242,0,,,61532.42828061301,95449.48769582852,True,True,post_v161_one_drop_one_add_whole_loan_swap,post-v161 one-swap pricing only; not multi-swap or global proof,F,C,2,1,2,0,2,1,2018,2018,WA,other
v63_source_repair_return_guarded_repair,incumbent_cvar_relaxed_source_lp,137677350,126707528,1000.0,1000.0,-171.87891215652908,-226.37597165812684,54.49705950159776,1028.9148047592482,842400.0,True,True,6.907218559226713e-06,0.8992165242165242,0,,,61409.550513169146,95293.50809347375,True,True,post_v161_one_drop_one_add_whole_loan_swap,post-v161 one-swap pricing only; not multi-swap or global proof,F,E,2,3,2,1,2,0,2018,2018,WA,other
v63_source_repair_return_guarded_repair,incumbent_cvar_relaxed_source_lp,137677350,126733849,1000.0,1000.0,-171.87891215652908,-186.9469746106631,15.068062454134008,989.4858077117844,842400.0,True,True,6.907218559226713e-06,0.8980294396961064,0,,,61604.11773459961,95542.22852907253,True,True,post_v161_one_drop_one_add_whole_loan_swap,post-v161 one-swap pricing only; not multi-swap or global proof,F,B,2,0,2,4,2,3,2018,2018,WA,NJ
v63_source_repair_return_guarded_repair,incumbent_cvar_relaxed_source_lp,137677350,126652025,1000.0,1000.0,-171.87891215652908,-206.92821374328602,35.04930158675694,1009.4670468444074,842400.0,True,True,6.907218559226713e-06,0.8992165242165242,0,,,61547.11783861074,95465.75619192995,True,True,post_v161_one_drop_one_add_whole_loan_swap,post-v161 one-swap pricing only; not multi-swap or global proof,F,C,2,1,2,3,2,1,2018,2018,WA,FL
v63_source_repair_return_guarded_repair,incumbent_cvar_relaxed_source_lp,137677350,126416707,1000.0,1000.0,-171.87891215652908,-187.69320294656202,15.814290790032942,990.2320360476833,842400.0,True,True,6.907218559226713e-06,0.8980294396961064,0,,,61603.352639928155,95541.24441083513,True,True,post_v161_one_drop_one_add_whole_loan_swap,post-v161 one-swap pricing only; not multi-swap or global proof,F,B,2,0,2,1,2,1,2018,2018,WA,CA
v63_source_repair_return_guarded_repair,incumbent_cvar_relaxed_source_lp,137677350,126419064,1000.0,1000.0,-171.87891215652908,-198.85427993768698,26.9753677811579,1001.3931130388082,842400.0,True,True,6.907218559226713e-06,0.8992165242165242,0,,,61505.82175718264,95406.81928976788,True,True,post_v161_one_drop_one_add_whole_loan_swap,post-v161 one-swap pricing only; not multi-swap or global proof,F,D,2,2,2,4,2,1,2018,2018,WA,other
v63_source_repair_return_guarded_repair,incumbent_cvar_relaxed_source_lp,137677350,126409482,1000.0,1000.0,-171.87891215652908,-223.9633297987982,52.08441764226913,1026.5021628999195,842400.0,True,True,6.907218559226713e-06,0.8992165242165242,0,,,61529.70015107497,95446.81733089112,True,True,post_v161_one_drop_one_add_whole_loan_swap,post-v161 one-swap pricing only; not multi-swap or global proof,F,C,2,2,2,2,2,3,2018,2018,WA,other
v63_source_repair_return_guarded_repair,incumbent_cvar_relaxed_source_lp,137677350,166121358,1000.0,1000.0,-171.87891215652908,-212.03423240595197,40.155320249422886,1014.5730655070732,842400.0,True,True,6.907218559226713e-06,0.8992165242165242,0,,,61521.204365407,95411.1468915349,True,True,post_v161_one_drop_one_add_whole_loan_swap,post-v161 one-swap pricing only; not multi-swap or global proof,F,C,2,2,2,3,2,0,2018,2020,WA,MD
v63_source_repair_return_guarded_repair,incumbent_cvar_relaxed_source_lp,137677350,168701788,1000.0,1000.0,-171.87891215652908,-178.5860397151734,6.707127558644316,981.1248728162947,842400.0,True,True,6.907218559226713e-06,0.8992165242165242,0,,,61524.69691886684,95416.5170157849,True,True,post_v161_one_drop_one_add_whole_loan_swap,post-v161 one-swap pricing only; not multi-swap or global proof,F,C,2,1,2,3,2,1,2018,2020,WA,TX
v63_source_repair_return_guarded_repair,incumbent_cvar_relaxed_source_lp,137677350,169887690,1000.0,1000.0,-171.87891215652908,-221.11264407259083,49.23373191606174,1023.6514771737121,842400.0,True,True,6.907218559226713e-06,0.8992165242165242,0,,,61539.35505330608,95457.76760128427,True,True,post_v161_one_drop_one_add_whole_loan_swap,post-v161 one-swap pricing only; not multi-swap or global proof,F,B,2,1,2,0,2,3,2018,2020,WA,other
v63_source_repair_return_guarded_repair,incumbent_cvar_relaxed_source_lp,137677350,169358871,1000.0,1000.0,-171.87891215652908,-177.86634212741987,5.987429970890787,980.4051752285411,842400.0,True,True,6.907218559226713e-06,0.8992165242165242,0,,,61534.46793619958,95404.09198074508,True,True,post_v161_one_drop_one_add_whole_loan_swap,post-v161 one-swap pricing only; not multi-swap or global proof,F,C,2,1,2,3,2,0,2018,2020,WA,VA
v63_source_repair_return_guarded_repair,incumbent_cvar_relaxed_source_lp,137677350,139506195,1000.0,1000.0,-171.87891215652908,-177.67809625327766,5.799184096748576,980.216929354399,842400.0,True,True,6.907218559226713e-06,0.8992165242165242,0,,,61508.63325614817,95350.31035562464,True,True,post_v161_one_drop_one_add_whole_loan_swap,post-v161 one-swap pricing only; not multi-swap or global proof,F,D,2,2,2,2,2,0,2018,2018,WA,CA
v63_source_repair_return_guarded_repair,incumbent_cvar_relaxed_source_lp,137677350,156823754,1000.0,1000.0,-171.87891215652908,-183.46022770133698,11.581315544807893,985.9990608024583,842400.0,True,True,6.907218559226713e-06,0.8992165242165242,0,,,61506.23503704876,95329.40559224399,True,True,post_v161_one_drop_one_add_whole_loan_swap,post-v161 one-swap pricing only; not multi-swap or global proof,F,D,2,2,2,3,2,1,2018,2019,WA,CA
v63_source_repair_return_guarded_repair,incumbent_cvar_relaxed_source_lp,137677350,156807668,1000.0,1000.0,-171.87891215652908,-175.85010442413147,3.9711922676023903,978.3889375252528,842400.0,True,True,6.907218559226713e-06,0.8992165242165242,0,,,61533.66853140747,95357.68195262166,True,True,post_v161_one_drop_one_add_whole_loan_swap,post-v161 one-swap pricing only; not multi-swap or global proof,F,D,2,2,2,0,2,0,2018,2019,WA,TX
v63_source_repair_return_guarded_repair,incumbent_cvar_relaxed_source_lp,137522335,127874931,1000.0,1000.0,-169.11147457733486,-186.9469746106631,17.83550003332823,992.2532452909786,842400.0,True,True,6.907218559226713e-06,0.8992165242165242,0,,,61404.66932376534,95231.86329507503,True,True,post_v161_one_drop_one_add_whole_loan_swap,post-v161 one-swap pricing only; not multi-swap or global proof,B,B,0,0,2,0,1,0,2018,2018,other,MN
v63_source_repair_return_guarded_repair,incumbent_cvar_relaxed_source_lp,137522335,126733849,1000.0,1000.0,-169.11147457733486,-186.9469746106631,17.83550003332823,992.2532452909786,842400.0,True,True,6.907218559226713e-06,0.8992165242165242,0,,,61404.66932376534,95231.86329507503,True,True,post_v161_one_drop_one_add_whole_loan_swap,post-v161 one-swap pricing only; not multi-swap or global proof,B,B,0,0,2,4,1,3,2018,2018,other,NJ
v63_source_repair_return_guarded_repair,incumbent_cvar_relaxed_source_lp,137522335,126468092,1000.0,1000.0,-169.11147457733486,-169.50590883596908,0.3944342586342202,974.8121795162846,842400.0,True,True,6.907218559226713e-06,0.8992165242165242,0,,,61427.57354632273,95263.09669704776,True,True,post_v161_one_drop_one_add_whole_loan_swap,post-v161 one-swap pricing only; not multi-swap or global proof,B,B,0,0,2,1,1,2,2018,2018,other,other
v63_source_repair_return_guarded_repair,incumbent_cvar_relaxed_source_lp,137522335,126416707,1000.0,1000.0,-169.11147457733486,-187.69320294656202,18.581728369227164,992.9994736268775,842400.0,True,True,6.907218559226713e-06,0.8992165242165242,0,,,61403.90422909388,95230.87917683765,True,True,post_v161_one_drop_one_add_whole_loan_swap,post-v161 one-swap pricing only; not multi-swap or global proof,B,B,0,0,2,1,1,1,2018,2018,other,CA
v63_source_repair_return_guarded_repair,incumbent_cvar_relaxed_source_lp,137380434,127874931,1000.0,1000.0,-156.95404774473053,-186.9469746106631,29.99292686593256,1004.4106721235829,842400.0,True,True,6.907218559226713e-06,0.8980294396961064,0,,,61545.47774012021,95452.4337582323,True,True,post_v161_one_drop_one_add_whole_loan_swap,post-v161 one-swap pricing only; not multi-swap or global proof,E,B,2,0,2,0,3,0,2018,2018,VA,MN
v63_source_repair_return_guarded_repair,incumbent_cvar_relaxed_source_lp,137380434,127672145,1000.0,1000.0,-156.95404774473053,-196.20083323856994,39.24678549383941,1013.6645307514898,842400.0,True,True,6.907218559226713e-06,0.8992165242165242,0,,,61514.370325095515,95408.06343934702,True,True,post_v161_one_drop_one_add_whole_loan_swap,post-v161 one-swap pricing only; not multi-swap or global proof,E,C,2,1,2,0,3,2,2018,2018,VA,other
v63_source_repair_return_guarded_repair,incumbent_cvar_relaxed_source_lp,137380434,127475725,1000.0,1000.0,-156.95404774473053,-211.8282137432861,54.87416599855558,1029.291911256206,842400.0,True,True,6.907218559226713e-06,0.8992165242165242,0,,,61488.477844131325,95375.96142108973,True,True,post_v161_one_drop_one_add_whole_loan_swap,post-v161 one-swap pricing only; not multi-swap or global proof,E,C,2,1,2,4,3,0,2018,2018,VA,AZ
v63_source_repair_return_guarded_repair,incumbent_cvar_relaxed_source_lp,137380434,127582382,1000.0,1000.0,-156.95404774473053,-205.52183833714096,48.56779059241043,1022.9855358500608,842400.0,True,True,6.907218559226713e-06,0.8992165242165242,0,,,61430.49378995283,95297.62948684022,True,True,post_v161_one_drop_one_add_whole_loan_swap,post-v161 one-swap pricing only; not multi-swap or global proof,E,D,2,2,2,3,3,0,2018,2018,VA,CA
v63_source_repair_return_guarded_repair,incumbent_cvar_relaxed_source_lp,137380434,126827839,1000.0,1000.0,-156.95404774473053,-175.77898463113021,18.824936886399684,993.24268214405,842400.0,True,True,6.907218559226713e-06,0.8992165242165242,0,,,61412.267421350254,95266.27285843226,True,True,post_v161_one_drop_one_add_whole_loan_swap,post-v161 one-swap pricing only; not multi-swap or global proof,E,E,2,2,2,0,3,4,2018,2018,VA,other
v63_source_repair_return_guarded_repair,incumbent_cvar_relaxed_source_lp,137380434,126820122,1000.0,1000.0,-156.95404774473053,-201.89545162414464,44.94140387941411,1019.3591491370645,842400.0,True,True,6.907218559226713e-06,0.8992165242165242,0,,,61473.7882861336,95359.69292498831,True,True,post_v161_one_drop_one_add_whole_loan_swap,post-v161 one-swap pricing only; not multi-swap or global proof,E,C,2,1,2,0,3,1,2018,2018,VA,other
v63_source_repair_return_guarded_repair,incumbent_cvar_relaxed_source_lp,137380434,126707528,1000.0,1000.0,-156.95404774473053,-226.37597165812684,69.42192391339631,1043.8396691710468,842400.0,True,True,6.907218559226713e-06,0.8992165242165242,0,,,61350.910518689736,95203.71332263356,True,True,post_v161_one_drop_one_add_whole_loan_swap,post-v161 one-swap pricing only; not multi-swap or global proof,E,E,2,3,2,1,3,0,2018,2018,VA,other
v63_source_repair_return_guarded_repair,incumbent_cvar_relaxed_source_lp,137380434,126733849,1000.0,1000.0,-156.95404774473053,-186.9469746106631,29.99292686593256,1004.4106721235829,842400.0,True,True,6.907218559226713e-06,0.8980294396961064,0,,,61545.47774012021,95452.4337582323,True,True,post_v161_one_drop_one_add_whole_loan_swap,post-v161 one-swap pricing only; not multi-swap or global proof,E,B,2,0,2,4,3,3,2018,2018,VA,NJ
v63_source_repair_return_guarded_repair,incumbent_cvar_relaxed_source_lp,137380434,126652025,1000.0,1000.0,-156.95404774473053,-206.92821374328602,49.97416599855549,1024.391911256206,842400.0,True,True,6.907218559226713e-06,0.8992165242165242,0,,,61488.477844131325,95375.96142108973,True,True,post_v161_one_drop_one_add_whole_loan_swap,post-v161 one-swap pricing only; not multi-swap or global proof,E,C,2,1,2,3,3,1,2018,2018,VA,FL
v63_source_repair_return_guarded_repair,incumbent_cvar_relaxed_source_lp,137380434,126468092,1000.0,1000.0,-156.95404774473053,-169.50590883596908,12.55186109123855,986.9696063488889,842400.0,True,True,6.907218559226713e-06,0.8980294396961064,0,,,61568.381962677595,95483.667160205,True,True,post_v161_one_drop_one_add_whole_loan_swap,post-v161 one-swap pricing only; not multi-swap or global proof,E,B,2,0,2,1,3,2,2018,2018,VA,other
v63_source_repair_return_guarded_repair,incumbent_cvar_relaxed_source_lp,137380434,126416707,1000.0,1000.0,-156.95404774473053,-187.69320294656202,30.739155201831494,1005.1569004594819,842400.0,True,True,6.907218559226713e-06,0.8980294396961064,0,,,61544.71264544875,95451.44963999491,True,True,post_v161_one_drop_one_add_whole_loan_swap,post-v161 one-swap pricing only; not multi-swap or global proof,E,B,2,0,2,1,3,1,2018,2018,VA,CA
v63_source_repair_return_guarded_repair,incumbent_cvar_relaxed_source_lp,137380434,126419064,1000.0,1000.0,-156.95404774473053,-198.85427993768698,41.90023219295645,1016.3179774506068,842400.0,True,True,6.907218559226713e-06,0.8992165242165242,0,,,61447.18176270324,95317.02451892769,True,True,post_v161_one_drop_one_add_whole_loan_swap,post-v161 one-swap pricing only; not multi-swap or global proof,E,D,2,2,2,4,3,1,2018,2018,VA,other
v63_source_repair_return_guarded_repair,incumbent_cvar_relaxed_source_lp,137380434,126409482,1000.0,1000.0,-156.95404774473053,-223.9633297987982,67.00928205406768,1041.4270273117181,842400.0,True,True,6.907218559226713e-06,0.8992165242165242,0,,,61471.06015659556,95357.02256005091,True,True,post_v161_one_drop_one_add_whole_loan_swap,post-v161 one-swap pricing only; not multi-swap or global proof,E,C,2,2,2,2,3,3,2018,2018,VA,other
v63_source_repair_return_guarded_repair,incumbent_cvar_relaxed_source_lp,137380434,166121358,1000.0,1000.0,-156.95404774473053,-212.03423240595197,55.08018466122144,1029.4979299188717,842400.0,True,True,6.907218559226713e-06,0.8992165242165242,0,,,61462.56437092759,95321.3521206947,True,True,post_v161_one_drop_one_add_whole_loan_swap,post-v161 one-swap pricing only; not multi-swap or global proof,E,C,2,2,2,3,3,0,2018,2020,VA,MD
v63_source_repair_return_guarded_repair,incumbent_cvar_relaxed_source_lp,137380434,168701788,1000.0,1000.0,-156.95404774473053,-178.5860397151734,21.63199197044287,996.0497372280932,842400.0,True,True,6.907218559226713e-06,0.8992165242165242,0,,,61466.05692438743,95326.72224494473,True,True,post_v161_one_drop_one_add_whole_loan_swap,post-v161 one-swap pricing only; not multi-swap or global proof,E,C,2,1,2,3,3,1,2018,2020,VA,TX
v63_source_repair_return_guarded_repair,incumbent_cvar_relaxed_source_lp,137380434,169887690,1000.0,1000.0,-156.95404774473053,-221.11264407259083,64.1585963278603,1038.5763415855106,842400.0,True,True,6.907218559226713e-06,0.8992165242165242,0,,,61480.71505882667,95367.97283044408,True,True,post_v161_one_drop_one_add_whole_loan_swap,post-v161 one-swap pricing only; not multi-swap or global proof,E,B,2,1,2,0,3,3,2018,2020,VA,other
v63_source_repair_return_guarded_repair,incumbent_cvar_relaxed_source_lp,137380434,169358871,1000.0,1000.0,-156.95404774473053,-177.86634212741987,20.91229438268934,995.3300396403397,842400.0,True,True,6.907218559226713e-06,0.8992165242165242,0,,,61475.82794172017,95314.2972099049,True,True,post_v161_one_drop_one_add_whole_loan_swap,post-v161 one-swap pricing only; not multi-swap or global proof,E,C,2,1,2,3,3,0,2018,2020,VA,VA
v63_source_repair_return_guarded_repair,incumbent_cvar_relaxed_source_lp,137380434,139506195,1000.0,1000.0,-156.95404774473053,-177.67809625327766,20.724048508547128,995.1417937661975,842400.0,True,True,6.907218559226713e-06,0.8992165242165242,0,,,61449.99326166876,95260.51558478443,True,True,post_v161_one_drop_one_add_whole_loan_swap,post-v161 one-swap pricing only; not multi-swap or global proof,E,D,2,2,2,2,3,0,2018,2018,VA,CA
v63_source_repair_return_guarded_repair,incumbent_cvar_relaxed_source_lp,137380434,156823754,1000.0,1000.0,-156.95404774473053,-183.46022770133698,26.506179956606445,1000.9239252142568,842400.0,True,True,6.907218559226713e-06,0.8992165242165242,0,,,61447.59504256936,95239.6108214038,True,True,post_v161_one_drop_one_add_whole_loan_swap,post-v161 one-swap pricing only; not multi-swap or global proof,E,D,2,2,2,3,3,1,2018,2019,VA,CA
v63_source_repair_return_guarded_repair,incumbent_cvar_relaxed_source_lp,137380434,156807668,1000.0,1000.0,-156.95404774473053,-175.85010442413147,18.896056679400942,993.3138019370513,842400.0,True,True,6.907218559226713e-06,0.8992165242165242,0,,,61475.02853692806,95267.88718178148,True,True,post_v161_one_drop_one_add_whole_loan_swap,post-v161 one-swap pricing only; not multi-swap or global proof,E,D,2,2,2,0,3,0,2018,2019,VA,TX
v63_source_repair_return_guarded_repair,incumbent_cvar_relaxed_source_lp,137380434,156707196,1000.0,1000.0,-156.95404774473053,-158.460227701337,1.5061799566064735,975.9239252142569,842400.0,True,True,6.907218559226713e-06,0.8992165242165242,0,,,61447.59504256936,95239.6108214038,True,True,post_v161_one_drop_one_add_whole_loan_swap,post-v161 one-swap pricing only; not multi-swap or global proof,E,D,2,2,2,2,3,0,2018,2019,VA,other
v63_source_repair_return_guarded_repair,incumbent_cvar_relaxed_source_lp,137390337,126707528,1000.0,1000.0,-219.30454273783423,-226.37597165812684,7.071428920292618,981.489174177943,842400.0,True,True,6.907218559226713e-06,0.8992165242165242,0,,,61311.127360838145,95106.85410110556,True,True,post_v161_one_drop_one_add_whole_loan_swap,post-v161 one-swap pricing only; not multi-swap or global proof,C,E,1,3,3,1,2,0,2018,2018,WA,other
v63_source_repair_return_guarded_repair,incumbent_cvar_relaxed_source_lp,137390337,126409482,1000.0,1000.0,-219.30454273783423,-223.9633297987982,4.658787060963988,979.0765323186143,842400.0,True,True,6.907218559226713e-06,0.8992165242165242,0,,,61431.27699874395,95260.1633385229,True,True,post_v161_one_drop_one_add_whole_loan_swap,post-v161 one-swap pricing only; not multi-swap or global proof,C,C,1,2,3,2,2,3,2018,2018,WA,other
v63_source_repair_return_guarded_repair,incumbent_cvar_relaxed_source_lp,137390337,169887690,1000.0,1000.0,-219.30454273783423,-221.11264407259083,1.8081013347566,976.2258465924069,842400.0,True,True,6.907218559226713e-06,0.8992165242165242,0,,,61440.93190097506,95271.11360891607,True,True,post_v161_one_drop_one_add_whole_loan_swap,post-v161 one-swap pricing only; not multi-swap or global proof,C,B,1,1,3,0,2,3,2018,2020,WA,other
v63_source_repair_return_guarded_repair,incumbent_cvar_relaxed_source_lp,137378784,127874931,1000.0,1000.0,-159.31147457733482,-186.9469746106631,27.63550003332827,1002.0532452909787,842400.0,True,True,6.907218559226713e-06,0.8992165242165242,0,,,61404.66932376534,95231.86329507503,True,True,post_v161_one_drop_one_add_whole_loan_swap,post-v161 one-swap pricing only; not multi-swap or global proof,B,B,0,0,4,0,0,0,2018,2018,TX,MN
v63_source_repair_return_guarded_repair,incumbent_cvar_relaxed_source_lp,137378784,126733849,1000.0,1000.0,-159.31147457733482,-186.9469746106631,27.63550003332827,1002.0532452909787,842400.0,True,True,6.907218559226713e-06,0.8992165242165242,0,,,61404.66932376534,95231.86329507503,True,True,post_v161_one_drop_one_add_whole_loan_swap,post-v161 one-swap pricing only; not multi-swap or global proof,B,B,0,0,4,4,0,3,2018,2018,TX,NJ
v63_source_repair_return_guarded_repair,incumbent_cvar_relaxed_source_lp,137378784,126468092,1000.0,1000.0,-159.31147457733482,-169.50590883596908,10.19443425863426,984.6121795162846,842400.0,True,True,6.907218559226713e-06,0.8992165242165242,0,,,61427.57354632273,95263.09669704776,True,True,post_v161_one_drop_one_add_whole_loan_swap,post-v161 one-swap pricing only; not multi-swap or global proof,B,B,0,0,4,1,0,2,2018,2018,TX,other
v63_source_repair_return_guarded_repair,incumbent_cvar_relaxed_source_lp,137378784,126416707,1000.0,1000.0,-159.31147457733482,-187.69320294656202,28.381728369227204,1002.7994736268776,842400.0,True,True,6.907218559226713e-06,0.8992165242165242,0,,,61403.90422909388,95230.87917683765,True,True,post_v161_one_drop_one_add_whole_loan_swap,post-v161 one-swap pricing only; not multi-swap or global proof,B,B,0,0,4,1,0,1,2018,2018,TX,CA
v63_source_repair_return_guarded_repair,incumbent_cvar_relaxed_source_lp,137291932,168841753,1000.0,1000.0,-15.179922424950899,-15.58411172619063,0.4041893012397306,974.8219345588901,842400.0,True,True,6.907218559226713e-06,0.8992165242165242,0,,,61402.077768597635,95178.86179000579,True,True,post_v161_one_drop_one_add_whole_loan_swap,post-v161 one-swap pricing only; not multi-swap or global proof,A,A,1,1,4,1,1,0,2018,2020,other,NY
v63_source_repair_return_guarded_repair,incumbent_cvar_relaxed_source_lp,137291932,168678809,1000.0,1000.0,-15.179922424950899,-25.935876492202276,10.755954067251377,985.1736993249018,842400.0,True,True,6.907218559226713e-06,0.8992165242165242,0,,,61415.591625495814,95199.83814939886,True,True,post_v161_one_drop_one_add_whole_loan_swap,post-v161 one-swap pricing only; not multi-swap or global proof,A,A,1,1,4,1,1,0,2018,2020,other,IN
v63_source_repair_return_guarded_repair,incumbent_cvar_relaxed_source_lp,137291932,170390171,1000.0,1000.0,-15.179922424950899,-23.632377345499286,8.452454920548387,982.8702001781987,842400.0,True,True,6.907218559226713e-06,0.8992165242165242,0,,,61412.18613595426,95192.90534921376,True,True,post_v161_one_drop_one_add_whole_loan_swap,post-v161 one-swap pricing only; not multi-swap or global proof,A,A,1,1,4,0,1,0,2018,2020,other,other
v63_source_repair_return_guarded_repair,incumbent_cvar_relaxed_source_lp,137291932,169450190,1000.0,1000.0,-15.179922424950899,-22.58050328415853,7.400580859207633,981.818326116858,842400.0,True,True,6.907218559226713e-06,0.8992165242165242,0,,,61394.87141146571,95157.89731588797,True,True,post_v161_one_drop_one_add_whole_loan_swap,post-v161 one-swap pricing only; not multi-swap or global proof,A,A,1,1,4,0,1,0,2018,2020,other,AZ
v63_source_repair_return_guarded_repair,incumbent_cvar_relaxed_source_lp,137133894,127475725,1000.0,1000.0,-201.80699715302984,-211.8282137432861,10.021216590256273,984.4389618479066,842400.0,True,True,6.907218559226713e-06,0.8992165242165242,0,,,61442.25192258258,95277.19330323894,True,True,post_v161_one_drop_one_add_whole_loan_swap,post-v161 one-swap pricing only; not multi-swap or global proof,C,C,1,1,0,4,1,0,2018,2018,other,AZ
v63_source_repair_return_guarded_repair,incumbent_cvar_relaxed_source_lp,137133894,127582382,1000.0,1000.0,-201.80699715302984,-205.52183833714096,3.7148411841111226,978.1325864417615,842400.0,True,True,6.907218559226713e-06,0.8992165242165242,0,,,61384.26786840407,95198.86136898944,True,True,post_v161_one_drop_one_add_whole_loan_swap,post-v161 one-swap pricing only; not multi-swap or global proof,C,D,1,2,0,3,1,0,2018,2018,other,CA
v63_source_repair_return_guarded_repair,incumbent_cvar_relaxed_source_lp,137133894,126820122,1000.0,1000.0,-201.80699715302984,-201.89545162414464,0.08845447111480098,974.5061997287652,842400.0,True,True,6.907218559226713e-06,0.8992165242165242,0,,,61427.562364584854,95260.92480713755,True,True,post_v161_one_drop_one_add_whole_loan_swap,post-v161 one-swap pricing only; not multi-swap or global proof,C,C,1,1,0,0,1,1,2018,2018,other,other
v63_source_repair_return_guarded_repair,incumbent_cvar_relaxed_source_lp,137133894,126707528,1000.0,1000.0,-201.80699715302984,-226.37597165812684,24.568974505097003,998.9867197627474,842400.0,True,True,6.907218559226713e-06,0.8992165242165242,0,,,61304.68459714099,95104.94520478277,True,True,post_v161_one_drop_one_add_whole_loan_swap,post-v161 one-swap pricing only; not multi-swap or global proof,C,E,1,3,0,1,1,0,2018,2018,other,other
v63_source_repair_return_guarded_repair,incumbent_cvar_relaxed_source_lp,137133894,126652025,1000.0,1000.0,-201.80699715302984,-206.92821374328602,5.121216590256182,979.5389618479065,842400.0,True,True,6.907218559226713e-06,0.8992165242165242,0,,,61442.25192258258,95277.19330323894,True,True,post_v161_one_drop_one_add_whole_loan_swap,post-v161 one-swap pricing only; not multi-swap or global proof,C,C,1,1,0,3,1,1,2018,2018,other,FL
v63_source_repair_return_guarded_repair,incumbent_cvar_relaxed_source_lp,137133894,126409482,1000.0,1000.0,-201.80699715302984,-223.9633297987982,22.156332645768373,996.5740779034188,842400.0,True,True,6.907218559226713e-06,0.8992165242165242,0,,,61424.834235046816,95258.25444220012,True,True,post_v161_one_drop_one_add_whole_loan_swap,post-v161 one-swap pricing only; not multi-swap or global proof,C,C,1,2,0,2,1,3,2018,2018,other,other
v63_source_repair_return_guarded_repair,incumbent_cvar_relaxed_source_lp,137133894,166121358,1000.0,1000.0,-201.80699715302984,-212.03423240595197,10.227235252922128,984.6449805105725,842400.0,True,True,6.907218559226713e-06,0.8992165242165242,0,,,61416.33844937885,95222.58400284391,True,True,post_v161_one_drop_one_add_whole_loan_swap,post-v161 one-swap pricing only; not multi-swap or global proof,C,C,1,2,0,3,1,0,2018,2020,other,MD
v63_source_repair_return_guarded_repair,incumbent_cvar_relaxed_source_lp,137133894,169887690,1000.0,1000.0,-201.80699715302984,-221.11264407259083,19.305646919560985,993.7233921772114,842400.0,True,True,6.907218559226713e-06,0.8992165242165242,0,,,61434.48913727792,95269.20471259329,True,True,post_v161_one_drop_one_add_whole_loan_swap,post-v161 one-swap pricing only; not multi-swap or global proof,C,B,1,1,0,0,1,3,2018,2020,other,other
v63_source_repair_return_guarded_repair,incumbent_cvar_relaxed_source_lp,136303096,126707528,1000.0,1000.0,-221.80281085899918,-226.37597165812684,4.573160799127663,978.990906056778,842400.0,True,True,6.907218559226713e-06,0.8992165242165242,0,,,61450.40110653104,95330.38208759719,True,True,post_v161_one_drop_one_add_whole_loan_swap,post-v161 one-swap pricing only; not multi-swap or global proof,F,E,3,3,1,1,0,0,2018,2018,NC,other
v63_source_repair_return_guarded_repair,incumbent_cvar_relaxed_source_lp,136303096,126409482,1000.0,1000.0,-221.80281085899918,-223.9633297987982,2.160518939799033,976.5782641974495,842400.0,True,True,6.907218559226713e-06,0.8992165242165242,0,,,61570.550744436856,95483.69132501456,True,True,post_v161_one_drop_one_add_whole_loan_swap,post-v161 one-swap pricing only; not multi-swap or global proof,F,C,3,2,1,2,0,3,2018,2018,NC,other
v63_source_repair_return_guarded_repair,incumbent_cvar_relaxed_source_lp,137151950,127874931,1250.0,1000.0,-183.48123809685012,-186.9469746106631,3.4657365138129705,977.8834817714634,842650.0,True,True,0.0002600158543247799,0.8992464249688483,0,,,61442.46879941318,95293.10831360208,True,True,post_v161_one_drop_one_add_whole_loan_swap,post-v161 one-swap pricing only; not multi-swap or global proof,B,B,0,0,3,0,3,0,2018,2018,other,MN
v63_source_repair_return_guarded_repair,incumbent_cvar_relaxed_source_lp,137151950,126733849,1250.0,1000.0,-183.48123809685012,-186.9469746106631,3.4657365138129705,977.8834817714634,842650.0,True,True,0.0002600158543247799,0.8992464249688483,0,,,61442.46879941318,95293.10831360208,True,True,post_v161_one_drop_one_add_whole_loan_swap,post-v161 one-swap pricing only; not multi-swap or global proof,B,B,0,0,3,4,3,3,2018,2018,other,NJ
v63_source_repair_return_guarded_repair,incumbent_cvar_relaxed_source_lp,137151950,126483031,1250.0,1200.0,-183.48123809685012,-200.480236756332,16.998998659481884,991.4167439171323,842450.0,True,True,5.754096345278459e-05,0.8992225057866936,0,,,61421.48437507365,95262.68936300038,True,True,post_v161_one_drop_one_add_whole_loan_swap,post-v161 one-swap pricing only; not multi-swap or global proof,B,B,0,0,3,2,3,0,2018,2018,other,FL
v63_source_repair_return_guarded_repair,incumbent_cvar_relaxed_source_lp,137151950,126416707,1250.0,1000.0,-183.48123809685012,-187.69320294656202,4.211964849711904,978.6297101073623,842650.0,True,True,0.0002600158543247799,0.8992464249688483,0,,,61441.703704741725,95292.1241953647,True,True,post_v161_one_drop_one_add_whole_loan_swap,post-v161 one-swap pricing only; not multi-swap or global proof,B,B,0,0,3,1,3,1,2018,2018,other,CA
v63_source_repair_return_guarded_repair,incumbent_cvar_relaxed_source_lp,136782181,127874931,1000.0,1000.0,-172.62914068708602,-186.9469746106631,14.31783392357707,988.7355791812274,842400.0,True,True,6.907218559226713e-06,0.8992165242165242,0,,,61435.429562957725,95274.14709331199,True,True,post_v161_one_drop_one_add_whole_loan_swap,post-v161 one-swap pricing only; not multi-swap or global proof,B,B,0,0,1,0,0,0,2018,2018,WA,MN
v63_source_repair_return_guarded_repair,incumbent_cvar_relaxed_source_lp,136782181,126733849,1000.0,1000.0,-172.62914068708602,-186.9469746106631,14.31783392357707,988.7355791812274,842400.0,True,True,6.907218559226713e-06,0.8992165242165242,0,,,61435.429562957725,95274.14709331199,True,True,post_v161_one_drop_one_add_whole_loan_swap,post-v161 one-swap pricing only; not multi-swap or global proof,B,B,0,0,1,4,0,3,2018,2018,WA,NJ
v63_source_repair_return_guarded_repair,incumbent_cvar_relaxed_source_lp,136782181,126416707,1000.0,1000.0,-172.62914068708602,-187.69320294656202,15.064062259476003,989.4818075171264,842400.0,True,True,6.907218559226713e-06,0.8992165242165242,0,,,61434.66446828627,95273.16297507462,True,True,post_v161_one_drop_one_add_whole_loan_swap,post-v161 one-swap pricing only; not multi-swap or global proof,B,B,0,0,1,1,0,1,2018,2018,WA,CA
v63_source_repair_return_guarded_repair,incumbent_cvar_relaxed_source_lp,136916643,127874931,1000.0,1000.0,-173.75965426338382,-186.9469746106631,13.187320347279268,987.6050656049297,842400.0,True,True,6.907218559226713e-06,0.8980294396961064,0,,,61572.43533456443,95485.99160250518,True,True,post_v161_one_drop_one_add_whole_loan_swap,post-v161 one-swap pricing only; not multi-swap or global proof,E,B,2,0,3,0,1,0,2018,2018,PA,MN
v63_source_repair_return_guarded_repair,incumbent_cvar_relaxed_source_lp,136916643,127672145,1000.0,1000.0,-173.75965426338382,-196.20083323856994,22.44117897518612,996.8589242328364,842400.0,True,True,6.907218559226713e-06,0.8992165242165242,0,,,61541.32791953973,95441.62128361988,True,True,post_v161_one_drop_one_add_whole_loan_swap,post-v161 one-swap pricing only; not multi-swap or global proof,E,C,2,1,3,0,1,2,2018,2018,PA,other
v63_source_repair_return_guarded_repair,incumbent_cvar_relaxed_source_lp,136916643,127475725,1000.0,1000.0,-173.75965426338382,-211.8282137432861,38.06855947990229,1012.4863047375527,842400.0,True,True,6.907218559226713e-06,0.8992165242165242,0,,,61515.435438575565,95409.51926536259,True,True,post_v161_one_drop_one_add_whole_loan_swap,post-v161 one-swap pricing only; not multi-swap or global proof,E,C,2,1,3,4,1,0,2018,2018,PA,AZ
v63_source_repair_return_guarded_repair,incumbent_cvar_relaxed_source_lp,136916643,127582382,1000.0,1000.0,-173.75965426338382,-205.52183833714096,31.76218407375714,1006.1799293314075,842400.0,True,True,6.907218559226713e-06,0.8992165242165242,0,,,61457.45138439705,95331.1873311131,True,True,post_v161_one_drop_one_add_whole_loan_swap,post-v161 one-swap pricing only; not multi-swap or global proof,E,D,2,2,3,3,1,0,2018,2018,PA,CA
v63_source_repair_return_guarded_repair,incumbent_cvar_relaxed_source_lp,136916643,126827839,1000.0,1000.0,-173.75965426338382,-175.77898463113021,2.0193303677463916,976.4370756253968,842400.0,True,True,6.907218559226713e-06,0.8992165242165242,0,,,61439.22501579448,95299.83070270513,True,True,post_v161_one_drop_one_add_whole_loan_swap,post-v161 one-swap pricing only; not multi-swap or global proof,E,E,2,2,3,0,1,4,2018,2018,PA,other
v63_source_repair_return_guarded_repair,incumbent_cvar_relaxed_source_lp,136916643,126820122,1000.0,1000.0,-173.75965426338382,-201.89545162414464,28.13579736076082,1002.5535426184113,842400.0,True,True,6.907218559226713e-06,0.8992165242165242,0,,,61500.74588057783,95393.25076926118,True,True,post_v161_one_drop_one_add_whole_loan_swap,post-v161 one-swap pricing only; not multi-swap or global proof,E,C,2,1,3,0,1,1,2018,2018,PA,other
v63_source_repair_return_guarded_repair,incumbent_cvar_relaxed_source_lp,136916643,126707528,1000.0,1000.0,-173.75965426338382,-226.37597165812684,52.61631739474302,1027.0340626523935,842400.0,True,True,6.907218559226713e-06,0.8992165242165242,0,,,61377.86811313397,95237.2711669064,True,True,post_v161_one_drop_one_add_whole_loan_swap,post-v161 one-swap pricing only; not multi-swap or global proof,E,E,2,3,3,1,1,0,2018,2018,PA,other
v63_source_repair_return_guarded_repair,incumbent_cvar_relaxed_source_lp,136916643,126733849,1000.0,1000.0,-173.75965426338382,-186.9469746106631,13.187320347279268,987.6050656049297,842400.0,True,True,6.907218559226713e-06,0.8980294396961064,0,,,61572.43533456443,95485.99160250518,True,True,post_v161_one_drop_one_add_whole_loan_swap,post-v161 one-swap pricing only; not multi-swap or global proof,E,B,2,0,3,4,1,3,2018,2018,PA,NJ
v63_source_repair_return_guarded_repair,incumbent_cvar_relaxed_source_lp,136916643,126652025,1000.0,1000.0,-173.75965426338382,-206.92821374328602,33.1685594799022,1007.5863047375526,842400.0,True,True,6.907218559226713e-06,0.8992165242165242,0,,,61515.435438575565,95409.51926536259,True,True,post_v161_one_drop_one_add_whole_loan_swap,post-v161 one-swap pricing only; not multi-swap or global proof,E,C,2,1,3,3,1,1,2018,2018,PA,FL
v63_source_repair_return_guarded_repair,incumbent_cvar_relaxed_source_lp,136916643,126416707,1000.0,1000.0,-173.75965426338382,-187.69320294656202,13.933548683178202,988.3512939408286,842400.0,True,True,6.907218559226713e-06,0.8980294396961064,0,,,61571.67023989296,95485.00748426779,True,True,post_v161_one_drop_one_add_whole_loan_swap,post-v161 one-swap pricing only; not multi-swap or global proof,E,B,2,0,3,1,1,1,2018,2018,PA,CA
v63_source_repair_return_guarded_repair,incumbent_cvar_relaxed_source_lp,136916643,126419064,1000.0,1000.0,-173.75965426338382,-198.85427993768698,25.09462567430316,999.5123709319536,842400.0,True,True,6.907218559226713e-06,0.8992165242165242,0,,,61474.13935714746,95350.58236320055,True,True,post_v161_one_drop_one_add_whole_loan_swap,post-v161 one-swap pricing only; not multi-swap or global proof,E,D,2,2,3,4,1,1,2018,2018,PA,other
v63_source_repair_return_guarded_repair,incumbent_cvar_relaxed_source_lp,136916643,126409482,1000.0,1000.0,-173.75965426338382,-223.9633297987982,50.20367553541439,1024.6214207930648,842400.0,True,True,6.907218559226713e-06,0.8992165242165242,0,,,61498.01775103978,95390.58040432377,True,True,post_v161_one_drop_one_add_whole_loan_swap,post-v161 one-swap pricing only; not multi-swap or global proof,E,C,2,2,3,2,1,3,2018,2018,PA,other
v63_source_repair_return_guarded_repair,incumbent_cvar_relaxed_source_lp,136916643,166121358,1000.0,1000.0,-173.75965426338382,-212.03423240595197,38.274578142568146,1012.6923234002186,842400.0,True,True,6.907218559226713e-06,0.8992165242165242,0,,,61489.521965371816,95354.90996496755,True,True,post_v161_one_drop_one_add_whole_loan_swap,post-v161 one-swap pricing only; not multi-swap or global proof,E,C,2,2,3,3,1,0,2018,2020,PA,MD
v63_source_repair_return_guarded_repair,incumbent_cvar_relaxed_source_lp,136916643,168701788,1000.0,1000.0,-173.75965426338382,-178.5860397151734,4.826385451789577,979.24413070944,842400.0,True,True,6.907218559226713e-06,0.8992165242165242,0,,,61493.01451883165,95360.2800892176,True,True,post_v161_one_drop_one_add_whole_loan_swap,post-v161 one-swap pricing only; not multi-swap or global proof,E,C,2,1,3,3,1,1,2018,2020,PA,TX
v63_source_repair_return_guarded_repair,incumbent_cvar_relaxed_source_lp,136916643,169887690,1000.0,1000.0,-173.75965426338382,-221.11264407259083,47.352989809207,1021.7707350668574,842400.0,True,True,6.907218559226713e-06,0.8992165242165242,0,,,61507.67265327089,95401.53067471692,True,True,post_v161_one_drop_one_add_whole_loan_swap,post-v161 one-swap pricing only; not multi-swap or global proof,E,B,2,1,3,0,1,3,2018,2020,PA,other
v63_source_repair_return_guarded_repair,incumbent_cvar_relaxed_source_lp,136916643,169358871,1000.0,1000.0,-173.75965426338382,-177.86634212741987,4.106687864036047,978.5244331216865,842400.0,True,True,6.907218559226713e-06,0.8992165242165242,0,,,61502.785536164396,95347.85505417775,True,True,post_v161_one_drop_one_add_whole_loan_swap,post-v161 one-swap pricing only; not multi-swap or global proof,E,C,2,1,3,3,1,0,2018,2020,PA,VA
v63_source_repair_return_guarded_repair,incumbent_cvar_relaxed_source_lp,136916643,139506195,1000.0,1000.0,-173.75965426338382,-177.67809625327766,3.918441989893836,978.3361872475442,842400.0,True,True,6.907218559226713e-06,0.8992165242165242,0,,,61476.950856112984,95294.0734290573,True,True,post_v161_one_drop_one_add_whole_loan_swap,post-v161 one-swap pricing only; not multi-swap or global proof,E,D,2,2,3,2,1,0,2018,2018,PA,CA
v63_source_repair_return_guarded_repair,incumbent_cvar_relaxed_source_lp,136916643,156823754,1000.0,1000.0,-173.75965426338382,-183.46022770133698,9.700573437953153,984.1183186956035,842400.0,True,True,6.907218559226713e-06,0.8992165242165242,0,,,61474.55263701358,95273.16866567667,True,True,post_v161_one_drop_one_add_whole_loan_swap,post-v161 one-swap pricing only; not multi-swap or global proof,E,D,2,2,3,3,1,1,2018,2019,PA,CA
v63_source_repair_return_guarded_repair,incumbent_cvar_relaxed_source_lp,136916643,156807668,1000.0,1000.0,-173.75965426338382,-175.85010442413147,2.0904501607476504,976.508195418398,842400.0,True,True,6.907218559226713e-06,0.8992165242165242,0,,,61501.98613137229,95301.44502605434,True,True,post_v161_one_drop_one_add_whole_loan_swap,post-v161 one-swap pricing only; not multi-swap or global proof,E,D,2,2,3,0,1,0,2018,2019,PA,TX
v63_source_repair_return_guarded_repair,incumbent_cvar_relaxed_source_lp,136528893,168678809,1000.0,1000.0,-23.117370829184896,-25.935876492202276,2.8185056630173797,977.2362509206678,842400.0,True,True,6.907218559226713e-06,0.8992165242165242,0,,,61423.747126615184,95212.81347102555,True,True,post_v161_one_drop_one_add_whole_loan_swap,post-v161 one-swap pricing only; not multi-swap or global proof,A,A,1,1,2,1,2,0,2018,2020,NY,IN
v63_source_repair_return_guarded_repair,incumbent_cvar_relaxed_source_lp,136528893,170390171,1000.0,1000.0,-23.117370829184896,-23.632377345499286,0.51500651631439,974.9327517739648,842400.0,True,True,6.907218559226713e-06,0.8992165242165242,0,,,61420.34163707363,95205.88067084047,True,True,post_v161_one_drop_one_add_whole_loan_swap,post-v161 one-swap pricing only; not multi-swap or global proof,A,A,1,1,2,0,2,0,2018,2020,NY,other
v63_source_repair_return_guarded_repair,incumbent_cvar_relaxed_source_lp,136607660,127672145,1000.0,1000.0,-189.1129927177471,-196.20083323856994,7.087840520822851,981.5055857784732,842400.0,True,True,6.907218559226713e-06,0.8992165242165242,0,,,61472.882364771234,95342.1714056942,True,True,post_v161_one_drop_one_add_whole_loan_swap,post-v161 one-swap pricing only; not multi-swap or global proof,D,C,1,1,2,0,1,2,2018,2018,MI,other
v63_source_repair_return_guarded_repair,incumbent_cvar_relaxed_source_lp,136607660,127475725,1000.0,1000.0,-189.1129927177471,-211.8282137432861,22.715221025539023,997.1329662831894,842400.0,True,True,6.907218559226713e-06,0.8992165242165242,0,,,61446.98988380705,95310.0693874369,True,True,post_v161_one_drop_one_add_whole_loan_swap,post-v161 one-swap pricing only; not multi-swap or global proof,D,C,1,1,2,4,1,0,2018,2018,MI,AZ
v63_source_repair_return_guarded_repair,incumbent_cvar_relaxed_source_lp,136607660,127582382,1000.0,1000.0,-189.1129927177471,-205.52183833714096,16.408845619393873,990.8265908770443,842400.0,True,True,6.907218559226713e-06,0.8992165242165242,0,,,61389.005829628535,95231.73745318738,True,True,post_v161_one_drop_one_add_whole_loan_swap,post-v161 one-swap pricing only; not multi-swap or global proof,D,D,1,2,2,3,1,0,2018,2018,MI,CA
v63_source_repair_return_guarded_repair,incumbent_cvar_relaxed_source_lp,136607660,126820122,1000.0,1000.0,-189.1129927177471,-201.89545162414464,12.782458906397551,987.2002041640479,842400.0,True,True,6.907218559226713e-06,0.8992165242165242,0,,,61432.300325809316,95293.80089133549,True,True,post_v161_one_drop_one_add_whole_loan_swap,post-v161 one-swap pricing only; not multi-swap or global proof,D,C,1,1,2,0,1,1,2018,2018,MI,other
v63_source_repair_return_guarded_repair,incumbent_cvar_relaxed_source_lp,136607660,126707528,1000.0,1000.0,-189.1129927177471,-226.37597165812684,37.26297894037975,1011.6807241980301,842400.0,True,True,6.907218559226713e-06,0.8992165242165242,0,,,61309.42255836546,95137.8212889807,True,True,post_v161_one_drop_one_add_whole_loan_swap,post-v161 one-swap pricing only; not multi-swap or global proof,D,E,1,3,2,1,1,0,2018,2018,MI,other
v63_source_repair_return_guarded_repair,incumbent_cvar_relaxed_source_lp,136607660,126652025,1000.0,1000.0,-189.1129927177471,-206.92821374328602,17.815221025538932,992.2329662831893,842400.0,True,True,6.907218559226713e-06,0.8992165242165242,0,,,61446.98988380705,95310.0693874369,True,True,post_v161_one_drop_one_add_whole_loan_swap,post-v161 one-swap pricing only; not multi-swap or global proof,D,C,1,1,2,3,1,1,2018,2018,MI,FL
v63_source_repair_return_guarded_repair,incumbent_cvar_relaxed_source_lp,136607660,126419064,1000.0,1000.0,-189.1129927177471,-198.85427993768698,9.741287219939892,984.1590324775902,842400.0,True,True,6.907218559226713e-06,0.8992165242165242,0,,,61405.693802378955,95251.13248527484,True,True,post_v161_one_drop_one_add_whole_loan_swap,post-v161 one-swap pricing only; not multi-swap or global proof,D,D,1,2,2,4,1,1,2018,2018,MI,other
v63_source_repair_return_guarded_repair,incumbent_cvar_relaxed_source_lp,136607660,126409482,1000.0,1000.0,-189.1129927177471,-223.9633297987982,34.85033708105112,1009.2680823387016,842400.0,True,True,6.907218559226713e-06,0.8992165242165242,0,,,61429.57219627127,95291.13052639808,True,True,post_v161_one_drop_one_add_whole_loan_swap,post-v161 one-swap pricing only; not multi-swap or global proof,D,C,1,2,2,2,1,3,2018,2018,MI,other
v63_source_repair_return_guarded_repair,incumbent_cvar_relaxed_source_lp,136607660,166121358,1000.0,1000.0,-189.1129927177471,-212.03423240595197,22.921239688204878,997.3389849458553,842400.0,True,True,6.907218559226713e-06,0.8992165242165242,0,,,61421.0764106033,95255.46008704185,True,True,post_v161_one_drop_one_add_whole_loan_swap,post-v161 one-swap pricing only; not multi-swap or global proof,D,C,1,2,2,3,1,0,2018,2020,MI,MD
v63_source_repair_return_guarded_repair,incumbent_cvar_relaxed_source_lp,136607660,169887690,1000.0,1000.0,-189.1129927177471,-221.11264407259083,31.999651354843735,1006.4173966124941,842400.0,True,True,6.907218559226713e-06,0.8992165242165242,0,,,61439.22709850238,95302.08079679124,True,True,post_v161_one_drop_one_add_whole_loan_swap,post-v161 one-swap pricing only; not multi-swap or global proof,D,B,1,1,2,0,1,3,2018,2020,MI,other
v63_source_repair_return_guarded_repair,incumbent_cvar_relaxed_source_lp,136594150,126707528,1000.0,1000.0,-217.8099458614719,-226.37597165812684,8.566025796654941,982.9837710543053,842400.0,True,True,6.907218559226713e-06,0.8992165242165242,0,,,61287.2245035145,95043.92072713406,True,True,post_v161_one_drop_one_add_whole_loan_swap,post-v161 one-swap pricing only; not multi-swap or global proof,B,E,1,3,4,1,1,0,2018,2018,AZ,other
v63_source_repair_return_guarded_repair,incumbent_cvar_relaxed_source_lp,136594150,126409482,1000.0,1000.0,-217.8099458614719,-223.9633297987982,6.153383937326311,980.5711291949767,842400.0,True,True,6.907218559226713e-06,0.8992165242165242,0,,,61407.37414142032,95197.22996455143,True,True,post_v161_one_drop_one_add_whole_loan_swap,post-v161 one-swap pricing only; not multi-swap or global proof,B,C,1,2,4,2,1,3,2018,2018,AZ,other
v63_source_repair_return_guarded_repair,incumbent_cvar_relaxed_source_lp,136594150,169887690,1000.0,1000.0,-217.8099458614719,-221.11264407259083,3.3026982111189227,977.7204434687693,842400.0,True,True,6.907218559226713e-06,0.8992165242165242,0,,,61417.02904365143,95208.1802349446,True,True,post_v161_one_drop_one_add_whole_loan_swap,post-v161 one-swap pricing only; not multi-swap or global proof,B,B,1,1,4,0,1,3,2018,2020,AZ,other
v63_source_repair_return_guarded_repair,incumbent_cvar_relaxed_source_lp,136424787,127874931,1000.0,1000.0,-165.07561840669072,-186.9469746106631,21.87135620397237,996.2891014616227,842400.0,True,True,6.907218559226713e-06,0.8992165242165242,0,,,61404.53011703033,95231.66054435783,True,True,post_v161_one_drop_one_add_whole_loan_swap,post-v161 one-swap pricing only; not multi-swap or global proof,B,B,0,0,0,0,0,0,2018,2018,MN,MN
v63_source_repair_return_guarded_repair,incumbent_cvar_relaxed_source_lp,136424787,126733849,1000.0,1000.0,-165.07561840669072,-186.9469746106631,21.87135620397237,996.2891014616227,842400.0,True,True,6.907218559226713e-06,0.8992165242165242,0,,,61404.53011703033,95231.66054435783,True,True,post_v161_one_drop_one_add_whole_loan_swap,post-v161 one-swap pricing only; not multi-swap or global proof,B,B,0,0,0,4,0,3,2018,2018,MN,NJ
v63_source_repair_return_guarded_repair,incumbent_cvar_relaxed_source_lp,136424787,126468092,1000.0,1000.0,-165.07561840669072,-169.50590883596908,4.430290429278358,978.8480356869287,842400.0,True,True,6.907218559226713e-06,0.8992165242165242,0,,,61427.43433958772,95262.89394633056,True,True,post_v161_one_drop_one_add_whole_loan_swap,post-v161 one-swap pricing only; not multi-swap or global proof,B,B,0,0,0,1,0,2,2018,2018,MN,other
v63_source_repair_return_guarded_repair,incumbent_cvar_relaxed_source_lp,136424787,126416707,1000.0,1000.0,-165.07561840669072,-187.69320294656202,22.617584539871302,997.0353297975216,842400.0,True,True,6.907218559226713e-06,0.8992165242165242,0,,,61403.76502235887,95230.67642612047,True,True,post_v161_one_drop_one_add_whole_loan_swap,post-v161 one-swap pricing only; not multi-swap or global proof,B,B,0,0,0,1,0,1,2018,2018,MN,CA
v63_source_repair_return_guarded_repair,incumbent_cvar_relaxed_source_lp,136315166,127874931,1000.0,1000.0,-159.31147457733482,-186.9469746106631,27.63550003332827,1002.0532452909787,842400.0,True,True,6.907218559226713e-06,0.8992165242165242,0,,,61404.66932376534,95231.86329507503,True,True,post_v161_one_drop_one_add_whole_loan_swap,post-v161 one-swap pricing only; not multi-swap or global proof,B,B,0,0,0,0,0,0,2018,2018,AZ,MN
v63_source_repair_return_guarded_repair,incumbent_cvar_relaxed_source_lp,136315166,126733849,1000.0,1000.0,-159.31147457733482,-186.9469746106631,27.63550003332827,1002.0532452909787,842400.0,True,True,6.907218559226713e-06,0.8992165242165242,0,,,61404.66932376534,95231.86329507503,True,True,post_v161_one_drop_one_add_whole_loan_swap,post-v161 one-swap pricing only; not multi-swap or global proof,B,B,0,0,0,4,0,3,2018,2018,AZ,NJ
v63_source_repair_return_guarded_repair,incumbent_cvar_relaxed_source_lp,136315166,126468092,1000.0,1000.0,-159.31147457733482,-169.50590883596908,10.19443425863426,984.6121795162846,842400.0,True,True,6.907218559226713e-06,0.8992165242165242,0,,,61427.57354632273,95263.09669704776,True,True,post_v161_one_drop_one_add_whole_loan_swap,post-v161 one-swap pricing only; not multi-swap or global proof,B,B,0,0,0,1,0,2,2018,2018,AZ,other
v63_source_repair_return_guarded_repair,incumbent_cvar_relaxed_source_lp,136315166,126416707,1000.0,1000.0,-159.31147457733482,-187.69320294656202,28.381728369227204,1002.7994736268776,842400.0,True,True,6.907218559226713e-06,0.8992165242165242,0,,,61403.90422909388,95230.87917683765,True,True,post_v161_one_drop_one_add_whole_loan_swap,post-v161 one-swap pricing only; not multi-swap or global proof,B,B,0,0,0,1,0,1,2018,2018,AZ,CA
v63_source_repair_return_guarded_repair,incumbent_cvar_relaxed_source_lp,136288831,127874931,1000.0,1000.0,-159.91299271774713,-186.9469746106631,27.03398189291596,1001.4517271505663,842400.0,True,True,6.907218559226713e-06,0.8980294396961064,0,,,61503.98977979593,95386.54172457948,True,True,post_v161_one_drop_one_add_whole_loan_swap,post-v161 one-swap pricing only; not multi-swap or global proof,D,B,1,0,2,0,3,0,2018,2018,other,MN
v63_source_repair_return_guarded_repair,incumbent_cvar_relaxed_source_lp,136288831,127672145,1000.0,1000.0,-159.91299271774713,-196.20083323856994,36.28784052082281,1010.7055857784732,842400.0,True,True,6.907218559226713e-06,0.8992165242165242,0,,,61472.882364771234,95342.1714056942,True,True,post_v161_one_drop_one_add_whole_loan_swap,post-v161 one-swap pricing only; not multi-swap or global proof,D,C,1,1,2,0,3,2,2018,2018,other,other
v63_source_repair_return_guarded_repair,incumbent_cvar_relaxed_source_lp,136288831,127475725,1000.0,1000.0,-159.91299271774713,-211.8282137432861,51.91522102553898,1026.3329662831893,842400.0,True,True,6.907218559226713e-06,0.8992165242165242,0,,,61446.98988380705,95310.0693874369,True,True,post_v161_one_drop_one_add_whole_loan_swap,post-v161 one-swap pricing only; not multi-swap or global proof,D,C,1,1,2,4,3,0,2018,2018,other,AZ
v63_source_repair_return_guarded_repair,incumbent_cvar_relaxed_source_lp,136288831,127582382,1000.0,1000.0,-159.91299271774713,-205.52183833714096,45.60884561939383,1020.0265908770442,842400.0,True,True,6.907218559226713e-06,0.8992165242165242,0,,,61389.005829628535,95231.73745318738,True,True,post_v161_one_drop_one_add_whole_loan_swap,post-v161 one-swap pricing only; not multi-swap or global proof,D,D,1,2,2,3,3,0,2018,2018,other,CA
v63_source_repair_return_guarded_repair,incumbent_cvar_relaxed_source_lp,136288831,126827839,1000.0,1000.0,-159.91299271774713,-175.77898463113021,15.865991913383084,990.2837371710334,842400.0,True,True,6.907218559226713e-06,0.8992165242165242,0,,,61370.77946102598,95200.38082477942,True,True,post_v161_one_drop_one_add_whole_loan_swap,post-v161 one-swap pricing only; not multi-swap or global proof,D,E,1,2,2,0,3,4,2018,2018,other,other
v63_source_repair_return_guarded_repair,incumbent_cvar_relaxed_source_lp,136288831,126820122,1000.0,1000.0,-159.91299271774713,-201.89545162414464,41.98245890639751,1016.4002041640479,842400.0,True,True,6.907218559226713e-06,0.8992165242165242,0,,,61432.300325809316,95293.80089133549,True,True,post_v161_one_drop_one_add_whole_loan_swap,post-v161 one-swap pricing only; not multi-swap or global proof,D,C,1,1,2,0,3,1,2018,2018,other,other
v63_source_repair_return_guarded_repair,incumbent_cvar_relaxed_source_lp,136288831,126707528,1000.0,1000.0,-159.91299271774713,-226.37597165812684,66.46297894037971,1040.88072419803,842400.0,True,True,6.907218559226713e-06,0.8992165242165242,0,,,61309.42255836546,95137.8212889807,True,True,post_v161_one_drop_one_add_whole_loan_swap,post-v161 one-swap pricing only; not multi-swap or global proof,D,E,1,3,2,1,3,0,2018,2018,other,other
v63_source_repair_return_guarded_repair,incumbent_cvar_relaxed_source_lp,136288831,126733849,1000.0,1000.0,-159.91299271774713,-186.9469746106631,27.03398189291596,1001.4517271505663,842400.0,True,True,6.907218559226713e-06,0.8980294396961064,0,,,61503.98977979593,95386.54172457948,True,True,post_v161_one_drop_one_add_whole_loan_swap,post-v161 one-swap pricing only; not multi-swap or global proof,D,B,1,0,2,4,3,3,2018,2018,other,NJ
v63_source_repair_return_guarded_repair,incumbent_cvar_relaxed_source_lp,136288831,126652025,1000.0,1000.0,-159.91299271774713,-206.92821374328602,47.01522102553889,1021.4329662831892,842400.0,True,True,6.907218559226713e-06,0.8992165242165242,0,,,61446.98988380705,95310.0693874369,True,True,post_v161_one_drop_one_add_whole_loan_swap,post-v161 one-swap pricing only; not multi-swap or global proof,D,C,1,1,2,3,3,1,2018,2018,other,FL
v63_source_repair_return_guarded_repair,incumbent_cvar_relaxed_source_lp,136288831,126468092,1000.0,1000.0,-159.91299271774713,-169.50590883596908,9.59291611822195,984.0106613758724,842400.0,True,True,6.907218559226713e-06,0.8980294396961064,0,,,61526.894002353314,95417.77512655218,True,True,post_v161_one_drop_one_add_whole_loan_swap,post-v161 one-swap pricing only; not multi-swap or global proof,D,B,1,0,2,1,3,2,2018,2018,other,other
v63_source_repair_return_guarded_repair,incumbent_cvar_relaxed_source_lp,136288831,126416707,1000.0,1000.0,-159.91299271774713,-187.69320294656202,27.780210228814894,1002.1979554864653,842400.0,True,True,6.907218559226713e-06,0.8980294396961064,0,,,61503.22468512446,95385.55760634209,True,True,post_v161_one_drop_one_add_whole_loan_swap,post-v161 one-swap pricing only; not multi-swap or global proof,D,B,1,0,2,1,3,1,2018,2018,other,CA
v63_source_repair_return_guarded_repair,incumbent_cvar_relaxed_source_lp,136288831,126419064,1000.0,1000.0,-159.91299271774713,-198.85427993768698,38.94128721993985,1013.3590324775903,842400.0,True,True,6.907218559226713e-06,0.8992165242165242,0,,,61405.693802378955,95251.13248527484,True,True,post_v161_one_drop_one_add_whole_loan_swap,post-v161 one-swap pricing only; not multi-swap or global proof,D,D,1,2,2,4,3,1,2018,2018,other,other
v63_source_repair_return_guarded_repair,incumbent_cvar_relaxed_source_lp,136288831,126409482,1000.0,1000.0,-159.91299271774713,-223.9633297987982,64.05033708105108,1038.4680823387014,842400.0,True,True,6.907218559226713e-06,0.8992165242165242,0,,,61429.57219627127,95291.13052639808,True,True,post_v161_one_drop_one_add_whole_loan_swap,post-v161 one-swap pricing only; not multi-swap or global proof,D,C,1,2,2,2,3,3,2018,2018,other,other
v63_source_repair_return_guarded_repair,incumbent_cvar_relaxed_source_lp,136288831,166121358,1000.0,1000.0,-159.91299271774713,-212.03423240595197,52.12123968820484,1026.5389849458552,842400.0,True,True,6.907218559226713e-06,0.8992165242165242,0,,,61421.0764106033,95255.46008704185,True,True,post_v161_one_drop_one_add_whole_loan_swap,post-v161 one-swap pricing only; not multi-swap or global proof,D,C,1,2,2,3,3,0,2018,2020,other,MD
v63_source_repair_return_guarded_repair,incumbent_cvar_relaxed_source_lp,136288831,168701788,1000.0,1000.0,-159.91299271774713,-178.5860397151734,18.67304699742627,993.0907922550766,842400.0,True,True,6.907218559226713e-06,0.8992165242165242,0,,,61424.56896406315,95260.83021129189,True,True,post_v161_one_drop_one_add_whole_loan_swap,post-v161 one-swap pricing only; not multi-swap or global proof,D,C,1,1,2,3,3,1,2018,2020,other,TX
v63_source_repair_return_guarded_repair,incumbent_cvar_relaxed_source_lp,136288831,169887690,1000.0,1000.0,-159.91299271774713,-221.11264407259083,61.199651354843695,1035.617396612494,842400.0,True,True,6.907218559226713e-06,0.8992165242165242,0,,,61439.22709850238,95302.08079679124,True,True,post_v161_one_drop_one_add_whole_loan_swap,post-v161 one-swap pricing only; not multi-swap or global proof,D,B,1,1,2,0,3,3,2018,2020,other,other
v63_source_repair_return_guarded_repair,incumbent_cvar_relaxed_source_lp,136288831,169358871,1000.0,1000.0,-159.91299271774713,-177.86634212741987,17.95334940967274,992.3710946673232,842400.0,True,True,6.907218559226713e-06,0.8992165242165242,0,,,61434.33998139589,95248.40517625205,True,True,post_v161_one_drop_one_add_whole_loan_swap,post-v161 one-swap pricing only; not multi-swap or global proof,D,C,1,1,2,3,3,0,2018,2020,other,VA
v63_source_repair_return_guarded_repair,incumbent_cvar_relaxed_source_lp,136288831,139506195,1000.0,1000.0,-159.91299271774713,-177.67809625327766,17.76510353553053,992.1828487931809,842400.0,True,True,6.907218559226713e-06,0.8992165242165242,0,,,61408.50530134447,95194.6235511316,True,True,post_v161_one_drop_one_add_whole_loan_swap,post-v161 one-swap pricing only; not multi-swap or global proof,D,D,1,2,2,2,3,0,2018,2018,other,CA
v63_source_repair_return_guarded_repair,incumbent_cvar_relaxed_source_lp,136288831,156823754,1000.0,1000.0,-159.91299271774713,-183.46022770133698,23.547234983589846,997.9649802412403,842400.0,True,True,6.907218559226713e-06,0.8992165242165242,0,,,61406.10708224507,95173.71878775094,True,True,post_v161_one_drop_one_add_whole_loan_swap,post-v161 one-swap pricing only; not multi-swap or global proof,D,D,1,2,2,3,3,1,2018,2019,other,CA
v63_source_repair_return_guarded_repair,incumbent_cvar_relaxed_source_lp,136288831,156807668,1000.0,1000.0,-159.91299271774713,-175.85010442413147,15.937111706384343,990.3548569640348,842400.0,True,True,6.907218559226713e-06,0.8992165242165242,0,,,61433.54057660377,95201.99514812861,True,True,post_v161_one_drop_one_add_whole_loan_swap,post-v161 one-swap pricing only; not multi-swap or global proof,D,D,1,2,2,0,3,0,2018,2019,other,TX
v63_source_repair_return_guarded_repair,incumbent_cvar_relaxed_source_lp,136272811,126523487,2000.0,2000.0,-346.7105103503359,-350.42656531605377,3.7160549657178876,978.1338002233683,842400.0,True,True,6.907218559226713e-06,0.8992165242165242,0,,,61376.77370473918,95238.95155608412,True,True,post_v161_one_drop_one_add_whole_loan_swap,post-v161 one-swap pricing only; not multi-swap or global proof,B,C,1,1,4,4,1,1,2018,2018,MD,CA
v63_source_repair_return_guarded_repair,incumbent_cvar_relaxed_source_lp,136272811,169005860,2000.0,2000.0,-346.7105103503359,-393.55925260534593,46.84874225501005,1021.2664875126604,842400.0,True,True,6.907218559226713e-06,0.8992165242165242,0,,,61323.63690108563,95185.93941200341,True,True,post_v161_one_drop_one_add_whole_loan_swap,post-v161 one-swap pricing only; not multi-swap or global proof,B,B,1,1,4,3,1,1,2018,2020,MD,FL
v63_source_repair_return_guarded_repair,incumbent_cvar_relaxed_source_lp,145631603,127011905,1500.0,1500.0,-299.8429465613246,-310.3923206149292,10.549374053604595,984.9671193112549,842400.0,True,True,6.907218559226713e-06,0.8992165242165242,0,,,61473.68372795137,95376.9189866297,True,True,post_v161_one_drop_one_add_whole_loan_swap,post-v161 one-swap pricing only; not multi-swap or global proof,D,C,2,1,1,2,3,2,2018,2018,MD,other
v63_source_repair_return_guarded_repair,incumbent_cvar_relaxed_source_lp,145631603,126620912,1500.0,1500.0,-299.8429465613246,-319.768173516142,19.92522695481739,994.3429722124678,842400.0,True,True,6.907218559226713e-06,0.8992165242165242,0,,,61526.374868053186,95451.84796442148,True,True,post_v161_one_drop_one_add_whole_loan_swap,post-v161 one-swap pricing only; not multi-swap or global proof,D,B,2,1,1,0,3,0,2018,2018,MD,other
v63_source_repair_return_guarded_repair,incumbent_cvar_relaxed_source_lp,145631603,167713836,1500.0,1500.0,-299.8429465613246,-323.27724824243177,23.434301681107172,997.8520469387576,842400.0,True,True,6.907218559226713e-06,0.8992165242165242,0,,,61442.927537380114,95302.11302242163,True,True,post_v161_one_drop_one_add_whole_loan_swap,post-v161 one-swap pricing only; not multi-swap or global proof,D,C,2,1,1,1,3,4,2018,2020,MD,other
v63_source_repair_return_guarded_repair,incumbent_cvar_relaxed_source_lp,145621204,126707528,1000.0,1000.0,-220.14161426973686,-226.37597165812684,6.234357388389981,980.6521026460404,842400.0,True,True,6.907218559226713e-06,0.8992165242165242,0,,,61395.46176326538,95242.86205576207,True,True,post_v161_one_drop_one_add_whole_loan_swap,post-v161 one-swap pricing only; not multi-swap or global proof,E,E,2,3,0,1,1,0,2018,2018,CA,other
v63_source_repair_return_guarded_repair,incumbent_cvar_relaxed_source_lp,145621204,126409482,1000.0,1000.0,-220.14161426973686,-223.9633297987982,3.8217155290613505,978.2394607867118,842400.0,True,True,6.907218559226713e-06,0.8992165242165242,0,,,61515.611401171205,95396.17129317943,True,True,post_v161_one_drop_one_add_whole_loan_swap,post-v161 one-swap pricing only; not multi-swap or global proof,E,C,2,2,0,2,1,3,2018,2018,CA,other
v63_source_repair_return_guarded_repair,incumbent_cvar_relaxed_source_lp,145621204,169887690,1000.0,1000.0,-220.14161426973686,-221.11264407259083,0.9710298028539626,975.3887750605044,842400.0,True,True,6.907218559226713e-06,0.8992165242165242,0,,,61525.26630340231,95407.1215635726,True,True,post_v161_one_drop_one_add_whole_loan_swap,post-v161 one-swap pricing only; not multi-swap or global proof,E,B,2,1,0,0,1,3,2018,2020,CA,other
v63_source_repair_return_guarded_repair,incumbent_cvar_relaxed_source_lp,145493981,127672145,1000.0,1000.0,-188.86243065820042,-196.20083323856994,7.338402580369518,981.7561478380198,842400.0,True,True,6.907218559226713e-06,0.8992165242165242,0,,,61527.09689701161,95423.31524997056,True,True,post_v161_one_drop_one_add_whole_loan_swap,post-v161 one-swap pricing only; not multi-swap or global proof,E,C,2,1,2,0,2,2,2018,2018,other,other
v63_source_repair_return_guarded_repair,incumbent_cvar_relaxed_source_lp,145493981,127475725,1000.0,1000.0,-188.86243065820042,-211.8282137432861,22.96578308508569,997.3835283427361,842400.0,True,True,6.907218559226713e-06,0.8992165242165242,0,,,61501.204416047425,95391.21323171326,True,True,post_v161_one_drop_one_add_whole_loan_swap,post-v161 one-swap pricing only; not multi-swap or global proof,E,C,2,1,2,4,2,0,2018,2018,other,AZ
v63_source_repair_return_guarded_repair,incumbent_cvar_relaxed_source_lp,145493981,127582382,1000.0,1000.0,-188.86243065820042,-205.52183833714096,16.65940767894054,991.0771529365909,842400.0,True,True,6.907218559226713e-06,0.8992165242165242,0,,,61443.22036186892,95312.88129746377,True,True,post_v161_one_drop_one_add_whole_loan_swap,post-v161 one-swap pricing only; not multi-swap or global proof,E,D,2,2,2,3,2,0,2018,2018,other,CA
v63_source_repair_return_guarded_repair,incumbent_cvar_relaxed_source_lp,145493981,126820122,1000.0,1000.0,-188.86243065820042,-201.89545162414464,13.033020965944218,987.4507662235947,842400.0,True,True,6.907218559226713e-06,0.8992165242165242,0,,,61486.51485804969,95374.94473561185,True,True,post_v161_one_drop_one_add_whole_loan_swap,post-v161 one-swap pricing only; not multi-swap or global proof,E,C,2,1,2,0,2,1,2018,2018,other,other
v63_source_repair_return_guarded_repair,incumbent_cvar_relaxed_source_lp,145493981,126707528,1000.0,1000.0,-188.86243065820042,-226.37597165812684,37.51354099992642,1011.9312862575769,842400.0,True,True,6.907218559226713e-06,0.8992165242165242,0,,,61363.63709060583,95218.96513325708,True,True,post_v161_one_drop_one_add_whole_loan_swap,post-v161 one-swap pricing only; not multi-swap or global proof,E,E,2,3,2,1,2,0,2018,2018,other,other
v63_source_repair_return_guarded_repair,incumbent_cvar_relaxed_source_lp,145493981,126652025,1000.0,1000.0,-188.86243065820042,-206.92821374328602,18.0657830850856,992.483528342736,842400.0,True,True,6.907218559226713e-06,0.8992165242165242,0,,,61501.204416047425,95391.21323171326,True,True,post_v161_one_drop_one_add_whole_loan_swap,post-v161 one-swap pricing only; not multi-swap or global proof,E,C,2,1,2,3,2,1,2018,2018,other,FL
v63_source_repair_return_guarded_repair,incumbent_cvar_relaxed_source_lp,145493981,126419064,1000.0,1000.0,-188.86243065820042,-198.85427993768698,9.991849279486559,984.409594537137,842400.0,True,True,6.907218559226713e-06,0.8992165242165242,0,,,61459.90833461934,95332.27632955121,True,True,post_v161_one_drop_one_add_whole_loan_swap,post-v161 one-swap pricing only; not multi-swap or global proof,E,D,2,2,2,4,2,1,2018,2018,other,other
v63_source_repair_return_guarded_repair,incumbent_cvar_relaxed_source_lp,145493981,126409482,1000.0,1000.0,-188.86243065820042,-223.9633297987982,35.10089914059779,1009.5186443982482,842400.0,True,True,6.907218559226713e-06,0.8992165242165242,0,,,61483.78672851165,95372.27437067444,True,True,post_v161_one_drop_one_add_whole_loan_swap,post-v161 one-swap pricing only; not multi-swap or global proof,E,C,2,2,2,2,2,3,2018,2018,other,other
v63_source_repair_return_guarded_repair,incumbent_cvar_relaxed_source_lp,145493981,166121358,1000.0,1000.0,-188.86243065820042,-212.03423240595197,23.171801747751545,997.589547005402,842400.0,True,True,6.907218559226713e-06,0.8992165242165242,0,,,61475.29094284368,95336.60393131821,True,True,post_v161_one_drop_one_add_whole_loan_swap,post-v161 one-swap pricing only; not multi-swap or global proof,E,C,2,2,2,3,2,0,2018,2020,other,MD
v63_source_repair_return_guarded_repair,incumbent_cvar_relaxed_source_lp,145493981,169887690,1000.0,1000.0,-188.86243065820042,-221.11264407259083,32.2502134143904,1006.6679586720408,842400.0,True,True,6.907218559226713e-06,0.8992165242165242,0,,,61493.44163074276,95383.22464106759,True,True,post_v161_one_drop_one_add_whole_loan_swap,post-v161 one-swap pricing only; not multi-swap or global proof,E,B,2,1,2,0,2,3,2018,2020,other,other
v63_source_repair_return_guarded_repair,incumbent_cvar_relaxed_source_lp,145362947,127874931,1000.0,1000.0,-183.04925380724399,-186.9469746106631,3.897720803419105,978.3154660610695,842400.0,True,True,6.907218559226713e-06,0.8992165242165242,0,,,61425.51481276954,95260.09323029516,True,True,post_v161_one_drop_one_add_whole_loan_swap,post-v161 one-swap pricing only; not multi-swap or global proof,B,B,0,0,3,0,0,0,2018,2018,other,MN
v63_source_repair_return_guarded_repair,incumbent_cvar_relaxed_source_lp,145362947,126733849,1000.0,1000.0,-183.04925380724399,-186.9469746106631,3.897720803419105,978.3154660610695,842400.0,True,True,6.907218559226713e-06,0.8992165242165242,0,,,61425.51481276954,95260.09323029516,True,True,post_v161_one_drop_one_add_whole_loan_swap,post-v161 one-swap pricing only; not multi-swap or global proof,B,B,0,0,3,4,0,3,2018,2018,other,NJ
v63_source_repair_return_guarded_repair,incumbent_cvar_relaxed_source_lp,145362947,126416707,1000.0,1000.0,-183.04925380724399,-187.69320294656202,4.643949139318039,979.0616943969684,842400.0,True,True,6.907218559226713e-06,0.8992165242165242,0,,,61424.749718098086,95259.10911205776,True,True,post_v161_one_drop_one_add_whole_loan_swap,post-v161 one-swap pricing only; not multi-swap or global proof,B,B,0,0,3,1,0,1,2018,2018,other,CA
v63_source_repair_return_guarded_repair,incumbent_cvar_relaxed_source_lp,145331426,127475725,1000.0,1000.0,-204.9169466117999,-211.8282137432861,6.911267131486227,981.3290123891366,842400.0,True,True,6.907218559226713e-06,0.8992165242165242,0,,,61537.27876040913,95417.14233720375,True,True,post_v161_one_drop_one_add_whole_loan_swap,post-v161 one-swap pricing only; not multi-swap or global proof,E,C,3,1,1,4,0,0,2018,2018,other,AZ
v63_source_repair_return_guarded_repair,incumbent_cvar_relaxed_source_lp,145331426,127582382,1000.0,1000.0,-204.9169466117999,-205.52183833714096,0.6048917253410764,975.0226369829915,842400.0,True,True,6.907218559226713e-06,0.8992165242165242,0,,,61479.29470623063,95338.81040295424,True,True,post_v161_one_drop_one_add_whole_loan_swap,post-v161 one-swap pricing only; not multi-swap or global proof,E,D,3,2,1,3,0,0,2018,2018,other,CA
v63_source_repair_return_guarded_repair,incumbent_cvar_relaxed_source_lp,145331426,126707528,1000.0,1000.0,-204.9169466117999,-226.37597165812684,21.459025046326957,995.8767703039773,842400.0,True,True,6.907218559226713e-06,0.8992165242165242,0,,,61399.71143496754,95244.89423874757,True,True,post_v161_one_drop_one_add_whole_loan_swap,post-v161 one-swap pricing only; not multi-swap or global proof,E,E,3,3,1,1,0,0,2018,2018,other,other
v63_source_repair_return_guarded_repair,incumbent_cvar_relaxed_source_lp,145331426,126652025,1000.0,1000.0,-204.9169466117999,-206.92821374328602,2.011267131486136,976.4290123891365,842400.0,True,True,6.907218559226713e-06,0.8992165242165242,0,,,61537.27876040913,95417.14233720375,True,True,post_v161_one_drop_one_add_whole_loan_swap,post-v161 one-swap pricing only; not multi-swap or global proof,E,C,3,1,1,3,0,1,2018,2018,other,FL
v63_source_repair_return_guarded_repair,incumbent_cvar_relaxed_source_lp,145331426,126409482,1000.0,1000.0,-204.9169466117999,-223.9633297987982,19.046383186998327,993.4641284446487,842400.0,True,True,6.907218559226713e-06,0.8992165242165242,0,,,61519.86107287336,95398.20347616493,True,True,post_v161_one_drop_one_add_whole_loan_swap,post-v161 one-swap pricing only; not multi-swap or global proof,E,C,3,2,1,2,0,3,2018,2018,other,other
v63_source_repair_return_guarded_repair,incumbent_cvar_relaxed_source_lp,145331426,166121358,1000.0,1000.0,-204.9169466117999,-212.03423240595197,7.117285794152082,981.5350310518024,842400.0,True,True,6.907218559226713e-06,0.8992165242165242,0,,,61511.365287205386,95362.53303680872,True,True,post_v161_one_drop_one_add_whole_loan_swap,post-v161 one-swap pricing only; not multi-swap or global proof,E,C,3,2,1,3,0,0,2018,2020,other,MD
v63_source_repair_return_guarded_repair,incumbent_cvar_relaxed_source_lp,145331426,169887690,1000.0,1000.0,-204.9169466117999,-221.11264407259083,16.19569746079094,990.6134427184413,842400.0,True,True,6.907218559226713e-06,0.8992165242165242,0,,,61529.515975104456,95409.15374655809,True,True,post_v161_one_drop_one_add_whole_loan_swap,post-v161 one-swap pricing only; not multi-swap or global proof,E,B,3,1,1,0,0,3,2018,2020,other,other
v63_source_repair_return_guarded_repair,incumbent_cvar_relaxed_source_lp,145300694,126707528,1000.0,1000.0,-216.3092113416864,-226.37597165812684,10.066760316440451,984.4845055740908,842400.0,True,True,6.907218559226713e-06,0.8992165242165242,0,,,61276.14358308251,95037.72188799953,True,True,post_v161_one_drop_one_add_whole_loan_swap,post-v161 one-swap pricing only; not multi-swap or global proof,B,E,1,3,1,1,0,0,2018,2018,OH,other
v63_source_repair_return_guarded_repair,incumbent_cvar_relaxed_source_lp,145300694,126409482,1000.0,1000.0,-216.3092113416864,-223.9633297987982,7.654118457111821,982.0718637147622,842400.0,True,True,6.907218559226713e-06,0.8992165242165242,0,,,61396.29322098832,95191.03112541689,True,True,post_v161_one_drop_one_add_whole_loan_swap,post-v161 one-swap pricing only; not multi-swap or global proof,B,C,1,2,1,2,0,3,2018,2018,OH,other
v63_source_repair_return_guarded_repair,incumbent_cvar_relaxed_source_lp,145300694,169887690,1000.0,1000.0,-216.3092113416864,-221.11264407259083,4.803432730904433,979.2211779885548,842400.0,True,True,6.907218559226713e-06,0.8992165242165242,0,,,61405.94812321943,95201.98139581004,True,True,post_v161_one_drop_one_add_whole_loan_swap,post-v161 one-swap pricing only; not multi-swap or global proof,B,B,1,1,1,0,0,3,2018,2020,OH,other
v63_source_repair_return_guarded_repair,incumbent_cvar_relaxed_source_lp,145267637,126707528,1000.0,1000.0,-214.36064929262923,-226.37597165812684,12.01532236549761,986.433067623148,842400.0,True,True,6.907218559226713e-06,0.8992165242165242,0,,,61325.426493633044,95101.05291939556,True,True,post_v161_one_drop_one_add_whole_loan_swap,post-v161 one-swap pricing only; not multi-swap or global proof,C,E,2,3,0,1,0,0,2018,2018,other,other
v63_source_repair_return_guarded_repair,incumbent_cvar_relaxed_source_lp,145267637,126409482,1000.0,1000.0,-214.36064929262923,-223.9633297987982,9.60268050616898,984.0204257638194,842400.0,True,True,6.907218559226713e-06,0.8992165242165242,0,,,61445.576131538866,95254.36215681293,True,True,post_v161_one_drop_one_add_whole_loan_swap,post-v161 one-swap pricing only; not multi-swap or global proof,C,C,2,2,0,2,0,3,2018,2018,other,other
v63_source_repair_return_guarded_repair,incumbent_cvar_relaxed_source_lp,145267637,169887690,1000.0,1000.0,-214.36064929262923,-221.11264407259083,6.751994779961592,981.169740037612,842400.0,True,True,6.907218559226713e-06,0.8992165242165242,0,,,61455.23103376997,95265.31242720607,True,True,post_v161_one_drop_one_add_whole_loan_swap,post-v161 one-swap pricing only; not multi-swap or global proof,C,B,2,1,0,0,0,3,2018,2020,other,other
v63_source_repair_return_guarded_repair,incumbent_cvar_relaxed_source_lp,145226217,127475725,1000.0,1000.0,-208.38787648824737,-211.8282137432861,3.4403372550387417,977.8580825126892,842400.0,True,True,6.907218559226713e-06,0.8992165242165242,0,,,61456.87879837953,95272.54461695332,True,True,post_v161_one_drop_one_add_whole_loan_swap,post-v161 one-swap pricing only; not multi-swap or global proof,C,C,2,1,1,4,2,0,2018,2018,MD,AZ
v63_source_repair_return_guarded_repair,incumbent_cvar_relaxed_source_lp,145226217,126707528,1000.0,1000.0,-208.38787648824737,-226.37597165812684,17.98809516987947,992.4058404275298,842400.0,True,True,6.907218559226713e-06,0.8992165242165242,0,,,61319.31147293794,95100.2965184971,True,True,post_v161_one_drop_one_add_whole_loan_swap,post-v161 one-swap pricing only; not multi-swap or global proof,C,E,2,3,1,1,2,0,2018,2018,MD,other
v63_source_repair_return_guarded_repair,incumbent_cvar_relaxed_source_lp,145226217,126409482,1000.0,1000.0,-208.38787648824737,-223.9633297987982,15.575453310550841,989.9931985682013,842400.0,True,True,6.907218559226713e-06,0.8992165242165242,0,,,61439.46111084375,95253.60575591447,True,True,post_v161_one_drop_one_add_whole_loan_swap,post-v161 one-swap pricing only; not multi-swap or global proof,C,C,2,2,1,2,2,3,2018,2018,MD,other
v63_source_repair_return_guarded_repair,incumbent_cvar_relaxed_source_lp,145226217,166121358,1000.0,1000.0,-208.38787648824737,-212.03423240595197,3.6463559177045965,978.064101175355,842400.0,True,True,6.907218559226713e-06,0.8992165242165242,0,,,61430.96532517578,95217.93531655824,True,True,post_v161_one_drop_one_add_whole_loan_swap,post-v161 one-swap pricing only; not multi-swap or global proof,C,C,2,2,1,3,2,0,2018,2020,MD,MD
v63_source_repair_return_guarded_repair,incumbent_cvar_relaxed_source_lp,145226217,169887690,1000.0,1000.0,-208.38787648824737,-221.11264407259083,12.724767584343454,987.1425128419938,842400.0,True,True,6.907218559226713e-06,0.8992165242165242,0,,,61449.11601307485,95264.55602630762,True,True,post_v161_one_drop_one_add_whole_loan_swap,post-v161 one-swap pricing only; not multi-swap or global proof,C,B,2,1,1,0,2,3,2018,2020,MD,other
v63_source_repair_return_guarded_repair,incumbent_cvar_relaxed_source_lp,145165788,127475725,1100.0,1000.0,-198.63301899901595,-211.8282137432861,13.195194744270168,987.6129400019206,842500.0,True,True,0.00010816869840624133,0.8991097922848664,0,,,61419.85552750938,95249.25965846716,True,True,post_v161_one_drop_one_add_whole_loan_swap,post-v161 one-swap pricing only; not multi-swap or global proof,B,C,1,1,4,4,2,0,2018,2018,CA,AZ
v63_source_repair_return_guarded_repair,incumbent_cvar_relaxed_source_lp,145165788,127582382,1100.0,1000.0,-198.63301899901595,-205.52183833714096,6.888819338125018,981.3065645957754,842500.0,True,True,0.00010816869840624133,0.8991097922848664,0,,,61361.87147333088,95170.92772421763,True,True,post_v161_one_drop_one_add_whole_loan_swap,post-v161 one-swap pricing only; not multi-swap or global proof,B,D,1,2,4,3,2,0,2018,2018,CA,CA
v63_source_repair_return_guarded_repair,incumbent_cvar_relaxed_source_lp,145165788,126820122,1100.0,1000.0,-198.63301899901595,-201.89545162414464,3.262432625128696,977.680177882779,842500.0,True,True,0.00010816869840624133,0.8991097922848664,0,,,61405.165969511654,95232.99116236575,True,True,post_v161_one_drop_one_add_whole_loan_swap,post-v161 one-swap pricing only; not multi-swap or global proof,B,C,1,1,4,0,2,1,2018,2018,CA,other
v63_source_repair_return_guarded_repair,incumbent_cvar_relaxed_source_lp,145165788,126707528,1100.0,1000.0,-198.63301899901595,-226.37597165812684,27.742952659110898,1002.1606979167613,842500.0,True,True,0.00010816869840624133,0.8991097922848664,0,,,61282.28820206779,95077.01156001096,True,True,post_v161_one_drop_one_add_whole_loan_swap,post-v161 one-swap pricing only; not multi-swap or global proof,B,E,1,3,4,1,2,0,2018,2018,CA,other
v63_source_repair_return_guarded_repair,incumbent_cvar_relaxed_source_lp,145165788,126652025,1100.0,1000.0,-198.63301899901595,-206.92821374328602,8.295194744270077,982.7129400019205,842500.0,True,True,0.00010816869840624133,0.8991097922848664,0,,,61419.85552750938,95249.25965846716,True,True,post_v161_one_drop_one_add_whole_loan_swap,post-v161 one-swap pricing only; not multi-swap or global proof,B,C,1,1,4,3,2,1,2018,2018,CA,FL
v63_source_repair_return_guarded_repair,incumbent_cvar_relaxed_source_lp,145165788,126419064,1100.0,1000.0,-198.63301899901595,-198.85427993768698,0.2212609386710369,974.6390061963214,842500.0,True,True,0.00010816869840624133,0.8991097922848664,0,,,61378.559446081286,95190.32275630508,True,True,post_v161_one_drop_one_add_whole_loan_swap,post-v161 one-swap pricing only; not multi-swap or global proof,B,D,1,2,4,4,2,1,2018,2018,CA,other
v63_source_repair_return_guarded_repair,incumbent_cvar_relaxed_source_lp,145165788,126409482,1100.0,1000.0,-198.63301899901595,-223.9633297987982,25.330310799782268,999.7480560574327,842500.0,True,True,0.00010816869840624133,0.8991097922848664,0,,,61402.43783997361,95230.32079742833,True,True,post_v161_one_drop_one_add_whole_loan_swap,post-v161 one-swap pricing only; not multi-swap or global proof,B,C,1,2,4,2,2,3,2018,2018,CA,other
v63_source_repair_return_guarded_repair,incumbent_cvar_relaxed_source_lp,145165788,166121358,1100.0,1000.0,-198.63301899901595,-212.03423240595197,13.401213406936023,987.8189586645864,842500.0,True,True,0.00010816869840624133,0.8991097922848664,0,,,61393.94205430565,95194.65035807209,True,True,post_v161_one_drop_one_add_whole_loan_swap,post-v161 one-swap pricing only; not multi-swap or global proof,B,C,1,2,4,3,2,0,2018,2020,CA,MD
v63_source_repair_return_guarded_repair,incumbent_cvar_relaxed_source_lp,145165788,169887690,1100.0,1000.0,-198.63301899901595,-221.11264407259083,22.47962507357488,996.8973703312253,842500.0,True,True,0.00010816869840624133,0.8991097922848664,0,,,61412.09274220472,95241.27106782145,True,True,post_v161_one_drop_one_add_whole_loan_swap,post-v161 one-swap pricing only; not multi-swap or global proof,B,B,1,1,4,0,2,3,2018,2020,CA,other
v63_source_repair_return_guarded_repair,incumbent_cvar_relaxed_source_lp,145079878,127695160,1600.0,1500.0,-228.4979772708412,-235.90029594541494,7.402318674573735,981.8200639322241,842500.0,True,True,0.00010816869840624133,0.8992284866468843,0,,,61450.99530572872,95318.6232747459,True,True,post_v161_one_drop_one_add_whole_loan_swap,post-v161 one-swap pricing only; not multi-swap or global proof,B,B,0,0,2,2,2,1,2018,2018,other,TX
v63_source_repair_return_guarded_repair,incumbent_cvar_relaxed_source_lp,145079878,126760355,1600.0,1500.0,-228.4979772708412,-250.40002765814089,21.90205038729968,996.3197956449501,842500.0,True,True,0.00010816869840624133,0.8992284866468843,0,,,61451.20061425233,95318.91168084583,True,True,post_v161_one_drop_one_add_whole_loan_swap,post-v161 one-swap pricing only; not multi-swap or global proof,B,B,0,0,2,1,2,0,2018,2018,other,IL
v63_source_repair_return_guarded_repair,incumbent_cvar_relaxed_source_lp,145079878,126430923,1600.0,1500.0,-228.4979772708412,-243.25029594541493,14.75231867457373,989.1700639322241,842500.0,True,True,0.00010816869840624133,0.8992284866468843,0,,,61450.99530572872,95318.6232747459,True,True,post_v161_one_drop_one_add_whole_loan_swap,post-v161 one-swap pricing only; not multi-swap or global proof,B,B,0,0,2,3,2,0,2018,2018,other,other
v63_source_repair_return_guarded_repair,incumbent_cvar_relaxed_source_lp,145117824,127695160,1500.0,1500.0,-203.78348600534198,-235.90029594541494,32.116809940072955,1006.5345551977233,842400.0,True,True,6.907218559226713e-06,0.8992165242165242,0,,,61392.08501399685,95225.67069273419,True,True,post_v161_one_drop_one_add_whole_loan_swap,post-v161 one-swap pricing only; not multi-swap or global proof,B,B,0,0,3,2,0,1,2018,2018,other,TX
v63_source_repair_return_guarded_repair,incumbent_cvar_relaxed_source_lp,145117824,126760355,1500.0,1500.0,-203.78348600534198,-250.40002765814089,46.6165416527989,1021.0342869104493,842400.0,True,True,6.907218559226713e-06,0.8992165242165242,0,,,61392.29032252046,95225.95909883414,True,True,post_v161_one_drop_one_add_whole_loan_swap,post-v161 one-swap pricing only; not multi-swap or global proof,B,B,0,0,3,1,0,0,2018,2018,other,IL
v63_source_repair_return_guarded_repair,incumbent_cvar_relaxed_source_lp,145117824,126430923,1500.0,1500.0,-203.78348600534198,-243.25029594541493,39.46680994007295,1013.8845551977233,842400.0,True,True,6.907218559226713e-06,0.8992165242165242,0,,,61392.08501399685,95225.67069273419,True,True,post_v161_one_drop_one_add_whole_loan_swap,post-v161 one-swap pricing only; not multi-swap or global proof,B,B,0,0,3,3,0,0,2018,2018,other,other
v63_source_repair_return_guarded_repair,incumbent_cvar_relaxed_source_lp,145121252,126707528,1000.0,1000.0,-222.7344056655708,-226.37597165812684,3.6415659925560533,978.0593112502064,842400.0,True,True,6.907218559226713e-06,0.8992165242165242,0,,,61343.70461667337,95167.31483985078,True,True,post_v161_one_drop_one_add_whole_loan_swap,post-v161 one-swap pricing only; not multi-swap or global proof,D,E,2,3,1,1,0,0,2018,2018,MD,other
v63_source_repair_return_guarded_repair,incumbent_cvar_relaxed_source_lp,145121252,126409482,1000.0,1000.0,-222.7344056655708,-223.9633297987982,1.228924133227423,975.6466693908778,842400.0,True,True,6.907218559226713e-06,0.8992165242165242,0,,,61463.854254579186,95320.62407726815,True,True,post_v161_one_drop_one_add_whole_loan_swap,post-v161 one-swap pricing only; not multi-swap or global proof,D,C,2,2,1,2,0,3,2018,2018,MD,other
v63_source_repair_return_guarded_repair,incumbent_cvar_relaxed_source_lp,145093542,126707528,1000.0,1000.0,-223.27227378357045,-226.37597165812684,3.1036978745563886,977.5214431322067,842400.0,True,True,6.907218559226713e-06,0.8992165242165242,0,,,61418.397007141335,95249.94849723304,True,True,post_v161_one_drop_one_add_whole_loan_swap,post-v161 one-swap pricing only; not multi-swap or global proof,E,E,3,3,0,1,0,0,2018,2018,PA,other
v63_source_repair_return_guarded_repair,incumbent_cvar_relaxed_source_lp,145093542,126409482,1000.0,1000.0,-223.27227378357045,-223.9633297987982,0.6910560152277583,975.1088012728782,842400.0,True,True,6.907218559226713e-06,0.8992165242165242,0,,,61538.54664504716,95403.25773465038,True,True,post_v161_one_drop_one_add_whole_loan_swap,post-v161 one-swap pricing only; not multi-swap or global proof,E,C,3,2,0,2,0,3,2018,2018,PA,other
v63_source_repair_return_guarded_repair,incumbent_cvar_relaxed_source_lp,145085915,127475725,1200.0,1000.0,-205.42499551977616,-211.8282137432861,6.403218223509953,980.8209634811603,842600.0,True,True,0.00020940614277265013,0.8990030856871588,0,,,61462.99255673679,95332.88407738949,True,True,post_v161_one_drop_one_add_whole_loan_swap,post-v161 one-swap pricing only; not multi-swap or global proof,C,C,1,1,0,4,0,0,2018,2018,CA,AZ
v63_source_repair_return_guarded_repair,incumbent_cvar_relaxed_source_lp,145085915,127582382,1200.0,1000.0,-205.42499551977616,-205.52183833714096,0.09684281736480216,974.5145880750151,842600.0,True,True,0.00020940614277265013,0.8990030856871588,0,,,61405.00850255829,95254.55214314,True,True,post_v161_one_drop_one_add_whole_loan_swap,post-v161 one-swap pricing only; not multi-swap or global proof,C,D,1,2,0,3,0,0,2018,2018,CA,CA
v63_source_repair_return_guarded_repair,incumbent_cvar_relaxed_source_lp,145085915,126707528,1200.0,1000.0,-205.42499551977616,-226.37597165812684,20.950976138350683,995.3687213960011,842600.0,True,True,0.00020940614277265013,0.8990030856871588,0,,,61325.4252312952,95160.63597893332,True,True,post_v161_one_drop_one_add_whole_loan_swap,post-v161 one-swap pricing only; not multi-swap or global proof,C,E,1,3,0,1,0,0,2018,2018,CA,other
v63_source_repair_return_guarded_repair,incumbent_cvar_relaxed_source_lp,145085915,126652025,1200.0,1000.0,-205.42499551977616,-206.92821374328602,1.5032182235098617,975.9209634811602,842600.0,True,True,0.00020940614277265013,0.8990030856871588,0,,,61462.99255673679,95332.88407738949,True,True,post_v161_one_drop_one_add_whole_loan_swap,post-v161 one-swap pricing only; not multi-swap or global proof,C,C,1,1,0,3,0,1,2018,2018,CA,FL
v63_source_repair_return_guarded_repair,incumbent_cvar_relaxed_source_lp,145085915,126409482,1200.0,1000.0,-205.42499551977616,-223.9633297987982,18.538334279022052,992.9560795366724,842600.0,True,True,0.00020940614277265013,0.8990030856871588,0,,,61445.574869201024,95313.9452163507,True,True,post_v161_one_drop_one_add_whole_loan_swap,post-v161 one-swap pricing only; not multi-swap or global proof,C,C,1,2,0,2,0,3,2018,2018,CA,other
v63_source_repair_return_guarded_repair,incumbent_cvar_relaxed_source_lp,145085915,166121358,1200.0,1000.0,-205.42499551977616,-212.03423240595197,6.6092368861758075,981.0269821438262,842600.0,True,True,0.00020940614277265013,0.8990030856871588,0,,,61437.07908353305,95278.27477699445,True,True,post_v161_one_drop_one_add_whole_loan_swap,post-v161 one-swap pricing only; not multi-swap or global proof,C,C,1,2,0,3,0,0,2018,2020,CA,MD
v63_source_repair_return_guarded_repair,incumbent_cvar_relaxed_source_lp,145085915,169887690,1200.0,1000.0,-205.42499551977616,-221.11264407259083,15.687648552814665,990.1053938104651,842600.0,True,True,0.00020940614277265013,0.8990030856871588,0,,,61455.22977143213,95324.89548674382,True,True,post_v161_one_drop_one_add_whole_loan_swap,post-v161 one-swap pricing only; not multi-swap or global proof,C,B,1,1,0,0,0,3,2018,2020,CA,other
v63_source_repair_return_guarded_repair,incumbent_cvar_relaxed_source_lp,145085915,160806330,1200.0,1200.0,-205.42499551977616,-210.10403328668124,4.679037766905083,979.0967830245554,842400.0,True,True,6.907218559226713e-06,0.8992165242165242,0,,,61355.24293632772,95079.95384822476,True,True,post_v161_one_drop_one_add_whole_loan_swap,post-v161 one-swap pricing only; not multi-swap or global proof,C,D,1,2,0,2,0,2,2018,2019,CA,FL
v63_source_repair_return_guarded_repair,incumbent_cvar_relaxed_source_lp,145071977,127672145,1000.0,1000.0,-188.86243065820042,-196.20083323856994,7.338402580369518,981.7561478380198,842400.0,True,True,6.907218559226713e-06,0.8992165242165242,0,,,61527.09689701161,95423.31524997056,True,True,post_v161_one_drop_one_add_whole_loan_swap,post-v161 one-swap pricing only; not multi-swap or global proof,E,C,2,1,4,0,2,2,2018,2018,other,other
v63_source_repair_return_guarded_repair,incumbent_cvar_relaxed_source_lp,145071977,127475725,1000.0,1000.0,-188.86243065820042,-211.8282137432861,22.96578308508569,997.3835283427361,842400.0,True,True,6.907218559226713e-06,0.8992165242165242,0,,,61501.204416047425,95391.21323171326,True,True,post_v161_one_drop_one_add_whole_loan_swap,post-v161 one-swap pricing only; not multi-swap or global proof,E,C,2,1,4,4,2,0,2018,2018,other,AZ
v63_source_repair_return_guarded_repair,incumbent_cvar_relaxed_source_lp,145071977,127582382,1000.0,1000.0,-188.86243065820042,-205.52183833714096,16.65940767894054,991.0771529365909,842400.0,True,True,6.907218559226713e-06,0.8992165242165242,0,,,61443.22036186892,95312.88129746377,True,True,post_v161_one_drop_one_add_whole_loan_swap,post-v161 one-swap pricing only; not multi-swap or global proof,E,D,2,2,4,3,2,0,2018,2018,other,CA
v63_source_repair_return_guarded_repair,incumbent_cvar_relaxed_source_lp,145071977,126820122,1000.0,1000.0,-188.86243065820042,-201.89545162414464,13.033020965944218,987.4507662235947,842400.0,True,True,6.907218559226713e-06,0.8992165242165242,0,,,61486.51485804969,95374.94473561185,True,True,post_v161_one_drop_one_add_whole_loan_swap,post-v161 one-swap pricing only; not multi-swap or global proof,E,C,2,1,4,0,2,1,2018,2018,other,other
v63_source_repair_return_guarded_repair,incumbent_cvar_relaxed_source_lp,145071977,126707528,1000.0,1000.0,-188.86243065820042,-226.37597165812684,37.51354099992642,1011.9312862575769,842400.0,True,True,6.907218559226713e-06,0.8992165242165242,0,,,61363.63709060583,95218.96513325708,True,True,post_v161_one_drop_one_add_whole_loan_swap,post-v161 one-swap pricing only; not multi-swap or global proof,E,E,2,3,4,1,2,0,2018,2018,other,other
v63_source_repair_return_guarded_repair,incumbent_cvar_relaxed_source_lp,145071977,126652025,1000.0,1000.0,-188.86243065820042,-206.92821374328602,18.0657830850856,992.483528342736,842400.0,True,True,6.907218559226713e-06,0.8992165242165242,0,,,61501.204416047425,95391.21323171326,True,True,post_v161_one_drop_one_add_whole_loan_swap,post-v161 one-swap pricing only; not multi-swap or global proof,E,C,2,1,4,3,2,1,2018,2018,other,FL
v63_source_repair_return_guarded_repair,incumbent_cvar_relaxed_source_lp,145071977,126419064,1000.0,1000.0,-188.86243065820042,-198.85427993768698,9.991849279486559,984.409594537137,842400.0,True,True,6.907218559226713e-06,0.8992165242165242,0,,,61459.90833461934,95332.27632955121,True,True,post_v161_one_drop_one_add_whole_loan_swap,post-v161 one-swap pricing only; not multi-swap or global proof,E,D,2,2,4,4,2,1,2018,2018,other,other
v63_source_repair_return_guarded_repair,incumbent_cvar_relaxed_source_lp,145071977,126409482,1000.0,1000.0,-188.86243065820042,-223.9633297987982,35.10089914059779,1009.5186443982482,842400.0,True,True,6.907218559226713e-06,0.8992165242165242,0,,,61483.78672851165,95372.27437067444,True,True,post_v161_one_drop_one_add_whole_loan_swap,post-v161 one-swap pricing only; not multi-swap or global proof,E,C,2,2,4,2,2,3,2018,2018,other,other
v63_source_repair_return_guarded_repair,incumbent_cvar_relaxed_source_lp,145071977,166121358,1000.0,1000.0,-188.86243065820042,-212.03423240595197,23.171801747751545,997.589547005402,842400.0,True,True,6.907218559226713e-06,0.8992165242165242,0,,,61475.29094284368,95336.60393131821,True,True,post_v161_one_drop_one_add_whole_loan_swap,post-v161 one-swap pricing only; not multi-swap or global proof,E,C,2,2,4,3,2,0,2018,2020,other,MD
v63_source_repair_return_guarded_repair,incumbent_cvar_relaxed_source_lp,145071977,169887690,1000.0,1000.0,-188.86243065820042,-221.11264407259083,32.2502134143904,1006.6679586720408,842400.0,True,True,6.907218559226713e-06,0.8992165242165242,0,,,61493.44163074276,95383.22464106759,True,True,post_v161_one_drop_one_add_whole_loan_swap,post-v161 one-swap pricing only; not multi-swap or global proof,E,B,2,1,4,0,2,3,2018,2020,other,other
v63_source_repair_return_guarded_repair,incumbent_cvar_relaxed_source_lp,144995110,169005860,2000.0,2000.0,-377.72486131640085,-393.55925260534593,15.834391288945085,990.2521365465955,842400.0,True,True,6.907218559226713e-06,0.8992165242165242,0,,,61567.69770108344,95571.55171186989,True,True,post_v161_one_drop_one_add_whole_loan_swap,post-v161 one-swap pricing only; not multi-swap or global proof,E,B,2,1,3,3,2,1,2018,2020,WA,FL
v63_source_repair_return_guarded_repair,incumbent_cvar_relaxed_source_lp,144993645,126707528,1000.0,1000.0,-220.14161426973686,-226.37597165812684,6.234357388389981,980.6521026460404,842400.0,True,True,6.907218559226713e-06,0.8992165242165242,0,,,61395.46176326538,95242.86205576207,True,True,post_v161_one_drop_one_add_whole_loan_swap,post-v161 one-swap pricing only; not multi-swap or global proof,E,E,2,3,2,1,4,0,2018,2018,NJ,other
v63_source_repair_return_guarded_repair,incumbent_cvar_relaxed_source_lp,144993645,126409482,1000.0,1000.0,-220.14161426973686,-223.9633297987982,3.8217155290613505,978.2394607867118,842400.0,True,True,6.907218559226713e-06,0.8992165242165242,0,,,61515.611401171205,95396.17129317943,True,True,post_v161_one_drop_one_add_whole_loan_swap,post-v161 one-swap pricing only; not multi-swap or global proof,E,C,2,2,2,2,4,3,2018,2018,NJ,other
v63_source_repair_return_guarded_repair,incumbent_cvar_relaxed_source_lp,144993645,169887690,1000.0,1000.0,-220.14161426973686,-221.11264407259083,0.9710298028539626,975.3887750605044,842400.0,True,True,6.907218559226713e-06,0.8992165242165242,0,,,61525.26630340231,95407.1215635726,True,True,post_v161_one_drop_one_add_whole_loan_swap,post-v161 one-swap pricing only; not multi-swap or global proof,E,B,2,1,2,0,4,3,2018,2020,NJ,other
v63_source_repair_return_guarded_repair,incumbent_cvar_relaxed_source_lp,144526368,126483031,1200.0,1200.0,-189.01348295313088,-200.480236756332,11.46675380320113,985.8844990608516,842400.0,True,True,6.907218559226713e-06,0.8992165242165242,0,,,61425.61353251642,95265.22331922082,True,True,post_v161_one_drop_one_add_whole_loan_swap,post-v161 one-swap pricing only; not multi-swap or global proof,B,B,0,0,2,2,1,0,2018,2018,NJ,FL
v63_source_repair_return_guarded_repair,incumbent_cvar_relaxed_source_lp,144845770,126620912,1500.0,1500.0,-310.66040594595773,-319.768173516142,9.10776757018425,983.5255128278346,842400.0,True,True,6.907218559226713e-06,0.8992165242165242,0,,,61463.965874727735,95283.69824738611,True,True,post_v161_one_drop_one_add_whole_loan_swap,post-v161 one-swap pricing only; not multi-swap or global proof,B,B,1,1,2,0,1,0,2018,2018,IL,other
v63_source_repair_return_guarded_repair,incumbent_cvar_relaxed_source_lp,144845770,167713836,1500.0,1500.0,-310.66040594595773,-323.27724824243177,12.616842296474033,987.0345875541244,842400.0,True,True,6.907218559226713e-06,0.8992165242165242,0,,,61380.51854405466,95133.96330538626,True,True,post_v161_one_drop_one_add_whole_loan_swap,post-v161 one-swap pricing only; not multi-swap or global proof,B,C,1,1,2,1,1,4,2018,2020,IL,other
v63_source_repair_return_guarded_repair,incumbent_cvar_relaxed_source_lp,144807360,126707528,1000.0,1000.0,-214.61694661179996,-226.37597165812684,11.759025046326883,986.1767703039773,842400.0,True,True,6.907218559226713e-06,0.8992165242165242,0,,,61399.71143496754,95244.89423874757,True,True,post_v161_one_drop_one_add_whole_loan_swap,post-v161 one-swap pricing only; not multi-swap or global proof,E,E,3,3,0,1,3,0,2018,2018,NC,other
v63_source_repair_return_guarded_repair,incumbent_cvar_relaxed_source_lp,144807360,126409482,1000.0,1000.0,-214.61694661179996,-223.9633297987982,9.346383186998253,983.7641284446486,842400.0,True,True,6.907218559226713e-06,0.8992165242165242,0,,,61519.86107287336,95398.20347616493,True,True,post_v161_one_drop_one_add_whole_loan_swap,post-v161 one-swap pricing only; not multi-swap or global proof,E,C,3,2,0,2,3,3,2018,2018,NC,other
v63_source_repair_return_guarded_repair,incumbent_cvar_relaxed_source_lp,144807360,169887690,1000.0,1000.0,-214.61694661179996,-221.11264407259083,6.495697460790865,980.9134427184413,842400.0,True,True,6.907218559226713e-06,0.8992165242165242,0,,,61529.515975104456,95409.15374655809,True,True,post_v161_one_drop_one_add_whole_loan_swap,post-v161 one-swap pricing only; not multi-swap or global proof,E,B,3,1,0,0,3,3,2018,2020,NC,other
v63_source_repair_return_guarded_repair,incumbent_cvar_relaxed_source_lp,144547788,126707528,1000.0,1000.0,-216.08787648824725,-226.37597165812684,10.288095169879597,984.70584042753,842400.0,True,True,6.907218559226713e-06,0.8992165242165242,0,,,61319.31147293794,95100.2965184971,True,True,post_v161_one_drop_one_add_whole_loan_swap,post-v161 one-swap pricing only; not multi-swap or global proof,C,E,2,3,3,1,2,0,2018,2018,FL,other
v63_source_repair_return_guarded_repair,incumbent_cvar_relaxed_source_lp,144547788,126409482,1000.0,1000.0,-216.08787648824725,-223.9633297987982,7.8754533105509665,982.2931985682013,842400.0,True,True,6.907218559226713e-06,0.8992165242165242,0,,,61439.46111084375,95253.60575591447,True,True,post_v161_one_drop_one_add_whole_loan_swap,post-v161 one-swap pricing only; not multi-swap or global proof,C,C,2,2,3,2,2,3,2018,2018,FL,other
v63_source_repair_return_guarded_repair,incumbent_cvar_relaxed_source_lp,144547788,169887690,1000.0,1000.0,-216.08787648824725,-221.11264407259083,5.024767584343579,979.4425128419939,842400.0,True,True,6.907218559226713e-06,0.8992165242165242,0,,,61449.11601307485,95264.55602630762,True,True,post_v161_one_drop_one_add_whole_loan_swap,post-v161 one-swap pricing only; not multi-swap or global proof,C,B,2,1,3,0,2,3,2018,2020,FL,other
v63_source_repair_return_guarded_repair,incumbent_cvar_relaxed_source_lp,144651364,127475725,1000.0,1000.0,-208.38787648824737,-211.8282137432861,3.4403372550387417,977.8580825126892,842400.0,True,True,6.907218559226713e-06,0.8992165242165242,0,,,61456.87879837953,95272.54461695332,True,True,post_v161_one_drop_one_add_whole_loan_swap,post-v161 one-swap pricing only; not multi-swap or global proof,C,C,2,1,3,4,1,0,2018,2018,other,AZ
v63_source_repair_return_guarded_repair,incumbent_cvar_relaxed_source_lp,144651364,126707528,1000.0,1000.0,-208.38787648824737,-226.37597165812684,17.98809516987947,992.4058404275298,842400.0,True,True,6.907218559226713e-06,0.8992165242165242,0,,,61319.31147293794,95100.2965184971,True,True,post_v161_one_drop_one_add_whole_loan_swap,post-v161 one-swap pricing only; not multi-swap or global proof,C,E,2,3,3,1,1,0,2018,2018,other,other
v63_source_repair_return_guarded_repair,incumbent_cvar_relaxed_source_lp,144651364,126409482,1000.0,1000.0,-208.38787648824737,-223.9633297987982,15.575453310550841,989.9931985682013,842400.0,True,True,6.907218559226713e-06,0.8992165242165242,0,,,61439.46111084375,95253.60575591447,True,True,post_v161_one_drop_one_add_whole_loan_swap,post-v161 one-swap pricing only; not multi-swap or global proof,C,C,2,2,3,2,1,3,2018,2018,other,other
v63_source_repair_return_guarded_repair,incumbent_cvar_relaxed_source_lp,144651364,166121358,1000.0,1000.0,-208.38787648824737,-212.03423240595197,3.6463559177045965,978.064101175355,842400.0,True,True,6.907218559226713e-06,0.8992165242165242,0,,,61430.96532517578,95217.93531655824,True,True,post_v161_one_drop_one_add_whole_loan_swap,post-v161 one-swap pricing only; not multi-swap or global proof,C,C,2,2,3,3,1,0,2018,2020,other,MD
v63_source_repair_return_guarded_repair,incumbent_cvar_relaxed_source_lp,144651364,169887690,1000.0,1000.0,-208.38787648824737,-221.11264407259083,12.724767584343454,987.1425128419938,842400.0,True,True,6.907218559226713e-06,0.8992165242165242,0,,,61449.11601307485,95264.55602630762,True,True,post_v161_one_drop_one_add_whole_loan_swap,post-v161 one-swap pricing only; not multi-swap or global proof,C,B,2,1,3,0,1,3,2018,2020,other,other
v63_source_repair_return_guarded_repair,incumbent_cvar_relaxed_source_lp,144589441,127011905,1500.0,1500.0,-301.66572655925194,-310.3923206149292,8.726594055677253,983.1443393133277,842400.0,True,True,6.907218559226713e-06,0.8992165242165242,0,,,61423.416380090915,95285.23788400204,True,True,post_v161_one_drop_one_add_whole_loan_swap,post-v161 one-swap pricing only; not multi-swap or global proof,C,C,1,1,2,2,2,2,2018,2018,MD,other
v63_source_repair_return_guarded_repair,incumbent_cvar_relaxed_source_lp,144589441,126620912,1500.0,1500.0,-301.66572655925194,-319.768173516142,18.10244695689005,992.5201922145404,842400.0,True,True,6.907218559226713e-06,0.8992165242165242,0,,,61476.10752019273,95360.16686179383,True,True,post_v161_one_drop_one_add_whole_loan_swap,post-v161 one-swap pricing only; not multi-swap or global proof,C,B,1,1,2,0,2,0,2018,2018,MD,other
v63_source_repair_return_guarded_repair,incumbent_cvar_relaxed_source_lp,144589441,167713836,1500.0,1500.0,-301.66572655925194,-323.27724824243177,21.61152168317983,996.0292669408302,842400.0,True,True,6.907218559226713e-06,0.8992165242165242,0,,,61392.66018951965,95210.431919794,True,True,post_v161_one_drop_one_add_whole_loan_swap,post-v161 one-swap pricing only; not multi-swap or global proof,C,C,1,1,2,1,2,4,2018,2020,MD,other
v63_source_repair_return_guarded_repair,incumbent_cvar_relaxed_source_lp,144524128,126707528,1000.0,1000.0,-223.27227378357045,-226.37597165812684,3.1036978745563886,977.5214431322067,842400.0,True,True,6.907218559226713e-06,0.8992165242165242,0,,,61418.397007141335,95249.94849723304,True,True,post_v161_one_drop_one_add_whole_loan_swap,post-v161 one-swap pricing only; not multi-swap or global proof,E,E,3,3,2,1,0,0,2018,2018,other,other
v63_source_repair_return_guarded_repair,incumbent_cvar_relaxed_source_lp,144524128,126409482,1000.0,1000.0,-223.27227378357045,-223.9633297987982,0.6910560152277583,975.1088012728782,842400.0,True,True,6.907218559226713e-06,0.8992165242165242,0,,,61538.54664504716,95403.25773465038,True,True,post_v161_one_drop_one_add_whole_loan_swap,post-v161 one-swap pricing only; not multi-swap or global proof,E,C,3,2,2,2,0,3,2018,2018,other,other
v63_source_repair_return_guarded_repair,incumbent_cvar_relaxed_source_lp,144413953,126707528,1000.0,1000.0,-213.57227378357047,-226.37597165812684,12.803697874556377,987.2214431322068,842400.0,True,True,6.907218559226713e-06,0.8992165242165242,0,,,61418.397007141335,95249.94849723304,True,True,post_v161_one_drop_one_add_whole_loan_swap,post-v161 one-swap pricing only; not multi-swap or global proof,E,E,3,3,0,1,0,0,2018,2018,NY,other
v63_source_repair_return_guarded_repair,incumbent_cvar_relaxed_source_lp,144413953,126409482,1000.0,1000.0,-213.57227378357047,-223.9633297987982,10.391056015227747,984.8088012728781,842400.0,True,True,6.907218559226713e-06,0.8992165242165242,0,,,61538.54664504716,95403.25773465038,True,True,post_v161_one_drop_one_add_whole_loan_swap,post-v161 one-swap pricing only; not multi-swap or global proof,E,C,3,2,0,2,0,3,2018,2018,NY,other
v63_source_repair_return_guarded_repair,incumbent_cvar_relaxed_source_lp,144413953,169887690,1000.0,1000.0,-213.57227378357047,-221.11264407259083,7.540370289020359,981.9581155466708,842400.0,True,True,6.907218559226713e-06,0.8992165242165242,0,,,61548.201547278266,95414.20800504355,True,True,post_v161_one_drop_one_add_whole_loan_swap,post-v161 one-swap pricing only; not multi-swap or global proof,E,B,3,1,0,0,0,3,2018,2020,NY,other
v63_source_repair_return_guarded_repair,incumbent_cvar_relaxed_source_lp,144399667,127695160,1500.0,1500.0,-203.78348600534198,-235.90029594541494,32.116809940072955,1006.5345551977233,842400.0,True,True,6.907218559226713e-06,0.8992165242165242,0,,,61392.08501399685,95225.67069273419,True,True,post_v161_one_drop_one_add_whole_loan_swap,post-v161 one-swap pricing only; not multi-swap or global proof,B,B,0,0,2,2,0,1,2018,2018,FL,TX
v63_source_repair_return_guarded_repair,incumbent_cvar_relaxed_source_lp,144399667,126760355,1500.0,1500.0,-203.78348600534198,-250.40002765814089,46.6165416527989,1021.0342869104493,842400.0,True,True,6.907218559226713e-06,0.8992165242165242,0,,,61392.29032252046,95225.95909883414,True,True,post_v161_one_drop_one_add_whole_loan_swap,post-v161 one-swap pricing only; not multi-swap or global proof,B,B,0,0,2,1,0,0,2018,2018,FL,IL
v63_source_repair_return_guarded_repair,incumbent_cvar_relaxed_source_lp,144399667,126430923,1500.0,1500.0,-203.78348600534198,-243.25029594541493,39.46680994007295,1013.8845551977233,842400.0,True,True,6.907218559226713e-06,0.8992165242165242,0,,,61392.08501399685,95225.67069273419,True,True,post_v161_one_drop_one_add_whole_loan_swap,post-v161 one-swap pricing only; not multi-swap or global proof,B,B,0,0,2,3,0,0,2018,2018,FL,other
v63_source_repair_return_guarded_repair,incumbent_cvar_relaxed_source_lp,143990772,126707528,1000.0,1000.0,-216.3092113416864,-226.37597165812684,10.066760316440451,984.4845055740908,842400.0,True,True,6.907218559226713e-06,0.8992165242165242,0,,,61276.14358308251,95037.72188799953,True,True,post_v161_one_drop_one_add_whole_loan_swap,post-v161 one-swap pricing only; not multi-swap or global proof,B,E,1,3,1,1,4,0,2018,2018,NY,other
v63_source_repair_return_guarded_repair,incumbent_cvar_relaxed_source_lp,143990772,126409482,1000.0,1000.0,-216.3092113416864,-223.9633297987982,7.654118457111821,982.0718637147622,842400.0,True,True,6.907218559226713e-06,0.8992165242165242,0,,,61396.29322098832,95191.03112541689,True,True,post_v161_one_drop_one_add_whole_loan_swap,post-v161 one-swap pricing only; not multi-swap or global proof,B,C,1,2,1,2,4,3,2018,2018,NY,other
v63_source_repair_return_guarded_repair,incumbent_cvar_relaxed_source_lp,143990772,169887690,1000.0,1000.0,-216.3092113416864,-221.11264407259083,4.803432730904433,979.2211779885548,842400.0,True,True,6.907218559226713e-06,0.8992165242165242,0,,,61405.94812321943,95201.98139581004,True,True,post_v161_one_drop_one_add_whole_loan_swap,post-v161 one-swap pricing only; not multi-swap or global proof,B,B,1,1,1,0,4,3,2018,2020,NY,other
v63_source_repair_return_guarded_repair,incumbent_cvar_relaxed_source_lp,142833138,126707528,1000.0,1000.0,-216.94667980037104,-226.37597165812684,9.4292918577558,983.8470371154062,842400.0,True,True,6.907218559226713e-06,0.8992165242165242,0,,,61392.20412515233,95254.07721205846,True,True,post_v161_one_drop_one_add_whole_loan_swap,post-v161 one-swap pricing only; not multi-swap or global proof,E,E,3,3,1,1,0,0,2018,2018,other,other
v63_source_repair_return_guarded_repair,incumbent_cvar_relaxed_source_lp,142833138,126409482,1000.0,1000.0,-216.94667980037104,-223.9633297987982,7.0166499984271695,981.4343952560776,842400.0,True,True,6.907218559226713e-06,0.8992165242165242,0,,,61512.35376305814,95407.38644947583,True,True,post_v161_one_drop_one_add_whole_loan_swap,post-v161 one-swap pricing only; not multi-swap or global proof,E,C,3,2,1,2,0,3,2018,2018,other,other
v63_source_repair_return_guarded_repair,incumbent_cvar_relaxed_source_lp,142833138,169887690,1000.0,1000.0,-216.94667980037104,-221.11264407259083,4.165964272219782,978.5837095298701,842400.0,True,True,6.907218559226713e-06,0.8992165242165242,0,,,61522.00866528926,95418.33671986897,True,True,post_v161_one_drop_one_add_whole_loan_swap,post-v161 one-swap pricing only; not multi-swap or global proof,E,B,3,1,1,0,0,3,2018,2020,other,other
v63_source_repair_return_guarded_repair,incumbent_cvar_relaxed_source_lp,144272746,126620912,1500.0,1500.0,-319.0177192312477,-319.768173516142,0.7504542848942606,975.1681995425447,842400.0,True,True,6.907218559226713e-06,0.8992165242165242,0,,,61627.53980655548,95603.71609345452,True,True,post_v161_one_drop_one_add_whole_loan_swap,post-v161 one-swap pricing only; not multi-swap or global proof,E,B,2,1,1,0,0,0,2018,2018,CA,other
v63_source_repair_return_guarded_repair,incumbent_cvar_relaxed_source_lp,144272746,167713836,1500.0,1500.0,-319.0177192312477,-323.27724824243177,4.259529011184043,978.6772742688345,842400.0,True,True,6.907218559226713e-06,0.8992165242165242,0,,,61544.0924758824,95453.98115145472,True,True,post_v161_one_drop_one_add_whole_loan_swap,post-v161 one-swap pricing only; not multi-swap or global proof,E,C,2,1,1,1,0,4,2018,2020,CA,other
v63_source_repair_return_guarded_repair,incumbent_cvar_relaxed_source_lp,144322662,127011905,1600.0,1500.0,-296.15064241695194,-310.3923206149292,14.24167819797725,988.6594234556276,842500.0,True,True,0.00010816869840624133,0.8991097922848664,0,,,61458.76209484356,95352.71189098913,True,True,post_v161_one_drop_one_add_whole_loan_swap,post-v161 one-swap pricing only; not multi-swap or global proof,C,C,1,1,2,2,1,2,2018,2018,other,other
v63_source_repair_return_guarded_repair,incumbent_cvar_relaxed_source_lp,144322662,126620912,1600.0,1500.0,-296.15064241695194,-319.768173516142,23.617531099190046,998.0352763568404,842500.0,True,True,0.00010816869840624133,0.8991097922848664,0,,,61511.453234945366,95427.64086878093,True,True,post_v161_one_drop_one_add_whole_loan_swap,post-v161 one-swap pricing only; not multi-swap or global proof,C,B,1,1,2,0,1,0,2018,2018,other,other
v63_source_repair_return_guarded_repair,incumbent_cvar_relaxed_source_lp,144322662,167713836,1600.0,1500.0,-296.15064241695194,-323.27724824243177,27.126605825479828,1001.5443510831302,842500.0,True,True,0.00010816869840624133,0.8991097922848664,0,,,61428.005904272286,95277.90592678111,True,True,post_v161_one_drop_one_add_whole_loan_swap,post-v161 one-swap pricing only; not multi-swap or global proof,C,C,1,1,2,1,1,4,2018,2020,other,other
v63_source_repair_return_guarded_repair,incumbent_cvar_relaxed_source_lp,144306607,127475725,1100.0,1000.0,-196.7269756687091,-211.8282137432861,15.101238074577026,989.5189833322274,842500.0,True,True,0.00010816869840624133,0.8991097922848664,0,,,61531.89668059941,95454.18179874009,True,True,post_v161_one_drop_one_add_whole_loan_swap,post-v161 one-swap pricing only; not multi-swap or global proof,E,C,2,1,2,4,0,0,2018,2018,NY,AZ
v63_source_repair_return_guarded_repair,incumbent_cvar_relaxed_source_lp,144306607,127582382,1100.0,1000.0,-196.7269756687091,-205.52183833714096,8.794862668431875,983.2126079260822,842500.0,True,True,0.00010816869840624133,0.8991097922848664,0,,,61473.91262642091,95375.84986449056,True,True,post_v161_one_drop_one_add_whole_loan_swap,post-v161 one-swap pricing only; not multi-swap or global proof,E,D,2,2,2,3,0,0,2018,2018,NY,CA
v63_source_repair_return_guarded_repair,incumbent_cvar_relaxed_source_lp,144306607,126820122,1100.0,1000.0,-196.7269756687091,-201.89545162414464,5.168475955435554,979.586221213086,842500.0,True,True,0.00010816869840624133,0.8991097922848664,0,,,61517.20712260168,95437.91330263867,True,True,post_v161_one_drop_one_add_whole_loan_swap,post-v161 one-swap pricing only; not multi-swap or global proof,E,C,2,1,2,0,0,1,2018,2018,NY,other
v63_source_repair_return_guarded_repair,incumbent_cvar_relaxed_source_lp,144306607,126707528,1100.0,1000.0,-196.7269756687091,-226.37597165812684,29.648995989417756,1004.0667412470682,842500.0,True,True,0.00010816869840624133,0.8991097922848664,0,,,61394.329355157824,95281.93370028389,True,True,post_v161_one_drop_one_add_whole_loan_swap,post-v161 one-swap pricing only; not multi-swap or global proof,E,E,2,3,2,1,0,0,2018,2018,NY,other
v63_source_repair_return_guarded_repair,incumbent_cvar_relaxed_source_lp,144306607,126652025,1100.0,1000.0,-196.7269756687091,-206.92821374328602,10.201238074576935,984.6189833322273,842500.0,True,True,0.00010816869840624133,0.8991097922848664,0,,,61531.89668059941,95454.18179874009,True,True,post_v161_one_drop_one_add_whole_loan_swap,post-v161 one-swap pricing only; not multi-swap or global proof,E,C,2,1,2,3,0,1,2018,2018,NY,FL
v63_source_repair_return_guarded_repair,incumbent_cvar_relaxed_source_lp,144306607,126419064,1100.0,1000.0,-196.7269756687091,-198.85427993768698,2.1273042689778947,976.5450495266283,842500.0,True,True,0.00010816869840624133,0.8991097922848664,0,,,61490.60059917132,95395.24489657803,True,True,post_v161_one_drop_one_add_whole_loan_swap,post-v161 one-swap pricing only; not multi-swap or global proof,E,D,2,2,2,4,0,1,2018,2018,NY,other
v63_source_repair_return_guarded_repair,incumbent_cvar_relaxed_source_lp,144306607,126409482,1100.0,1000.0,-196.7269756687091,-223.9633297987982,27.236354130089126,1001.6540993877395,842500.0,True,True,0.00010816869840624133,0.8991097922848664,0,,,61514.47899306363,95435.24293770127,True,True,post_v161_one_drop_one_add_whole_loan_swap,post-v161 one-swap pricing only; not multi-swap or global proof,E,C,2,2,2,2,0,3,2018,2018,NY,other
v63_source_repair_return_guarded_repair,incumbent_cvar_relaxed_source_lp,144306607,166121358,1100.0,1000.0,-196.7269756687091,-212.03423240595197,15.30725673724288,989.7250019948933,842500.0,True,True,0.00010816869840624133,0.8991097922848664,0,,,61505.983207395664,95399.57249834505,True,True,post_v161_one_drop_one_add_whole_loan_swap,post-v161 one-swap pricing only; not multi-swap or global proof,E,C,2,2,2,3,0,0,2018,2020,NY,MD
v63_source_repair_return_guarded_repair,incumbent_cvar_relaxed_source_lp,144306607,169887690,1100.0,1000.0,-196.7269756687091,-221.11264407259083,24.385668403881738,998.8034136615321,842500.0,True,True,0.00010816869840624133,0.8991097922848664,0,,,61524.13389529474,95446.19320809442,True,True,post_v161_one_drop_one_add_whole_loan_swap,post-v161 one-swap pricing only; not multi-swap or global proof,E,B,2,1,2,0,0,3,2018,2020,NY,other
v63_source_repair_return_guarded_repair,incumbent_cvar_relaxed_source_lp,144248829,168841753,1000.0,1000.0,-14.62747078447996,-15.58411172619063,0.9566409417106687,975.3743861993611,842400.0,True,True,6.907218559226713e-06,0.8992165242165242,0,,,61405.07678249666,95186.60446803052,True,True,post_v161_one_drop_one_add_whole_loan_swap,post-v161 one-swap pricing only; not multi-swap or global proof,A,A,1,1,2,1,3,0,2018,2020,NC,NY
v63_source_repair_return_guarded_repair,incumbent_cvar_relaxed_source_lp,144248829,168678809,1000.0,1000.0,-14.62747078447996,-25.935876492202276,11.308405707722315,985.7261509653727,842400.0,True,True,6.907218559226713e-06,0.8992165242165242,0,,,61418.59063939484,95207.58082742358,True,True,post_v161_one_drop_one_add_whole_loan_swap,post-v161 one-swap pricing only; not multi-swap or global proof,A,A,1,1,2,1,3,0,2018,2020,NC,IN
v63_source_repair_return_guarded_repair,incumbent_cvar_relaxed_source_lp,144248829,170390171,1000.0,1000.0,-14.62747078447996,-23.632377345499286,9.004906561019325,983.4226518186697,842400.0,True,True,6.907218559226713e-06,0.8992165242165242,0,,,61415.18514985329,95200.6480272385,True,True,post_v161_one_drop_one_add_whole_loan_swap,post-v161 one-swap pricing only; not multi-swap or global proof,A,A,1,1,2,0,3,0,2018,2020,NC,other
v63_source_repair_return_guarded_repair,incumbent_cvar_relaxed_source_lp,144248829,169450190,1000.0,1000.0,-14.62747078447996,-22.58050328415853,7.953032499678571,982.3707777573289,842400.0,True,True,6.907218559226713e-06,0.8992165242165242,0,,,61397.87042536474,95165.63999391269,True,True,post_v161_one_drop_one_add_whole_loan_swap,post-v161 one-swap pricing only; not multi-swap or global proof,A,A,1,1,2,0,3,0,2018,2020,NC,AZ
v63_source_repair_return_guarded_repair,incumbent_cvar_relaxed_source_lp,144038628,127874931,1000.0,1000.0,-154.87510766035297,-186.9469746106631,32.071866950310124,1006.4896122079605,842400.0,True,True,6.907218559226713e-06,0.8980294396961064,0,,,61533.492906457,95447.27848289754,True,True,post_v161_one_drop_one_add_whole_loan_swap,post-v161 one-swap pricing only; not multi-swap or global proof,E,B,2,0,3,0,1,0,2018,2018,IL,MN
v63_source_repair_return_guarded_repair,incumbent_cvar_relaxed_source_lp,144038628,127672145,1000.0,1000.0,-154.87510766035297,-196.20083323856994,41.325725578216975,1015.7434708358674,842400.0,True,True,6.907218559226713e-06,0.8992165242165242,0,,,61502.38549143231,95402.9081640123,True,True,post_v161_one_drop_one_add_whole_loan_swap,post-v161 one-swap pricing only; not multi-swap or global proof,E,C,2,1,3,0,1,2,2018,2018,IL,other
v63_source_repair_return_guarded_repair,incumbent_cvar_relaxed_source_lp,144038628,127475725,1000.0,1000.0,-154.87510766035297,-211.8282137432861,56.95310608293315,1031.3708513405836,842400.0,True,True,6.907218559226713e-06,0.8992165242165242,0,,,61476.49301046812,95370.80614575498,True,True,post_v161_one_drop_one_add_whole_loan_swap,post-v161 one-swap pricing only; not multi-swap or global proof,E,C,2,1,3,4,1,0,2018,2018,IL,AZ
v63_source_repair_return_guarded_repair,incumbent_cvar_relaxed_source_lp,144038628,127582382,1000.0,1000.0,-154.87510766035297,-205.52183833714096,50.646730676787996,1025.0644759344384,842400.0,True,True,6.907218559226713e-06,0.8992165242165242,0,,,61418.50895628961,95292.47421150547,True,True,post_v161_one_drop_one_add_whole_loan_swap,post-v161 one-swap pricing only; not multi-swap or global proof,E,D,2,2,3,3,1,0,2018,2018,IL,CA
v63_source_repair_return_guarded_repair,incumbent_cvar_relaxed_source_lp,144038628,126827839,1000.0,1000.0,-154.87510766035297,-175.77898463113021,20.903876970777247,995.3216222284276,842400.0,True,True,6.907218559226713e-06,0.8992165242165242,0,,,61400.282587687056,95261.11758309751,True,True,post_v161_one_drop_one_add_whole_loan_swap,post-v161 one-swap pricing only; not multi-swap or global proof,E,E,2,2,3,0,1,4,2018,2018,IL,other
v63_source_repair_return_guarded_repair,incumbent_cvar_relaxed_source_lp,144038628,126820122,1000.0,1000.0,-154.87510766035297,-201.89545162414464,47.020343963791674,1021.438089221442,842400.0,True,True,6.907218559226713e-06,0.8992165242165242,0,,,61461.80345247038,95354.53764965359,True,True,post_v161_one_drop_one_add_whole_loan_swap,post-v161 one-swap pricing only; not multi-swap or global proof,E,C,2,1,3,0,1,1,2018,2018,IL,other
v63_source_repair_return_guarded_repair,incumbent_cvar_relaxed_source_lp,144038628,126707528,1000.0,1000.0,-154.87510766035297,-226.37597165812684,71.50086399777388,1045.9186092554241,842400.0,True,True,6.907218559226713e-06,0.8992165242165242,0,,,61338.92568502654,95198.5580472988,True,True,post_v161_one_drop_one_add_whole_loan_swap,post-v161 one-swap pricing only; not multi-swap or global proof,E,E,2,3,3,1,1,0,2018,2018,IL,other
v63_source_repair_return_guarded_repair,incumbent_cvar_relaxed_source_lp,144038628,126733849,1000.0,1000.0,-154.87510766035297,-186.9469746106631,32.071866950310124,1006.4896122079605,842400.0,True,True,6.907218559226713e-06,0.8980294396961064,0,,,61533.492906457,95447.27848289754,True,True,post_v161_one_drop_one_add_whole_loan_swap,post-v161 one-swap pricing only; not multi-swap or global proof,E,B,2,0,3,4,1,3,2018,2018,IL,NJ
v63_source_repair_return_guarded_repair,incumbent_cvar_relaxed_source_lp,144038628,126652025,1000.0,1000.0,-154.87510766035297,-206.92821374328602,52.053106082933056,1026.4708513405835,842400.0,True,True,6.907218559226713e-06,0.8992165242165242,0,,,61476.49301046812,95370.80614575498,True,True,post_v161_one_drop_one_add_whole_loan_swap,post-v161 one-swap pricing only; not multi-swap or global proof,E,C,2,1,3,3,1,1,2018,2018,IL,FL
v63_source_repair_return_guarded_repair,incumbent_cvar_relaxed_source_lp,144038628,126468092,1000.0,1000.0,-154.87510766035297,-169.50590883596908,14.630801175616114,989.0485464332664,842400.0,True,True,6.907218559226713e-06,0.8980294396961064,0,,,61556.39712901438,95478.51188487027,True,True,post_v161_one_drop_one_add_whole_loan_swap,post-v161 one-swap pricing only; not multi-swap or global proof,E,B,2,0,3,1,1,2,2018,2018,IL,other
v63_source_repair_return_guarded_repair,incumbent_cvar_relaxed_source_lp,144038628,126416707,1000.0,1000.0,-154.87510766035297,-187.69320294656202,32.81809528620906,1007.2358405438595,842400.0,True,True,6.907218559226713e-06,0.8980294396961064,0,,,61532.72781178554,95446.29436466018,True,True,post_v161_one_drop_one_add_whole_loan_swap,post-v161 one-swap pricing only; not multi-swap or global proof,E,B,2,0,3,1,1,1,2018,2018,IL,CA
v63_source_repair_return_guarded_repair,incumbent_cvar_relaxed_source_lp,144038628,126419064,1000.0,1000.0,-154.87510766035297,-198.85427993768698,43.979172277334015,1018.3969175349844,842400.0,True,True,6.907218559226713e-06,0.8992165242165242,0,,,61435.19692904003,95311.86924359294,True,True,post_v161_one_drop_one_add_whole_loan_swap,post-v161 one-swap pricing only; not multi-swap or global proof,E,D,2,2,3,4,1,1,2018,2018,IL,other
v63_source_repair_return_guarded_repair,incumbent_cvar_relaxed_source_lp,144038628,126409482,1000.0,1000.0,-154.87510766035297,-223.9633297987982,69.08822213844525,1043.5059673960957,842400.0,True,True,6.907218559226713e-06,0.8992165242165242,0,,,61459.075322932345,95351.86728471618,True,True,post_v161_one_drop_one_add_whole_loan_swap,post-v161 one-swap pricing only; not multi-swap or global proof,E,C,2,2,3,2,1,3,2018,2018,IL,other
v63_source_repair_return_guarded_repair,incumbent_cvar_relaxed_source_lp,144038628,166121358,1000.0,1000.0,-154.87510766035297,-212.03423240595197,57.159124745599,1031.5768700032495,842400.0,True,True,6.907218559226713e-06,0.8992165242165242,0,,,61450.57953726438,95316.19684535995,True,True,post_v161_one_drop_one_add_whole_loan_swap,post-v161 one-swap pricing only; not multi-swap or global proof,E,C,2,2,3,3,1,0,2018,2020,IL,MD
v63_source_repair_return_guarded_repair,incumbent_cvar_relaxed_source_lp,144038628,168701788,1000.0,1000.0,-154.87510766035297,-178.5860397151734,23.710932054820432,998.1286773124708,842400.0,True,True,6.907218559226713e-06,0.8992165242165242,0,,,61454.07209072422,95321.56696960998,True,True,post_v161_one_drop_one_add_whole_loan_swap,post-v161 one-swap pricing only; not multi-swap or global proof,E,C,2,1,3,3,1,1,2018,2020,IL,TX
v63_source_repair_return_guarded_repair,incumbent_cvar_relaxed_source_lp,144038628,169887690,1000.0,1000.0,-154.87510766035297,-221.11264407259083,66.23753641223786,1040.6552816698882,842400.0,True,True,6.907218559226713e-06,0.8992165242165242,0,,,61468.730225163454,95362.81755510933,True,True,post_v161_one_drop_one_add_whole_loan_swap,post-v161 one-swap pricing only; not multi-swap or global proof,E,B,2,1,3,0,1,3,2018,2020,IL,other
v63_source_repair_return_guarded_repair,incumbent_cvar_relaxed_source_lp,144038628,169358871,1000.0,1000.0,-154.87510766035297,-177.86634212741987,22.991234467066903,997.4089797247173,842400.0,True,True,6.907218559226713e-06,0.8992165242165242,0,,,61463.84310805696,95309.14193457016,True,True,post_v161_one_drop_one_add_whole_loan_swap,post-v161 one-swap pricing only; not multi-swap or global proof,E,C,2,1,3,3,1,0,2018,2020,IL,VA
v63_source_repair_return_guarded_repair,incumbent_cvar_relaxed_source_lp,144038628,139506195,1000.0,1000.0,-154.87510766035297,-177.67809625327766,22.80298859292469,997.220733850575,842400.0,True,True,6.907218559226713e-06,0.8992165242165242,0,,,61438.008428005545,95255.36030944971,True,True,post_v161_one_drop_one_add_whole_loan_swap,post-v161 one-swap pricing only; not multi-swap or global proof,E,D,2,2,3,2,1,0,2018,2018,IL,CA
v63_source_repair_return_guarded_repair,incumbent_cvar_relaxed_source_lp,144038628,156823754,1000.0,1000.0,-154.87510766035297,-183.46022770133698,28.58512004098401,1003.0028652986343,842400.0,True,True,6.907218559226713e-06,0.8992165242165242,0,,,61435.610208906146,95234.45554606905,True,True,post_v161_one_drop_one_add_whole_loan_swap,post-v161 one-swap pricing only; not multi-swap or global proof,E,D,2,2,3,3,1,1,2018,2019,IL,CA
v63_source_repair_return_guarded_repair,incumbent_cvar_relaxed_source_lp,144038628,156807668,1000.0,1000.0,-154.87510766035297,-175.85010442413147,20.974996763778506,995.3927420214288,842400.0,True,True,6.907218559226713e-06,0.8992165242165242,0,,,61463.04370326485,95262.73190644672,True,True,post_v161_one_drop_one_add_whole_loan_swap,post-v161 one-swap pricing only; not multi-swap or global proof,E,D,2,2,3,0,1,0,2018,2019,IL,TX
v63_source_repair_return_guarded_repair,incumbent_cvar_relaxed_source_lp,144038628,156707196,1000.0,1000.0,-154.87510766035297,-158.460227701337,3.5851200409840374,978.0028652986344,842400.0,True,True,6.907218559226713e-06,0.8992165242165242,0,,,61435.610208906146,95234.45554606905,True,True,post_v161_one_drop_one_add_whole_loan_swap,post-v161 one-swap pricing only; not multi-swap or global proof,E,D,2,2,3,2,1,0,2018,2019,IL,other
v63_source_repair_return_guarded_repair,incumbent_cvar_relaxed_source_lp,144187055,126620912,1500.0,1500.0,-316.3412272658926,-319.768173516142,3.4269462502493866,977.8446915078998,842400.0,True,True,6.907218559226713e-06,0.8992165242165242,0,,,61477.146355948105,95373.98910129615,True,True,post_v161_one_drop_one_add_whole_loan_swap,post-v161 one-swap pricing only; not multi-swap or global proof,C,B,1,1,4,0,2,0,2018,2018,IL,other
v63_source_repair_return_guarded_repair,incumbent_cvar_relaxed_source_lp,144187055,167713836,1500.0,1500.0,-316.3412272658926,-323.27724824243177,6.936020976539169,981.3537662341896,842400.0,True,True,6.907218559226713e-06,0.8992165242165242,0,,,61393.699025275026,95224.25415929632,True,True,post_v161_one_drop_one_add_whole_loan_swap,post-v161 one-swap pricing only; not multi-swap or global proof,C,C,1,1,4,1,2,4,2018,2020,IL,other
v63_source_repair_return_guarded_repair,incumbent_cvar_relaxed_source_lp,144016649,127011905,1500.0,1500.0,-268.05191607604837,-310.3923206149292,42.34040453888082,1016.7581497965311,842400.0,True,True,6.907218559226713e-06,0.8992165242165242,0,,,61332.78241662626,95171.78041365958,True,True,post_v161_one_drop_one_add_whole_loan_swap,post-v161 one-swap pricing only; not multi-swap or global proof,B,C,1,1,2,2,0,2,2018,2018,other,other
v63_source_repair_return_guarded_repair,incumbent_cvar_relaxed_source_lp,144016649,126620912,1500.0,1500.0,-268.05191607604837,-319.768173516142,51.716257440093614,1026.134002697744,842400.0,True,True,6.907218559226713e-06,0.8992165242165242,0,,,61385.47355672807,95246.70939145138,True,True,post_v161_one_drop_one_add_whole_loan_swap,post-v161 one-swap pricing only; not multi-swap or global proof,B,B,1,1,2,0,0,0,2018,2018,other,other
v63_source_repair_return_guarded_repair,incumbent_cvar_relaxed_source_lp,144016649,167713836,1500.0,1500.0,-268.05191607604837,-323.27724824243177,55.225332166383396,1029.643077424034,842400.0,True,True,6.907218559226713e-06,0.8992165242165242,0,,,61302.02622605501,95096.97444945156,True,True,post_v161_one_drop_one_add_whole_loan_swap,post-v161 one-swap pricing only; not multi-swap or global proof,B,C,1,1,2,1,0,4,2018,2020,other,other
v63_source_repair_return_guarded_repair,incumbent_cvar_relaxed_source_lp,144136832,127672145,1000.0,1000.0,-189.73252834202836,-196.20083323856994,6.468304896541582,980.8860501541919,842400.0,True,True,6.907218559226713e-06,0.8992165242165242,0,,,61444.34964221206,95296.80131750331,True,True,post_v161_one_drop_one_add_whole_loan_swap,post-v161 one-swap pricing only; not multi-swap or global proof,C,C,1,1,0,0,0,2,2018,2018,other,other
v63_source_repair_return_guarded_repair,incumbent_cvar_relaxed_source_lp,144136832,127475725,1000.0,1000.0,-189.73252834202836,-211.8282137432861,22.095685401257754,996.5134306589082,842400.0,True,True,6.907218559226713e-06,0.8992165242165242,0,,,61418.457161247876,95264.69929924601,True,True,post_v161_one_drop_one_add_whole_loan_swap,post-v161 one-swap pricing only; not multi-swap or global proof,C,C,1,1,0,4,0,0,2018,2018,other,AZ
v63_source_repair_return_guarded_repair,incumbent_cvar_relaxed_source_lp,144136832,127582382,1000.0,1000.0,-189.73252834202836,-205.52183833714096,15.789309995112603,990.207055252763,842400.0,True,True,6.907218559226713e-06,0.8992165242165242,0,,,61360.47310706937,95186.3673649965,True,True,post_v161_one_drop_one_add_whole_loan_swap,post-v161 one-swap pricing only; not multi-swap or global proof,C,D,1,2,0,3,0,0,2018,2018,other,CA
v63_source_repair_return_guarded_repair,incumbent_cvar_relaxed_source_lp,144136832,126820122,1000.0,1000.0,-189.73252834202836,-201.89545162414464,12.162923282116282,986.5806685397666,842400.0,True,True,6.907218559226713e-06,0.8992165242165242,0,,,61403.76760325014,95248.4308031446,True,True,post_v161_one_drop_one_add_whole_loan_swap,post-v161 one-swap pricing only; not multi-swap or global proof,C,C,1,1,0,0,0,1,2018,2018,other,other
v63_source_repair_return_guarded_repair,incumbent_cvar_relaxed_source_lp,144136832,126707528,1000.0,1000.0,-189.73252834202836,-226.37597165812684,36.643443316098484,1011.0611885737488,842400.0,True,True,6.907218559226713e-06,0.8992165242165242,0,,,61280.88983580629,95092.45120078983,True,True,post_v161_one_drop_one_add_whole_loan_swap,post-v161 one-swap pricing only; not multi-swap or global proof,C,E,1,3,0,1,0,0,2018,2018,other,other
v63_source_repair_return_guarded_repair,incumbent_cvar_relaxed_source_lp,144136832,126652025,1000.0,1000.0,-189.73252834202836,-206.92821374328602,17.195685401257663,991.6134306589081,842400.0,True,True,6.907218559226713e-06,0.8992165242165242,0,,,61418.457161247876,95264.69929924601,True,True,post_v161_one_drop_one_add_whole_loan_swap,post-v161 one-swap pricing only; not multi-swap or global proof,C,C,1,1,0,3,0,1,2018,2018,other,FL
v63_source_repair_return_guarded_repair,incumbent_cvar_relaxed_source_lp,144136832,126419064,1000.0,1000.0,-189.73252834202836,-198.85427993768698,9.121751595658623,983.539496853309,842400.0,True,True,6.907218559226713e-06,0.8992165242165242,0,,,61377.16107981978,95205.76239708393,True,True,post_v161_one_drop_one_add_whole_loan_swap,post-v161 one-swap pricing only; not multi-swap or global proof,C,D,1,2,0,4,0,1,2018,2018,other,other
v63_source_repair_return_guarded_repair,incumbent_cvar_relaxed_source_lp,144136832,126409482,1000.0,1000.0,-189.73252834202836,-223.9633297987982,34.23080145676985,1008.6485467144203,842400.0,True,True,6.907218559226713e-06,0.8992165242165242,0,,,61401.039473712095,95245.7604382072,True,True,post_v161_one_drop_one_add_whole_loan_swap,post-v161 one-swap pricing only; not multi-swap or global proof,C,C,1,2,0,2,0,3,2018,2018,other,other
v63_source_repair_return_guarded_repair,incumbent_cvar_relaxed_source_lp,144136832,166121358,1000.0,1000.0,-189.73252834202836,-212.03423240595197,22.30170406392361,996.719449321574,842400.0,True,True,6.907218559226713e-06,0.8992165242165242,0,,,61392.543688044134,95210.08999885098,True,True,post_v161_one_drop_one_add_whole_loan_swap,post-v161 one-swap pricing only; not multi-swap or global proof,C,C,1,2,0,3,0,0,2018,2020,other,MD
v63_source_repair_return_guarded_repair,incumbent_cvar_relaxed_source_lp,144136832,169887690,1000.0,1000.0,-189.73252834202836,-221.11264407259083,31.380115730562466,1005.7978609882128,842400.0,True,True,6.907218559226713e-06,0.8992165242165242,0,,,61410.6943759432,95256.71070860034,True,True,post_v161_one_drop_one_add_whole_loan_swap,post-v161 one-swap pricing only; not multi-swap or global proof,C,B,1,1,0,0,0,3,2018,2020,other,other
v63_source_repair_return_guarded_repair,incumbent_cvar_relaxed_source_lp,144132671,169005860,2000.0,2000.0,-357.0650566840566,-393.55925260534593,36.49419592128936,1010.9119411789397,842400.0,True,True,6.907218559226713e-06,0.8992165242165242,0,,,61402.20319148434,95318.52384693541,True,True,post_v161_one_drop_one_add_whole_loan_swap,post-v161 one-swap pricing only; not multi-swap or global proof,C,B,1,1,3,3,1,1,2018,2020,NC,FL
v63_source_repair_return_guarded_repair,incumbent_cvar_relaxed_source_lp,144065838,126620912,1800.0,1500.0,-313.9399153184836,-319.768173516142,5.828258197658386,980.2460034553087,842700.0,True,True,0.000310619560215053,0.8988964044143823,0,,,61482.071703862566,95396.21554604209,True,True,post_v161_one_drop_one_add_whole_loan_swap,post-v161 one-swap pricing only; not multi-swap or global proof,B,B,1,1,3,0,0,0,2018,2018,other,other
v63_source_repair_return_guarded_repair,incumbent_cvar_relaxed_source_lp,144065838,167713836,1800.0,1500.0,-313.9399153184836,-323.27724824243177,9.337332923948168,983.7550781815985,842700.0,True,True,0.000310619560215053,0.8988964044143823,0,,,61398.624373189494,95246.48060404227,True,True,post_v161_one_drop_one_add_whole_loan_swap,post-v161 one-swap pricing only; not multi-swap or global proof,B,C,1,1,3,1,0,4,2018,2020,other,other
v63_source_repair_return_guarded_repair,incumbent_cvar_relaxed_source_lp,144042880,167713836,1500.0,1500.0,-321.9267520524656,-323.27724824243177,1.3504961899661794,975.7682414476166,842400.0,True,True,6.907218559226713e-06,0.8992165242165242,0,,,61373.89830847466,95145.07870385764,True,True,post_v161_one_drop_one_add_whole_loan_swap,post-v161 one-swap pricing only; not multi-swap or global proof,B,C,1,1,1,1,2,4,2018,2020,AZ,other
v63_source_repair_return_guarded_repair,incumbent_cvar_relaxed_source_lp,143988793,126707528,1000.0,1000.0,-221.26810543170174,-226.37597165812684,5.107866226425102,979.5256114840755,842400.0,True,True,6.907218559226713e-06,0.8992165242165242,0,,,61332.48892762931,95109.10936408794,True,True,post_v161_one_drop_one_add_whole_loan_swap,post-v161 one-swap pricing only; not multi-swap or global proof,C,E,2,3,1,1,3,0,2018,2018,FL,other
v63_source_repair_return_guarded_repair,incumbent_cvar_relaxed_source_lp,143988793,126409482,1000.0,1000.0,-221.26810543170174,-223.9633297987982,2.695224367096472,977.1129696247468,842400.0,True,True,6.907218559226713e-06,0.8992165242165242,0,,,61452.63856553512,95262.41860150531,True,True,post_v161_one_drop_one_add_whole_loan_swap,post-v161 one-swap pricing only; not multi-swap or global proof,C,C,2,2,1,2,3,3,2018,2018,FL,other
v63_source_repair_return_guarded_repair,incumbent_cvar_relaxed_source_lp,143942005,127475725,1000.0,1000.0,-201.79415151059513,-211.8282137432861,10.034062232690985,984.4518074903414,842400.0,True,True,6.907218559226713e-06,0.8992165242165242,0,,,61425.165746491926,95270.49188399155,True,True,post_v161_one_drop_one_add_whole_loan_swap,post-v161 one-swap pricing only; not multi-swap or global proof,C,C,1,1,3,4,2,0,2018,2018,NY,AZ
v63_source_repair_return_guarded_repair,incumbent_cvar_relaxed_source_lp,143942005,127582382,1000.0,1000.0,-201.79415151059513,-205.52183833714096,3.7276868265458347,978.1454320841963,842400.0,True,True,6.907218559226713e-06,0.8992165242165242,0,,,61367.18169231342,95192.15994974204,True,True,post_v161_one_drop_one_add_whole_loan_swap,post-v161 one-swap pricing only; not multi-swap or global proof,C,D,1,2,3,3,2,0,2018,2018,NY,CA
v63_source_repair_return_guarded_repair,incumbent_cvar_relaxed_source_lp,143942005,126820122,1000.0,1000.0,-201.79415151059513,-201.89545162414464,0.10130011354951307,974.5190453711999,842400.0,True,True,6.907218559226713e-06,0.8992165242165242,0,,,61410.47618849419,95254.22338789013,True,True,post_v161_one_drop_one_add_whole_loan_swap,post-v161 one-swap pricing only; not multi-swap or global proof,C,C,1,1,3,0,2,1,2018,2018,NY,other
v63_source_repair_return_guarded_repair,incumbent_cvar_relaxed_source_lp,143942005,126707528,1000.0,1000.0,-201.79415151059513,-226.37597165812684,24.581820147531715,998.9995654051821,842400.0,True,True,6.907218559226713e-06,0.8992165242165242,0,,,61287.59842105032,95098.24378553536,True,True,post_v161_one_drop_one_add_whole_loan_swap,post-v161 one-swap pricing only; not multi-swap or global proof,C,E,1,3,3,1,2,0,2018,2018,NY,other
v63_source_repair_return_guarded_repair,incumbent_cvar_relaxed_source_lp,143942005,126652025,1000.0,1000.0,-201.79415151059513,-206.92821374328602,5.134062232690894,979.5518074903413,842400.0,True,True,6.907218559226713e-06,0.8992165242165242,0,,,61425.165746491926,95270.49188399155,True,True,post_v161_one_drop_one_add_whole_loan_swap,post-v161 one-swap pricing only; not multi-swap or global proof,C,C,1,1,3,3,2,1,2018,2018,NY,FL
v63_source_repair_return_guarded_repair,incumbent_cvar_relaxed_source_lp,143942005,126409482,1000.0,1000.0,-201.79415151059513,-223.9633297987982,22.169178288203085,996.5869235458534,842400.0,True,True,6.907218559226713e-06,0.8992165242165242,0,,,61407.748058956146,95251.55302295274,True,True,post_v161_one_drop_one_add_whole_loan_swap,post-v161 one-swap pricing only; not multi-swap or global proof,C,C,1,2,3,2,2,3,2018,2018,NY,other
v63_source_repair_return_guarded_repair,incumbent_cvar_relaxed_source_lp,143942005,166121358,1000.0,1000.0,-201.79415151059513,-212.03423240595197,10.24008089535684,984.6578261530072,842400.0,True,True,6.907218559226713e-06,0.8992165242165242,0,,,61399.25227328818,95215.88258359651,True,True,post_v161_one_drop_one_add_whole_loan_swap,post-v161 one-swap pricing only; not multi-swap or global proof,C,C,1,2,3,3,2,0,2018,2020,NY,MD
v63_source_repair_return_guarded_repair,incumbent_cvar_relaxed_source_lp,143942005,169887690,1000.0,1000.0,-201.79415151059513,-221.11264407259083,19.318492561995697,993.736237819646,842400.0,True,True,6.907218559226713e-06,0.8992165242165242,0,,,61417.402961187254,95262.50329334586,True,True,post_v161_one_drop_one_add_whole_loan_swap,post-v161 one-swap pricing only; not multi-swap or global proof,C,B,1,1,3,0,2,3,2018,2020,NY,other
v63_source_repair_return_guarded_repair,incumbent_cvar_relaxed_source_lp,143873022,127475725,1000.0,1000.0,-206.51598895319688,-211.8282137432861,5.312224790089232,979.7299700477396,842400.0,True,True,6.907218559226713e-06,0.8992165242165242,0,,,61403.65053808809,95216.83851601256,True,True,post_v161_one_drop_one_add_whole_loan_swap,post-v161 one-swap pricing only; not multi-swap or global proof,B,C,1,1,2,4,4,0,2018,2018,CA,AZ
v63_source_repair_return_guarded_repair,incumbent_cvar_relaxed_source_lp,143873022,126707528,1000.0,1000.0,-206.51598895319688,-226.37597165812684,19.859982704929962,994.2777279625803,842400.0,True,True,6.907218559226713e-06,0.8992165242165242,0,,,61266.083212646496,95044.59041755638,True,True,post_v161_one_drop_one_add_whole_loan_swap,post-v161 one-swap pricing only; not multi-swap or global proof,B,E,1,3,2,1,4,0,2018,2018,CA,other
v63_source_repair_return_guarded_repair,incumbent_cvar_relaxed_source_lp,143873022,126652025,1000.0,1000.0,-206.51598895319688,-206.92821374328602,0.4122247900891409,974.8299700477395,842400.0,True,True,6.907218559226713e-06,0.8992165242165242,0,,,61403.65053808809,95216.83851601256,True,True,post_v161_one_drop_one_add_whole_loan_swap,post-v161 one-swap pricing only; not multi-swap or global proof,B,C,1,1,2,3,4,1,2018,2018,CA,FL
v63_source_repair_return_guarded_repair,incumbent_cvar_relaxed_source_lp,143873022,126409482,1000.0,1000.0,-206.51598895319688,-223.9633297987982,17.44734084560133,991.8650861032518,842400.0,True,True,6.907218559226713e-06,0.8992165242165242,0,,,61386.23285055232,95197.89965497375,True,True,post_v161_one_drop_one_add_whole_loan_swap,post-v161 one-swap pricing only; not multi-swap or global proof,B,C,1,2,2,2,4,3,2018,2018,CA,other
v63_source_repair_return_guarded_repair,incumbent_cvar_relaxed_source_lp,143873022,166121358,1000.0,1000.0,-206.51598895319688,-212.03423240595197,5.518243452755087,979.9359887104055,842400.0,True,True,6.907218559226713e-06,0.8992165242165242,0,,,61377.73706488434,95162.22921561751,True,True,post_v161_one_drop_one_add_whole_loan_swap,post-v161 one-swap pricing only; not multi-swap or global proof,B,C,1,2,2,3,4,0,2018,2020,CA,MD
v63_source_repair_return_guarded_repair,incumbent_cvar_relaxed_source_lp,143873022,169887690,1000.0,1000.0,-206.51598895319688,-221.11264407259083,14.596655119393944,989.0144003770444,842400.0,True,True,6.907218559226713e-06,0.8992165242165242,0,,,61395.88775278341,95208.8499253669,True,True,post_v161_one_drop_one_add_whole_loan_swap,post-v161 one-swap pricing only; not multi-swap or global proof,B,B,1,1,2,0,4,3,2018,2020,CA,other
v63_source_repair_return_guarded_repair,incumbent_cvar_relaxed_source_lp,142830014,126483031,1200.0,1200.0,-189.4715102152384,-200.480236756332,11.008726541093608,985.4264717987439,842400.0,True,True,6.907218559226713e-06,0.8992165242165242,0,,,61455.585407676874,95320.9502103309,True,True,post_v161_one_drop_one_add_whole_loan_swap,post-v161 one-swap pricing only; not multi-swap or global proof,B,B,0,0,1,2,0,0,2018,2018,IL,FL
v63_source_repair_return_guarded_repair,incumbent_cvar_relaxed_source_lp,143858157,127874931,1100.0,1000.0,-168.6715367259671,-186.9469746106631,18.275437884696004,992.6931831423464,842500.0,True,True,0.00010816869840624133,0.8992284866468843,0,,,61416.2558104253,95260.1151279347,True,True,post_v161_one_drop_one_add_whole_loan_swap,post-v161 one-swap pricing only; not multi-swap or global proof,B,B,0,0,1,0,0,0,2018,2018,other,MN
v63_source_repair_return_guarded_repair,incumbent_cvar_relaxed_source_lp,143858157,126733849,1100.0,1000.0,-168.6715367259671,-186.9469746106631,18.275437884696004,992.6931831423464,842500.0,True,True,0.00010816869840624133,0.8992284866468843,0,,,61416.2558104253,95260.1151279347,True,True,post_v161_one_drop_one_add_whole_loan_swap,post-v161 one-swap pricing only; not multi-swap or global proof,B,B,0,0,1,4,0,3,2018,2018,other,NJ
v63_source_repair_return_guarded_repair,incumbent_cvar_relaxed_source_lp,143858157,126468092,1100.0,1000.0,-168.6715367259671,-169.50590883596908,0.8343721100019934,975.2521173676523,842500.0,True,True,0.00010816869840624133,0.8992284866468843,0,,,61439.16003298269,95291.34852990741,True,True,post_v161_one_drop_one_add_whole_loan_swap,post-v161 one-swap pricing only; not multi-swap or global proof,B,B,0,0,1,1,0,2,2018,2018,other,other
v63_source_repair_return_guarded_repair,incumbent_cvar_relaxed_source_lp,143858157,126416707,1100.0,1000.0,-168.6715367259671,-187.69320294656202,19.021666220594938,993.4394114782453,842500.0,True,True,0.00010816869840624133,0.8992284866468843,0,,,61415.490715753855,95259.13100969732,True,True,post_v161_one_drop_one_add_whole_loan_swap,post-v161 one-swap pricing only; not multi-swap or global proof,B,B,0,0,1,1,0,1,2018,2018,other,CA
v63_source_repair_return_guarded_repair,incumbent_cvar_relaxed_source_lp,143560146,126707528,1000.0,1000.0,-221.26810543170174,-226.37597165812684,5.107866226425102,979.5256114840755,842400.0,True,True,6.907218559226713e-06,0.8992165242165242,0,,,61332.48892762931,95109.10936408794,True,True,post_v161_one_drop_one_add_whole_loan_swap,post-v161 one-swap pricing only; not multi-swap or global proof,C,E,2,3,1,1,3,0,2018,2018,NY,other
v63_source_repair_return_guarded_repair,incumbent_cvar_relaxed_source_lp,143560146,126409482,1000.0,1000.0,-221.26810543170174,-223.9633297987982,2.695224367096472,977.1129696247468,842400.0,True,True,6.907218559226713e-06,0.8992165242165242,0,,,61452.63856553512,95262.41860150531,True,True,post_v161_one_drop_one_add_whole_loan_swap,post-v161 one-swap pricing only; not multi-swap or global proof,C,C,2,2,1,2,3,3,2018,2018,NY,other
v63_source_repair_return_guarded_repair,incumbent_cvar_relaxed_source_lp,143778416,126707528,1025.0,1000.0,-222.8729503438368,-226.37597165812684,3.503021314290038,977.9207665719405,842425.0,True,True,3.222484231535372e-05,0.8991898388580586,0,,,61285.61137838501,95057.55349952345,True,True,post_v161_one_drop_one_add_whole_loan_swap,post-v161 one-swap pricing only; not multi-swap or global proof,B,E,1,3,0,1,3,0,2018,2018,other,other
v63_source_repair_return_guarded_repair,incumbent_cvar_relaxed_source_lp,143778416,126409482,1025.0,1000.0,-222.8729503438368,-223.9633297987982,1.0903794549614076,975.5081247126118,842425.0,True,True,3.222484231535372e-05,0.8991898388580586,0,,,61405.761016290824,95210.86273694082,True,True,post_v161_one_drop_one_add_whole_loan_swap,post-v161 one-swap pricing only; not multi-swap or global proof,B,C,1,2,0,2,3,3,2018,2018,other,other
v63_source_repair_return_guarded_repair,incumbent_cvar_relaxed_source_lp,143738130,127695160,2000.0,1500.0,-234.68765251493338,-235.90029594541494,1.2126434304815632,975.6303886881319,842900.0,True,True,0.0005129743485339233,0.8992763079843398,0,,,61501.28162663465,95418.47633827689,True,True,post_v161_one_drop_one_add_whole_loan_swap,post-v161 one-swap pricing only; not multi-swap or global proof,B,B,0,0,3,2,0,1,2018,2018,other,TX
v63_source_repair_return_guarded_repair,incumbent_cvar_relaxed_source_lp,143738130,127676286,2000.0,1700.0,-234.68765251493338,-284.013668738137,49.32601622320365,1023.743761480854,842700.0,True,True,0.000310619560215053,0.899252402990388,0,,,61449.86923003222,95346.25503672996,True,True,post_v161_one_drop_one_add_whole_loan_swap,post-v161 one-swap pricing only; not multi-swap or global proof,B,B,0,0,3,4,0,1,2018,2018,other,NV
v63_source_repair_return_guarded_repair,incumbent_cvar_relaxed_source_lp,143738130,127281432,2000.0,2000.0,-234.68765251493338,-271.1059581396894,36.418305624756016,1010.8360508824064,842400.0,True,True,6.907218559226713e-06,0.8992165242165242,0,,,61417.271369888076,95300.46335918066,True,True,post_v161_one_drop_one_add_whole_loan_swap,post-v161 one-swap pricing only; not multi-swap or global proof,B,B,0,0,3,4,0,0,2018,2018,other,other
v63_source_repair_return_guarded_repair,incumbent_cvar_relaxed_source_lp,143738130,126760355,2000.0,1500.0,-234.68765251493338,-250.40002765814089,15.71237514320751,990.1301204008579,842900.0,True,True,0.0005129743485339233,0.8992763079843398,0,,,61501.48693515826,95418.76474437682,True,True,post_v161_one_drop_one_add_whole_loan_swap,post-v161 one-swap pricing only; not multi-swap or global proof,B,B,0,0,3,1,0,0,2018,2018,other,IL
v63_source_repair_return_guarded_repair,incumbent_cvar_relaxed_source_lp,143738130,126430923,2000.0,1500.0,-234.68765251493338,-243.25029594541493,8.562643430481558,982.9803886881319,842900.0,True,True,0.0005129743485339233,0.8992763079843398,0,,,61501.28162663465,95418.47633827689,True,True,post_v161_one_drop_one_add_whole_loan_swap,post-v161 one-swap pricing only; not multi-swap or global proof,B,B,0,0,3,3,0,0,2018,2018,other,other
v63_source_repair_return_guarded_repair,incumbent_cvar_relaxed_source_lp,143665074,127874931,1000.0,1000.0,-186.8834468242459,-186.9469746106631,0.0635277864171826,974.4812730440676,842400.0,True,True,6.907218559226713e-06,0.8980294396961064,0,,,61531.482947033204,95422.92341162465,True,True,post_v161_one_drop_one_add_whole_loan_swap,post-v161 one-swap pricing only; not multi-swap or global proof,D,B,2,0,2,0,0,0,2018,2018,WA,MN
v63_source_repair_return_guarded_repair,incumbent_cvar_relaxed_source_lp,143665074,127672145,1000.0,1000.0,-186.8834468242459,-196.20083323856994,9.317386414324034,983.7351316719744,842400.0,True,True,6.907218559226713e-06,0.8992165242165242,0,,,61500.375532008526,95378.55309273937,True,True,post_v161_one_drop_one_add_whole_loan_swap,post-v161 one-swap pricing only; not multi-swap or global proof,D,C,2,1,2,0,0,2,2018,2018,WA,other
v63_source_repair_return_guarded_repair,incumbent_cvar_relaxed_source_lp,143665074,127475725,1000.0,1000.0,-186.8834468242459,-211.8282137432861,24.944766919040205,999.3625121766906,842400.0,True,True,6.907218559226713e-06,0.8992165242165242,0,,,61474.48305104435,95346.45107448207,True,True,post_v161_one_drop_one_add_whole_loan_swap,post-v161 one-swap pricing only; not multi-swap or global proof,D,C,2,1,2,4,0,0,2018,2018,WA,AZ
v63_source_repair_return_guarded_repair,incumbent_cvar_relaxed_source_lp,143665074,127582382,1000.0,1000.0,-186.8834468242459,-205.52183833714096,18.638391512895055,993.0561367705454,842400.0,True,True,6.907218559226713e-06,0.8992165242165242,0,,,61416.49899686584,95268.11914023255,True,True,post_v161_one_drop_one_add_whole_loan_swap,post-v161 one-swap pricing only; not multi-swap or global proof,D,D,2,2,2,3,0,0,2018,2018,WA,CA
v63_source_repair_return_guarded_repair,incumbent_cvar_relaxed_source_lp,143665074,126820122,1000.0,1000.0,-186.8834468242459,-201.89545162414464,15.012004799898733,989.4297500575491,842400.0,True,True,6.907218559226713e-06,0.8992165242165242,0,,,61459.7934930466,95330.18257838066,True,True,post_v161_one_drop_one_add_whole_loan_swap,post-v161 one-swap pricing only; not multi-swap or global proof,D,C,2,1,2,0,0,1,2018,2018,WA,other
v63_source_repair_return_guarded_repair,incumbent_cvar_relaxed_source_lp,143665074,126707528,1000.0,1000.0,-186.8834468242459,-226.37597165812684,39.492524833880935,1013.9102700915313,842400.0,True,True,6.907218559226713e-06,0.8992165242165242,0,,,61336.915725602754,95174.20297602589,True,True,post_v161_one_drop_one_add_whole_loan_swap,post-v161 one-swap pricing only; not multi-swap or global proof,D,E,2,3,2,1,0,0,2018,2018,WA,other
v63_source_repair_return_guarded_repair,incumbent_cvar_relaxed_source_lp,143665074,126733849,1000.0,1000.0,-186.8834468242459,-186.9469746106631,0.0635277864171826,974.4812730440676,842400.0,True,True,6.907218559226713e-06,0.8980294396961064,0,,,61531.482947033204,95422.92341162465,True,True,post_v161_one_drop_one_add_whole_loan_swap,post-v161 one-swap pricing only; not multi-swap or global proof,D,B,2,0,2,4,0,3,2018,2018,WA,NJ
v63_source_repair_return_guarded_repair,incumbent_cvar_relaxed_source_lp,143665074,126652025,1000.0,1000.0,-186.8834468242459,-206.92821374328602,20.044766919040114,994.4625121766906,842400.0,True,True,6.907218559226713e-06,0.8992165242165242,0,,,61474.48305104435,95346.45107448207,True,True,post_v161_one_drop_one_add_whole_loan_swap,post-v161 one-swap pricing only; not multi-swap or global proof,D,C,2,1,2,3,0,1,2018,2018,WA,FL
v63_source_repair_return_guarded_repair,incumbent_cvar_relaxed_source_lp,143665074,126416707,1000.0,1000.0,-186.8834468242459,-187.69320294656202,0.8097561223161165,975.2275013799665,842400.0,True,True,6.907218559226713e-06,0.8980294396961064,0,,,61530.71785236176,95421.93929338726,True,True,post_v161_one_drop_one_add_whole_loan_swap,post-v161 one-swap pricing only; not multi-swap or global proof,D,B,2,0,2,1,0,1,2018,2018,WA,CA
v63_source_repair_return_guarded_repair,incumbent_cvar_relaxed_source_lp,143665074,126419064,1000.0,1000.0,-186.8834468242459,-198.85427993768698,11.970833113441074,986.3885783710914,842400.0,True,True,6.907218559226713e-06,0.8992165242165242,0,,,61433.18696961625,95287.51417232,True,True,post_v161_one_drop_one_add_whole_loan_swap,post-v161 one-swap pricing only; not multi-swap or global proof,D,D,2,2,2,4,0,1,2018,2018,WA,other
v63_source_repair_return_guarded_repair,incumbent_cvar_relaxed_source_lp,143665074,126409482,1000.0,1000.0,-186.8834468242459,-223.9633297987982,37.079882974552305,1011.4976282322027,842400.0,True,True,6.907218559226713e-06,0.8992165242165242,0,,,61457.06536350857,95327.51221344325,True,True,post_v161_one_drop_one_add_whole_loan_swap,post-v161 one-swap pricing only; not multi-swap or global proof,D,C,2,2,2,2,0,3,2018,2018,WA,other
v63_source_repair_return_guarded_repair,incumbent_cvar_relaxed_source_lp,143665074,166121358,1000.0,1000.0,-186.8834468242459,-212.03423240595197,25.15078558170606,999.5685308393564,842400.0,True,True,6.907218559226713e-06,0.8992165242165242,0,,,61448.5695778406,95291.84177408702,True,True,post_v161_one_drop_one_add_whole_loan_swap,post-v161 one-swap pricing only; not multi-swap or global proof,D,C,2,2,2,3,0,0,2018,2020,WA,MD
v63_source_repair_return_guarded_repair,incumbent_cvar_relaxed_source_lp,143665074,169887690,1000.0,1000.0,-186.8834468242459,-221.11264407259083,34.22919724834492,1008.6469425059953,842400.0,True,True,6.907218559226713e-06,0.8992165242165242,0,,,61466.72026573967,95338.46248383643,True,True,post_v161_one_drop_one_add_whole_loan_swap,post-v161 one-swap pricing only; not multi-swap or global proof,D,B,2,1,2,0,0,3,2018,2020,WA,other
v63_source_repair_return_guarded_repair,incumbent_cvar_relaxed_source_lp,143574491,168803640,1500.0,1500.0,-19.952608974833005,-30.498264963412808,10.545655988579803,984.9634012462302,842400.0,True,True,6.907218559226713e-06,0.8992165242165242,0,,,61384.95975465696,95157.88270437412,True,True,post_v161_one_drop_one_add_whole_loan_swap,post-v161 one-swap pricing only; not multi-swap or global proof,A,A,1,1,3,3,1,3,2018,2020,WA,IL
v63_source_repair_return_guarded_repair,incumbent_cvar_relaxed_source_lp,143524090,127011905,1500.0,1500.0,-273.9019160760482,-310.3923206149292,36.490404538880966,1010.9081497965313,842400.0,True,True,6.907218559226713e-06,0.8992165242165242,0,,,61332.78241662626,95171.78041365958,True,True,post_v161_one_drop_one_add_whole_loan_swap,post-v161 one-swap pricing only; not multi-swap or global proof,B,C,1,1,3,2,2,2,2018,2018,VA,other
v63_source_repair_return_guarded_repair,incumbent_cvar_relaxed_source_lp,143524090,126620912,1500.0,1500.0,-273.9019160760482,-319.768173516142,45.86625744009376,1020.2840026977442,842400.0,True,True,6.907218559226713e-06,0.8992165242165242,0,,,61385.47355672807,95246.70939145138,True,True,post_v161_one_drop_one_add_whole_loan_swap,post-v161 one-swap pricing only; not multi-swap or global proof,B,B,1,1,3,0,2,0,2018,2018,VA,other
v63_source_repair_return_guarded_repair,incumbent_cvar_relaxed_source_lp,143524090,167713836,1500.0,1500.0,-273.9019160760482,-323.27724824243177,49.375332166383544,1023.793077424034,842400.0,True,True,6.907218559226713e-06,0.8992165242165242,0,,,61302.02622605501,95096.97444945156,True,True,post_v161_one_drop_one_add_whole_loan_swap,post-v161 one-swap pricing only; not multi-swap or global proof,B,C,1,1,3,1,2,4,2018,2020,VA,other
v63_source_repair_return_guarded_repair,incumbent_cvar_relaxed_source_lp,143270876,127475725,1000.0,1000.0,-206.68655033930824,-211.8282137432861,5.141663403977873,979.5594086616283,842400.0,True,True,6.907218559226713e-06,0.8992165242165242,0,,,61548.94650205845,95433.09486930598,True,True,post_v161_one_drop_one_add_whole_loan_swap,post-v161 one-swap pricing only; not multi-swap or global proof,E,C,3,1,1,4,2,0,2018,2018,other,AZ
v63_source_repair_return_guarded_repair,incumbent_cvar_relaxed_source_lp,143270876,126707528,1000.0,1000.0,-206.68655033930824,-226.37597165812684,19.689421318818603,994.107166576469,842400.0,True,True,6.907218559226713e-06,0.8992165242165242,0,,,61411.37917661685,95260.84677084976,True,True,post_v161_one_drop_one_add_whole_loan_swap,post-v161 one-swap pricing only; not multi-swap or global proof,E,E,3,3,1,1,2,0,2018,2018,other,other
v63_source_repair_return_guarded_repair,incumbent_cvar_relaxed_source_lp,143270876,126652025,1000.0,1000.0,-206.68655033930824,-206.92821374328602,0.24166340397778185,974.6594086616282,842400.0,True,True,6.907218559226713e-06,0.8992165242165242,0,,,61548.94650205845,95433.09486930598,True,True,post_v161_one_drop_one_add_whole_loan_swap,post-v161 one-swap pricing only; not multi-swap or global proof,E,C,3,1,1,3,2,1,2018,2018,other,FL
v63_source_repair_return_guarded_repair,incumbent_cvar_relaxed_source_lp,143270876,126409482,1000.0,1000.0,-206.68655033930824,-223.9633297987982,17.276779459489973,991.6945247171403,842400.0,True,True,6.907218559226713e-06,0.8992165242165242,0,,,61531.52881452267,95414.15600826715,True,True,post_v161_one_drop_one_add_whole_loan_swap,post-v161 one-swap pricing only; not multi-swap or global proof,E,C,3,2,1,2,2,3,2018,2018,other,other
v63_source_repair_return_guarded_repair,incumbent_cvar_relaxed_source_lp,143270876,166121358,1000.0,1000.0,-206.68655033930824,-212.03423240595197,5.347682066643728,979.7654273242941,842400.0,True,True,6.907218559226713e-06,0.8992165242165242,0,,,61523.0330288547,95378.48556891091,True,True,post_v161_one_drop_one_add_whole_loan_swap,post-v161 one-swap pricing only; not multi-swap or global proof,E,C,3,2,1,3,2,0,2018,2020,other,MD
v63_source_repair_return_guarded_repair,incumbent_cvar_relaxed_source_lp,143270876,169887690,1000.0,1000.0,-206.68655033930824,-221.11264407259083,14.426093733282585,988.8438389909329,842400.0,True,True,6.907218559226713e-06,0.8992165242165242,0,,,61541.183716753774,95425.1062786603,True,True,post_v161_one_drop_one_add_whole_loan_swap,post-v161 one-swap pricing only; not multi-swap or global proof,E,B,3,1,1,0,2,3,2018,2020,other,other
v63_source_repair_return_guarded_repair,incumbent_cvar_relaxed_source_lp,143384974,127874931,1000.0,1000.0,-169.12746621153562,-186.9469746106631,17.81950839912747,992.2372536567779,842400.0,True,True,6.907218559226713e-06,0.8980294396961064,0,,,61454.39550796165,95316.90976850869,True,True,post_v161_one_drop_one_add_whole_loan_swap,post-v161 one-swap pricing only; not multi-swap or global proof,C,B,1,0,1,0,0,0,2018,2018,NY,MN
v63_source_repair_return_guarded_repair,incumbent_cvar_relaxed_source_lp,143384974,127672145,1000.0,1000.0,-169.12746621153562,-196.20083323856994,27.073367027034323,1001.4911122846847,842400.0,True,True,6.907218559226713e-06,0.8992165242165242,0,,,61423.28809293696,95272.53944962342,True,True,post_v161_one_drop_one_add_whole_loan_swap,post-v161 one-swap pricing only; not multi-swap or global proof,C,C,1,1,1,0,0,2,2018,2018,NY,other
v63_source_repair_return_guarded_repair,incumbent_cvar_relaxed_source_lp,143384974,127475725,1000.0,1000.0,-169.12746621153562,-211.8282137432861,42.700747531750494,1017.1184927894009,842400.0,True,True,6.907218559226713e-06,0.8992165242165242,0,,,61397.39561197278,95240.43743136615,True,True,post_v161_one_drop_one_add_whole_loan_swap,post-v161 one-swap pricing only; not multi-swap or global proof,C,C,1,1,1,4,0,0,2018,2018,NY,AZ
v63_source_repair_return_guarded_repair,incumbent_cvar_relaxed_source_lp,143384974,127582382,1000.0,1000.0,-169.12746621153562,-205.52183833714096,36.394372125605344,1010.8121173832558,842400.0,True,True,6.907218559226713e-06,0.8992165242165242,0,,,61339.41155779427,95162.1054971166,True,True,post_v161_one_drop_one_add_whole_loan_swap,post-v161 one-swap pricing only; not multi-swap or global proof,C,D,1,2,1,3,0,0,2018,2018,NY,CA
v63_source_repair_return_guarded_repair,incumbent_cvar_relaxed_source_lp,143384974,126827839,1000.0,1000.0,-169.12746621153562,-175.77898463113021,6.651518419594595,981.069263677245,842400.0,True,True,6.907218559226713e-06,0.8992165242165242,0,,,61321.18518919171,95130.74886870864,True,True,post_v161_one_drop_one_add_whole_loan_swap,post-v161 one-swap pricing only; not multi-swap or global proof,C,E,1,2,1,0,0,4,2018,2018,NY,other
v63_source_repair_return_guarded_repair,incumbent_cvar_relaxed_source_lp,143384974,126820122,1000.0,1000.0,-169.12746621153562,-201.89545162414464,32.76798541260902,1007.1857306702594,842400.0,True,True,6.907218559226713e-06,0.8992165242165242,0,,,61382.70605397504,95224.16893526471,True,True,post_v161_one_drop_one_add_whole_loan_swap,post-v161 one-swap pricing only; not multi-swap or global proof,C,C,1,1,1,0,0,1,2018,2018,NY,other
v63_source_repair_return_guarded_repair,incumbent_cvar_relaxed_source_lp,143384974,126707528,1000.0,1000.0,-169.12746621153562,-226.37597165812684,57.248505446591224,1031.6662507042415,842400.0,True,True,6.907218559226713e-06,0.8992165242165242,0,,,61259.828286531185,95068.18933290994,True,True,post_v161_one_drop_one_add_whole_loan_swap,post-v161 one-swap pricing only; not multi-swap or global proof,C,E,1,3,1,1,0,0,2018,2018,NY,other
v63_source_repair_return_guarded_repair,incumbent_cvar_relaxed_source_lp,143384974,126733849,1000.0,1000.0,-169.12746621153562,-186.9469746106631,17.81950839912747,992.2372536567779,842400.0,True,True,6.907218559226713e-06,0.8980294396961064,0,,,61454.39550796165,95316.90976850869,True,True,post_v161_one_drop_one_add_whole_loan_swap,post-v161 one-swap pricing only; not multi-swap or global proof,C,B,1,0,1,4,0,3,2018,2018,NY,NJ
v63_source_repair_return_guarded_repair,incumbent_cvar_relaxed_source_lp,143384974,126652025,1000.0,1000.0,-169.12746621153562,-206.92821374328602,37.8007475317504,1012.2184927894008,842400.0,True,True,6.907218559226713e-06,0.8992165242165242,0,,,61397.39561197278,95240.43743136615,True,True,post_v161_one_drop_one_add_whole_loan_swap,post-v161 one-swap pricing only; not multi-swap or global proof,C,C,1,1,1,3,0,1,2018,2018,NY,FL
v63_source_repair_return_guarded_repair,incumbent_cvar_relaxed_source_lp,143384974,126468092,1000.0,1000.0,-169.12746621153562,-169.50590883596908,0.3784426244334611,974.7961878820838,842400.0,True,True,6.907218559226713e-06,0.8980294396961064,0,,,61477.29973051905,95348.14317048139,True,True,post_v161_one_drop_one_add_whole_loan_swap,post-v161 one-swap pricing only; not multi-swap or global proof,C,B,1,0,1,1,0,2,2018,2018,NY,other
v63_source_repair_return_guarded_repair,incumbent_cvar_relaxed_source_lp,143384974,126416707,1000.0,1000.0,-169.12746621153562,-187.69320294656202,18.565736735026405,992.9834819926768,842400.0,True,True,6.907218559226713e-06,0.8980294396961064,0,,,61453.6304132902,95315.92565027133,True,True,post_v161_one_drop_one_add_whole_loan_swap,post-v161 one-swap pricing only; not multi-swap or global proof,C,B,1,0,1,1,0,1,2018,2018,NY,CA
v63_source_repair_return_guarded_repair,incumbent_cvar_relaxed_source_lp,143384974,126419064,1000.0,1000.0,-169.12746621153562,-198.85427993768698,29.726813726151363,1004.1445589838017,842400.0,True,True,6.907218559226713e-06,0.8992165242165242,0,,,61356.099530544685,95181.50052920406,True,True,post_v161_one_drop_one_add_whole_loan_swap,post-v161 one-swap pricing only; not multi-swap or global proof,C,D,1,2,1,4,0,1,2018,2018,NY,other
v63_source_repair_return_guarded_repair,incumbent_cvar_relaxed_source_lp,143384974,126409482,1000.0,1000.0,-169.12746621153562,-223.9633297987982,54.835863587262594,1029.253608844913,842400.0,True,True,6.907218559226713e-06,0.8992165242165242,0,,,61379.97792443701,95221.49857032731,True,True,post_v161_one_drop_one_add_whole_loan_swap,post-v161 one-swap pricing only; not multi-swap or global proof,C,C,1,2,1,2,0,3,2018,2018,NY,other
v63_source_repair_return_guarded_repair,incumbent_cvar_relaxed_source_lp,143384974,166121358,1000.0,1000.0,-169.12746621153562,-212.03423240595197,42.90676619441635,1017.3245114520668,842400.0,True,True,6.907218559226713e-06,0.8992165242165242,0,,,61371.48213876903,95185.82813097109,True,True,post_v161_one_drop_one_add_whole_loan_swap,post-v161 one-swap pricing only; not multi-swap or global proof,C,C,1,2,1,3,0,0,2018,2020,NY,MD
v63_source_repair_return_guarded_repair,incumbent_cvar_relaxed_source_lp,143384974,168701788,1000.0,1000.0,-169.12746621153562,-178.5860397151734,9.45857350363778,983.8763187612882,842400.0,True,True,6.907218559226713e-06,0.8992165242165242,0,,,61374.974692228876,95191.19825522111,True,True,post_v161_one_drop_one_add_whole_loan_swap,post-v161 one-swap pricing only; not multi-swap or global proof,C,C,1,1,1,3,0,1,2018,2020,NY,TX
v63_source_repair_return_guarded_repair,incumbent_cvar_relaxed_source_lp,143384974,169887690,1000.0,1000.0,-169.12746621153562,-221.11264407259083,51.985177861055206,1026.4029231187055,842400.0,True,True,6.907218559226713e-06,0.8992165242165242,0,,,61389.63282666811,95232.44884072043,True,True,post_v161_one_drop_one_add_whole_loan_swap,post-v161 one-swap pricing only; not multi-swap or global proof,C,B,1,1,1,0,0,3,2018,2020,NY,other
v63_source_repair_return_guarded_repair,incumbent_cvar_relaxed_source_lp,143384974,169358871,1000.0,1000.0,-169.12746621153562,-177.86634212741987,8.73887591588425,983.1566211735346,842400.0,True,True,6.907218559226713e-06,0.8992165242165242,0,,,61384.74570956161,95178.77322018126,True,True,post_v161_one_drop_one_add_whole_loan_swap,post-v161 one-swap pricing only; not multi-swap or global proof,C,C,1,1,1,3,0,0,2018,2020,NY,VA
v63_source_repair_return_guarded_repair,incumbent_cvar_relaxed_source_lp,143384974,139506195,1000.0,1000.0,-169.12746621153562,-177.67809625327766,8.550630041742039,982.9683752993924,842400.0,True,True,6.907218559226713e-06,0.8992165242165242,0,,,61358.9110295102,95124.99159506083,True,True,post_v161_one_drop_one_add_whole_loan_swap,post-v161 one-swap pricing only; not multi-swap or global proof,C,D,1,2,1,2,0,0,2018,2018,NY,CA
v63_source_repair_return_guarded_repair,incumbent_cvar_relaxed_source_lp,143384974,156823754,1000.0,1000.0,-169.12746621153562,-183.46022770133698,14.332761489801356,988.7505067474517,842400.0,True,True,6.907218559226713e-06,0.8992165242165242,0,,,61356.5128104108,95104.08683168018,True,True,post_v161_one_drop_one_add_whole_loan_swap,post-v161 one-swap pricing only; not multi-swap or global proof,C,D,1,2,1,3,0,1,2018,2019,NY,CA
v63_source_repair_return_guarded_repair,incumbent_cvar_relaxed_source_lp,143384974,156807668,1000.0,1000.0,-169.12746621153562,-175.85010442413147,6.722638212595854,981.1403834702462,842400.0,True,True,6.907218559226713e-06,0.8992165242165242,0,,,61383.9463047695,95132.36319205785,True,True,post_v161_one_drop_one_add_whole_loan_swap,post-v161 one-swap pricing only; not multi-swap or global proof,C,D,1,2,1,0,0,0,2018,2019,NY,TX
v63_source_repair_return_guarded_repair,incumbent_cvar_relaxed_source_lp,143298636,127874931,1000.0,1000.0,-170.8325283420283,-186.9469746106631,16.114446268634794,990.5321915262851,842400.0,True,True,6.907218559226713e-06,0.8980294396961064,0,,,61475.45705723675,95341.17163638858,True,True,post_v161_one_drop_one_add_whole_loan_swap,post-v161 one-swap pricing only; not multi-swap or global proof,C,B,1,0,1,0,2,0,2018,2018,other,MN
v63_source_repair_return_guarded_repair,incumbent_cvar_relaxed_source_lp,143298636,127672145,1000.0,1000.0,-170.8325283420283,-196.20083323856994,25.368304896541645,999.786050154192,842400.0,True,True,6.907218559226713e-06,0.8992165242165242,0,,,61444.34964221206,95296.80131750331,True,True,post_v161_one_drop_one_add_whole_loan_swap,post-v161 one-swap pricing only; not multi-swap or global proof,C,C,1,1,1,0,2,2,2018,2018,other,other
v63_source_repair_return_guarded_repair,incumbent_cvar_relaxed_source_lp,143298636,127475725,1000.0,1000.0,-170.8325283420283,-211.8282137432861,40.995685401257816,1015.4134306589082,842400.0,True,True,6.907218559226713e-06,0.8992165242165242,0,,,61418.457161247876,95264.69929924601,True,True,post_v161_one_drop_one_add_whole_loan_swap,post-v161 one-swap pricing only; not multi-swap or global proof,C,C,1,1,1,4,2,0,2018,2018,other,AZ
v63_source_repair_return_guarded_repair,incumbent_cvar_relaxed_source_lp,143298636,127582382,1000.0,1000.0,-170.8325283420283,-205.52183833714096,34.689309995112666,1009.1070552527631,842400.0,True,True,6.907218559226713e-06,0.8992165242165242,0,,,61360.47310706937,95186.3673649965,True,True,post_v161_one_drop_one_add_whole_loan_swap,post-v161 one-swap pricing only; not multi-swap or global proof,C,D,1,2,1,3,2,0,2018,2018,other,CA
v63_source_repair_return_guarded_repair,incumbent_cvar_relaxed_source_lp,143298636,126827839,1000.0,1000.0,-170.8325283420283,-175.77898463113021,4.946456289101917,979.3642015467523,842400.0,True,True,6.907218559226713e-06,0.8992165242165242,0,,,61342.2467384668,95155.01073658853,True,True,post_v161_one_drop_one_add_whole_loan_swap,post-v161 one-swap pricing only; not multi-swap or global proof,C,E,1,2,1,0,2,4,2018,2018,other,other
v63_source_repair_return_guarded_repair,incumbent_cvar_relaxed_source_lp,143298636,126820122,1000.0,1000.0,-170.8325283420283,-201.89545162414464,31.062923282116344,1005.4806685397667,842400.0,True,True,6.907218559226713e-06,0.8992165242165242,0,,,61403.76760325014,95248.4308031446,True,True,post_v161_one_drop_one_add_whole_loan_swap,post-v161 one-swap pricing only; not multi-swap or global proof,C,C,1,1,1,0,2,1,2018,2018,other,other
v63_source_repair_return_guarded_repair,incumbent_cvar_relaxed_source_lp,143298636,126707528,1000.0,1000.0,-170.8325283420283,-226.37597165812684,55.543443316098546,1029.961188573749,842400.0,True,True,6.907218559226713e-06,0.8992165242165242,0,,,61280.88983580629,95092.45120078983,True,True,post_v161_one_drop_one_add_whole_loan_swap,post-v161 one-swap pricing only; not multi-swap or global proof,C,E,1,3,1,1,2,0,2018,2018,other,other
v63_source_repair_return_guarded_repair,incumbent_cvar_relaxed_source_lp,143298636,126733849,1000.0,1000.0,-170.8325283420283,-186.9469746106631,16.114446268634794,990.5321915262851,842400.0,True,True,6.907218559226713e-06,0.8980294396961064,0,,,61475.45705723675,95341.17163638858,True,True,post_v161_one_drop_one_add_whole_loan_swap,post-v161 one-swap pricing only; not multi-swap or global proof,C,B,1,0,1,4,2,3,2018,2018,other,NJ
v63_source_repair_return_guarded_repair,incumbent_cvar_relaxed_source_lp,143298636,126652025,1000.0,1000.0,-170.8325283420283,-206.92821374328602,36.095685401257725,1010.5134306589081,842400.0,True,True,6.907218559226713e-06,0.8992165242165242,0,,,61418.457161247876,95264.69929924601,True,True,post_v161_one_drop_one_add_whole_loan_swap,post-v161 one-swap pricing only; not multi-swap or global proof,C,C,1,1,1,3,2,1,2018,2018,other,FL
v63_source_repair_return_guarded_repair,incumbent_cvar_relaxed_source_lp,143298636,126416707,1000.0,1000.0,-170.8325283420283,-187.69320294656202,16.860674604533727,991.2784198621841,842400.0,True,True,6.907218559226713e-06,0.8980294396961064,0,,,61474.691962565295,95340.18751815119,True,True,post_v161_one_drop_one_add_whole_loan_swap,post-v161 one-swap pricing only; not multi-swap or global proof,C,B,1,0,1,1,2,1,2018,2018,other,CA
v63_source_repair_return_guarded_repair,incumbent_cvar_relaxed_source_lp,143298636,126419064,1000.0,1000.0,-170.8325283420283,-198.85427993768698,28.021751595658685,1002.439496853309,842400.0,True,True,6.907218559226713e-06,0.8992165242165242,0,,,61377.16107981978,95205.76239708393,True,True,post_v161_one_drop_one_add_whole_loan_swap,post-v161 one-swap pricing only; not multi-swap or global proof,C,D,1,2,1,4,2,1,2018,2018,other,other
v63_source_repair_return_guarded_repair,incumbent_cvar_relaxed_source_lp,143298636,126409482,1000.0,1000.0,-170.8325283420283,-223.9633297987982,53.130801456769916,1027.5485467144204,842400.0,True,True,6.907218559226713e-06,0.8992165242165242,0,,,61401.039473712095,95245.7604382072,True,True,post_v161_one_drop_one_add_whole_loan_swap,post-v161 one-swap pricing only; not multi-swap or global proof,C,C,1,2,1,2,2,3,2018,2018,other,other
v63_source_repair_return_guarded_repair,incumbent_cvar_relaxed_source_lp,143298636,166121358,1000.0,1000.0,-170.8325283420283,-212.03423240595197,41.20170406392367,1015.619449321574,842400.0,True,True,6.907218559226713e-06,0.8992165242165242,0,,,61392.543688044134,95210.08999885098,True,True,post_v161_one_drop_one_add_whole_loan_swap,post-v161 one-swap pricing only; not multi-swap or global proof,C,C,1,2,1,3,2,0,2018,2020,other,MD
v63_source_repair_return_guarded_repair,incumbent_cvar_relaxed_source_lp,143298636,168701788,1000.0,1000.0,-170.8325283420283,-178.5860397151734,7.753511373145102,982.1712566307955,842400.0,True,True,6.907218559226713e-06,0.8992165242165242,0,,,61396.03624150397,95215.460123101,True,True,post_v161_one_drop_one_add_whole_loan_swap,post-v161 one-swap pricing only; not multi-swap or global proof,C,C,1,1,1,3,2,1,2018,2020,other,TX
v63_source_repair_return_guarded_repair,incumbent_cvar_relaxed_source_lp,143298636,169887690,1000.0,1000.0,-170.8325283420283,-221.11264407259083,50.28011573056253,1024.6978609882128,842400.0,True,True,6.907218559226713e-06,0.8992165242165242,0,,,61410.6943759432,95256.71070860034,True,True,post_v161_one_drop_one_add_whole_loan_swap,post-v161 one-swap pricing only; not multi-swap or global proof,C,B,1,1,1,0,2,3,2018,2020,other,other
v63_source_repair_return_guarded_repair,incumbent_cvar_relaxed_source_lp,143298636,169358871,1000.0,1000.0,-170.8325283420283,-177.86634212741987,7.0338137853915725,981.4515590430419,842400.0,True,True,6.907218559226713e-06,0.8992165242165242,0,,,61405.807258836714,95203.03508806115,True,True,post_v161_one_drop_one_add_whole_loan_swap,post-v161 one-swap pricing only; not multi-swap or global proof,C,C,1,1,1,3,2,0,2018,2020,other,VA
v63_source_repair_return_guarded_repair,incumbent_cvar_relaxed_source_lp,143298636,139506195,1000.0,1000.0,-170.8325283420283,-177.67809625327766,6.845567911249361,981.2633131688997,842400.0,True,True,6.907218559226713e-06,0.8992165242165242,0,,,61379.972578785295,95149.2534629407,True,True,post_v161_one_drop_one_add_whole_loan_swap,post-v161 one-swap pricing only; not multi-swap or global proof,C,D,1,2,1,2,2,0,2018,2018,other,CA
v63_source_repair_return_guarded_repair,incumbent_cvar_relaxed_source_lp,143298636,156823754,1000.0,1000.0,-170.8325283420283,-183.46022770133698,12.627699359308679,987.045444616959,842400.0,True,True,6.907218559226713e-06,0.8992165242165242,0,,,61377.574359685896,95128.34869956007,True,True,post_v161_one_drop_one_add_whole_loan_swap,post-v161 one-swap pricing only; not multi-swap or global proof,C,D,1,2,1,3,2,1,2018,2019,other,CA
v63_source_repair_return_guarded_repair,incumbent_cvar_relaxed_source_lp,143298636,156807668,1000.0,1000.0,-170.8325283420283,-175.85010442413147,5.017576082103176,979.4353213397535,842400.0,True,True,6.907218559226713e-06,0.8992165242165242,0,,,61405.0078540446,95156.62505993774,True,True,post_v161_one_drop_one_add_whole_loan_swap,post-v161 one-swap pricing only; not multi-swap or global proof,C,D,1,2,1,0,2,0,2018,2019,other,TX
v63_source_repair_return_guarded_repair,incumbent_cvar_relaxed_source_lp,143284918,127011905,1500.0,1500.0,-289.6719454959282,-310.3923206149292,20.720375119001005,995.1381203766514,842400.0,True,True,6.907218559226713e-06,0.8992165242165242,0,,,61463.30617470586,95377.61045134146,True,True,post_v161_one_drop_one_add_whole_loan_swap,post-v161 one-swap pricing only; not multi-swap or global proof,D,C,2,1,0,2,0,2,2018,2018,PA,other
v63_source_repair_return_guarded_repair,incumbent_cvar_relaxed_source_lp,143284918,126620912,1500.0,1500.0,-289.6719454959282,-319.768173516142,30.0962280202138,1004.5139732778641,842400.0,True,True,6.907218559226713e-06,0.8992165242165242,0,,,61515.997314807675,95452.53942913328,True,True,post_v161_one_drop_one_add_whole_loan_swap,post-v161 one-swap pricing only; not multi-swap or global proof,D,B,2,1,0,0,0,0,2018,2018,PA,other
v63_source_repair_return_guarded_repair,incumbent_cvar_relaxed_source_lp,143284918,167713836,1500.0,1500.0,-289.6719454959282,-323.27724824243177,33.60530274650358,1008.0230480041539,842400.0,True,True,6.907218559226713e-06,0.8992165242165242,0,,,61432.5499841346,95302.80448713346,True,True,post_v161_one_drop_one_add_whole_loan_swap,post-v161 one-swap pricing only; not multi-swap or global proof,D,C,2,1,0,1,0,4,2018,2020,PA,other
v63_source_repair_return_guarded_repair,incumbent_cvar_relaxed_source_lp,143040862,126707528,1000.0,1000.0,-221.4073753026994,-226.37597165812684,4.968596355427451,979.3863416130778,842400.0,True,True,6.907218559226713e-06,0.8992165242165242,0,,,61450.00533529307,95333.89840160265,True,True,post_v161_one_drop_one_add_whole_loan_swap,post-v161 one-swap pricing only; not multi-swap or global proof,F,E,3,3,0,1,0,0,2018,2018,other,other
v63_source_repair_return_guarded_repair,incumbent_cvar_relaxed_source_lp,143040862,126409482,1000.0,1000.0,-221.4073753026994,-223.9633297987982,2.5559544960988205,976.9736997537492,842400.0,True,True,6.907218559226713e-06,0.8992165242165242,0,,,61570.154973198885,95487.20763902004,True,True,post_v161_one_drop_one_add_whole_loan_swap,post-v161 one-swap pricing only; not multi-swap or global proof,F,C,3,2,0,2,0,3,2018,2018,other,other
v63_source_repair_return_guarded_repair,incumbent_cvar_relaxed_source_lp,143278940,127695160,1500.0,1500.0,-223.96024592785653,-235.90029594541494,11.940050017558406,986.3577952752088,842400.0,True,True,6.907218559226713e-06,0.8992165242165242,0,,,61418.73663093436,95284.55358355997,True,True,post_v161_one_drop_one_add_whole_loan_swap,post-v161 one-swap pricing only; not multi-swap or global proof,B,B,0,0,4,2,0,1,2018,2018,MD,TX
v63_source_repair_return_guarded_repair,incumbent_cvar_relaxed_source_lp,143278940,126760355,1500.0,1500.0,-223.96024592785653,-250.40002765814089,26.439781730284352,1000.8575269879348,842400.0,True,True,6.907218559226713e-06,0.8992165242165242,0,,,61418.941939457975,95284.84198965992,True,True,post_v161_one_drop_one_add_whole_loan_swap,post-v161 one-swap pricing only; not multi-swap or global proof,B,B,0,0,4,1,0,0,2018,2018,MD,IL
v63_source_repair_return_guarded_repair,incumbent_cvar_relaxed_source_lp,143278940,126430923,1500.0,1500.0,-223.96024592785653,-243.25029594541493,19.2900500175584,993.7077952752088,842400.0,True,True,6.907218559226713e-06,0.8992165242165242,0,,,61418.73663093436,95284.55358355997,True,True,post_v161_one_drop_one_add_whole_loan_swap,post-v161 one-swap pricing only; not multi-swap or global proof,B,B,0,0,4,3,0,0,2018,2018,MD,other
v63_source_repair_return_guarded_repair,incumbent_cvar_relaxed_source_lp,143263360,126707528,1000.0,1000.0,-223.05362465488716,-226.37597165812684,3.3223470032396847,977.74009226089,842400.0,True,True,6.907218559226713e-06,0.8992165242165242,0,,,61309.34221946828,95108.28863851968,True,True,post_v161_one_drop_one_add_whole_loan_swap,post-v161 one-swap pricing only; not multi-swap or global proof,C,E,2,3,2,1,0,0,2018,2018,OH,other
v63_source_repair_return_guarded_repair,incumbent_cvar_relaxed_source_lp,143263360,126409482,1000.0,1000.0,-223.05362465488716,-223.9633297987982,0.9097051439110544,975.3274504015615,842400.0,True,True,6.907218559226713e-06,0.8992165242165242,0,,,61429.4918573741,95261.59787593705,True,True,post_v161_one_drop_one_add_whole_loan_swap,post-v161 one-swap pricing only; not multi-swap or global proof,C,C,2,2,2,2,0,3,2018,2018,OH,other
v63_source_repair_return_guarded_repair,incumbent_cvar_relaxed_source_lp,142458634,127011905,1500.0,1500.0,-292.8487925130425,-310.3923206149292,17.543528101886693,991.961273359537,842400.0,True,True,6.907218559226713e-06,0.8992165242165242,0,,,61414.392337980215,95290.37124638603,True,True,post_v161_one_drop_one_add_whole_loan_swap,post-v161 one-swap pricing only; not multi-swap or global proof,C,C,1,1,1,2,2,2,2018,2018,WA,other
v63_source_repair_return_guarded_repair,incumbent_cvar_relaxed_source_lp,142458634,126620912,1500.0,1500.0,-292.8487925130425,-319.768173516142,26.91938100309949,1001.3371262607499,842400.0,True,True,6.907218559226713e-06,0.8992165242165242,0,,,61467.08347808203,95365.30022417784,True,True,post_v161_one_drop_one_add_whole_loan_swap,post-v161 one-swap pricing only; not multi-swap or global proof,C,B,1,1,1,0,2,0,2018,2018,WA,other
v63_source_repair_return_guarded_repair,incumbent_cvar_relaxed_source_lp,142458634,167713836,1500.0,1500.0,-292.8487925130425,-323.27724824243177,30.42845572938927,1004.8462009870397,842400.0,True,True,6.907218559226713e-06,0.8992165242165242,0,,,61383.63614740895,95215.56528217802,True,True,post_v161_one_drop_one_add_whole_loan_swap,post-v161 one-swap pricing only; not multi-swap or global proof,C,C,1,1,1,1,2,4,2018,2020,WA,other
v63_source_repair_return_guarded_repair,incumbent_cvar_relaxed_source_lp,142458562,127011905,1500.0,1500.0,-304.6466216200544,-310.3923206149292,5.745698994874772,980.1634442525251,842400.0,True,True,6.907218559226713e-06,0.8992165242165242,0,,,61545.57793699826,95429.92707925427,True,True,post_v161_one_drop_one_add_whole_loan_swap,post-v161 one-swap pricing only; not multi-swap or global proof,D,C,3,1,1,2,0,2,2018,2018,other,other
v63_source_repair_return_guarded_repair,incumbent_cvar_relaxed_source_lp,142458562,126620912,1500.0,1500.0,-304.6466216200544,-319.768173516142,15.121551896087567,989.539297153738,842400.0,True,True,6.907218559226713e-06,0.8992165242165242,0,,,61598.26907710007,95504.85605704607,True,True,post_v161_one_drop_one_add_whole_loan_swap,post-v161 one-swap pricing only; not multi-swap or global proof,D,B,3,1,1,0,0,0,2018,2018,other,other
v63_source_repair_return_guarded_repair,incumbent_cvar_relaxed_source_lp,142458562,167713836,1500.0,1500.0,-304.6466216200544,-323.27724824243177,18.63062662237735,993.0483718800277,842400.0,True,True,6.907218559226713e-06,0.8992165242165242,0,,,61514.82174642699,95355.12111504623,True,True,post_v161_one_drop_one_add_whole_loan_swap,post-v161 one-swap pricing only; not multi-swap or global proof,D,C,3,1,1,1,0,4,2018,2020,other,other
v63_source_repair_return_guarded_repair,incumbent_cvar_relaxed_source_lp,142973413,127874931,1000.0,1000.0,-179.69170236503285,-186.9469746106631,7.255272245630238,981.6730175032806,842400.0,True,True,6.907218559226713e-06,0.8980294396961064,0,,,61548.86927980784,95466.24599598155,True,True,post_v161_one_drop_one_add_whole_loan_swap,post-v161 one-swap pricing only; not multi-swap or global proof,E,B,2,0,0,0,0,0,2018,2018,PA,MN
v63_source_repair_return_guarded_repair,incumbent_cvar_relaxed_source_lp,142973413,127672145,1000.0,1000.0,-179.69170236503285,-196.20083323856994,16.50913087353709,990.9268761311874,842400.0,True,True,6.907218559226713e-06,0.8992165242165242,0,,,61517.761864783155,95421.87567709628,True,True,post_v161_one_drop_one_add_whole_loan_swap,post-v161 one-swap pricing only; not multi-swap or global proof,E,C,2,1,0,0,0,2,2018,2018,PA,other
v63_source_repair_return_guarded_repair,incumbent_cvar_relaxed_source_lp,142973413,127475725,1000.0,1000.0,-179.69170236503285,-211.8282137432861,32.13651137825326,1006.5542566359036,842400.0,True,True,6.907218559226713e-06,0.8992165242165242,0,,,61491.869383818965,95389.77365883898,True,True,post_v161_one_drop_one_add_whole_loan_swap,post-v161 one-swap pricing only; not multi-swap or global proof,E,C,2,1,0,4,0,0,2018,2018,PA,AZ
v63_source_repair_return_guarded_repair,incumbent_cvar_relaxed_source_lp,142973413,127582382,1000.0,1000.0,-179.69170236503285,-205.52183833714096,25.83013597210811,1000.2478812297585,842400.0,True,True,6.907218559226713e-06,0.8992165242165242,0,,,61433.885329640456,95311.44172458947,True,True,post_v161_one_drop_one_add_whole_loan_swap,post-v161 one-swap pricing only; not multi-swap or global proof,E,D,2,2,0,3,0,0,2018,2018,PA,CA
v63_source_repair_return_guarded_repair,incumbent_cvar_relaxed_source_lp,142973413,126820122,1000.0,1000.0,-179.69170236503285,-201.89545162414464,22.203749259111788,996.6214945167621,842400.0,True,True,6.907218559226713e-06,0.8992165242165242,0,,,61477.17982582124,95373.50516273757,True,True,post_v161_one_drop_one_add_whole_loan_swap,post-v161 one-swap pricing only; not multi-swap or global proof,E,C,2,1,0,0,0,1,2018,2018,PA,other
v63_source_repair_return_guarded_repair,incumbent_cvar_relaxed_source_lp,142973413,126707528,1000.0,1000.0,-179.69170236503285,-226.37597165812684,46.68426929309399,1021.1020145507443,842400.0,True,True,6.907218559226713e-06,0.8992165242165242,0,,,61354.302058377376,95217.52556038278,True,True,post_v161_one_drop_one_add_whole_loan_swap,post-v161 one-swap pricing only; not multi-swap or global proof,E,E,2,3,0,1,0,0,2018,2018,PA,other
v63_source_repair_return_guarded_repair,incumbent_cvar_relaxed_source_lp,142973413,126733849,1000.0,1000.0,-179.69170236503285,-186.9469746106631,7.255272245630238,981.6730175032806,842400.0,True,True,6.907218559226713e-06,0.8980294396961064,0,,,61548.86927980784,95466.24599598155,True,True,post_v161_one_drop_one_add_whole_loan_swap,post-v161 one-swap pricing only; not multi-swap or global proof,E,B,2,0,0,4,0,3,2018,2018,PA,NJ
v63_source_repair_return_guarded_repair,incumbent_cvar_relaxed_source_lp,142973413,126652025,1000.0,1000.0,-179.69170236503285,-206.92821374328602,27.23651137825317,1001.6542566359035,842400.0,True,True,6.907218559226713e-06,0.8992165242165242,0,,,61491.869383818965,95389.77365883898,True,True,post_v161_one_drop_one_add_whole_loan_swap,post-v161 one-swap pricing only; not multi-swap or global proof,E,C,2,1,0,3,0,1,2018,2018,PA,FL
v63_source_repair_return_guarded_repair,incumbent_cvar_relaxed_source_lp,142973413,126416707,1000.0,1000.0,-179.69170236503285,-187.69320294656202,8.001500581529172,982.4192458391796,842400.0,True,True,6.907218559226713e-06,0.8980294396961064,0,,,61548.104185136384,95465.26187774415,True,True,post_v161_one_drop_one_add_whole_loan_swap,post-v161 one-swap pricing only; not multi-swap or global proof,E,B,2,0,0,1,0,1,2018,2018,PA,CA
v63_source_repair_return_guarded_repair,incumbent_cvar_relaxed_source_lp,142973413,126419064,1000.0,1000.0,-179.69170236503285,-198.85427993768698,19.16257757265413,993.5803228303046,842400.0,True,True,6.907218559226713e-06,0.8992165242165242,0,,,61450.573302390876,95330.83675667692,True,True,post_v161_one_drop_one_add_whole_loan_swap,post-v161 one-swap pricing only; not multi-swap or global proof,E,D,2,2,0,4,0,1,2018,2018,PA,other
v63_source_repair_return_guarded_repair,incumbent_cvar_relaxed_source_lp,142973413,126409482,1000.0,1000.0,-179.69170236503285,-223.9633297987982,44.27162743376536,1018.6893726914158,842400.0,True,True,6.907218559226713e-06,0.8992165242165242,0,,,61474.451696283184,95370.83479780014,True,True,post_v161_one_drop_one_add_whole_loan_swap,post-v161 one-swap pricing only; not multi-swap or global proof,E,C,2,2,0,2,0,3,2018,2018,PA,other
v63_source_repair_return_guarded_repair,incumbent_cvar_relaxed_source_lp,142973413,166121358,1000.0,1000.0,-179.69170236503285,-212.03423240595197,32.342530040919115,1006.7602752985695,842400.0,True,True,6.907218559226713e-06,0.8992165242165242,0,,,61465.95591061522,95335.16435844394,True,True,post_v161_one_drop_one_add_whole_loan_swap,post-v161 one-swap pricing only; not multi-swap or global proof,E,C,2,2,0,3,0,0,2018,2020,PA,MD
v63_source_repair_return_guarded_repair,incumbent_cvar_relaxed_source_lp,142973413,169887690,1000.0,1000.0,-179.69170236503285,-221.11264407259083,41.42094170755797,1015.8386869652084,842400.0,True,True,6.907218559226713e-06,0.8992165242165242,0,,,61484.10659851429,95381.78506819332,True,True,post_v161_one_drop_one_add_whole_loan_swap,post-v161 one-swap pricing only; not multi-swap or global proof,E,B,2,1,0,0,0,3,2018,2020,PA,other
v63_source_repair_return_guarded_repair,incumbent_cvar_relaxed_source_lp,142973413,156823754,1000.0,1000.0,-179.69170236503285,-183.46022770133698,3.7685253363041227,978.1862705939545,842400.0,True,True,6.907218559226713e-06,0.8992165242165242,0,,,61450.986582256985,95253.42305915304,True,True,post_v161_one_drop_one_add_whole_loan_swap,post-v161 one-swap pricing only; not multi-swap or global proof,E,D,2,2,0,3,0,1,2018,2019,PA,CA
v63_source_repair_return_guarded_repair,incumbent_cvar_relaxed_source_lp,143157007,127475725,1000.0,1000.0,-207.2466798003709,-211.8282137432861,4.5815339429152,978.9992792005655,842400.0,True,True,6.907218559226713e-06,0.8992165242165242,0,,,61529.77145059392,95426.32531051464,True,True,post_v161_one_drop_one_add_whole_loan_swap,post-v161 one-swap pricing only; not multi-swap or global proof,E,C,3,1,2,4,3,0,2018,2018,other,AZ
v63_source_repair_return_guarded_repair,incumbent_cvar_relaxed_source_lp,143157007,126707528,1000.0,1000.0,-207.2466798003709,-226.37597165812684,19.12929185775593,993.5470371154063,842400.0,True,True,6.907218559226713e-06,0.8992165242165242,0,,,61392.20412515233,95254.07721205846,True,True,post_v161_one_drop_one_add_whole_loan_swap,post-v161 one-swap pricing only; not multi-swap or global proof,E,E,3,3,2,1,3,0,2018,2018,other,other
v63_source_repair_return_guarded_repair,incumbent_cvar_relaxed_source_lp,143157007,126409482,1000.0,1000.0,-207.2466798003709,-223.9633297987982,16.7166499984273,991.1343952560777,842400.0,True,True,6.907218559226713e-06,0.8992165242165242,0,,,61512.35376305814,95407.38644947583,True,True,post_v161_one_drop_one_add_whole_loan_swap,post-v161 one-swap pricing only; not multi-swap or global proof,E,C,3,2,2,2,3,3,2018,2018,other,other
v63_source_repair_return_guarded_repair,incumbent_cvar_relaxed_source_lp,143157007,166121358,1000.0,1000.0,-207.2466798003709,-212.03423240595197,4.787552605581055,979.2052978632314,842400.0,True,True,6.907218559226713e-06,0.8992165242165242,0,,,61503.85797739017,95371.7160101196,True,True,post_v161_one_drop_one_add_whole_loan_swap,post-v161 one-swap pricing only; not multi-swap or global proof,E,C,3,2,2,3,3,0,2018,2020,other,MD
v63_source_repair_return_guarded_repair,incumbent_cvar_relaxed_source_lp,143157007,169887690,1000.0,1000.0,-207.2466798003709,-221.11264407259083,13.865964272219912,988.2837095298703,842400.0,True,True,6.907218559226713e-06,0.8992165242165242,0,,,61522.00866528926,95418.33671986897,True,True,post_v161_one_drop_one_add_whole_loan_swap,post-v161 one-swap pricing only; not multi-swap or global proof,E,B,3,1,2,0,3,3,2018,2020,other,other
v63_source_repair_return_guarded_repair,incumbent_cvar_relaxed_source_lp,143136725,127874931,1000.0,1000.0,-177.5369868619323,-186.9469746106631,9.4099877487308,983.8277330063812,842400.0,True,True,6.907218559226713e-06,0.8980294396961064,0,,,61620.62863786454,95567.6700901898,True,True,post_v161_one_drop_one_add_whole_loan_swap,post-v161 one-swap pricing only; not multi-swap or global proof,F,B,3,0,1,0,3,0,2018,2018,OH,MN
v63_source_repair_return_guarded_repair,incumbent_cvar_relaxed_source_lp,143136725,127672145,1000.0,1000.0,-177.5369868619323,-196.20083323856994,18.66384637663765,993.0815916342881,842400.0,True,True,6.907218559226713e-06,0.8992165242165242,0,,,61589.521222839845,95523.29977130449,True,True,post_v161_one_drop_one_add_whole_loan_swap,post-v161 one-swap pricing only; not multi-swap or global proof,F,C,3,1,1,0,3,2,2018,2018,OH,other
v63_source_repair_return_guarded_repair,incumbent_cvar_relaxed_source_lp,143136725,127475725,1000.0,1000.0,-177.5369868619323,-211.8282137432861,34.29122688135382,1008.7089721390042,842400.0,True,True,6.907218559226713e-06,0.8992165242165242,0,,,61563.62874187567,95491.1977530472,True,True,post_v161_one_drop_one_add_whole_loan_swap,post-v161 one-swap pricing only; not multi-swap or global proof,F,C,3,1,1,4,3,0,2018,2018,OH,AZ
v63_source_repair_return_guarded_repair,incumbent_cvar_relaxed_source_lp,143136725,127582382,1000.0,1000.0,-177.5369868619323,-205.52183833714096,27.98485147520867,1002.402596732859,842400.0,True,True,6.907218559226713e-06,0.8992165242165242,0,,,61505.64468769716,95412.8658187977,True,True,post_v161_one_drop_one_add_whole_loan_swap,post-v161 one-swap pricing only; not multi-swap or global proof,F,D,3,2,1,3,3,0,2018,2018,OH,CA
v63_source_repair_return_guarded_repair,incumbent_cvar_relaxed_source_lp,143136725,126820122,1000.0,1000.0,-177.5369868619323,-201.89545162414464,24.35846476221235,998.7762100198627,842400.0,True,True,6.907218559226713e-06,0.8992165242165242,0,,,61548.93918387793,95474.92925694582,True,True,post_v161_one_drop_one_add_whole_loan_swap,post-v161 one-swap pricing only; not multi-swap or global proof,F,C,3,1,1,0,3,1,2018,2018,OH,other
v63_source_repair_return_guarded_repair,incumbent_cvar_relaxed_source_lp,143136725,126707528,1000.0,1000.0,-177.5369868619323,-226.37597165812684,48.83898479619455,1023.2567300538449,842400.0,True,True,6.907218559226713e-06,0.8992165242165242,0,,,61426.06141643408,95318.94965459104,True,True,post_v161_one_drop_one_add_whole_loan_swap,post-v161 one-swap pricing only; not multi-swap or global proof,F,E,3,3,1,1,3,0,2018,2018,OH,other
v63_source_repair_return_guarded_repair,incumbent_cvar_relaxed_source_lp,143136725,126733849,1000.0,1000.0,-177.5369868619323,-186.9469746106631,9.4099877487308,983.8277330063812,842400.0,True,True,6.907218559226713e-06,0.8980294396961064,0,,,61620.62863786454,95567.6700901898,True,True,post_v161_one_drop_one_add_whole_loan_swap,post-v161 one-swap pricing only; not multi-swap or global proof,F,B,3,0,1,4,3,3,2018,2018,OH,NJ
v63_source_repair_return_guarded_repair,incumbent_cvar_relaxed_source_lp,143136725,126652025,1000.0,1000.0,-177.5369868619323,-206.92821374328602,29.39122688135373,1003.8089721390041,842400.0,True,True,6.907218559226713e-06,0.8992165242165242,0,,,61563.62874187567,95491.1977530472,True,True,post_v161_one_drop_one_add_whole_loan_swap,post-v161 one-swap pricing only; not multi-swap or global proof,F,C,3,1,1,3,3,1,2018,2018,OH,FL
v63_source_repair_return_guarded_repair,incumbent_cvar_relaxed_source_lp,143136725,126416707,1000.0,1000.0,-177.5369868619323,-187.69320294656202,10.156216084629733,984.5739613422801,842400.0,True,True,6.907218559226713e-06,0.8980294396961064,0,,,61619.86354319308,95566.6859719524,True,True,post_v161_one_drop_one_add_whole_loan_swap,post-v161 one-swap pricing only; not multi-swap or global proof,F,B,3,0,1,1,3,1,2018,2018,OH,CA
v63_source_repair_return_guarded_repair,incumbent_cvar_relaxed_source_lp,143136725,126419064,1000.0,1000.0,-177.5369868619323,-198.85427993768698,21.31729307575469,995.7350383334051,842400.0,True,True,6.907218559226713e-06,0.8992165242165242,0,,,61522.33266044756,95432.26085088516,True,True,post_v161_one_drop_one_add_whole_loan_swap,post-v161 one-swap pricing only; not multi-swap or global proof,F,D,3,2,1,4,3,1,2018,2018,OH,other
v63_source_repair_return_guarded_repair,incumbent_cvar_relaxed_source_lp,143136725,126409482,1000.0,1000.0,-177.5369868619323,-223.9633297987982,46.42634293686592,1020.8440881945163,842400.0,True,True,6.907218559226713e-06,0.8992165242165242,0,,,61546.21105433989,95472.2588920084,True,True,post_v161_one_drop_one_add_whole_loan_swap,post-v161 one-swap pricing only; not multi-swap or global proof,F,C,3,2,1,2,3,3,2018,2018,OH,other
v63_source_repair_return_guarded_repair,incumbent_cvar_relaxed_source_lp,143136725,166121358,1000.0,1000.0,-177.5369868619323,-212.03423240595197,34.49724554401968,1008.91499080167,842400.0,True,True,6.907218559226713e-06,0.8992165242165242,0,,,61537.71526867192,95436.58845265218,True,True,post_v161_one_drop_one_add_whole_loan_swap,post-v161 one-swap pricing only; not multi-swap or global proof,F,C,3,2,1,3,3,0,2018,2020,OH,MD
v63_source_repair_return_guarded_repair,incumbent_cvar_relaxed_source_lp,143136725,168701788,1000.0,1000.0,-177.5369868619323,-178.5860397151734,1.0490528532411076,975.4667981108914,842400.0,True,True,6.907218559226713e-06,0.8992165242165242,0,,,61541.20782213175,95441.95857690221,True,True,post_v161_one_drop_one_add_whole_loan_swap,post-v161 one-swap pricing only; not multi-swap or global proof,F,C,3,1,1,3,3,1,2018,2020,OH,TX
v63_source_repair_return_guarded_repair,incumbent_cvar_relaxed_source_lp,143136725,169887690,1000.0,1000.0,-177.5369868619323,-221.11264407259083,43.575657210658534,1017.9934024683089,842400.0,True,True,6.907218559226713e-06,0.8992165242165242,0,,,61555.865956571,95483.20916240153,True,True,post_v161_one_drop_one_add_whole_loan_swap,post-v161 one-swap pricing only; not multi-swap or global proof,F,B,3,1,1,0,3,3,2018,2020,OH,other
v63_source_repair_return_guarded_repair,incumbent_cvar_relaxed_source_lp,143136725,169358871,1000.0,1000.0,-177.5369868619323,-177.86634212741987,0.3293552654875782,974.747100523138,842400.0,True,True,6.907218559226713e-06,0.8992165242165242,0,,,61550.97883946449,95429.53354186237,True,True,post_v161_one_drop_one_add_whole_loan_swap,post-v161 one-swap pricing only; not multi-swap or global proof,F,C,3,1,1,3,3,0,2018,2020,OH,VA
v63_source_repair_return_guarded_repair,incumbent_cvar_relaxed_source_lp,143136725,139506195,1000.0,1000.0,-177.5369868619323,-177.67809625327766,0.14110939134536693,974.5588546489957,842400.0,True,True,6.907218559226713e-06,0.8992165242165242,0,,,61525.14415941309,95375.7519167419,True,True,post_v161_one_drop_one_add_whole_loan_swap,post-v161 one-swap pricing only; not multi-swap or global proof,F,D,3,2,1,2,3,0,2018,2018,OH,CA
v63_source_repair_return_guarded_repair,incumbent_cvar_relaxed_source_lp,143136725,156823754,1000.0,1000.0,-177.5369868619323,-183.46022770133698,5.923240839404684,980.3409860970551,842400.0,True,True,6.907218559226713e-06,0.8992165242165242,0,,,61522.74594031369,95354.84715336128,True,True,post_v161_one_drop_one_add_whole_loan_swap,post-v161 one-swap pricing only; not multi-swap or global proof,F,D,3,2,1,3,3,1,2018,2019,OH,CA
v63_source_repair_return_guarded_repair,incumbent_cvar_relaxed_source_lp,143029391,127874931,1000.0,1000.0,-170.8325283420283,-186.9469746106631,16.114446268634794,990.5321915262851,842400.0,True,True,6.907218559226713e-06,0.8980294396961064,0,,,61475.45705723675,95341.17163638858,True,True,post_v161_one_drop_one_add_whole_loan_swap,post-v161 one-swap pricing only; not multi-swap or global proof,C,B,1,0,2,0,0,0,2018,2018,IL,MN
v63_source_repair_return_guarded_repair,incumbent_cvar_relaxed_source_lp,143029391,127672145,1000.0,1000.0,-170.8325283420283,-196.20083323856994,25.368304896541645,999.786050154192,842400.0,True,True,6.907218559226713e-06,0.8992165242165242,0,,,61444.34964221206,95296.80131750331,True,True,post_v161_one_drop_one_add_whole_loan_swap,post-v161 one-swap pricing only; not multi-swap or global proof,C,C,1,1,2,0,0,2,2018,2018,IL,other
v63_source_repair_return_guarded_repair,incumbent_cvar_relaxed_source_lp,143029391,127475725,1000.0,1000.0,-170.8325283420283,-211.8282137432861,40.995685401257816,1015.4134306589082,842400.0,True,True,6.907218559226713e-06,0.8992165242165242,0,,,61418.457161247876,95264.69929924601,True,True,post_v161_one_drop_one_add_whole_loan_swap,post-v161 one-swap pricing only; not multi-swap or global proof,C,C,1,1,2,4,0,0,2018,2018,IL,AZ
v63_source_repair_return_guarded_repair,incumbent_cvar_relaxed_source_lp,143029391,127582382,1000.0,1000.0,-170.8325283420283,-205.52183833714096,34.689309995112666,1009.1070552527631,842400.0,True,True,6.907218559226713e-06,0.8992165242165242,0,,,61360.47310706937,95186.3673649965,True,True,post_v161_one_drop_one_add_whole_loan_swap,post-v161 one-swap pricing only; not multi-swap or global proof,C,D,1,2,2,3,0,0,2018,2018,IL,CA
v63_source_repair_return_guarded_repair,incumbent_cvar_relaxed_source_lp,143029391,126827839,1000.0,1000.0,-170.8325283420283,-175.77898463113021,4.946456289101917,979.3642015467523,842400.0,True,True,6.907218559226713e-06,0.8992165242165242,0,,,61342.2467384668,95155.01073658853,True,True,post_v161_one_drop_one_add_whole_loan_swap,post-v161 one-swap pricing only; not multi-swap or global proof,C,E,1,2,2,0,0,4,2018,2018,IL,other
v63_source_repair_return_guarded_repair,incumbent_cvar_relaxed_source_lp,143029391,126820122,1000.0,1000.0,-170.8325283420283,-201.89545162414464,31.062923282116344,1005.4806685397667,842400.0,True,True,6.907218559226713e-06,0.8992165242165242,0,,,61403.76760325014,95248.4308031446,True,True,post_v161_one_drop_one_add_whole_loan_swap,post-v161 one-swap pricing only; not multi-swap or global proof,C,C,1,1,2,0,0,1,2018,2018,IL,other
v63_source_repair_return_guarded_repair,incumbent_cvar_relaxed_source_lp,143029391,126707528,1000.0,1000.0,-170.8325283420283,-226.37597165812684,55.543443316098546,1029.961188573749,842400.0,True,True,6.907218559226713e-06,0.8992165242165242,0,,,61280.88983580629,95092.45120078983,True,True,post_v161_one_drop_one_add_whole_loan_swap,post-v161 one-swap pricing only; not multi-swap or global proof,C,E,1,3,2,1,0,0,2018,2018,IL,other
v63_source_repair_return_guarded_repair,incumbent_cvar_relaxed_source_lp,143029391,126733849,1000.0,1000.0,-170.8325283420283,-186.9469746106631,16.114446268634794,990.5321915262851,842400.0,True,True,6.907218559226713e-06,0.8980294396961064,0,,,61475.45705723675,95341.17163638858,True,True,post_v161_one_drop_one_add_whole_loan_swap,post-v161 one-swap pricing only; not multi-swap or global proof,C,B,1,0,2,4,0,3,2018,2018,IL,NJ
v63_source_repair_return_guarded_repair,incumbent_cvar_relaxed_source_lp,143029391,126652025,1000.0,1000.0,-170.8325283420283,-206.92821374328602,36.095685401257725,1010.5134306589081,842400.0,True,True,6.907218559226713e-06,0.8992165242165242,0,,,61418.457161247876,95264.69929924601,True,True,post_v161_one_drop_one_add_whole_loan_swap,post-v161 one-swap pricing only; not multi-swap or global proof,C,C,1,1,2,3,0,1,2018,2018,IL,FL
v63_source_repair_return_guarded_repair,incumbent_cvar_relaxed_source_lp,143029391,126416707,1000.0,1000.0,-170.8325283420283,-187.69320294656202,16.860674604533727,991.2784198621841,842400.0,True,True,6.907218559226713e-06,0.8980294396961064,0,,,61474.691962565295,95340.18751815119,True,True,post_v161_one_drop_one_add_whole_loan_swap,post-v161 one-swap pricing only; not multi-swap or global proof,C,B,1,0,2,1,0,1,2018,2018,IL,CA
v63_source_repair_return_guarded_repair,incumbent_cvar_relaxed_source_lp,143029391,126419064,1000.0,1000.0,-170.8325283420283,-198.85427993768698,28.021751595658685,1002.439496853309,842400.0,True,True,6.907218559226713e-06,0.8992165242165242,0,,,61377.16107981978,95205.76239708393,True,True,post_v161_one_drop_one_add_whole_loan_swap,post-v161 one-swap pricing only; not multi-swap or global proof,C,D,1,2,2,4,0,1,2018,2018,IL,other
v63_source_repair_return_guarded_repair,incumbent_cvar_relaxed_source_lp,143029391,126409482,1000.0,1000.0,-170.8325283420283,-223.9633297987982,53.130801456769916,1027.5485467144204,842400.0,True,True,6.907218559226713e-06,0.8992165242165242,0,,,61401.039473712095,95245.7604382072,True,True,post_v161_one_drop_one_add_whole_loan_swap,post-v161 one-swap pricing only; not multi-swap or global proof,C,C,1,2,2,2,0,3,2018,2018,IL,other
v63_source_repair_return_guarded_repair,incumbent_cvar_relaxed_source_lp,143029391,166121358,1000.0,1000.0,-170.8325283420283,-212.03423240595197,41.20170406392367,1015.619449321574,842400.0,True,True,6.907218559226713e-06,0.8992165242165242,0,,,61392.543688044134,95210.08999885098,True,True,post_v161_one_drop_one_add_whole_loan_swap,post-v161 one-swap pricing only; not multi-swap or global proof,C,C,1,2,2,3,0,0,2018,2020,IL,MD
v63_source_repair_return_guarded_repair,incumbent_cvar_relaxed_source_lp,143029391,168701788,1000.0,1000.0,-170.8325283420283,-178.5860397151734,7.753511373145102,982.1712566307955,842400.0,True,True,6.907218559226713e-06,0.8992165242165242,0,,,61396.03624150397,95215.460123101,True,True,post_v161_one_drop_one_add_whole_loan_swap,post-v161 one-swap pricing only; not multi-swap or global proof,C,C,1,1,2,3,0,1,2018,2020,IL,TX
v63_source_repair_return_guarded_repair,incumbent_cvar_relaxed_source_lp,143029391,169887690,1000.0,1000.0,-170.8325283420283,-221.11264407259083,50.28011573056253,1024.6978609882128,842400.0,True,True,6.907218559226713e-06,0.8992165242165242,0,,,61410.6943759432,95256.71070860034,True,True,post_v161_one_drop_one_add_whole_loan_swap,post-v161 one-swap pricing only; not multi-swap or global proof,C,B,1,1,2,0,0,3,2018,2020,IL,other
v63_source_repair_return_guarded_repair,incumbent_cvar_relaxed_source_lp,143029391,169358871,1000.0,1000.0,-170.8325283420283,-177.86634212741987,7.0338137853915725,981.4515590430419,842400.0,True,True,6.907218559226713e-06,0.8992165242165242,0,,,61405.807258836714,95203.03508806115,True,True,post_v161_one_drop_one_add_whole_loan_swap,post-v161 one-swap pricing only; not multi-swap or global proof,C,C,1,1,2,3,0,0,2018,2020,IL,VA
v63_source_repair_return_guarded_repair,incumbent_cvar_relaxed_source_lp,143029391,139506195,1000.0,1000.0,-170.8325283420283,-177.67809625327766,6.845567911249361,981.2633131688997,842400.0,True,True,6.907218559226713e-06,0.8992165242165242,0,,,61379.972578785295,95149.2534629407,True,True,post_v161_one_drop_one_add_whole_loan_swap,post-v161 one-swap pricing only; not multi-swap or global proof,C,D,1,2,2,2,0,0,2018,2018,IL,CA
v63_source_repair_return_guarded_repair,incumbent_cvar_relaxed_source_lp,143029391,156823754,1000.0,1000.0,-170.8325283420283,-183.46022770133698,12.627699359308679,987.045444616959,842400.0,True,True,6.907218559226713e-06,0.8992165242165242,0,,,61377.574359685896,95128.34869956007,True,True,post_v161_one_drop_one_add_whole_loan_swap,post-v161 one-swap pricing only; not multi-swap or global proof,C,D,1,2,2,3,0,1,2018,2019,IL,CA
v63_source_repair_return_guarded_repair,incumbent_cvar_relaxed_source_lp,143029391,156807668,1000.0,1000.0,-170.8325283420283,-175.85010442413147,5.017576082103176,979.4353213397535,842400.0,True,True,6.907218559226713e-06,0.8992165242165242,0,,,61405.0078540446,95156.62505993774,True,True,post_v161_one_drop_one_add_whole_loan_swap,post-v161 one-swap pricing only; not multi-swap or global proof,C,D,1,2,2,0,0,0,2018,2019,IL,TX
v63_source_repair_return_guarded_repair,incumbent_cvar_relaxed_source_lp,143126474,168841753,1000.0,1000.0,-10.601739316555324,-15.58411172619063,4.982372409635305,979.4001176672857,842400.0,True,True,6.907218559226713e-06,0.8992165242165242,0,,,61397.34312903028,95174.0572243429,True,True,post_v161_one_drop_one_add_whole_loan_swap,post-v161 one-swap pricing only; not multi-swap or global proof,A,A,1,1,2,1,4,0,2018,2020,TX,NY
v63_source_repair_return_guarded_repair,incumbent_cvar_relaxed_source_lp,143126474,168678809,1000.0,1000.0,-10.601739316555324,-25.935876492202276,15.334137175646951,989.7518824332973,842400.0,True,True,6.907218559226713e-06,0.8992165242165242,0,,,61410.85698592846,95195.03358373596,True,True,post_v161_one_drop_one_add_whole_loan_swap,post-v161 one-swap pricing only; not multi-swap or global proof,A,A,1,1,2,1,4,0,2018,2020,TX,IN
v63_source_repair_return_guarded_repair,incumbent_cvar_relaxed_source_lp,143126474,170390171,1000.0,1000.0,-10.601739316555324,-23.632377345499286,13.030638028943962,987.4483832865943,842400.0,True,True,6.907218559226713e-06,0.8992165242165242,0,,,61407.451496386915,95188.10078355088,True,True,post_v161_one_drop_one_add_whole_loan_swap,post-v161 one-swap pricing only; not multi-swap or global proof,A,A,1,1,2,0,4,0,2018,2020,TX,other
v63_source_repair_return_guarded_repair,incumbent_cvar_relaxed_source_lp,143126474,169450190,1000.0,1000.0,-10.601739316555324,-22.58050328415853,11.978763967603207,986.3965092252536,842400.0,True,True,6.907218559226713e-06,0.8992165242165242,0,,,61390.13677189836,95153.09275022509,True,True,post_v161_one_drop_one_add_whole_loan_swap,post-v161 one-swap pricing only; not multi-swap or global proof,A,A,1,1,2,0,4,0,2018,2020,TX,AZ
v63_source_repair_return_guarded_repair,incumbent_cvar_relaxed_source_lp,142017183,126707528,1000.0,1000.0,-217.6977477467029,-226.37597165812684,8.678223911423942,983.0959691690744,842400.0,True,True,6.907218559226713e-06,0.8992165242165242,0,,,61368.34690181831,95185.48842270198,True,True,post_v161_one_drop_one_add_whole_loan_swap,post-v161 one-swap pricing only; not multi-swap or global proof,D,E,3,3,1,1,2,0,2018,2018,FL,other
v63_source_repair_return_guarded_repair,incumbent_cvar_relaxed_source_lp,142017183,126409482,1000.0,1000.0,-217.6977477467029,-223.9633297987982,6.265582052095311,980.6833273097457,842400.0,True,True,6.907218559226713e-06,0.8992165242165242,0,,,61488.49653972413,95338.79766011934,True,True,post_v161_one_drop_one_add_whole_loan_swap,post-v161 one-swap pricing only; not multi-swap or global proof,D,C,3,2,1,2,2,3,2018,2018,FL,other
v63_source_repair_return_guarded_repair,incumbent_cvar_relaxed_source_lp,142017183,169887690,1000.0,1000.0,-217.6977477467029,-221.11264407259083,3.4148963258879235,977.8326415835384,842400.0,True,True,6.907218559226713e-06,0.8992165242165242,0,,,61498.15144195524,95349.7479305125,True,True,post_v161_one_drop_one_add_whole_loan_swap,post-v161 one-swap pricing only; not multi-swap or global proof,D,B,3,1,1,0,2,3,2018,2020,FL,other
v63_source_repair_return_guarded_repair,incumbent_cvar_relaxed_source_lp,143080063,127874931,1000.0,1000.0,-156.12567534075419,-186.9469746106631,30.821299269908906,1005.2390445275593,842400.0,True,True,6.907218559226713e-06,0.8980294396961064,0,,,61524.89894843528,95435.70226401504,True,True,post_v161_one_drop_one_add_whole_loan_swap,post-v161 one-swap pricing only; not multi-swap or global proof,E,B,2,0,1,0,0,0,2018,2018,TX,MN
v63_source_repair_return_guarded_repair,incumbent_cvar_relaxed_source_lp,143080063,127672145,1000.0,1000.0,-156.12567534075419,-196.20083323856994,40.07515789781576,1014.4929031554661,842400.0,True,True,6.907218559226713e-06,0.8992165242165242,0,,,61493.79153341059,95391.33194512977,True,True,post_v161_one_drop_one_add_whole_loan_swap,post-v161 one-swap pricing only; not multi-swap or global proof,E,C,2,1,1,0,0,2,2018,2018,TX,other
v63_source_repair_return_guarded_repair,incumbent_cvar_relaxed_source_lp,143080063,127475725,1000.0,1000.0,-156.12567534075419,-211.8282137432861,55.70253840253193,1030.1202836601824,842400.0,True,True,6.907218559226713e-06,0.8992165242165242,0,,,61467.89905244641,95359.2299268725,True,True,post_v161_one_drop_one_add_whole_loan_swap,post-v161 one-swap pricing only; not multi-swap or global proof,E,C,2,1,1,4,0,0,2018,2018,TX,AZ
v63_source_repair_return_guarded_repair,incumbent_cvar_relaxed_source_lp,143080063,127582382,1000.0,1000.0,-156.12567534075419,-205.52183833714096,49.39616299638678,1023.8139082540372,842400.0,True,True,6.907218559226713e-06,0.8992165242165242,0,,,61409.914998267894,95280.89799262298,True,True,post_v161_one_drop_one_add_whole_loan_swap,post-v161 one-swap pricing only; not multi-swap or global proof,E,D,2,2,1,3,0,0,2018,2018,TX,CA
v63_source_repair_return_guarded_repair,incumbent_cvar_relaxed_source_lp,143080063,126827839,1000.0,1000.0,-156.12567534075419,-175.77898463113021,19.65330929037603,994.0710545480264,842400.0,True,True,6.907218559226713e-06,0.8992165242165242,0,,,61391.68862966534,95249.54136421501,True,True,post_v161_one_drop_one_add_whole_loan_swap,post-v161 one-swap pricing only; not multi-swap or global proof,E,E,2,2,1,0,0,4,2018,2018,TX,other
v63_source_repair_return_guarded_repair,incumbent_cvar_relaxed_source_lp,143080063,126820122,1000.0,1000.0,-156.12567534075419,-201.89545162414464,45.769776283390456,1020.1875215410408,842400.0,True,True,6.907218559226713e-06,0.8992165242165242,0,,,61453.209494448674,95342.96143077107,True,True,post_v161_one_drop_one_add_whole_loan_swap,post-v161 one-swap pricing only; not multi-swap or global proof,E,C,2,1,1,0,0,1,2018,2018,TX,other
v63_source_repair_return_guarded_repair,incumbent_cvar_relaxed_source_lp,143080063,126707528,1000.0,1000.0,-156.12567534075419,-226.37597165812684,70.25029631737266,1044.668041575023,842400.0,True,True,6.907218559226713e-06,0.8992165242165242,0,,,61330.33172700482,95186.9818284163,True,True,post_v161_one_drop_one_add_whole_loan_swap,post-v161 one-swap pricing only; not multi-swap or global proof,E,E,2,3,1,1,0,0,2018,2018,TX,other
v63_source_repair_return_guarded_repair,incumbent_cvar_relaxed_source_lp,143080063,126733849,1000.0,1000.0,-156.12567534075419,-186.9469746106631,30.821299269908906,1005.2390445275593,842400.0,True,True,6.907218559226713e-06,0.8980294396961064,0,,,61524.89894843528,95435.70226401504,True,True,post_v161_one_drop_one_add_whole_loan_swap,post-v161 one-swap pricing only; not multi-swap or global proof,E,B,2,0,1,4,0,3,2018,2018,TX,NJ
v63_source_repair_return_guarded_repair,incumbent_cvar_relaxed_source_lp,143080063,126652025,1000.0,1000.0,-156.12567534075419,-206.92821374328602,50.80253840253184,1025.2202836601823,842400.0,True,True,6.907218559226713e-06,0.8992165242165242,0,,,61467.89905244641,95359.2299268725,True,True,post_v161_one_drop_one_add_whole_loan_swap,post-v161 one-swap pricing only; not multi-swap or global proof,E,C,2,1,1,3,0,1,2018,2018,TX,FL
v63_source_repair_return_guarded_repair,incumbent_cvar_relaxed_source_lp,143080063,126468092,1000.0,1000.0,-156.12567534075419,-169.50590883596908,13.380233495214895,987.7979787528652,842400.0,True,True,6.907218559226713e-06,0.8980294396961064,0,,,61547.80317099267,95466.93566598777,True,True,post_v161_one_drop_one_add_whole_loan_swap,post-v161 one-swap pricing only; not multi-swap or global proof,E,B,2,0,1,1,0,2,2018,2018,TX,other
v63_source_repair_return_guarded_repair,incumbent_cvar_relaxed_source_lp,143080063,126416707,1000.0,1000.0,-156.12567534075419,-187.69320294656202,31.56752760580784,1005.9852728634582,842400.0,True,True,6.907218559226713e-06,0.8980294396961064,0,,,61524.13385376382,95434.71814577768,True,True,post_v161_one_drop_one_add_whole_loan_swap,post-v161 one-swap pricing only; not multi-swap or global proof,E,B,2,0,1,1,0,1,2018,2018,TX,CA
v63_source_repair_return_guarded_repair,incumbent_cvar_relaxed_source_lp,143080063,126419064,1000.0,1000.0,-156.12567534075419,-198.85427993768698,42.7286045969328,1017.1463498545831,842400.0,True,True,6.907218559226713e-06,0.8992165242165242,0,,,61426.60297101831,95300.29302471044,True,True,post_v161_one_drop_one_add_whole_loan_swap,post-v161 one-swap pricing only; not multi-swap or global proof,E,D,2,2,1,4,0,1,2018,2018,TX,other
v63_source_repair_return_guarded_repair,incumbent_cvar_relaxed_source_lp,143080063,126409482,1000.0,1000.0,-156.12567534075419,-223.9633297987982,67.83765445804403,1042.2553997156945,842400.0,True,True,6.907218559226713e-06,0.8992165242165242,0,,,61450.481364910636,95340.29106583368,True,True,post_v161_one_drop_one_add_whole_loan_swap,post-v161 one-swap pricing only; not multi-swap or global proof,E,C,2,2,1,2,0,3,2018,2018,TX,other
v63_source_repair_return_guarded_repair,incumbent_cvar_relaxed_source_lp,143080063,166121358,1000.0,1000.0,-156.12567534075419,-212.03423240595197,55.90855706519778,1030.3263023228483,842400.0,True,True,6.907218559226713e-06,0.8992165242165242,0,,,61441.98557924266,95304.62062647745,True,True,post_v161_one_drop_one_add_whole_loan_swap,post-v161 one-swap pricing only; not multi-swap or global proof,E,C,2,2,1,3,0,0,2018,2020,TX,MD
v63_source_repair_return_guarded_repair,incumbent_cvar_relaxed_source_lp,143080063,168701788,1000.0,1000.0,-156.12567534075419,-178.5860397151734,22.460364374419214,996.8781096320696,842400.0,True,True,6.907218559226713e-06,0.8992165242165242,0,,,61445.4781327025,95309.99075072748,True,True,post_v161_one_drop_one_add_whole_loan_swap,post-v161 one-swap pricing only; not multi-swap or global proof,E,C,2,1,1,3,0,1,2018,2020,TX,TX
v63_source_repair_return_guarded_repair,incumbent_cvar_relaxed_source_lp,143080063,169887690,1000.0,1000.0,-156.12567534075419,-221.11264407259083,64.98696873183664,1039.404713989487,842400.0,True,True,6.907218559226713e-06,0.8992165242165242,0,,,61460.136267141745,95351.24133622683,True,True,post_v161_one_drop_one_add_whole_loan_swap,post-v161 one-swap pricing only; not multi-swap or global proof,E,B,2,1,1,0,0,3,2018,2020,TX,other
v63_source_repair_return_guarded_repair,incumbent_cvar_relaxed_source_lp,143080063,169358871,1000.0,1000.0,-156.12567534075419,-177.86634212741987,21.740666786665685,996.158412044316,842400.0,True,True,6.907218559226713e-06,0.8992165242165242,0,,,61455.24915003525,95297.56571568766,True,True,post_v161_one_drop_one_add_whole_loan_swap,post-v161 one-swap pricing only; not multi-swap or global proof,E,C,2,1,1,3,0,0,2018,2020,TX,VA
v63_source_repair_return_guarded_repair,incumbent_cvar_relaxed_source_lp,143080063,139506195,1000.0,1000.0,-156.12567534075419,-177.67809625327766,21.552420912523473,995.9701661701738,842400.0,True,True,6.907218559226713e-06,0.8992165242165242,0,,,61429.41446998383,95243.7840905672,True,True,post_v161_one_drop_one_add_whole_loan_swap,post-v161 one-swap pricing only; not multi-swap or global proof,E,D,2,2,1,2,0,0,2018,2018,TX,CA
v63_source_repair_return_guarded_repair,incumbent_cvar_relaxed_source_lp,143080063,156823754,1000.0,1000.0,-156.12567534075419,-183.46022770133698,27.33455236058279,1001.7522976182331,842400.0,True,True,6.907218559226713e-06,0.8992165242165242,0,,,61427.01625088443,95222.87932718654,True,True,post_v161_one_drop_one_add_whole_loan_swap,post-v161 one-swap pricing only; not multi-swap or global proof,E,D,2,2,1,3,0,1,2018,2019,TX,CA
v63_source_repair_return_guarded_repair,incumbent_cvar_relaxed_source_lp,143080063,156807668,1000.0,1000.0,-156.12567534075419,-175.85010442413147,19.724429083377288,994.1421743410276,842400.0,True,True,6.907218559226713e-06,0.8992165242165242,0,,,61454.44974524313,95251.15568756421,True,True,post_v161_one_drop_one_add_whole_loan_swap,post-v161 one-swap pricing only; not multi-swap or global proof,E,D,2,2,1,0,0,0,2018,2019,TX,TX
v63_source_repair_return_guarded_repair,incumbent_cvar_relaxed_source_lp,143080063,156707196,1000.0,1000.0,-156.12567534075419,-158.460227701337,2.334552360582819,976.7522976182332,842400.0,True,True,6.907218559226713e-06,0.8992165242165242,0,,,61427.01625088443,95222.87932718654,True,True,post_v161_one_drop_one_add_whole_loan_swap,post-v161 one-swap pricing only; not multi-swap or global proof,E,D,2,2,1,2,0,0,2018,2019,TX,other
v63_source_repair_return_guarded_repair,incumbent_cvar_relaxed_source_lp,143078336,127874931,1000.0,1000.0,-185.09415151059494,-186.9469746106631,1.85282310006815,976.2705683577185,842400.0,True,True,6.907218559226713e-06,0.8980294396961064,0,,,61482.165642480795,95346.96422113411,True,True,post_v161_one_drop_one_add_whole_loan_swap,post-v161 one-swap pricing only; not multi-swap or global proof,C,B,1,0,0,0,0,0,2018,2018,CO,MN
v63_source_repair_return_guarded_repair,incumbent_cvar_relaxed_source_lp,143078336,127672145,1000.0,1000.0,-185.09415151059494,-196.20083323856994,11.106681727975001,985.5244269856254,842400.0,True,True,6.907218559226713e-06,0.8992165242165242,0,,,61451.0582274561,95302.59390224886,True,True,post_v161_one_drop_one_add_whole_loan_swap,post-v161 one-swap pricing only; not multi-swap or global proof,C,C,1,1,0,0,0,2,2018,2018,CO,other
v63_source_repair_return_guarded_repair,incumbent_cvar_relaxed_source_lp,143078336,127475725,1000.0,1000.0,-185.09415151059494,-211.8282137432861,26.734062232691173,1001.1518074903415,842400.0,True,True,6.907218559226713e-06,0.8992165242165242,0,,,61425.165746491926,95270.49188399155,True,True,post_v161_one_drop_one_add_whole_loan_swap,post-v161 one-swap pricing only; not multi-swap or global proof,C,C,1,1,0,4,0,0,2018,2018,CO,AZ
v63_source_repair_return_guarded_repair,incumbent_cvar_relaxed_source_lp,143078336,127582382,1000.0,1000.0,-185.09415151059494,-205.52183833714096,20.427686826546022,994.8454320841964,842400.0,True,True,6.907218559226713e-06,0.8992165242165242,0,,,61367.18169231342,95192.15994974204,True,True,post_v161_one_drop_one_add_whole_loan_swap,post-v161 one-swap pricing only; not multi-swap or global proof,C,D,1,2,0,3,0,0,2018,2018,CO,CA
v63_source_repair_return_guarded_repair,incumbent_cvar_relaxed_source_lp,143078336,126820122,1000.0,1000.0,-185.09415151059494,-201.89545162414464,16.8013001135497,991.2190453712001,842400.0,True,True,6.907218559226713e-06,0.8992165242165242,0,,,61410.47618849419,95254.22338789013,True,True,post_v161_one_drop_one_add_whole_loan_swap,post-v161 one-swap pricing only; not multi-swap or global proof,C,C,1,1,0,0,0,1,2018,2018,CO,other
v63_source_repair_return_guarded_repair,incumbent_cvar_relaxed_source_lp,143078336,126707528,1000.0,1000.0,-185.09415151059494,-226.37597165812684,41.2818201475319,1015.6995654051823,842400.0,True,True,6.907218559226713e-06,0.8992165242165242,0,,,61287.59842105032,95098.24378553536,True,True,post_v161_one_drop_one_add_whole_loan_swap,post-v161 one-swap pricing only; not multi-swap or global proof,C,E,1,3,0,1,0,0,2018,2018,CO,other
v63_source_repair_return_guarded_repair,incumbent_cvar_relaxed_source_lp,143078336,126733849,1000.0,1000.0,-185.09415151059494,-186.9469746106631,1.85282310006815,976.2705683577185,842400.0,True,True,6.907218559226713e-06,0.8980294396961064,0,,,61482.165642480795,95346.96422113411,True,True,post_v161_one_drop_one_add_whole_loan_swap,post-v161 one-swap pricing only; not multi-swap or global proof,C,B,1,0,0,4,0,3,2018,2018,CO,NJ
v63_source_repair_return_guarded_repair,incumbent_cvar_relaxed_source_lp,143078336,126652025,1000.0,1000.0,-185.09415151059494,-206.92821374328602,21.834062232691082,996.2518074903414,842400.0,True,True,6.907218559226713e-06,0.8992165242165242,0,,,61425.165746491926,95270.49188399155,True,True,post_v161_one_drop_one_add_whole_loan_swap,post-v161 one-swap pricing only; not multi-swap or global proof,C,C,1,1,0,3,0,1,2018,2018,CO,FL
v63_source_repair_return_guarded_repair,incumbent_cvar_relaxed_source_lp,143078336,126416707,1000.0,1000.0,-185.09415151059494,-187.69320294656202,2.599051435967084,977.0167966936175,842400.0,True,True,6.907218559226713e-06,0.8980294396961064,0,,,61481.40054780933,95345.98010289672,True,True,post_v161_one_drop_one_add_whole_loan_swap,post-v161 one-swap pricing only; not multi-swap or global proof,C,B,1,0,0,1,0,1,2018,2018,CO,CA
v63_source_repair_return_guarded_repair,incumbent_cvar_relaxed_source_lp,143078336,126419064,1000.0,1000.0,-185.09415151059494,-198.85427993768698,13.760128427092042,988.1778736847424,842400.0,True,True,6.907218559226713e-06,0.8992165242165242,0,,,61383.86966506383,95211.5549818295,True,True,post_v161_one_drop_one_add_whole_loan_swap,post-v161 one-swap pricing only; not multi-swap or global proof,C,D,1,2,0,4,0,1,2018,2018,CO,other
v63_source_repair_return_guarded_repair,incumbent_cvar_relaxed_source_lp,143078336,126409482,1000.0,1000.0,-185.09415151059494,-223.9633297987982,38.86917828820327,1013.2869235458536,842400.0,True,True,6.907218559226713e-06,0.8992165242165242,0,,,61407.748058956146,95251.55302295274,True,True,post_v161_one_drop_one_add_whole_loan_swap,post-v161 one-swap pricing only; not multi-swap or global proof,C,C,1,2,0,2,0,3,2018,2018,CO,other
v63_source_repair_return_guarded_repair,incumbent_cvar_relaxed_source_lp,143078336,166121358,1000.0,1000.0,-185.09415151059494,-212.03423240595197,26.940080895357028,1001.3578261530074,842400.0,True,True,6.907218559226713e-06,0.8992165242165242,0,,,61399.25227328818,95215.88258359651,True,True,post_v161_one_drop_one_add_whole_loan_swap,post-v161 one-swap pricing only; not multi-swap or global proof,C,C,1,2,0,3,0,0,2018,2020,CO,MD
v63_source_repair_return_guarded_repair,incumbent_cvar_relaxed_source_lp,143078336,169887690,1000.0,1000.0,-185.09415151059494,-221.11264407259083,36.018492561995885,1010.4362378196463,842400.0,True,True,6.907218559226713e-06,0.8992165242165242,0,,,61417.402961187254,95262.50329334586,True,True,post_v161_one_drop_one_add_whole_loan_swap,post-v161 one-swap pricing only; not multi-swap or global proof,C,B,1,1,0,0,0,3,2018,2020,CO,other
v63_source_repair_return_guarded_repair,incumbent_cvar_relaxed_source_lp,143042673,169005860,2000.0,2000.0,-350.6025547680643,-393.55925260534593,42.95669783728164,1017.3744430949321,842400.0,True,True,6.907218559226713e-06,0.8992165242165242,0,,,61293.38996301241,95160.40273663348,True,True,post_v161_one_drop_one_add_whole_loan_swap,post-v161 one-swap pricing only; not multi-swap or global proof,B,B,1,1,4,3,1,1,2018,2020,CA,FL
v63_source_repair_return_guarded_repair,incumbent_cvar_relaxed_source_lp,142970101,127874931,1000.0,1000.0,-129.33776065997006,-186.9469746106631,57.60921395069303,1032.0269592083434,842400.0,True,True,6.907218559226713e-06,0.8992165242165242,0,,,61391.05954152375,95219.23616596666,True,True,post_v161_one_drop_one_add_whole_loan_swap,post-v161 one-swap pricing only; not multi-swap or global proof,B,B,0,0,4,0,0,0,2018,2018,IL,MN
v63_source_repair_return_guarded_repair,incumbent_cvar_relaxed_source_lp,142970101,126733849,1000.0,1000.0,-129.33776065997006,-186.9469746106631,57.60921395069303,1032.0269592083434,842400.0,True,True,6.907218559226713e-06,0.8992165242165242,0,,,61391.05954152375,95219.23616596666,True,True,post_v161_one_drop_one_add_whole_loan_swap,post-v161 one-swap pricing only; not multi-swap or global proof,B,B,0,0,4,4,0,3,2018,2018,IL,NJ
v63_source_repair_return_guarded_repair,incumbent_cvar_relaxed_source_lp,142970101,126468092,1000.0,1000.0,-129.33776065997006,-169.50590883596908,40.16814817599902,1014.5858934336494,842400.0,True,True,6.907218559226713e-06,0.8992165242165242,0,,,61413.96376408113,95250.46956793935,True,True,post_v161_one_drop_one_add_whole_loan_swap,post-v161 one-swap pricing only; not multi-swap or global proof,B,B,0,0,4,1,0,2,2018,2018,IL,other
v63_source_repair_return_guarded_repair,incumbent_cvar_relaxed_source_lp,142970101,126416707,1000.0,1000.0,-129.33776065997006,-187.69320294656202,58.355442286591966,1032.7731875442423,842400.0,True,True,6.907218559226713e-06,0.8992165242165242,0,,,61390.29444685229,95218.25204772924,True,True,post_v161_one_drop_one_add_whole_loan_swap,post-v161 one-swap pricing only; not multi-swap or global proof,B,B,0,0,4,1,0,1,2018,2018,IL,CA
v63_source_repair_return_guarded_repair,incumbent_cvar_relaxed_source_lp,142821489,126523487,2000.0,2000.0,-340.8025547680644,-350.42656531605377,9.624010547989371,984.0417558056397,842400.0,True,True,6.907218559226713e-06,0.8992165242165242,0,,,61346.52676666595,95213.41488071415,True,True,post_v161_one_drop_one_add_whole_loan_swap,post-v161 one-swap pricing only; not multi-swap or global proof,B,C,1,1,3,4,1,1,2018,2018,VA,CA
v63_source_repair_return_guarded_repair,incumbent_cvar_relaxed_source_lp,142821489,169005860,2000.0,2000.0,-340.8025547680644,-393.55925260534593,52.756697837281536,1027.174443094932,842400.0,True,True,6.907218559226713e-06,0.8992165242165242,0,,,61293.38996301241,95160.40273663348,True,True,post_v161_one_drop_one_add_whole_loan_swap,post-v161 one-swap pricing only; not multi-swap or global proof,B,B,1,1,3,3,1,1,2018,2020,VA,FL
v63_source_repair_return_guarded_repair,incumbent_cvar_relaxed_source_lp,142915519,127475725,1000.0,1000.0,-203.41089900797834,-211.8282137432861,8.41731473530777,982.8350599929581,842400.0,True,True,6.907218559226713e-06,0.8992165242165242,0,,,61417.52119685365,95264.22313125845,True,True,post_v161_one_drop_one_add_whole_loan_swap,post-v161 one-swap pricing only; not multi-swap or global proof,C,C,1,1,2,4,0,0,2018,2018,CA,AZ
v63_source_repair_return_guarded_repair,incumbent_cvar_relaxed_source_lp,142915519,127582382,1000.0,1000.0,-203.41089900797834,-205.52183833714096,2.110939329162619,976.528684586813,842400.0,True,True,6.907218559226713e-06,0.8992165242165242,0,,,61359.537142675144,95185.89119700895,True,True,post_v161_one_drop_one_add_whole_loan_swap,post-v161 one-swap pricing only; not multi-swap or global proof,C,D,1,2,2,3,0,0,2018,2018,CA,CA
v63_source_repair_return_guarded_repair,incumbent_cvar_relaxed_source_lp,142915519,126707528,1000.0,1000.0,-203.41089900797834,-226.37597165812684,22.9650726501485,997.3828179077989,842400.0,True,True,6.907218559226713e-06,0.8992165242165242,0,,,61279.95387141206,95091.9750328023,True,True,post_v161_one_drop_one_add_whole_loan_swap,post-v161 one-swap pricing only; not multi-swap or global proof,C,E,1,3,2,1,0,0,2018,2018,CA,other
v63_source_repair_return_guarded_repair,incumbent_cvar_relaxed_source_lp,142915519,126652025,1000.0,1000.0,-203.41089900797834,-206.92821374328602,3.5173147353076786,977.935059992958,842400.0,True,True,6.907218559226713e-06,0.8992165242165242,0,,,61417.52119685365,95264.22313125845,True,True,post_v161_one_drop_one_add_whole_loan_swap,post-v161 one-swap pricing only; not multi-swap or global proof,C,C,1,1,2,3,0,1,2018,2018,CA,FL
v63_source_repair_return_guarded_repair,incumbent_cvar_relaxed_source_lp,142915519,126409482,1000.0,1000.0,-203.41089900797834,-223.9633297987982,20.55243079081987,994.9701760484702,842400.0,True,True,6.907218559226713e-06,0.8992165242165242,0,,,61400.10350931788,95245.28427021964,True,True,post_v161_one_drop_one_add_whole_loan_swap,post-v161 one-swap pricing only; not multi-swap or global proof,C,C,1,2,2,2,0,3,2018,2018,CA,other
v63_source_repair_return_guarded_repair,incumbent_cvar_relaxed_source_lp,142915519,166121358,1000.0,1000.0,-203.41089900797834,-212.03423240595197,8.623333397973624,983.041078655624,842400.0,True,True,6.907218559226713e-06,0.8992165242165242,0,,,61391.60772364991,95209.61383086344,True,True,post_v161_one_drop_one_add_whole_loan_swap,post-v161 one-swap pricing only; not multi-swap or global proof,C,C,1,2,2,3,0,0,2018,2020,CA,MD
v63_source_repair_return_guarded_repair,incumbent_cvar_relaxed_source_lp,142915519,169887690,1000.0,1000.0,-203.41089900797834,-221.11264407259083,17.70174506461248,992.1194903222629,842400.0,True,True,6.907218559226713e-06,0.8992165242165242,0,,,61409.75841154899,95256.2345406128,True,True,post_v161_one_drop_one_add_whole_loan_swap,post-v161 one-swap pricing only; not multi-swap or global proof,C,B,1,1,2,0,0,3,2018,2020,CA,other
v63_source_repair_return_guarded_repair,incumbent_cvar_relaxed_source_lp,142788126,127475725,1000.0,1000.0,-202.2889332751966,-211.8282137432861,9.539280468089515,983.9570257257399,842400.0,True,True,6.907218559226713e-06,0.8992165242165242,0,,,61431.29966205316,95277.02643469983,True,True,post_v161_one_drop_one_add_whole_loan_swap,post-v161 one-swap pricing only; not multi-swap or global proof,C,C,2,1,3,4,3,0,2018,2018,other,AZ
v63_source_repair_return_guarded_repair,incumbent_cvar_relaxed_source_lp,142788126,127582382,1000.0,1000.0,-202.2889332751966,-205.52183833714096,3.232905061944365,977.6506503195948,842400.0,True,True,6.907218559226713e-06,0.8992165242165242,0,,,61373.315607874654,95198.6945004503,True,True,post_v161_one_drop_one_add_whole_loan_swap,post-v161 one-swap pricing only; not multi-swap or global proof,C,D,2,2,3,3,3,0,2018,2018,other,CA
v63_source_repair_return_guarded_repair,incumbent_cvar_relaxed_source_lp,142788126,126707528,1000.0,1000.0,-202.2889332751966,-226.37597165812684,24.087038382930245,998.5047836405806,842400.0,True,True,6.907218559226713e-06,0.8992165242165242,0,,,61293.732336611574,95104.77833624363,True,True,post_v161_one_drop_one_add_whole_loan_swap,post-v161 one-swap pricing only; not multi-swap or global proof,C,E,2,3,3,1,3,0,2018,2018,other,other
v63_source_repair_return_guarded_repair,incumbent_cvar_relaxed_source_lp,142788126,126652025,1000.0,1000.0,-202.2889332751966,-206.92821374328602,4.639280468089424,979.0570257257398,842400.0,True,True,6.907218559226713e-06,0.8992165242165242,0,,,61431.29966205316,95277.02643469983,True,True,post_v161_one_drop_one_add_whole_loan_swap,post-v161 one-swap pricing only; not multi-swap or global proof,C,C,2,1,3,3,3,1,2018,2018,other,FL
v63_source_repair_return_guarded_repair,incumbent_cvar_relaxed_source_lp,142788126,126409482,1000.0,1000.0,-202.2889332751966,-223.9633297987982,21.674396523601615,996.0921417812519,842400.0,True,True,6.907218559226713e-06,0.8992165242165242,0,,,61413.88197451738,95258.08757366099,True,True,post_v161_one_drop_one_add_whole_loan_swap,post-v161 one-swap pricing only; not multi-swap or global proof,C,C,2,2,3,2,3,3,2018,2018,other,other
v63_source_repair_return_guarded_repair,incumbent_cvar_relaxed_source_lp,142788126,166121358,1000.0,1000.0,-202.2889332751966,-212.03423240595197,9.74529913075537,984.1630443884058,842400.0,True,True,6.907218559226713e-06,0.8992165242165242,0,,,61405.386188849414,95222.41713430478,True,True,post_v161_one_drop_one_add_whole_loan_swap,post-v161 one-swap pricing only; not multi-swap or global proof,C,C,2,2,3,3,3,0,2018,2020,other,MD
v63_source_repair_return_guarded_repair,incumbent_cvar_relaxed_source_lp,142788126,169887690,1000.0,1000.0,-202.2889332751966,-221.11264407259083,18.823710797394227,993.2414560550446,842400.0,True,True,6.907218559226713e-06,0.8992165242165242,0,,,61423.53687674849,95269.03784405415,True,True,post_v161_one_drop_one_add_whole_loan_swap,post-v161 one-swap pricing only; not multi-swap or global proof,C,B,2,1,3,0,3,3,2018,2020,other,other
v63_source_repair_return_guarded_repair,incumbent_cvar_relaxed_source_lp,142758199,126707528,1000.0,1000.0,-225.31993139996783,-226.37597165812684,1.0560402581590154,975.4737855158094,842400.0,True,True,6.907218559226713e-06,0.8992165242165242,0,,,61410.60168574113,95263.73225882818,True,True,post_v161_one_drop_one_add_whole_loan_swap,post-v161 one-swap pricing only; not multi-swap or global proof,E,E,3,3,2,1,1,0,2018,2018,CA,other
v63_source_repair_return_guarded_repair,incumbent_cvar_relaxed_source_lp,142369432,126707528,1200.0,1000.0,-212.62488877774734,-226.37597165812684,13.7510828803795,988.1688281380299,842600.0,True,True,0.00020940614277265013,0.8990030856871588,0,,,61305.74626569482,95129.46898042594,True,True,post_v161_one_drop_one_add_whole_loan_swap,post-v161 one-swap pricing only; not multi-swap or global proof,B,E,1,3,0,1,0,0,2018,2018,NY,other
v63_source_repair_return_guarded_repair,incumbent_cvar_relaxed_source_lp,142369432,126409482,1200.0,1000.0,-212.62488877774734,-223.9633297987982,11.338441021050869,985.7561862787013,842600.0,True,True,0.00020940614277265013,0.8990030856871588,0,,,61425.89590360064,95282.7782178433,True,True,post_v161_one_drop_one_add_whole_loan_swap,post-v161 one-swap pricing only; not multi-swap or global proof,B,C,1,2,0,2,0,3,2018,2018,NY,other
v63_source_repair_return_guarded_repair,incumbent_cvar_relaxed_source_lp,142369432,169887690,1200.0,1000.0,-212.62488877774734,-221.11264407259083,8.487755294843481,982.9055005524939,842600.0,True,True,0.00020940614277265013,0.8990030856871588,0,,,61435.55080583174,95293.72848823643,True,True,post_v161_one_drop_one_add_whole_loan_swap,post-v161 one-swap pricing only; not multi-swap or global proof,B,B,1,1,0,0,0,3,2018,2020,NY,other
v63_source_repair_return_guarded_repair,incumbent_cvar_relaxed_source_lp,142547301,127874931,1000.0,1000.0,-171.39694085680853,-186.9469746106631,15.550033753854564,989.967779011505,842400.0,True,True,6.907218559226713e-06,0.8980294396961064,0,,,61530.584001915966,95423.81124675389,True,True,post_v161_one_drop_one_add_whole_loan_swap,post-v161 one-swap pricing only; not multi-swap or global proof,D,B,2,0,2,0,2,0,2018,2018,MN,MN
v63_source_repair_return_guarded_repair,incumbent_cvar_relaxed_source_lp,142547301,127672145,1000.0,1000.0,-171.39694085680853,-196.20083323856994,24.803892381761415,999.2216376394118,842400.0,True,True,6.907218559226713e-06,0.8992165242165242,0,,,61499.47658689129,95379.44092786862,True,True,post_v161_one_drop_one_add_whole_loan_swap,post-v161 one-swap pricing only; not multi-swap or global proof,D,C,2,1,2,0,2,2,2018,2018,MN,other
v63_source_repair_return_guarded_repair,incumbent_cvar_relaxed_source_lp,142547301,127475725,1000.0,1000.0,-171.39694085680853,-211.8282137432861,40.431272886477586,1014.849018144128,842400.0,True,True,6.907218559226713e-06,0.8992165242165242,0,,,61473.584105927104,95347.33890961132,True,True,post_v161_one_drop_one_add_whole_loan_swap,post-v161 one-swap pricing only; not multi-swap or global proof,D,C,2,1,2,4,2,0,2018,2018,MN,AZ
v63_source_repair_return_guarded_repair,incumbent_cvar_relaxed_source_lp,142547301,127582382,1000.0,1000.0,-171.39694085680853,-205.52183833714096,34.124897480332436,1008.5426427379828,842400.0,True,True,6.907218559226713e-06,0.8992165242165242,0,,,61415.600051748595,95269.00697536179,True,True,post_v161_one_drop_one_add_whole_loan_swap,post-v161 one-swap pricing only; not multi-swap or global proof,D,D,2,2,2,3,2,0,2018,2018,MN,CA
v63_source_repair_return_guarded_repair,incumbent_cvar_relaxed_source_lp,142547301,126827839,1000.0,1000.0,-171.39694085680853,-175.77898463113021,4.382043774321687,978.7997890319721,842400.0,True,True,6.907218559226713e-06,0.8992165242165242,0,,,61397.373683146034,95237.65034695386,True,True,post_v161_one_drop_one_add_whole_loan_swap,post-v161 one-swap pricing only; not multi-swap or global proof,D,E,2,2,2,0,2,4,2018,2018,MN,other
v63_source_repair_return_guarded_repair,incumbent_cvar_relaxed_source_lp,142547301,126820122,1000.0,1000.0,-171.39694085680853,-201.89545162414464,30.498510767336114,1004.9162560249865,842400.0,True,True,6.907218559226713e-06,0.8992165242165242,0,,,61458.89454792936,95331.07041350991,True,True,post_v161_one_drop_one_add_whole_loan_swap,post-v161 one-swap pricing only; not multi-swap or global proof,D,C,2,1,2,0,2,1,2018,2018,MN,other
v63_source_repair_return_guarded_repair,incumbent_cvar_relaxed_source_lp,142547301,126707528,1000.0,1000.0,-171.39694085680853,-226.37597165812684,54.979030801318316,1029.3967760589687,842400.0,True,True,6.907218559226713e-06,0.8992165242165242,0,,,61336.01678048551,95175.09081115513,True,True,post_v161_one_drop_one_add_whole_loan_swap,post-v161 one-swap pricing only; not multi-swap or global proof,D,E,2,3,2,1,2,0,2018,2018,MN,other
v63_source_repair_return_guarded_repair,incumbent_cvar_relaxed_source_lp,142547301,126733849,1000.0,1000.0,-171.39694085680853,-186.9469746106631,15.550033753854564,989.967779011505,842400.0,True,True,6.907218559226713e-06,0.8980294396961064,0,,,61530.584001915966,95423.81124675389,True,True,post_v161_one_drop_one_add_whole_loan_swap,post-v161 one-swap pricing only; not multi-swap or global proof,D,B,2,0,2,4,2,3,2018,2018,MN,NJ
v63_source_repair_return_guarded_repair,incumbent_cvar_relaxed_source_lp,142547301,126652025,1000.0,1000.0,-171.39694085680853,-206.92821374328602,35.531272886477495,1009.9490181441279,842400.0,True,True,6.907218559226713e-06,0.8992165242165242,0,,,61473.584105927104,95347.33890961132,True,True,post_v161_one_drop_one_add_whole_loan_swap,post-v161 one-swap pricing only; not multi-swap or global proof,D,C,2,1,2,3,2,1,2018,2018,MN,FL
v63_source_repair_return_guarded_repair,incumbent_cvar_relaxed_source_lp,142547301,126416707,1000.0,1000.0,-171.39694085680853,-187.69320294656202,16.296262089753498,990.7140073474038,842400.0,True,True,6.907218559226713e-06,0.8980294396961064,0,,,61529.818907244524,95422.8271285165,True,True,post_v161_one_drop_one_add_whole_loan_swap,post-v161 one-swap pricing only; not multi-swap or global proof,D,B,2,0,2,1,2,1,2018,2018,MN,CA
v63_source_repair_return_guarded_repair,incumbent_cvar_relaxed_source_lp,142547301,126419064,1000.0,1000.0,-171.39694085680853,-198.85427993768698,27.457339080878455,1001.8750843385288,842400.0,True,True,6.907218559226713e-06,0.8992165242165242,0,,,61432.28802449901,95288.40200744924,True,True,post_v161_one_drop_one_add_whole_loan_swap,post-v161 one-swap pricing only; not multi-swap or global proof,D,D,2,2,2,4,2,1,2018,2018,MN,other
v63_source_repair_return_guarded_repair,incumbent_cvar_relaxed_source_lp,142547301,126409482,1000.0,1000.0,-171.39694085680853,-223.9633297987982,52.566388941989686,1026.98413419964,842400.0,True,True,6.907218559226713e-06,0.8992165242165242,0,,,61456.16641839132,95328.40004857248,True,True,post_v161_one_drop_one_add_whole_loan_swap,post-v161 one-swap pricing only; not multi-swap or global proof,D,C,2,2,2,2,2,3,2018,2018,MN,other
v63_source_repair_return_guarded_repair,incumbent_cvar_relaxed_source_lp,142547301,166121358,1000.0,1000.0,-171.39694085680853,-212.03423240595197,40.63729154914344,1015.0550368067939,842400.0,True,True,6.907218559226713e-06,0.8992165242165242,0,,,61447.670632723355,95292.72960921626,True,True,post_v161_one_drop_one_add_whole_loan_swap,post-v161 one-swap pricing only; not multi-swap or global proof,D,C,2,2,2,3,2,0,2018,2020,MN,MD
v63_source_repair_return_guarded_repair,incumbent_cvar_relaxed_source_lp,142547301,168701788,1000.0,1000.0,-171.39694085680853,-178.5860397151734,7.189098858364872,981.6068441160153,842400.0,True,True,6.907218559226713e-06,0.8992165242165242,0,,,61451.1631861832,95298.09973346631,True,True,post_v161_one_drop_one_add_whole_loan_swap,post-v161 one-swap pricing only; not multi-swap or global proof,D,C,2,1,2,3,2,1,2018,2020,MN,TX
v63_source_repair_return_guarded_repair,incumbent_cvar_relaxed_source_lp,142547301,169887690,1000.0,1000.0,-171.39694085680853,-221.11264407259083,49.7157032157823,1024.1334484734327,842400.0,True,True,6.907218559226713e-06,0.8992165242165242,0,,,61465.82132062243,95339.35031896565,True,True,post_v161_one_drop_one_add_whole_loan_swap,post-v161 one-swap pricing only; not multi-swap or global proof,D,B,2,1,2,0,2,3,2018,2020,MN,other
v63_source_repair_return_guarded_repair,incumbent_cvar_relaxed_source_lp,142547301,169358871,1000.0,1000.0,-171.39694085680853,-177.86634212741987,6.469401270611343,980.8871465282617,842400.0,True,True,6.907218559226713e-06,0.8992165242165242,0,,,61460.934203515935,95285.67469842648,True,True,post_v161_one_drop_one_add_whole_loan_swap,post-v161 one-swap pricing only; not multi-swap or global proof,D,C,2,1,2,3,2,0,2018,2020,MN,VA
v63_source_repair_return_guarded_repair,incumbent_cvar_relaxed_source_lp,142547301,139506195,1000.0,1000.0,-171.39694085680853,-177.67809625327766,6.281155396469131,980.6989006541195,842400.0,True,True,6.907218559226713e-06,0.8992165242165242,0,,,61435.09952346452,95231.89307330603,True,True,post_v161_one_drop_one_add_whole_loan_swap,post-v161 one-swap pricing only; not multi-swap or global proof,D,D,2,2,2,2,2,0,2018,2018,MN,CA
v63_source_repair_return_guarded_repair,incumbent_cvar_relaxed_source_lp,142547301,156823754,1000.0,1000.0,-171.39694085680853,-183.46022770133698,12.063286844528449,986.4810321021788,842400.0,True,True,6.907218559226713e-06,0.8992165242165242,0,,,61432.701304365124,95210.98830992535,True,True,post_v161_one_drop_one_add_whole_loan_swap,post-v161 one-swap pricing only; not multi-swap or global proof,D,D,2,2,2,3,2,1,2018,2019,MN,CA
v63_source_repair_return_guarded_repair,incumbent_cvar_relaxed_source_lp,142547301,156807668,1000.0,1000.0,-171.39694085680853,-175.85010442413147,4.453163567322946,978.8709088249733,842400.0,True,True,6.907218559226713e-06,0.8992165242165242,0,,,61460.134798723826,95239.26467030302,True,True,post_v161_one_drop_one_add_whole_loan_swap,post-v161 one-swap pricing only; not multi-swap or global proof,D,D,2,2,2,0,2,0,2018,2019,MN,TX
v63_source_repair_return_guarded_repair,incumbent_cvar_relaxed_source_lp,142448559,127874931,1200.0,1000.0,-174.68738765590132,-186.9469746106631,12.259586954761772,986.6773322124121,842600.0,True,True,0.00020940614277265013,0.8992404462378353,0,,,61440.887558373746,95303.24932579836,True,True,post_v161_one_drop_one_add_whole_loan_swap,post-v161 one-swap pricing only; not multi-swap or global proof,B,B,0,0,1,0,2,0,2018,2018,IL,MN
v63_source_repair_return_guarded_repair,incumbent_cvar_relaxed_source_lp,142448559,126733849,1200.0,1000.0,-174.68738765590132,-186.9469746106631,12.259586954761772,986.6773322124121,842600.0,True,True,0.00020940614277265013,0.8992404462378353,0,,,61440.887558373746,95303.24932579836,True,True,post_v161_one_drop_one_add_whole_loan_swap,post-v161 one-swap pricing only; not multi-swap or global proof,B,B,0,0,1,4,2,3,2018,2018,IL,NJ
v63_source_repair_return_guarded_repair,incumbent_cvar_relaxed_source_lp,142448559,126483031,1200.0,1200.0,-174.68738765590132,-200.480236756332,25.792849100430686,1000.210594358081,842400.0,True,True,6.907218559226713e-06,0.8992165242165242,0,,,61419.90313403422,95272.8303751967,True,True,post_v161_one_drop_one_add_whole_loan_swap,post-v161 one-swap pricing only; not multi-swap or global proof,B,B,0,0,1,2,2,0,2018,2018,IL,FL
v63_source_repair_return_guarded_repair,incumbent_cvar_relaxed_source_lp,142448559,126416707,1200.0,1000.0,-174.68738765590132,-187.69320294656202,13.005815290660706,987.4235605483111,842600.0,True,True,0.00020940614277265013,0.8992404462378353,0,,,61440.12246370228,95302.26520756098,True,True,post_v161_one_drop_one_add_whole_loan_swap,post-v161 one-swap pricing only; not multi-swap or global proof,B,B,0,0,1,1,2,1,2018,2018,IL,CA
v63_source_repair_return_guarded_repair,incumbent_cvar_relaxed_source_lp,142396534,126620912,1500.0,1500.0,-311.95532138903565,-319.768173516142,7.812852127106339,982.2305973847567,842400.0,True,True,6.907218559226713e-06,0.8992165242165242,0,,,61664.781724765286,95622.62518527453,True,True,post_v161_one_drop_one_add_whole_loan_swap,post-v161 one-swap pricing only; not multi-swap or global proof,E,B,3,1,2,0,3,0,2018,2018,AZ,other
v63_source_repair_return_guarded_repair,incumbent_cvar_relaxed_source_lp,142396534,167713836,1500.0,1500.0,-311.95532138903565,-323.27724824243177,11.321926853396121,985.7396721110465,842400.0,True,True,6.907218559226713e-06,0.8992165242165242,0,,,61581.33439409222,95472.8902432747,True,True,post_v161_one_drop_one_add_whole_loan_swap,post-v161 one-swap pricing only; not multi-swap or global proof,E,C,3,1,2,1,3,4,2018,2020,AZ,other
v63_source_repair_return_guarded_repair,incumbent_cvar_relaxed_source_lp,142196231,126707528,1000.0,1000.0,-216.8889332751967,-226.37597165812684,9.487038382930137,983.9047836405805,842400.0,True,True,6.907218559226713e-06,0.8992165242165242,0,,,61293.732336611574,95104.77833624363,True,True,post_v161_one_drop_one_add_whole_loan_swap,post-v161 one-swap pricing only; not multi-swap or global proof,C,E,2,3,2,1,2,0,2018,2018,VA,other
v63_source_repair_return_guarded_repair,incumbent_cvar_relaxed_source_lp,142196231,126409482,1000.0,1000.0,-216.8889332751967,-223.9633297987982,7.074396523601507,981.4921417812519,842400.0,True,True,6.907218559226713e-06,0.8992165242165242,0,,,61413.88197451738,95258.08757366099,True,True,post_v161_one_drop_one_add_whole_loan_swap,post-v161 one-swap pricing only; not multi-swap or global proof,C,C,2,2,2,2,2,3,2018,2018,VA,other
v63_source_repair_return_guarded_repair,incumbent_cvar_relaxed_source_lp,142196231,169887690,1000.0,1000.0,-216.8889332751967,-221.11264407259083,4.223710797394119,978.6414560550445,842400.0,True,True,6.907218559226713e-06,0.8992165242165242,0,,,61423.53687674849,95269.03784405415,True,True,post_v161_one_drop_one_add_whole_loan_swap,post-v161 one-swap pricing only; not multi-swap or global proof,C,B,2,1,2,0,2,3,2018,2020,VA,other
v63_source_repair_return_guarded_repair,incumbent_cvar_relaxed_source_lp,141969831,127475725,1000.0,1000.0,-198.6946879530038,-211.8282137432861,13.133525790282306,987.5512710479327,842400.0,True,True,6.907218559226713e-06,0.8992165242165242,0,,,61501.42483503922,95359.92995097938,True,True,post_v161_one_drop_one_add_whole_loan_swap,post-v161 one-swap pricing only; not multi-swap or global proof,D,C,2,1,3,4,0,0,2018,2018,MN,AZ
v63_source_repair_return_guarded_repair,incumbent_cvar_relaxed_source_lp,141969831,127582382,1000.0,1000.0,-198.6946879530038,-205.52183833714096,6.8271503841371555,981.2448956417875,842400.0,True,True,6.907218559226713e-06,0.8992165242165242,0,,,61443.44078086072,95281.59801672984,True,True,post_v161_one_drop_one_add_whole_loan_swap,post-v161 one-swap pricing only; not multi-swap or global proof,D,D,2,2,3,3,0,0,2018,2018,MN,CA
v63_source_repair_return_guarded_repair,incumbent_cvar_relaxed_source_lp,141969831,126820122,1000.0,1000.0,-198.6946879530038,-201.89545162414464,3.200763671140834,977.6185089287912,842400.0,True,True,6.907218559226713e-06,0.8992165242165242,0,,,61486.73527704149,95343.66145487795,True,True,post_v161_one_drop_one_add_whole_loan_swap,post-v161 one-swap pricing only; not multi-swap or global proof,D,C,2,1,3,0,0,1,2018,2018,MN,other
v63_source_repair_return_guarded_repair,incumbent_cvar_relaxed_source_lp,141969831,126707528,1000.0,1000.0,-198.6946879530038,-226.37597165812684,27.681283705123036,1002.0990289627734,842400.0,True,True,6.907218559226713e-06,0.8992165242165242,0,,,61363.85750959763,95187.68185252318,True,True,post_v161_one_drop_one_add_whole_loan_swap,post-v161 one-swap pricing only; not multi-swap or global proof,D,E,2,3,3,1,0,0,2018,2018,MN,other
v63_source_repair_return_guarded_repair,incumbent_cvar_relaxed_source_lp,141969831,126652025,1000.0,1000.0,-198.6946879530038,-206.92821374328602,8.233525790282215,982.6512710479326,842400.0,True,True,6.907218559226713e-06,0.8992165242165242,0,,,61501.42483503922,95359.92995097938,True,True,post_v161_one_drop_one_add_whole_loan_swap,post-v161 one-swap pricing only; not multi-swap or global proof,D,C,2,1,3,3,0,1,2018,2018,MN,FL
v63_source_repair_return_guarded_repair,incumbent_cvar_relaxed_source_lp,141969831,126419064,1000.0,1000.0,-198.6946879530038,-198.85427993768698,0.15959198468317481,974.5773372423336,842400.0,True,True,6.907218559226713e-06,0.8992165242165242,0,,,61460.128753611134,95300.9930488173,True,True,post_v161_one_drop_one_add_whole_loan_swap,post-v161 one-swap pricing only; not multi-swap or global proof,D,D,2,2,3,4,0,1,2018,2018,MN,other
v63_source_repair_return_guarded_repair,incumbent_cvar_relaxed_source_lp,141969831,126409482,1000.0,1000.0,-198.6946879530038,-223.9633297987982,25.268641845794406,999.6863871034448,842400.0,True,True,6.907218559226713e-06,0.8992165242165242,0,,,61484.00714750345,95340.99108994054,True,True,post_v161_one_drop_one_add_whole_loan_swap,post-v161 one-swap pricing only; not multi-swap or global proof,D,C,2,2,3,2,0,3,2018,2018,MN,other
v63_source_repair_return_guarded_repair,incumbent_cvar_relaxed_source_lp,141969831,166121358,1000.0,1000.0,-198.6946879530038,-212.03423240595197,13.33954445294816,987.7572897105986,842400.0,True,True,6.907218559226713e-06,0.8992165242165242,0,,,61475.51136183548,95305.32065058431,True,True,post_v161_one_drop_one_add_whole_loan_swap,post-v161 one-swap pricing only; not multi-swap or global proof,D,C,2,2,3,3,0,0,2018,2020,MN,MD
v63_source_repair_return_guarded_repair,incumbent_cvar_relaxed_source_lp,141969831,169887690,1000.0,1000.0,-198.6946879530038,-221.11264407259083,22.417956119587018,996.8357013772375,842400.0,True,True,6.907218559226713e-06,0.8992165242165242,0,,,61493.66204973456,95351.9413603337,True,True,post_v161_one_drop_one_add_whole_loan_swap,post-v161 one-swap pricing only; not multi-swap or global proof,D,B,2,1,3,0,0,3,2018,2020,MN,other
v63_source_repair_return_guarded_repair,incumbent_cvar_relaxed_source_lp,141589684,127475725,1000.0,1000.0,-210.06986238776113,-211.8282137432861,1.7583513555249795,976.1760966131753,842400.0,True,True,6.907218559226713e-06,0.8992165242165242,0,,,61424.32832680737,95270.93324359636,True,True,post_v161_one_drop_one_add_whole_loan_swap,post-v161 one-swap pricing only; not multi-swap or global proof,C,C,1,1,3,4,0,0,2018,2018,CA,AZ
v63_source_repair_return_guarded_repair,incumbent_cvar_relaxed_source_lp,141589684,126707528,1000.0,1000.0,-210.06986238776113,-226.37597165812684,16.30610927036571,990.7238545280161,842400.0,True,True,6.907218559226713e-06,0.8992165242165242,0,,,61286.76100136578,95098.68514514017,True,True,post_v161_one_drop_one_add_whole_loan_swap,post-v161 one-swap pricing only; not multi-swap or global proof,C,E,1,3,3,1,0,0,2018,2018,CA,other
v63_source_repair_return_guarded_repair,incumbent_cvar_relaxed_source_lp,141589684,126409482,1000.0,1000.0,-210.06986238776113,-223.9633297987982,13.89346741103708,988.3112126686874,842400.0,True,True,6.907218559226713e-06,0.8992165242165242,0,,,61406.91063927159,95251.99438255752,True,True,post_v161_one_drop_one_add_whole_loan_swap,post-v161 one-swap pricing only; not multi-swap or global proof,C,C,1,2,3,2,0,3,2018,2018,CA,other
v63_source_repair_return_guarded_repair,incumbent_cvar_relaxed_source_lp,141589684,166121358,1000.0,1000.0,-210.06986238776113,-212.03423240595197,1.9643700181908343,976.3821152758412,842400.0,True,True,6.907218559226713e-06,0.8992165242165242,0,,,61398.41485360362,95216.32394320132,True,True,post_v161_one_drop_one_add_whole_loan_swap,post-v161 one-swap pricing only; not multi-swap or global proof,C,C,1,2,3,3,0,0,2018,2020,CA,MD
v63_source_repair_return_guarded_repair,incumbent_cvar_relaxed_source_lp,141589684,169887690,1000.0,1000.0,-210.06986238776113,-221.11264407259083,11.042781684829691,985.4605269424801,842400.0,True,True,6.907218559226713e-06,0.8992165242165242,0,,,61416.5655415027,95262.94465295068,True,True,post_v161_one_drop_one_add_whole_loan_swap,post-v161 one-swap pricing only; not multi-swap or global proof,C,B,1,1,3,0,0,3,2018,2020,CA,other
v63_source_repair_return_guarded_repair,incumbent_cvar_relaxed_source_lp,140809473,126707528,1000.0,1000.0,-224.12650719479345,-226.37597165812684,2.2494644633333962,976.6672097209838,842400.0,True,True,6.907218559226713e-06,0.8992165242165242,0,,,61276.56531011272,95047.2726856818,True,True,post_v161_one_drop_one_add_whole_loan_swap,post-v161 one-swap pricing only; not multi-swap or global proof,B,E,1,3,2,1,0,0,2018,2018,other,other
v63_source_repair_return_guarded_repair,incumbent_cvar_relaxed_source_lp,142191288,126483031,1300.0,1200.0,-196.74476771496595,-200.480236756332,3.735469041366059,978.1532142990164,842500.0,True,True,0.00010816869840624133,0.8992284866468843,0,,,61444.87828074293,95313.61301521033,True,True,post_v161_one_drop_one_add_whole_loan_swap,post-v161 one-swap pricing only; not multi-swap or global proof,B,B,0,0,2,2,1,0,2018,2018,IL,FL
v63_source_repair_return_guarded_repair,incumbent_cvar_relaxed_source_lp,142158597,127475725,1000.0,1000.0,-198.6946879530038,-211.8282137432861,13.133525790282306,987.5512710479327,842400.0,True,True,6.907218559226713e-06,0.8992165242165242,0,,,61501.42483503922,95359.92995097938,True,True,post_v161_one_drop_one_add_whole_loan_swap,post-v161 one-swap pricing only; not multi-swap or global proof,D,C,2,1,2,4,2,0,2018,2018,other,AZ
v63_source_repair_return_guarded_repair,incumbent_cvar_relaxed_source_lp,142158597,127582382,1000.0,1000.0,-198.6946879530038,-205.52183833714096,6.8271503841371555,981.2448956417875,842400.0,True,True,6.907218559226713e-06,0.8992165242165242,0,,,61443.44078086072,95281.59801672984,True,True,post_v161_one_drop_one_add_whole_loan_swap,post-v161 one-swap pricing only; not multi-swap or global proof,D,D,2,2,2,3,2,0,2018,2018,other,CA
v63_source_repair_return_guarded_repair,incumbent_cvar_relaxed_source_lp,142158597,126820122,1000.0,1000.0,-198.6946879530038,-201.89545162414464,3.200763671140834,977.6185089287912,842400.0,True,True,6.907218559226713e-06,0.8992165242165242,0,,,61486.73527704149,95343.66145487795,True,True,post_v161_one_drop_one_add_whole_loan_swap,post-v161 one-swap pricing only; not multi-swap or global proof,D,C,2,1,2,0,2,1,2018,2018,other,other
v63_source_repair_return_guarded_repair,incumbent_cvar_relaxed_source_lp,142158597,126707528,1000.0,1000.0,-198.6946879530038,-226.37597165812684,27.681283705123036,1002.0990289627734,842400.0,True,True,6.907218559226713e-06,0.8992165242165242,0,,,61363.85750959763,95187.68185252318,True,True,post_v161_one_drop_one_add_whole_loan_swap,post-v161 one-swap pricing only; not multi-swap or global proof,D,E,2,3,2,1,2,0,2018,2018,other,other
v63_source_repair_return_guarded_repair,incumbent_cvar_relaxed_source_lp,142158597,126652025,1000.0,1000.0,-198.6946879530038,-206.92821374328602,8.233525790282215,982.6512710479326,842400.0,True,True,6.907218559226713e-06,0.8992165242165242,0,,,61501.42483503922,95359.92995097938,True,True,post_v161_one_drop_one_add_whole_loan_swap,post-v161 one-swap pricing only; not multi-swap or global proof,D,C,2,1,2,3,2,1,2018,2018,other,FL
v63_source_repair_return_guarded_repair,incumbent_cvar_relaxed_source_lp,142158597,126419064,1000.0,1000.0,-198.6946879530038,-198.85427993768698,0.15959198468317481,974.5773372423336,842400.0,True,True,6.907218559226713e-06,0.8992165242165242,0,,,61460.128753611134,95300.9930488173,True,True,post_v161_one_drop_one_add_whole_loan_swap,post-v161 one-swap pricing only; not multi-swap or global proof,D,D,2,2,2,4,2,1,2018,2018,other,other
v63_source_repair_return_guarded_repair,incumbent_cvar_relaxed_source_lp,142158597,126409482,1000.0,1000.0,-198.6946879530038,-223.9633297987982,25.268641845794406,999.6863871034448,842400.0,True,True,6.907218559226713e-06,0.8992165242165242,0,,,61484.00714750345,95340.99108994054,True,True,post_v161_one_drop_one_add_whole_loan_swap,post-v161 one-swap pricing only; not multi-swap or global proof,D,C,2,2,2,2,2,3,2018,2018,other,other
v63_source_repair_return_guarded_repair,incumbent_cvar_relaxed_source_lp,142158597,166121358,1000.0,1000.0,-198.6946879530038,-212.03423240595197,13.33954445294816,987.7572897105986,842400.0,True,True,6.907218559226713e-06,0.8992165242165242,0,,,61475.51136183548,95305.32065058431,True,True,post_v161_one_drop_one_add_whole_loan_swap,post-v161 one-swap pricing only; not multi-swap or global proof,D,C,2,2,2,3,2,0,2018,2020,other,MD
v63_source_repair_return_guarded_repair,incumbent_cvar_relaxed_source_lp,142158597,169887690,1000.0,1000.0,-198.6946879530038,-221.11264407259083,22.417956119587018,996.8357013772375,842400.0,True,True,6.907218559226713e-06,0.8992165242165242,0,,,61493.66204973456,95351.9413603337,True,True,post_v161_one_drop_one_add_whole_loan_swap,post-v161 one-swap pricing only; not multi-swap or global proof,D,B,2,1,2,0,2,3,2018,2020,other,other
v63_source_repair_return_guarded_repair,incumbent_cvar_relaxed_source_lp,142149317,126707528,1000.0,1000.0,-221.45034038432323,-226.37597165812684,4.925631273803617,979.3433765314539,842400.0,True,True,6.907218559226713e-06,0.8992165242165242,0,,,61273.81826807817,95047.2726856818,True,True,post_v161_one_drop_one_add_whole_loan_swap,post-v161 one-swap pricing only; not multi-swap or global proof,B,E,1,3,0,1,0,0,2018,2018,OH,other
v63_source_repair_return_guarded_repair,incumbent_cvar_relaxed_source_lp,142149317,126409482,1000.0,1000.0,-221.45034038432323,-223.9633297987982,2.512989414474987,976.9307346721254,842400.0,True,True,6.907218559226713e-06,0.8992165242165242,0,,,61393.967905983984,95200.58192309916,True,True,post_v161_one_drop_one_add_whole_loan_swap,post-v161 one-swap pricing only; not multi-swap or global proof,B,C,1,2,0,2,0,3,2018,2018,OH,other
v63_source_repair_return_guarded_repair,incumbent_cvar_relaxed_source_lp,142130309,126707528,1000.0,1000.0,-217.9892371155226,-226.37597165812684,8.386734542604245,982.8044798002546,842400.0,True,True,6.907218559226713e-06,0.8992165242165242,0,,,61383.547944592385,95187.82564160126,True,True,post_v161_one_drop_one_add_whole_loan_swap,post-v161 one-swap pricing only; not multi-swap or global proof,D,E,3,3,3,1,3,0,2018,2018,VA,other
v63_source_repair_return_guarded_repair,incumbent_cvar_relaxed_source_lp,142130309,126409482,1000.0,1000.0,-217.9892371155226,-223.9633297987982,5.9740926832756145,980.391837940926,842400.0,True,True,6.907218559226713e-06,0.8992165242165242,0,,,61503.697582498215,95341.13487901862,True,True,post_v161_one_drop_one_add_whole_loan_swap,post-v161 one-swap pricing only; not multi-swap or global proof,D,C,3,2,3,2,3,3,2018,2018,VA,other
v63_source_repair_return_guarded_repair,incumbent_cvar_relaxed_source_lp,142130309,169887690,1000.0,1000.0,-217.9892371155226,-221.11264407259083,3.1234069570682266,977.5411522147186,842400.0,True,True,6.907218559226713e-06,0.8992165242165242,0,,,61513.35248472932,95352.08514941178,True,True,post_v161_one_drop_one_add_whole_loan_swap,post-v161 one-swap pricing only; not multi-swap or global proof,D,B,3,1,3,0,3,3,2018,2020,VA,other
v63_source_repair_return_guarded_repair,incumbent_cvar_relaxed_source_lp,141484260,126707528,1000.0,1000.0,-221.552574404467,-226.37597165812684,4.823397253659834,979.2411425113103,842400.0,True,True,6.907218559226713e-06,0.8992165242165242,0,,,61313.436270439444,95111.15500912568,True,True,post_v161_one_drop_one_add_whole_loan_swap,post-v161 one-swap pricing only; not multi-swap or global proof,C,E,2,3,0,1,1,0,2018,2018,other,other
v63_source_repair_return_guarded_repair,incumbent_cvar_relaxed_source_lp,141484260,126409482,1000.0,1000.0,-221.552574404467,-223.9633297987982,2.410755394331204,976.8285006519816,842400.0,True,True,6.907218559226713e-06,0.8992165242165242,0,,,61433.58590834527,95264.46424654305,True,True,post_v161_one_drop_one_add_whole_loan_swap,post-v161 one-swap pricing only; not multi-swap or global proof,C,C,2,2,0,2,1,3,2018,2018,other,other
v63_source_repair_return_guarded_repair,incumbent_cvar_relaxed_source_lp,142074879,126707528,1000.0,1000.0,-215.1969408568086,-226.37597165812684,11.179030801318248,985.5967760589687,842400.0,True,True,6.907218559226713e-06,0.8992165242165242,0,,,61336.01678048551,95175.09081115513,True,True,post_v161_one_drop_one_add_whole_loan_swap,post-v161 one-swap pricing only; not multi-swap or global proof,D,E,2,3,4,1,0,0,2018,2018,WA,other
v63_source_repair_return_guarded_repair,incumbent_cvar_relaxed_source_lp,142074879,126409482,1000.0,1000.0,-215.1969408568086,-223.9633297987982,8.766388941989618,983.18413419964,842400.0,True,True,6.907218559226713e-06,0.8992165242165242,0,,,61456.16641839132,95328.40004857248,True,True,post_v161_one_drop_one_add_whole_loan_swap,post-v161 one-swap pricing only; not multi-swap or global proof,D,C,2,2,4,2,0,3,2018,2018,WA,other
v63_source_repair_return_guarded_repair,incumbent_cvar_relaxed_source_lp,142074879,169887690,1000.0,1000.0,-215.1969408568086,-221.11264407259083,5.91570321578223,980.3334484734326,842400.0,True,True,6.907218559226713e-06,0.8992165242165242,0,,,61465.82132062243,95339.35031896565,True,True,post_v161_one_drop_one_add_whole_loan_swap,post-v161 one-swap pricing only; not multi-swap or global proof,D,B,2,1,4,0,0,3,2018,2020,WA,other
v63_source_repair_return_guarded_repair,incumbent_cvar_relaxed_source_lp,142054292,127874931,1000.0,1000.0,-182.663633648734,-186.9469746106631,4.283340961929099,978.7010862195795,842400.0,True,True,6.907218559226713e-06,0.8980294396961064,0,,,61581.50154341237,95501.6055631769,True,True,post_v161_one_drop_one_add_whole_loan_swap,post-v161 one-swap pricing only; not multi-swap or global proof,E,B,2,0,2,0,0,0,2018,2018,MD,MN
v63_source_repair_return_guarded_repair,incumbent_cvar_relaxed_source_lp,142054292,127672145,1000.0,1000.0,-182.663633648734,-196.20083323856994,13.53719958983595,987.9549448474863,842400.0,True,True,6.907218559226713e-06,0.8992165242165242,0,,,61550.39412838768,95457.23524429163,True,True,post_v161_one_drop_one_add_whole_loan_swap,post-v161 one-swap pricing only; not multi-swap or global proof,E,C,2,1,2,0,0,2,2018,2018,MD,other
v63_source_repair_return_guarded_repair,incumbent_cvar_relaxed_source_lp,142054292,127475725,1000.0,1000.0,-182.663633648734,-211.8282137432861,29.16458009455212,1003.5823253522025,842400.0,True,True,6.907218559226713e-06,0.8992165242165242,0,,,61524.5016474235,95425.13322603433,True,True,post_v161_one_drop_one_add_whole_loan_swap,post-v161 one-swap pricing only; not multi-swap or global proof,E,C,2,1,2,4,0,0,2018,2018,MD,AZ
v63_source_repair_return_guarded_repair,incumbent_cvar_relaxed_source_lp,142054292,127582382,1000.0,1000.0,-182.663633648734,-205.52183833714096,22.85820468840697,997.2759499460574,842400.0,True,True,6.907218559226713e-06,0.8992165242165242,0,,,61466.51759324499,95346.80129178482,True,True,post_v161_one_drop_one_add_whole_loan_swap,post-v161 one-swap pricing only; not multi-swap or global proof,E,D,2,2,2,3,0,0,2018,2018,MD,CA
v63_source_repair_return_guarded_repair,incumbent_cvar_relaxed_source_lp,142054292,126820122,1000.0,1000.0,-182.663633648734,-201.89545162414464,19.23181797541065,993.649563233061,842400.0,True,True,6.907218559226713e-06,0.8992165242165242,0,,,61509.812089425766,95408.86472993292,True,True,post_v161_one_drop_one_add_whole_loan_swap,post-v161 one-swap pricing only; not multi-swap or global proof,E,C,2,1,2,0,0,1,2018,2018,MD,other
v63_source_repair_return_guarded_repair,incumbent_cvar_relaxed_source_lp,142054292,126707528,1000.0,1000.0,-182.663633648734,-226.37597165812684,43.71233800939285,1018.1300832670432,842400.0,True,True,6.907218559226713e-06,0.8992165242165242,0,,,61386.934321981906,95252.88512757815,True,True,post_v161_one_drop_one_add_whole_loan_swap,post-v161 one-swap pricing only; not multi-swap or global proof,E,E,2,3,2,1,0,0,2018,2018,MD,other
v63_source_repair_return_guarded_repair,incumbent_cvar_relaxed_source_lp,142054292,126733849,1000.0,1000.0,-182.663633648734,-186.9469746106631,4.283340961929099,978.7010862195795,842400.0,True,True,6.907218559226713e-06,0.8980294396961064,0,,,61581.50154341237,95501.6055631769,True,True,post_v161_one_drop_one_add_whole_loan_swap,post-v161 one-swap pricing only; not multi-swap or global proof,E,B,2,0,2,4,0,3,2018,2018,MD,NJ
v63_source_repair_return_guarded_repair,incumbent_cvar_relaxed_source_lp,142054292,126652025,1000.0,1000.0,-182.663633648734,-206.92821374328602,24.26458009455203,998.6823253522024,842400.0,True,True,6.907218559226713e-06,0.8992165242165242,0,,,61524.5016474235,95425.13322603433,True,True,post_v161_one_drop_one_add_whole_loan_swap,post-v161 one-swap pricing only; not multi-swap or global proof,E,C,2,1,2,3,0,1,2018,2018,MD,FL
v63_source_repair_return_guarded_repair,incumbent_cvar_relaxed_source_lp,142054292,126416707,1000.0,1000.0,-182.663633648734,-187.69320294656202,5.029569297828033,979.4473145554784,842400.0,True,True,6.907218559226713e-06,0.8980294396961064,0,,,61580.73644874091,95500.62144493953,True,True,post_v161_one_drop_one_add_whole_loan_swap,post-v161 one-swap pricing only; not multi-swap or global proof,E,B,2,0,2,1,0,1,2018,2018,MD,CA
v63_source_repair_return_guarded_repair,incumbent_cvar_relaxed_source_lp,142054292,126419064,1000.0,1000.0,-182.663633648734,-198.85427993768698,16.19064628895299,990.6083915466033,842400.0,True,True,6.907218559226713e-06,0.8992165242165242,0,,,61483.205565995406,95366.19632387228,True,True,post_v161_one_drop_one_add_whole_loan_swap,post-v161 one-swap pricing only; not multi-swap or global proof,E,D,2,2,2,4,0,1,2018,2018,MD,other
v63_source_repair_return_guarded_repair,incumbent_cvar_relaxed_source_lp,142054292,126409482,1000.0,1000.0,-182.663633648734,-223.9633297987982,41.29969615006422,1015.7174414077147,842400.0,True,True,6.907218559226713e-06,0.8992165242165242,0,,,61507.08395988772,95406.19436499552,True,True,post_v161_one_drop_one_add_whole_loan_swap,post-v161 one-swap pricing only; not multi-swap or global proof,E,C,2,2,2,2,0,3,2018,2018,MD,other
v63_source_repair_return_guarded_repair,incumbent_cvar_relaxed_source_lp,142054292,166121358,1000.0,1000.0,-182.663633648734,-212.03423240595197,29.370598757217977,1003.7883440148684,842400.0,True,True,6.907218559226713e-06,0.8992165242165242,0,,,61498.58817421975,95370.5239256393,True,True,post_v161_one_drop_one_add_whole_loan_swap,post-v161 one-swap pricing only; not multi-swap or global proof,E,C,2,2,2,3,0,0,2018,2020,MD,MD
v63_source_repair_return_guarded_repair,incumbent_cvar_relaxed_source_lp,142054292,169887690,1000.0,1000.0,-182.663633648734,-221.11264407259083,38.44901042385683,1012.8667556815072,842400.0,True,True,6.907218559226713e-06,0.8992165242165242,0,,,61516.73886211883,95417.14463538866,True,True,post_v161_one_drop_one_add_whole_loan_swap,post-v161 one-swap pricing only; not multi-swap or global proof,E,B,2,1,2,0,0,3,2018,2020,MD,other
v63_source_repair_return_guarded_repair,incumbent_cvar_relaxed_source_lp,142054292,156823754,1000.0,1000.0,-182.663633648734,-183.46022770133698,0.796594052602984,975.2143393102533,842400.0,True,True,6.907218559226713e-06,0.8992165242165242,0,,,61483.61884586152,95288.7826263484,True,True,post_v161_one_drop_one_add_whole_loan_swap,post-v161 one-swap pricing only; not multi-swap or global proof,E,D,2,2,2,3,0,1,2018,2019,MD,CA
v63_source_repair_return_guarded_repair,incumbent_cvar_relaxed_source_lp,141926636,127475725,1000.0,1000.0,-207.97021425935694,-211.8282137432861,3.857999483929177,978.2757447415795,842400.0,True,True,6.907218559226713e-06,0.8992165242165242,0,,,61550.25599237005,95436.24927331049,True,True,post_v161_one_drop_one_add_whole_loan_swap,post-v161 one-swap pricing only; not multi-swap or global proof,E,C,3,1,1,4,4,0,2018,2018,FL,AZ
v63_source_repair_return_guarded_repair,incumbent_cvar_relaxed_source_lp,141926636,126707528,1000.0,1000.0,-207.97021425935694,-226.37597165812684,18.405757398769907,992.8235026564203,842400.0,True,True,6.907218559226713e-06,0.8992165242165242,0,,,61412.68866692845,95264.00117485426,True,True,post_v161_one_drop_one_add_whole_loan_swap,post-v161 one-swap pricing only; not multi-swap or global proof,E,E,3,3,1,1,4,0,2018,2018,FL,other
v63_source_repair_return_guarded_repair,incumbent_cvar_relaxed_source_lp,141926636,126409482,1000.0,1000.0,-207.97021425935694,-223.9633297987982,15.993115539441277,990.4108607970917,842400.0,True,True,6.907218559226713e-06,0.8992165242165242,0,,,61532.838304834266,95417.31041227166,True,True,post_v161_one_drop_one_add_whole_loan_swap,post-v161 one-swap pricing only; not multi-swap or global proof,E,C,3,2,1,2,4,3,2018,2018,FL,other
v63_source_repair_return_guarded_repair,incumbent_cvar_relaxed_source_lp,141926636,166121358,1000.0,1000.0,-207.97021425935694,-212.03423240595197,4.064018146595032,978.4817634042454,842400.0,True,True,6.907218559226713e-06,0.8992165242165242,0,,,61524.3425191663,95381.63997291542,True,True,post_v161_one_drop_one_add_whole_loan_swap,post-v161 one-swap pricing only; not multi-swap or global proof,E,C,3,2,1,3,4,0,2018,2020,FL,MD
v63_source_repair_return_guarded_repair,incumbent_cvar_relaxed_source_lp,141926636,169887690,1000.0,1000.0,-207.97021425935694,-221.11264407259083,13.142429813233889,987.5601750708843,842400.0,True,True,6.907218559226713e-06,0.8992165242165242,0,,,61542.493207065374,95428.26068266481,True,True,post_v161_one_drop_one_add_whole_loan_swap,post-v161 one-swap pricing only; not multi-swap or global proof,E,B,3,1,1,0,4,3,2018,2020,FL,other
v63_source_repair_return_guarded_repair,incumbent_cvar_relaxed_source_lp,141907560,169005860,2000.0,2000.0,-382.1778665503931,-393.55925260534593,11.381386054952827,985.7991313126032,842400.0,True,True,6.907218559226713e-06,0.8992165242165242,0,,,61427.88819309491,95343.17811784301,True,True,post_v161_one_drop_one_add_whole_loan_swap,post-v161 one-swap pricing only; not multi-swap or global proof,C,B,2,1,2,3,0,1,2018,2020,NY,FL
v63_source_repair_return_guarded_repair,incumbent_cvar_relaxed_source_lp,141837838,127475725,1000.0,1000.0,-204.75034038432315,-211.8282137432861,7.077873358962961,981.4956186166133,842400.0,True,True,6.907218559226713e-06,0.8992165242165242,0,,,61411.385593519764,95219.52078413799,True,True,post_v161_one_drop_one_add_whole_loan_swap,post-v161 one-swap pricing only; not multi-swap or global proof,B,C,1,1,4,4,3,0,2018,2018,TX,AZ
v63_source_repair_return_guarded_repair,incumbent_cvar_relaxed_source_lp,141837838,127582382,1000.0,1000.0,-204.75034038432315,-205.52183833714096,0.7714979528178105,975.1892432104682,842400.0,True,True,6.907218559226713e-06,0.8992165242165242,0,,,61353.40153934125,95141.18884988845,True,True,post_v161_one_drop_one_add_whole_loan_swap,post-v161 one-swap pricing only; not multi-swap or global proof,B,D,1,2,4,3,3,0,2018,2018,TX,CA
v63_source_repair_return_guarded_repair,incumbent_cvar_relaxed_source_lp,141837838,126707528,1000.0,1000.0,-204.75034038432315,-226.37597165812684,21.62563127380369,996.0433765314541,842400.0,True,True,6.907218559226713e-06,0.8992165242165242,0,,,61273.81826807817,95047.2726856818,True,True,post_v161_one_drop_one_add_whole_loan_swap,post-v161 one-swap pricing only; not multi-swap or global proof,B,E,1,3,4,1,3,0,2018,2018,TX,other
v63_source_repair_return_guarded_repair,incumbent_cvar_relaxed_source_lp,141837838,126652025,1000.0,1000.0,-204.75034038432315,-206.92821374328602,2.17787335896287,976.5956186166133,842400.0,True,True,6.907218559226713e-06,0.8992165242165242,0,,,61411.385593519764,95219.52078413799,True,True,post_v161_one_drop_one_add_whole_loan_swap,post-v161 one-swap pricing only; not multi-swap or global proof,B,C,1,1,4,3,3,1,2018,2018,TX,FL
v63_source_repair_return_guarded_repair,incumbent_cvar_relaxed_source_lp,141837838,126409482,1000.0,1000.0,-204.75034038432315,-223.9633297987982,19.21298941447506,993.6307346721254,842400.0,True,True,6.907218559226713e-06,0.8992165242165242,0,,,61393.967905983984,95200.58192309916,True,True,post_v161_one_drop_one_add_whole_loan_swap,post-v161 one-swap pricing only; not multi-swap or global proof,B,C,1,2,4,2,3,3,2018,2018,TX,other
v63_source_repair_return_guarded_repair,incumbent_cvar_relaxed_source_lp,141837838,166121358,1000.0,1000.0,-204.75034038432315,-212.03423240595197,7.283892021628816,981.7016372792792,842400.0,True,True,6.907218559226713e-06,0.8992165242165242,0,,,61385.472120316015,95164.91148374294,True,True,post_v161_one_drop_one_add_whole_loan_swap,post-v161 one-swap pricing only; not multi-swap or global proof,B,C,1,2,4,3,3,0,2018,2020,TX,MD
v63_source_repair_return_guarded_repair,incumbent_cvar_relaxed_source_lp,141837838,169887690,1000.0,1000.0,-204.75034038432315,-221.11264407259083,16.362303688267673,990.780048945918,842400.0,True,True,6.907218559226713e-06,0.8992165242165242,0,,,61403.62280821509,95211.53219349231,True,True,post_v161_one_drop_one_add_whole_loan_swap,post-v161 one-swap pricing only; not multi-swap or global proof,B,B,1,1,4,0,3,3,2018,2020,TX,other
v63_source_repair_return_guarded_repair,incumbent_cvar_relaxed_source_lp,141830760,126707528,1000.0,1000.0,-222.13678226578543,-226.37597165812684,4.239189392341416,978.6569346499919,842400.0,True,True,6.907218559226713e-06,0.8992165242165242,0,,,61427.11152281152,95264.49089028456,True,True,post_v161_one_drop_one_add_whole_loan_swap,post-v161 one-swap pricing only; not multi-swap or global proof,E,E,3,3,0,1,2,0,2018,2018,other,other
v63_source_repair_return_guarded_repair,incumbent_cvar_relaxed_source_lp,141830760,126409482,1000.0,1000.0,-222.13678226578543,-223.9633297987982,1.8265475330127856,976.2442927906632,842400.0,True,True,6.907218559226713e-06,0.8992165242165242,0,,,61547.261160717346,95417.80012770194,True,True,post_v161_one_drop_one_add_whole_loan_swap,post-v161 one-swap pricing only; not multi-swap or global proof,E,C,3,2,0,2,2,3,2018,2018,other,other
v63_source_repair_return_guarded_repair,incumbent_cvar_relaxed_source_lp,141822273,126707528,1000.0,1000.0,-221.45034038432323,-226.37597165812684,4.925631273803617,979.3433765314539,842400.0,True,True,6.907218559226713e-06,0.8992165242165242,0,,,61273.81826807817,95047.2726856818,True,True,post_v161_one_drop_one_add_whole_loan_swap,post-v161 one-swap pricing only; not multi-swap or global proof,B,E,1,3,0,1,1,0,2018,2018,MI,other
v63_source_repair_return_guarded_repair,incumbent_cvar_relaxed_source_lp,141822273,126409482,1000.0,1000.0,-221.45034038432323,-223.9633297987982,2.512989414474987,976.9307346721254,842400.0,True,True,6.907218559226713e-06,0.8992165242165242,0,,,61393.967905983984,95200.58192309916,True,True,post_v161_one_drop_one_add_whole_loan_swap,post-v161 one-swap pricing only; not multi-swap or global proof,B,C,1,2,0,2,1,3,2018,2018,MI,other
v63_source_repair_return_guarded_repair,incumbent_cvar_relaxed_source_lp,141671640,169005860,2000.0,2000.0,-390.93972477552256,-393.55925260534593,2.619527829823369,977.0372730874737,842400.0,True,True,6.907218559226713e-06,0.8992165242165242,0,,,61413.94552260333,95330.9917356361,True,True,post_v161_one_drop_one_add_whole_loan_swap,post-v161 one-swap pricing only; not multi-swap or global proof,C,B,1,1,4,3,0,1,2018,2020,MD,FL
v63_source_repair_return_guarded_repair,incumbent_cvar_relaxed_source_lp,141665611,127011905,1600.0,1500.0,-264.10266005877247,-310.3923206149292,46.28966055615672,1020.7074058138071,842500.0,True,True,0.00010816869840624133,0.8991097922848664,0,,,61407.694340650865,95299.6806730162,True,True,post_v161_one_drop_one_add_whole_loan_swap,post-v161 one-swap pricing only; not multi-swap or global proof,C,C,1,1,2,2,1,2,2018,2018,other,other
v63_source_repair_return_guarded_repair,incumbent_cvar_relaxed_source_lp,141665611,126620912,1600.0,1500.0,-264.10266005877247,-319.768173516142,55.665513457369514,1030.0832587150198,842500.0,True,True,0.00010816869840624133,0.8991097922848664,0,,,61460.385480752666,95374.60965080802,True,True,post_v161_one_drop_one_add_whole_loan_swap,post-v161 one-swap pricing only; not multi-swap or global proof,C,B,1,1,2,0,1,0,2018,2018,other,other
v63_source_repair_return_guarded_repair,incumbent_cvar_relaxed_source_lp,141665611,167713836,1600.0,1500.0,-264.10266005877247,-323.27724824243177,59.174588183659296,1033.5923334413096,842500.0,True,True,0.00010816869840624133,0.8991097922848664,0,,,61376.9381500796,95224.87470880819,True,True,post_v161_one_drop_one_add_whole_loan_swap,post-v161 one-swap pricing only; not multi-swap or global proof,C,C,1,1,2,1,1,4,2018,2020,other,other
v63_source_repair_return_guarded_repair,incumbent_cvar_relaxed_source_lp,141646209,126707528,1000.0,1000.0,-221.45034038432323,-226.37597165812684,4.925631273803617,979.3433765314539,842400.0,True,True,6.907218559226713e-06,0.8992165242165242,0,,,61273.81826807817,95047.2726856818,True,True,post_v161_one_drop_one_add_whole_loan_swap,post-v161 one-swap pricing only; not multi-swap or global proof,B,E,1,3,3,1,1,0,2018,2018,CO,other
v63_source_repair_return_guarded_repair,incumbent_cvar_relaxed_source_lp,141646209,126409482,1000.0,1000.0,-221.45034038432323,-223.9633297987982,2.512989414474987,976.9307346721254,842400.0,True,True,6.907218559226713e-06,0.8992165242165242,0,,,61393.967905983984,95200.58192309916,True,True,post_v161_one_drop_one_add_whole_loan_swap,post-v161 one-swap pricing only; not multi-swap or global proof,B,C,1,2,3,2,1,3,2018,2018,CO,other
v63_source_repair_return_guarded_repair,incumbent_cvar_relaxed_source_lp,141614025,127475725,1000.0,1000.0,-206.4719053620936,-211.8282137432861,5.35630838119252,979.7740536388429,842400.0,True,True,6.907218559226713e-06,0.8992165242165242,0,,,61528.98667921926,95428.72273390734,True,True,post_v161_one_drop_one_add_whole_loan_swap,post-v161 one-swap pricing only; not multi-swap or global proof,E,C,3,1,1,4,3,0,2018,2018,FL,AZ
v63_source_repair_return_guarded_repair,incumbent_cvar_relaxed_source_lp,141614025,126707528,1000.0,1000.0,-206.4719053620936,-226.37597165812684,19.90406629603325,994.3218115536836,842400.0,True,True,6.907218559226713e-06,0.8992165242165242,0,,,61391.41935377768,95256.47463545113,True,True,post_v161_one_drop_one_add_whole_loan_swap,post-v161 one-swap pricing only; not multi-swap or global proof,E,E,3,3,1,1,3,0,2018,2018,FL,other
v63_source_repair_return_guarded_repair,incumbent_cvar_relaxed_source_lp,141614025,126652025,1000.0,1000.0,-206.4719053620936,-206.92821374328602,0.45630838119242867,974.8740536388428,842400.0,True,True,6.907218559226713e-06,0.8992165242165242,0,,,61528.98667921926,95428.72273390734,True,True,post_v161_one_drop_one_add_whole_loan_swap,post-v161 one-swap pricing only; not multi-swap or global proof,E,C,3,1,1,3,3,1,2018,2018,FL,FL
v63_source_repair_return_guarded_repair,incumbent_cvar_relaxed_source_lp,141614025,126409482,1000.0,1000.0,-206.4719053620936,-223.9633297987982,17.49142443670462,991.909169694355,842400.0,True,True,6.907218559226713e-06,0.8992165242165242,0,,,61511.568991683496,95409.7838728685,True,True,post_v161_one_drop_one_add_whole_loan_swap,post-v161 one-swap pricing only; not multi-swap or global proof,E,C,3,2,1,2,3,3,2018,2018,FL,other
v63_source_repair_return_guarded_repair,incumbent_cvar_relaxed_source_lp,141614025,166121358,1000.0,1000.0,-206.4719053620936,-212.03423240595197,5.5623270438583745,979.9800723015087,842400.0,True,True,6.907218559226713e-06,0.8992165242165242,0,,,61503.07320601553,95374.11343351229,True,True,post_v161_one_drop_one_add_whole_loan_swap,post-v161 one-swap pricing only; not multi-swap or global proof,E,C,3,2,1,3,3,0,2018,2020,FL,MD
v63_source_repair_return_guarded_repair,incumbent_cvar_relaxed_source_lp,141614025,169887690,1000.0,1000.0,-206.4719053620936,-221.11264407259083,14.640738710497232,989.0584839681476,842400.0,True,True,6.907218559226713e-06,0.8992165242165242,0,,,61521.2238939146,95420.7341432617,True,True,post_v161_one_drop_one_add_whole_loan_swap,post-v161 one-swap pricing only; not multi-swap or global proof,E,B,3,1,1,0,3,3,2018,2020,FL,other
v63_source_repair_return_guarded_repair,incumbent_cvar_relaxed_source_lp,141317800,126707528,1000.0,1000.0,-225.31993139996783,-226.37597165812684,1.0560402581590154,975.4737855158094,842400.0,True,True,6.907218559226713e-06,0.8992165242165242,0,,,61410.60168574113,95263.73225882818,True,True,post_v161_one_drop_one_add_whole_loan_swap,post-v161 one-swap pricing only; not multi-swap or global proof,E,E,3,3,0,1,2,0,2018,2018,other,other
v63_source_repair_return_guarded_repair,incumbent_cvar_relaxed_source_lp,141564677,127475725,1000.0,1000.0,-209.02340032965716,-211.8282137432861,2.804813413628949,977.2225586712793,842400.0,True,True,6.907218559226713e-06,0.8992165242165242,0,,,61457.52269777344,95283.40849137408,True,True,post_v161_one_drop_one_add_whole_loan_swap,post-v161 one-swap pricing only; not multi-swap or global proof,C,C,2,1,3,4,2,0,2018,2018,TX,AZ
v63_source_repair_return_guarded_repair,incumbent_cvar_relaxed_source_lp,141564677,126707528,1000.0,1000.0,-209.02340032965716,-226.37597165812684,17.35257132846968,991.7703165861201,842400.0,True,True,6.907218559226713e-06,0.8992165242165242,0,,,61319.95537233185,95111.16039291791,True,True,post_v161_one_drop_one_add_whole_loan_swap,post-v161 one-swap pricing only; not multi-swap or global proof,C,E,2,3,3,1,2,0,2018,2018,TX,other
v63_source_repair_return_guarded_repair,incumbent_cvar_relaxed_source_lp,141564677,126409482,1000.0,1000.0,-209.02340032965716,-223.9633297987982,14.939929469141049,989.3576747267914,842400.0,True,True,6.907218559226713e-06,0.8992165242165242,0,,,61440.10501023767,95264.46963033525,True,True,post_v161_one_drop_one_add_whole_loan_swap,post-v161 one-swap pricing only; not multi-swap or global proof,C,C,2,2,3,2,2,3,2018,2018,TX,other
v63_source_repair_return_guarded_repair,incumbent_cvar_relaxed_source_lp,141564677,166121358,1000.0,1000.0,-209.02340032965716,-212.03423240595197,3.010832076294804,977.4285773339452,842400.0,True,True,6.907218559226713e-06,0.8992165242165242,0,,,61431.60922456971,95228.79919097906,True,True,post_v161_one_drop_one_add_whole_loan_swap,post-v161 one-swap pricing only; not multi-swap or global proof,C,C,2,2,3,3,2,0,2018,2020,TX,MD
v63_source_repair_return_guarded_repair,incumbent_cvar_relaxed_source_lp,141564677,169887690,1000.0,1000.0,-209.02340032965716,-221.11264407259083,12.089243742933661,986.5069890005841,842400.0,True,True,6.907218559226713e-06,0.8992165242165242,0,,,61449.75991246878,95275.41990072842,True,True,post_v161_one_drop_one_add_whole_loan_swap,post-v161 one-swap pricing only; not multi-swap or global proof,C,B,2,1,3,0,2,3,2018,2020,TX,other
v63_source_repair_return_guarded_repair,incumbent_cvar_relaxed_source_lp,141524082,127874931,1000.0,1000.0,-179.84696271822858,-186.9469746106631,7.100011892434509,981.5177571500849,842400.0,True,True,6.907218559226713e-06,0.8992165242165242,0,,,61419.66792655291,95262.0371778651,True,True,post_v161_one_drop_one_add_whole_loan_swap,post-v161 one-swap pricing only; not multi-swap or global proof,B,B,0,0,3,0,0,0,2018,2018,NJ,MN
v63_source_repair_return_guarded_repair,incumbent_cvar_relaxed_source_lp,141524082,126733849,1000.0,1000.0,-179.84696271822858,-186.9469746106631,7.100011892434509,981.5177571500849,842400.0,True,True,6.907218559226713e-06,0.8992165242165242,0,,,61419.66792655291,95262.0371778651,True,True,post_v161_one_drop_one_add_whole_loan_swap,post-v161 one-swap pricing only; not multi-swap or global proof,B,B,0,0,3,4,0,3,2018,2018,NJ,NJ
v63_source_repair_return_guarded_repair,incumbent_cvar_relaxed_source_lp,141524082,126416707,1000.0,1000.0,-179.84696271822858,-187.69320294656202,7.846240228333443,982.2639854859838,842400.0,True,True,6.907218559226713e-06,0.8992165242165242,0,,,61418.90283188146,95261.05305962774,True,True,post_v161_one_drop_one_add_whole_loan_swap,post-v161 one-swap pricing only; not multi-swap or global proof,B,B,0,0,3,1,0,1,2018,2018,NJ,CA
v63_source_repair_return_guarded_repair,incumbent_cvar_relaxed_source_lp,140277690,127475725,1000.0,1000.0,-206.4719053620936,-211.8282137432861,5.35630838119252,979.7740536388429,842400.0,True,True,6.907218559226713e-06,0.8992165242165242,0,,,61528.98667921926,95428.72273390734,True,True,post_v161_one_drop_one_add_whole_loan_swap,post-v161 one-swap pricing only; not multi-swap or global proof,E,C,3,1,4,4,2,0,2018,2018,FL,AZ
v63_source_repair_return_guarded_repair,incumbent_cvar_relaxed_source_lp,140277690,126707528,1000.0,1000.0,-206.4719053620936,-226.37597165812684,19.90406629603325,994.3218115536836,842400.0,True,True,6.907218559226713e-06,0.8992165242165242,0,,,61391.41935377768,95256.47463545113,True,True,post_v161_one_drop_one_add_whole_loan_swap,post-v161 one-swap pricing only; not multi-swap or global proof,E,E,3,3,4,1,2,0,2018,2018,FL,other
v63_source_repair_return_guarded_repair,incumbent_cvar_relaxed_source_lp,140277690,126652025,1000.0,1000.0,-206.4719053620936,-206.92821374328602,0.45630838119242867,974.8740536388428,842400.0,True,True,6.907218559226713e-06,0.8992165242165242,0,,,61528.98667921926,95428.72273390734,True,True,post_v161_one_drop_one_add_whole_loan_swap,post-v161 one-swap pricing only; not multi-swap or global proof,E,C,3,1,4,3,2,1,2018,2018,FL,FL
v63_source_repair_return_guarded_repair,incumbent_cvar_relaxed_source_lp,140277690,126409482,1000.0,1000.0,-206.4719053620936,-223.9633297987982,17.49142443670462,991.909169694355,842400.0,True,True,6.907218559226713e-06,0.8992165242165242,0,,,61511.568991683496,95409.7838728685,True,True,post_v161_one_drop_one_add_whole_loan_swap,post-v161 one-swap pricing only; not multi-swap or global proof,E,C,3,2,4,2,2,3,2018,2018,FL,other
v63_source_repair_return_guarded_repair,incumbent_cvar_relaxed_source_lp,140277690,166121358,1000.0,1000.0,-206.4719053620936,-212.03423240595197,5.5623270438583745,979.9800723015087,842400.0,True,True,6.907218559226713e-06,0.8992165242165242,0,,,61503.07320601553,95374.11343351229,True,True,post_v161_one_drop_one_add_whole_loan_swap,post-v161 one-swap pricing only; not multi-swap or global proof,E,C,3,2,4,3,2,0,2018,2020,FL,MD
v63_source_repair_return_guarded_repair,incumbent_cvar_relaxed_source_lp,140277690,169887690,1000.0,1000.0,-206.4719053620936,-221.11264407259083,14.640738710497232,989.0584839681476,842400.0,True,True,6.907218559226713e-06,0.8992165242165242,0,,,61521.2238939146,95420.7341432617,True,True,post_v161_one_drop_one_add_whole_loan_swap,post-v161 one-swap pricing only; not multi-swap or global proof,E,B,3,1,4,0,2,3,2018,2020,FL,other
v63_source_repair_return_guarded_repair,incumbent_cvar_relaxed_source_lp,141250780,126707528,1000.0,1000.0,-217.67021425935698,-226.37597165812684,8.705757398769862,983.1235026564202,842400.0,True,True,6.907218559226713e-06,0.8992165242165242,0,,,61412.68866692845,95264.00117485426,True,True,post_v161_one_drop_one_add_whole_loan_swap,post-v161 one-swap pricing only; not multi-swap or global proof,E,E,3,3,2,1,2,0,2018,2018,IN,other
v63_source_repair_return_guarded_repair,incumbent_cvar_relaxed_source_lp,141250780,126409482,1000.0,1000.0,-217.67021425935698,-223.9633297987982,6.2931155394412315,980.7108607970916,842400.0,True,True,6.907218559226713e-06,0.8992165242165242,0,,,61532.838304834266,95417.31041227166,True,True,post_v161_one_drop_one_add_whole_loan_swap,post-v161 one-swap pricing only; not multi-swap or global proof,E,C,3,2,2,2,2,3,2018,2018,IN,other
v63_source_repair_return_guarded_repair,incumbent_cvar_relaxed_source_lp,141250780,169887690,1000.0,1000.0,-217.67021425935698,-221.11264407259083,3.4424298132338436,977.8601750708842,842400.0,True,True,6.907218559226713e-06,0.8992165242165242,0,,,61542.493207065374,95428.26068266481,True,True,post_v161_one_drop_one_add_whole_loan_swap,post-v161 one-swap pricing only; not multi-swap or global proof,E,B,3,1,2,0,2,3,2018,2020,IN,other
v63_source_repair_return_guarded_repair,incumbent_cvar_relaxed_source_lp,141184113,127676286,2000.0,1700.0,-248.63454352438842,-284.013668738137,35.37912521374861,1009.796870471399,842700.0,True,True,0.000310619560215053,0.899252402990388,0,,,61449.009836574536,95349.68827505974,True,True,post_v161_one_drop_one_add_whole_loan_swap,post-v161 one-swap pricing only; not multi-swap or global proof,B,B,0,0,4,4,0,1,2018,2018,NY,NV
v63_source_repair_return_guarded_repair,incumbent_cvar_relaxed_source_lp,141184113,127281432,2000.0,2000.0,-248.63454352438842,-271.1059581396894,22.471414615300972,996.8891598729514,842400.0,True,True,6.907218559226713e-06,0.8992165242165242,0,,,61416.41197643039,95303.89659751044,True,True,post_v161_one_drop_one_add_whole_loan_swap,post-v161 one-swap pricing only; not multi-swap or global proof,B,B,0,0,4,4,0,0,2018,2018,NY,other
v63_source_repair_return_guarded_repair,incumbent_cvar_relaxed_source_lp,141184113,126760355,2000.0,1500.0,-248.63454352438842,-250.40002765814089,1.7654841337524658,976.1832293914028,842900.0,True,True,0.0005129743485339233,0.8992763079843398,0,,,61500.62754170058,95422.19798270661,True,True,post_v161_one_drop_one_add_whole_loan_swap,post-v161 one-swap pricing only; not multi-swap or global proof,B,B,0,0,4,1,0,0,2018,2018,NY,IL
v63_source_repair_return_guarded_repair,incumbent_cvar_relaxed_source_lp,141175851,126707528,1000.0,1000.0,-218.08801317578875,-226.37597165812684,8.287958482338098,982.7057037399885,842400.0,True,True,6.907218559226713e-06,0.8992165242165242,0,,,61393.36903081375,95257.64544100284,True,True,post_v161_one_drop_one_add_whole_loan_swap,post-v161 one-swap pricing only; not multi-swap or global proof,E,E,3,3,1,1,4,0,2018,2018,other,other
v63_source_repair_return_guarded_repair,incumbent_cvar_relaxed_source_lp,141175851,126409482,1000.0,1000.0,-218.08801317578875,-223.9633297987982,5.875316623009468,980.2930618806598,842400.0,True,True,6.907218559226713e-06,0.8992165242165242,0,,,61513.51866871956,95410.95467842022,True,True,post_v161_one_drop_one_add_whole_loan_swap,post-v161 one-swap pricing only; not multi-swap or global proof,E,C,3,2,1,2,4,3,2018,2018,other,other
v63_source_repair_return_guarded_repair,incumbent_cvar_relaxed_source_lp,141175851,169887690,1000.0,1000.0,-218.08801317578875,-221.11264407259083,3.02463089680208,977.4423761544524,842400.0,True,True,6.907218559226713e-06,0.8992165242165242,0,,,61523.17357095066,95421.90494881338,True,True,post_v161_one_drop_one_add_whole_loan_swap,post-v161 one-swap pricing only; not multi-swap or global proof,E,B,3,1,1,0,4,3,2018,2020,other,other
v63_source_repair_return_guarded_repair,incumbent_cvar_relaxed_source_lp,141154396,126707528,1000.0,1000.0,-216.17190536209336,-226.37597165812684,10.204066296033488,984.6218115536839,842400.0,True,True,6.907218559226713e-06,0.8992165242165242,0,,,61391.41935377768,95256.47463545113,True,True,post_v161_one_drop_one_add_whole_loan_swap,post-v161 one-swap pricing only; not multi-swap or global proof,E,E,3,3,3,1,1,0,2018,2018,CA,other
v63_source_repair_return_guarded_repair,incumbent_cvar_relaxed_source_lp,141154396,126409482,1000.0,1000.0,-216.17190536209336,-223.9633297987982,7.791424436704858,982.2091696943553,842400.0,True,True,6.907218559226713e-06,0.8992165242165242,0,,,61511.568991683496,95409.7838728685,True,True,post_v161_one_drop_one_add_whole_loan_swap,post-v161 one-swap pricing only; not multi-swap or global proof,E,C,3,2,3,2,1,3,2018,2018,CA,other
v63_source_repair_return_guarded_repair,incumbent_cvar_relaxed_source_lp,141154396,169887690,1000.0,1000.0,-216.17190536209336,-221.11264407259083,4.94073871049747,979.3584839681479,842400.0,True,True,6.907218559226713e-06,0.8992165242165242,0,,,61521.2238939146,95420.7341432617,True,True,post_v161_one_drop_one_add_whole_loan_swap,post-v161 one-swap pricing only; not multi-swap or global proof,E,B,3,1,3,0,1,3,2018,2020,CA,other
v63_source_repair_return_guarded_repair,incumbent_cvar_relaxed_source_lp,149461606,127874931,1000.0,1000.0,-164.00156784304872,-186.9469746106631,22.945406767614372,997.3631520252648,842400.0,True,True,6.907218559226713e-06,0.8992165242165242,0,,,61416.11046725471,95254.62686092539,True,True,post_v161_one_drop_one_add_whole_loan_swap,post-v161 one-swap pricing only; not multi-swap or global proof,B,B,0,0,3,0,0,0,2019,2018,NC,MN
v63_source_repair_return_guarded_repair,incumbent_cvar_relaxed_source_lp,149461606,126733849,1000.0,1000.0,-164.00156784304872,-186.9469746106631,22.945406767614372,997.3631520252648,842400.0,True,True,6.907218559226713e-06,0.8992165242165242,0,,,61416.11046725471,95254.62686092539,True,True,post_v161_one_drop_one_add_whole_loan_swap,post-v161 one-swap pricing only; not multi-swap or global proof,B,B,0,0,3,4,0,3,2019,2018,NC,NJ
v63_source_repair_return_guarded_repair,incumbent_cvar_relaxed_source_lp,149461606,126468092,1000.0,1000.0,-164.00156784304872,-169.50590883596908,5.504340992920362,979.9220862505707,842400.0,True,True,6.907218559226713e-06,0.8992165242165242,0,,,61439.01468981209,95285.8602628981,True,True,post_v161_one_drop_one_add_whole_loan_swap,post-v161 one-swap pricing only; not multi-swap or global proof,B,B,0,0,3,1,0,2,2019,2018,NC,other
v63_source_repair_return_guarded_repair,incumbent_cvar_relaxed_source_lp,149461606,126416707,1000.0,1000.0,-164.00156784304872,-187.69320294656202,23.691635103513306,998.1093803611636,842400.0,True,True,6.907218559226713e-06,0.8992165242165242,0,,,61415.34537258325,95253.64274268801,True,True,post_v161_one_drop_one_add_whole_loan_swap,post-v161 one-swap pricing only; not multi-swap or global proof,B,B,0,0,3,1,0,1,2019,2018,NC,CA
v63_source_repair_return_guarded_repair,incumbent_cvar_relaxed_source_lp,149234001,168678809,1000.0,1000.0,-21.926866965281548,-25.935876492202276,4.009009526920728,978.4267547845711,842400.0,True,True,6.907218559226713e-06,0.8992165242165242,0,,,61419.72987119229,95209.61831789766,True,True,post_v161_one_drop_one_add_whole_loan_swap,post-v161 one-swap pricing only; not multi-swap or global proof,A,A,1,1,2,1,2,0,2019,2020,NC,IN
v63_source_repair_return_guarded_repair,incumbent_cvar_relaxed_source_lp,149234001,170390171,1000.0,1000.0,-21.926866965281548,-23.632377345499286,1.7055103802177385,976.1232556378682,842400.0,True,True,6.907218559226713e-06,0.8992165242165242,0,,,61416.324381650724,95202.68551771258,True,True,post_v161_one_drop_one_add_whole_loan_swap,post-v161 one-swap pricing only; not multi-swap or global proof,A,A,1,1,2,0,2,0,2019,2020,NC,other
v63_source_repair_return_guarded_repair,incumbent_cvar_relaxed_source_lp,149234001,169450190,1000.0,1000.0,-21.926866965281548,-22.58050328415853,0.653636318876984,975.0713815765274,842400.0,True,True,6.907218559226713e-06,0.8992165242165242,0,,,61399.00965716218,95167.67748438682,True,True,post_v161_one_drop_one_add_whole_loan_swap,post-v161 one-swap pricing only; not multi-swap or global proof,A,A,1,1,2,0,2,0,2019,2020,NC,AZ
v63_source_repair_return_guarded_repair,incumbent_cvar_relaxed_source_lp,149245627,127475725,1000.0,1000.0,-205.12162381509287,-211.8282137432861,6.706589928193239,981.1243351858436,842400.0,True,True,6.907218559226713e-06,0.8992165242165242,0,,,61573.87288461458,95360.40402277965,True,True,post_v161_one_drop_one_add_whole_loan_swap,post-v161 one-swap pricing only; not multi-swap or global proof,D,C,4,1,1,4,3,0,2019,2018,NJ,AZ
v63_source_repair_return_guarded_repair,incumbent_cvar_relaxed_source_lp,149245627,127582382,1000.0,1000.0,-205.12162381509287,-205.52183833714096,0.4002145220480884,974.8179597796984,842400.0,True,True,6.907218559226713e-06,0.8992165242165242,0,,,61515.88883043607,95282.07208853016,True,True,post_v161_one_drop_one_add_whole_loan_swap,post-v161 one-swap pricing only; not multi-swap or global proof,D,D,4,2,1,3,3,0,2019,2018,NJ,CA
v63_source_repair_return_guarded_repair,incumbent_cvar_relaxed_source_lp,149245627,126707528,1000.0,1000.0,-205.12162381509287,-226.37597165812684,21.25434784303397,995.6720931006844,842400.0,True,True,6.907218559226713e-06,0.8992165242165242,0,,,61436.30555917299,95188.15592432347,True,True,post_v161_one_drop_one_add_whole_loan_swap,post-v161 one-swap pricing only; not multi-swap or global proof,D,E,4,3,1,1,3,0,2019,2018,NJ,other
v63_source_repair_return_guarded_repair,incumbent_cvar_relaxed_source_lp,149245627,126652025,1000.0,1000.0,-205.12162381509287,-206.92821374328602,1.806589928193148,976.2243351858435,842400.0,True,True,6.907218559226713e-06,0.8992165242165242,0,,,61573.87288461458,95360.40402277965,True,True,post_v161_one_drop_one_add_whole_loan_swap,post-v161 one-swap pricing only; not multi-swap or global proof,D,C,4,1,1,3,3,1,2019,2018,NJ,FL
v63_source_repair_return_guarded_repair,incumbent_cvar_relaxed_source_lp,149245627,126409482,1000.0,1000.0,-205.12162381509287,-223.9633297987982,18.84170598370534,993.2594512413557,842400.0,True,True,6.907218559226713e-06,0.8992165242165242,0,,,61556.45519707881,95341.46516174084,True,True,post_v161_one_drop_one_add_whole_loan_swap,post-v161 one-swap pricing only; not multi-swap or global proof,D,C,4,2,1,2,3,3,2019,2018,NJ,other
v63_source_repair_return_guarded_repair,incumbent_cvar_relaxed_source_lp,149245627,166121358,1000.0,1000.0,-205.12162381509287,-212.03423240595197,6.912608590859094,981.3303538485095,842400.0,True,True,6.907218559226713e-06,0.8992165242165242,0,,,61547.95941141085,95305.79472238461,True,True,post_v161_one_drop_one_add_whole_loan_swap,post-v161 one-swap pricing only; not multi-swap or global proof,D,C,4,2,1,3,3,0,2019,2020,NJ,MD
v63_source_repair_return_guarded_repair,incumbent_cvar_relaxed_source_lp,149245627,169887690,1000.0,1000.0,-205.12162381509287,-221.11264407259083,15.99102025749795,990.4087655151484,842400.0,True,True,6.907218559226713e-06,0.8992165242165242,0,,,61566.11009930991,95352.415432134,True,True,post_v161_one_drop_one_add_whole_loan_swap,post-v161 one-swap pricing only; not multi-swap or global proof,D,B,4,1,1,0,3,3,2019,2020,NJ,other
v63_source_repair_return_guarded_repair,incumbent_cvar_relaxed_source_lp,149155031,127874931,1000.0,1000.0,-180.4847285023466,-186.9469746106631,6.462246108316492,980.8799913659668,842400.0,True,True,6.907218559226713e-06,0.8980294396961064,0,,,61605.66973517002,95436.87635992224,True,True,post_v161_one_drop_one_add_whole_loan_swap,post-v161 one-swap pricing only; not multi-swap or global proof,D,B,3,0,3,0,2,0,2019,2018,TX,MN
v63_source_repair_return_guarded_repair,incumbent_cvar_relaxed_source_lp,149155031,127672145,1000.0,1000.0,-180.4847285023466,-196.20083323856994,15.716104736223343,990.1338499938737,842400.0,True,True,6.907218559226713e-06,0.8992165242165242,0,,,61574.562320145335,95392.50604103695,True,True,post_v161_one_drop_one_add_whole_loan_swap,post-v161 one-swap pricing only; not multi-swap or global proof,D,C,3,1,3,0,2,2,2019,2018,TX,other
v63_source_repair_return_guarded_repair,incumbent_cvar_relaxed_source_lp,149155031,127475725,1000.0,1000.0,-180.4847285023466,-211.8282137432861,31.343485240939515,1005.7612304985898,842400.0,True,True,6.907218559226713e-06,0.8992165242165242,0,,,61548.66983918115,95360.40402277965,True,True,post_v161_one_drop_one_add_whole_loan_swap,post-v161 one-swap pricing only; not multi-swap or global proof,D,C,3,1,3,4,2,0,2019,2018,TX,AZ
v63_source_repair_return_guarded_repair,incumbent_cvar_relaxed_source_lp,149155031,127582382,1000.0,1000.0,-180.4847285023466,-205.52183833714096,25.037109834794364,999.4548550924447,842400.0,True,True,6.907218559226713e-06,0.8992165242165242,0,,,61490.68578500264,95282.07208853016,True,True,post_v161_one_drop_one_add_whole_loan_swap,post-v161 one-swap pricing only; not multi-swap or global proof,D,D,3,2,3,3,2,0,2019,2018,TX,CA
v63_source_repair_return_guarded_repair,incumbent_cvar_relaxed_source_lp,149155031,126820122,1000.0,1000.0,-180.4847285023466,-201.89545162414464,21.410723121798043,995.8284683794484,842400.0,True,True,6.907218559226713e-06,0.8992165242165242,0,,,61533.98028118341,95344.13552667823,True,True,post_v161_one_drop_one_add_whole_loan_swap,post-v161 one-swap pricing only; not multi-swap or global proof,D,C,3,1,3,0,2,1,2019,2018,TX,other
v63_source_repair_return_guarded_repair,incumbent_cvar_relaxed_source_lp,149155031,126707528,1000.0,1000.0,-180.4847285023466,-226.37597165812684,45.891243155780245,1020.3089884134306,842400.0,True,True,6.907218559226713e-06,0.8992165242165242,0,,,61411.10251373956,95188.15592432347,True,True,post_v161_one_drop_one_add_whole_loan_swap,post-v161 one-swap pricing only; not multi-swap or global proof,D,E,3,3,3,1,2,0,2019,2018,TX,other
v63_source_repair_return_guarded_repair,incumbent_cvar_relaxed_source_lp,149155031,126733849,1000.0,1000.0,-180.4847285023466,-186.9469746106631,6.462246108316492,980.8799913659668,842400.0,True,True,6.907218559226713e-06,0.8980294396961064,0,,,61605.66973517002,95436.87635992224,True,True,post_v161_one_drop_one_add_whole_loan_swap,post-v161 one-swap pricing only; not multi-swap or global proof,D,B,3,0,3,4,2,3,2019,2018,TX,NJ
v63_source_repair_return_guarded_repair,incumbent_cvar_relaxed_source_lp,149155031,126652025,1000.0,1000.0,-180.4847285023466,-206.92821374328602,26.443485240939424,1000.8612304985897,842400.0,True,True,6.907218559226713e-06,0.8992165242165242,0,,,61548.66983918115,95360.40402277965,True,True,post_v161_one_drop_one_add_whole_loan_swap,post-v161 one-swap pricing only; not multi-swap or global proof,D,C,3,1,3,3,2,1,2019,2018,TX,FL
v63_source_repair_return_guarded_repair,incumbent_cvar_relaxed_source_lp,149155031,126416707,1000.0,1000.0,-180.4847285023466,-187.69320294656202,7.208474444215426,981.6262197018658,842400.0,True,True,6.907218559226713e-06,0.8980294396961064,0,,,61604.90464049857,95435.89224168485,True,True,post_v161_one_drop_one_add_whole_loan_swap,post-v161 one-swap pricing only; not multi-swap or global proof,D,B,3,0,3,1,2,1,2019,2018,TX,CA
v63_source_repair_return_guarded_repair,incumbent_cvar_relaxed_source_lp,149155031,126419064,1000.0,1000.0,-180.4847285023466,-198.85427993768698,18.369551435340384,992.7872966929908,842400.0,True,True,6.907218559226713e-06,0.8992165242165242,0,,,61507.373757753056,95301.46712061761,True,True,post_v161_one_drop_one_add_whole_loan_swap,post-v161 one-swap pricing only; not multi-swap or global proof,D,D,3,2,3,4,2,1,2019,2018,TX,other
v63_source_repair_return_guarded_repair,incumbent_cvar_relaxed_source_lp,149155031,126409482,1000.0,1000.0,-180.4847285023466,-223.9633297987982,43.478601296451615,1017.896346554102,842400.0,True,True,6.907218559226713e-06,0.8992165242165242,0,,,61531.25215164537,95341.46516174084,True,True,post_v161_one_drop_one_add_whole_loan_swap,post-v161 one-swap pricing only; not multi-swap or global proof,D,C,3,2,3,2,2,3,2019,2018,TX,other
v63_source_repair_return_guarded_repair,incumbent_cvar_relaxed_source_lp,149155031,166121358,1000.0,1000.0,-180.4847285023466,-212.03423240595197,31.54950390360537,1005.9672491612557,842400.0,True,True,6.907218559226713e-06,0.8992165242165242,0,,,61522.7563659774,95305.79472238461,True,True,post_v161_one_drop_one_add_whole_loan_swap,post-v161 one-swap pricing only; not multi-swap or global proof,D,C,3,2,3,3,2,0,2019,2020,TX,MD
v63_source_repair_return_guarded_repair,incumbent_cvar_relaxed_source_lp,149155031,169887690,1000.0,1000.0,-180.4847285023466,-221.11264407259083,40.62791557024423,1015.0456608278946,842400.0,True,True,6.907218559226713e-06,0.8992165242165242,0,,,61540.90705387648,95352.415432134,True,True,post_v161_one_drop_one_add_whole_loan_swap,post-v161 one-swap pricing only; not multi-swap or global proof,D,B,3,1,3,0,2,3,2019,2020,TX,other
v63_source_repair_return_guarded_repair,incumbent_cvar_relaxed_source_lp,149155031,156823754,1000.0,1000.0,-180.4847285023466,-183.46022770133698,2.975499198990377,977.3932444566408,842400.0,True,True,6.907218559226713e-06,0.8992165242165242,0,,,61507.787037619164,95224.0534230937,True,True,post_v161_one_drop_one_add_whole_loan_swap,post-v161 one-swap pricing only; not multi-swap or global proof,D,D,3,2,3,3,2,1,2019,2019,TX,CA
v63_source_repair_return_guarded_repair,incumbent_cvar_relaxed_source_lp,149149014,168678809,1000.0,1000.0,-24.023651160233186,-25.935876492202276,1.9122253319690898,976.3299705896195,842400.0,True,True,6.907218559226713e-06,0.8992165242165242,0,,,61428.25408237071,95223.46503449931,True,True,post_v161_one_drop_one_add_whole_loan_swap,post-v161 one-swap pricing only; not multi-swap or global proof,A,A,1,1,3,1,2,0,2019,2020,FL,IN
v63_source_repair_return_guarded_repair,incumbent_cvar_relaxed_source_lp,148978265,126707528,1000.0,1000.0,-219.8572313371372,-226.37597165812684,6.51874032098965,980.93648557864,842400.0,True,True,6.907218559226713e-06,0.8992165242165242,0,,,61412.505446519055,95188.15592432347,True,True,post_v161_one_drop_one_add_whole_loan_swap,post-v161 one-swap pricing only; not multi-swap or global proof,D,E,3,3,0,1,4,0,2019,2018,FL,other
v63_source_repair_return_guarded_repair,incumbent_cvar_relaxed_source_lp,148978265,126409482,1000.0,1000.0,-219.8572313371372,-223.9633297987982,4.10609846166102,978.5238437193113,842400.0,True,True,6.907218559226713e-06,0.8992165242165242,0,,,61532.65508442487,95341.46516174084,True,True,post_v161_one_drop_one_add_whole_loan_swap,post-v161 one-swap pricing only; not multi-swap or global proof,D,C,3,2,0,2,4,3,2019,2018,FL,other
v63_source_repair_return_guarded_repair,incumbent_cvar_relaxed_source_lp,148978265,169887690,1000.0,1000.0,-219.8572313371372,-221.11264407259083,1.255412735453632,975.673157993104,842400.0,True,True,6.907218559226713e-06,0.8992165242165242,0,,,61542.30998665598,95352.415432134,True,True,post_v161_one_drop_one_add_whole_loan_swap,post-v161 one-swap pricing only; not multi-swap or global proof,D,B,3,1,0,0,4,3,2019,2020,FL,other
v63_source_repair_return_guarded_repair,incumbent_cvar_relaxed_source_lp,148844217,167137941,3000.0,3000.0,-444.0511331318909,-445.1753118629482,1.1241787310573272,975.5419239887077,842400.0,True,True,6.907218559226713e-06,0.8992165242165242,0,,,61446.66076507498,95292.59884452689,True,True,post_v161_one_drop_one_add_whole_loan_swap,post-v161 one-swap pricing only; not multi-swap or global proof,B,B,0,0,2,2,0,0,2019,2020,NV,CA
v63_source_repair_return_guarded_repair,incumbent_cvar_relaxed_source_lp,148756705,127475725,1000.0,1000.0,-205.8597787194831,-211.8282137432861,5.968435023803011,980.3861802814533,842400.0,True,True,6.907218559226713e-06,0.8992165242165242,0,,,61423.4723134372,95269.8734404598,True,True,post_v161_one_drop_one_add_whole_loan_swap,post-v161 one-swap pricing only; not multi-swap or global proof,C,C,1,1,4,4,1,0,2019,2018,PA,AZ
v63_source_repair_return_guarded_repair,incumbent_cvar_relaxed_source_lp,148756705,126707528,1000.0,1000.0,-205.8597787194831,-226.37597165812684,20.51619293864374,994.9339381962941,842400.0,True,True,6.907218559226713e-06,0.8992165242165242,0,,,61285.904987995615,95097.6253420036,True,True,post_v161_one_drop_one_add_whole_loan_swap,post-v161 one-swap pricing only; not multi-swap or global proof,C,E,1,3,4,1,1,0,2019,2018,PA,other
v63_source_repair_return_guarded_repair,incumbent_cvar_relaxed_source_lp,148756705,126652025,1000.0,1000.0,-205.8597787194831,-206.92821374328602,1.0684350238029197,975.4861802814532,842400.0,True,True,6.907218559226713e-06,0.8992165242165242,0,,,61423.4723134372,95269.8734404598,True,True,post_v161_one_drop_one_add_whole_loan_swap,post-v161 one-swap pricing only; not multi-swap or global proof,C,C,1,1,4,3,1,1,2019,2018,PA,FL
v63_source_repair_return_guarded_repair,incumbent_cvar_relaxed_source_lp,148756705,126409482,1000.0,1000.0,-205.8597787194831,-223.9633297987982,18.10355107931511,992.5212963369655,842400.0,True,True,6.907218559226713e-06,0.8992165242165242,0,,,61406.05462590143,95250.93457942097,True,True,post_v161_one_drop_one_add_whole_loan_swap,post-v161 one-swap pricing only; not multi-swap or global proof,C,C,1,2,4,2,1,3,2019,2018,PA,other
v63_source_repair_return_guarded_repair,incumbent_cvar_relaxed_source_lp,148756705,166121358,1000.0,1000.0,-205.8597787194831,-212.03423240595197,6.1744536864688655,980.5921989441192,842400.0,True,True,6.907218559226713e-06,0.8992165242165242,0,,,61397.55884023346,95215.26414006474,True,True,post_v161_one_drop_one_add_whole_loan_swap,post-v161 one-swap pricing only; not multi-swap or global proof,C,C,1,2,4,3,1,0,2019,2020,PA,MD
v63_source_repair_return_guarded_repair,incumbent_cvar_relaxed_source_lp,148756705,169887690,1000.0,1000.0,-205.8597787194831,-221.11264407259083,15.252865353107723,989.6706106107581,842400.0,True,True,6.907218559226713e-06,0.8992165242165242,0,,,61415.70952813253,95261.8848498141,True,True,post_v161_one_drop_one_add_whole_loan_swap,post-v161 one-swap pricing only; not multi-swap or global proof,C,B,1,1,4,0,1,3,2019,2020,PA,other
v63_source_repair_return_guarded_repair,incumbent_cvar_relaxed_source_lp,147645935,126707528,1000.0,1000.0,-218.56085367522954,-226.37597165812684,7.815117982897306,982.2328632405477,842400.0,True,True,6.907218559226713e-06,0.8992165242165242,0,,,61393.82402382023,95256.8026914041,True,True,post_v161_one_drop_one_add_whole_loan_swap,post-v161 one-swap pricing only; not multi-swap or global proof,E,E,2,3,4,1,1,0,2019,2018,CA,other
v63_source_repair_return_guarded_repair,incumbent_cvar_relaxed_source_lp,147645935,126409482,1000.0,1000.0,-218.56085367522954,-223.9633297987982,5.402476123568675,979.8202213812191,842400.0,True,True,6.907218559226713e-06,0.8992165242165242,0,,,61513.973661726035,95410.11192882147,True,True,post_v161_one_drop_one_add_whole_loan_swap,post-v161 one-swap pricing only; not multi-swap or global proof,E,C,2,2,4,2,1,3,2019,2018,CA,other
v63_source_repair_return_guarded_repair,incumbent_cvar_relaxed_source_lp,147645935,169887690,1000.0,1000.0,-218.56085367522954,-221.11264407259083,2.5517903973612874,976.9695356550117,842400.0,True,True,6.907218559226713e-06,0.8992165242165242,0,,,61523.62856395715,95421.06219921462,True,True,post_v161_one_drop_one_add_whole_loan_swap,post-v161 one-swap pricing only; not multi-swap or global proof,E,B,2,1,4,0,1,3,2019,2020,CA,other
v63_source_repair_return_guarded_repair,incumbent_cvar_relaxed_source_lp,148588666,127874931,1000.0,1000.0,-180.4847285023466,-186.9469746106631,6.462246108316492,980.8799913659668,842400.0,True,True,6.907218559226713e-06,0.8980294396961064,0,,,61605.66973517002,95436.87635992224,True,True,post_v161_one_drop_one_add_whole_loan_swap,post-v161 one-swap pricing only; not multi-swap or global proof,D,B,3,0,2,0,2,0,2019,2018,VA,MN
v63_source_repair_return_guarded_repair,incumbent_cvar_relaxed_source_lp,148588666,127672145,1000.0,1000.0,-180.4847285023466,-196.20083323856994,15.716104736223343,990.1338499938737,842400.0,True,True,6.907218559226713e-06,0.8992165242165242,0,,,61574.562320145335,95392.50604103695,True,True,post_v161_one_drop_one_add_whole_loan_swap,post-v161 one-swap pricing only; not multi-swap or global proof,D,C,3,1,2,0,2,2,2019,2018,VA,other
v63_source_repair_return_guarded_repair,incumbent_cvar_relaxed_source_lp,148588666,127475725,1000.0,1000.0,-180.4847285023466,-211.8282137432861,31.343485240939515,1005.7612304985898,842400.0,True,True,6.907218559226713e-06,0.8992165242165242,0,,,61548.66983918115,95360.40402277965,True,True,post_v161_one_drop_one_add_whole_loan_swap,post-v161 one-swap pricing only; not multi-swap or global proof,D,C,3,1,2,4,2,0,2019,2018,VA,AZ
v63_source_repair_return_guarded_repair,incumbent_cvar_relaxed_source_lp,148588666,127582382,1000.0,1000.0,-180.4847285023466,-205.52183833714096,25.037109834794364,999.4548550924447,842400.0,True,True,6.907218559226713e-06,0.8992165242165242,0,,,61490.68578500264,95282.07208853016,True,True,post_v161_one_drop_one_add_whole_loan_swap,post-v161 one-swap pricing only; not multi-swap or global proof,D,D,3,2,2,3,2,0,2019,2018,VA,CA
v63_source_repair_return_guarded_repair,incumbent_cvar_relaxed_source_lp,148588666,126820122,1000.0,1000.0,-180.4847285023466,-201.89545162414464,21.410723121798043,995.8284683794484,842400.0,True,True,6.907218559226713e-06,0.8992165242165242,0,,,61533.98028118341,95344.13552667823,True,True,post_v161_one_drop_one_add_whole_loan_swap,post-v161 one-swap pricing only; not multi-swap or global proof,D,C,3,1,2,0,2,1,2019,2018,VA,other
v63_source_repair_return_guarded_repair,incumbent_cvar_relaxed_source_lp,148588666,126707528,1000.0,1000.0,-180.4847285023466,-226.37597165812684,45.891243155780245,1020.3089884134306,842400.0,True,True,6.907218559226713e-06,0.8992165242165242,0,,,61411.10251373956,95188.15592432347,True,True,post_v161_one_drop_one_add_whole_loan_swap,post-v161 one-swap pricing only; not multi-swap or global proof,D,E,3,3,2,1,2,0,2019,2018,VA,other
v63_source_repair_return_guarded_repair,incumbent_cvar_relaxed_source_lp,148588666,126733849,1000.0,1000.0,-180.4847285023466,-186.9469746106631,6.462246108316492,980.8799913659668,842400.0,True,True,6.907218559226713e-06,0.8980294396961064,0,,,61605.66973517002,95436.87635992224,True,True,post_v161_one_drop_one_add_whole_loan_swap,post-v161 one-swap pricing only; not multi-swap or global proof,D,B,3,0,2,4,2,3,2019,2018,VA,NJ
v63_source_repair_return_guarded_repair,incumbent_cvar_relaxed_source_lp,148588666,126652025,1000.0,1000.0,-180.4847285023466,-206.92821374328602,26.443485240939424,1000.8612304985897,842400.0,True,True,6.907218559226713e-06,0.8992165242165242,0,,,61548.66983918115,95360.40402277965,True,True,post_v161_one_drop_one_add_whole_loan_swap,post-v161 one-swap pricing only; not multi-swap or global proof,D,C,3,1,2,3,2,1,2019,2018,VA,FL
v63_source_repair_return_guarded_repair,incumbent_cvar_relaxed_source_lp,148588666,126416707,1000.0,1000.0,-180.4847285023466,-187.69320294656202,7.208474444215426,981.6262197018658,842400.0,True,True,6.907218559226713e-06,0.8980294396961064,0,,,61604.90464049857,95435.89224168485,True,True,post_v161_one_drop_one_add_whole_loan_swap,post-v161 one-swap pricing only; not multi-swap or global proof,D,B,3,0,2,1,2,1,2019,2018,VA,CA
v63_source_repair_return_guarded_repair,incumbent_cvar_relaxed_source_lp,148588666,126419064,1000.0,1000.0,-180.4847285023466,-198.85427993768698,18.369551435340384,992.7872966929908,842400.0,True,True,6.907218559226713e-06,0.8992165242165242,0,,,61507.373757753056,95301.46712061761,True,True,post_v161_one_drop_one_add_whole_loan_swap,post-v161 one-swap pricing only; not multi-swap or global proof,D,D,3,2,2,4,2,1,2019,2018,VA,other
v63_source_repair_return_guarded_repair,incumbent_cvar_relaxed_source_lp,148588666,126409482,1000.0,1000.0,-180.4847285023466,-223.9633297987982,43.478601296451615,1017.896346554102,842400.0,True,True,6.907218559226713e-06,0.8992165242165242,0,,,61531.25215164537,95341.46516174084,True,True,post_v161_one_drop_one_add_whole_loan_swap,post-v161 one-swap pricing only; not multi-swap or global proof,D,C,3,2,2,2,2,3,2019,2018,VA,other
v63_source_repair_return_guarded_repair,incumbent_cvar_relaxed_source_lp,148588666,166121358,1000.0,1000.0,-180.4847285023466,-212.03423240595197,31.54950390360537,1005.9672491612557,842400.0,True,True,6.907218559226713e-06,0.8992165242165242,0,,,61522.7563659774,95305.79472238461,True,True,post_v161_one_drop_one_add_whole_loan_swap,post-v161 one-swap pricing only; not multi-swap or global proof,D,C,3,2,2,3,2,0,2019,2020,VA,MD
v63_source_repair_return_guarded_repair,incumbent_cvar_relaxed_source_lp,148588666,169887690,1000.0,1000.0,-180.4847285023466,-221.11264407259083,40.62791557024423,1015.0456608278946,842400.0,True,True,6.907218559226713e-06,0.8992165242165242,0,,,61540.90705387648,95352.415432134,True,True,post_v161_one_drop_one_add_whole_loan_swap,post-v161 one-swap pricing only; not multi-swap or global proof,D,B,3,1,2,0,2,3,2019,2020,VA,other
v63_source_repair_return_guarded_repair,incumbent_cvar_relaxed_source_lp,148588666,156823754,1000.0,1000.0,-180.4847285023466,-183.46022770133698,2.975499198990377,977.3932444566408,842400.0,True,True,6.907218559226713e-06,0.8992165242165242,0,,,61507.787037619164,95224.0534230937,True,True,post_v161_one_drop_one_add_whole_loan_swap,post-v161 one-swap pricing only; not multi-swap or global proof,D,D,3,2,2,3,2,1,2019,2019,VA,CA
v63_source_repair_return_guarded_repair,incumbent_cvar_relaxed_source_lp,148673813,126707528,1200.0,1000.0,-216.58167420281595,-226.37597165812684,9.794297455310897,984.2120427129613,842600.0,True,True,0.00020940614277265013,0.8990030856871588,0,,,61504.41709027194,95313.44188705069,True,True,post_v161_one_drop_one_add_whole_loan_swap,post-v161 one-swap pricing only; not multi-swap or global proof,D,E,3,3,3,1,0,0,2019,2018,CA,other
v63_source_repair_return_guarded_repair,incumbent_cvar_relaxed_source_lp,148673813,126409482,1200.0,1000.0,-216.58167420281595,-223.9633297987982,7.3816555959822665,981.7994008536326,842600.0,True,True,0.00020940614277265013,0.8990030856871588,0,,,61624.56672817776,95466.75112446806,True,True,post_v161_one_drop_one_add_whole_loan_swap,post-v161 one-swap pricing only; not multi-swap or global proof,D,C,3,2,3,2,0,3,2019,2018,CA,other
v63_source_repair_return_guarded_repair,incumbent_cvar_relaxed_source_lp,148673813,169887690,1200.0,1000.0,-216.58167420281595,-221.11264407259083,4.530969869774879,978.9487151274252,842600.0,True,True,0.00020940614277265013,0.8990030856871588,0,,,61634.221630408865,95477.7013948612,True,True,post_v161_one_drop_one_add_whole_loan_swap,post-v161 one-swap pricing only; not multi-swap or global proof,D,B,3,1,3,0,0,3,2019,2020,CA,other
v63_source_repair_return_guarded_repair,incumbent_cvar_relaxed_source_lp,148594249,126707528,1100.0,1000.0,-225.6337861966021,-226.37597165812684,0.7421854615247412,975.1599307191751,842500.0,True,True,0.00010816869840624133,0.8991097922848664,0,,,61485.483151982524,95250.79890568709,True,True,post_v161_one_drop_one_add_whole_loan_swap,post-v161 one-swap pricing only; not multi-swap or global proof,D,E,4,3,3,1,0,0,2019,2018,VA,other
v63_source_repair_return_guarded_repair,incumbent_cvar_relaxed_source_lp,148583349,126707528,1000.0,1000.0,-223.59089640959343,-226.37597165812684,2.785075248533417,977.2028205061838,842400.0,True,True,6.907218559226713e-06,0.8992165242165242,0,,,61296.74447832792,95047.52882330309,True,True,post_v161_one_drop_one_add_whole_loan_swap,post-v161 one-swap pricing only; not multi-swap or global proof,B,E,1,3,0,1,4,0,2019,2018,WA,other
v63_source_repair_return_guarded_repair,incumbent_cvar_relaxed_source_lp,148583349,126409482,1000.0,1000.0,-223.59089640959343,-223.9633297987982,0.37243338920478664,974.7901786468551,842400.0,True,True,6.907218559226713e-06,0.8992165242165242,0,,,61416.89411623373,95200.83806072049,True,True,post_v161_one_drop_one_add_whole_loan_swap,post-v161 one-swap pricing only; not multi-swap or global proof,B,C,1,2,0,2,4,3,2019,2018,WA,other
v63_source_repair_return_guarded_repair,incumbent_cvar_relaxed_source_lp,148488907,168803640,1500.0,1500.0,-23.590300447922335,-30.498264963412808,6.907964515490473,981.3257097731408,842400.0,True,True,6.907218559226713e-06,0.8992165242165242,0,,,61398.26908255269,95179.75980561669,True,True,post_v161_one_drop_one_add_whole_loan_swap,post-v161 one-swap pricing only; not multi-swap or global proof,A,A,1,1,3,3,4,3,2019,2020,other,IL
v63_source_repair_return_guarded_repair,incumbent_cvar_relaxed_source_lp,148321707,126707528,1000.0,1000.0,-213.6842269727513,-226.37597165812684,12.69174468537554,987.1094899430259,842400.0,True,True,6.907218559226713e-06,0.8992165242165242,0,,,61445.37005584946,95264.86161578912,True,True,post_v161_one_drop_one_add_whole_loan_swap,post-v161 one-swap pricing only; not multi-swap or global proof,E,E,3,3,1,1,2,0,2019,2018,FL,other
v63_source_repair_return_guarded_repair,incumbent_cvar_relaxed_source_lp,148321707,126409482,1000.0,1000.0,-213.6842269727513,-223.9633297987982,10.279102826046909,984.6968480836973,842400.0,True,True,6.907218559226713e-06,0.8992165242165242,0,,,61565.51969375528,95418.17085320648,True,True,post_v161_one_drop_one_add_whole_loan_swap,post-v161 one-swap pricing only; not multi-swap or global proof,E,C,3,2,1,2,2,3,2019,2018,FL,other
v63_source_repair_return_guarded_repair,incumbent_cvar_relaxed_source_lp,148321707,169887690,1000.0,1000.0,-213.6842269727513,-221.11264407259083,7.428417099839521,981.8461623574899,842400.0,True,True,6.907218559226713e-06,0.8992165242165242,0,,,61575.17459598638,95429.12112359965,True,True,post_v161_one_drop_one_add_whole_loan_swap,post-v161 one-swap pricing only; not multi-swap or global proof,E,B,3,1,1,0,2,3,2019,2020,FL,other
v63_source_repair_return_guarded_repair,incumbent_cvar_relaxed_source_lp,148266260,127874931,1000.0,1000.0,-181.8913939597021,-186.9469746106631,5.055580650960991,979.4733259086114,842400.0,True,True,6.907218559226713e-06,0.8980294396961064,0,,,61607.115186753625,95433.4036560798,True,True,post_v161_one_drop_one_add_whole_loan_swap,post-v161 one-swap pricing only; not multi-swap or global proof,D,B,3,0,3,0,1,0,2019,2018,TX,MN
v63_source_repair_return_guarded_repair,incumbent_cvar_relaxed_source_lp,148266260,127672145,1000.0,1000.0,-181.8913939597021,-196.20083323856994,14.309439278867842,988.7271845365183,842400.0,True,True,6.907218559226713e-06,0.8992165242165242,0,,,61576.00777172894,95389.03333719453,True,True,post_v161_one_drop_one_add_whole_loan_swap,post-v161 one-swap pricing only; not multi-swap or global proof,D,C,3,1,3,0,1,2,2019,2018,TX,other
v63_source_repair_return_guarded_repair,incumbent_cvar_relaxed_source_lp,148266260,127475725,1000.0,1000.0,-181.8913939597021,-211.8282137432861,29.936819783584014,1004.3545650412344,842400.0,True,True,6.907218559226713e-06,0.8992165242165242,0,,,61550.11529076475,95356.93131893723,True,True,post_v161_one_drop_one_add_whole_loan_swap,post-v161 one-swap pricing only; not multi-swap or global proof,D,C,3,1,3,4,1,0,2019,2018,TX,AZ
v63_source_repair_return_guarded_repair,incumbent_cvar_relaxed_source_lp,148266260,127582382,1000.0,1000.0,-181.8913939597021,-205.52183833714096,23.630444377438863,998.0481896350892,842400.0,True,True,6.907218559226713e-06,0.8992165242165242,0,,,61492.13123658625,95278.59938468771,True,True,post_v161_one_drop_one_add_whole_loan_swap,post-v161 one-swap pricing only; not multi-swap or global proof,D,D,3,2,3,3,1,0,2019,2018,TX,CA
v63_source_repair_return_guarded_repair,incumbent_cvar_relaxed_source_lp,148266260,126820122,1000.0,1000.0,-181.8913939597021,-201.89545162414464,20.00405766444254,994.4218029220929,842400.0,True,True,6.907218559226713e-06,0.8992165242165242,0,,,61535.42573276702,95340.66282283583,True,True,post_v161_one_drop_one_add_whole_loan_swap,post-v161 one-swap pricing only; not multi-swap or global proof,D,C,3,1,3,0,1,1,2019,2018,TX,other
v63_source_repair_return_guarded_repair,incumbent_cvar_relaxed_source_lp,148266260,126707528,1000.0,1000.0,-181.8913939597021,-226.37597165812684,44.484577698424744,1018.9023229560751,842400.0,True,True,6.907218559226713e-06,0.8992165242165242,0,,,61412.54796532317,95184.68322048105,True,True,post_v161_one_drop_one_add_whole_loan_swap,post-v161 one-swap pricing only; not multi-swap or global proof,D,E,3,3,3,1,1,0,2019,2018,TX,other
v63_source_repair_return_guarded_repair,incumbent_cvar_relaxed_source_lp,148266260,126733849,1000.0,1000.0,-181.8913939597021,-186.9469746106631,5.055580650960991,979.4733259086114,842400.0,True,True,6.907218559226713e-06,0.8980294396961064,0,,,61607.115186753625,95433.4036560798,True,True,post_v161_one_drop_one_add_whole_loan_swap,post-v161 one-swap pricing only; not multi-swap or global proof,D,B,3,0,3,4,1,3,2019,2018,TX,NJ
v63_source_repair_return_guarded_repair,incumbent_cvar_relaxed_source_lp,148266260,126652025,1000.0,1000.0,-181.8913939597021,-206.92821374328602,25.036819783583923,999.4545650412343,842400.0,True,True,6.907218559226713e-06,0.8992165242165242,0,,,61550.11529076475,95356.93131893723,True,True,post_v161_one_drop_one_add_whole_loan_swap,post-v161 one-swap pricing only; not multi-swap or global proof,D,C,3,1,3,3,1,1,2019,2018,TX,FL
v63_source_repair_return_guarded_repair,incumbent_cvar_relaxed_source_lp,148266260,126416707,1000.0,1000.0,-181.8913939597021,-187.69320294656202,5.801808986859925,980.2195542445103,842400.0,True,True,6.907218559226713e-06,0.8980294396961064,0,,,61606.35009208217,95432.4195378424,True,True,post_v161_one_drop_one_add_whole_loan_swap,post-v161 one-swap pricing only; not multi-swap or global proof,D,B,3,0,3,1,1,1,2019,2018,TX,CA
v63_source_repair_return_guarded_repair,incumbent_cvar_relaxed_source_lp,148266260,126419064,1000.0,1000.0,-181.8913939597021,-198.85427993768698,16.962885977984882,991.3806312356353,842400.0,True,True,6.907218559226713e-06,0.8992165242165242,0,,,61508.81920933665,95297.99441677515,True,True,post_v161_one_drop_one_add_whole_loan_swap,post-v161 one-swap pricing only; not multi-swap or global proof,D,D,3,2,3,4,1,1,2019,2018,TX,other
v63_source_repair_return_guarded_repair,incumbent_cvar_relaxed_source_lp,148266260,126409482,1000.0,1000.0,-181.8913939597021,-223.9633297987982,42.07193583909611,1016.4896810967465,842400.0,True,True,6.907218559226713e-06,0.8992165242165242,0,,,61532.69760322898,95337.9924578984,True,True,post_v161_one_drop_one_add_whole_loan_swap,post-v161 one-swap pricing only; not multi-swap or global proof,D,C,3,2,3,2,1,3,2019,2018,TX,other
v63_source_repair_return_guarded_repair,incumbent_cvar_relaxed_source_lp,148266260,166121358,1000.0,1000.0,-181.8913939597021,-212.03423240595197,30.14283844624987,1004.5605837039002,842400.0,True,True,6.907218559226713e-06,0.8992165242165242,0,,,61524.201817561014,95302.32201854218,True,True,post_v161_one_drop_one_add_whole_loan_swap,post-v161 one-swap pricing only; not multi-swap or global proof,D,C,3,2,3,3,1,0,2019,2020,TX,MD
v63_source_repair_return_guarded_repair,incumbent_cvar_relaxed_source_lp,148266260,169887690,1000.0,1000.0,-181.8913939597021,-221.11264407259083,39.221250112888725,1013.6389953705391,842400.0,True,True,6.907218559226713e-06,0.8992165242165242,0,,,61542.35250546008,95348.94272829156,True,True,post_v161_one_drop_one_add_whole_loan_swap,post-v161 one-swap pricing only; not multi-swap or global proof,D,B,3,1,3,0,1,3,2019,2020,TX,other
v63_source_repair_return_guarded_repair,incumbent_cvar_relaxed_source_lp,148266260,156823754,1000.0,1000.0,-181.8913939597021,-183.46022770133698,1.5688337416348759,975.9865789992853,842400.0,True,True,6.907218559226713e-06,0.8992165242165242,0,,,61509.23248920277,95220.58071925127,True,True,post_v161_one_drop_one_add_whole_loan_swap,post-v161 one-swap pricing only; not multi-swap or global proof,D,D,3,2,3,3,1,1,2019,2019,TX,CA
v63_source_repair_return_guarded_repair,incumbent_cvar_relaxed_source_lp,148225763,126707528,1000.0,1000.0,-222.83435543259796,-226.37597165812684,3.541616225528884,977.9593614831792,842400.0,True,True,6.907218559226713e-06,0.8992165242165242,0,,,61454.494487198266,95184.68322048105,True,True,post_v161_one_drop_one_add_whole_loan_swap,post-v161 one-swap pricing only; not multi-swap or global proof,D,E,6,3,0,1,2,0,2019,2018,other,other
v63_source_repair_return_guarded_repair,incumbent_cvar_relaxed_source_lp,148225763,126409482,1000.0,1000.0,-222.83435543259796,-223.9633297987982,1.1289743662002536,975.5467196238507,842400.0,True,True,6.907218559226713e-06,0.8992165242165242,0,,,61574.644125104074,95337.9924578984,True,True,post_v161_one_drop_one_add_whole_loan_swap,post-v161 one-swap pricing only; not multi-swap or global proof,D,C,6,2,0,2,2,3,2019,2018,other,other
v63_source_repair_return_guarded_repair,incumbent_cvar_relaxed_source_lp,147995854,126707528,1000.0,1000.0,-223.2970594052582,-226.37597165812684,3.0789122528686335,977.4966575105191,842400.0,True,True,6.907218559226713e-06,0.8992165242165242,0,,,61416.03154405618,95184.68322048105,True,True,post_v161_one_drop_one_add_whole_loan_swap,post-v161 one-swap pricing only; not multi-swap or global proof,D,E,4,3,0,1,4,0,2019,2018,NC,other
v63_source_repair_return_guarded_repair,incumbent_cvar_relaxed_source_lp,147995854,126409482,1000.0,1000.0,-223.2970594052582,-223.9633297987982,0.6662703935400032,975.0840156511904,842400.0,True,True,6.907218559226713e-06,0.8992165242165242,0,,,61536.181181962005,95337.9924578984,True,True,post_v161_one_drop_one_add_whole_loan_swap,post-v161 one-swap pricing only; not multi-swap or global proof,D,C,4,2,0,2,4,3,2019,2018,NC,other
v63_source_repair_return_guarded_repair,incumbent_cvar_relaxed_source_lp,148025050,126523487,2000.0,2000.0,-320.08344194933767,-350.42656531605377,30.3431233667161,1004.7608686243665,842400.0,True,True,6.907218559226713e-06,0.8992165242165242,0,,,61494.430052904165,95449.45239979937,True,True,post_v161_one_drop_one_add_whole_loan_swap,post-v161 one-swap pricing only; not multi-swap or global proof,D,C,1,1,1,4,0,1,2019,2018,MD,CA
v63_source_repair_return_guarded_repair,incumbent_cvar_relaxed_source_lp,148025050,167713836,2000.0,1500.0,-320.08344194933767,-323.27724824243177,3.1938062930940987,977.6115515507445,842900.0,True,True,0.0005129743485339233,0.8986831178075692,0,,,61590.90630753955,95558.84423601255,True,True,post_v161_one_drop_one_add_whole_loan_swap,post-v161 one-swap pricing only; not multi-swap or global proof,D,C,1,1,1,1,0,4,2019,2020,MD,other
v63_source_repair_return_guarded_repair,incumbent_cvar_relaxed_source_lp,148025050,169005860,2000.0,2000.0,-320.08344194933767,-393.55925260534593,73.47581065600826,1047.8935559136587,842400.0,True,True,6.907218559226713e-06,0.8992165242165242,0,,,61441.29324925062,95396.44025571868,True,True,post_v161_one_drop_one_add_whole_loan_swap,post-v161 one-swap pricing only; not multi-swap or global proof,D,B,1,1,1,3,0,1,2019,2020,MD,FL
v63_source_repair_return_guarded_repair,incumbent_cvar_relaxed_source_lp,147989812,127672145,1000.0,1000.0,-190.0117523232195,-196.20083323856994,6.189080915350445,980.6068261730009,842400.0,True,True,6.907218559226713e-06,0.8992165242165242,0,,,61441.72922737418,95291.57643845414,True,True,post_v161_one_drop_one_add_whole_loan_swap,post-v161 one-swap pricing only; not multi-swap or global proof,C,C,1,1,0,0,0,2,2019,2018,CA,other
v63_source_repair_return_guarded_repair,incumbent_cvar_relaxed_source_lp,147989812,127475725,1000.0,1000.0,-190.0117523232195,-211.8282137432861,21.816461420066616,996.234206677717,842400.0,True,True,6.907218559226713e-06,0.8992165242165242,0,,,61415.836746409994,95259.47442019684,True,True,post_v161_one_drop_one_add_whole_loan_swap,post-v161 one-swap pricing only; not multi-swap or global proof,C,C,1,1,0,4,0,0,2019,2018,CA,AZ
v63_source_repair_return_guarded_repair,incumbent_cvar_relaxed_source_lp,147989812,127582382,1000.0,1000.0,-190.0117523232195,-205.52183833714096,15.510086013921466,989.9278312715719,842400.0,True,True,6.907218559226713e-06,0.8992165242165242,0,,,61357.85269223149,95181.14248594733,True,True,post_v161_one_drop_one_add_whole_loan_swap,post-v161 one-swap pricing only; not multi-swap or global proof,C,D,1,2,0,3,0,0,2019,2018,CA,CA
v63_source_repair_return_guarded_repair,incumbent_cvar_relaxed_source_lp,147989812,126820122,1000.0,1000.0,-190.0117523232195,-201.89545162414464,11.883699300925144,986.3014445585756,842400.0,True,True,6.907218559226713e-06,0.8992165242165242,0,,,61401.14718841226,95243.20592409544,True,True,post_v161_one_drop_one_add_whole_loan_swap,post-v161 one-swap pricing only; not multi-swap or global proof,C,C,1,1,0,0,0,1,2019,2018,CA,other
v63_source_repair_return_guarded_repair,incumbent_cvar_relaxed_source_lp,147989812,126707528,1000.0,1000.0,-190.0117523232195,-226.37597165812684,36.36421933490735,1010.7819645925578,842400.0,True,True,6.907218559226713e-06,0.8992165242165242,0,,,61278.26942096841,95087.22632174064,True,True,post_v161_one_drop_one_add_whole_loan_swap,post-v161 one-swap pricing only; not multi-swap or global proof,C,E,1,3,0,1,0,0,2019,2018,CA,other
v63_source_repair_return_guarded_repair,incumbent_cvar_relaxed_source_lp,147989812,126652025,1000.0,1000.0,-190.0117523232195,-206.92821374328602,16.916461420066526,991.3342066777169,842400.0,True,True,6.907218559226713e-06,0.8992165242165242,0,,,61415.836746409994,95259.47442019684,True,True,post_v161_one_drop_one_add_whole_loan_swap,post-v161 one-swap pricing only; not multi-swap or global proof,C,C,1,1,0,3,0,1,2019,2018,CA,FL
v63_source_repair_return_guarded_repair,incumbent_cvar_relaxed_source_lp,147989812,126419064,1000.0,1000.0,-190.0117523232195,-198.85427993768698,8.842527614467485,983.2602728721179,842400.0,True,True,6.907218559226713e-06,0.8992165242165242,0,,,61374.540664981905,95200.53751803478,True,True,post_v161_one_drop_one_add_whole_loan_swap,post-v161 one-swap pricing only; not multi-swap or global proof,C,D,1,2,0,4,0,1,2019,2018,CA,other
v63_source_repair_return_guarded_repair,incumbent_cvar_relaxed_source_lp,147989812,126409482,1000.0,1000.0,-190.0117523232195,-223.9633297987982,33.951577475578716,1008.3693227332291,842400.0,True,True,6.907218559226713e-06,0.8992165242165242,0,,,61398.41905887422,95240.53555915804,True,True,post_v161_one_drop_one_add_whole_loan_swap,post-v161 one-swap pricing only; not multi-swap or global proof,C,C,1,2,0,2,0,3,2019,2018,CA,other
v63_source_repair_return_guarded_repair,incumbent_cvar_relaxed_source_lp,147989812,166121358,1000.0,1000.0,-190.0117523232195,-212.03423240595197,22.02248008273247,996.4402253403829,842400.0,True,True,6.907218559226713e-06,0.8992165242165242,0,,,61389.92327320625,95204.86511980182,True,True,post_v161_one_drop_one_add_whole_loan_swap,post-v161 one-swap pricing only; not multi-swap or global proof,C,C,1,2,0,3,0,0,2019,2020,CA,MD
v63_source_repair_return_guarded_repair,incumbent_cvar_relaxed_source_lp,147989812,169887690,1000.0,1000.0,-190.0117523232195,-221.11264407259083,31.10089174937133,1005.5186370070217,842400.0,True,True,6.907218559226713e-06,0.8992165242165242,0,,,61408.07396110533,95251.48582955117,True,True,post_v161_one_drop_one_add_whole_loan_swap,post-v161 one-swap pricing only; not multi-swap or global proof,C,B,1,1,0,0,0,3,2019,2020,CA,other
v63_source_repair_return_guarded_repair,incumbent_cvar_relaxed_source_lp,147899491,126760355,1500.0,1500.0,-247.13756401386254,-250.40002765814089,3.2624636442783412,977.6802089019287,842400.0,True,True,6.907218559226713e-06,0.8992165242165242,0,,,61447.238817280915,95322.7235734621,True,True,post_v161_one_drop_one_add_whole_loan_swap,post-v161 one-swap pricing only; not multi-swap or global proof,B,B,0,0,2,1,0,0,2019,2018,other,IL
v63_source_repair_return_guarded_repair,incumbent_cvar_relaxed_source_lp,147720593,127011905,1500.0,1500.0,-275.29947449128576,-310.3923206149292,35.092846123643426,1009.5105913812938,842400.0,True,True,6.907218559226713e-06,0.8992165242165242,0,,,61530.30400003807,95482.28079179076,True,True,post_v161_one_drop_one_add_whole_loan_swap,post-v161 one-swap pricing only; not multi-swap or global proof,E,C,2,1,4,2,1,2,2019,2018,TX,other
v63_source_repair_return_guarded_repair,incumbent_cvar_relaxed_source_lp,147720593,126620912,1500.0,1500.0,-275.29947449128576,-319.768173516142,44.46869902485622,1018.8864442825065,842400.0,True,True,6.907218559226713e-06,0.8992165242165242,0,,,61582.99514013987,95557.20976958255,True,True,post_v161_one_drop_one_add_whole_loan_swap,post-v161 one-swap pricing only; not multi-swap or global proof,E,B,2,1,4,0,1,0,2019,2018,TX,other
v63_source_repair_return_guarded_repair,incumbent_cvar_relaxed_source_lp,147720593,167713836,1500.0,1500.0,-275.29947449128576,-323.27724824243177,47.977773751146,1022.3955190087963,842400.0,True,True,6.907218559226713e-06,0.8992165242165242,0,,,61499.5478094668,95407.47482758274,True,True,post_v161_one_drop_one_add_whole_loan_swap,post-v161 one-swap pricing only; not multi-swap or global proof,E,C,2,1,4,1,1,4,2019,2020,TX,other
v63_source_repair_return_guarded_repair,incumbent_cvar_relaxed_source_lp,147597555,127874931,1000.0,1000.0,-171.65837600924158,-186.9469746106631,15.288598601421512,989.7063438590719,842400.0,True,True,6.907218559226713e-06,0.8992165242165242,0,,,61409.78996950303,95244.27289561818,True,True,post_v161_one_drop_one_add_whole_loan_swap,post-v161 one-swap pricing only; not multi-swap or global proof,B,B,0,0,2,0,3,0,2019,2018,WA,MN
v63_source_repair_return_guarded_repair,incumbent_cvar_relaxed_source_lp,147597555,126733849,1000.0,1000.0,-171.65837600924158,-186.9469746106631,15.288598601421512,989.7063438590719,842400.0,True,True,6.907218559226713e-06,0.8992165242165242,0,,,61409.78996950303,95244.27289561818,True,True,post_v161_one_drop_one_add_whole_loan_swap,post-v161 one-swap pricing only; not multi-swap or global proof,B,B,0,0,2,4,3,3,2019,2018,WA,NJ
v63_source_repair_return_guarded_repair,incumbent_cvar_relaxed_source_lp,147597555,126416707,1000.0,1000.0,-171.65837600924158,-187.69320294656202,16.034826937320446,990.4525721949708,842400.0,True,True,6.907218559226713e-06,0.8992165242165242,0,,,61409.024874831564,95243.2887773808,True,True,post_v161_one_drop_one_add_whole_loan_swap,post-v161 one-swap pricing only; not multi-swap or global proof,B,B,0,0,2,1,3,1,2019,2018,WA,CA
v63_source_repair_return_guarded_repair,incumbent_cvar_relaxed_source_lp,147310699,127475725,1000.0,1000.0,-198.973191549881,-211.8282137432861,12.85502219340512,987.2727674510555,842400.0,True,True,6.907218559226713e-06,0.8992165242165242,0,,,61521.31146872695,95415.4676030981,True,True,post_v161_one_drop_one_add_whole_loan_swap,post-v161 one-swap pricing only; not multi-swap or global proof,E,C,2,1,2,4,1,0,2019,2018,CA,AZ
v63_source_repair_return_guarded_repair,incumbent_cvar_relaxed_source_lp,147310699,127582382,1000.0,1000.0,-198.973191549881,-205.52183833714096,6.548646787259969,980.9663920449103,842400.0,True,True,6.907218559226713e-06,0.8992165242165242,0,,,61463.32741454844,95337.13566884861,True,True,post_v161_one_drop_one_add_whole_loan_swap,post-v161 one-swap pricing only; not multi-swap or global proof,E,D,2,2,2,3,1,0,2019,2018,CA,CA
v63_source_repair_return_guarded_repair,incumbent_cvar_relaxed_source_lp,147310699,126820122,1000.0,1000.0,-198.973191549881,-201.89545162414464,2.9222600742636473,977.340005331914,842400.0,True,True,6.907218559226713e-06,0.8992165242165242,0,,,61506.62191072921,95399.19910699668,True,True,post_v161_one_drop_one_add_whole_loan_swap,post-v161 one-swap pricing only; not multi-swap or global proof,E,C,2,1,2,0,1,1,2019,2018,CA,other
v63_source_repair_return_guarded_repair,incumbent_cvar_relaxed_source_lp,147310699,126707528,1000.0,1000.0,-198.973191549881,-226.37597165812684,27.40278010824585,1001.8205253658962,842400.0,True,True,6.907218559226713e-06,0.8992165242165242,0,,,61383.74414328535,95243.21950464191,True,True,post_v161_one_drop_one_add_whole_loan_swap,post-v161 one-swap pricing only; not multi-swap or global proof,E,E,2,3,2,1,1,0,2019,2018,CA,other
v63_source_repair_return_guarded_repair,incumbent_cvar_relaxed_source_lp,147310699,126652025,1000.0,1000.0,-198.973191549881,-206.92821374328602,7.9550221934050285,982.3727674510554,842400.0,True,True,6.907218559226713e-06,0.8992165242165242,0,,,61521.31146872695,95415.4676030981,True,True,post_v161_one_drop_one_add_whole_loan_swap,post-v161 one-swap pricing only; not multi-swap or global proof,E,C,2,1,2,3,1,1,2019,2018,CA,FL
v63_source_repair_return_guarded_repair,incumbent_cvar_relaxed_source_lp,147310699,126409482,1000.0,1000.0,-198.973191549881,-223.9633297987982,24.99013824891722,999.4078835065676,842400.0,True,True,6.907218559226713e-06,0.8992165242165242,0,,,61503.893781191175,95396.52874205928,True,True,post_v161_one_drop_one_add_whole_loan_swap,post-v161 one-swap pricing only; not multi-swap or global proof,E,C,2,2,2,2,1,3,2019,2018,CA,other
v63_source_repair_return_guarded_repair,incumbent_cvar_relaxed_source_lp,147310699,166121358,1000.0,1000.0,-198.973191549881,-212.03423240595197,13.061040856070974,987.4787861137213,842400.0,True,True,6.907218559226713e-06,0.8992165242165242,0,,,61495.3979955232,95360.85830270305,True,True,post_v161_one_drop_one_add_whole_loan_swap,post-v161 one-swap pricing only; not multi-swap or global proof,E,C,2,2,2,3,1,0,2019,2020,CA,MD
v63_source_repair_return_guarded_repair,incumbent_cvar_relaxed_source_lp,147310699,169887690,1000.0,1000.0,-198.973191549881,-221.11264407259083,22.13945252270983,996.5571977803602,842400.0,True,True,6.907218559226713e-06,0.8992165242165242,0,,,61513.548683422276,95407.47901245243,True,True,post_v161_one_drop_one_add_whole_loan_swap,post-v161 one-swap pricing only; not multi-swap or global proof,E,B,2,1,2,0,1,3,2019,2020,CA,other
v63_source_repair_return_guarded_repair,incumbent_cvar_relaxed_source_lp,147169227,169005860,2000.0,2000.0,-383.58918965567767,-393.55925260534593,9.970062949668261,984.3878082073186,842400.0,True,True,6.907218559226713e-06,0.8992165242165242,0,,,61444.9939978229,95341.53449850524,True,True,post_v161_one_drop_one_add_whole_loan_swap,post-v161 one-swap pricing only; not multi-swap or global proof,C,B,1,1,2,3,0,1,2019,2020,TX,FL
v63_source_repair_return_guarded_repair,incumbent_cvar_relaxed_source_lp,147201845,127475725,1000.0,1000.0,-207.74385731594327,-211.8282137432861,4.08435642734284,978.5021016849932,842400.0,True,True,6.907218559226713e-06,0.8992165242165242,0,,,61475.829332580244,95342.95572059011,True,True,post_v161_one_drop_one_add_whole_loan_swap,post-v161 one-swap pricing only; not multi-swap or global proof,D,C,2,1,2,4,0,0,2019,2018,CA,AZ
v63_source_repair_return_guarded_repair,incumbent_cvar_relaxed_source_lp,147201845,126707528,1000.0,1000.0,-207.74385731594327,-226.37597165812684,18.63211434218357,993.049859599834,842400.0,True,True,6.907218559226713e-06,0.8992165242165242,0,,,61338.26200713866,95170.70762213392,True,True,post_v161_one_drop_one_add_whole_loan_swap,post-v161 one-swap pricing only; not multi-swap or global proof,D,E,2,3,2,1,0,0,2019,2018,CA,other
v63_source_repair_return_guarded_repair,incumbent_cvar_relaxed_source_lp,147201845,126409482,1000.0,1000.0,-207.74385731594327,-223.9633297987982,16.21947248285494,990.6372177405053,842400.0,True,True,6.907218559226713e-06,0.8992165242165242,0,,,61458.41164504447,95324.01685955128,True,True,post_v161_one_drop_one_add_whole_loan_swap,post-v161 one-swap pricing only; not multi-swap or global proof,D,C,2,2,2,2,0,3,2019,2018,CA,other
v63_source_repair_return_guarded_repair,incumbent_cvar_relaxed_source_lp,147201845,166121358,1000.0,1000.0,-207.74385731594327,-212.03423240595197,4.290375090008695,978.7081203476591,842400.0,True,True,6.907218559226713e-06,0.8992165242165242,0,,,61449.91585937652,95288.34642019506,True,True,post_v161_one_drop_one_add_whole_loan_swap,post-v161 one-swap pricing only; not multi-swap or global proof,D,C,2,2,2,3,0,0,2019,2020,CA,MD
v63_source_repair_return_guarded_repair,incumbent_cvar_relaxed_source_lp,147201845,169887690,1000.0,1000.0,-207.74385731594327,-221.11264407259083,13.368786756647552,987.7865320142979,842400.0,True,True,6.907218559226713e-06,0.8992165242165242,0,,,61468.06654727558,95334.96712994443,True,True,post_v161_one_drop_one_add_whole_loan_swap,post-v161 one-swap pricing only; not multi-swap or global proof,D,B,2,1,2,0,0,3,2019,2020,CA,other
v63_source_repair_return_guarded_repair,incumbent_cvar_relaxed_source_lp,147206447,127011905,1500.0,1500.0,-308.09345056929453,-310.3923206149292,2.298870045634658,976.716615303285,842400.0,True,True,6.907218559226713e-06,0.8992165242165242,0,,,61455.5448748124,95310.27005507106,True,True,post_v161_one_drop_one_add_whole_loan_swap,post-v161 one-swap pricing only; not multi-swap or global proof,C,C,1,1,0,2,0,2,2019,2018,NY,other
v63_source_repair_return_guarded_repair,incumbent_cvar_relaxed_source_lp,147206447,126620912,1500.0,1500.0,-308.09345056929453,-319.768173516142,11.674722946847453,986.0924682044979,842400.0,True,True,6.907218559226713e-06,0.8992165242165242,0,,,61508.23601491422,95385.19903286287,True,True,post_v161_one_drop_one_add_whole_loan_swap,post-v161 one-swap pricing only; not multi-swap or global proof,C,B,1,1,0,0,0,0,2019,2018,NY,other
v63_source_repair_return_guarded_repair,incumbent_cvar_relaxed_source_lp,147206447,167713836,1500.0,1500.0,-308.09345056929453,-323.27724824243177,15.183797673137235,989.6015429307877,842400.0,True,True,6.907218559226713e-06,0.8992165242165242,0,,,61424.78868424114,95235.46409086304,True,True,post_v161_one_drop_one_add_whole_loan_swap,post-v161 one-swap pricing only; not multi-swap or global proof,C,C,1,1,0,1,0,4,2019,2020,NY,other
v63_source_repair_return_guarded_repair,incumbent_cvar_relaxed_source_lp,146860603,126707528,1025.0,1000.0,-218.38314587437637,-226.37597165812684,7.992825783750476,982.4105710414009,842425.0,True,True,3.222484231535372e-05,0.8991898388580586,0,,,61429.66283260627,95276.3161157061,True,True,post_v161_one_drop_one_add_whole_loan_swap,post-v161 one-swap pricing only; not multi-swap or global proof,E,E,3,3,1,1,3,0,2019,2018,WA,other
v63_source_repair_return_guarded_repair,incumbent_cvar_relaxed_source_lp,146860603,126409482,1025.0,1000.0,-218.38314587437637,-223.9633297987982,5.580183924421846,979.9979291820722,842425.0,True,True,3.222484231535372e-05,0.8991898388580586,0,,,61549.812470512086,95429.6253531235,True,True,post_v161_one_drop_one_add_whole_loan_swap,post-v161 one-swap pricing only; not multi-swap or global proof,E,C,3,2,1,2,3,3,2019,2018,WA,other
v63_source_repair_return_guarded_repair,incumbent_cvar_relaxed_source_lp,146860603,169887690,1025.0,1000.0,-218.38314587437637,-221.11264407259083,2.7294981982144577,977.1472434558648,842425.0,True,True,3.222484231535372e-05,0.8991898388580586,0,,,61559.467372743195,95440.57562351662,True,True,post_v161_one_drop_one_add_whole_loan_swap,post-v161 one-swap pricing only; not multi-swap or global proof,E,B,3,1,1,0,3,3,2019,2020,WA,other
v63_source_repair_return_guarded_repair,incumbent_cvar_relaxed_source_lp,146311060,127672145,1000.0,1000.0,-187.1570637652536,-196.20083323856994,9.043769473316331,983.4615147309667,842400.0,True,True,6.907218559226713e-06,0.8992165242165242,0,,,61461.010753448616,95308.23406809903,True,True,post_v161_one_drop_one_add_whole_loan_swap,post-v161 one-swap pricing only; not multi-swap or global proof,C,C,1,1,1,0,0,2,2019,2018,NC,other
v63_source_repair_return_guarded_repair,incumbent_cvar_relaxed_source_lp,146311060,127475725,1000.0,1000.0,-187.1570637652536,-211.8282137432861,24.671149978032503,999.0888952356829,842400.0,True,True,6.907218559226713e-06,0.8992165242165242,0,,,61435.118272484426,95276.13204984175,True,True,post_v161_one_drop_one_add_whole_loan_swap,post-v161 one-swap pricing only; not multi-swap or global proof,C,C,1,1,1,4,0,0,2019,2018,NC,AZ
v63_source_repair_return_guarded_repair,incumbent_cvar_relaxed_source_lp,146311060,127582382,1000.0,1000.0,-187.1570637652536,-205.52183833714096,18.364774571887352,992.7825198295377,842400.0,True,True,6.907218559226713e-06,0.8992165242165242,0,,,61377.13421830591,95197.80011559222,True,True,post_v161_one_drop_one_add_whole_loan_swap,post-v161 one-swap pricing only; not multi-swap or global proof,C,D,1,2,1,3,0,0,2019,2018,NC,CA
v63_source_repair_return_guarded_repair,incumbent_cvar_relaxed_source_lp,146311060,126820122,1000.0,1000.0,-187.1570637652536,-201.89545162414464,14.73838785889103,989.1561331165415,842400.0,True,True,6.907218559226713e-06,0.8992165242165242,0,,,61420.42871448669,95259.86355374033,True,True,post_v161_one_drop_one_add_whole_loan_swap,post-v161 one-swap pricing only; not multi-swap or global proof,C,C,1,1,1,0,0,1,2019,2018,NC,other
v63_source_repair_return_guarded_repair,incumbent_cvar_relaxed_source_lp,146311060,126707528,1000.0,1000.0,-187.1570637652536,-226.37597165812684,39.21890789287323,1013.6366531505237,842400.0,True,True,6.907218559226713e-06,0.8992165242165242,0,,,61297.55094704284,95103.88395138553,True,True,post_v161_one_drop_one_add_whole_loan_swap,post-v161 one-swap pricing only; not multi-swap or global proof,C,E,1,3,1,1,0,0,2019,2018,NC,other
v63_source_repair_return_guarded_repair,incumbent_cvar_relaxed_source_lp,146311060,126652025,1000.0,1000.0,-187.1570637652536,-206.92821374328602,19.771149978032412,994.1888952356828,842400.0,True,True,6.907218559226713e-06,0.8992165242165242,0,,,61435.118272484426,95276.13204984175,True,True,post_v161_one_drop_one_add_whole_loan_swap,post-v161 one-swap pricing only; not multi-swap or global proof,C,C,1,1,1,3,0,1,2019,2018,NC,FL
v63_source_repair_return_guarded_repair,incumbent_cvar_relaxed_source_lp,146311060,126416707,1000.0,1000.0,-187.1570637652536,-187.69320294656202,0.536139181308414,974.9538844389588,842400.0,True,True,6.907218559226713e-06,0.8980294396961064,0,,,61491.35307380184,95351.6202687469,True,True,post_v161_one_drop_one_add_whole_loan_swap,post-v161 one-swap pricing only; not multi-swap or global proof,C,B,1,0,1,1,0,1,2019,2018,NC,CA
v63_source_repair_return_guarded_repair,incumbent_cvar_relaxed_source_lp,146311060,126419064,1000.0,1000.0,-187.1570637652536,-198.85427993768698,11.697216172433372,986.1149614300838,842400.0,True,True,6.907218559226713e-06,0.8992165242165242,0,,,61393.82219105632,95217.19514767968,True,True,post_v161_one_drop_one_add_whole_loan_swap,post-v161 one-swap pricing only; not multi-swap or global proof,C,D,1,2,1,4,0,1,2019,2018,NC,other
v63_source_repair_return_guarded_repair,incumbent_cvar_relaxed_source_lp,146311060,126409482,1000.0,1000.0,-187.1570637652536,-223.9633297987982,36.8062660335446,1011.224011291195,842400.0,True,True,6.907218559226713e-06,0.8992165242165242,0,,,61417.700584948645,95257.1931888029,True,True,post_v161_one_drop_one_add_whole_loan_swap,post-v161 one-swap pricing only; not multi-swap or global proof,C,C,1,2,1,2,0,3,2019,2018,NC,other
v63_source_repair_return_guarded_repair,incumbent_cvar_relaxed_source_lp,146311060,166121358,1000.0,1000.0,-187.1570637652536,-212.03423240595197,24.877168640698358,999.2949138983488,842400.0,True,True,6.907218559226713e-06,0.8992165242165242,0,,,61409.204799280684,95221.5227494467,True,True,post_v161_one_drop_one_add_whole_loan_swap,post-v161 one-swap pricing only; not multi-swap or global proof,C,C,1,2,1,3,0,0,2019,2020,NC,MD
v63_source_repair_return_guarded_repair,incumbent_cvar_relaxed_source_lp,146311060,169887690,1000.0,1000.0,-187.1570637652536,-221.11264407259083,33.955580307337215,1008.3733255649876,842400.0,True,True,6.907218559226713e-06,0.8992165242165242,0,,,61427.35548717975,95268.14345919606,True,True,post_v161_one_drop_one_add_whole_loan_swap,post-v161 one-swap pricing only; not multi-swap or global proof,C,B,1,1,1,0,0,3,2019,2020,NC,other
v63_source_repair_return_guarded_repair,incumbent_cvar_relaxed_source_lp,146930237,127011905,1500.0,1500.0,-303.4087091221335,-310.3923206149292,6.983611492795717,981.4013567504461,842400.0,True,True,6.907218559226713e-06,0.8992165242165242,0,,,61492.09838655218,95407.56673611974,True,True,post_v161_one_drop_one_add_whole_loan_swap,post-v161 one-swap pricing only; not multi-swap or global proof,D,C,2,1,4,2,1,2,2019,2018,CA,other
v63_source_repair_return_guarded_repair,incumbent_cvar_relaxed_source_lp,146930237,126620912,1500.0,1500.0,-303.4087091221335,-319.768173516142,16.359464394008512,990.777209651659,842400.0,True,True,6.907218559226713e-06,0.8992165242165242,0,,,61544.78952665399,95482.49571391154,True,True,post_v161_one_drop_one_add_whole_loan_swap,post-v161 one-swap pricing only; not multi-swap or global proof,D,B,2,1,4,0,1,0,2019,2018,CA,other
v63_source_repair_return_guarded_repair,incumbent_cvar_relaxed_source_lp,146930237,167713836,1500.0,1500.0,-303.4087091221335,-323.27724824243177,19.868539120298294,994.2862843779487,842400.0,True,True,6.907218559226713e-06,0.8992165242165242,0,,,61461.34219598092,95332.7607719117,True,True,post_v161_one_drop_one_add_whole_loan_swap,post-v161 one-swap pricing only; not multi-swap or global proof,D,C,2,1,4,1,1,4,2019,2020,CA,other
v63_source_repair_return_guarded_repair,incumbent_cvar_relaxed_source_lp,146674957,127672145,1000.0,1000.0,-190.46948618264764,-196.20083323856994,5.731347055922299,980.1490923135727,842400.0,True,True,6.907218559226713e-06,0.8992165242165242,0,,,61504.001876739276,95380.43901800697,True,True,post_v161_one_drop_one_add_whole_loan_swap,post-v161 one-swap pricing only; not multi-swap or global proof,D,C,2,1,4,0,0,2,2019,2018,VA,other
v63_source_repair_return_guarded_repair,incumbent_cvar_relaxed_source_lp,146674957,127475725,1000.0,1000.0,-190.46948618264764,-211.8282137432861,21.35872756063847,995.7764728182889,842400.0,True,True,6.907218559226713e-06,0.8992165242165242,0,,,61478.109395775085,95348.33699974966,True,True,post_v161_one_drop_one_add_whole_loan_swap,post-v161 one-swap pricing only; not multi-swap or global proof,D,C,2,1,4,4,0,0,2019,2018,VA,AZ
v63_source_repair_return_guarded_repair,incumbent_cvar_relaxed_source_lp,146674957,127582382,1000.0,1000.0,-190.46948618264764,-205.52183833714096,15.05235215449332,989.4700974121437,842400.0,True,True,6.907218559226713e-06,0.8992165242165242,0,,,61420.12534159658,95270.00506550017,True,True,post_v161_one_drop_one_add_whole_loan_swap,post-v161 one-swap pricing only; not multi-swap or global proof,D,D,2,2,4,3,0,0,2019,2018,VA,CA
v63_source_repair_return_guarded_repair,incumbent_cvar_relaxed_source_lp,146674957,126820122,1000.0,1000.0,-190.46948618264764,-201.89545162414464,11.425965441496999,985.8437106991473,842400.0,True,True,6.907218559226713e-06,0.8992165242165242,0,,,61463.41983777736,95332.06850364826,True,True,post_v161_one_drop_one_add_whole_loan_swap,post-v161 one-swap pricing only; not multi-swap or global proof,D,C,2,1,4,0,0,1,2019,2018,VA,other
v63_source_repair_return_guarded_repair,incumbent_cvar_relaxed_source_lp,146674957,126707528,1000.0,1000.0,-190.46948618264764,-226.37597165812684,35.9064854754792,1010.3242307331295,842400.0,True,True,6.907218559226713e-06,0.8992165242165242,0,,,61340.5420703335,95176.0889012935,True,True,post_v161_one_drop_one_add_whole_loan_swap,post-v161 one-swap pricing only; not multi-swap or global proof,D,E,2,3,4,1,0,0,2019,2018,VA,other
v63_source_repair_return_guarded_repair,incumbent_cvar_relaxed_source_lp,146674957,126652025,1000.0,1000.0,-190.46948618264764,-206.92821374328602,16.45872756063838,990.8764728182888,842400.0,True,True,6.907218559226713e-06,0.8992165242165242,0,,,61478.109395775085,95348.33699974966,True,True,post_v161_one_drop_one_add_whole_loan_swap,post-v161 one-swap pricing only; not multi-swap or global proof,D,C,2,1,4,3,0,1,2019,2018,VA,FL
v63_source_repair_return_guarded_repair,incumbent_cvar_relaxed_source_lp,146674957,126419064,1000.0,1000.0,-190.46948618264764,-198.85427993768698,8.38479375503934,982.8025390126897,842400.0,True,True,6.907218559226713e-06,0.8992165242165242,0,,,61436.81331434699,95289.40009758761,True,True,post_v161_one_drop_one_add_whole_loan_swap,post-v161 one-swap pricing only; not multi-swap or global proof,D,D,2,2,4,4,0,1,2019,2018,VA,other
v63_source_repair_return_guarded_repair,incumbent_cvar_relaxed_source_lp,146674957,126409482,1000.0,1000.0,-190.46948618264764,-223.9633297987982,33.49384361615057,1007.911588873801,842400.0,True,True,6.907218559226713e-06,0.8992165242165242,0,,,61460.69170823932,95329.39813871084,True,True,post_v161_one_drop_one_add_whole_loan_swap,post-v161 one-swap pricing only; not multi-swap or global proof,D,C,2,2,4,2,0,3,2019,2018,VA,other
v63_source_repair_return_guarded_repair,incumbent_cvar_relaxed_source_lp,146674957,166121358,1000.0,1000.0,-190.46948618264764,-212.03423240595197,21.564746223304326,995.9824914809546,842400.0,True,True,6.907218559226713e-06,0.8992165242165242,0,,,61452.19592257135,95293.72769935463,True,True,post_v161_one_drop_one_add_whole_loan_swap,post-v161 one-swap pricing only; not multi-swap or global proof,D,C,2,2,4,3,0,0,2019,2020,VA,MD
v63_source_repair_return_guarded_repair,incumbent_cvar_relaxed_source_lp,146674957,169887690,1000.0,1000.0,-190.46948618264764,-221.11264407259083,30.643157889943183,1005.0609031475935,842400.0,True,True,6.907218559226713e-06,0.8992165242165242,0,,,61470.34661047043,95340.348409104,True,True,post_v161_one_drop_one_add_whole_loan_swap,post-v161 one-swap pricing only; not multi-swap or global proof,D,B,2,1,4,0,0,3,2019,2020,VA,other
v63_source_repair_return_guarded_repair,incumbent_cvar_relaxed_source_lp,146255415,127475725,1250.0,1000.0,-204.78232472676117,-211.8282137432861,7.045889016524939,981.4636342741753,842650.0,True,True,0.0002600158543247799,0.8989497418857176,0,,,61623.310626600796,95585.71414716009,True,True,post_v161_one_drop_one_add_whole_loan_swap,post-v161 one-swap pricing only; not multi-swap or global proof,E,C,2,1,4,4,0,0,2019,2018,other,AZ
v63_source_repair_return_guarded_repair,incumbent_cvar_relaxed_source_lp,146255415,127582382,1250.0,1000.0,-204.78232472676117,-205.52183833714096,0.7395136103797881,975.1572588680301,842650.0,True,True,0.0002600158543247799,0.8989497418857176,0,,,61565.32657242228,95507.38221291058,True,True,post_v161_one_drop_one_add_whole_loan_swap,post-v161 one-swap pricing only; not multi-swap or global proof,E,D,2,2,4,3,0,0,2019,2018,other,CA
v63_source_repair_return_guarded_repair,incumbent_cvar_relaxed_source_lp,146255415,126707528,1250.0,1000.0,-204.78232472676117,-226.37597165812684,21.59364693136567,996.0113921890161,842650.0,True,True,0.0002600158543247799,0.8989497418857176,0,,,61485.74330115919,95413.46604870392,True,True,post_v161_one_drop_one_add_whole_loan_swap,post-v161 one-swap pricing only; not multi-swap or global proof,E,E,2,3,4,1,0,0,2019,2018,other,other
v63_source_repair_return_guarded_repair,incumbent_cvar_relaxed_source_lp,146255415,126652025,1250.0,1000.0,-204.78232472676117,-206.92821374328602,2.1458890165248476,976.5636342741752,842650.0,True,True,0.0002600158543247799,0.8989497418857176,0,,,61623.310626600796,95585.71414716009,True,True,post_v161_one_drop_one_add_whole_loan_swap,post-v161 one-swap pricing only; not multi-swap or global proof,E,C,2,1,4,3,0,1,2019,2018,other,FL
v63_source_repair_return_guarded_repair,incumbent_cvar_relaxed_source_lp,146255415,126409482,1250.0,1000.0,-204.78232472676117,-223.9633297987982,19.18100507203704,993.5987503296874,842650.0,True,True,0.0002600158543247799,0.8989497418857176,0,,,61605.89293906501,95566.77528612128,True,True,post_v161_one_drop_one_add_whole_loan_swap,post-v161 one-swap pricing only; not multi-swap or global proof,E,C,2,2,4,2,0,3,2019,2018,other,other
v63_source_repair_return_guarded_repair,incumbent_cvar_relaxed_source_lp,146255415,166121358,1250.0,1000.0,-204.78232472676117,-212.03423240595197,7.2519076791907935,981.6696529368412,842650.0,True,True,0.0002600158543247799,0.8989497418857176,0,,,61597.39715339704,95531.10484676505,True,True,post_v161_one_drop_one_add_whole_loan_swap,post-v161 one-swap pricing only; not multi-swap or global proof,E,C,2,2,4,3,0,0,2019,2020,other,MD
v63_source_repair_return_guarded_repair,incumbent_cvar_relaxed_source_lp,146255415,169887690,1250.0,1000.0,-204.78232472676117,-221.11264407259083,16.33031934582965,990.7480646034801,842650.0,True,True,0.0002600158543247799,0.8989497418857176,0,,,61615.54784129612,95577.72555651444,True,True,post_v161_one_drop_one_add_whole_loan_swap,post-v161 one-swap pricing only; not multi-swap or global proof,E,B,2,1,4,0,0,3,2019,2020,other,other
v63_source_repair_return_guarded_repair,incumbent_cvar_relaxed_source_lp,146255415,160806330,1250.0,1200.0,-204.78232472676117,-210.10403328668124,5.321708559920069,979.7394538175704,842450.0,True,True,5.754096345278459e-05,0.8991631550833877,0,,,61515.56100619171,95332.78391799537,True,True,post_v161_one_drop_one_add_whole_loan_swap,post-v161 one-swap pricing only; not multi-swap or global proof,E,D,2,2,4,2,0,2,2019,2019,other,FL
v63_source_repair_return_guarded_repair,incumbent_cvar_relaxed_source_lp,146684897,126620912,1500.0,1500.0,-318.5605925743964,-319.768173516142,1.2075809417455616,975.6253261993959,842400.0,True,True,6.907218559226713e-06,0.8992165242165242,0,,,61437.21861240074,95291.12476594954,True,True,post_v161_one_drop_one_add_whole_loan_swap,post-v161 one-swap pricing only; not multi-swap or global proof,B,B,1,1,1,0,1,0,2019,2018,TX,other
v63_source_repair_return_guarded_repair,incumbent_cvar_relaxed_source_lp,146684897,167713836,1500.0,1500.0,-318.5605925743964,-323.27724824243177,4.716655668035344,979.1344009256857,842400.0,True,True,6.907218559226713e-06,0.8992165242165242,0,,,61353.77128172766,95141.38982394974,True,True,post_v161_one_drop_one_add_whole_loan_swap,post-v161 one-swap pricing only; not multi-swap or global proof,B,C,1,1,1,1,1,4,2019,2020,TX,other
v63_source_repair_return_guarded_repair,incumbent_cvar_relaxed_source_lp,146676176,127475725,1000.0,1000.0,-206.47372838293077,-211.8282137432861,5.354485360355341,979.7722306180058,842400.0,True,True,6.907218559226713e-06,0.8992165242165242,0,,,61398.54725079368,95215.2489937605,True,True,post_v161_one_drop_one_add_whole_loan_swap,post-v161 one-swap pricing only; not multi-swap or global proof,B,C,1,1,2,4,1,0,2019,2018,CA,AZ
v63_source_repair_return_guarded_repair,incumbent_cvar_relaxed_source_lp,146676176,126707528,1000.0,1000.0,-206.47372838293077,-226.37597165812684,19.90224327519607,994.3199885328464,842400.0,True,True,6.907218559226713e-06,0.8992165242165242,0,,,61260.97992535208,95043.0008953043,True,True,post_v161_one_drop_one_add_whole_loan_swap,post-v161 one-swap pricing only; not multi-swap or global proof,B,E,1,3,2,1,1,0,2019,2018,CA,other
v63_source_repair_return_guarded_repair,incumbent_cvar_relaxed_source_lp,146676176,126652025,1000.0,1000.0,-206.47372838293077,-206.92821374328602,0.45448536035524967,974.8722306180057,842400.0,True,True,6.907218559226713e-06,0.8992165242165242,0,,,61398.54725079368,95215.2489937605,True,True,post_v161_one_drop_one_add_whole_loan_swap,post-v161 one-swap pricing only; not multi-swap or global proof,B,C,1,1,2,3,1,1,2019,2018,CA,FL
v63_source_repair_return_guarded_repair,incumbent_cvar_relaxed_source_lp,146676176,126409482,1000.0,1000.0,-206.47372838293077,-223.9633297987982,17.48960141586744,991.9073466735178,842400.0,True,True,6.907218559226713e-06,0.8992165242165242,0,,,61381.1295632579,95196.31013272166,True,True,post_v161_one_drop_one_add_whole_loan_swap,post-v161 one-swap pricing only; not multi-swap or global proof,B,C,1,2,2,2,1,3,2019,2018,CA,other
v63_source_repair_return_guarded_repair,incumbent_cvar_relaxed_source_lp,146676176,166121358,1000.0,1000.0,-206.47372838293077,-212.03423240595197,5.5605040230211955,979.9782492806715,842400.0,True,True,6.907218559226713e-06,0.8992165242165242,0,,,61372.63377758993,95160.63969336543,True,True,post_v161_one_drop_one_add_whole_loan_swap,post-v161 one-swap pricing only; not multi-swap or global proof,B,C,1,2,2,3,1,0,2019,2020,CA,MD
v63_source_repair_return_guarded_repair,incumbent_cvar_relaxed_source_lp,146676176,169887690,1000.0,1000.0,-206.47372838293077,-221.11264407259083,14.638915689660053,989.0566609473104,842400.0,True,True,6.907218559226713e-06,0.8992165242165242,0,,,61390.78446548901,95207.26040311482,True,True,post_v161_one_drop_one_add_whole_loan_swap,post-v161 one-swap pricing only; not multi-swap or global proof,B,B,1,1,2,0,1,3,2019,2020,CA,other
v63_source_repair_return_guarded_repair,incumbent_cvar_relaxed_source_lp,145803826,127874931,1000.0,1000.0,-183.12585978140902,-186.9469746106631,3.8211148292540713,978.2388600869044,842400.0,True,True,6.907218559226713e-06,0.8980294396961064,0,,,61572.067788573346,95491.83849669936,True,True,post_v161_one_drop_one_add_whole_loan_swap,post-v161 one-swap pricing only; not multi-swap or global proof,E,B,2,0,3,0,0,0,2019,2018,MI,MN
v63_source_repair_return_guarded_repair,incumbent_cvar_relaxed_source_lp,145803826,127672145,1000.0,1000.0,-183.12585978140902,-196.20083323856994,13.074973457160922,987.4927187148113,842400.0,True,True,6.907218559226713e-06,0.8992165242165242,0,,,61540.96037354866,95447.4681778141,True,True,post_v161_one_drop_one_add_whole_loan_swap,post-v161 one-swap pricing only; not multi-swap or global proof,E,C,2,1,3,0,0,2,2019,2018,MI,other
v63_source_repair_return_guarded_repair,incumbent_cvar_relaxed_source_lp,145803826,127475725,1000.0,1000.0,-183.12585978140902,-211.8282137432861,28.702353961877094,1003.1200992195274,842400.0,True,True,6.907218559226713e-06,0.8992165242165242,0,,,61515.06789258448,95415.36615955681,True,True,post_v161_one_drop_one_add_whole_loan_swap,post-v161 one-swap pricing only; not multi-swap or global proof,E,C,2,1,3,4,0,0,2019,2018,MI,AZ
v63_source_repair_return_guarded_repair,incumbent_cvar_relaxed_source_lp,145803826,127582382,1000.0,1000.0,-183.12585978140902,-205.52183833714096,22.395978555731944,996.8137238133824,842400.0,True,True,6.907218559226713e-06,0.8992165242165242,0,,,61457.083838405975,95337.03422530727,True,True,post_v161_one_drop_one_add_whole_loan_swap,post-v161 one-swap pricing only; not multi-swap or global proof,E,D,2,2,3,3,0,0,2019,2018,MI,CA
v63_source_repair_return_guarded_repair,incumbent_cvar_relaxed_source_lp,145803826,126820122,1000.0,1000.0,-183.12585978140902,-201.89545162414464,18.769591842735622,993.187337100386,842400.0,True,True,6.907218559226713e-06,0.8992165242165242,0,,,61500.378334586734,95399.0976634554,True,True,post_v161_one_drop_one_add_whole_loan_swap,post-v161 one-swap pricing only; not multi-swap or global proof,E,C,2,1,3,0,0,1,2019,2018,MI,other
v63_source_repair_return_guarded_repair,incumbent_cvar_relaxed_source_lp,145803826,126707528,1000.0,1000.0,-183.12585978140902,-226.37597165812684,43.250111876717824,1017.6678571343682,842400.0,True,True,6.907218559226713e-06,0.8992165242165242,0,,,61377.50056714288,95243.1180611006,True,True,post_v161_one_drop_one_add_whole_loan_swap,post-v161 one-swap pricing only; not multi-swap or global proof,E,E,2,3,3,1,0,0,2019,2018,MI,other
v63_source_repair_return_guarded_repair,incumbent_cvar_relaxed_source_lp,145803826,126733849,1000.0,1000.0,-183.12585978140902,-186.9469746106631,3.8211148292540713,978.2388600869044,842400.0,True,True,6.907218559226713e-06,0.8980294396961064,0,,,61572.067788573346,95491.83849669936,True,True,post_v161_one_drop_one_add_whole_loan_swap,post-v161 one-swap pricing only; not multi-swap or global proof,E,B,2,0,3,4,0,3,2019,2018,MI,NJ
v63_source_repair_return_guarded_repair,incumbent_cvar_relaxed_source_lp,145803826,126652025,1000.0,1000.0,-183.12585978140902,-206.92821374328602,23.802353961877003,998.2200992195274,842400.0,True,True,6.907218559226713e-06,0.8992165242165242,0,,,61515.06789258448,95415.36615955681,True,True,post_v161_one_drop_one_add_whole_loan_swap,post-v161 one-swap pricing only; not multi-swap or global proof,E,C,2,1,3,3,0,1,2019,2018,MI,FL
v63_source_repair_return_guarded_repair,incumbent_cvar_relaxed_source_lp,145803826,126416707,1000.0,1000.0,-183.12585978140902,-187.69320294656202,4.567343165153005,978.9850884228034,842400.0,True,True,6.907218559226713e-06,0.8980294396961064,0,,,61571.30269390189,95490.85437846197,True,True,post_v161_one_drop_one_add_whole_loan_swap,post-v161 one-swap pricing only; not multi-swap or global proof,E,B,2,0,3,1,0,1,2019,2018,MI,CA
v63_source_repair_return_guarded_repair,incumbent_cvar_relaxed_source_lp,145803826,126419064,1000.0,1000.0,-183.12585978140902,-198.85427993768698,15.728420156277963,990.1461654139283,842400.0,True,True,6.907218559226713e-06,0.8992165242165242,0,,,61473.77181115637,95356.42925739473,True,True,post_v161_one_drop_one_add_whole_loan_swap,post-v161 one-swap pricing only; not multi-swap or global proof,E,D,2,2,3,4,0,1,2019,2018,MI,other
v63_source_repair_return_guarded_repair,incumbent_cvar_relaxed_source_lp,145803826,126409482,1000.0,1000.0,-183.12585978140902,-223.9633297987982,40.837470017389194,1015.2552152750395,842400.0,True,True,6.907218559226713e-06,0.8992165242165242,0,,,61497.6502050487,95396.42729851797,True,True,post_v161_one_drop_one_add_whole_loan_swap,post-v161 one-swap pricing only; not multi-swap or global proof,E,C,2,2,3,2,0,3,2019,2018,MI,other
v63_source_repair_return_guarded_repair,incumbent_cvar_relaxed_source_lp,145803826,166121358,1000.0,1000.0,-183.12585978140902,-212.03423240595197,28.90837262454295,1003.3261178821933,842400.0,True,True,6.907218559226713e-06,0.8992165242165242,0,,,61489.154419380735,95360.75685916173,True,True,post_v161_one_drop_one_add_whole_loan_swap,post-v161 one-swap pricing only; not multi-swap or global proof,E,C,2,2,3,3,0,0,2019,2020,MI,MD
v63_source_repair_return_guarded_repair,incumbent_cvar_relaxed_source_lp,145803826,169887690,1000.0,1000.0,-183.12585978140902,-221.11264407259083,37.986784291181806,1012.4045295488322,842400.0,True,True,6.907218559226713e-06,0.8992165242165242,0,,,61507.305107279804,95407.37756891109,True,True,post_v161_one_drop_one_add_whole_loan_swap,post-v161 one-swap pricing only; not multi-swap or global proof,E,B,2,1,3,0,0,3,2019,2020,MI,other
v63_source_repair_return_guarded_repair,incumbent_cvar_relaxed_source_lp,145803826,156823754,1000.0,1000.0,-183.12585978140902,-183.46022770133698,0.33436791992795634,974.7521131775784,842400.0,True,True,6.907218559226713e-06,0.8992165242165242,0,,,61474.1850910225,95279.01555987084,True,True,post_v161_one_drop_one_add_whole_loan_swap,post-v161 one-swap pricing only; not multi-swap or global proof,E,D,2,2,3,3,0,1,2019,2019,MI,CA
v63_source_repair_return_guarded_repair,incumbent_cvar_relaxed_source_lp,145824687,127672145,1000.0,1000.0,-189.60565177320717,-196.20083323856994,6.595181465362771,981.0129267230132,842400.0,True,True,6.907218559226713e-06,0.8992165242165242,0,,,61473.35203184199,95353.5292108925,True,True,post_v161_one_drop_one_add_whole_loan_swap,post-v161 one-swap pricing only; not multi-swap or global proof,D,C,2,1,1,0,0,2,2019,2018,other,other
v63_source_repair_return_guarded_repair,incumbent_cvar_relaxed_source_lp,145824687,127475725,1000.0,1000.0,-189.60565177320717,-211.8282137432861,22.222561970078942,996.6403072277293,842400.0,True,True,6.907218559226713e-06,0.8992165242165242,0,,,61447.45955087781,95321.42719263522,True,True,post_v161_one_drop_one_add_whole_loan_swap,post-v161 one-swap pricing only; not multi-swap or global proof,D,C,2,1,1,4,0,0,2019,2018,other,AZ
v63_source_repair_return_guarded_repair,incumbent_cvar_relaxed_source_lp,145824687,127582382,1000.0,1000.0,-189.60565177320717,-205.52183833714096,15.916186563933792,990.3339318215842,842400.0,True,True,6.907218559226713e-06,0.8992165242165242,0,,,61389.47549669929,95243.0952583857,True,True,post_v161_one_drop_one_add_whole_loan_swap,post-v161 one-swap pricing only; not multi-swap or global proof,D,D,2,2,1,3,0,0,2019,2018,other,CA
v63_source_repair_return_guarded_repair,incumbent_cvar_relaxed_source_lp,145824687,126820122,1000.0,1000.0,-189.60565177320717,-201.89545162414464,12.28979985093747,986.7075451085879,842400.0,True,True,6.907218559226713e-06,0.8992165242165242,0,,,61432.76999288007,95305.1586965338,True,True,post_v161_one_drop_one_add_whole_loan_swap,post-v161 one-swap pricing only; not multi-swap or global proof,D,C,2,1,1,0,0,1,2019,2018,other,other
v63_source_repair_return_guarded_repair,incumbent_cvar_relaxed_source_lp,145824687,126707528,1000.0,1000.0,-189.60565177320717,-226.37597165812684,36.77031988491967,1011.18806514257,842400.0,True,True,6.907218559226713e-06,0.8992165242165242,0,,,61309.89222543621,95149.17909417904,True,True,post_v161_one_drop_one_add_whole_loan_swap,post-v161 one-swap pricing only; not multi-swap or global proof,D,E,2,3,1,1,0,0,2019,2018,other,other
v63_source_repair_return_guarded_repair,incumbent_cvar_relaxed_source_lp,145824687,126652025,1000.0,1000.0,-189.60565177320717,-206.92821374328602,17.32256197007885,991.7403072277292,842400.0,True,True,6.907218559226713e-06,0.8992165242165242,0,,,61447.45955087781,95321.42719263522,True,True,post_v161_one_drop_one_add_whole_loan_swap,post-v161 one-swap pricing only; not multi-swap or global proof,D,C,2,1,1,3,0,1,2019,2018,other,FL
v63_source_repair_return_guarded_repair,incumbent_cvar_relaxed_source_lp,145824687,126419064,1000.0,1000.0,-189.60565177320717,-198.85427993768698,9.248628164479811,983.6663734221302,842400.0,True,True,6.907218559226713e-06,0.8992165242165242,0,,,61406.163469449704,95262.49029047314,True,True,post_v161_one_drop_one_add_whole_loan_swap,post-v161 one-swap pricing only; not multi-swap or global proof,D,D,2,2,1,4,0,1,2019,2018,other,other
v63_source_repair_return_guarded_repair,incumbent_cvar_relaxed_source_lp,145824687,126409482,1000.0,1000.0,-189.60565177320717,-223.9633297987982,34.35767802559104,1008.7754232832415,842400.0,True,True,6.907218559226713e-06,0.8992165242165242,0,,,61430.04186334203,95302.48833159638,True,True,post_v161_one_drop_one_add_whole_loan_swap,post-v161 one-swap pricing only; not multi-swap or global proof,D,C,2,2,1,2,0,3,2019,2018,other,other
v63_source_repair_return_guarded_repair,incumbent_cvar_relaxed_source_lp,145824687,166121358,1000.0,1000.0,-189.60565177320717,-212.03423240595197,22.428580632744797,996.8463258903952,842400.0,True,True,6.907218559226713e-06,0.8992165242165242,0,,,61421.54607767406,95266.81789224016,True,True,post_v161_one_drop_one_add_whole_loan_swap,post-v161 one-swap pricing only; not multi-swap or global proof,D,C,2,2,1,3,0,0,2019,2020,other,MD
v63_source_repair_return_guarded_repair,incumbent_cvar_relaxed_source_lp,145824687,169887690,1000.0,1000.0,-189.60565177320717,-221.11264407259083,31.506992299383654,1005.9247375570341,842400.0,True,True,6.907218559226713e-06,0.8992165242165242,0,,,61439.696765573135,95313.43860198955,True,True,post_v161_one_drop_one_add_whole_loan_swap,post-v161 one-swap pricing only; not multi-swap or global proof,D,B,2,1,1,0,0,3,2019,2020,other,other
v63_source_repair_return_guarded_repair,incumbent_cvar_relaxed_source_lp,146309930,126707528,1000.0,1000.0,-218.1590707802576,-226.37597165812684,8.21690087786925,982.6346461355197,842400.0,True,True,6.907218559226713e-06,0.8992165242165242,0,,,61413.15101723066,95261.92131359575,True,True,post_v161_one_drop_one_add_whole_loan_swap,post-v161 one-swap pricing only; not multi-swap or global proof,E,E,3,3,3,1,1,0,2019,2018,NY,other
v63_source_repair_return_guarded_repair,incumbent_cvar_relaxed_source_lp,146309930,126409482,1000.0,1000.0,-218.1590707802576,-223.9633297987982,5.80425901854062,980.222004276191,842400.0,True,True,6.907218559226713e-06,0.8992165242165242,0,,,61533.30065513647,95415.23055101316,True,True,post_v161_one_drop_one_add_whole_loan_swap,post-v161 one-swap pricing only; not multi-swap or global proof,E,C,3,2,3,2,1,3,2019,2018,NY,other
v63_source_repair_return_guarded_repair,incumbent_cvar_relaxed_source_lp,146309930,169887690,1000.0,1000.0,-218.1590707802576,-221.11264407259083,2.953573292333232,977.3713185499836,842400.0,True,True,6.907218559226713e-06,0.8992165242165242,0,,,61542.95555736759,95426.18082140628,True,True,post_v161_one_drop_one_add_whole_loan_swap,post-v161 one-swap pricing only; not multi-swap or global proof,E,B,3,1,3,0,1,3,2019,2020,NY,other
v63_source_repair_return_guarded_repair,incumbent_cvar_relaxed_source_lp,146454025,126707528,1000.0,1000.0,-216.7794965863733,-226.37597165812684,9.596475071753531,984.0142203294039,842400.0,True,True,6.907218559226713e-06,0.8992165242165242,0,,,61382.27675160908,95189.13162027845,True,True,post_v161_one_drop_one_add_whole_loan_swap,post-v161 one-swap pricing only; not multi-swap or global proof,D,E,2,3,1,1,1,0,2019,2018,OH,other
v63_source_repair_return_guarded_repair,incumbent_cvar_relaxed_source_lp,146454025,126409482,1000.0,1000.0,-216.7794965863733,-223.9633297987982,7.183833212424901,981.6015784700753,842400.0,True,True,6.907218559226713e-06,0.8992165242165242,0,,,61502.426389514905,95342.44085769581,True,True,post_v161_one_drop_one_add_whole_loan_swap,post-v161 one-swap pricing only; not multi-swap or global proof,D,C,2,2,1,2,1,3,2019,2018,OH,other
v63_source_repair_return_guarded_repair,incumbent_cvar_relaxed_source_lp,146454025,169887690,1000.0,1000.0,-216.7794965863733,-221.11264407259083,4.333147486217513,978.7508927438679,842400.0,True,True,6.907218559226713e-06,0.8992165242165242,0,,,61512.08129174601,95353.39112808897,True,True,post_v161_one_drop_one_add_whole_loan_swap,post-v161 one-swap pricing only; not multi-swap or global proof,D,B,2,1,1,0,1,3,2019,2020,OH,other
v63_source_repair_return_guarded_repair,incumbent_cvar_relaxed_source_lp,146180071,126707528,1000.0,1000.0,-218.1590707802576,-226.37597165812684,8.21690087786925,982.6346461355197,842400.0,True,True,6.907218559226713e-06,0.8992165242165242,0,,,61413.15101723066,95261.92131359575,True,True,post_v161_one_drop_one_add_whole_loan_swap,post-v161 one-swap pricing only; not multi-swap or global proof,E,E,3,3,2,1,0,0,2019,2018,other,other
v63_source_repair_return_guarded_repair,incumbent_cvar_relaxed_source_lp,146180071,126409482,1000.0,1000.0,-218.1590707802576,-223.9633297987982,5.80425901854062,980.222004276191,842400.0,True,True,6.907218559226713e-06,0.8992165242165242,0,,,61533.30065513647,95415.23055101316,True,True,post_v161_one_drop_one_add_whole_loan_swap,post-v161 one-swap pricing only; not multi-swap or global proof,E,C,3,2,2,2,0,3,2019,2018,other,other
v63_source_repair_return_guarded_repair,incumbent_cvar_relaxed_source_lp,146180071,169887690,1000.0,1000.0,-218.1590707802576,-221.11264407259083,2.953573292333232,977.3713185499836,842400.0,True,True,6.907218559226713e-06,0.8992165242165242,0,,,61542.95555736759,95426.18082140628,True,True,post_v161_one_drop_one_add_whole_loan_swap,post-v161 one-swap pricing only; not multi-swap or global proof,E,B,3,1,2,0,0,3,2019,2020,other,other
v63_source_repair_return_guarded_repair,incumbent_cvar_relaxed_source_lp,146107119,126737687,3625.0,3300.0,-433.75214293310364,-479.6648309304875,45.91268799738384,1020.3304332550342,842725.0,True,True,0.00033591916137121203,0.8992553917351449,0,,,61476.33130235622,95470.82898943435,True,True,post_v161_one_drop_one_add_whole_loan_swap,post-v161 one-swap pricing only; not multi-swap or global proof,B,B,0,0,4,3,0,0,2019,2018,GA,VA
v63_source_repair_return_guarded_repair,incumbent_cvar_relaxed_source_lp,146107119,167137941,3625.0,3000.0,-433.75214293310364,-445.1753118629482,11.423168929844564,985.840914187495,843025.0,True,True,0.000639397334296743,0.8992912428457045,0,,,61510.55924904825,95405.48420926604,True,True,post_v161_one_drop_one_add_whole_loan_swap,post-v161 one-swap pricing only; not multi-swap or global proof,B,B,0,0,4,2,0,0,2019,2020,GA,CA
v63_source_repair_return_guarded_repair,incumbent_cvar_relaxed_source_lp,146002169,127475725,1000.0,1000.0,-208.45907078025746,-211.8282137432861,3.3691429630286507,977.786888220679,842400.0,True,True,6.907218559226713e-06,0.8992165242165242,0,,,61550.71834267225,95434.16941205197,True,True,post_v161_one_drop_one_add_whole_loan_swap,post-v161 one-swap pricing only; not multi-swap or global proof,E,C,3,1,1,4,1,0,2019,2018,CA,AZ
v63_source_repair_return_guarded_repair,incumbent_cvar_relaxed_source_lp,146002169,126707528,1000.0,1000.0,-208.45907078025746,-226.37597165812684,17.91690087786938,992.3346461355197,842400.0,True,True,6.907218559226713e-06,0.8992165242165242,0,,,61413.15101723066,95261.92131359575,True,True,post_v161_one_drop_one_add_whole_loan_swap,post-v161 one-swap pricing only; not multi-swap or global proof,E,E,3,3,1,1,1,0,2019,2018,CA,other
v63_source_repair_return_guarded_repair,incumbent_cvar_relaxed_source_lp,146002169,126409482,1000.0,1000.0,-208.45907078025746,-223.9633297987982,15.50425901854075,989.9220042761912,842400.0,True,True,6.907218559226713e-06,0.8992165242165242,0,,,61533.30065513647,95415.23055101316,True,True,post_v161_one_drop_one_add_whole_loan_swap,post-v161 one-swap pricing only; not multi-swap or global proof,E,C,3,2,1,2,1,3,2019,2018,CA,other
v63_source_repair_return_guarded_repair,incumbent_cvar_relaxed_source_lp,146002169,166121358,1000.0,1000.0,-208.45907078025746,-212.03423240595197,3.5751616256945056,977.9929068833449,842400.0,True,True,6.907218559226713e-06,0.8992165242165242,0,,,61524.80486946851,95379.56011165692,True,True,post_v161_one_drop_one_add_whole_loan_swap,post-v161 one-swap pricing only; not multi-swap or global proof,E,C,3,2,1,3,1,0,2019,2020,CA,MD
v63_source_repair_return_guarded_repair,incumbent_cvar_relaxed_source_lp,146002169,169887690,1000.0,1000.0,-208.45907078025746,-221.11264407259083,12.653573292333363,987.0713185499837,842400.0,True,True,6.907218559226713e-06,0.8992165242165242,0,,,61542.95555736759,95426.18082140628,True,True,post_v161_one_drop_one_add_whole_loan_swap,post-v161 one-swap pricing only; not multi-swap or global proof,E,B,3,1,1,0,1,3,2019,2020,CA,other
v63_source_repair_return_guarded_repair,incumbent_cvar_relaxed_source_lp,146058451,127874931,1000.0,1000.0,-162.5963102886178,-186.9469746106631,24.350664322045304,998.7684095796957,842400.0,True,True,6.907218559226713e-06,0.8980294396961064,0,,,61604.408868716964,95553.68148604136,True,True,post_v161_one_drop_one_add_whole_loan_swap,post-v161 one-swap pricing only; not multi-swap or global proof,F,B,2,0,1,0,2,0,2019,2018,NY,MN
v63_source_repair_return_guarded_repair,incumbent_cvar_relaxed_source_lp,146058451,127672145,1000.0,1000.0,-162.5963102886178,-196.20083323856994,33.604522949952155,1008.0222682076026,842400.0,True,True,6.907218559226713e-06,0.8992165242165242,0,,,61573.30145369228,95509.31116715609,True,True,post_v161_one_drop_one_add_whole_loan_swap,post-v161 one-swap pricing only; not multi-swap or global proof,F,C,2,1,1,0,2,2,2019,2018,NY,other
v63_source_repair_return_guarded_repair,incumbent_cvar_relaxed_source_lp,146058451,127475725,1000.0,1000.0,-162.5963102886178,-211.8282137432861,49.23190345466833,1023.6496487123187,842400.0,True,True,6.907218559226713e-06,0.8992165242165242,0,,,61547.408972728095,95477.2091488988,True,True,post_v161_one_drop_one_add_whole_loan_swap,post-v161 one-swap pricing only; not multi-swap or global proof,F,C,2,1,1,4,2,0,2019,2018,NY,AZ
v63_source_repair_return_guarded_repair,incumbent_cvar_relaxed_source_lp,146058451,127582382,1000.0,1000.0,-162.5963102886178,-205.52183833714096,42.92552804852318,1017.3432733061736,842400.0,True,True,6.907218559226713e-06,0.8992165242165242,0,,,61489.42491854959,95398.87721464926,True,True,post_v161_one_drop_one_add_whole_loan_swap,post-v161 one-swap pricing only; not multi-swap or global proof,F,D,2,2,1,3,2,0,2019,2018,NY,CA
v63_source_repair_return_guarded_repair,incumbent_cvar_relaxed_source_lp,146058451,126827839,1000.0,1000.0,-162.5963102886178,-175.77898463113021,13.182674342512428,987.6004196001628,842400.0,True,True,6.907218559226713e-06,0.8992165242165242,0,,,61471.19854994702,95367.52058624133,True,True,post_v161_one_drop_one_add_whole_loan_swap,post-v161 one-swap pricing only; not multi-swap or global proof,F,E,2,2,1,0,2,4,2019,2018,NY,other
v63_source_repair_return_guarded_repair,incumbent_cvar_relaxed_source_lp,146058451,126820122,1000.0,1000.0,-162.5963102886178,-201.89545162414464,39.299141335526855,1013.7168865931773,842400.0,True,True,6.907218559226713e-06,0.8992165242165242,0,,,61532.71941473036,95460.94065279738,True,True,post_v161_one_drop_one_add_whole_loan_swap,post-v161 one-swap pricing only; not multi-swap or global proof,F,C,2,1,1,0,2,1,2019,2018,NY,other
v63_source_repair_return_guarded_repair,incumbent_cvar_relaxed_source_lp,146058451,126707528,1000.0,1000.0,-162.5963102886178,-226.37597165812684,63.77966136950906,1038.1974066271594,842400.0,True,True,6.907218559226713e-06,0.8992165242165242,0,,,61409.84164728651,95304.96105044262,True,True,post_v161_one_drop_one_add_whole_loan_swap,post-v161 one-swap pricing only; not multi-swap or global proof,F,E,2,3,1,1,2,0,2019,2018,NY,other
v63_source_repair_return_guarded_repair,incumbent_cvar_relaxed_source_lp,146058451,126733849,1000.0,1000.0,-162.5963102886178,-186.9469746106631,24.350664322045304,998.7684095796957,842400.0,True,True,6.907218559226713e-06,0.8980294396961064,0,,,61604.408868716964,95553.68148604136,True,True,post_v161_one_drop_one_add_whole_loan_swap,post-v161 one-swap pricing only; not multi-swap or global proof,F,B,2,0,1,4,2,3,2019,2018,NY,NJ
v63_source_repair_return_guarded_repair,incumbent_cvar_relaxed_source_lp,146058451,126652025,1000.0,1000.0,-162.5963102886178,-206.92821374328602,44.331903454668236,1018.7496487123186,842400.0,True,True,6.907218559226713e-06,0.8992165242165242,0,,,61547.408972728095,95477.2091488988,True,True,post_v161_one_drop_one_add_whole_loan_swap,post-v161 one-swap pricing only; not multi-swap or global proof,F,C,2,1,1,3,2,1,2019,2018,NY,FL
v63_source_repair_return_guarded_repair,incumbent_cvar_relaxed_source_lp,146058451,126468092,1000.0,1000.0,-162.5963102886178,-169.50590883596908,6.909598547351294,981.3273438050016,842400.0,True,True,6.907218559226713e-06,0.8980294396961064,0,,,61627.313091274365,95584.91488801407,True,True,post_v161_one_drop_one_add_whole_loan_swap,post-v161 one-swap pricing only; not multi-swap or global proof,F,B,2,0,1,1,2,2,2019,2018,NY,other
v63_source_repair_return_guarded_repair,incumbent_cvar_relaxed_source_lp,146058451,126416707,1000.0,1000.0,-162.5963102886178,-187.69320294656202,25.096892657944238,999.5146379155947,842400.0,True,True,6.907218559226713e-06,0.8980294396961064,0,,,61603.64377404552,95552.69736780396,True,True,post_v161_one_drop_one_add_whole_loan_swap,post-v161 one-swap pricing only; not multi-swap or global proof,F,B,2,0,1,1,2,1,2019,2018,NY,CA
v63_source_repair_return_guarded_repair,incumbent_cvar_relaxed_source_lp,146058451,126419064,1000.0,1000.0,-162.5963102886178,-198.85427993768698,36.257969649069196,1010.6757149067196,842400.0,True,True,6.907218559226713e-06,0.8992165242165242,0,,,61506.1128913,95418.27224673674,True,True,post_v161_one_drop_one_add_whole_loan_swap,post-v161 one-swap pricing only; not multi-swap or global proof,F,D,2,2,1,4,2,1,2019,2018,NY,other
v63_source_repair_return_guarded_repair,incumbent_cvar_relaxed_source_lp,146058451,126409482,1000.0,1000.0,-162.5963102886178,-223.9633297987982,61.36701951018043,1035.784764767831,842400.0,True,True,6.907218559226713e-06,0.8992165242165242,0,,,61529.99128519233,95458.27028785997,True,True,post_v161_one_drop_one_add_whole_loan_swap,post-v161 one-swap pricing only; not multi-swap or global proof,F,C,2,2,1,2,2,3,2019,2018,NY,other
v63_source_repair_return_guarded_repair,incumbent_cvar_relaxed_source_lp,146058451,166121358,1000.0,1000.0,-162.5963102886178,-212.03423240595197,49.43792211733418,1023.8556673749846,842400.0,True,True,6.907218559226713e-06,0.8992165242165242,0,,,61521.49549952436,95422.59984850374,True,True,post_v161_one_drop_one_add_whole_loan_swap,post-v161 one-swap pricing only; not multi-swap or global proof,F,C,2,2,1,3,2,0,2019,2020,NY,MD
v63_source_repair_return_guarded_repair,incumbent_cvar_relaxed_source_lp,146058451,168701788,1000.0,1000.0,-162.5963102886178,-178.5860397151734,15.989729426555613,990.407474684206,842400.0,True,True,6.907218559226713e-06,0.8992165242165242,0,,,61524.9880529842,95427.9699727538,True,True,post_v161_one_drop_one_add_whole_loan_swap,post-v161 one-swap pricing only; not multi-swap or global proof,F,C,2,1,1,3,2,1,2019,2020,NY,TX
v63_source_repair_return_guarded_repair,incumbent_cvar_relaxed_source_lp,146058451,169887690,1000.0,1000.0,-162.5963102886178,-221.11264407259083,58.51633378397304,1032.9340790416234,842400.0,True,True,6.907218559226713e-06,0.8992165242165242,0,,,61539.64618742344,95469.22055825312,True,True,post_v161_one_drop_one_add_whole_loan_swap,post-v161 one-swap pricing only; not multi-swap or global proof,F,B,2,1,1,0,2,3,2019,2020,NY,other
v63_source_repair_return_guarded_repair,incumbent_cvar_relaxed_source_lp,146058451,169358871,1000.0,1000.0,-162.5963102886178,-177.86634212741987,15.270031838802083,989.6877770964525,842400.0,True,True,6.907218559226713e-06,0.8992165242165242,0,,,61534.759070316926,95415.54493771394,True,True,post_v161_one_drop_one_add_whole_loan_swap,post-v161 one-swap pricing only; not multi-swap or global proof,F,C,2,1,1,3,2,0,2019,2020,NY,VA
v63_source_repair_return_guarded_repair,incumbent_cvar_relaxed_source_lp,146058451,139506195,1000.0,1000.0,-162.5963102886178,-177.67809625327766,15.081785964659872,989.4995312223102,842400.0,True,True,6.907218559226713e-06,0.8992165242165242,0,,,61508.924390265514,95361.7633125935,True,True,post_v161_one_drop_one_add_whole_loan_swap,post-v161 one-swap pricing only; not multi-swap or global proof,F,D,2,2,1,2,2,0,2019,2018,NY,CA
v63_source_repair_return_guarded_repair,incumbent_cvar_relaxed_source_lp,146058451,156823754,1000.0,1000.0,-162.5963102886178,-183.46022770133698,20.86391741271919,995.2816626703695,842400.0,True,True,6.907218559226713e-06,0.8992165242165242,0,,,61506.526171166115,95340.85854921282,True,True,post_v161_one_drop_one_add_whole_loan_swap,post-v161 one-swap pricing only; not multi-swap or global proof,F,D,2,2,1,3,2,1,2019,2019,NY,CA
v63_source_repair_return_guarded_repair,incumbent_cvar_relaxed_source_lp,146058451,156807668,1000.0,1000.0,-162.5963102886178,-175.85010442413147,13.253794135513687,987.671539393164,842400.0,True,True,6.907218559226713e-06,0.8992165242165242,0,,,61533.95966552482,95369.1349095905,True,True,post_v161_one_drop_one_add_whole_loan_swap,post-v161 one-swap pricing only; not multi-swap or global proof,F,D,2,2,1,0,2,0,2019,2019,NY,TX
v63_source_repair_return_guarded_repair,incumbent_cvar_relaxed_source_lp,146047525,127874931,1000.0,1000.0,-158.0343653049946,-186.9469746106631,28.912609305668497,1003.3303545633189,842400.0,True,True,6.907218559226713e-06,0.8980294396961064,0,,,61556.409197223984,95478.37829804585,True,True,post_v161_one_drop_one_add_whole_loan_swap,post-v161 one-swap pricing only; not multi-swap or global proof,E,B,2,0,4,0,0,0,2019,2018,MD,MN
v63_source_repair_return_guarded_repair,incumbent_cvar_relaxed_source_lp,146047525,127672145,1000.0,1000.0,-158.0343653049946,-196.20083323856994,38.16646793357535,1012.5842131912257,842400.0,True,True,6.907218559226713e-06,0.8992165242165242,0,,,61525.3017821993,95434.00797916061,True,True,post_v161_one_drop_one_add_whole_loan_swap,post-v161 one-swap pricing only; not multi-swap or global proof,E,C,2,1,4,0,0,2,2019,2018,MD,other
v63_source_repair_return_guarded_repair,incumbent_cvar_relaxed_source_lp,146047525,127475725,1000.0,1000.0,-158.0343653049946,-211.8282137432861,53.79384843829152,1028.211593695942,842400.0,True,True,6.907218559226713e-06,0.8992165242165242,0,,,61499.40930123511,95401.9059609033,True,True,post_v161_one_drop_one_add_whole_loan_swap,post-v161 one-swap pricing only; not multi-swap or global proof,E,C,2,1,4,4,0,0,2019,2018,MD,AZ
v63_source_repair_return_guarded_repair,incumbent_cvar_relaxed_source_lp,146047525,127582382,1000.0,1000.0,-158.0343653049946,-205.52183833714096,47.48747303214637,1021.9052182897967,842400.0,True,True,6.907218559226713e-06,0.8992165242165242,0,,,61441.425247056606,95323.57402665378,True,True,post_v161_one_drop_one_add_whole_loan_swap,post-v161 one-swap pricing only; not multi-swap or global proof,E,D,2,2,4,3,0,0,2019,2018,MD,CA
v63_source_repair_return_guarded_repair,incumbent_cvar_relaxed_source_lp,146047525,126827839,1000.0,1000.0,-158.0343653049946,-175.77898463113021,17.74461932613562,992.162364583786,842400.0,True,True,6.907218559226713e-06,0.8992165242165242,0,,,61423.198878454044,95292.21739824582,True,True,post_v161_one_drop_one_add_whole_loan_swap,post-v161 one-swap pricing only; not multi-swap or global proof,E,E,2,2,4,0,0,4,2019,2018,MD,other
v63_source_repair_return_guarded_repair,incumbent_cvar_relaxed_source_lp,146047525,126820122,1000.0,1000.0,-158.0343653049946,-201.89545162414464,43.86108631915005,1018.2788315768005,842400.0,True,True,6.907218559226713e-06,0.8992165242165242,0,,,61484.71974323738,95385.63746480188,True,True,post_v161_one_drop_one_add_whole_loan_swap,post-v161 one-swap pricing only; not multi-swap or global proof,E,C,2,1,4,0,0,1,2019,2018,MD,other
v63_source_repair_return_guarded_repair,incumbent_cvar_relaxed_source_lp,146047525,126707528,1000.0,1000.0,-158.0343653049946,-226.37597165812684,68.34160635313225,1042.7593516107827,842400.0,True,True,6.907218559226713e-06,0.8992165242165242,0,,,61361.84197579352,95229.65786244711,True,True,post_v161_one_drop_one_add_whole_loan_swap,post-v161 one-swap pricing only; not multi-swap or global proof,E,E,2,3,4,1,0,0,2019,2018,MD,other
v63_source_repair_return_guarded_repair,incumbent_cvar_relaxed_source_lp,146047525,126733849,1000.0,1000.0,-158.0343653049946,-186.9469746106631,28.912609305668497,1003.3303545633189,842400.0,True,True,6.907218559226713e-06,0.8980294396961064,0,,,61556.409197223984,95478.37829804585,True,True,post_v161_one_drop_one_add_whole_loan_swap,post-v161 one-swap pricing only; not multi-swap or global proof,E,B,2,0,4,4,0,3,2019,2018,MD,NJ
v63_source_repair_return_guarded_repair,incumbent_cvar_relaxed_source_lp,146047525,126652025,1000.0,1000.0,-158.0343653049946,-206.92821374328602,48.89384843829143,1023.3115936959418,842400.0,True,True,6.907218559226713e-06,0.8992165242165242,0,,,61499.40930123511,95401.9059609033,True,True,post_v161_one_drop_one_add_whole_loan_swap,post-v161 one-swap pricing only; not multi-swap or global proof,E,C,2,1,4,3,0,1,2019,2018,MD,FL
v63_source_repair_return_guarded_repair,incumbent_cvar_relaxed_source_lp,146047525,126468092,1000.0,1000.0,-158.0343653049946,-169.50590883596908,11.471543530974486,985.8892887886249,842400.0,True,True,6.907218559226713e-06,0.8980294396961064,0,,,61579.31341978138,95509.61170001856,True,True,post_v161_one_drop_one_add_whole_loan_swap,post-v161 one-swap pricing only; not multi-swap or global proof,E,B,2,0,4,1,0,2,2019,2018,MD,other
v63_source_repair_return_guarded_repair,incumbent_cvar_relaxed_source_lp,146047525,126416707,1000.0,1000.0,-158.0343653049946,-187.69320294656202,29.65883764156743,1004.0765828992178,842400.0,True,True,6.907218559226713e-06,0.8980294396961064,0,,,61555.64410255253,95477.39417980847,True,True,post_v161_one_drop_one_add_whole_loan_swap,post-v161 one-swap pricing only; not multi-swap or global proof,E,B,2,0,4,1,0,1,2019,2018,MD,CA
v63_source_repair_return_guarded_repair,incumbent_cvar_relaxed_source_lp,146047525,126419064,1000.0,1000.0,-158.0343653049946,-198.85427993768698,40.81991463269239,1015.2376598903428,842400.0,True,True,6.907218559226713e-06,0.8992165242165242,0,,,61458.11321980701,95342.96905874122,True,True,post_v161_one_drop_one_add_whole_loan_swap,post-v161 one-swap pricing only; not multi-swap or global proof,E,D,2,2,4,4,0,1,2019,2018,MD,other
v63_source_repair_return_guarded_repair,incumbent_cvar_relaxed_source_lp,146047525,126409482,1000.0,1000.0,-158.0343653049946,-223.9633297987982,65.92896449380362,1040.346709751454,842400.0,True,True,6.907218559226713e-06,0.8992165242165242,0,,,61481.99161369934,95382.96709986449,True,True,post_v161_one_drop_one_add_whole_loan_swap,post-v161 one-swap pricing only; not multi-swap or global proof,E,C,2,2,4,2,0,3,2019,2018,MD,other
v63_source_repair_return_guarded_repair,incumbent_cvar_relaxed_source_lp,146047525,166121358,1000.0,1000.0,-158.0343653049946,-212.03423240595197,53.999867100957374,1028.4176123586078,842400.0,True,True,6.907218559226713e-06,0.8992165242165242,0,,,61473.49582803137,95347.29666050825,True,True,post_v161_one_drop_one_add_whole_loan_swap,post-v161 one-swap pricing only; not multi-swap or global proof,E,C,2,2,4,3,0,0,2019,2020,MD,MD
v63_source_repair_return_guarded_repair,incumbent_cvar_relaxed_source_lp,146047525,168701788,1000.0,1000.0,-158.0343653049946,-178.5860397151734,20.551674410178805,994.9694196678292,842400.0,True,True,6.907218559226713e-06,0.8992165242165242,0,,,61476.98838149122,95352.66678475829,True,True,post_v161_one_drop_one_add_whole_loan_swap,post-v161 one-swap pricing only; not multi-swap or global proof,E,C,2,1,4,3,0,1,2019,2020,MD,TX
v63_source_repair_return_guarded_repair,incumbent_cvar_relaxed_source_lp,146047525,169887690,1000.0,1000.0,-158.0343653049946,-221.11264407259083,63.07827876759623,1037.4960240252467,842400.0,True,True,6.907218559226713e-06,0.8992165242165242,0,,,61491.646515930435,95393.91737025761,True,True,post_v161_one_drop_one_add_whole_loan_swap,post-v161 one-swap pricing only; not multi-swap or global proof,E,B,2,1,4,0,0,3,2019,2020,MD,other
v63_source_repair_return_guarded_repair,incumbent_cvar_relaxed_source_lp,146047525,169358871,1000.0,1000.0,-158.0343653049946,-177.86634212741987,19.831976822425275,994.2497220800757,842400.0,True,True,6.907218559226713e-06,0.8992165242165242,0,,,61486.759398823946,95340.24174971845,True,True,post_v161_one_drop_one_add_whole_loan_swap,post-v161 one-swap pricing only; not multi-swap or global proof,E,C,2,1,4,3,0,0,2019,2020,MD,VA
v63_source_repair_return_guarded_repair,incumbent_cvar_relaxed_source_lp,146047525,139506195,1000.0,1000.0,-158.0343653049946,-177.67809625327766,19.643730948283064,994.0614762059334,842400.0,True,True,6.907218559226713e-06,0.8992165242165242,0,,,61460.92471877254,95286.46012459799,True,True,post_v161_one_drop_one_add_whole_loan_swap,post-v161 one-swap pricing only; not multi-swap or global proof,E,D,2,2,4,2,0,0,2019,2018,MD,CA
v63_source_repair_return_guarded_repair,incumbent_cvar_relaxed_source_lp,146047525,156823754,1000.0,1000.0,-158.0343653049946,-183.46022770133698,25.42586239634238,999.8436076539928,842400.0,True,True,6.907218559226713e-06,0.8992165242165242,0,,,61458.52649967313,95265.55536121734,True,True,post_v161_one_drop_one_add_whole_loan_swap,post-v161 one-swap pricing only; not multi-swap or global proof,E,D,2,2,4,3,0,1,2019,2019,MD,CA
v63_source_repair_return_guarded_repair,incumbent_cvar_relaxed_source_lp,146047525,156807668,1000.0,1000.0,-158.0343653049946,-175.85010442413147,17.81573911913688,992.2334843767873,842400.0,True,True,6.907218559226713e-06,0.8992165242165242,0,,,61485.95999403184,95293.83172159502,True,True,post_v161_one_drop_one_add_whole_loan_swap,post-v161 one-swap pricing only; not multi-swap or global proof,E,D,2,2,4,0,0,0,2019,2019,MD,TX
v63_source_repair_return_guarded_repair,incumbent_cvar_relaxed_source_lp,146047525,156707196,1000.0,1000.0,-158.0343653049946,-158.460227701337,0.42586239634240997,974.8436076539928,842400.0,True,True,6.907218559226713e-06,0.8992165242165242,0,,,61458.52649967313,95265.55536121734,True,True,post_v161_one_drop_one_add_whole_loan_swap,post-v161 one-swap pricing only; not multi-swap or global proof,E,D,2,2,4,2,0,0,2019,2019,MD,other
v63_source_repair_return_guarded_repair,incumbent_cvar_relaxed_source_lp,145950014,127475725,1000.0,1000.0,-197.20586899379578,-211.8282137432861,14.622344749490338,989.0400900071407,842400.0,True,True,6.907218559226713e-06,0.8992165242165242,0,,,61378.992117518064,95203.08887424249,True,True,post_v161_one_drop_one_add_whole_loan_swap,post-v161 one-swap pricing only; not multi-swap or global proof,B,C,1,1,2,4,3,0,2019,2018,PA,AZ
v63_source_repair_return_guarded_repair,incumbent_cvar_relaxed_source_lp,145950014,127582382,1000.0,1000.0,-197.20586899379578,-205.52183833714096,8.315969343345188,982.7337146009955,842400.0,True,True,6.907218559226713e-06,0.8992165242165242,0,,,61321.00806333955,95124.75693999298,True,True,post_v161_one_drop_one_add_whole_loan_swap,post-v161 one-swap pricing only; not multi-swap or global proof,B,D,1,2,2,3,3,0,2019,2018,PA,CA
v63_source_repair_return_guarded_repair,incumbent_cvar_relaxed_source_lp,145950014,126820122,1000.0,1000.0,-197.20586899379578,-201.89545162414464,4.689582630348866,979.1073278879992,842400.0,True,True,6.907218559226713e-06,0.8992165242165242,0,,,61364.30255952032,95186.82037814107,True,True,post_v161_one_drop_one_add_whole_loan_swap,post-v161 one-swap pricing only; not multi-swap or global proof,B,C,1,1,2,0,3,1,2019,2018,PA,other
v63_source_repair_return_guarded_repair,incumbent_cvar_relaxed_source_lp,145950014,126707528,1000.0,1000.0,-197.20586899379578,-226.37597165812684,29.17010266433107,1003.5878479219814,842400.0,True,True,6.907218559226713e-06,0.8992165242165242,0,,,61241.42479207647,95030.8407757863,True,True,post_v161_one_drop_one_add_whole_loan_swap,post-v161 one-swap pricing only; not multi-swap or global proof,B,E,1,3,2,1,3,0,2019,2018,PA,other
v63_source_repair_return_guarded_repair,incumbent_cvar_relaxed_source_lp,145950014,126652025,1000.0,1000.0,-197.20586899379578,-206.92821374328602,9.722344749490247,984.1400900071407,842400.0,True,True,6.907218559226713e-06,0.8992165242165242,0,,,61378.992117518064,95203.08887424249,True,True,post_v161_one_drop_one_add_whole_loan_swap,post-v161 one-swap pricing only; not multi-swap or global proof,B,C,1,1,2,3,3,1,2019,2018,PA,FL
v63_source_repair_return_guarded_repair,incumbent_cvar_relaxed_source_lp,145950014,126419064,1000.0,1000.0,-197.20586899379578,-198.85427993768698,1.6484109438912071,976.0661562015416,842400.0,True,True,6.907218559226713e-06,0.8992165242165242,0,,,61337.69603608996,95144.15197208044,True,True,post_v161_one_drop_one_add_whole_loan_swap,post-v161 one-swap pricing only; not multi-swap or global proof,B,D,1,2,2,4,3,1,2019,2018,PA,other
v63_source_repair_return_guarded_repair,incumbent_cvar_relaxed_source_lp,145950014,126409482,1000.0,1000.0,-197.20586899379578,-223.9633297987982,26.757460805002438,1001.1752060626528,842400.0,True,True,6.907218559226713e-06,0.8992165242165242,0,,,61361.574429982276,95184.15001320366,True,True,post_v161_one_drop_one_add_whole_loan_swap,post-v161 one-swap pricing only; not multi-swap or global proof,B,C,1,2,2,2,3,3,2019,2018,PA,other
v63_source_repair_return_guarded_repair,incumbent_cvar_relaxed_source_lp,145950014,166121358,1000.0,1000.0,-197.20586899379578,-212.03423240595197,14.828363412156193,989.2461086698065,842400.0,True,True,6.907218559226713e-06,0.8992165242165242,0,,,61353.078644314315,95148.47957384743,True,True,post_v161_one_drop_one_add_whole_loan_swap,post-v161 one-swap pricing only; not multi-swap or global proof,B,C,1,2,2,3,3,0,2019,2020,PA,MD
v63_source_repair_return_guarded_repair,incumbent_cvar_relaxed_source_lp,145950014,169887690,1000.0,1000.0,-197.20586899379578,-221.11264407259083,23.90677507879505,998.3245203364454,842400.0,True,True,6.907218559226713e-06,0.8992165242165242,0,,,61371.22933221338,95195.10028359681,True,True,post_v161_one_drop_one_add_whole_loan_swap,post-v161 one-swap pricing only; not multi-swap or global proof,B,B,1,1,2,0,3,3,2019,2020,PA,other
v63_source_repair_return_guarded_repair,incumbent_cvar_relaxed_source_lp,145857769,126707528,1000.0,1000.0,-221.48192879020255,-226.37597165812684,4.894042867924298,979.3117881255747,842400.0,True,True,6.907218559226713e-06,0.8992165242165242,0,,,61470.67573103176,95339.91871654658,True,True,post_v161_one_drop_one_add_whole_loan_swap,post-v161 one-swap pricing only; not multi-swap or global proof,F,E,3,3,1,1,0,0,2019,2018,MN,other
v63_source_repair_return_guarded_repair,incumbent_cvar_relaxed_source_lp,145857769,126409482,1000.0,1000.0,-221.48192879020255,-223.9633297987982,2.481401008595668,976.899146266246,842400.0,True,True,6.907218559226713e-06,0.8992165242165242,0,,,61590.82536893758,95493.22795396393,True,True,post_v161_one_drop_one_add_whole_loan_swap,post-v161 one-swap pricing only; not multi-swap or global proof,F,C,3,2,1,2,0,3,2019,2018,MN,other
v63_source_repair_return_guarded_repair,incumbent_cvar_relaxed_source_lp,145693319,127874931,1000.0,1000.0,-185.7950112813479,-186.9469746106631,1.1519633293151799,975.5697085869656,842400.0,True,True,6.907218559226713e-06,0.8980294396961064,0,,,61555.04682888917,95477.00337340472,True,True,post_v161_one_drop_one_add_whole_loan_swap,post-v161 one-swap pricing only; not multi-swap or global proof,E,B,2,0,0,0,1,0,2019,2018,MI,MN
v63_source_repair_return_guarded_repair,incumbent_cvar_relaxed_source_lp,145693319,127672145,1000.0,1000.0,-185.7950112813479,-196.20083323856994,10.405821957222031,984.8235672148724,842400.0,True,True,6.907218559226713e-06,0.8992165242165242,0,,,61523.9394138645,95432.63305451944,True,True,post_v161_one_drop_one_add_whole_loan_swap,post-v161 one-swap pricing only; not multi-swap or global proof,E,C,2,1,0,0,1,2,2019,2018,MI,other
v63_source_repair_return_guarded_repair,incumbent_cvar_relaxed_source_lp,145693319,127475725,1000.0,1000.0,-185.7950112813479,-211.8282137432861,26.033202461938203,1000.4509477195886,842400.0,True,True,6.907218559226713e-06,0.8992165242165242,0,,,61498.04693290031,95400.53103626215,True,True,post_v161_one_drop_one_add_whole_loan_swap,post-v161 one-swap pricing only; not multi-swap or global proof,E,C,2,1,0,4,1,0,2019,2018,MI,AZ
v63_source_repair_return_guarded_repair,incumbent_cvar_relaxed_source_lp,145693319,127582382,1000.0,1000.0,-185.7950112813479,-205.52183833714096,19.726827055793052,994.1445723134434,842400.0,True,True,6.907218559226713e-06,0.8992165242165242,0,,,61440.0628787218,95322.19910201262,True,True,post_v161_one_drop_one_add_whole_loan_swap,post-v161 one-swap pricing only; not multi-swap or global proof,E,D,2,2,0,3,1,0,2019,2018,MI,CA
v63_source_repair_return_guarded_repair,incumbent_cvar_relaxed_source_lp,145693319,126820122,1000.0,1000.0,-185.7950112813479,-201.89545162414464,16.10044034279673,990.5181856004472,842400.0,True,True,6.907218559226713e-06,0.8992165242165242,0,,,61483.35737490257,95384.26254016074,True,True,post_v161_one_drop_one_add_whole_loan_swap,post-v161 one-swap pricing only; not multi-swap or global proof,E,C,2,1,0,0,1,1,2019,2018,MI,other
v63_source_repair_return_guarded_repair,incumbent_cvar_relaxed_source_lp,145693319,126707528,1000.0,1000.0,-185.7950112813479,-226.37597165812684,40.58096037677893,1014.9987056344294,842400.0,True,True,6.907218559226713e-06,0.8992165242165242,0,,,61360.47960745872,95228.28293780595,True,True,post_v161_one_drop_one_add_whole_loan_swap,post-v161 one-swap pricing only; not multi-swap or global proof,E,E,2,3,0,1,1,0,2019,2018,MI,other
v63_source_repair_return_guarded_repair,incumbent_cvar_relaxed_source_lp,145693319,126733849,1000.0,1000.0,-185.7950112813479,-186.9469746106631,1.1519633293151799,975.5697085869656,842400.0,True,True,6.907218559226713e-06,0.8980294396961064,0,,,61555.04682888917,95477.00337340472,True,True,post_v161_one_drop_one_add_whole_loan_swap,post-v161 one-swap pricing only; not multi-swap or global proof,E,B,2,0,0,4,1,3,2019,2018,MI,NJ
v63_source_repair_return_guarded_repair,incumbent_cvar_relaxed_source_lp,145693319,126652025,1000.0,1000.0,-185.7950112813479,-206.92821374328602,21.13320246193811,995.5509477195885,842400.0,True,True,6.907218559226713e-06,0.8992165242165242,0,,,61498.04693290031,95400.53103626215,True,True,post_v161_one_drop_one_add_whole_loan_swap,post-v161 one-swap pricing only; not multi-swap or global proof,E,C,2,1,0,3,1,1,2019,2018,MI,FL
v63_source_repair_return_guarded_repair,incumbent_cvar_relaxed_source_lp,145693319,126416707,1000.0,1000.0,-185.7950112813479,-187.69320294656202,1.8981916652141138,976.3159369228645,842400.0,True,True,6.907218559226713e-06,0.8980294396961064,0,,,61554.28173421773,95476.01925516732,True,True,post_v161_one_drop_one_add_whole_loan_swap,post-v161 one-swap pricing only; not multi-swap or global proof,E,B,2,0,0,1,1,1,2019,2018,MI,CA
v63_source_repair_return_guarded_repair,incumbent_cvar_relaxed_source_lp,145693319,126419064,1000.0,1000.0,-185.7950112813479,-198.85427993768698,13.059268656339071,987.4770139139895,842400.0,True,True,6.907218559226713e-06,0.8992165242165242,0,,,61456.75085147221,95341.59413410007,True,True,post_v161_one_drop_one_add_whole_loan_swap,post-v161 one-swap pricing only; not multi-swap or global proof,E,D,2,2,0,4,1,1,2019,2018,MI,other
v63_source_repair_return_guarded_repair,incumbent_cvar_relaxed_source_lp,145693319,126409482,1000.0,1000.0,-185.7950112813479,-223.9633297987982,38.1683185174503,1012.5860637751007,842400.0,True,True,6.907218559226713e-06,0.8992165242165242,0,,,61480.62924536453,95381.59217522333,True,True,post_v161_one_drop_one_add_whole_loan_swap,post-v161 one-swap pricing only; not multi-swap or global proof,E,C,2,2,0,2,1,3,2019,2018,MI,other
v63_source_repair_return_guarded_repair,incumbent_cvar_relaxed_source_lp,145693319,166121358,1000.0,1000.0,-185.7950112813479,-212.03423240595197,26.239221124604057,1000.6569663822545,842400.0,True,True,6.907218559226713e-06,0.8992165242165242,0,,,61472.13345969656,95345.9217358671,True,True,post_v161_one_drop_one_add_whole_loan_swap,post-v161 one-swap pricing only; not multi-swap or global proof,E,C,2,2,0,3,1,0,2019,2020,MI,MD
v63_source_repair_return_guarded_repair,incumbent_cvar_relaxed_source_lp,145693319,169887690,1000.0,1000.0,-185.7950112813479,-221.11264407259083,35.317632791242914,1009.7353780488933,842400.0,True,True,6.907218559226713e-06,0.8992165242165242,0,,,61490.28414759564,95392.54244561648,True,True,post_v161_one_drop_one_add_whole_loan_swap,post-v161 one-swap pricing only; not multi-swap or global proof,E,B,2,1,0,0,1,3,2019,2020,MI,other
v63_source_repair_return_guarded_repair,incumbent_cvar_relaxed_source_lp,145433627,126707528,1000.0,1000.0,-218.94439011581562,-226.37597165812684,7.431581542311221,981.8493267999615,842400.0,True,True,6.907218559226713e-06,0.8992165242165242,0,,,61310.73241140257,95109.10766303609,True,True,post_v161_one_drop_one_add_whole_loan_swap,post-v161 one-swap pricing only; not multi-swap or global proof,C,E,2,3,1,1,2,0,2019,2018,other,other
v63_source_repair_return_guarded_repair,incumbent_cvar_relaxed_source_lp,145433627,126409482,1000.0,1000.0,-218.94439011581562,-223.9633297987982,5.018939682982591,979.436684940633,842400.0,True,True,6.907218559226713e-06,0.8992165242165242,0,,,61430.88204930839,95262.41690045348,True,True,post_v161_one_drop_one_add_whole_loan_swap,post-v161 one-swap pricing only; not multi-swap or global proof,C,C,2,2,1,2,2,3,2019,2018,other,other
v63_source_repair_return_guarded_repair,incumbent_cvar_relaxed_source_lp,145433627,169887690,1000.0,1000.0,-218.94439011581562,-221.11264407259083,2.168253956775203,976.5859992144256,842400.0,True,True,6.907218559226713e-06,0.8992165242165242,0,,,61440.5369515395,95273.36717084661,True,True,post_v161_one_drop_one_add_whole_loan_swap,post-v161 one-swap pricing only; not multi-swap or global proof,C,B,2,1,1,0,2,3,2019,2020,other,other
v63_source_repair_return_guarded_repair,incumbent_cvar_relaxed_source_lp,145190615,126707528,1000.0,1000.0,-223.69734353055804,-226.37597165812684,2.6786281275687998,977.0963733852192,842400.0,True,True,6.907218559226713e-06,0.8992165242165242,0,,,61408.91485685901,95260.69277711144,True,True,post_v161_one_drop_one_add_whole_loan_swap,post-v161 one-swap pricing only; not multi-swap or global proof,E,E,2,3,4,1,2,0,2019,2018,MI,other
v63_source_repair_return_guarded_repair,incumbent_cvar_relaxed_source_lp,145190615,126409482,1000.0,1000.0,-223.69734353055804,-223.9633297987982,0.26598626824016947,974.6837315258906,842400.0,True,True,6.907218559226713e-06,0.8992165242165242,0,,,61529.064494764825,95414.00201452883,True,True,post_v161_one_drop_one_add_whole_loan_swap,post-v161 one-swap pricing only; not multi-swap or global proof,E,C,2,2,4,2,2,3,2019,2018,MI,other
v63_source_repair_return_guarded_repair,incumbent_cvar_relaxed_source_lp,145696852,126707528,1000.0,1000.0,-220.6570637652537,-226.37597165812684,5.718907892873148,980.1366531505236,842400.0,True,True,6.907218559226713e-06,0.8992165242165242,0,,,61297.55094704284,95103.88395138553,True,True,post_v161_one_drop_one_add_whole_loan_swap,post-v161 one-swap pricing only; not multi-swap or global proof,C,E,1,3,1,1,3,0,2019,2018,other,other
v63_source_repair_return_guarded_repair,incumbent_cvar_relaxed_source_lp,145696852,126409482,1000.0,1000.0,-220.6570637652537,-223.9633297987982,3.3062660335445173,977.7240112911949,842400.0,True,True,6.907218559226713e-06,0.8992165242165242,0,,,61417.700584948645,95257.1931888029,True,True,post_v161_one_drop_one_add_whole_loan_swap,post-v161 one-swap pricing only; not multi-swap or global proof,C,C,1,2,1,2,3,3,2019,2018,other,other
v63_source_repair_return_guarded_repair,incumbent_cvar_relaxed_source_lp,145696852,169887690,1000.0,1000.0,-220.6570637652537,-221.11264407259083,0.4555803073371294,974.8733255649875,842400.0,True,True,6.907218559226713e-06,0.8992165242165242,0,,,61427.35548717975,95268.14345919606,True,True,post_v161_one_drop_one_add_whole_loan_swap,post-v161 one-swap pricing only; not multi-swap or global proof,C,B,1,1,1,0,3,3,2019,2020,other,other
v63_source_repair_return_guarded_repair,incumbent_cvar_relaxed_source_lp,154341738,168678809,1000.0,1000.0,-19.715403175880347,-25.935876492202276,6.220473316321929,980.6382185739723,842400.0,True,True,6.907218559226713e-06,0.8992165242165242,0,,,61417.44393789703,95205.3612054494,True,True,post_v161_one_drop_one_add_whole_loan_swap,post-v161 one-swap pricing only; not multi-swap or global proof,A,A,1,1,2,1,2,0,2019,2020,other,IN
v63_source_repair_return_guarded_repair,incumbent_cvar_relaxed_source_lp,154341738,170390171,1000.0,1000.0,-19.715403175880347,-23.632377345499286,3.916974169618939,978.3347194272693,842400.0,True,True,6.907218559226713e-06,0.8992165242165242,0,,,61414.03844835548,95198.42840526429,True,True,post_v161_one_drop_one_add_whole_loan_swap,post-v161 one-swap pricing only; not multi-swap or global proof,A,A,1,1,2,0,2,0,2019,2020,other,other
v63_source_repair_return_guarded_repair,incumbent_cvar_relaxed_source_lp,154341738,169450190,1000.0,1000.0,-19.715403175880347,-22.58050328415853,2.8651001082781846,977.2828453659286,842400.0,True,True,6.907218559226713e-06,0.8992165242165242,0,,,61396.72372386692,95163.42037193851,True,True,post_v161_one_drop_one_add_whole_loan_swap,post-v161 one-swap pricing only; not multi-swap or global proof,A,A,1,1,2,0,2,0,2019,2020,other,AZ
v63_source_repair_return_guarded_repair,incumbent_cvar_relaxed_source_lp,153939446,127874931,1000.0,1000.0,-158.5530158334477,-186.9469746106631,28.393958777215403,1002.8117040348658,842400.0,True,True,6.907218559226713e-06,0.8980294396961064,0,,,61583.278062509125,95434.866539877,True,True,post_v161_one_drop_one_add_whole_loan_swap,post-v161 one-swap pricing only; not multi-swap or global proof,D,B,3,0,0,0,4,0,2019,2018,other,MN
v63_source_repair_return_guarded_repair,incumbent_cvar_relaxed_source_lp,153939446,127672145,1000.0,1000.0,-158.5530158334477,-196.20083323856994,37.647817405122254,1012.0655626627727,842400.0,True,True,6.907218559226713e-06,0.8992165242165242,0,,,61552.170647484425,95390.49622099173,True,True,post_v161_one_drop_one_add_whole_loan_swap,post-v161 one-swap pricing only; not multi-swap or global proof,D,C,3,1,0,0,4,2,2019,2018,other,other
v63_source_repair_return_guarded_repair,incumbent_cvar_relaxed_source_lp,153939446,127475725,1000.0,1000.0,-158.5530158334477,-211.8282137432861,53.275197909838425,1027.692943167489,842400.0,True,True,6.907218559226713e-06,0.8992165242165242,0,,,61526.27816652025,95358.39420273443,True,True,post_v161_one_drop_one_add_whole_loan_swap,post-v161 one-swap pricing only; not multi-swap or global proof,D,C,3,1,0,4,4,0,2019,2018,other,AZ
v63_source_repair_return_guarded_repair,incumbent_cvar_relaxed_source_lp,153939446,127582382,1000.0,1000.0,-158.5530158334477,-205.52183833714096,46.968822503693275,1021.3865677613437,842400.0,True,True,6.907218559226713e-06,0.8992165242165242,0,,,61468.29411234173,95280.06226848492,True,True,post_v161_one_drop_one_add_whole_loan_swap,post-v161 one-swap pricing only; not multi-swap or global proof,D,D,3,2,0,3,4,0,2019,2018,other,CA
v63_source_repair_return_guarded_repair,incumbent_cvar_relaxed_source_lp,153939446,126827839,1000.0,1000.0,-158.5530158334477,-175.77898463113021,17.225968797682526,991.6437140553329,842400.0,True,True,6.907218559226713e-06,0.8992165242165242,0,,,61450.06774373917,95248.70564007697,True,True,post_v161_one_drop_one_add_whole_loan_swap,post-v161 one-swap pricing only; not multi-swap or global proof,D,E,3,2,0,0,4,4,2019,2018,other,other
v63_source_repair_return_guarded_repair,incumbent_cvar_relaxed_source_lp,153939446,126820122,1000.0,1000.0,-158.5530158334477,-201.89545162414464,43.34243579069695,1017.7601810483474,842400.0,True,True,6.907218559226713e-06,0.8992165242165242,0,,,61511.58860852251,95342.12570663301,True,True,post_v161_one_drop_one_add_whole_loan_swap,post-v161 one-swap pricing only; not multi-swap or global proof,D,C,3,1,0,0,4,1,2019,2018,other,other
v63_source_repair_return_guarded_repair,incumbent_cvar_relaxed_source_lp,153939446,126707528,1000.0,1000.0,-158.5530158334477,-226.37597165812684,67.82295582467916,1042.2407010823295,842400.0,True,True,6.907218559226713e-06,0.8992165242165242,0,,,61388.71084107865,95186.14610427825,True,True,post_v161_one_drop_one_add_whole_loan_swap,post-v161 one-swap pricing only; not multi-swap or global proof,D,E,3,3,0,1,4,0,2019,2018,other,other
v63_source_repair_return_guarded_repair,incumbent_cvar_relaxed_source_lp,153939446,126733849,1000.0,1000.0,-158.5530158334477,-186.9469746106631,28.393958777215403,1002.8117040348658,842400.0,True,True,6.907218559226713e-06,0.8980294396961064,0,,,61583.278062509125,95434.866539877,True,True,post_v161_one_drop_one_add_whole_loan_swap,post-v161 one-swap pricing only; not multi-swap or global proof,D,B,3,0,0,4,4,3,2019,2018,other,NJ
v63_source_repair_return_guarded_repair,incumbent_cvar_relaxed_source_lp,153939446,126652025,1000.0,1000.0,-158.5530158334477,-206.92821374328602,48.375197909838334,1022.7929431674887,842400.0,True,True,6.907218559226713e-06,0.8992165242165242,0,,,61526.27816652025,95358.39420273443,True,True,post_v161_one_drop_one_add_whole_loan_swap,post-v161 one-swap pricing only; not multi-swap or global proof,D,C,3,1,0,3,4,1,2019,2018,other,FL
v63_source_repair_return_guarded_repair,incumbent_cvar_relaxed_source_lp,153939446,126468092,1000.0,1000.0,-158.5530158334477,-169.50590883596908,10.952893002521392,985.3706382601717,842400.0,True,True,6.907218559226713e-06,0.8980294396961064,0,,,61606.1822850665,95466.09994184971,True,True,post_v161_one_drop_one_add_whole_loan_swap,post-v161 one-swap pricing only; not multi-swap or global proof,D,B,3,0,0,1,4,2,2019,2018,other,other
v63_source_repair_return_guarded_repair,incumbent_cvar_relaxed_source_lp,153939446,126416707,1000.0,1000.0,-158.5530158334477,-187.69320294656202,29.140187113114337,1003.5579323707648,842400.0,True,True,6.907218559226713e-06,0.8980294396961064,0,,,61582.512967837654,95433.88242163962,True,True,post_v161_one_drop_one_add_whole_loan_swap,post-v161 one-swap pricing only; not multi-swap or global proof,D,B,3,0,0,1,4,1,2019,2018,other,CA
v63_source_repair_return_guarded_repair,incumbent_cvar_relaxed_source_lp,153939446,126419064,1000.0,1000.0,-158.5530158334477,-198.85427993768698,40.301264104239294,1014.7190093618897,842400.0,True,True,6.907218559226713e-06,0.8992165242165242,0,,,61484.982085092146,95299.4573005724,True,True,post_v161_one_drop_one_add_whole_loan_swap,post-v161 one-swap pricing only; not multi-swap or global proof,D,D,3,2,0,4,4,1,2019,2018,other,other
v63_source_repair_return_guarded_repair,incumbent_cvar_relaxed_source_lp,153939446,126409482,1000.0,1000.0,-158.5530158334477,-223.9633297987982,65.41031396535053,1039.828059223001,842400.0,True,True,6.907218559226713e-06,0.8992165242165242,0,,,61508.86047898447,95339.45534169559,True,True,post_v161_one_drop_one_add_whole_loan_swap,post-v161 one-swap pricing only; not multi-swap or global proof,D,C,3,2,0,2,4,3,2019,2018,other,other
v63_source_repair_return_guarded_repair,incumbent_cvar_relaxed_source_lp,153939446,166121358,1000.0,1000.0,-158.5530158334477,-212.03423240595197,53.48121657250428,1027.8989618301546,842400.0,True,True,6.907218559226713e-06,0.8992165242165242,0,,,61500.36469331649,95303.78490233936,True,True,post_v161_one_drop_one_add_whole_loan_swap,post-v161 one-swap pricing only; not multi-swap or global proof,D,C,3,2,0,3,4,0,2019,2020,other,MD
v63_source_repair_return_guarded_repair,incumbent_cvar_relaxed_source_lp,153939446,168701788,1000.0,1000.0,-158.5530158334477,-178.5860397151734,20.03302388172571,994.4507691393761,842400.0,True,True,6.907218559226713e-06,0.8992165242165242,0,,,61503.857246776344,95309.15502658943,True,True,post_v161_one_drop_one_add_whole_loan_swap,post-v161 one-swap pricing only; not multi-swap or global proof,D,C,3,1,0,3,4,1,2019,2020,other,TX
v63_source_repair_return_guarded_repair,incumbent_cvar_relaxed_source_lp,153939446,169887690,1000.0,1000.0,-158.5530158334477,-221.11264407259083,62.55962823914314,1036.9773734967935,842400.0,True,True,6.907218559226713e-06,0.8992165242165242,0,,,61518.51538121558,95350.40561208875,True,True,post_v161_one_drop_one_add_whole_loan_swap,post-v161 one-swap pricing only; not multi-swap or global proof,D,B,3,1,0,0,4,3,2019,2020,other,other
v63_source_repair_return_guarded_repair,incumbent_cvar_relaxed_source_lp,153939446,169358871,1000.0,1000.0,-158.5530158334477,-177.86634212741987,19.31332629397218,993.7310715516226,842400.0,True,True,6.907218559226713e-06,0.8992165242165242,0,,,61513.62826410908,95296.7299915496,True,True,post_v161_one_drop_one_add_whole_loan_swap,post-v161 one-swap pricing only; not multi-swap or global proof,D,C,3,1,0,3,4,0,2019,2020,other,VA
v63_source_repair_return_guarded_repair,incumbent_cvar_relaxed_source_lp,153939446,139506195,1000.0,1000.0,-158.5530158334477,-177.67809625327766,19.12508041982997,993.5428256774803,842400.0,True,True,6.907218559226713e-06,0.8992165242165242,0,,,61487.79358405767,95242.94836642913,True,True,post_v161_one_drop_one_add_whole_loan_swap,post-v161 one-swap pricing only; not multi-swap or global proof,D,D,3,2,0,2,4,0,2019,2018,other,CA
v63_source_repair_return_guarded_repair,incumbent_cvar_relaxed_source_lp,153939446,156823754,1000.0,1000.0,-158.5530158334477,-183.46022770133698,24.907211867889288,999.3249571255396,842400.0,True,True,6.907218559226713e-06,0.8992165242165242,0,,,61485.39536495827,95222.04360304849,True,True,post_v161_one_drop_one_add_whole_loan_swap,post-v161 one-swap pricing only; not multi-swap or global proof,D,D,3,2,0,3,4,1,2019,2019,other,CA
v63_source_repair_return_guarded_repair,incumbent_cvar_relaxed_source_lp,153939446,156807668,1000.0,1000.0,-158.5530158334477,-175.85010442413147,17.297088590683785,991.7148338483341,842400.0,True,True,6.907218559226713e-06,0.8992165242165242,0,,,61512.82885931697,95250.31996342615,True,True,post_v161_one_drop_one_add_whole_loan_swap,post-v161 one-swap pricing only; not multi-swap or global proof,D,D,3,2,0,0,4,0,2019,2019,other,TX
v63_source_repair_return_guarded_repair,incumbent_cvar_relaxed_source_lp,153597655,127475725,1000.0,1000.0,-205.4688648010169,-211.8282137432861,6.359348942269207,980.7770941999196,842400.0,True,True,6.907218559226713e-06,0.8992165242165242,0,,,61484.339440375625,95350.89416370828,True,True,post_v161_one_drop_one_add_whole_loan_swap,post-v161 one-swap pricing only; not multi-swap or global proof,D,C,2,1,0,4,0,0,2019,2018,MI,AZ
v63_source_repair_return_guarded_repair,incumbent_cvar_relaxed_source_lp,153597655,127582382,1000.0,1000.0,-205.4688648010169,-205.52183833714096,0.052973536124056864,974.4707187937745,842400.0,True,True,6.907218559226713e-06,0.8992165242165242,0,,,61426.35538619712,95272.56222945877,True,True,post_v161_one_drop_one_add_whole_loan_swap,post-v161 one-swap pricing only; not multi-swap or global proof,D,D,2,2,0,3,0,0,2019,2018,MI,CA
v63_source_repair_return_guarded_repair,incumbent_cvar_relaxed_source_lp,153597655,126707528,1000.0,1000.0,-205.4688648010169,-226.37597165812684,20.907106857109937,995.3248521147603,842400.0,True,True,6.907218559226713e-06,0.8992165242165242,0,,,61346.772114934036,95178.6460652521,True,True,post_v161_one_drop_one_add_whole_loan_swap,post-v161 one-swap pricing only; not multi-swap or global proof,D,E,2,3,0,1,0,0,2019,2018,MI,other
v63_source_repair_return_guarded_repair,incumbent_cvar_relaxed_source_lp,153597655,126652025,1000.0,1000.0,-205.4688648010169,-206.92821374328602,1.4593489422691164,975.8770941999195,842400.0,True,True,6.907218559226713e-06,0.8992165242165242,0,,,61484.339440375625,95350.89416370828,True,True,post_v161_one_drop_one_add_whole_loan_swap,post-v161 one-swap pricing only; not multi-swap or global proof,D,C,2,1,0,3,0,1,2019,2018,MI,FL
v63_source_repair_return_guarded_repair,incumbent_cvar_relaxed_source_lp,153597655,126409482,1000.0,1000.0,-205.4688648010169,-223.9633297987982,18.494464997781307,992.9122102554317,842400.0,True,True,6.907218559226713e-06,0.8992165242165242,0,,,61466.92175283986,95331.95530266943,True,True,post_v161_one_drop_one_add_whole_loan_swap,post-v161 one-swap pricing only; not multi-swap or global proof,D,C,2,2,0,2,0,3,2019,2018,MI,other
v63_source_repair_return_guarded_repair,incumbent_cvar_relaxed_source_lp,153597655,166121358,1000.0,1000.0,-205.4688648010169,-212.03423240595197,6.565367604935062,980.9831128625855,842400.0,True,True,6.907218559226713e-06,0.8992165242165242,0,,,61458.425967171876,95296.28486331321,True,True,post_v161_one_drop_one_add_whole_loan_swap,post-v161 one-swap pricing only; not multi-swap or global proof,D,C,2,2,0,3,0,0,2019,2020,MI,MD
v63_source_repair_return_guarded_repair,incumbent_cvar_relaxed_source_lp,153597655,169887690,1000.0,1000.0,-205.4688648010169,-221.11264407259083,15.64377927157392,990.0615245292242,842400.0,True,True,6.907218559226713e-06,0.8992165242165242,0,,,61476.57665507097,95342.9055730626,True,True,post_v161_one_drop_one_add_whole_loan_swap,post-v161 one-swap pricing only; not multi-swap or global proof,D,B,2,1,0,0,0,3,2019,2020,MI,other
v63_source_repair_return_guarded_repair,incumbent_cvar_relaxed_source_lp,152021170,127011905,1500.0,1500.0,-294.82952375017175,-310.3923206149292,15.562796864757445,989.9805421224078,842400.0,True,True,6.907218559226713e-06,0.8992165242165242,0,,,61576.12384588877,95430.91360161867,True,True,post_v161_one_drop_one_add_whole_loan_swap,post-v161 one-swap pricing only; not multi-swap or global proof,D,C,3,1,2,2,1,2,2019,2018,IL,other
v63_source_repair_return_guarded_repair,incumbent_cvar_relaxed_source_lp,152021170,126620912,1500.0,1500.0,-294.82952375017175,-319.768173516142,24.93864976597024,999.3563950236206,842400.0,True,True,6.907218559226713e-06,0.8992165242165242,0,,,61628.81498599059,95505.84257941047,True,True,post_v161_one_drop_one_add_whole_loan_swap,post-v161 one-swap pricing only; not multi-swap or global proof,D,B,3,1,2,0,1,0,2019,2018,IL,other
v63_source_repair_return_guarded_repair,incumbent_cvar_relaxed_source_lp,152021170,167713836,1500.0,1500.0,-294.82952375017175,-323.27724824243177,28.447724492260022,1002.8654697499104,842400.0,True,True,6.907218559226713e-06,0.8992165242165242,0,,,61545.36765531751,95356.10763741062,True,True,post_v161_one_drop_one_add_whole_loan_swap,post-v161 one-swap pricing only; not multi-swap or global proof,D,C,3,1,2,1,1,4,2019,2020,IL,other
v63_source_repair_return_guarded_repair,incumbent_cvar_relaxed_source_lp,153077076,127874931,1200.0,1000.0,-186.56263776122043,-186.9469746106631,0.38433684944266133,974.802082107093,842600.0,True,True,0.00020940614277265013,0.8978162829337764,0,,,61621.78783313578,95550.75049176377,True,True,post_v161_one_drop_one_add_whole_loan_swap,post-v161 one-swap pricing only; not multi-swap or global proof,D,B,2,0,0,0,0,0,2019,2018,IL,MN
v63_source_repair_return_guarded_repair,incumbent_cvar_relaxed_source_lp,153077076,127672145,1200.0,1000.0,-186.56263776122043,-196.20083323856994,9.638195477349512,984.0559407349999,842600.0,True,True,0.00020940614277265013,0.8990030856871588,0,,,61590.680418111086,95506.3801728785,True,True,post_v161_one_drop_one_add_whole_loan_swap,post-v161 one-swap pricing only; not multi-swap or global proof,D,C,2,1,0,0,0,2,2019,2018,IL,other
v63_source_repair_return_guarded_repair,incumbent_cvar_relaxed_source_lp,153077076,127475725,1200.0,1000.0,-186.56263776122043,-211.8282137432861,25.265575982065684,999.6833212397161,842600.0,True,True,0.00020940614277265013,0.8990030856871588,0,,,61564.78793714691,95474.27815462122,True,True,post_v161_one_drop_one_add_whole_loan_swap,post-v161 one-swap pricing only; not multi-swap or global proof,D,C,2,1,0,4,0,0,2019,2018,IL,AZ
v63_source_repair_return_guarded_repair,incumbent_cvar_relaxed_source_lp,153077076,127582382,1200.0,1000.0,-186.56263776122043,-205.52183833714096,18.959200575920534,993.376945833571,842600.0,True,True,0.00020940614277265013,0.8990030856871588,0,,,61506.803882968394,95395.94622037171,True,True,post_v161_one_drop_one_add_whole_loan_swap,post-v161 one-swap pricing only; not multi-swap or global proof,D,D,2,2,0,3,0,0,2019,2018,IL,CA
v63_source_repair_return_guarded_repair,incumbent_cvar_relaxed_source_lp,153077076,126820122,1200.0,1000.0,-186.56263776122043,-201.89545162414464,15.332813862924212,989.7505591205746,842600.0,True,True,0.00020940614277265013,0.8990030856871588,0,,,61550.098379149174,95458.0096585198,True,True,post_v161_one_drop_one_add_whole_loan_swap,post-v161 one-swap pricing only; not multi-swap or global proof,D,C,2,1,0,0,0,1,2019,2018,IL,other
v63_source_repair_return_guarded_repair,incumbent_cvar_relaxed_source_lp,153077076,126707528,1200.0,1000.0,-186.56263776122043,-226.37597165812684,39.813333896906414,1014.2310791545568,842600.0,True,True,0.00020940614277265013,0.8990030856871588,0,,,61427.220611705314,95302.03005616504,True,True,post_v161_one_drop_one_add_whole_loan_swap,post-v161 one-swap pricing only; not multi-swap or global proof,D,E,2,3,0,1,0,0,2019,2018,IL,other
v63_source_repair_return_guarded_repair,incumbent_cvar_relaxed_source_lp,153077076,126733849,1200.0,1000.0,-186.56263776122043,-186.9469746106631,0.38433684944266133,974.802082107093,842600.0,True,True,0.00020940614277265013,0.8978162829337764,0,,,61621.78783313578,95550.75049176377,True,True,post_v161_one_drop_one_add_whole_loan_swap,post-v161 one-swap pricing only; not multi-swap or global proof,D,B,2,0,0,4,0,3,2019,2018,IL,NJ
v63_source_repair_return_guarded_repair,incumbent_cvar_relaxed_source_lp,153077076,126652025,1200.0,1000.0,-186.56263776122043,-206.92821374328602,20.365575982065593,994.783321239716,842600.0,True,True,0.00020940614277265013,0.8990030856871588,0,,,61564.78793714691,95474.27815462122,True,True,post_v161_one_drop_one_add_whole_loan_swap,post-v161 one-swap pricing only; not multi-swap or global proof,D,C,2,1,0,3,0,1,2019,2018,IL,FL
v63_source_repair_return_guarded_repair,incumbent_cvar_relaxed_source_lp,153077076,126483031,1200.0,1200.0,-186.56263776122043,-200.480236756332,13.917598995111575,988.335344252762,842400.0,True,True,6.907218559226713e-06,0.8977920227920227,0,,,61600.80340879625,95520.33154116207,True,True,post_v161_one_drop_one_add_whole_loan_swap,post-v161 one-swap pricing only; not multi-swap or global proof,D,B,2,0,0,2,0,0,2019,2018,IL,FL
v63_source_repair_return_guarded_repair,incumbent_cvar_relaxed_source_lp,153077076,126416707,1200.0,1000.0,-186.56263776122043,-187.69320294656202,1.1305651853415952,975.548310442992,842600.0,True,True,0.00020940614277265013,0.8978162829337764,0,,,61621.02273846432,95549.76637352639,True,True,post_v161_one_drop_one_add_whole_loan_swap,post-v161 one-swap pricing only; not multi-swap or global proof,D,B,2,0,0,1,0,1,2019,2018,IL,CA
v63_source_repair_return_guarded_repair,incumbent_cvar_relaxed_source_lp,153077076,126419064,1200.0,1000.0,-186.56263776122043,-198.85427993768698,12.291642176466553,986.7093874341169,842600.0,True,True,0.00020940614277265013,0.8990030856871588,0,,,61523.49185571881,95415.34125245915,True,True,post_v161_one_drop_one_add_whole_loan_swap,post-v161 one-swap pricing only; not multi-swap or global proof,D,D,2,2,0,4,0,1,2019,2018,IL,other
v63_source_repair_return_guarded_repair,incumbent_cvar_relaxed_source_lp,153077076,126409482,1200.0,1000.0,-186.56263776122043,-223.9633297987982,37.400692037577784,1011.8184372952281,842600.0,True,True,0.00020940614277265013,0.8990030856871588,0,,,61547.37024961114,95455.3392935824,True,True,post_v161_one_drop_one_add_whole_loan_swap,post-v161 one-swap pricing only; not multi-swap or global proof,D,C,2,2,0,2,0,3,2019,2018,IL,other
v63_source_repair_return_guarded_repair,incumbent_cvar_relaxed_source_lp,153077076,166121358,1200.0,1000.0,-186.56263776122043,-212.03423240595197,25.47159464473154,999.889339902382,842600.0,True,True,0.00020940614277265013,0.8990030856871588,0,,,61538.87446394317,95419.66885422615,True,True,post_v161_one_drop_one_add_whole_loan_swap,post-v161 one-swap pricing only; not multi-swap or global proof,D,C,2,2,0,3,0,0,2019,2020,IL,MD
v63_source_repair_return_guarded_repair,incumbent_cvar_relaxed_source_lp,153077076,165985906,1200.0,1200.0,-186.56263776122043,-203.72482836822385,17.162190607003424,991.5799358646539,842400.0,True,True,6.907218559226713e-06,0.8992165242165242,0,,,61506.47560568501,95349.97163616198,True,True,post_v161_one_drop_one_add_whole_loan_swap,post-v161 one-swap pricing only; not multi-swap or global proof,D,C,2,1,0,3,0,4,2019,2020,IL,VA
v63_source_repair_return_guarded_repair,incumbent_cvar_relaxed_source_lp,153077076,169887690,1200.0,1000.0,-186.56263776122043,-221.11264407259083,34.550006311370396,1008.9677515690207,842600.0,True,True,0.00020940614277265013,0.8990030856871588,0,,,61557.02515184223,95466.28956397554,True,True,post_v161_one_drop_one_add_whole_loan_swap,post-v161 one-swap pricing only; not multi-swap or global proof,D,B,2,1,0,0,0,3,2019,2020,IL,other
v63_source_repair_return_guarded_repair,incumbent_cvar_relaxed_source_lp,153077076,160806330,1200.0,1200.0,-186.56263776122043,-210.10403328668124,23.541395525460814,997.9591407831113,842400.0,True,True,6.907218559226713e-06,0.8992165242165242,0,,,61457.03831673783,95221.34792545647,True,True,post_v161_one_drop_one_add_whole_loan_swap,post-v161 one-swap pricing only; not multi-swap or global proof,D,D,2,2,0,2,0,2,2019,2019,IL,FL
v63_source_repair_return_guarded_repair,incumbent_cvar_relaxed_source_lp,153076219,126707528,1000.0,1000.0,-214.06120543921665,-226.37597165812684,12.314766218910194,986.7325114765606,842400.0,True,True,6.907218559226713e-06,0.8992165242165242,0,,,61302.88470756252,95105.49128824964,True,True,post_v161_one_drop_one_add_whole_loan_swap,post-v161 one-swap pricing only; not multi-swap or global proof,C,E,1,3,4,1,0,0,2019,2018,OH,other
v63_source_repair_return_guarded_repair,incumbent_cvar_relaxed_source_lp,153076219,126409482,1000.0,1000.0,-214.06120543921665,-223.9633297987982,9.902124359581563,984.3198696172319,842400.0,True,True,6.907218559226713e-06,0.8992165242165242,0,,,61423.03434546833,95258.800525667,True,True,post_v161_one_drop_one_add_whole_loan_swap,post-v161 one-swap pricing only; not multi-swap or global proof,C,C,1,2,4,2,0,3,2019,2018,OH,other
v63_source_repair_return_guarded_repair,incumbent_cvar_relaxed_source_lp,153076219,169887690,1000.0,1000.0,-214.06120543921665,-221.11264407259083,7.051438633374175,981.4691838910246,842400.0,True,True,6.907218559226713e-06,0.8992165242165242,0,,,61432.68924769944,95269.75079606017,True,True,post_v161_one_drop_one_add_whole_loan_swap,post-v161 one-swap pricing only; not multi-swap or global proof,C,B,1,1,4,0,0,3,2019,2020,OH,other
v63_source_repair_return_guarded_repair,incumbent_cvar_relaxed_source_lp,152684294,126707528,1000.0,1000.0,-214.68764584625958,-226.37597165812684,11.688325811867259,986.1060710695176,842400.0,True,True,6.907218559226713e-06,0.8992165242165242,0,,,61287.60767417612,95045.97018734968,True,True,post_v161_one_drop_one_add_whole_loan_swap,post-v161 one-swap pricing only; not multi-swap or global proof,B,E,1,3,4,1,2,0,2019,2018,WA,other
v63_source_repair_return_guarded_repair,incumbent_cvar_relaxed_source_lp,152684294,126409482,1000.0,1000.0,-214.68764584625958,-223.9633297987982,9.275683952538628,983.693429210189,842400.0,True,True,6.907218559226713e-06,0.8992165242165242,0,,,61407.757312081936,95199.27942476702,True,True,post_v161_one_drop_one_add_whole_loan_swap,post-v161 one-swap pricing only; not multi-swap or global proof,B,C,1,2,4,2,2,3,2019,2018,WA,other
v63_source_repair_return_guarded_repair,incumbent_cvar_relaxed_source_lp,152684294,169887690,1000.0,1000.0,-214.68764584625958,-221.11264407259083,6.42499822633124,980.8427434839816,842400.0,True,True,6.907218559226713e-06,0.8992165242165242,0,,,61417.41221431305,95210.22969516019,True,True,post_v161_one_drop_one_add_whole_loan_swap,post-v161 one-swap pricing only; not multi-swap or global proof,B,B,1,1,4,0,2,3,2019,2020,WA,other
v63_source_repair_return_guarded_repair,incumbent_cvar_relaxed_source_lp,152767295,126760355,1500.0,1500.0,-247.11732418395934,-250.40002765814089,3.2827034741815453,977.7004487318319,842400.0,True,True,6.907218559226713e-06,0.8992165242165242,0,,,61447.25463850304,95324.52847631366,True,True,post_v161_one_drop_one_add_whole_loan_swap,post-v161 one-swap pricing only; not multi-swap or global proof,B,B,0,0,2,1,1,0,2019,2018,OH,IL
v63_source_repair_return_guarded_repair,incumbent_cvar_relaxed_source_lp,152762134,168841753,1000.0,1000.0,-13.515403175880348,-15.58411172619063,2.068708550310282,976.4864538079606,842400.0,True,True,6.907218559226713e-06,0.8992165242165242,0,,,61403.93008099884,95184.38484605635,True,True,post_v161_one_drop_one_add_whole_loan_swap,post-v161 one-swap pricing only; not multi-swap or global proof,A,A,1,1,0,1,1,0,2019,2020,OH,NY
v63_source_repair_return_guarded_repair,incumbent_cvar_relaxed_source_lp,152762134,168678809,1000.0,1000.0,-13.515403175880348,-25.935876492202276,12.420473316321928,986.8382185739723,842400.0,True,True,6.907218559226713e-06,0.8992165242165242,0,,,61417.44393789703,95205.3612054494,True,True,post_v161_one_drop_one_add_whole_loan_swap,post-v161 one-swap pricing only; not multi-swap or global proof,A,A,1,1,0,1,1,0,2019,2020,OH,IN
v63_source_repair_return_guarded_repair,incumbent_cvar_relaxed_source_lp,152762134,170390171,1000.0,1000.0,-13.515403175880348,-23.632377345499286,10.116974169618938,984.5347194272694,842400.0,True,True,6.907218559226713e-06,0.8992165242165242,0,,,61414.03844835548,95198.42840526429,True,True,post_v161_one_drop_one_add_whole_loan_swap,post-v161 one-swap pricing only; not multi-swap or global proof,A,A,1,1,0,0,1,0,2019,2020,OH,other
v63_source_repair_return_guarded_repair,incumbent_cvar_relaxed_source_lp,152762134,169450190,1000.0,1000.0,-13.515403175880348,-22.58050328415853,9.065100108278184,983.4828453659286,842400.0,True,True,6.907218559226713e-06,0.8992165242165242,0,,,61396.72372386692,95163.42037193851,True,True,post_v161_one_drop_one_add_whole_loan_swap,post-v161 one-swap pricing only; not multi-swap or global proof,A,A,1,1,0,0,1,0,2019,2020,OH,AZ
v63_source_repair_return_guarded_repair,incumbent_cvar_relaxed_source_lp,152250940,126707528,1000.0,1000.0,-217.12479031922288,-226.37597165812684,9.251181338903962,983.6689265965543,842400.0,True,True,6.907218559226713e-06,0.8992165242165242,0,,,61358.62767922785,95188.08248452903,True,True,post_v161_one_drop_one_add_whole_loan_swap,post-v161 one-swap pricing only; not multi-swap or global proof,D,E,2,3,0,1,0,0,2019,2018,VA,other
v63_source_repair_return_guarded_repair,incumbent_cvar_relaxed_source_lp,152250940,126409482,1000.0,1000.0,-217.12479031922288,-223.9633297987982,6.838539479575331,981.2562847372258,842400.0,True,True,6.907218559226713e-06,0.8992165242165242,0,,,61478.777317133674,95341.3917219464,True,True,post_v161_one_drop_one_add_whole_loan_swap,post-v161 one-swap pricing only; not multi-swap or global proof,D,C,2,2,0,2,0,3,2019,2018,VA,other
v63_source_repair_return_guarded_repair,incumbent_cvar_relaxed_source_lp,152250940,169887690,1000.0,1000.0,-217.12479031922288,-221.11264407259083,3.9878537533679435,978.4055990110184,842400.0,True,True,6.907218559226713e-06,0.8992165242165242,0,,,61488.43221936478,95352.34199233956,True,True,post_v161_one_drop_one_add_whole_loan_swap,post-v161 one-swap pricing only; not multi-swap or global proof,D,B,2,1,0,0,0,3,2019,2020,VA,other
v63_source_repair_return_guarded_repair,incumbent_cvar_relaxed_source_lp,152071637,126707528,1000.0,1000.0,-222.43198588995068,-226.37597165812684,3.9439857681761623,978.3617310258265,842400.0,True,True,6.907218559226713e-06,0.8992165242165242,0,,,61274.35834244246,95048.65436024149,True,True,post_v161_one_drop_one_add_whole_loan_swap,post-v161 one-swap pricing only; not multi-swap or global proof,B,E,1,3,0,1,3,0,2019,2018,OH,other
v63_source_repair_return_guarded_repair,incumbent_cvar_relaxed_source_lp,152071637,126409482,1000.0,1000.0,-222.43198588995068,-223.9633297987982,1.531343908847532,975.949089166498,842400.0,True,True,6.907218559226713e-06,0.8992165242165242,0,,,61394.50798034828,95201.96359765885,True,True,post_v161_one_drop_one_add_whole_loan_swap,post-v161 one-swap pricing only; not multi-swap or global proof,B,C,1,2,0,2,3,3,2019,2018,OH,other
v63_source_repair_return_guarded_repair,incumbent_cvar_relaxed_source_lp,151946957,127695160,1500.0,1500.0,-229.6106251322233,-235.90029594541494,6.289670813191634,980.707416070842,842400.0,True,True,6.907218559226713e-06,0.8992165242165242,0,,,61460.74202420957,95344.56771011757,True,True,post_v161_one_drop_one_add_whole_loan_swap,post-v161 one-swap pricing only; not multi-swap or global proof,B,B,0,0,2,2,1,1,2019,2018,other,TX
v63_source_repair_return_guarded_repair,incumbent_cvar_relaxed_source_lp,151946957,126760355,1500.0,1500.0,-229.6106251322233,-250.40002765814089,20.78940252591758,995.207147783568,842400.0,True,True,6.907218559226713e-06,0.8992165242165242,0,,,61460.94733273318,95344.85611621753,True,True,post_v161_one_drop_one_add_whole_loan_swap,post-v161 one-swap pricing only; not multi-swap or global proof,B,B,0,0,2,1,1,0,2019,2018,other,IL
v63_source_repair_return_guarded_repair,incumbent_cvar_relaxed_source_lp,151946957,126430923,1500.0,1500.0,-229.6106251322233,-243.25029594541493,13.639670813191628,988.057416070842,842400.0,True,True,6.907218559226713e-06,0.8992165242165242,0,,,61460.74202420957,95344.56771011757,True,True,post_v161_one_drop_one_add_whole_loan_swap,post-v161 one-swap pricing only; not multi-swap or global proof,B,B,0,0,2,3,1,0,2019,2018,other,other
v63_source_repair_return_guarded_repair,incumbent_cvar_relaxed_source_lp,151909907,126707528,1000.0,1000.0,-219.35228300063443,-226.37597165812684,7.023688657492414,981.4414339151429,842400.0,True,True,6.907218559226713e-06,0.8992165242165242,0,,,61325.25136370382,95112.7946111504,True,True,post_v161_one_drop_one_add_whole_loan_swap,post-v161 one-swap pricing only; not multi-swap or global proof,C,E,2,3,3,1,2,0,2019,2018,CA,other
v63_source_repair_return_guarded_repair,incumbent_cvar_relaxed_source_lp,151909907,126409482,1000.0,1000.0,-219.35228300063443,-223.9633297987982,4.611046798163784,979.0287920558142,842400.0,True,True,6.907218559226713e-06,0.8992165242165242,0,,,61445.40100160964,95266.10384856776,True,True,post_v161_one_drop_one_add_whole_loan_swap,post-v161 one-swap pricing only; not multi-swap or global proof,C,C,2,2,3,2,2,3,2019,2018,CA,other
v63_source_repair_return_guarded_repair,incumbent_cvar_relaxed_source_lp,151909907,169887690,1000.0,1000.0,-219.35228300063443,-221.11264407259083,1.760361071956396,976.1781063296067,842400.0,True,True,6.907218559226713e-06,0.8992165242165242,0,,,61455.05590384074,95277.05411896092,True,True,post_v161_one_drop_one_add_whole_loan_swap,post-v161 one-swap pricing only; not multi-swap or global proof,C,B,2,1,3,0,2,3,2019,2020,CA,other
v63_source_repair_return_guarded_repair,incumbent_cvar_relaxed_source_lp,151372310,127874931,1100.0,1000.0,-165.41575767263927,-186.9469746106631,21.531216938023817,995.9489621956742,842500.0,True,True,0.00010816869840624133,0.8992284866468843,0,,,61420.65987076833,95265.1249897631,True,True,post_v161_one_drop_one_add_whole_loan_swap,post-v161 one-swap pricing only; not multi-swap or global proof,B,B,0,0,4,0,0,0,2019,2018,NY,MN
v63_source_repair_return_guarded_repair,incumbent_cvar_relaxed_source_lp,151372310,126733849,1100.0,1000.0,-165.41575767263927,-186.9469746106631,21.531216938023817,995.9489621956742,842500.0,True,True,0.00010816869840624133,0.8992284866468843,0,,,61420.65987076833,95265.1249897631,True,True,post_v161_one_drop_one_add_whole_loan_swap,post-v161 one-swap pricing only; not multi-swap or global proof,B,B,0,0,4,4,0,3,2019,2018,NY,NJ
v63_source_repair_return_guarded_repair,incumbent_cvar_relaxed_source_lp,151372310,126468092,1100.0,1000.0,-165.41575767263927,-169.50590883596908,4.090151163329807,978.5078964209802,842500.0,True,True,0.00010816869840624133,0.8992284866468843,0,,,61443.56409332572,95296.3583917358,True,True,post_v161_one_drop_one_add_whole_loan_swap,post-v161 one-swap pricing only; not multi-swap or global proof,B,B,0,0,4,1,0,2,2019,2018,NY,other
v63_source_repair_return_guarded_repair,incumbent_cvar_relaxed_source_lp,151372310,126416707,1100.0,1000.0,-165.41575767263927,-187.69320294656202,22.27744527392275,996.6951905315732,842500.0,True,True,0.00010816869840624133,0.8992284866468843,0,,,61419.894776096866,95264.14087152573,True,True,post_v161_one_drop_one_add_whole_loan_swap,post-v161 one-swap pricing only; not multi-swap or global proof,B,B,0,0,4,1,0,1,2019,2018,NY,CA
v63_source_repair_return_guarded_repair,incumbent_cvar_relaxed_source_lp,151192738,126707528,1000.0,1000.0,-221.72511174422274,-226.37597165812684,4.6508599139041,979.0686051715545,842400.0,True,True,6.907218559226713e-06,0.8992165242165242,0,,,61319.18416863382,95112.7946111504,True,True,post_v161_one_drop_one_add_whole_loan_swap,post-v161 one-swap pricing only; not multi-swap or global proof,C,E,1,3,1,1,0,0,2019,2018,CA,other
v63_source_repair_return_guarded_repair,incumbent_cvar_relaxed_source_lp,151192738,126409482,1000.0,1000.0,-221.72511174422274,-223.9633297987982,2.2382180545754693,976.6559633122258,842400.0,True,True,6.907218559226713e-06,0.8992165242165242,0,,,61439.33380653964,95266.10384856776,True,True,post_v161_one_drop_one_add_whole_loan_swap,post-v161 one-swap pricing only; not multi-swap or global proof,C,C,1,2,1,2,0,3,2019,2018,CA,other
v63_source_repair_return_guarded_repair,incumbent_cvar_relaxed_source_lp,150773698,127475725,1000.0,1000.0,-198.98394577538747,-211.8282137432861,12.844267967898645,987.262013225549,842400.0,True,True,6.907218559226713e-06,0.8992165242165242,0,,,61450.06965259665,95287.41111082086,True,True,post_v161_one_drop_one_add_whole_loan_swap,post-v161 one-swap pricing only; not multi-swap or global proof,C,C,1,1,4,4,4,0,2019,2018,VA,AZ
v63_source_repair_return_guarded_repair,incumbent_cvar_relaxed_source_lp,150773698,127582382,1000.0,1000.0,-198.98394577538747,-205.52183833714096,6.537892561753495,980.9556378194038,842400.0,True,True,6.907218559226713e-06,0.8992165242165242,0,,,61392.08559841814,95209.07917657135,True,True,post_v161_one_drop_one_add_whole_loan_swap,post-v161 one-swap pricing only; not multi-swap or global proof,C,D,1,2,4,3,4,0,2019,2018,VA,CA
v63_source_repair_return_guarded_repair,incumbent_cvar_relaxed_source_lp,150773698,126820122,1000.0,1000.0,-198.98394577538747,-201.89545162414464,2.911505848757173,977.3292511064076,842400.0,True,True,6.907218559226713e-06,0.8992165242165242,0,,,61435.38009459891,95271.14261471944,True,True,post_v161_one_drop_one_add_whole_loan_swap,post-v161 one-swap pricing only; not multi-swap or global proof,C,C,1,1,4,0,4,1,2019,2018,VA,other
v63_source_repair_return_guarded_repair,incumbent_cvar_relaxed_source_lp,150773698,126707528,1000.0,1000.0,-198.98394577538747,-226.37597165812684,27.392025882739375,1001.8097711403898,842400.0,True,True,6.907218559226713e-06,0.8992165242165242,0,,,61312.50232715506,95115.16301236466,True,True,post_v161_one_drop_one_add_whole_loan_swap,post-v161 one-swap pricing only; not multi-swap or global proof,C,E,1,3,4,1,4,0,2019,2018,VA,other
v63_source_repair_return_guarded_repair,incumbent_cvar_relaxed_source_lp,150773698,126652025,1000.0,1000.0,-198.98394577538747,-206.92821374328602,7.944267967898554,982.3620132255489,842400.0,True,True,6.907218559226713e-06,0.8992165242165242,0,,,61450.06965259665,95287.41111082086,True,True,post_v161_one_drop_one_add_whole_loan_swap,post-v161 one-swap pricing only; not multi-swap or global proof,C,C,1,1,4,3,4,1,2019,2018,VA,FL
v63_source_repair_return_guarded_repair,incumbent_cvar_relaxed_source_lp,150773698,126409482,1000.0,1000.0,-198.98394577538747,-223.9633297987982,24.979384023410745,999.3971292810611,842400.0,True,True,6.907218559226713e-06,0.8992165242165242,0,,,61432.65196506088,95268.47224978203,True,True,post_v161_one_drop_one_add_whole_loan_swap,post-v161 one-swap pricing only; not multi-swap or global proof,C,C,1,2,4,2,4,3,2019,2018,VA,other
v63_source_repair_return_guarded_repair,incumbent_cvar_relaxed_source_lp,150773698,166121358,1000.0,1000.0,-198.98394577538747,-212.03423240595197,13.0502866305645,987.4680318882149,842400.0,True,True,6.907218559226713e-06,0.8992165242165242,0,,,61424.15617939291,95232.80181042581,True,True,post_v161_one_drop_one_add_whole_loan_swap,post-v161 one-swap pricing only; not multi-swap or global proof,C,C,1,2,4,3,4,0,2019,2020,VA,MD
v63_source_repair_return_guarded_repair,incumbent_cvar_relaxed_source_lp,150773698,169887690,1000.0,1000.0,-198.98394577538747,-221.11264407259083,22.128698297203357,996.5464435548538,842400.0,True,True,6.907218559226713e-06,0.8992165242165242,0,,,61442.30686729198,95279.42252017518,True,True,post_v161_one_drop_one_add_whole_loan_swap,post-v161 one-swap pricing only; not multi-swap or global proof,C,B,1,1,4,0,4,3,2019,2020,VA,other
v63_source_repair_return_guarded_repair,incumbent_cvar_relaxed_source_lp,150701330,127672145,1000.0,1000.0,-194.73729436734638,-196.20083323856994,1.4635388712235624,975.881284128874,842400.0,True,True,6.907218559226713e-06,0.8992165242165242,0,,,61589.1270940004,95398.46219290257,True,True,post_v161_one_drop_one_add_whole_loan_swap,post-v161 one-swap pricing only; not multi-swap or global proof,D,C,4,1,1,0,4,2,2019,2018,WA,other
v63_source_repair_return_guarded_repair,incumbent_cvar_relaxed_source_lp,150701330,127475725,1000.0,1000.0,-194.73729436734638,-211.8282137432861,17.090919375939734,991.5086646335901,842400.0,True,True,6.907218559226713e-06,0.8992165242165242,0,,,61563.23461303622,95366.36017464528,True,True,post_v161_one_drop_one_add_whole_loan_swap,post-v161 one-swap pricing only; not multi-swap or global proof,D,C,4,1,1,4,4,0,2019,2018,WA,AZ
v63_source_repair_return_guarded_repair,incumbent_cvar_relaxed_source_lp,150701330,127582382,1000.0,1000.0,-194.73729436734638,-205.52183833714096,10.784543969794584,985.2022892274449,842400.0,True,True,6.907218559226713e-06,0.8992165242165242,0,,,61505.25055885771,95288.02824039577,True,True,post_v161_one_drop_one_add_whole_loan_swap,post-v161 one-swap pricing only; not multi-swap or global proof,D,D,4,2,1,3,4,0,2019,2018,WA,CA
v63_source_repair_return_guarded_repair,incumbent_cvar_relaxed_source_lp,150701330,126820122,1000.0,1000.0,-194.73729436734638,-201.89545162414464,7.158157256798262,981.5759025144487,842400.0,True,True,6.907218559226713e-06,0.8992165242165242,0,,,61548.545055038485,95350.09167854386,True,True,post_v161_one_drop_one_add_whole_loan_swap,post-v161 one-swap pricing only; not multi-swap or global proof,D,C,4,1,1,0,4,1,2019,2018,WA,other
v63_source_repair_return_guarded_repair,incumbent_cvar_relaxed_source_lp,150701330,126707528,1000.0,1000.0,-194.73729436734638,-226.37597165812684,31.638677290780464,1006.0564225484309,842400.0,True,True,6.907218559226713e-06,0.8992165242165242,0,,,61425.667287594624,95194.11207618908,True,True,post_v161_one_drop_one_add_whole_loan_swap,post-v161 one-swap pricing only; not multi-swap or global proof,D,E,4,3,1,1,4,0,2019,2018,WA,other
v63_source_repair_return_guarded_repair,incumbent_cvar_relaxed_source_lp,150701330,126652025,1000.0,1000.0,-194.73729436734638,-206.92821374328602,12.190919375939643,986.60866463359,842400.0,True,True,6.907218559226713e-06,0.8992165242165242,0,,,61563.23461303622,95366.36017464528,True,True,post_v161_one_drop_one_add_whole_loan_swap,post-v161 one-swap pricing only; not multi-swap or global proof,D,C,4,1,1,3,4,1,2019,2018,WA,FL
v63_source_repair_return_guarded_repair,incumbent_cvar_relaxed_source_lp,150701330,126419064,1000.0,1000.0,-194.73729436734638,-198.85427993768698,4.116985570340603,978.534730827991,842400.0,True,True,6.907218559226713e-06,0.8992165242165242,0,,,61521.93853160812,95307.42327248321,True,True,post_v161_one_drop_one_add_whole_loan_swap,post-v161 one-swap pricing only; not multi-swap or global proof,D,D,4,2,1,4,4,1,2019,2018,WA,other
v63_source_repair_return_guarded_repair,incumbent_cvar_relaxed_source_lp,150701330,126409482,1000.0,1000.0,-194.73729436734638,-223.9633297987982,29.226035431451834,1003.6437806891022,842400.0,True,True,6.907218559226713e-06,0.8992165242165242,0,,,61545.81692550044,95347.42131360645,True,True,post_v161_one_drop_one_add_whole_loan_swap,post-v161 one-swap pricing only; not multi-swap or global proof,D,C,4,2,1,2,4,3,2019,2018,WA,other
v63_source_repair_return_guarded_repair,incumbent_cvar_relaxed_source_lp,150701330,166121358,1000.0,1000.0,-194.73729436734638,-212.03423240595197,17.29693803860559,991.714683296256,842400.0,True,True,6.907218559226713e-06,0.8992165242165242,0,,,61537.32113983248,95311.75087425025,True,True,post_v161_one_drop_one_add_whole_loan_swap,post-v161 one-swap pricing only; not multi-swap or global proof,D,C,4,2,1,3,4,0,2019,2020,WA,MD
v63_source_repair_return_guarded_repair,incumbent_cvar_relaxed_source_lp,150701330,169887690,1000.0,1000.0,-194.73729436734638,-221.11264407259083,26.375349705244446,1000.7930949628949,842400.0,True,True,6.907218559226713e-06,0.8992165242165242,0,,,61555.471827731555,95358.3715839996,True,True,post_v161_one_drop_one_add_whole_loan_swap,post-v161 one-swap pricing only; not multi-swap or global proof,D,B,4,1,1,0,4,3,2019,2020,WA,other
v63_source_repair_return_guarded_repair,incumbent_cvar_relaxed_source_lp,150243139,126620912,1500.0,1500.0,-312.1846259689057,-319.768173516142,7.583547547236265,982.0012928048866,842400.0,True,True,6.907218559226713e-06,0.8992165242165242,0,,,61456.52195243277,95303.66605691692,True,True,post_v161_one_drop_one_add_whole_loan_swap,post-v161 one-swap pricing only; not multi-swap or global proof,B,B,1,1,1,0,1,0,2019,2018,PA,other
v63_source_repair_return_guarded_repair,incumbent_cvar_relaxed_source_lp,150243139,167713836,1500.0,1500.0,-312.1846259689057,-323.27724824243177,11.092622273526047,985.5103675311764,842400.0,True,True,6.907218559226713e-06,0.8992165242165242,0,,,61373.07462175969,95153.9311149171,True,True,post_v161_one_drop_one_add_whole_loan_swap,post-v161 one-swap pricing only; not multi-swap or global proof,B,C,1,1,1,1,1,4,2019,2020,PA,other
v63_source_repair_return_guarded_repair,incumbent_cvar_relaxed_source_lp,150078681,167137941,3000.0,3000.0,-415.83711947859643,-445.1753118629482,29.33819238435177,1003.7559376420022,842400.0,True,True,6.907218559226713e-06,0.8992165242165242,0,,,61555.06509054834,95495.89764459153,True,True,post_v161_one_drop_one_add_whole_loan_swap,post-v161 one-swap pricing only; not multi-swap or global proof,C,B,0,0,4,2,0,0,2019,2020,CO,CA
v63_source_repair_return_guarded_repair,incumbent_cvar_relaxed_source_lp,150205172,127874931,1000.0,1000.0,-173.60780374449374,-186.9469746106631,13.339170866169354,987.7569161238198,842400.0,True,True,6.907218559226713e-06,0.8992165242165242,0,,,61418.86314522744,95266.45486633881,True,True,post_v161_one_drop_one_add_whole_loan_swap,post-v161 one-swap pricing only; not multi-swap or global proof,B,B,0,0,1,0,0,0,2019,2018,CA,MN
v63_source_repair_return_guarded_repair,incumbent_cvar_relaxed_source_lp,150205172,126733849,1000.0,1000.0,-173.60780374449374,-186.9469746106631,13.339170866169354,987.7569161238198,842400.0,True,True,6.907218559226713e-06,0.8992165242165242,0,,,61418.86314522744,95266.45486633881,True,True,post_v161_one_drop_one_add_whole_loan_swap,post-v161 one-swap pricing only; not multi-swap or global proof,B,B,0,0,1,4,0,3,2019,2018,CA,NJ
v63_source_repair_return_guarded_repair,incumbent_cvar_relaxed_source_lp,150205172,126416707,1000.0,1000.0,-173.60780374449374,-187.69320294656202,14.085399202068288,988.5031444597187,842400.0,True,True,6.907218559226713e-06,0.8992165242165242,0,,,61418.09805055599,95265.47074810142,True,True,post_v161_one_drop_one_add_whole_loan_swap,post-v161 one-swap pricing only; not multi-swap or global proof,B,B,0,0,1,1,0,1,2019,2018,CA,CA
v63_source_repair_return_guarded_repair,incumbent_cvar_relaxed_source_lp,150176787,126707528,1000.0,1000.0,-216.44406335291202,-226.37597165812684,9.931908305214819,984.3496535628652,842400.0,True,True,6.907218559226713e-06,0.8992165242165242,0,,,61357.944756940626,95191.62859604665,True,True,post_v161_one_drop_one_add_whole_loan_swap,post-v161 one-swap pricing only; not multi-swap or global proof,D,E,2,3,1,1,2,0,2019,2018,TX,other
v63_source_repair_return_guarded_repair,incumbent_cvar_relaxed_source_lp,150176787,126409482,1000.0,1000.0,-216.44406335291202,-223.9633297987982,7.519266445886188,981.9370117035365,842400.0,True,True,6.907218559226713e-06,0.8992165242165242,0,,,61478.09439484644,95344.93783346404,True,True,post_v161_one_drop_one_add_whole_loan_swap,post-v161 one-swap pricing only; not multi-swap or global proof,D,C,2,2,1,2,2,3,2019,2018,TX,other
v63_source_repair_return_guarded_repair,incumbent_cvar_relaxed_source_lp,150176787,169887690,1000.0,1000.0,-216.44406335291202,-221.11264407259083,4.6685807196788005,979.0863259773291,842400.0,True,True,6.907218559226713e-06,0.8992165242165242,0,,,61487.74929707755,95355.88810385717,True,True,post_v161_one_drop_one_add_whole_loan_swap,post-v161 one-swap pricing only; not multi-swap or global proof,D,B,2,1,1,0,2,3,2019,2020,TX,other
v63_source_repair_return_guarded_repair,incumbent_cvar_relaxed_source_lp,150003863,127874931,1000.0,1000.0,-181.82074383711605,-186.9469746106631,5.126230773547036,979.5439760311974,842400.0,True,True,6.907218559226713e-06,0.8980294396961064,0,,,61607.021294274455,95442.83251178784,True,True,post_v161_one_drop_one_add_whole_loan_swap,post-v161 one-swap pricing only; not multi-swap or global proof,D,B,3,0,3,0,2,0,2019,2018,WA,MN
v63_source_repair_return_guarded_repair,incumbent_cvar_relaxed_source_lp,150003863,127672145,1000.0,1000.0,-181.82074383711605,-196.20083323856994,14.380089401453887,988.7978346591043,842400.0,True,True,6.907218559226713e-06,0.8992165242165242,0,,,61575.91387924977,95398.46219290257,True,True,post_v161_one_drop_one_add_whole_loan_swap,post-v161 one-swap pricing only; not multi-swap or global proof,D,C,3,1,3,0,2,2,2019,2018,WA,other
v63_source_repair_return_guarded_repair,incumbent_cvar_relaxed_source_lp,150003863,127475725,1000.0,1000.0,-181.82074383711605,-211.8282137432861,30.00746990617006,1004.4252151638204,842400.0,True,True,6.907218559226713e-06,0.8992165242165242,0,,,61550.02139828559,95366.36017464528,True,True,post_v161_one_drop_one_add_whole_loan_swap,post-v161 one-swap pricing only; not multi-swap or global proof,D,C,3,1,3,4,2,0,2019,2018,WA,AZ
v63_source_repair_return_guarded_repair,incumbent_cvar_relaxed_source_lp,150003863,127582382,1000.0,1000.0,-181.82074383711605,-205.52183833714096,23.701094500024908,998.1188397576752,842400.0,True,True,6.907218559226713e-06,0.8992165242165242,0,,,61492.037344107084,95288.02824039577,True,True,post_v161_one_drop_one_add_whole_loan_swap,post-v161 one-swap pricing only; not multi-swap or global proof,D,D,3,2,3,3,2,0,2019,2018,WA,CA
v63_source_repair_return_guarded_repair,incumbent_cvar_relaxed_source_lp,150003863,126820122,1000.0,1000.0,-181.82074383711605,-201.89545162414464,20.074707787028586,994.492453044679,842400.0,True,True,6.907218559226713e-06,0.8992165242165242,0,,,61535.33184028785,95350.09167854386,True,True,post_v161_one_drop_one_add_whole_loan_swap,post-v161 one-swap pricing only; not multi-swap or global proof,D,C,3,1,3,0,2,1,2019,2018,WA,other
v63_source_repair_return_guarded_repair,incumbent_cvar_relaxed_source_lp,150003863,126707528,1000.0,1000.0,-181.82074383711605,-226.37597165812684,44.55522782101079,1018.9729730786612,842400.0,True,True,6.907218559226713e-06,0.8992165242165242,0,,,61412.45407284399,95194.11207618908,True,True,post_v161_one_drop_one_add_whole_loan_swap,post-v161 one-swap pricing only; not multi-swap or global proof,D,E,3,3,3,1,2,0,2019,2018,WA,other
v63_source_repair_return_guarded_repair,incumbent_cvar_relaxed_source_lp,150003863,126733849,1000.0,1000.0,-181.82074383711605,-186.9469746106631,5.126230773547036,979.5439760311974,842400.0,True,True,6.907218559226713e-06,0.8980294396961064,0,,,61607.021294274455,95442.83251178784,True,True,post_v161_one_drop_one_add_whole_loan_swap,post-v161 one-swap pricing only; not multi-swap or global proof,D,B,3,0,3,4,2,3,2019,2018,WA,NJ
v63_source_repair_return_guarded_repair,incumbent_cvar_relaxed_source_lp,150003863,126652025,1000.0,1000.0,-181.82074383711605,-206.92821374328602,25.107469906169968,999.5252151638203,842400.0,True,True,6.907218559226713e-06,0.8992165242165242,0,,,61550.02139828559,95366.36017464528,True,True,post_v161_one_drop_one_add_whole_loan_swap,post-v161 one-swap pricing only; not multi-swap or global proof,D,C,3,1,3,3,2,1,2019,2018,WA,FL
v63_source_repair_return_guarded_repair,incumbent_cvar_relaxed_source_lp,150003863,126416707,1000.0,1000.0,-181.82074383711605,-187.69320294656202,5.87245910944597,980.2902043670963,842400.0,True,True,6.907218559226713e-06,0.8980294396961064,0,,,61606.256199603,95441.84839355046,True,True,post_v161_one_drop_one_add_whole_loan_swap,post-v161 one-swap pricing only; not multi-swap or global proof,D,B,3,0,3,1,2,1,2019,2018,WA,CA
v63_source_repair_return_guarded_repair,incumbent_cvar_relaxed_source_lp,150003863,126419064,1000.0,1000.0,-181.82074383711605,-198.85427993768698,17.033536100570927,991.4512813582213,842400.0,True,True,6.907218559226713e-06,0.8992165242165242,0,,,61508.72531685749,95307.42327248321,True,True,post_v161_one_drop_one_add_whole_loan_swap,post-v161 one-swap pricing only; not multi-swap or global proof,D,D,3,2,3,4,2,1,2019,2018,WA,other
v63_source_repair_return_guarded_repair,incumbent_cvar_relaxed_source_lp,150003863,126409482,1000.0,1000.0,-181.82074383711605,-223.9633297987982,42.14258596168216,1016.5603312193325,842400.0,True,True,6.907218559226713e-06,0.8992165242165242,0,,,61532.60371074981,95347.42131360645,True,True,post_v161_one_drop_one_add_whole_loan_swap,post-v161 one-swap pricing only; not multi-swap or global proof,D,C,3,2,3,2,2,3,2019,2018,WA,other
v63_source_repair_return_guarded_repair,incumbent_cvar_relaxed_source_lp,150003863,166121358,1000.0,1000.0,-181.82074383711605,-212.03423240595197,30.213488568835913,1004.6312338264863,842400.0,True,True,6.907218559226713e-06,0.8992165242165242,0,,,61524.107925081844,95311.75087425025,True,True,post_v161_one_drop_one_add_whole_loan_swap,post-v161 one-swap pricing only; not multi-swap or global proof,D,C,3,2,3,3,2,0,2019,2020,WA,MD
v63_source_repair_return_guarded_repair,incumbent_cvar_relaxed_source_lp,150003863,169887690,1000.0,1000.0,-181.82074383711605,-221.11264407259083,39.29190023547477,1013.7096454931252,842400.0,True,True,6.907218559226713e-06,0.8992165242165242,0,,,61542.25861298092,95358.3715839996,True,True,post_v161_one_drop_one_add_whole_loan_swap,post-v161 one-swap pricing only; not multi-swap or global proof,D,B,3,1,3,0,2,3,2019,2020,WA,other
v63_source_repair_return_guarded_repair,incumbent_cvar_relaxed_source_lp,150003863,156823754,1000.0,1000.0,-181.82074383711605,-183.46022770133698,1.6394838642209209,976.0572291218713,842400.0,True,True,6.907218559226713e-06,0.8992165242165242,0,,,61509.138596723606,95230.00957495932,True,True,post_v161_one_drop_one_add_whole_loan_swap,post-v161 one-swap pricing only; not multi-swap or global proof,D,D,3,2,3,3,2,1,2019,2019,WA,CA
v63_source_repair_return_guarded_repair,incumbent_cvar_relaxed_source_lp,149671038,126707528,1000.0,1000.0,-212.83347704807326,-226.37597165812684,13.54249461005358,987.960239867704,842400.0,True,True,6.907218559226713e-06,0.8992165242165242,0,,,61318.59181441199,95115.98102237399,True,True,post_v161_one_drop_one_add_whole_loan_swap,post-v161 one-swap pricing only; not multi-swap or global proof,C,E,1,3,3,1,0,0,2019,2018,TX,other
v63_source_repair_return_guarded_repair,incumbent_cvar_relaxed_source_lp,149671038,126409482,1000.0,1000.0,-212.83347704807326,-223.9633297987982,11.12985275072495,985.5475980083753,842400.0,True,True,6.907218559226713e-06,0.8992165242165242,0,,,61438.7414523178,95269.29025979138,True,True,post_v161_one_drop_one_add_whole_loan_swap,post-v161 one-swap pricing only; not multi-swap or global proof,C,C,1,2,3,2,0,3,2019,2018,TX,other
v63_source_repair_return_guarded_repair,incumbent_cvar_relaxed_source_lp,149671038,169887690,1000.0,1000.0,-212.83347704807326,-221.11264407259083,8.279167024517562,982.6969122821679,842400.0,True,True,6.907218559226713e-06,0.8992165242165242,0,,,61448.39635454891,95280.24053018453,True,True,post_v161_one_drop_one_add_whole_loan_swap,post-v161 one-swap pricing only; not multi-swap or global proof,C,B,1,1,3,0,0,3,2019,2020,TX,other
v63_source_repair_return_guarded_repair,incumbent_cvar_relaxed_source_lp,149560360,126707528,1000.0,1000.0,-213.4117842275066,-226.37597165812684,12.964187430620257,987.3819326882706,842400.0,True,True,6.907218559226713e-06,0.8992165242165242,0,,,61444.78853601952,95194.11207618908,True,True,post_v161_one_drop_one_add_whole_loan_swap,post-v161 one-swap pricing only; not multi-swap or global proof,D,E,5,3,0,1,4,0,2019,2018,other,other
v63_source_repair_return_guarded_repair,incumbent_cvar_relaxed_source_lp,149560360,126409482,1000.0,1000.0,-213.4117842275066,-223.9633297987982,10.551545571291626,984.969290828942,842400.0,True,True,6.907218559226713e-06,0.8992165242165242,0,,,61564.938173925344,95347.42131360645,True,True,post_v161_one_drop_one_add_whole_loan_swap,post-v161 one-swap pricing only; not multi-swap or global proof,D,C,5,2,0,2,4,3,2019,2018,other,other
v63_source_repair_return_guarded_repair,incumbent_cvar_relaxed_source_lp,149560360,169887690,1000.0,1000.0,-213.4117842275066,-221.11264407259083,7.7008598450842385,982.1186051027346,842400.0,True,True,6.907218559226713e-06,0.8992165242165242,0,,,61574.59307615645,95358.3715839996,True,True,post_v161_one_drop_one_add_whole_loan_swap,post-v161 one-swap pricing only; not multi-swap or global proof,D,B,5,1,0,0,4,3,2019,2020,other,other
v63_source_repair_return_guarded_repair,incumbent_cvar_relaxed_source_lp,159552769,126707528,1000.0,1000.0,-225.3122126360317,-226.37597165812684,1.0637590220951552,975.4815042797455,842400.0,True,True,6.907218559226713e-06,0.8992165242165242,0,,,61319.509940757154,95116.24268746935,True,True,post_v161_one_drop_one_add_whole_loan_swap,post-v161 one-swap pricing only; not multi-swap or global proof,C,E,2,3,0,1,0,0,2019,2018,AZ,other
v63_source_repair_return_guarded_repair,incumbent_cvar_relaxed_source_lp,158973292,126707528,1000.0,1000.0,-225.3122126360317,-226.37597165812684,1.0637590220951552,975.4815042797455,842400.0,True,True,6.907218559226713e-06,0.8992165242165242,0,,,61319.509940757154,95116.24268746935,True,True,post_v161_one_drop_one_add_whole_loan_swap,post-v161 one-swap pricing only; not multi-swap or global proof,C,E,2,3,0,1,1,0,2019,2018,NJ,other
v63_source_repair_return_guarded_repair,incumbent_cvar_relaxed_source_lp,159223884,127672145,1000.0,1000.0,-195.66693007698728,-196.20083323856994,0.533903161582657,974.951648419233,842400.0,True,True,6.907218559226713e-06,0.8992165242165242,0,,,61410.37943531406,95247.32856842518,True,True,post_v161_one_drop_one_add_whole_loan_swap,post-v161 one-swap pricing only; not multi-swap or global proof,B,C,1,1,1,0,1,2,2019,2018,other,other
v63_source_repair_return_guarded_repair,incumbent_cvar_relaxed_source_lp,159223884,127475725,1000.0,1000.0,-195.66693007698728,-211.8282137432861,16.16128366629883,990.5790289239492,842400.0,True,True,6.907218559226713e-06,0.8992165242165242,0,,,61384.48695434988,95215.22655016788,True,True,post_v161_one_drop_one_add_whole_loan_swap,post-v161 one-swap pricing only; not multi-swap or global proof,B,C,1,1,1,4,1,0,2019,2018,other,AZ
v63_source_repair_return_guarded_repair,incumbent_cvar_relaxed_source_lp,159223884,127582382,1000.0,1000.0,-195.66693007698728,-205.52183833714096,9.854908260153678,984.2726535178041,842400.0,True,True,6.907218559226713e-06,0.8992165242165242,0,,,61326.50290017138,95136.89461591837,True,True,post_v161_one_drop_one_add_whole_loan_swap,post-v161 one-swap pricing only; not multi-swap or global proof,B,D,1,2,1,3,1,0,2019,2018,other,CA
v63_source_repair_return_guarded_repair,incumbent_cvar_relaxed_source_lp,159223884,126820122,1000.0,1000.0,-195.66693007698728,-201.89545162414464,6.2285215471573565,980.6462668048077,842400.0,True,True,6.907218559226713e-06,0.8992165242165242,0,,,61369.79739635215,95198.95805406646,True,True,post_v161_one_drop_one_add_whole_loan_swap,post-v161 one-swap pricing only; not multi-swap or global proof,B,C,1,1,1,0,1,1,2019,2018,other,other
v63_source_repair_return_guarded_repair,incumbent_cvar_relaxed_source_lp,159223884,126707528,1000.0,1000.0,-195.66693007698728,-226.37597165812684,30.70904158113956,1005.1267868387899,842400.0,True,True,6.907218559226713e-06,0.8992165242165242,0,,,61246.919628908305,95042.97845171168,True,True,post_v161_one_drop_one_add_whole_loan_swap,post-v161 one-swap pricing only; not multi-swap or global proof,B,E,1,3,1,1,1,0,2019,2018,other,other
v63_source_repair_return_guarded_repair,incumbent_cvar_relaxed_source_lp,159223884,126652025,1000.0,1000.0,-195.66693007698728,-206.92821374328602,11.261283666298738,985.6790289239491,842400.0,True,True,6.907218559226713e-06,0.8992165242165242,0,,,61384.48695434988,95215.22655016788,True,True,post_v161_one_drop_one_add_whole_loan_swap,post-v161 one-swap pricing only; not multi-swap or global proof,B,C,1,1,1,3,1,1,2019,2018,other,FL
v63_source_repair_return_guarded_repair,incumbent_cvar_relaxed_source_lp,159223884,126419064,1000.0,1000.0,-195.66693007698728,-198.85427993768698,3.1873498606996975,977.60509511835,842400.0,True,True,6.907218559226713e-06,0.8992165242165242,0,,,61343.19087292179,95156.28964800581,True,True,post_v161_one_drop_one_add_whole_loan_swap,post-v161 one-swap pricing only; not multi-swap or global proof,B,D,1,2,1,4,1,1,2019,2018,other,other
v63_source_repair_return_guarded_repair,incumbent_cvar_relaxed_source_lp,159223884,126409482,1000.0,1000.0,-195.66693007698728,-223.9633297987982,28.29639972181093,1002.7141449794613,842400.0,True,True,6.907218559226713e-06,0.8992165242165242,0,,,61367.06926681411,95196.28768912905,True,True,post_v161_one_drop_one_add_whole_loan_swap,post-v161 one-swap pricing only; not multi-swap or global proof,B,C,1,2,1,2,1,3,2019,2018,other,other
v63_source_repair_return_guarded_repair,incumbent_cvar_relaxed_source_lp,159223884,166121358,1000.0,1000.0,-195.66693007698728,-212.03423240595197,16.367302328964684,990.7850475866151,842400.0,True,True,6.907218559226713e-06,0.8992165242165242,0,,,61358.573481146144,95160.61724977283,True,True,post_v161_one_drop_one_add_whole_loan_swap,post-v161 one-swap pricing only; not multi-swap or global proof,B,C,1,2,1,3,1,0,2019,2020,other,MD
v63_source_repair_return_guarded_repair,incumbent_cvar_relaxed_source_lp,159223884,169887690,1000.0,1000.0,-195.66693007698728,-221.11264407259083,25.44571399560354,999.863459253254,842400.0,True,True,6.907218559226713e-06,0.8992165242165242,0,,,61376.72416904522,95207.2379595222,True,True,post_v161_one_drop_one_add_whole_loan_swap,post-v161 one-swap pricing only; not multi-swap or global proof,B,B,1,1,1,0,1,3,2019,2020,other,other
v63_source_repair_return_guarded_repair,incumbent_cvar_relaxed_source_lp,157596187,168841753,1000.0,1000.0,-13.892977484146389,-15.58411172619063,1.6911342420442406,976.1088794996946,842400.0,True,True,6.907218559226713e-06,0.8992165242165242,0,,,61397.93150256298,95180.24975949555,True,True,post_v161_one_drop_one_add_whole_loan_swap,post-v161 one-swap pricing only; not multi-swap or global proof,A,A,1,1,0,1,4,0,2019,2020,other,NY
v63_source_repair_return_guarded_repair,incumbent_cvar_relaxed_source_lp,157596187,168678809,1000.0,1000.0,-13.892977484146389,-25.935876492202276,12.042899008055887,986.4606442657063,842400.0,True,True,6.907218559226713e-06,0.8992165242165242,0,,,61411.445359461155,95201.22611888858,True,True,post_v161_one_drop_one_add_whole_loan_swap,post-v161 one-swap pricing only; not multi-swap or global proof,A,A,1,1,0,1,4,0,2019,2020,other,IN
v63_source_repair_return_guarded_repair,incumbent_cvar_relaxed_source_lp,157596187,170390171,1000.0,1000.0,-13.892977484146389,-23.632377345499286,9.739399861352897,984.1571451190033,842400.0,True,True,6.907218559226713e-06,0.8992165242165242,0,,,61408.039869919594,95194.29331870351,True,True,post_v161_one_drop_one_add_whole_loan_swap,post-v161 one-swap pricing only; not multi-swap or global proof,A,A,1,1,0,0,4,0,2019,2020,other,other
v63_source_repair_return_guarded_repair,incumbent_cvar_relaxed_source_lp,157596187,169450190,1000.0,1000.0,-13.892977484146389,-22.58050328415853,8.687525800012143,983.1052710576625,842400.0,True,True,6.907218559226713e-06,0.8992165242165242,0,,,61390.725145431046,95159.28528537771,True,True,post_v161_one_drop_one_add_whole_loan_swap,post-v161 one-swap pricing only; not multi-swap or global proof,A,A,1,1,0,0,4,0,2019,2020,other,AZ
v63_source_repair_return_guarded_repair,incumbent_cvar_relaxed_source_lp,158932978,169005860,2000.0,2000.0,-381.8437005709891,-393.55925260534593,11.715552034356847,986.1332972920072,842400.0,True,True,6.907218559226713e-06,0.8992165242165242,0,,,61515.4931828987,95502.24599280892,True,True,post_v161_one_drop_one_add_whole_loan_swap,post-v161 one-swap pricing only; not multi-swap or global proof,D,B,2,1,2,3,3,1,2019,2020,TX,FL
v63_source_repair_return_guarded_repair,incumbent_cvar_relaxed_source_lp,158043726,126707528,1000.0,1000.0,-225.19611870886018,-226.37597165812684,1.1798529492666603,975.597598206917,842400.0,True,True,6.907218559226713e-06,0.8992165242165242,0,,,61291.41387087805,95051.76401575051,True,True,post_v161_one_drop_one_add_whole_loan_swap,post-v161 one-swap pricing only; not multi-swap or global proof,B,E,1,3,0,1,2,0,2019,2018,NY,other
v63_source_repair_return_guarded_repair,incumbent_cvar_relaxed_source_lp,158907720,169005860,2000.0,2000.0,-391.33386015397457,-393.55925260534593,2.2253924513713628,976.6431377090217,842400.0,True,True,6.907218559226713e-06,0.8992165242165242,0,,,61334.26277768837,95219.57834877913,True,True,post_v161_one_drop_one_add_whole_loan_swap,post-v161 one-swap pricing only; not multi-swap or global proof,B,B,1,1,0,3,0,1,2019,2020,NY,FL
v63_source_repair_return_guarded_repair,incumbent_cvar_relaxed_source_lp,158896943,126707528,1000.0,1000.0,-225.19611870886018,-226.37597165812684,1.1798529492666603,975.597598206917,842400.0,True,True,6.907218559226713e-06,0.8992165242165242,0,,,61291.41387087805,95051.76401575051,True,True,post_v161_one_drop_one_add_whole_loan_swap,post-v161 one-swap pricing only; not multi-swap or global proof,B,E,1,3,0,1,1,0,2019,2018,CA,other
v63_source_repair_return_guarded_repair,incumbent_cvar_relaxed_source_lp,158847648,127874931,1000.0,1000.0,-168.65177128913533,-186.9469746106631,18.295203321527765,992.7129485791781,842400.0,True,True,6.907218559226713e-06,0.8992165242165242,0,,,61420.86570122026,95267.84262313427,True,True,post_v161_one_drop_one_add_whole_loan_swap,post-v161 one-swap pricing only; not multi-swap or global proof,B,B,0,0,4,0,0,0,2019,2018,NJ,MN
v63_source_repair_return_guarded_repair,incumbent_cvar_relaxed_source_lp,158847648,126733849,1000.0,1000.0,-168.65177128913533,-186.9469746106631,18.295203321527765,992.7129485791781,842400.0,True,True,6.907218559226713e-06,0.8992165242165242,0,,,61420.86570122026,95267.84262313427,True,True,post_v161_one_drop_one_add_whole_loan_swap,post-v161 one-swap pricing only; not multi-swap or global proof,B,B,0,0,4,4,0,3,2019,2018,NJ,NJ
v63_source_repair_return_guarded_repair,incumbent_cvar_relaxed_source_lp,158847648,126468092,1000.0,1000.0,-168.65177128913533,-169.50590883596908,0.8541375468337549,975.2718828044841,842400.0,True,True,6.907218559226713e-06,0.8992165242165242,0,,,61443.769923777654,95299.07602510697,True,True,post_v161_one_drop_one_add_whole_loan_swap,post-v161 one-swap pricing only; not multi-swap or global proof,B,B,0,0,4,1,0,2,2019,2018,NJ,other
v63_source_repair_return_guarded_repair,incumbent_cvar_relaxed_source_lp,158847648,126416707,1000.0,1000.0,-168.65177128913533,-187.69320294656202,19.0414316574267,993.459176915077,842400.0,True,True,6.907218559226713e-06,0.8992165242165242,0,,,61420.1006065488,95266.8585048969,True,True,post_v161_one_drop_one_add_whole_loan_swap,post-v161 one-swap pricing only; not multi-swap or global proof,B,B,0,0,4,1,0,1,2019,2018,NJ,CA
v63_source_repair_return_guarded_repair,incumbent_cvar_relaxed_source_lp,158776308,127874931,1200.0,1000.0,-182.70950551320306,-186.9469746106631,4.2374690974600355,978.6552143551104,842600.0,True,True,0.00020940614277265013,0.8978162829337764,0,,,61664.387346428535,95568.71572569964,True,True,post_v161_one_drop_one_add_whole_loan_swap,post-v161 one-swap pricing only; not multi-swap or global proof,D,B,3,0,4,0,4,0,2019,2018,CA,MN
v63_source_repair_return_guarded_repair,incumbent_cvar_relaxed_source_lp,158776308,127672145,1200.0,1000.0,-182.70950551320306,-196.20083323856994,13.491327725366887,987.9090729830173,842600.0,True,True,0.00020940614277265013,0.8990030856871588,0,,,61633.27993140384,95524.34540681435,True,True,post_v161_one_drop_one_add_whole_loan_swap,post-v161 one-swap pricing only; not multi-swap or global proof,D,C,3,1,4,0,4,2,2019,2018,CA,other
v63_source_repair_return_guarded_repair,incumbent_cvar_relaxed_source_lp,158776308,127475725,1200.0,1000.0,-182.70950551320306,-211.8282137432861,29.118708230083058,1003.5364534877334,842600.0,True,True,0.00020940614277265013,0.8990030856871588,0,,,61607.387450439666,95492.24338855708,True,True,post_v161_one_drop_one_add_whole_loan_swap,post-v161 one-swap pricing only; not multi-swap or global proof,D,C,3,1,4,4,4,0,2019,2018,CA,AZ
v63_source_repair_return_guarded_repair,incumbent_cvar_relaxed_source_lp,158776308,127582382,1200.0,1000.0,-182.70950551320306,-205.52183833714096,22.812332823937908,997.2300780815883,842600.0,True,True,0.00020940614277265013,0.8990030856871588,0,,,61549.40339626115,95413.91145430756,True,True,post_v161_one_drop_one_add_whole_loan_swap,post-v161 one-swap pricing only; not multi-swap or global proof,D,D,3,2,4,3,4,0,2019,2018,CA,CA
v63_source_repair_return_guarded_repair,incumbent_cvar_relaxed_source_lp,158776308,126820122,1200.0,1000.0,-182.70950551320306,-201.89545162414464,19.185946110941586,993.603691368592,842600.0,True,True,0.00020940614277265013,0.8990030856871588,0,,,61592.69789244192,95475.97489245565,True,True,post_v161_one_drop_one_add_whole_loan_swap,post-v161 one-swap pricing only; not multi-swap or global proof,D,C,3,1,4,0,4,1,2019,2018,CA,other
v63_source_repair_return_guarded_repair,incumbent_cvar_relaxed_source_lp,158776308,126707528,1200.0,1000.0,-182.70950551320306,-226.37597165812684,43.66646614492379,1018.0842114025742,842600.0,True,True,0.00020940614277265013,0.8990030856871588,0,,,61469.82012499808,95319.99529010088,True,True,post_v161_one_drop_one_add_whole_loan_swap,post-v161 one-swap pricing only; not multi-swap or global proof,D,E,3,3,4,1,4,0,2019,2018,CA,other
v63_source_repair_return_guarded_repair,incumbent_cvar_relaxed_source_lp,158776308,126733849,1200.0,1000.0,-182.70950551320306,-186.9469746106631,4.2374690974600355,978.6552143551104,842600.0,True,True,0.00020940614277265013,0.8978162829337764,0,,,61664.387346428535,95568.71572569964,True,True,post_v161_one_drop_one_add_whole_loan_swap,post-v161 one-swap pricing only; not multi-swap or global proof,D,B,3,0,4,4,4,3,2019,2018,CA,NJ
v63_source_repair_return_guarded_repair,incumbent_cvar_relaxed_source_lp,158776308,126652025,1200.0,1000.0,-182.70950551320306,-206.92821374328602,24.218708230082967,998.6364534877333,842600.0,True,True,0.00020940614277265013,0.8990030856871588,0,,,61607.387450439666,95492.24338855708,True,True,post_v161_one_drop_one_add_whole_loan_swap,post-v161 one-swap pricing only; not multi-swap or global proof,D,C,3,1,4,3,4,1,2019,2018,CA,FL
v63_source_repair_return_guarded_repair,incumbent_cvar_relaxed_source_lp,158776308,126483031,1200.0,1200.0,-182.70950551320306,-200.480236756332,17.77073124312895,992.1884765007793,842400.0,True,True,6.907218559226713e-06,0.8977920227920227,0,,,61643.40292208901,95538.29677509793,True,True,post_v161_one_drop_one_add_whole_loan_swap,post-v161 one-swap pricing only; not multi-swap or global proof,D,B,3,0,4,2,4,0,2019,2018,CA,FL
v63_source_repair_return_guarded_repair,incumbent_cvar_relaxed_source_lp,158776308,126416707,1200.0,1000.0,-182.70950551320306,-187.69320294656202,4.983697433358969,979.4014426910094,842600.0,True,True,0.00020940614277265013,0.8978162829337764,0,,,61663.62225175707,95567.73160746225,True,True,post_v161_one_drop_one_add_whole_loan_swap,post-v161 one-swap pricing only; not multi-swap or global proof,D,B,3,0,4,1,4,1,2019,2018,CA,CA
v63_source_repair_return_guarded_repair,incumbent_cvar_relaxed_source_lp,158776308,126419064,1200.0,1000.0,-182.70950551320306,-198.85427993768698,16.144774424483927,990.5625196821343,842600.0,True,True,0.00020940614277265013,0.8990030856871588,0,,,61566.091369011556,95433.30648639501,True,True,post_v161_one_drop_one_add_whole_loan_swap,post-v161 one-swap pricing only; not multi-swap or global proof,D,D,3,2,4,4,4,1,2019,2018,CA,other
v63_source_repair_return_guarded_repair,incumbent_cvar_relaxed_source_lp,158776308,126409482,1200.0,1000.0,-182.70950551320306,-223.9633297987982,41.25382428559516,1015.6715695432456,842600.0,True,True,0.00020940614277265013,0.8990030856871588,0,,,61589.96976290389,95473.30452751825,True,True,post_v161_one_drop_one_add_whole_loan_swap,post-v161 one-swap pricing only; not multi-swap or global proof,D,C,3,2,4,2,4,3,2019,2018,CA,other
v63_source_repair_return_guarded_repair,incumbent_cvar_relaxed_source_lp,158776308,166121358,1200.0,1000.0,-182.70950551320306,-212.03423240595197,29.324726892748913,1003.7424721503993,842600.0,True,True,0.00020940614277265013,0.8990030856871588,0,,,61581.47397723592,95437.63408816203,True,True,post_v161_one_drop_one_add_whole_loan_swap,post-v161 one-swap pricing only; not multi-swap or global proof,D,C,3,2,4,3,4,0,2019,2020,CA,MD
v63_source_repair_return_guarded_repair,incumbent_cvar_relaxed_source_lp,158776308,165985906,1200.0,1200.0,-182.70950551320306,-203.72482836822385,21.0153228550208,995.4330681126712,842400.0,True,True,6.907218559226713e-06,0.8992165242165242,0,,,61549.075118977766,95367.93687009782,True,True,post_v161_one_drop_one_add_whole_loan_swap,post-v161 one-swap pricing only; not multi-swap or global proof,D,C,3,1,4,3,4,4,2019,2020,CA,VA
v63_source_repair_return_guarded_repair,incumbent_cvar_relaxed_source_lp,158776308,169887690,1200.0,1000.0,-182.70950551320306,-221.11264407259083,38.40313855938777,1012.8208838170382,842600.0,True,True,0.00020940614277265013,0.8990030856871588,0,,,61599.624665134994,95484.25479791137,True,True,post_v161_one_drop_one_add_whole_loan_swap,post-v161 one-swap pricing only; not multi-swap or global proof,D,B,3,1,4,0,4,3,2019,2020,CA,other
v63_source_repair_return_guarded_repair,incumbent_cvar_relaxed_source_lp,158776308,156823754,1200.0,1000.0,-182.70950551320306,-183.46022770133698,0.7507221881339206,975.1684674457842,842600.0,True,True,0.00020940614277265013,0.8990030856871588,0,,,61566.504648877686,95355.8927888711,True,True,post_v161_one_drop_one_add_whole_loan_swap,post-v161 one-swap pricing only; not multi-swap or global proof,D,D,3,2,4,3,4,1,2019,2019,CA,CA
v63_source_repair_return_guarded_repair,incumbent_cvar_relaxed_source_lp,158776308,160806330,1200.0,1200.0,-182.70950551320306,-210.10403328668124,27.39452777347819,1001.8122730311286,842400.0,True,True,6.907218559226713e-06,0.8992165242165242,0,,,61499.63783003059,95239.31315939235,True,True,post_v161_one_drop_one_add_whole_loan_swap,post-v161 one-swap pricing only; not multi-swap or global proof,D,D,3,2,4,2,4,2,2019,2019,CA,FL
v63_source_repair_return_guarded_repair,incumbent_cvar_relaxed_source_lp,158730724,126707528,1000.0,1000.0,-221.63303468066155,-226.37597165812684,4.742936977465291,979.1606822351157,842400.0,True,True,6.907218559226713e-06,0.8992165242165242,0,,,61273.569275179965,95051.76401575051,True,True,post_v161_one_drop_one_add_whole_loan_swap,post-v161 one-swap pricing only; not multi-swap or global proof,B,E,1,3,0,1,2,0,2019,2018,other,other
v63_source_repair_return_guarded_repair,incumbent_cvar_relaxed_source_lp,158730724,126409482,1000.0,1000.0,-221.63303468066155,-223.9633297987982,2.330295118136661,976.748040375787,842400.0,True,True,6.907218559226713e-06,0.8992165242165242,0,,,61393.71891308579,95205.07325316788,True,True,post_v161_one_drop_one_add_whole_loan_swap,post-v161 one-swap pricing only; not multi-swap or global proof,B,C,1,2,0,2,2,3,2019,2018,other,other
v63_source_repair_return_guarded_repair,incumbent_cvar_relaxed_source_lp,158739818,167137941,3000.0,3000.0,-415.42173591874825,-445.1753118629482,29.75357594419995,1004.1713212018503,842400.0,True,True,6.907218559226713e-06,0.8956552706552706,0,,,61704.59546381248,95733.58931729068,True,True,post_v161_one_drop_one_add_whole_loan_swap,post-v161 one-swap pricing only; not multi-swap or global proof,D,B,1,0,4,2,2,0,2019,2020,CA,CA
v63_source_repair_return_guarded_repair,incumbent_cvar_relaxed_source_lp,158701181,126523487,2400.0,2000.0,-349.8253300497582,-350.42656531605377,0.6012352662955891,975.018980523946,842800.0,True,True,0.000411808959286053,0.8987897484575226,0,,,61615.34435310609,95673.6128851788,True,True,post_v161_one_drop_one_add_whole_loan_swap,post-v161 one-swap pricing only; not multi-swap or global proof,D,C,2,1,4,4,2,1,2019,2018,NJ,CA
v63_source_repair_return_guarded_repair,incumbent_cvar_relaxed_source_lp,158701181,169005860,2400.0,2000.0,-349.8253300497582,-393.55925260534593,43.73392255558775,1018.1516678132382,842800.0,True,True,0.000411808959286053,0.8987897484575226,0,,,61562.20754945255,95620.60074109811,True,True,post_v161_one_drop_one_add_whole_loan_swap,post-v161 one-swap pricing only; not multi-swap or global proof,D,B,2,1,4,3,2,1,2019,2020,NJ,FL
v63_source_repair_return_guarded_repair,incumbent_cvar_relaxed_source_lp,158699587,126707528,1000.0,1000.0,-221.63303468066155,-226.37597165812684,4.742936977465291,979.1606822351157,842400.0,True,True,6.907218559226713e-06,0.8992165242165242,0,,,61273.569275179965,95051.76401575051,True,True,post_v161_one_drop_one_add_whole_loan_swap,post-v161 one-swap pricing only; not multi-swap or global proof,B,E,1,3,2,1,1,0,2019,2018,other,other
v63_source_repair_return_guarded_repair,incumbent_cvar_relaxed_source_lp,158699587,126409482,1000.0,1000.0,-221.63303468066155,-223.9633297987982,2.330295118136661,976.748040375787,842400.0,True,True,6.907218559226713e-06,0.8992165242165242,0,,,61393.71891308579,95205.07325316788,True,True,post_v161_one_drop_one_add_whole_loan_swap,post-v161 one-swap pricing only; not multi-swap or global proof,B,C,1,2,2,2,1,3,2019,2018,other,other
v63_source_repair_return_guarded_repair,incumbent_cvar_relaxed_source_lp,158536370,127011905,1500.0,1500.0,-303.26611521381125,-310.3923206149292,7.126205401117943,981.5439506587684,842400.0,True,True,6.907218559226713e-06,0.8992165242165242,0,,,61463.055751287364,95325.86348542574,True,True,post_v161_one_drop_one_add_whole_loan_swap,post-v161 one-swap pricing only; not multi-swap or global proof,C,C,2,1,4,2,0,2,2019,2018,other,other
v63_source_repair_return_guarded_repair,incumbent_cvar_relaxed_source_lp,158536370,126620912,1500.0,1500.0,-303.26611521381125,-319.768173516142,16.502058302330738,990.9198035599811,842400.0,True,True,6.907218559226713e-06,0.8992165242165242,0,,,61515.74689138918,95400.79246321754,True,True,post_v161_one_drop_one_add_whole_loan_swap,post-v161 one-swap pricing only; not multi-swap or global proof,C,B,2,1,4,0,0,0,2019,2018,other,other
v63_source_repair_return_guarded_repair,incumbent_cvar_relaxed_source_lp,158536370,167713836,1500.0,1500.0,-303.26611521381125,-323.27724824243177,20.01113302862052,994.4288782862709,842400.0,True,True,6.907218559226713e-06,0.8992165242165242,0,,,61432.29956071611,95251.05752121772,True,True,post_v161_one_drop_one_add_whole_loan_swap,post-v161 one-swap pricing only; not multi-swap or global proof,C,C,2,1,4,1,0,4,2019,2020,other,other
v63_source_repair_return_guarded_repair,incumbent_cvar_relaxed_source_lp,158549707,127672145,1000.0,1000.0,-190.92185028549454,-196.20083323856994,5.278982953075399,979.6967282107257,842400.0,True,True,6.907218559226713e-06,0.8992165242165242,0,,,61500.99463791923,95388.66239044008,True,True,post_v161_one_drop_one_add_whole_loan_swap,post-v161 one-swap pricing only; not multi-swap or global proof,D,C,2,1,2,0,3,2,2019,2018,NC,other
v63_source_repair_return_guarded_repair,incumbent_cvar_relaxed_source_lp,158549707,127475725,1000.0,1000.0,-190.92185028549454,-211.8282137432861,20.90636345779157,995.324108715442,842400.0,True,True,6.907218559226713e-06,0.8992165242165242,0,,,61475.10215695505,95356.56037218278,True,True,post_v161_one_drop_one_add_whole_loan_swap,post-v161 one-swap pricing only; not multi-swap or global proof,D,C,2,1,2,4,3,0,2019,2018,NC,AZ
v63_source_repair_return_guarded_repair,incumbent_cvar_relaxed_source_lp,158549707,127582382,1000.0,1000.0,-190.92185028549454,-205.52183833714096,14.59998805164642,989.0177333092968,842400.0,True,True,6.907218559226713e-06,0.8992165242165242,0,,,61417.118102776556,95278.22843793324,True,True,post_v161_one_drop_one_add_whole_loan_swap,post-v161 one-swap pricing only; not multi-swap or global proof,D,D,2,2,2,3,3,0,2019,2018,NC,CA
v63_source_repair_return_guarded_repair,incumbent_cvar_relaxed_source_lp,158549707,126820122,1000.0,1000.0,-190.92185028549454,-201.89545162414464,10.973601338650099,985.3913465963005,842400.0,True,True,6.907218559226713e-06,0.8992165242165242,0,,,61460.41259895732,95340.29187608135,True,True,post_v161_one_drop_one_add_whole_loan_swap,post-v161 one-swap pricing only; not multi-swap or global proof,D,C,2,1,2,0,3,1,2019,2018,NC,other
v63_source_repair_return_guarded_repair,incumbent_cvar_relaxed_source_lp,158549707,126707528,1000.0,1000.0,-190.92185028549454,-226.37597165812684,35.4541213726323,1009.8718666302827,842400.0,True,True,6.907218559226713e-06,0.8992165242165242,0,,,61337.53483151346,95184.31227372657,True,True,post_v161_one_drop_one_add_whole_loan_swap,post-v161 one-swap pricing only; not multi-swap or global proof,D,E,2,3,2,1,3,0,2019,2018,NC,other
v63_source_repair_return_guarded_repair,incumbent_cvar_relaxed_source_lp,158549707,126652025,1000.0,1000.0,-190.92185028549454,-206.92821374328602,16.00636345779148,990.4241087154419,842400.0,True,True,6.907218559226713e-06,0.8992165242165242,0,,,61475.10215695505,95356.56037218278,True,True,post_v161_one_drop_one_add_whole_loan_swap,post-v161 one-swap pricing only; not multi-swap or global proof,D,C,2,1,2,3,3,1,2019,2018,NC,FL
v63_source_repair_return_guarded_repair,incumbent_cvar_relaxed_source_lp,158549707,126419064,1000.0,1000.0,-190.92185028549454,-198.85427993768698,7.93242965219244,982.3501749098428,842400.0,True,True,6.907218559226713e-06,0.8992165242165242,0,,,61433.806075526954,95297.62347002073,True,True,post_v161_one_drop_one_add_whole_loan_swap,post-v161 one-swap pricing only; not multi-swap or global proof,D,D,2,2,2,4,3,1,2019,2018,NC,other
v63_source_repair_return_guarded_repair,incumbent_cvar_relaxed_source_lp,158549707,126409482,1000.0,1000.0,-190.92185028549454,-223.9633297987982,33.04147951330367,1007.459224770954,842400.0,True,True,6.907218559226713e-06,0.8992165242165242,0,,,61457.68446941928,95337.62151114394,True,True,post_v161_one_drop_one_add_whole_loan_swap,post-v161 one-swap pricing only; not multi-swap or global proof,D,C,2,2,2,2,3,3,2019,2018,NC,other
v63_source_repair_return_guarded_repair,incumbent_cvar_relaxed_source_lp,158549707,166121358,1000.0,1000.0,-190.92185028549454,-212.03423240595197,21.112382120457426,995.5301273781079,842400.0,True,True,6.907218559226713e-06,0.8992165242165242,0,,,61449.188683751316,95301.95107178773,True,True,post_v161_one_drop_one_add_whole_loan_swap,post-v161 one-swap pricing only; not multi-swap or global proof,D,C,2,2,2,3,3,0,2019,2020,NC,MD
v63_source_repair_return_guarded_repair,incumbent_cvar_relaxed_source_lp,158549707,169887690,1000.0,1000.0,-190.92185028549454,-221.11264407259083,30.190793787096283,1004.6085390447466,842400.0,True,True,6.907218559226713e-06,0.8992165242165242,0,,,61467.33937165039,95348.57178153712,True,True,post_v161_one_drop_one_add_whole_loan_swap,post-v161 one-swap pricing only; not multi-swap or global proof,D,B,2,1,2,0,3,3,2019,2020,NC,other
v63_source_repair_return_guarded_repair,incumbent_cvar_relaxed_source_lp,158269673,127874931,1000.0,1000.0,-140.27221683294624,-186.9469746106631,46.67475777771685,1021.0925030353673,842400.0,True,True,6.907218559226713e-06,0.8992165242165242,0,,,61391.77993914616,95227.48846283312,True,True,post_v161_one_drop_one_add_whole_loan_swap,post-v161 one-swap pricing only; not multi-swap or global proof,B,B,0,0,0,0,0,0,2019,2018,IN,MN
v63_source_repair_return_guarded_repair,incumbent_cvar_relaxed_source_lp,158269673,126733849,1000.0,1000.0,-140.27221683294624,-186.9469746106631,46.67475777771685,1021.0925030353673,842400.0,True,True,6.907218559226713e-06,0.8992165242165242,0,,,61391.77993914616,95227.48846283312,True,True,post_v161_one_drop_one_add_whole_loan_swap,post-v161 one-swap pricing only; not multi-swap or global proof,B,B,0,0,0,4,0,3,2019,2018,IN,NJ
v63_source_repair_return_guarded_repair,incumbent_cvar_relaxed_source_lp,158269673,126468092,1000.0,1000.0,-140.27221683294624,-169.50590883596908,29.23369200302284,1003.6514372606732,842400.0,True,True,6.907218559226713e-06,0.8992165242165242,0,,,61414.68416170355,95258.72186480585,True,True,post_v161_one_drop_one_add_whole_loan_swap,post-v161 one-swap pricing only; not multi-swap or global proof,B,B,0,0,0,1,0,2,2019,2018,IN,other
v63_source_repair_return_guarded_repair,incumbent_cvar_relaxed_source_lp,158269673,126416707,1000.0,1000.0,-140.27221683294624,-187.69320294656202,47.42098611361578,1021.8387313712661,842400.0,True,True,6.907218559226713e-06,0.8992165242165242,0,,,61391.0148444747,95226.50434459576,True,True,post_v161_one_drop_one_add_whole_loan_swap,post-v161 one-swap pricing only; not multi-swap or global proof,B,B,0,0,0,1,0,1,2019,2018,IN,CA
v63_source_repair_return_guarded_repair,incumbent_cvar_relaxed_source_lp,158350671,126707528,1000.0,1000.0,-212.73075507457392,-226.37597165812684,13.645216583552923,988.0629618412033,842400.0,True,True,6.907218559226713e-06,0.8992165242165242,0,,,61411.88850076177,95193.61709353194,True,True,post_v161_one_drop_one_add_whole_loan_swap,post-v161 one-swap pricing only; not multi-swap or global proof,D,E,4,3,0,1,0,0,2019,2018,NJ,other
v63_source_repair_return_guarded_repair,incumbent_cvar_relaxed_source_lp,158350671,126409482,1000.0,1000.0,-212.73075507457392,-223.9633297987982,11.232574724224293,985.6503199818746,842400.0,True,True,6.907218559226713e-06,0.8992165242165242,0,,,61532.03813866759,95346.92633094931,True,True,post_v161_one_drop_one_add_whole_loan_swap,post-v161 one-swap pricing only; not multi-swap or global proof,D,C,4,2,0,2,0,3,2019,2018,NJ,other
v63_source_repair_return_guarded_repair,incumbent_cvar_relaxed_source_lp,158350671,169887690,1000.0,1000.0,-212.73075507457392,-221.11264407259083,8.381888998016905,982.7996342556673,842400.0,True,True,6.907218559226713e-06,0.8992165242165242,0,,,61541.6930408987,95357.87660134249,True,True,post_v161_one_drop_one_add_whole_loan_swap,post-v161 one-swap pricing only; not multi-swap or global proof,D,B,4,1,0,0,0,3,2019,2020,NJ,other
v63_source_repair_return_guarded_repair,incumbent_cvar_relaxed_source_lp,157035530,126707528,1000.0,1000.0,-219.2202530149656,-226.37597165812684,7.1557186431612365,981.5734639008116,842400.0,True,True,6.907218559226713e-06,0.8992165242165242,0,,,61330.78496318626,95116.24268746935,True,True,post_v161_one_drop_one_add_whole_loan_swap,post-v161 one-swap pricing only; not multi-swap or global proof,C,E,2,3,2,1,0,0,2019,2018,other,other
v63_source_repair_return_guarded_repair,incumbent_cvar_relaxed_source_lp,157035530,126409482,1000.0,1000.0,-219.2202530149656,-223.9633297987982,4.743076783832606,979.160822041483,842400.0,True,True,6.907218559226713e-06,0.8992165242165242,0,,,61450.93460109208,95269.55192488672,True,True,post_v161_one_drop_one_add_whole_loan_swap,post-v161 one-swap pricing only; not multi-swap or global proof,C,C,2,2,2,2,0,3,2019,2018,other,other
v63_source_repair_return_guarded_repair,incumbent_cvar_relaxed_source_lp,157035530,169887690,1000.0,1000.0,-219.2202530149656,-221.11264407259083,1.8923910576252183,976.3101363152756,842400.0,True,True,6.907218559226713e-06,0.8992165242165242,0,,,61460.58950332318,95280.50219527987,True,True,post_v161_one_drop_one_add_whole_loan_swap,post-v161 one-swap pricing only; not multi-swap or global proof,C,B,2,1,2,0,0,3,2019,2020,other,other
v63_source_repair_return_guarded_repair,incumbent_cvar_relaxed_source_lp,158316010,127695160,1500.0,1500.0,-220.5649967146192,-235.90029594541494,15.335299230795727,989.7530444884461,842400.0,True,True,6.907218559226713e-06,0.8992165242165242,0,,,61419.82034734199,95296.9618228208,True,True,post_v161_one_drop_one_add_whole_loan_swap,post-v161 one-swap pricing only; not multi-swap or global proof,B,B,0,0,3,2,1,1,2019,2018,MD,TX
v63_source_repair_return_guarded_repair,incumbent_cvar_relaxed_source_lp,158316010,126760355,1500.0,1500.0,-220.5649967146192,-250.40002765814089,29.835030943521673,1004.2527762011721,842400.0,True,True,6.907218559226713e-06,0.8992165242165242,0,,,61420.0256558656,95297.25022892073,True,True,post_v161_one_drop_one_add_whole_loan_swap,post-v161 one-swap pricing only; not multi-swap or global proof,B,B,0,0,3,1,1,0,2019,2018,MD,IL
v63_source_repair_return_guarded_repair,incumbent_cvar_relaxed_source_lp,158316010,126430923,1500.0,1500.0,-220.5649967146192,-243.25029594541493,22.68529923079572,997.1030444884461,842400.0,True,True,6.907218559226713e-06,0.8992165242165242,0,,,61419.82034734199,95296.9618228208,True,True,post_v161_one_drop_one_add_whole_loan_swap,post-v161 one-swap pricing only; not multi-swap or global proof,B,B,0,0,3,3,1,0,2019,2018,MD,other
v63_source_repair_return_guarded_repair,incumbent_cvar_relaxed_source_lp,158315350,127695160,1500.0,1500.0,-231.1083252494193,-235.90029594541494,4.791970695995644,979.2097159536461,842400.0,True,True,6.907218559226713e-06,0.8992165242165242,0,,,61420.018463222004,95297.25851818455,True,True,post_v161_one_drop_one_add_whole_loan_swap,post-v161 one-swap pricing only; not multi-swap or global proof,B,B,0,0,2,2,4,1,2019,2018,TX,TX
v63_source_repair_return_guarded_repair,incumbent_cvar_relaxed_source_lp,158315350,126760355,1500.0,1500.0,-231.1083252494193,-250.40002765814089,19.29170240872159,993.709447666372,842400.0,True,True,6.907218559226713e-06,0.8992165242165242,0,,,61420.22377174561,95297.5469242845,True,True,post_v161_one_drop_one_add_whole_loan_swap,post-v161 one-swap pricing only; not multi-swap or global proof,B,B,0,0,2,1,4,0,2019,2018,TX,IL
v63_source_repair_return_guarded_repair,incumbent_cvar_relaxed_source_lp,158315350,126430923,1500.0,1500.0,-231.1083252494193,-243.25029594541493,12.141970695995639,986.559715953646,842400.0,True,True,6.907218559226713e-06,0.8992165242165242,0,,,61420.018463222004,95297.25851818455,True,True,post_v161_one_drop_one_add_whole_loan_swap,post-v161 one-swap pricing only; not multi-swap or global proof,B,B,0,0,2,3,4,0,2019,2018,TX,other
v63_source_repair_return_guarded_repair,incumbent_cvar_relaxed_source_lp,158205133,127475725,1000.0,1000.0,-210.22185028549458,-211.8282137432861,1.606363457791531,976.0241087154419,842400.0,True,True,6.907218559226713e-06,0.8992165242165242,0,,,61475.10215695505,95356.56037218278,True,True,post_v161_one_drop_one_add_whole_loan_swap,post-v161 one-swap pricing only; not multi-swap or global proof,D,C,2,1,1,4,1,0,2019,2018,TX,AZ
v63_source_repair_return_guarded_repair,incumbent_cvar_relaxed_source_lp,158205133,126707528,1000.0,1000.0,-210.22185028549458,-226.37597165812684,16.15412137263226,990.5718666302827,842400.0,True,True,6.907218559226713e-06,0.8992165242165242,0,,,61337.53483151346,95184.31227372657,True,True,post_v161_one_drop_one_add_whole_loan_swap,post-v161 one-swap pricing only; not multi-swap or global proof,D,E,2,3,1,1,1,0,2019,2018,TX,other
v63_source_repair_return_guarded_repair,incumbent_cvar_relaxed_source_lp,158205133,126409482,1000.0,1000.0,-210.22185028549458,-223.9633297987982,13.74147951330363,988.159224770954,842400.0,True,True,6.907218559226713e-06,0.8992165242165242,0,,,61457.68446941928,95337.62151114394,True,True,post_v161_one_drop_one_add_whole_loan_swap,post-v161 one-swap pricing only; not multi-swap or global proof,D,C,2,2,1,2,1,3,2019,2018,TX,other
v63_source_repair_return_guarded_repair,incumbent_cvar_relaxed_source_lp,158205133,166121358,1000.0,1000.0,-210.22185028549458,-212.03423240595197,1.8123821204573858,976.2301273781078,842400.0,True,True,6.907218559226713e-06,0.8992165242165242,0,,,61449.188683751316,95301.95107178773,True,True,post_v161_one_drop_one_add_whole_loan_swap,post-v161 one-swap pricing only; not multi-swap or global proof,D,C,2,2,1,3,1,0,2019,2020,TX,MD
v63_source_repair_return_guarded_repair,incumbent_cvar_relaxed_source_lp,158205133,169887690,1000.0,1000.0,-210.22185028549458,-221.11264407259083,10.890793787096243,985.3085390447466,842400.0,True,True,6.907218559226713e-06,0.8992165242165242,0,,,61467.33937165039,95348.57178153712,True,True,post_v161_one_drop_one_add_whole_loan_swap,post-v161 one-swap pricing only; not multi-swap or global proof,D,B,2,1,1,0,1,3,2019,2020,TX,other
v63_source_repair_return_guarded_repair,incumbent_cvar_relaxed_source_lp,158262536,127676286,1800.0,1700.0,-277.097996057543,-284.013668738137,6.915672680594014,981.3334179382443,842500.0,True,True,0.00010816869840624133,0.8992284866468843,0,,,61444.17325355497,95349.79375716521,True,True,post_v161_one_drop_one_add_whole_loan_swap,post-v161 one-swap pricing only; not multi-swap or global proof,B,B,0,0,1,4,3,1,2019,2018,other,NV
v63_source_repair_return_guarded_repair,incumbent_cvar_relaxed_source_lp,158066458,126707528,1200.0,1000.0,-220.50950551320295,-226.37597165812684,5.866466144923891,980.2842114025743,842600.0,True,True,0.00020940614277265013,0.8990030856871588,0,,,61469.82012499808,95319.99529010088,True,True,post_v161_one_drop_one_add_whole_loan_swap,post-v161 one-swap pricing only; not multi-swap or global proof,D,E,3,3,1,1,0,0,2019,2018,other,other
v63_source_repair_return_guarded_repair,incumbent_cvar_relaxed_source_lp,158066458,126409482,1200.0,1000.0,-220.50950551320295,-223.9633297987982,3.4538242855952603,977.8715695432456,842600.0,True,True,0.00020940614277265013,0.8990030856871588,0,,,61589.96976290389,95473.30452751825,True,True,post_v161_one_drop_one_add_whole_loan_swap,post-v161 one-swap pricing only; not multi-swap or global proof,D,C,3,2,1,2,0,3,2019,2018,other,other
v63_source_repair_return_guarded_repair,incumbent_cvar_relaxed_source_lp,158066458,169887690,1200.0,1000.0,-220.50950551320295,-221.11264407259083,0.6031385593878724,975.0208838170382,842600.0,True,True,0.00020940614277265013,0.8990030856871588,0,,,61599.624665134994,95484.25479791137,True,True,post_v161_one_drop_one_add_whole_loan_swap,post-v161 one-swap pricing only; not multi-swap or global proof,D,B,3,1,1,0,0,3,2019,2020,other,other
v63_source_repair_return_guarded_repair,incumbent_cvar_relaxed_source_lp,157537618,127475725,1000.0,1000.0,-202.7602277013369,-211.8282137432861,9.067986041949212,983.4857312995996,842400.0,True,True,6.907218559226713e-06,0.8992165242165242,0,,,61467.46960934518,95349.70600465193,True,True,post_v161_one_drop_one_add_whole_loan_swap,post-v161 one-swap pricing only; not multi-swap or global proof,D,C,2,1,0,4,2,0,2019,2018,IN,AZ
v63_source_repair_return_guarded_repair,incumbent_cvar_relaxed_source_lp,157537618,127582382,1000.0,1000.0,-202.7602277013369,-205.52183833714096,2.761610635804061,977.1793558934544,842400.0,True,True,6.907218559226713e-06,0.8992165242165242,0,,,61409.48555516667,95271.3740704024,True,True,post_v161_one_drop_one_add_whole_loan_swap,post-v161 one-swap pricing only; not multi-swap or global proof,D,D,2,2,0,3,2,0,2019,2018,IN,CA
v63_source_repair_return_guarded_repair,incumbent_cvar_relaxed_source_lp,157537618,126707528,1000.0,1000.0,-202.7602277013369,-226.37597165812684,23.61574395678994,998.0334892144404,842400.0,True,True,6.907218559226713e-06,0.8992165242165242,0,,,61329.90228390359,95177.45790619573,True,True,post_v161_one_drop_one_add_whole_loan_swap,post-v161 one-swap pricing only; not multi-swap or global proof,D,E,2,3,0,1,2,0,2019,2018,IN,other
v63_source_repair_return_guarded_repair,incumbent_cvar_relaxed_source_lp,157537618,126652025,1000.0,1000.0,-202.7602277013369,-206.92821374328602,4.167986041949121,978.5857312995995,842400.0,True,True,6.907218559226713e-06,0.8992165242165242,0,,,61467.46960934518,95349.70600465193,True,True,post_v161_one_drop_one_add_whole_loan_swap,post-v161 one-swap pricing only; not multi-swap or global proof,D,C,2,1,0,3,2,1,2019,2018,IN,FL
v63_source_repair_return_guarded_repair,incumbent_cvar_relaxed_source_lp,157537618,126409482,1000.0,1000.0,-202.7602277013369,-223.9633297987982,21.20310209746131,995.6208473551117,842400.0,True,True,6.907218559226713e-06,0.8992165242165242,0,,,61450.051921809405,95330.7671436131,True,True,post_v161_one_drop_one_add_whole_loan_swap,post-v161 one-swap pricing only; not multi-swap or global proof,D,C,2,2,0,2,2,3,2019,2018,IN,other
v63_source_repair_return_guarded_repair,incumbent_cvar_relaxed_source_lp,157537618,166121358,1000.0,1000.0,-202.7602277013369,-212.03423240595197,9.274004704615066,983.6917499622655,842400.0,True,True,6.907218559226713e-06,0.8992165242165242,0,,,61441.55613614143,95295.09670425688,True,True,post_v161_one_drop_one_add_whole_loan_swap,post-v161 one-swap pricing only; not multi-swap or global proof,D,C,2,2,0,3,2,0,2019,2020,IN,MD
v63_source_repair_return_guarded_repair,incumbent_cvar_relaxed_source_lp,157537618,169887690,1000.0,1000.0,-202.7602277013369,-221.11264407259083,18.352416371253923,992.7701616289044,842400.0,True,True,6.907218559226713e-06,0.8992165242165242,0,,,61459.706824040506,95341.71741400623,True,True,post_v161_one_drop_one_add_whole_loan_swap,post-v161 one-swap pricing only; not multi-swap or global proof,D,B,2,1,0,0,2,3,2019,2020,IN,other
v63_source_repair_return_guarded_repair,incumbent_cvar_relaxed_source_lp,157575052,126707528,1000.0,1000.0,-223.92586355111195,-226.37597165812684,2.4501081070148985,976.8678533646653,842400.0,True,True,6.907218559226713e-06,0.8992165242165242,0,,,61335.586228189946,95116.92923895945,True,True,post_v161_one_drop_one_add_whole_loan_swap,post-v161 one-swap pricing only; not multi-swap or global proof,C,E,2,3,0,1,0,0,2019,2018,other,other
v63_source_repair_return_guarded_repair,incumbent_cvar_relaxed_source_lp,157575052,126409482,1000.0,1000.0,-223.92586355111195,-223.9633297987982,0.03746624768626816,974.4552115053366,842400.0,True,True,6.907218559226713e-06,0.8992165242165242,0,,,61455.735866095754,95270.23847637682,True,True,post_v161_one_drop_one_add_whole_loan_swap,post-v161 one-swap pricing only; not multi-swap or global proof,C,C,2,2,0,2,0,3,2019,2018,other,other
v63_source_repair_return_guarded_repair,incumbent_cvar_relaxed_source_lp,157560196,127874931,1300.0,1000.0,-181.11178871668363,-186.9469746106631,5.835185893979457,980.2529311516298,842700.0,True,True,0.000310619560215053,0.899252402990388,0,,,61475.47197890268,95369.25537788939,True,True,post_v161_one_drop_one_add_whole_loan_swap,post-v161 one-swap pricing only; not multi-swap or global proof,B,B,0,0,3,0,1,0,2019,2018,NY,MN
v63_source_repair_return_guarded_repair,incumbent_cvar_relaxed_source_lp,157560196,126733849,1300.0,1000.0,-181.11178871668363,-186.9469746106631,5.835185893979457,980.2529311516298,842700.0,True,True,0.000310619560215053,0.899252402990388,0,,,61475.47197890268,95369.25537788939,True,True,post_v161_one_drop_one_add_whole_loan_swap,post-v161 one-swap pricing only; not multi-swap or global proof,B,B,0,0,3,4,1,3,2019,2018,NY,NJ
v63_source_repair_return_guarded_repair,incumbent_cvar_relaxed_source_lp,157560196,126483031,1300.0,1200.0,-181.11178871668363,-200.480236756332,19.36844803964837,993.7861932972987,842500.0,True,True,0.00010816869840624133,0.8992284866468843,0,,,61454.48755456315,95338.83642728768,True,True,post_v161_one_drop_one_add_whole_loan_swap,post-v161 one-swap pricing only; not multi-swap or global proof,B,B,0,0,3,2,1,0,2019,2018,NY,FL
v63_source_repair_return_guarded_repair,incumbent_cvar_relaxed_source_lp,157560196,126416707,1300.0,1000.0,-181.11178871668363,-187.69320294656202,6.581414229878391,980.9991594875288,842700.0,True,True,0.000310619560215053,0.899252402990388,0,,,61474.70688423123,95368.271259652,True,True,post_v161_one_drop_one_add_whole_loan_swap,post-v161 one-swap pricing only; not multi-swap or global proof,B,B,0,0,3,1,1,1,2019,2018,NY,CA
v63_source_repair_return_guarded_repair,incumbent_cvar_relaxed_source_lp,157178129,126707528,1000.0,1000.0,-221.54645996730534,-226.37597165812684,4.829511690821505,979.2472569484719,842400.0,True,True,6.907218559226713e-06,0.8992165242165242,0,,,61324.64455013828,95116.92923895945,True,True,post_v161_one_drop_one_add_whole_loan_swap,post-v161 one-swap pricing only; not multi-swap or global proof,C,E,2,3,1,1,0,0,2019,2018,FL,other
v63_source_repair_return_guarded_repair,incumbent_cvar_relaxed_source_lp,157178129,126409482,1000.0,1000.0,-221.54645996730534,-223.9633297987982,2.4168698314928747,976.8346150891432,842400.0,True,True,6.907218559226713e-06,0.8992165242165242,0,,,61444.79418804409,95270.23847637682,True,True,post_v161_one_drop_one_add_whole_loan_swap,post-v161 one-swap pricing only; not multi-swap or global proof,C,C,2,2,1,2,0,3,2019,2018,FL,other
v63_source_repair_return_guarded_repair,incumbent_cvar_relaxed_source_lp,157058382,127874931,1000.0,1000.0,-185.23911665390278,-186.9469746106631,1.7078579567603072,976.1256032144107,842400.0,True,True,6.907218559226713e-06,0.8980294396961064,0,,,61610.537669156765,95443.11987850317,True,True,post_v161_one_drop_one_add_whole_loan_swap,post-v161 one-swap pricing only; not multi-swap or global proof,D,B,4,0,1,0,4,0,2019,2018,NC,MN
v63_source_repair_return_guarded_repair,incumbent_cvar_relaxed_source_lp,157058382,127672145,1000.0,1000.0,-185.23911665390278,-196.20083323856994,10.961716584667158,985.3794618423176,842400.0,True,True,6.907218559226713e-06,0.8992165242165242,0,,,61579.43025413207,95398.74955961789,True,True,post_v161_one_drop_one_add_whole_loan_swap,post-v161 one-swap pricing only; not multi-swap or global proof,D,C,4,1,1,0,4,2,2019,2018,NC,other
v63_source_repair_return_guarded_repair,incumbent_cvar_relaxed_source_lp,157058382,127475725,1000.0,1000.0,-185.23911665390278,-211.8282137432861,26.58909708938333,1001.0068423470337,842400.0,True,True,6.907218559226713e-06,0.8992165242165242,0,,,61553.5377731679,95366.64754136061,True,True,post_v161_one_drop_one_add_whole_loan_swap,post-v161 one-swap pricing only; not multi-swap or global proof,D,C,4,1,1,4,4,0,2019,2018,NC,AZ
v63_source_repair_return_guarded_repair,incumbent_cvar_relaxed_source_lp,157058382,127582382,1000.0,1000.0,-185.23911665390278,-205.52183833714096,20.28272168323818,994.7004669408885,842400.0,True,True,6.907218559226713e-06,0.8992165242165242,0,,,61495.55371898938,95288.31560711107,True,True,post_v161_one_drop_one_add_whole_loan_swap,post-v161 one-swap pricing only; not multi-swap or global proof,D,D,4,2,1,3,4,0,2019,2018,NC,CA
v63_source_repair_return_guarded_repair,incumbent_cvar_relaxed_source_lp,157058382,126820122,1000.0,1000.0,-185.23911665390278,-201.89545162414464,16.656334970241858,991.0740802278922,842400.0,True,True,6.907218559226713e-06,0.8992165242165242,0,,,61538.84821517016,95350.3790452592,True,True,post_v161_one_drop_one_add_whole_loan_swap,post-v161 one-swap pricing only; not multi-swap or global proof,D,C,4,1,1,0,4,1,2019,2018,NC,other
v63_source_repair_return_guarded_repair,incumbent_cvar_relaxed_source_lp,157058382,126707528,1000.0,1000.0,-185.23911665390278,-226.37597165812684,41.13685500422406,1015.5546002618744,842400.0,True,True,6.907218559226713e-06,0.8992165242165242,0,,,61415.970447726315,95194.3994429044,True,True,post_v161_one_drop_one_add_whole_loan_swap,post-v161 one-swap pricing only; not multi-swap or global proof,D,E,4,3,1,1,4,0,2019,2018,NC,other
v63_source_repair_return_guarded_repair,incumbent_cvar_relaxed_source_lp,157058382,126733849,1000.0,1000.0,-185.23911665390278,-186.9469746106631,1.7078579567603072,976.1256032144107,842400.0,True,True,6.907218559226713e-06,0.8980294396961064,0,,,61610.537669156765,95443.11987850317,True,True,post_v161_one_drop_one_add_whole_loan_swap,post-v161 one-swap pricing only; not multi-swap or global proof,D,B,4,0,1,4,4,3,2019,2018,NC,NJ
v63_source_repair_return_guarded_repair,incumbent_cvar_relaxed_source_lp,157058382,126652025,1000.0,1000.0,-185.23911665390278,-206.92821374328602,21.68909708938324,996.1068423470336,842400.0,True,True,6.907218559226713e-06,0.8992165242165242,0,,,61553.5377731679,95366.64754136061,True,True,post_v161_one_drop_one_add_whole_loan_swap,post-v161 one-swap pricing only; not multi-swap or global proof,D,C,4,1,1,3,4,1,2019,2018,NC,FL
v63_source_repair_return_guarded_repair,incumbent_cvar_relaxed_source_lp,157058382,126416707,1000.0,1000.0,-185.23911665390278,-187.69320294656202,2.454086292659241,976.8718315503096,842400.0,True,True,6.907218559226713e-06,0.8980294396961064,0,,,61609.77257448531,95442.13576026578,True,True,post_v161_one_drop_one_add_whole_loan_swap,post-v161 one-swap pricing only; not multi-swap or global proof,D,B,4,0,1,1,4,1,2019,2018,NC,CA
v63_source_repair_return_guarded_repair,incumbent_cvar_relaxed_source_lp,157058382,126419064,1000.0,1000.0,-185.23911665390278,-198.85427993768698,13.615163283784199,988.0329085414346,842400.0,True,True,6.907218559226713e-06,0.8992165242165242,0,,,61512.24169173979,95307.71063919854,True,True,post_v161_one_drop_one_add_whole_loan_swap,post-v161 one-swap pricing only; not multi-swap or global proof,D,D,4,2,1,4,4,1,2019,2018,NC,other
v63_source_repair_return_guarded_repair,incumbent_cvar_relaxed_source_lp,157058382,126409482,1000.0,1000.0,-185.23911665390278,-223.9633297987982,38.72421314489543,1013.1419584025458,842400.0,True,True,6.907218559226713e-06,0.8992165242165242,0,,,61536.12008563212,95347.70868032178,True,True,post_v161_one_drop_one_add_whole_loan_swap,post-v161 one-swap pricing only; not multi-swap or global proof,D,C,4,2,1,2,4,3,2019,2018,NC,other
v63_source_repair_return_guarded_repair,incumbent_cvar_relaxed_source_lp,157058382,166121358,1000.0,1000.0,-185.23911665390278,-212.03423240595197,26.795115752049185,1001.2128610096995,842400.0,True,True,6.907218559226713e-06,0.8992165242165242,0,,,61527.62429996414,95312.03824096554,True,True,post_v161_one_drop_one_add_whole_loan_swap,post-v161 one-swap pricing only; not multi-swap or global proof,D,C,4,2,1,3,4,0,2019,2020,NC,MD
v63_source_repair_return_guarded_repair,incumbent_cvar_relaxed_source_lp,157058382,169887690,1000.0,1000.0,-185.23911665390278,-221.11264407259083,35.87352741868804,1010.2912726763384,842400.0,True,True,6.907218559226713e-06,0.8992165242165242,0,,,61545.77498786323,95358.65895071493,True,True,post_v161_one_drop_one_add_whole_loan_swap,post-v161 one-swap pricing only; not multi-swap or global proof,D,B,4,1,1,0,4,3,2019,2020,NC,other
v63_source_repair_return_guarded_repair,incumbent_cvar_relaxed_source_lp,157071514,126707528,1200.0,1000.0,-220.53270568246498,-226.37597165812684,5.843265975661865,980.2610112333123,842600.0,True,True,0.00020940614277265013,0.8990030856871588,0,,,61364.47042681763,95220.06593109175,True,True,post_v161_one_drop_one_add_whole_loan_swap,post-v161 one-swap pricing only; not multi-swap or global proof,C,E,1,3,0,1,0,0,2019,2018,NY,other
v63_source_repair_return_guarded_repair,incumbent_cvar_relaxed_source_lp,157071514,126409482,1200.0,1000.0,-220.53270568246498,-223.9633297987982,3.4306241163332345,977.8483693739836,842600.0,True,True,0.00020940614277265013,0.8990030856871588,0,,,61484.62006472344,95373.37516850914,True,True,post_v161_one_drop_one_add_whole_loan_swap,post-v161 one-swap pricing only; not multi-swap or global proof,C,C,1,2,0,2,0,3,2019,2018,NY,other
v63_source_repair_return_guarded_repair,incumbent_cvar_relaxed_source_lp,157071514,169887690,1200.0,1000.0,-220.53270568246498,-221.11264407259083,0.5799383901258466,974.9976836477763,842600.0,True,True,0.00020940614277265013,0.8990030856871588,0,,,61494.274966954545,95384.32543890228,True,True,post_v161_one_drop_one_add_whole_loan_swap,post-v161 one-swap pricing only; not multi-swap or global proof,C,B,1,1,0,0,0,3,2019,2020,NY,other
v63_source_repair_return_guarded_repair,incumbent_cvar_relaxed_source_lp,157051049,126760355,1500.0,1500.0,-239.82682840151188,-250.40002765814089,10.57319925662901,984.9909445142794,842400.0,True,True,6.907218559226713e-06,0.8992165242165242,0,,,61429.12109257052,95316.45424310537,True,True,post_v161_one_drop_one_add_whole_loan_swap,post-v161 one-swap pricing only; not multi-swap or global proof,B,B,0,0,0,1,4,0,2019,2018,IL,IL
v63_source_repair_return_guarded_repair,incumbent_cvar_relaxed_source_lp,157051049,126430923,1500.0,1500.0,-239.82682840151188,-243.25029594541493,3.423467543903058,977.8412128015534,842400.0,True,True,6.907218559226713e-06,0.8992165242165242,0,,,61428.91578404693,95316.1658370054,True,True,post_v161_one_drop_one_add_whole_loan_swap,post-v161 one-swap pricing only; not multi-swap or global proof,B,B,0,0,0,3,4,0,2019,2018,IL,other
v63_source_repair_return_guarded_repair,incumbent_cvar_relaxed_source_lp,156985223,126707528,1000.0,1000.0,-222.47921613590051,-226.37597165812684,3.8967555222263286,978.3145007798767,842400.0,True,True,6.907218559226713e-06,0.8992165242165242,0,,,61295.59175242031,95052.37073567198,True,True,post_v161_one_drop_one_add_whole_loan_swap,post-v161 one-swap pricing only; not multi-swap or global proof,B,E,1,3,4,1,2,0,2019,2018,VA,other
v63_source_repair_return_guarded_repair,incumbent_cvar_relaxed_source_lp,156985223,126409482,1000.0,1000.0,-222.47921613590051,-223.9633297987982,1.4841136628976983,975.9018589205481,842400.0,True,True,6.907218559226713e-06,0.8992165242165242,0,,,61415.74139032613,95205.67997308938,True,True,post_v161_one_drop_one_add_whole_loan_swap,post-v161 one-swap pricing only; not multi-swap or global proof,B,C,1,2,4,2,2,3,2019,2018,VA,other
v63_source_repair_return_guarded_repair,incumbent_cvar_relaxed_source_lp,156872543,127475725,1000.0,1000.0,-202.99915325719445,-211.8282137432861,8.829060486091663,983.246805743742,842400.0,True,True,6.907218559226713e-06,0.8992165242165242,0,,,61571.719348106664,95366.64754136061,True,True,post_v161_one_drop_one_add_whole_loan_swap,post-v161 one-swap pricing only; not multi-swap or global proof,D,C,5,1,1,4,4,0,2019,2018,other,AZ
v63_source_repair_return_guarded_repair,incumbent_cvar_relaxed_source_lp,156872543,127582382,1000.0,1000.0,-202.99915325719445,-205.52183833714096,2.5226850799465126,976.9404303375969,842400.0,True,True,6.907218559226713e-06,0.8992165242165242,0,,,61513.735293928155,95288.31560711107,True,True,post_v161_one_drop_one_add_whole_loan_swap,post-v161 one-swap pricing only; not multi-swap or global proof,D,D,5,2,1,3,4,0,2019,2018,other,CA
v63_source_repair_return_guarded_repair,incumbent_cvar_relaxed_source_lp,156872543,126707528,1000.0,1000.0,-202.99915325719445,-226.37597165812684,23.376818400932393,997.7945636585828,842400.0,True,True,6.907218559226713e-06,0.8992165242165242,0,,,61434.15202266509,95194.3994429044,True,True,post_v161_one_drop_one_add_whole_loan_swap,post-v161 one-swap pricing only; not multi-swap or global proof,D,E,5,3,1,1,4,0,2019,2018,other,other
v63_source_repair_return_guarded_repair,incumbent_cvar_relaxed_source_lp,156872543,126652025,1000.0,1000.0,-202.99915325719445,-206.92821374328602,3.929060486091572,978.3468057437419,842400.0,True,True,6.907218559226713e-06,0.8992165242165242,0,,,61571.719348106664,95366.64754136061,True,True,post_v161_one_drop_one_add_whole_loan_swap,post-v161 one-swap pricing only; not multi-swap or global proof,D,C,5,1,1,3,4,1,2019,2018,other,FL
v63_source_repair_return_guarded_repair,incumbent_cvar_relaxed_source_lp,156872543,126409482,1000.0,1000.0,-202.99915325719445,-223.9633297987982,20.964176541603763,995.3819217992541,842400.0,True,True,6.907218559226713e-06,0.8992165242165242,0,,,61554.3016605709,95347.70868032178,True,True,post_v161_one_drop_one_add_whole_loan_swap,post-v161 one-swap pricing only; not multi-swap or global proof,D,C,5,2,1,2,4,3,2019,2018,other,other
v63_source_repair_return_guarded_repair,incumbent_cvar_relaxed_source_lp,156872543,166121358,1000.0,1000.0,-202.99915325719445,-212.03423240595197,9.035079148757518,983.4528244064079,842400.0,True,True,6.907218559226713e-06,0.8992165242165242,0,,,61545.80587490293,95312.03824096554,True,True,post_v161_one_drop_one_add_whole_loan_swap,post-v161 one-swap pricing only; not multi-swap or global proof,D,C,5,2,1,3,4,0,2019,2020,other,MD
v63_source_repair_return_guarded_repair,incumbent_cvar_relaxed_source_lp,156872543,169887690,1000.0,1000.0,-202.99915325719445,-221.11264407259083,18.113490815396375,992.5312360730468,842400.0,True,True,6.907218559226713e-06,0.8992165242165242,0,,,61563.956562802,95358.65895071493,True,True,post_v161_one_drop_one_add_whole_loan_swap,post-v161 one-swap pricing only; not multi-swap or global proof,D,B,5,1,1,0,4,3,2019,2020,other,other
v63_source_repair_return_guarded_repair,incumbent_cvar_relaxed_source_lp,156838152,126707528,1000.0,1000.0,-223.92586355111195,-226.37597165812684,2.4501081070148985,976.8678533646653,842400.0,True,True,6.907218559226713e-06,0.8992165242165242,0,,,61335.586228189946,95116.92923895945,True,True,post_v161_one_drop_one_add_whole_loan_swap,post-v161 one-swap pricing only; not multi-swap or global proof,C,E,2,3,3,1,3,0,2019,2018,NJ,other
v63_source_repair_return_guarded_repair,incumbent_cvar_relaxed_source_lp,156838152,126409482,1000.0,1000.0,-223.92586355111195,-223.9633297987982,0.03746624768626816,974.4552115053366,842400.0,True,True,6.907218559226713e-06,0.8992165242165242,0,,,61455.735866095754,95270.23847637682,True,True,post_v161_one_drop_one_add_whole_loan_swap,post-v161 one-swap pricing only; not multi-swap or global proof,C,C,2,2,3,2,3,3,2019,2018,NJ,other
v63_source_repair_return_guarded_repair,incumbent_cvar_relaxed_source_lp,156718315,127011905,1500.0,1500.0,-308.48244738548647,-310.3923206149292,1.9098732294427236,976.3276184870931,842400.0,True,True,6.907218559226713e-06,0.8992165242165242,0,,,61410.500143511366,95230.25054870933,True,True,post_v161_one_drop_one_add_whole_loan_swap,post-v161 one-swap pricing only; not multi-swap or global proof,B,C,1,1,0,2,0,2,2019,2018,TX,other
v63_source_repair_return_guarded_repair,incumbent_cvar_relaxed_source_lp,156718315,126620912,1500.0,1500.0,-308.48244738548647,-319.768173516142,11.285726130655519,985.7034713883058,842400.0,True,True,6.907218559226713e-06,0.8992165242165242,0,,,61463.19128361318,95305.1795265011,True,True,post_v161_one_drop_one_add_whole_loan_swap,post-v161 one-swap pricing only; not multi-swap or global proof,B,B,1,1,0,0,0,0,2019,2018,TX,other
v63_source_repair_return_guarded_repair,incumbent_cvar_relaxed_source_lp,156718315,167713836,1500.0,1500.0,-308.48244738548647,-323.27724824243177,14.794800856945301,989.2125461145956,842400.0,True,True,6.907218559226713e-06,0.8992165242165242,0,,,61379.743952940094,95155.44458450128,True,True,post_v161_one_drop_one_add_whole_loan_swap,post-v161 one-swap pricing only; not multi-swap or global proof,B,C,1,1,0,1,0,4,2019,2020,TX,other
v63_source_repair_return_guarded_repair,incumbent_cvar_relaxed_source_lp,156591018,169005860,2000.0,2000.0,-389.2359184605046,-393.55925260534593,4.32333414484134,978.7410794024918,842400.0,True,True,6.907218559226713e-06,0.8992165242165242,0,,,61416.58045289556,95345.97968430002,True,True,post_v161_one_drop_one_add_whole_loan_swap,post-v161 one-swap pricing only; not multi-swap or global proof,C,B,1,1,3,3,0,1,2019,2020,NY,FL
v63_source_repair_return_guarded_repair,incumbent_cvar_relaxed_source_lp,156012439,127874931,1200.0,1000.0,-183.74011266155404,-186.9469746106631,3.2068619491090544,977.6246072067595,842600.0,True,True,0.00020940614277265013,0.8992404462378353,0,,,61449.59696918002,95326.27008315068,True,True,post_v161_one_drop_one_add_whole_loan_swap,post-v161 one-swap pricing only; not multi-swap or global proof,B,B,0,0,3,0,2,0,2019,2018,CA,MN
v63_source_repair_return_guarded_repair,incumbent_cvar_relaxed_source_lp,156012439,126733849,1200.0,1000.0,-183.74011266155404,-186.9469746106631,3.2068619491090544,977.6246072067595,842600.0,True,True,0.00020940614277265013,0.8992404462378353,0,,,61449.59696918002,95326.27008315068,True,True,post_v161_one_drop_one_add_whole_loan_swap,post-v161 one-swap pricing only; not multi-swap or global proof,B,B,0,0,3,4,2,3,2019,2018,CA,NJ
v63_source_repair_return_guarded_repair,incumbent_cvar_relaxed_source_lp,156012439,126483031,1200.0,1200.0,-183.74011266155404,-200.480236756332,16.74012409477797,991.1578693524284,842400.0,True,True,6.907218559226713e-06,0.8992165242165242,0,,,61428.61254484049,95295.85113254898,True,True,post_v161_one_drop_one_add_whole_loan_swap,post-v161 one-swap pricing only; not multi-swap or global proof,B,B,0,0,3,2,2,0,2019,2018,CA,FL
v63_source_repair_return_guarded_repair,incumbent_cvar_relaxed_source_lp,156012439,126416707,1200.0,1000.0,-183.74011266155404,-187.69320294656202,3.9530902850079883,978.3708355426584,842600.0,True,True,0.00020940614277265013,0.8992404462378353,0,,,61448.831874508556,95325.28596491327,True,True,post_v161_one_drop_one_add_whole_loan_swap,post-v161 one-swap pricing only; not multi-swap or global proof,B,B,0,0,3,1,2,1,2019,2018,CA,CA
v63_source_repair_return_guarded_repair,incumbent_cvar_relaxed_source_lp,155967882,167713836,1600.0,1500.0,-322.97242866076493,-323.27724824243177,0.304819581666834,974.7225648393172,842500.0,True,True,0.00010816869840624133,0.8991097922848664,0,,,61483.6143115055,95395.38692111784,True,True,post_v161_one_drop_one_add_whole_loan_swap,post-v161 one-swap pricing only; not multi-swap or global proof,D,C,2,1,3,1,0,4,2019,2020,OH,other
v63_source_repair_return_guarded_repair,incumbent_cvar_relaxed_source_lp,156430081,169005860,2000.0,2000.0,-364.2441270267492,-393.55925260534593,29.315125578596735,1003.7328708362471,842400.0,True,True,6.907218559226713e-06,0.8992165242165242,0,,,61442.16129129029,95360.797229882,True,True,post_v161_one_drop_one_add_whole_loan_swap,post-v161 one-swap pricing only; not multi-swap or global proof,C,B,2,1,2,3,0,1,2019,2020,MD,FL
v63_source_repair_return_guarded_repair,incumbent_cvar_relaxed_source_lp,156192909,127475725,1200.0,1000.0,-202.72802520962668,-211.8282137432861,9.100188533659434,983.5179337913098,842600.0,True,True,0.00020940614277265013,0.8990030856871588,0,,,61627.786690010864,95491.28223879285,True,True,post_v161_one_drop_one_add_whole_loan_swap,post-v161 one-swap pricing only; not multi-swap or global proof,D,C,3,1,4,4,2,0,2019,2018,other,AZ
v63_source_repair_return_guarded_repair,incumbent_cvar_relaxed_source_lp,156192909,127582382,1200.0,1000.0,-202.72802520962668,-205.52183833714096,2.7938131275142837,977.2115583851646,842600.0,True,True,0.00020940614277265013,0.8990030856871588,0,,,61569.802635832355,95412.95030454334,True,True,post_v161_one_drop_one_add_whole_loan_swap,post-v161 one-swap pricing only; not multi-swap or global proof,D,D,3,2,4,3,2,0,2019,2018,other,CA
v63_source_repair_return_guarded_repair,incumbent_cvar_relaxed_source_lp,156192909,126707528,1200.0,1000.0,-202.72802520962668,-226.37597165812684,23.647946448500164,998.0656917061506,842600.0,True,True,0.00020940614277265013,0.8990030856871588,0,,,61490.219364569275,95319.03414033663,True,True,post_v161_one_drop_one_add_whole_loan_swap,post-v161 one-swap pricing only; not multi-swap or global proof,D,E,3,3,4,1,2,0,2019,2018,other,other
v63_source_repair_return_guarded_repair,incumbent_cvar_relaxed_source_lp,156192909,126652025,1200.0,1000.0,-202.72802520962668,-206.92821374328602,4.200188533659343,978.6179337913097,842600.0,True,True,0.00020940614277265013,0.8990030856871588,0,,,61627.786690010864,95491.28223879285,True,True,post_v161_one_drop_one_add_whole_loan_swap,post-v161 one-swap pricing only; not multi-swap or global proof,D,C,3,1,4,3,2,1,2019,2018,other,FL
v63_source_repair_return_guarded_repair,incumbent_cvar_relaxed_source_lp,156192909,126409482,1200.0,1000.0,-202.72802520962668,-223.9633297987982,21.235304589171534,995.6530498468219,842600.0,True,True,0.00020940614277265013,0.8990030856871588,0,,,61610.3690024751,95472.34337775402,True,True,post_v161_one_drop_one_add_whole_loan_swap,post-v161 one-swap pricing only; not multi-swap or global proof,D,C,3,2,4,2,2,3,2019,2018,other,other
v63_source_repair_return_guarded_repair,incumbent_cvar_relaxed_source_lp,156192909,166121358,1200.0,1000.0,-202.72802520962668,-212.03423240595197,9.306207196325289,983.7239524539757,842600.0,True,True,0.00020940614277265013,0.8990030856871588,0,,,61601.87321680712,95436.67293839778,True,True,post_v161_one_drop_one_add_whole_loan_swap,post-v161 one-swap pricing only; not multi-swap or global proof,D,C,3,2,4,3,2,0,2019,2020,other,MD
v63_source_repair_return_guarded_repair,incumbent_cvar_relaxed_source_lp,156192909,165985906,1200.0,1200.0,-202.72802520962668,-203.72482836822385,0.9968031585971744,975.4145484162475,842400.0,True,True,6.907218559226713e-06,0.8992165242165242,0,,,61569.47435854898,95366.9757203336,True,True,post_v161_one_drop_one_add_whole_loan_swap,post-v161 one-swap pricing only; not multi-swap or global proof,D,C,3,1,4,3,2,4,2019,2020,other,VA
v63_source_repair_return_guarded_repair,incumbent_cvar_relaxed_source_lp,156192909,169887690,1200.0,1000.0,-202.72802520962668,-221.11264407259083,18.384618862964146,992.8023641206146,842600.0,True,True,0.00020940614277265013,0.8990030856871588,0,,,61620.023904706206,95483.29364814716,True,True,post_v161_one_drop_one_add_whole_loan_swap,post-v161 one-swap pricing only; not multi-swap or global proof,D,B,3,1,4,0,2,3,2019,2020,other,other
v63_source_repair_return_guarded_repair,incumbent_cvar_relaxed_source_lp,156192909,160806330,1200.0,1200.0,-202.72802520962668,-210.10403328668124,7.376008077054564,981.7937533347049,842400.0,True,True,6.907218559226713e-06,0.8992165242165242,0,,,61520.037069601785,95238.3520096281,True,True,post_v161_one_drop_one_add_whole_loan_swap,post-v161 one-swap pricing only; not multi-swap or global proof,D,D,3,2,4,2,2,2,2019,2019,other,FL
v63_source_repair_return_guarded_repair,incumbent_cvar_relaxed_source_lp,156106401,127874931,1100.0,1000.0,-185.36313076505434,-186.9469746106631,1.5838438456087545,976.0015891032591,842500.0,True,True,0.00010816869840624133,0.8992284866468843,0,,,61433.30169026318,95290.43733732423,True,True,post_v161_one_drop_one_add_whole_loan_swap,post-v161 one-swap pricing only; not multi-swap or global proof,B,B,0,0,1,0,0,0,2019,2018,TX,MN
v63_source_repair_return_guarded_repair,incumbent_cvar_relaxed_source_lp,156106401,126733849,1100.0,1000.0,-185.36313076505434,-186.9469746106631,1.5838438456087545,976.0015891032591,842500.0,True,True,0.00010816869840624133,0.8992284866468843,0,,,61433.30169026318,95290.43733732423,True,True,post_v161_one_drop_one_add_whole_loan_swap,post-v161 one-swap pricing only; not multi-swap or global proof,B,B,0,0,1,4,0,3,2019,2018,TX,NJ
v63_source_repair_return_guarded_repair,incumbent_cvar_relaxed_source_lp,156106401,126416707,1100.0,1000.0,-185.36313076505434,-187.69320294656202,2.3300721815076884,976.7478174391581,842500.0,True,True,0.00010816869840624133,0.8992284866468843,0,,,61432.53659559172,95289.45321908683,True,True,post_v161_one_drop_one_add_whole_loan_swap,post-v161 one-swap pricing only; not multi-swap or global proof,B,B,0,0,1,1,0,1,2019,2018,TX,CA
v63_source_repair_return_guarded_repair,incumbent_cvar_relaxed_source_lp,155777609,127874931,1000.0,1000.0,-183.99229773466166,-186.9469746106631,2.954676876001429,977.3724221336518,842400.0,True,True,6.907218559226713e-06,0.8992165242165242,0,,,61436.563857358604,95283.01295947845,True,True,post_v161_one_drop_one_add_whole_loan_swap,post-v161 one-swap pricing only; not multi-swap or global proof,B,B,0,0,2,0,0,0,2019,2018,other,MN
v63_source_repair_return_guarded_repair,incumbent_cvar_relaxed_source_lp,155777609,126733849,1000.0,1000.0,-183.99229773466166,-186.9469746106631,2.954676876001429,977.3724221336518,842400.0,True,True,6.907218559226713e-06,0.8992165242165242,0,,,61436.563857358604,95283.01295947845,True,True,post_v161_one_drop_one_add_whole_loan_swap,post-v161 one-swap pricing only; not multi-swap or global proof,B,B,0,0,2,4,0,3,2019,2018,other,NJ
v63_source_repair_return_guarded_repair,incumbent_cvar_relaxed_source_lp,155777609,126416707,1000.0,1000.0,-183.99229773466166,-187.69320294656202,3.7009052119003627,978.1186504695507,842400.0,True,True,6.907218559226713e-06,0.8992165242165242,0,,,61435.79876268715,95282.0288412411,True,True,post_v161_one_drop_one_add_whole_loan_swap,post-v161 one-swap pricing only; not multi-swap or global proof,B,B,0,0,2,1,0,1,2019,2018,other,CA
v63_source_repair_return_guarded_repair,incumbent_cvar_relaxed_source_lp,155686800,127874931,1000.0,1000.0,-183.34513347006404,-186.9469746106631,3.601841140599049,978.0195863982494,842400.0,True,True,6.907218559226713e-06,0.8980294396961064,0,,,61608.56395544351,95441.81809391548,True,True,post_v161_one_drop_one_add_whole_loan_swap,post-v161 one-swap pricing only; not multi-swap or global proof,D,B,4,0,2,0,4,0,2019,2018,FL,MN
v63_source_repair_return_guarded_repair,incumbent_cvar_relaxed_source_lp,155686800,127672145,1000.0,1000.0,-183.34513347006404,-196.20083323856994,12.8556997685059,987.2734450261563,842400.0,True,True,6.907218559226713e-06,0.8992165242165242,0,,,61577.45654041882,95397.44777503022,True,True,post_v161_one_drop_one_add_whole_loan_swap,post-v161 one-swap pricing only; not multi-swap or global proof,D,C,4,1,2,0,4,2,2019,2018,FL,other
v63_source_repair_return_guarded_repair,incumbent_cvar_relaxed_source_lp,155686800,127475725,1000.0,1000.0,-183.34513347006404,-211.8282137432861,28.483080273222072,1002.9008255308725,842400.0,True,True,6.907218559226713e-06,0.8992165242165242,0,,,61551.56405945464,95365.34575677293,True,True,post_v161_one_drop_one_add_whole_loan_swap,post-v161 one-swap pricing only; not multi-swap or global proof,D,C,4,1,2,4,4,0,2019,2018,FL,AZ
v63_source_repair_return_guarded_repair,incumbent_cvar_relaxed_source_lp,155686800,127582382,1000.0,1000.0,-183.34513347006404,-205.52183833714096,22.17670486707692,996.5944501247272,842400.0,True,True,6.907218559226713e-06,0.8992165242165242,0,,,61493.58000527613,95287.01382252341,True,True,post_v161_one_drop_one_add_whole_loan_swap,post-v161 one-swap pricing only; not multi-swap or global proof,D,D,4,2,2,3,4,0,2019,2018,FL,CA
v63_source_repair_return_guarded_repair,incumbent_cvar_relaxed_source_lp,155686800,126820122,1000.0,1000.0,-183.34513347006404,-201.89545162414464,18.5503181540806,992.968063411731,842400.0,True,True,6.907218559226713e-06,0.8992165242165242,0,,,61536.8745014569,95349.07726067155,True,True,post_v161_one_drop_one_add_whole_loan_swap,post-v161 one-swap pricing only; not multi-swap or global proof,D,C,4,1,2,0,4,1,2019,2018,FL,other
v63_source_repair_return_guarded_repair,incumbent_cvar_relaxed_source_lp,155686800,126707528,1000.0,1000.0,-183.34513347006404,-226.37597165812684,43.0308381880628,1017.4485834457132,842400.0,True,True,6.907218559226713e-06,0.8992165242165242,0,,,61413.99673401304,95193.09765831674,True,True,post_v161_one_drop_one_add_whole_loan_swap,post-v161 one-swap pricing only; not multi-swap or global proof,D,E,4,3,2,1,4,0,2019,2018,FL,other
v63_source_repair_return_guarded_repair,incumbent_cvar_relaxed_source_lp,155686800,126733849,1000.0,1000.0,-183.34513347006404,-186.9469746106631,3.601841140599049,978.0195863982494,842400.0,True,True,6.907218559226713e-06,0.8980294396961064,0,,,61608.56395544351,95441.81809391548,True,True,post_v161_one_drop_one_add_whole_loan_swap,post-v161 one-swap pricing only; not multi-swap or global proof,D,B,4,0,2,4,4,3,2019,2018,FL,NJ
v63_source_repair_return_guarded_repair,incumbent_cvar_relaxed_source_lp,155686800,126652025,1000.0,1000.0,-183.34513347006404,-206.92821374328602,23.58308027322198,998.0008255308724,842400.0,True,True,6.907218559226713e-06,0.8992165242165242,0,,,61551.56405945464,95365.34575677293,True,True,post_v161_one_drop_one_add_whole_loan_swap,post-v161 one-swap pricing only; not multi-swap or global proof,D,C,4,1,2,3,4,1,2019,2018,FL,FL
v63_source_repair_return_guarded_repair,incumbent_cvar_relaxed_source_lp,155686800,126416707,1000.0,1000.0,-183.34513347006404,-187.69320294656202,4.348069476497983,978.7658147341483,842400.0,True,True,6.907218559226713e-06,0.8980294396961064,0,,,61607.798860772054,95440.8339756781,True,True,post_v161_one_drop_one_add_whole_loan_swap,post-v161 one-swap pricing only; not multi-swap or global proof,D,B,4,0,2,1,4,1,2019,2018,FL,CA
v63_source_repair_return_guarded_repair,incumbent_cvar_relaxed_source_lp,155686800,126419064,1000.0,1000.0,-183.34513347006404,-198.85427993768698,15.50914646762294,989.9268917252733,842400.0,True,True,6.907218559226713e-06,0.8992165242165242,0,,,61510.267978026546,95306.40885461085,True,True,post_v161_one_drop_one_add_whole_loan_swap,post-v161 one-swap pricing only; not multi-swap or global proof,D,D,4,2,2,4,4,1,2019,2018,FL,other
v63_source_repair_return_guarded_repair,incumbent_cvar_relaxed_source_lp,155686800,126409482,1000.0,1000.0,-183.34513347006404,-223.9633297987982,40.61819632873417,1015.0359415863845,842400.0,True,True,6.907218559226713e-06,0.8992165242165242,0,,,61534.14637191887,95346.40689573412,True,True,post_v161_one_drop_one_add_whole_loan_swap,post-v161 one-swap pricing only; not multi-swap or global proof,D,C,4,2,2,2,4,3,2019,2018,FL,other
v63_source_repair_return_guarded_repair,incumbent_cvar_relaxed_source_lp,155686800,166121358,1000.0,1000.0,-183.34513347006404,-212.03423240595197,28.689098935887927,1003.1068441935383,842400.0,True,True,6.907218559226713e-06,0.8992165242165242,0,,,61525.65058625089,95310.7364563779,True,True,post_v161_one_drop_one_add_whole_loan_swap,post-v161 one-swap pricing only; not multi-swap or global proof,D,C,4,2,2,3,4,0,2019,2020,FL,MD
v63_source_repair_return_guarded_repair,incumbent_cvar_relaxed_source_lp,155686800,169887690,1000.0,1000.0,-183.34513347006404,-221.11264407259083,37.767510602526784,1012.1852558601772,842400.0,True,True,6.907218559226713e-06,0.8992165242165242,0,,,61543.80127414998,95357.35716612727,True,True,post_v161_one_drop_one_add_whole_loan_swap,post-v161 one-swap pricing only; not multi-swap or global proof,D,B,4,1,2,0,4,3,2019,2020,FL,other
v63_source_repair_return_guarded_repair,incumbent_cvar_relaxed_source_lp,155686800,156823754,1000.0,1000.0,-183.34513347006404,-183.46022770133698,0.11509423127293417,974.5328394889233,842400.0,True,True,6.907218559226713e-06,0.8992165242165242,0,,,61510.681257892655,95228.99515708699,True,True,post_v161_one_drop_one_add_whole_loan_swap,post-v161 one-swap pricing only; not multi-swap or global proof,D,D,4,2,2,3,4,1,2019,2019,FL,CA
v63_source_repair_return_guarded_repair,incumbent_cvar_relaxed_source_lp,155199259,126707528,1000.0,1000.0,-223.86588042852495,-226.37597165812684,2.5100912296018976,976.9278364872523,842400.0,True,True,6.907218559226713e-06,0.8992165242165242,0,,,61290.001499162965,95050.10152775189,True,True,post_v161_one_drop_one_add_whole_loan_swap,post-v161 one-swap pricing only; not multi-swap or global proof,B,E,1,3,4,1,0,0,2019,2018,other,other
v63_source_repair_return_guarded_repair,incumbent_cvar_relaxed_source_lp,155199259,126409482,1000.0,1000.0,-223.86588042852495,-223.9633297987982,0.09744937027326728,974.5151946279236,842400.0,True,True,6.907218559226713e-06,0.8992165242165242,0,,,61410.15113706878,95203.41076516925,True,True,post_v161_one_drop_one_add_whole_loan_swap,post-v161 one-swap pricing only; not multi-swap or global proof,B,C,1,2,4,2,0,3,2019,2018,other,other
v63_source_repair_return_guarded_repair,incumbent_cvar_relaxed_source_lp,155606642,126523487,2000.0,2000.0,-341.7434053200198,-350.42656531605377,8.683159996033964,983.1009052536843,842400.0,True,True,6.907218559226713e-06,0.8992165242165242,0,,,61516.48182082156,95492.41156698483,True,True,post_v161_one_drop_one_add_whole_loan_swap,post-v161 one-swap pricing only; not multi-swap or global proof,D,C,2,1,4,4,0,1,2019,2018,other,CA
v63_source_repair_return_guarded_repair,incumbent_cvar_relaxed_source_lp,155606642,169005860,2000.0,2000.0,-341.7434053200198,-393.55925260534593,51.81584728532613,1026.2335925429766,842400.0,True,True,6.907218559226713e-06,0.8992165242165242,0,,,61463.34501716802,95439.39942290411,True,True,post_v161_one_drop_one_add_whole_loan_swap,post-v161 one-swap pricing only; not multi-swap or global proof,D,B,2,1,4,3,0,1,2019,2020,other,FL
v63_source_repair_return_guarded_repair,incumbent_cvar_relaxed_source_lp,155539228,127672145,1000.0,1000.0,-194.48426320525675,-196.20083323856994,1.7165700333131895,976.1343152909635,842400.0,True,True,6.907218559226713e-06,0.8992165242165242,0,,,61468.88333788691,95314.3068942984,True,True,post_v161_one_drop_one_add_whole_loan_swap,post-v161 one-swap pricing only; not multi-swap or global proof,C,C,1,1,2,0,0,2,2019,2018,other,other
v63_source_repair_return_guarded_repair,incumbent_cvar_relaxed_source_lp,155539228,127475725,1000.0,1000.0,-194.48426320525675,-211.8282137432861,17.34395053802936,991.7616957956798,842400.0,True,True,6.907218559226713e-06,0.8992165242165242,0,,,61442.99085692273,95282.2048760411,True,True,post_v161_one_drop_one_add_whole_loan_swap,post-v161 one-swap pricing only; not multi-swap or global proof,C,C,1,1,2,4,0,0,2019,2018,other,AZ
v63_source_repair_return_guarded_repair,incumbent_cvar_relaxed_source_lp,155539228,127582382,1000.0,1000.0,-194.48426320525675,-205.52183833714096,11.03757513188421,985.4553203895346,842400.0,True,True,6.907218559226713e-06,0.8992165242165242,0,,,61385.00680274422,95203.87294179156,True,True,post_v161_one_drop_one_add_whole_loan_swap,post-v161 one-swap pricing only; not multi-swap or global proof,C,D,1,2,2,3,0,0,2019,2018,other,CA
v63_source_repair_return_guarded_repair,incumbent_cvar_relaxed_source_lp,155539228,126820122,1000.0,1000.0,-194.48426320525675,-201.89545162414464,7.411188418887889,981.8289336765383,842400.0,True,True,6.907218559226713e-06,0.8992165242165242,0,,,61428.301298924984,95265.93637993968,True,True,post_v161_one_drop_one_add_whole_loan_swap,post-v161 one-swap pricing only; not multi-swap or global proof,C,C,1,1,2,0,0,1,2019,2018,other,other
v63_source_repair_return_guarded_repair,incumbent_cvar_relaxed_source_lp,155539228,126707528,1000.0,1000.0,-194.48426320525675,-226.37597165812684,31.89170845287009,1006.3094537105205,842400.0,True,True,6.907218559226713e-06,0.8992165242165242,0,,,61305.42353148113,95109.9567775849,True,True,post_v161_one_drop_one_add_whole_loan_swap,post-v161 one-swap pricing only; not multi-swap or global proof,C,E,1,3,2,1,0,0,2019,2018,other,other
v63_source_repair_return_guarded_repair,incumbent_cvar_relaxed_source_lp,155539228,126652025,1000.0,1000.0,-194.48426320525675,-206.92821374328602,12.44395053802927,986.8616957956797,842400.0,True,True,6.907218559226713e-06,0.8992165242165242,0,,,61442.99085692273,95282.2048760411,True,True,post_v161_one_drop_one_add_whole_loan_swap,post-v161 one-swap pricing only; not multi-swap or global proof,C,C,1,1,2,3,0,1,2019,2018,other,FL
v63_source_repair_return_guarded_repair,incumbent_cvar_relaxed_source_lp,155539228,126419064,1000.0,1000.0,-194.48426320525675,-198.85427993768698,4.37001673243023,978.7877619900806,842400.0,True,True,6.907218559226713e-06,0.8992165242165242,0,,,61401.69477549463,95223.26797387902,True,True,post_v161_one_drop_one_add_whole_loan_swap,post-v161 one-swap pricing only; not multi-swap or global proof,C,D,1,2,2,4,0,1,2019,2018,other,other
v63_source_repair_return_guarded_repair,incumbent_cvar_relaxed_source_lp,155539228,126409482,1000.0,1000.0,-194.48426320525675,-223.9633297987982,29.47906659354146,1003.8968118511918,842400.0,True,True,6.907218559226713e-06,0.8992165242165242,0,,,61425.573169386946,95263.26601500227,True,True,post_v161_one_drop_one_add_whole_loan_swap,post-v161 one-swap pricing only; not multi-swap or global proof,C,C,1,2,2,2,0,3,2019,2018,other,other
v63_source_repair_return_guarded_repair,incumbent_cvar_relaxed_source_lp,155539228,166121358,1000.0,1000.0,-194.48426320525675,-212.03423240595197,17.549969200695216,991.9677144583457,842400.0,True,True,6.907218559226713e-06,0.8992165242165242,0,,,61417.07738371898,95227.59557564605,True,True,post_v161_one_drop_one_add_whole_loan_swap,post-v161 one-swap pricing only; not multi-swap or global proof,C,C,1,2,2,3,0,0,2019,2020,other,MD
v63_source_repair_return_guarded_repair,incumbent_cvar_relaxed_source_lp,155539228,169887690,1000.0,1000.0,-194.48426320525675,-221.11264407259083,26.628380867334073,1001.0461261249844,842400.0,True,True,6.907218559226713e-06,0.8992165242165242,0,,,61435.228071618054,95274.21628539542,True,True,post_v161_one_drop_one_add_whole_loan_swap,post-v161 one-swap pricing only; not multi-swap or global proof,C,B,1,1,2,0,0,3,2019,2020,other,other
v63_source_repair_return_guarded_repair,incumbent_cvar_relaxed_source_lp,155498412,126707528,1000.0,1000.0,-226.07257765821413,-226.37597165812684,0.3033939999127142,974.7211392575631,842400.0,True,True,6.907218559226713e-06,0.8992165242165242,0,,,61329.261442298775,95113.52145273326,True,True,post_v161_one_drop_one_add_whole_loan_swap,post-v161 one-swap pricing only; not multi-swap or global proof,C,E,2,3,1,1,2,0,2019,2018,TX,other
v63_source_repair_return_guarded_repair,incumbent_cvar_relaxed_source_lp,155329047,126483031,1200.0,1200.0,-193.93432447096833,-200.480236756332,6.54591228536367,980.963657543014,842400.0,True,True,6.907218559226713e-06,0.8992165242165242,0,,,61439.06316026502,95303.65391318052,True,True,post_v161_one_drop_one_add_whole_loan_swap,post-v161 one-swap pricing only; not multi-swap or global proof,B,B,0,0,4,2,2,0,2019,2018,other,FL
v63_source_repair_return_guarded_repair,incumbent_cvar_relaxed_source_lp,155252343,127874931,1000.0,1000.0,-170.8717026600099,-186.9469746106631,16.07527195065319,990.4930172083036,842400.0,True,True,6.907218559226713e-06,0.8980294396961064,0,,,61506.02797007858,95401.60942437293,True,True,post_v161_one_drop_one_add_whole_loan_swap,post-v161 one-swap pricing only; not multi-swap or global proof,D,B,2,0,3,0,3,0,2019,2018,other,MN
v63_source_repair_return_guarded_repair,incumbent_cvar_relaxed_source_lp,155252343,127672145,1000.0,1000.0,-170.8717026600099,-196.20083323856994,25.32913057856004,999.7468758362104,842400.0,True,True,6.907218559226713e-06,0.8992165242165242,0,,,61474.920555053905,95357.23910548768,True,True,post_v161_one_drop_one_add_whole_loan_swap,post-v161 one-swap pricing only; not multi-swap or global proof,D,C,2,1,3,0,3,2,2019,2018,other,other
v63_source_repair_return_guarded_repair,incumbent_cvar_relaxed_source_lp,155252343,127475725,1000.0,1000.0,-170.8717026600099,-211.8282137432861,40.95651108327621,1015.3742563409266,842400.0,True,True,6.907218559226713e-06,0.8992165242165242,0,,,61449.028074089714,95325.1370872304,True,True,post_v161_one_drop_one_add_whole_loan_swap,post-v161 one-swap pricing only; not multi-swap or global proof,D,C,2,1,3,4,3,0,2019,2018,other,AZ
v63_source_repair_return_guarded_repair,incumbent_cvar_relaxed_source_lp,155252343,127582382,1000.0,1000.0,-170.8717026600099,-205.52183833714096,34.65013567713106,1009.0678809347814,842400.0,True,True,6.907218559226713e-06,0.8992165242165242,0,,,61391.044019911205,95246.80515298086,True,True,post_v161_one_drop_one_add_whole_loan_swap,post-v161 one-swap pricing only; not multi-swap or global proof,D,D,2,2,3,3,3,0,2019,2018,other,CA
v63_source_repair_return_guarded_repair,incumbent_cvar_relaxed_source_lp,155252343,126827839,1000.0,1000.0,-170.8717026600099,-175.77898463113021,4.907281971120312,979.3250272287708,842400.0,True,True,6.907218559226713e-06,0.8992165242165242,0,,,61372.81765130865,95215.4485245729,True,True,post_v161_one_drop_one_add_whole_loan_swap,post-v161 one-swap pricing only; not multi-swap or global proof,D,E,2,2,3,0,3,4,2019,2018,other,other
v63_source_repair_return_guarded_repair,incumbent_cvar_relaxed_source_lp,155252343,126820122,1000.0,1000.0,-170.8717026600099,-201.89545162414464,31.02374896413474,1005.4414942217851,842400.0,True,True,6.907218559226713e-06,0.8992165242165242,0,,,61434.33851609197,95308.86859112898,True,True,post_v161_one_drop_one_add_whole_loan_swap,post-v161 one-swap pricing only; not multi-swap or global proof,D,C,2,1,3,0,3,1,2019,2018,other,other
v63_source_repair_return_guarded_repair,incumbent_cvar_relaxed_source_lp,155252343,126707528,1000.0,1000.0,-170.8717026600099,-226.37597165812684,55.50426899811694,1029.9220142557674,842400.0,True,True,6.907218559226713e-06,0.8992165242165242,0,,,61311.460748648125,95152.88898877418,True,True,post_v161_one_drop_one_add_whole_loan_swap,post-v161 one-swap pricing only; not multi-swap or global proof,D,E,2,3,3,1,3,0,2019,2018,other,other
v63_source_repair_return_guarded_repair,incumbent_cvar_relaxed_source_lp,155252343,126733849,1000.0,1000.0,-170.8717026600099,-186.9469746106631,16.07527195065319,990.4930172083036,842400.0,True,True,6.907218559226713e-06,0.8980294396961064,0,,,61506.02797007858,95401.60942437293,True,True,post_v161_one_drop_one_add_whole_loan_swap,post-v161 one-swap pricing only; not multi-swap or global proof,D,B,2,0,3,4,3,3,2019,2018,other,NJ
v63_source_repair_return_guarded_repair,incumbent_cvar_relaxed_source_lp,155252343,126652025,1000.0,1000.0,-170.8717026600099,-206.92821374328602,36.05651108327612,1010.4742563409266,842400.0,True,True,6.907218559226713e-06,0.8992165242165242,0,,,61449.028074089714,95325.1370872304,True,True,post_v161_one_drop_one_add_whole_loan_swap,post-v161 one-swap pricing only; not multi-swap or global proof,D,C,2,1,3,3,3,1,2019,2018,other,FL
v63_source_repair_return_guarded_repair,incumbent_cvar_relaxed_source_lp,155252343,126416707,1000.0,1000.0,-170.8717026600099,-187.69320294656202,16.821500286552123,991.2392455442025,842400.0,True,True,6.907218559226713e-06,0.8980294396961064,0,,,61505.26287540713,95400.62530613554,True,True,post_v161_one_drop_one_add_whole_loan_swap,post-v161 one-swap pricing only; not multi-swap or global proof,D,B,2,0,3,1,3,1,2019,2018,other,CA
v63_source_repair_return_guarded_repair,incumbent_cvar_relaxed_source_lp,155252343,126419064,1000.0,1000.0,-170.8717026600099,-198.85427993768698,27.98257727767708,1002.4003225353274,842400.0,True,True,6.907218559226713e-06,0.8992165242165242,0,,,61407.73199266162,95266.20018506832,True,True,post_v161_one_drop_one_add_whole_loan_swap,post-v161 one-swap pricing only; not multi-swap or global proof,D,D,2,2,3,4,3,1,2019,2018,other,other
v63_source_repair_return_guarded_repair,incumbent_cvar_relaxed_source_lp,155252343,126409482,1000.0,1000.0,-170.8717026600099,-223.9633297987982,53.09162713878831,1027.5093723964387,842400.0,True,True,6.907218559226713e-06,0.8992165242165242,0,,,61431.61038655394,95306.19822619155,True,True,post_v161_one_drop_one_add_whole_loan_swap,post-v161 one-swap pricing only; not multi-swap or global proof,D,C,2,2,3,2,3,3,2019,2018,other,other
v63_source_repair_return_guarded_repair,incumbent_cvar_relaxed_source_lp,155252343,166121358,1000.0,1000.0,-170.8717026600099,-212.03423240595197,41.16252974594207,1015.5802750035924,842400.0,True,True,6.907218559226713e-06,0.8992165242165242,0,,,61423.11460088597,95270.52778683534,True,True,post_v161_one_drop_one_add_whole_loan_swap,post-v161 one-swap pricing only; not multi-swap or global proof,D,C,2,2,3,3,3,0,2019,2020,other,MD
v63_source_repair_return_guarded_repair,incumbent_cvar_relaxed_source_lp,155252343,168701788,1000.0,1000.0,-170.8717026600099,-178.5860397151734,7.714337055163497,982.1320823128138,842400.0,True,True,6.907218559226713e-06,0.8992165242165242,0,,,61426.60715434581,95275.89791108537,True,True,post_v161_one_drop_one_add_whole_loan_swap,post-v161 one-swap pricing only; not multi-swap or global proof,D,C,2,1,3,3,3,1,2019,2020,other,TX
v63_source_repair_return_guarded_repair,incumbent_cvar_relaxed_source_lp,155252343,169887690,1000.0,1000.0,-170.8717026600099,-221.11264407259083,50.24094141258092,1024.6586866702314,842400.0,True,True,6.907218559226713e-06,0.8992165242165242,0,,,61441.26528878505,95317.14849658472,True,True,post_v161_one_drop_one_add_whole_loan_swap,post-v161 one-swap pricing only; not multi-swap or global proof,D,B,2,1,3,0,3,3,2019,2020,other,other
v63_source_repair_return_guarded_repair,incumbent_cvar_relaxed_source_lp,155252343,169358871,1000.0,1000.0,-170.8717026600099,-177.86634212741987,6.994639467409968,981.4123847250603,842400.0,True,True,6.907218559226713e-06,0.8992165242165242,0,,,61436.37817167855,95263.47287604553,True,True,post_v161_one_drop_one_add_whole_loan_swap,post-v161 one-swap pricing only; not multi-swap or global proof,D,C,2,1,3,3,3,0,2019,2020,other,VA
v63_source_repair_return_guarded_repair,incumbent_cvar_relaxed_source_lp,155252343,139506195,1000.0,1000.0,-170.8717026600099,-177.67809625327766,6.806393593267757,981.2241388509182,842400.0,True,True,6.907218559226713e-06,0.8992165242165242,0,,,61410.54349162713,95209.6912509251,True,True,post_v161_one_drop_one_add_whole_loan_swap,post-v161 one-swap pricing only; not multi-swap or global proof,D,D,2,2,3,2,3,0,2019,2018,other,CA
v63_source_repair_return_guarded_repair,incumbent_cvar_relaxed_source_lp,155252343,156823754,1000.0,1000.0,-170.8717026600099,-183.46022770133698,12.588525041327074,987.0062702989775,842400.0,True,True,6.907218559226713e-06,0.8992165242165242,0,,,61408.14527252774,95188.78648754442,True,True,post_v161_one_drop_one_add_whole_loan_swap,post-v161 one-swap pricing only; not multi-swap or global proof,D,D,2,2,3,3,3,1,2019,2019,other,CA
v63_source_repair_return_guarded_repair,incumbent_cvar_relaxed_source_lp,155252343,156807668,1000.0,1000.0,-170.8717026600099,-175.85010442413147,4.978401764121571,979.396147021772,842400.0,True,True,6.907218559226713e-06,0.8992165242165242,0,,,61435.57876688645,95217.0628479221,True,True,post_v161_one_drop_one_add_whole_loan_swap,post-v161 one-swap pricing only; not multi-swap or global proof,D,D,2,2,3,0,3,0,2019,2019,other,TX
v63_source_repair_return_guarded_repair,incumbent_cvar_relaxed_source_lp,155156578,127475725,1000.0,1000.0,-205.94148606357396,-211.8282137432861,5.886727679712152,980.3044729373626,842400.0,True,True,6.907218559226713e-06,0.8992165242165242,0,,,61462.8025873535,95285.23007111897,True,True,post_v161_one_drop_one_add_whole_loan_swap,post-v161 one-swap pricing only; not multi-swap or global proof,C,C,2,1,4,4,0,0,2019,2018,VA,AZ
v63_source_repair_return_guarded_repair,incumbent_cvar_relaxed_source_lp,155156578,126707528,1000.0,1000.0,-205.94148606357396,-226.37597165812684,20.434485594552882,994.8522308522033,842400.0,True,True,6.907218559226713e-06,0.8992165242165242,0,,,61325.23526191191,95112.98197266279,True,True,post_v161_one_drop_one_add_whole_loan_swap,post-v161 one-swap pricing only; not multi-swap or global proof,C,E,2,3,4,1,0,0,2019,2018,VA,other
v63_source_repair_return_guarded_repair,incumbent_cvar_relaxed_source_lp,155156578,126652025,1000.0,1000.0,-205.94148606357396,-206.92821374328602,0.986727679712061,975.4044729373625,842400.0,True,True,6.907218559226713e-06,0.8992165242165242,0,,,61462.8025873535,95285.23007111897,True,True,post_v161_one_drop_one_add_whole_loan_swap,post-v161 one-swap pricing only; not multi-swap or global proof,C,C,2,1,4,3,0,1,2019,2018,VA,FL
v63_source_repair_return_guarded_repair,incumbent_cvar_relaxed_source_lp,155156578,126409482,1000.0,1000.0,-205.94148606357396,-223.9633297987982,18.02184373522425,992.4395889928746,842400.0,True,True,6.907218559226713e-06,0.8992165242165242,0,,,61445.38489981773,95266.29121008016,True,True,post_v161_one_drop_one_add_whole_loan_swap,post-v161 one-swap pricing only; not multi-swap or global proof,C,C,2,2,4,2,0,3,2019,2018,VA,other
v63_source_repair_return_guarded_repair,incumbent_cvar_relaxed_source_lp,155156578,166121358,1000.0,1000.0,-205.94148606357396,-212.03423240595197,6.092746342378007,980.5104916000284,842400.0,True,True,6.907218559226713e-06,0.8992165242165242,0,,,61436.88911414976,95230.62077072394,True,True,post_v161_one_drop_one_add_whole_loan_swap,post-v161 one-swap pricing only; not multi-swap or global proof,C,C,2,2,4,3,0,0,2019,2020,VA,MD
v63_source_repair_return_guarded_repair,incumbent_cvar_relaxed_source_lp,155156578,169887690,1000.0,1000.0,-205.94148606357396,-221.11264407259083,15.171158009016864,989.5889032666672,842400.0,True,True,6.907218559226713e-06,0.8992165242165242,0,,,61455.039802048836,95277.2414804733,True,True,post_v161_one_drop_one_add_whole_loan_swap,post-v161 one-swap pricing only; not multi-swap or global proof,C,B,2,1,4,0,0,3,2019,2020,VA,other
v63_source_repair_return_guarded_repair,incumbent_cvar_relaxed_source_lp,153948584,127011905,1500.0,1500.0,-309.583504095352,-310.3923206149292,0.8088165195771921,975.2265617772275,842400.0,True,True,6.907218559226713e-06,0.8992165242165242,0,,,61428.80283581607,95308.94807173194,True,True,post_v161_one_drop_one_add_whole_loan_swap,post-v161 one-swap pricing only; not multi-swap or global proof,C,C,1,1,3,2,0,2,2019,2018,other,other
v63_source_repair_return_guarded_repair,incumbent_cvar_relaxed_source_lp,153948584,126620912,1500.0,1500.0,-309.583504095352,-319.768173516142,10.184669420789987,984.6024146784404,842400.0,True,True,6.907218559226713e-06,0.8992165242165242,0,,,61481.493975917874,95383.87704952373,True,True,post_v161_one_drop_one_add_whole_loan_swap,post-v161 one-swap pricing only; not multi-swap or global proof,C,B,1,1,3,0,0,0,2019,2018,other,other
v63_source_repair_return_guarded_repair,incumbent_cvar_relaxed_source_lp,153948584,167713836,1500.0,1500.0,-309.583504095352,-323.27724824243177,13.69374414707977,988.1114894047302,842400.0,True,True,6.907218559226713e-06,0.8992165242165242,0,,,61398.0466452448,95234.1421075239,True,True,post_v161_one_drop_one_add_whole_loan_swap,post-v161 one-swap pricing only; not multi-swap or global proof,C,C,1,1,3,1,0,4,2019,2020,other,other
v63_source_repair_return_guarded_repair,incumbent_cvar_relaxed_source_lp,154899738,127874931,1000.0,1000.0,-171.01136866654105,-186.9469746106631,15.935605944122045,990.3533512017724,842400.0,True,True,6.907218559226713e-06,0.8980294396961064,0,,,61437.300999294646,95283.75096897018,True,True,post_v161_one_drop_one_add_whole_loan_swap,post-v161 one-swap pricing only; not multi-swap or global proof,B,B,1,0,0,0,0,0,2019,2018,other,MN
v63_source_repair_return_guarded_repair,incumbent_cvar_relaxed_source_lp,154899738,127672145,1000.0,1000.0,-171.01136866654105,-196.20083323856994,25.189464572028896,999.6072098296793,842400.0,True,True,6.907218559226713e-06,0.8992165242165242,0,,,61406.19358426997,95239.38065008492,True,True,post_v161_one_drop_one_add_whole_loan_swap,post-v161 one-swap pricing only; not multi-swap or global proof,B,C,1,1,0,0,0,2,2019,2018,other,other
v63_source_repair_return_guarded_repair,incumbent_cvar_relaxed_source_lp,154899738,127475725,1000.0,1000.0,-171.01136866654105,-211.8282137432861,40.81684507674507,1015.2345903343954,842400.0,True,True,6.907218559226713e-06,0.8992165242165242,0,,,61380.301103305785,95207.27863182762,True,True,post_v161_one_drop_one_add_whole_loan_swap,post-v161 one-swap pricing only; not multi-swap or global proof,B,C,1,1,0,4,0,0,2019,2018,other,AZ
v63_source_repair_return_guarded_repair,incumbent_cvar_relaxed_source_lp,154899738,127582382,1000.0,1000.0,-171.01136866654105,-205.52183833714096,34.51046967059992,1008.9282149282503,842400.0,True,True,6.907218559226713e-06,0.8992165242165242,0,,,61322.317049127276,95128.94669757808,True,True,post_v161_one_drop_one_add_whole_loan_swap,post-v161 one-swap pricing only; not multi-swap or global proof,B,D,1,2,0,3,0,0,2019,2018,other,CA
v63_source_repair_return_guarded_repair,incumbent_cvar_relaxed_source_lp,154899738,126827839,1000.0,1000.0,-171.01136866654105,-175.77898463113021,4.767615964589169,979.1853612222395,842400.0,True,True,6.907218559226713e-06,0.8992165242165242,0,,,61304.09068052471,95097.59006917012,True,True,post_v161_one_drop_one_add_whole_loan_swap,post-v161 one-swap pricing only; not multi-swap or global proof,B,E,1,2,0,0,0,4,2019,2018,other,other
v63_source_repair_return_guarded_repair,incumbent_cvar_relaxed_source_lp,154899738,126820122,1000.0,1000.0,-171.01136866654105,-201.89545162414464,30.884082957603596,1005.301828215254,842400.0,True,True,6.907218559226713e-06,0.8992165242165242,0,,,61365.61154530804,95191.0101357262,True,True,post_v161_one_drop_one_add_whole_loan_swap,post-v161 one-swap pricing only; not multi-swap or global proof,B,C,1,1,0,0,0,1,2019,2018,other,other
v63_source_repair_return_guarded_repair,incumbent_cvar_relaxed_source_lp,154899738,126707528,1000.0,1000.0,-171.01136866654105,-226.37597165812684,55.3646029915858,1029.7823482492363,842400.0,True,True,6.907218559226713e-06,0.8992165242165242,0,,,61242.73377786419,95035.03053337142,True,True,post_v161_one_drop_one_add_whole_loan_swap,post-v161 one-swap pricing only; not multi-swap or global proof,B,E,1,3,0,1,0,0,2019,2018,other,other
v63_source_repair_return_guarded_repair,incumbent_cvar_relaxed_source_lp,154899738,126733849,1000.0,1000.0,-171.01136866654105,-186.9469746106631,15.935605944122045,990.3533512017724,842400.0,True,True,6.907218559226713e-06,0.8980294396961064,0,,,61437.300999294646,95283.75096897018,True,True,post_v161_one_drop_one_add_whole_loan_swap,post-v161 one-swap pricing only; not multi-swap or global proof,B,B,1,0,0,4,0,3,2019,2018,other,NJ
v63_source_repair_return_guarded_repair,incumbent_cvar_relaxed_source_lp,154899738,126652025,1000.0,1000.0,-171.01136866654105,-206.92821374328602,35.91684507674498,1010.3345903343953,842400.0,True,True,6.907218559226713e-06,0.8992165242165242,0,,,61380.301103305785,95207.27863182762,True,True,post_v161_one_drop_one_add_whole_loan_swap,post-v161 one-swap pricing only; not multi-swap or global proof,B,C,1,1,0,3,0,1,2019,2018,other,FL
v63_source_repair_return_guarded_repair,incumbent_cvar_relaxed_source_lp,154899738,126416707,1000.0,1000.0,-171.01136866654105,-187.69320294656202,16.68183428002098,991.0995795376714,842400.0,True,True,6.907218559226713e-06,0.8980294396961064,0,,,61436.5359046232,95282.76685073279,True,True,post_v161_one_drop_one_add_whole_loan_swap,post-v161 one-swap pricing only; not multi-swap or global proof,B,B,1,0,0,1,0,1,2019,2018,other,CA
v63_source_repair_return_guarded_repair,incumbent_cvar_relaxed_source_lp,154899738,126419064,1000.0,1000.0,-171.01136866654105,-198.85427993768698,27.842911271145937,1002.2606565287963,842400.0,True,True,6.907218559226713e-06,0.8992165242165242,0,,,61339.00502187769,95148.34172966555,True,True,post_v161_one_drop_one_add_whole_loan_swap,post-v161 one-swap pricing only; not multi-swap or global proof,B,D,1,2,0,4,0,1,2019,2018,other,other
v63_source_repair_return_guarded_repair,incumbent_cvar_relaxed_source_lp,154899738,126409482,1000.0,1000.0,-171.01136866654105,-223.9633297987982,52.95196113225717,1027.3697063899076,842400.0,True,True,6.907218559226713e-06,0.8992165242165242,0,,,61362.883415770004,95188.33977078879,True,True,post_v161_one_drop_one_add_whole_loan_swap,post-v161 one-swap pricing only; not multi-swap or global proof,B,C,1,2,0,2,0,3,2019,2018,other,other
v63_source_repair_return_guarded_repair,incumbent_cvar_relaxed_source_lp,154899738,166121358,1000.0,1000.0,-171.01136866654105,-212.03423240595197,41.02286373941092,1015.4406089970613,842400.0,True,True,6.907218559226713e-06,0.8992165242165242,0,,,61354.387630102035,95152.66933143257,True,True,post_v161_one_drop_one_add_whole_loan_swap,post-v161 one-swap pricing only; not multi-swap or global proof,B,C,1,2,0,3,0,0,2019,2020,other,MD
v63_source_repair_return_guarded_repair,incumbent_cvar_relaxed_source_lp,154899738,168701788,1000.0,1000.0,-171.01136866654105,-178.5860397151734,7.574671048632354,981.9924163062827,842400.0,True,True,6.907218559226713e-06,0.8992165242165242,0,,,61357.88018356188,95158.03945568258,True,True,post_v161_one_drop_one_add_whole_loan_swap,post-v161 one-swap pricing only; not multi-swap or global proof,B,C,1,1,0,3,0,1,2019,2020,other,TX
v63_source_repair_return_guarded_repair,incumbent_cvar_relaxed_source_lp,154899738,169887690,1000.0,1000.0,-171.01136866654105,-221.11264407259083,50.10127540604978,1024.5190206637,842400.0,True,True,6.907218559226713e-06,0.8992165242165242,0,,,61372.538318001105,95199.29004118194,True,True,post_v161_one_drop_one_add_whole_loan_swap,post-v161 one-swap pricing only; not multi-swap or global proof,B,B,1,1,0,0,0,3,2019,2020,other,other
v63_source_repair_return_guarded_repair,incumbent_cvar_relaxed_source_lp,154899738,169358871,1000.0,1000.0,-171.01136866654105,-177.86634212741987,6.854973460878824,981.2727187185292,842400.0,True,True,6.907218559226713e-06,0.8992165242165242,0,,,61367.651200894616,95145.61442064277,True,True,post_v161_one_drop_one_add_whole_loan_swap,post-v161 one-swap pricing only; not multi-swap or global proof,B,C,1,1,0,3,0,0,2019,2020,other,VA
v63_source_repair_return_guarded_repair,incumbent_cvar_relaxed_source_lp,154899738,139506195,1000.0,1000.0,-171.01136866654105,-177.67809625327766,6.666727586736613,981.0844728443869,842400.0,True,True,6.907218559226713e-06,0.8992165242165242,0,,,61341.81652084321,95091.83279552232,True,True,post_v161_one_drop_one_add_whole_loan_swap,post-v161 one-swap pricing only; not multi-swap or global proof,B,D,1,2,0,2,0,0,2019,2018,other,CA
v63_source_repair_return_guarded_repair,incumbent_cvar_relaxed_source_lp,154899738,156823754,1000.0,1000.0,-171.01136866654105,-183.46022770133698,12.44885903479593,986.8666042924463,842400.0,True,True,6.907218559226713e-06,0.8992165242165242,0,,,61339.4183017438,95070.92803214166,True,True,post_v161_one_drop_one_add_whole_loan_swap,post-v161 one-swap pricing only; not multi-swap or global proof,B,D,1,2,0,3,0,1,2019,2019,other,CA
v63_source_repair_return_guarded_repair,incumbent_cvar_relaxed_source_lp,154899738,156807668,1000.0,1000.0,-171.01136866654105,-175.85010442413147,4.8387357575904275,979.2564810152408,842400.0,True,True,6.907218559226713e-06,0.8992165242165242,0,,,61366.851796102506,95099.20439251933,True,True,post_v161_one_drop_one_add_whole_loan_swap,post-v161 one-swap pricing only; not multi-swap or global proof,B,D,1,2,0,0,0,0,2019,2019,other,TX
v63_source_repair_return_guarded_repair,incumbent_cvar_relaxed_source_lp,154756272,127011905,1600.0,1500.0,-260.2259489812721,-310.3923206149292,50.16637163365709,1024.5841168913075,842500.0,True,True,0.00010816869840624133,0.8991097922848664,0,,,61448.11072718112,95349.5640256634,True,True,post_v161_one_drop_one_add_whole_loan_swap,post-v161 one-swap pricing only; not multi-swap or global proof,C,C,1,1,2,2,1,2,2019,2018,NC,other
v63_source_repair_return_guarded_repair,incumbent_cvar_relaxed_source_lp,154756272,126620912,1600.0,1500.0,-260.2259489812721,-319.768173516142,59.54222453486989,1033.9599697925203,842500.0,True,True,0.00010816869840624133,0.8991097922848664,0,,,61500.80186728292,95424.49300345524,True,True,post_v161_one_drop_one_add_whole_loan_swap,post-v161 one-swap pricing only; not multi-swap or global proof,C,B,1,1,2,0,1,0,2019,2018,NC,other
v63_source_repair_return_guarded_repair,incumbent_cvar_relaxed_source_lp,154756272,167713836,1600.0,1500.0,-260.2259489812721,-323.27724824243177,63.05129926115967,1037.46904451881,842500.0,True,True,0.00010816869840624133,0.8991097922848664,0,,,61417.35453660985,95274.7580614554,True,True,post_v161_one_drop_one_add_whole_loan_swap,post-v161 one-swap pricing only; not multi-swap or global proof,C,C,1,1,2,1,1,4,2019,2020,NC,other
v63_source_repair_return_guarded_repair,incumbent_cvar_relaxed_source_lp,154704863,126707528,1200.0,1000.0,-220.01416016407694,-226.37597165812684,6.361811494049903,980.7795567517003,842600.0,True,True,0.00020940614277265013,0.8990030856871588,0,,,61507.89015460013,95319.37196784263,True,True,post_v161_one_drop_one_add_whole_loan_swap,post-v161 one-swap pricing only; not multi-swap or global proof,D,E,4,3,3,1,3,0,2019,2018,NJ,other
v63_source_repair_return_guarded_repair,incumbent_cvar_relaxed_source_lp,154704863,126409482,1200.0,1000.0,-220.01416016407694,-223.9633297987982,3.9491696347212724,978.3669148923716,842600.0,True,True,0.00020940614277265013,0.8990030856871588,0,,,61628.039792505944,95472.68120526001,True,True,post_v161_one_drop_one_add_whole_loan_swap,post-v161 one-swap pricing only; not multi-swap or global proof,D,C,4,2,3,2,3,3,2019,2018,NJ,other
v63_source_repair_return_guarded_repair,incumbent_cvar_relaxed_source_lp,154704863,169887690,1200.0,1000.0,-220.01416016407694,-221.11264407259083,1.0984839085138844,975.5162291661643,842600.0,True,True,0.00020940614277265013,0.8990030856871588,0,,,61637.69469473706,95483.63147565314,True,True,post_v161_one_drop_one_add_whole_loan_swap,post-v161 one-swap pricing only; not multi-swap or global proof,D,B,4,1,3,0,3,3,2019,2020,NJ,other
v63_source_repair_return_guarded_repair,incumbent_cvar_relaxed_source_lp,154174938,127011905,1500.0,1500.0,-290.2695076691866,-310.3923206149292,20.122812945742567,994.540558203393,842400.0,True,True,6.907218559226713e-06,0.8992165242165242,0,,,61494.86723773364,95417.75594776691,True,True,post_v161_one_drop_one_add_whole_loan_swap,post-v161 one-swap pricing only; not multi-swap or global proof,D,C,2,1,3,2,2,2,2019,2018,TX,other
v63_source_repair_return_guarded_repair,incumbent_cvar_relaxed_source_lp,154174938,126620912,1500.0,1500.0,-290.2695076691866,-319.768173516142,29.49866584695536,1003.9164111046057,842400.0,True,True,6.907218559226713e-06,0.8992165242165242,0,,,61547.55837783546,95492.68492555871,True,True,post_v161_one_drop_one_add_whole_loan_swap,post-v161 one-swap pricing only; not multi-swap or global proof,D,B,2,1,3,0,2,0,2019,2018,TX,other
v63_source_repair_return_guarded_repair,incumbent_cvar_relaxed_source_lp,154174938,167713836,1500.0,1500.0,-290.2695076691866,-323.27724824243177,33.007740573245144,1007.4254858308955,842400.0,True,True,6.907218559226713e-06,0.8992165242165242,0,,,61464.111047162376,95342.94998355888,True,True,post_v161_one_drop_one_add_whole_loan_swap,post-v161 one-swap pricing only; not multi-swap or global proof,D,C,2,1,3,1,2,4,2019,2020,TX,other
v63_source_repair_return_guarded_repair,incumbent_cvar_relaxed_source_lp,164134237,127011905,1500.0,1500.0,-297.0108358511359,-310.3923206149292,13.38148476379331,987.7992300214437,842400.0,True,True,6.907218559226713e-06,0.8992165242165242,0,,,61510.226264195895,95428.63593291401,True,True,post_v161_one_drop_one_add_whole_loan_swap,post-v161 one-swap pricing only; not multi-swap or global proof,D,C,2,1,3,2,3,2,2019,2018,other,other
v63_source_repair_return_guarded_repair,incumbent_cvar_relaxed_source_lp,164134237,126620912,1500.0,1500.0,-297.0108358511359,-319.768173516142,22.757337665006105,997.1750829226564,842400.0,True,True,6.907218559226713e-06,0.8992165242165242,0,,,61562.91740429771,95503.56491070584,True,True,post_v161_one_drop_one_add_whole_loan_swap,post-v161 one-swap pricing only; not multi-swap or global proof,D,B,2,1,3,0,3,0,2019,2018,other,other
v63_source_repair_return_guarded_repair,incumbent_cvar_relaxed_source_lp,164134237,167713836,1500.0,1500.0,-297.0108358511359,-323.27724824243177,26.266412391295887,1000.6841576489462,842400.0,True,True,6.907218559226713e-06,0.8992165242165242,0,,,61479.47007362463,95353.829968706,True,True,post_v161_one_drop_one_add_whole_loan_swap,post-v161 one-swap pricing only; not multi-swap or global proof,D,C,2,1,3,1,3,4,2019,2020,other,other
v63_source_repair_return_guarded_repair,incumbent_cvar_relaxed_source_lp,163978066,127011905,1600.0,1500.0,-307.89318093231816,-310.3923206149292,2.4991396826110304,976.9168849402614,842500.0,True,True,0.00010816869840624133,0.8991097922848664,0,,,61484.00713884691,95371.79525913269,True,True,post_v161_one_drop_one_add_whole_loan_swap,post-v161 one-swap pricing only; not multi-swap or global proof,C,C,2,1,4,2,1,2,2019,2018,CA,other
v63_source_repair_return_guarded_repair,incumbent_cvar_relaxed_source_lp,163978066,126620912,1600.0,1500.0,-307.89318093231816,-319.768173516142,11.874992583823825,986.2927378414743,842500.0,True,True,0.00010816869840624133,0.8991097922848664,0,,,61536.69827894873,95446.72423692449,True,True,post_v161_one_drop_one_add_whole_loan_swap,post-v161 one-swap pricing only; not multi-swap or global proof,C,B,2,1,4,0,1,0,2019,2018,CA,other
v63_source_repair_return_guarded_repair,incumbent_cvar_relaxed_source_lp,163978066,167713836,1600.0,1500.0,-307.89318093231816,-323.27724824243177,15.384067310113608,989.801812567764,842500.0,True,True,0.00010816869840624133,0.8991097922848664,0,,,61453.25094827566,95296.98929492467,True,True,post_v161_one_drop_one_add_whole_loan_swap,post-v161 one-swap pricing only; not multi-swap or global proof,C,C,2,1,4,1,1,4,2019,2020,CA,other
v63_source_repair_return_guarded_repair,incumbent_cvar_relaxed_source_lp,163529459,127011905,1500.0,1500.0,-300.56741452436427,-310.3923206149292,9.824906090564923,984.2426513482153,842400.0,True,True,6.907218559226713e-06,0.8992165242165242,0,,,61640.23920591283,95442.09777198506,True,True,post_v161_one_drop_one_add_whole_loan_swap,post-v161 one-swap pricing only; not multi-swap or global proof,D,C,5,1,4,2,3,2,2019,2018,WA,other
v63_source_repair_return_guarded_repair,incumbent_cvar_relaxed_source_lp,163529459,126620912,1500.0,1500.0,-300.56741452436427,-319.768173516142,19.200758991777718,993.618504249428,842400.0,True,True,6.907218559226713e-06,0.8992165242165242,0,,,61692.93034601463,95517.02674977688,True,True,post_v161_one_drop_one_add_whole_loan_swap,post-v161 one-swap pricing only; not multi-swap or global proof,D,B,5,1,4,0,3,0,2019,2018,WA,other
v63_source_repair_return_guarded_repair,incumbent_cvar_relaxed_source_lp,163529459,167713836,1500.0,1500.0,-300.56741452436427,-323.27724824243177,22.7098337180675,997.1275789757178,842400.0,True,True,6.907218559226713e-06,0.8992165242165242,0,,,61609.48301534157,95367.29180777703,True,True,post_v161_one_drop_one_add_whole_loan_swap,post-v161 one-swap pricing only; not multi-swap or global proof,D,C,5,1,4,1,3,4,2019,2020,WA,other
v63_source_repair_return_guarded_repair,incumbent_cvar_relaxed_source_lp,163383289,168841753,1000.0,1000.0,-9.457214357682766,-15.58411172619063,6.126897368507864,980.5446426261583,842400.0,True,True,6.907218559226713e-06,0.8992165242165242,0,,,61399.769478087255,95182.46043391986,True,True,post_v161_one_drop_one_add_whole_loan_swap,post-v161 one-swap pricing only; not multi-swap or global proof,A,A,1,1,0,1,2,0,2019,2020,other,NY
v63_source_repair_return_guarded_repair,incumbent_cvar_relaxed_source_lp,163383289,168678809,1000.0,1000.0,-9.457214357682766,-25.935876492202276,16.47866213451951,990.8964073921699,842400.0,True,True,6.907218559226713e-06,0.8992165242165242,0,,,61413.28333498544,95203.43679331291,True,True,post_v161_one_drop_one_add_whole_loan_swap,post-v161 one-swap pricing only; not multi-swap or global proof,A,A,1,1,0,1,2,0,2019,2020,other,IN
v63_source_repair_return_guarded_repair,incumbent_cvar_relaxed_source_lp,163383289,170390171,1000.0,1000.0,-9.457214357682766,-23.632377345499286,14.17516298781652,988.5929082454669,842400.0,True,True,6.907218559226713e-06,0.8992165242165242,0,,,61409.87784544389,95196.50399312782,True,True,post_v161_one_drop_one_add_whole_loan_swap,post-v161 one-swap pricing only; not multi-swap or global proof,A,A,1,1,0,0,2,0,2019,2020,other,other
v63_source_repair_return_guarded_repair,incumbent_cvar_relaxed_source_lp,163383289,169450190,1000.0,1000.0,-9.457214357682766,-22.58050328415853,13.123288926475766,987.5410341841261,842400.0,True,True,6.907218559226713e-06,0.8992165242165242,0,,,61392.56312095533,95161.49595980205,True,True,post_v161_one_drop_one_add_whole_loan_swap,post-v161 one-swap pricing only; not multi-swap or global proof,A,A,1,1,0,0,2,0,2019,2020,other,AZ
v63_source_repair_return_guarded_repair,incumbent_cvar_relaxed_source_lp,163379516,126707528,1000.0,1000.0,-223.75167278252056,-226.37597165812684,2.6242988756062857,977.0420441332567,842400.0,True,True,6.907218559226713e-06,0.8992165242165242,0,,,61326.92955337519,95115.62303130864,True,True,post_v161_one_drop_one_add_whole_loan_swap,post-v161 one-swap pricing only; not multi-swap or global proof,C,E,2,3,1,1,0,0,2019,2018,VA,other
v63_source_repair_return_guarded_repair,incumbent_cvar_relaxed_source_lp,163379516,126409482,1000.0,1000.0,-223.75167278252056,-223.9633297987982,0.21165701627765543,974.629402273928,842400.0,True,True,6.907218559226713e-06,0.8992165242165242,0,,,61447.079191281,95268.93226872603,True,True,post_v161_one_drop_one_add_whole_loan_swap,post-v161 one-swap pricing only; not multi-swap or global proof,C,C,2,2,1,2,0,3,2019,2018,VA,other
v63_source_repair_return_guarded_repair,incumbent_cvar_relaxed_source_lp,163242523,126707528,1000.0,1000.0,-224.5249281385132,-226.37597165812684,1.851043519613654,976.268788777264,842400.0,True,True,6.907218559226713e-06,0.8992165242165242,0,,,61371.832953743775,95191.14427634982,True,True,post_v161_one_drop_one_add_whole_loan_swap,post-v161 one-swap pricing only; not multi-swap or global proof,D,E,2,3,0,1,4,0,2019,2018,other,other
v63_source_repair_return_guarded_repair,incumbent_cvar_relaxed_source_lp,162265231,126707528,1000.0,1000.0,-218.31520436287695,-226.37597165812684,8.060767295249889,982.4785125529003,842400.0,True,True,6.907218559226713e-06,0.8992165242165242,0,,,61391.01363172704,95193.60221785585,True,True,post_v161_one_drop_one_add_whole_loan_swap,post-v161 one-swap pricing only; not multi-swap or global proof,D,E,3,3,2,1,1,0,2019,2018,NJ,other
v63_source_repair_return_guarded_repair,incumbent_cvar_relaxed_source_lp,162265231,126409482,1000.0,1000.0,-218.31520436287695,-223.9633297987982,5.6481254359212585,980.0658706935717,842400.0,True,True,6.907218559226713e-06,0.8992165242165242,0,,,61511.16326963286,95346.91145527319,True,True,post_v161_one_drop_one_add_whole_loan_swap,post-v161 one-swap pricing only; not multi-swap or global proof,D,C,3,2,2,2,1,3,2019,2018,NJ,other
v63_source_repair_return_guarded_repair,incumbent_cvar_relaxed_source_lp,162265231,169887690,1000.0,1000.0,-218.31520436287695,-221.11264407259083,2.7974397097138706,977.2151849673643,842400.0,True,True,6.907218559226713e-06,0.8992165242165242,0,,,61520.81817186397,95357.86172566634,True,True,post_v161_one_drop_one_add_whole_loan_swap,post-v161 one-swap pricing only; not multi-swap or global proof,D,B,3,1,2,0,1,3,2019,2020,NJ,other
v63_source_repair_return_guarded_repair,incumbent_cvar_relaxed_source_lp,162968064,127011905,1600.0,1500.0,-291.6535714215414,-310.3923206149292,18.738749193387775,993.1564944510382,842500.0,True,True,0.00010816869840624133,0.8991097922848664,0,,,61371.747114264545,95242.29140593138,True,True,post_v161_one_drop_one_add_whole_loan_swap,post-v161 one-swap pricing only; not multi-swap or global proof,B,C,1,1,1,2,2,2,2019,2018,CA,other
v63_source_repair_return_guarded_repair,incumbent_cvar_relaxed_source_lp,162968064,126620912,1600.0,1500.0,-291.6535714215414,-319.768173516142,28.11460209460057,1002.532347352251,842500.0,True,True,0.00010816869840624133,0.8991097922848664,0,,,61424.43825436635,95317.22038372316,True,True,post_v161_one_drop_one_add_whole_loan_swap,post-v161 one-swap pricing only; not multi-swap or global proof,B,B,1,1,1,0,2,0,2019,2018,CA,other
v63_source_repair_return_guarded_repair,incumbent_cvar_relaxed_source_lp,162968064,167713836,1600.0,1500.0,-291.6535714215414,-323.27724824243177,31.623676820890353,1006.0414220785408,842500.0,True,True,0.00010816869840624133,0.8991097922848664,0,,,61340.99092369327,95167.48544172336,True,True,post_v161_one_drop_one_add_whole_loan_swap,post-v161 one-swap pricing only; not multi-swap or global proof,B,C,1,1,1,1,2,4,2019,2020,CA,other
v63_source_repair_return_guarded_repair,incumbent_cvar_relaxed_source_lp,162936322,126523487,2000.0,2000.0,-335.18594736331687,-350.42656531605377,15.240617952736898,989.6583632103873,842400.0,True,True,6.907218559226713e-06,0.8992165242165242,0,,,61414.54606040973,95341.59175650406,True,True,post_v161_one_drop_one_add_whole_loan_swap,post-v161 one-swap pricing only; not multi-swap or global proof,C,C,1,1,4,4,1,1,2019,2018,NC,CA
v63_source_repair_return_guarded_repair,incumbent_cvar_relaxed_source_lp,162936322,169005860,2000.0,2000.0,-335.18594736331687,-393.55925260534593,58.37330524202906,1032.7910504996794,842400.0,True,True,6.907218559226713e-06,0.8992165242165242,0,,,61361.40925675619,95288.57961242336,True,True,post_v161_one_drop_one_add_whole_loan_swap,post-v161 one-swap pricing only; not multi-swap or global proof,C,B,1,1,4,3,1,1,2019,2020,NC,FL
v63_source_repair_return_guarded_repair,incumbent_cvar_relaxed_source_lp,162464012,126620912,1600.0,1500.0,-316.8115582412114,-319.768173516142,2.9566152749305843,977.374360532581,842500.0,True,True,0.00010816869840624133,0.8991097922848664,0,,,61602.94235318495,95565.85506548462,True,True,post_v161_one_drop_one_add_whole_loan_swap,post-v161 one-swap pricing only; not multi-swap or global proof,D,B,2,1,2,0,3,0,2019,2018,other,other
v63_source_repair_return_guarded_repair,incumbent_cvar_relaxed_source_lp,162464012,167713836,1600.0,1500.0,-316.8115582412114,-323.27724824243177,6.465690001220366,980.8834352588708,842500.0,True,True,0.00010816869840624133,0.8991097922848664,0,,,61519.49502251188,95416.1201234848,True,True,post_v161_one_drop_one_add_whole_loan_swap,post-v161 one-swap pricing only; not multi-swap or global proof,D,C,2,1,2,1,3,4,2019,2020,other,other
v63_source_repair_return_guarded_repair,incumbent_cvar_relaxed_source_lp,162604995,127672145,1200.0,1000.0,-190.38488193037946,-196.20083323856994,5.815951308190478,980.2336965658409,842600.0,True,True,0.00020940614277265013,0.8990030856871588,0,,,61570.721167132506,95505.55495233118,True,True,post_v161_one_drop_one_add_whole_loan_swap,post-v161 one-swap pricing only; not multi-swap or global proof,D,C,2,1,2,0,1,2,2019,2018,TX,other
v63_source_repair_return_guarded_repair,incumbent_cvar_relaxed_source_lp,162604995,127475725,1200.0,1000.0,-190.38488193037946,-211.8282137432861,21.44333181290665,995.861077070557,842600.0,True,True,0.00020940614277265013,0.8990030856871588,0,,,61544.828686168315,95473.45293407388,True,True,post_v161_one_drop_one_add_whole_loan_swap,post-v161 one-swap pricing only; not multi-swap or global proof,D,C,2,1,2,4,1,0,2019,2018,TX,AZ
v63_source_repair_return_guarded_repair,incumbent_cvar_relaxed_source_lp,162604995,127582382,1200.0,1000.0,-190.38488193037946,-205.52183833714096,15.136956406761499,989.5547016644118,842600.0,True,True,0.00020940614277265013,0.8990030856871588,0,,,61486.84463198982,95395.12099982436,True,True,post_v161_one_drop_one_add_whole_loan_swap,post-v161 one-swap pricing only; not multi-swap or global proof,D,D,2,2,2,3,1,0,2019,2018,TX,CA
v63_source_repair_return_guarded_repair,incumbent_cvar_relaxed_source_lp,162604995,126820122,1200.0,1000.0,-190.38488193037946,-201.89545162414464,11.510569693765177,985.9283149514156,842600.0,True,True,0.00020940614277265013,0.8990030856871588,0,,,61530.13912817059,95457.18443797246,True,True,post_v161_one_drop_one_add_whole_loan_swap,post-v161 one-swap pricing only; not multi-swap or global proof,D,C,2,1,2,0,1,1,2019,2018,TX,other
v63_source_repair_return_guarded_repair,incumbent_cvar_relaxed_source_lp,162604995,126707528,1200.0,1000.0,-190.38488193037946,-226.37597165812684,35.99108972774738,1010.4088349853978,842600.0,True,True,0.00020940614277265013,0.8990030856871588,0,,,61407.26136072673,95301.20483561768,True,True,post_v161_one_drop_one_add_whole_loan_swap,post-v161 one-swap pricing only; not multi-swap or global proof,D,E,2,3,2,1,1,0,2019,2018,TX,other
v63_source_repair_return_guarded_repair,incumbent_cvar_relaxed_source_lp,162604995,126652025,1200.0,1000.0,-190.38488193037946,-206.92821374328602,16.54333181290656,990.9610770705569,842600.0,True,True,0.00020940614277265013,0.8990030856871588,0,,,61544.828686168315,95473.45293407388,True,True,post_v161_one_drop_one_add_whole_loan_swap,post-v161 one-swap pricing only; not multi-swap or global proof,D,C,2,1,2,3,1,1,2019,2018,TX,FL
v63_source_repair_return_guarded_repair,incumbent_cvar_relaxed_source_lp,162604995,126483031,1200.0,1200.0,-190.38488193037946,-200.480236756332,10.09535482595254,984.5131000836029,842400.0,True,True,6.907218559226713e-06,0.8977920227920227,0,,,61580.84415781767,95519.50632061475,True,True,post_v161_one_drop_one_add_whole_loan_swap,post-v161 one-swap pricing only; not multi-swap or global proof,D,B,2,0,2,2,1,0,2019,2018,TX,FL
v63_source_repair_return_guarded_repair,incumbent_cvar_relaxed_source_lp,162604995,126419064,1200.0,1000.0,-190.38488193037946,-198.85427993768698,8.469398007307518,982.8871432649579,842600.0,True,True,0.00020940614277265013,0.8990030856871588,0,,,61503.53260474022,95414.51603191181,True,True,post_v161_one_drop_one_add_whole_loan_swap,post-v161 one-swap pricing only; not multi-swap or global proof,D,D,2,2,2,4,1,1,2019,2018,TX,other
v63_source_repair_return_guarded_repair,incumbent_cvar_relaxed_source_lp,162604995,126409482,1200.0,1000.0,-190.38488193037946,-223.9633297987982,33.57844786841875,1007.9961931260691,842600.0,True,True,0.00020940614277265013,0.8990030856871588,0,,,61527.41099863254,95454.51407303505,True,True,post_v161_one_drop_one_add_whole_loan_swap,post-v161 one-swap pricing only; not multi-swap or global proof,D,C,2,2,2,2,1,3,2019,2018,TX,other
v63_source_repair_return_guarded_repair,incumbent_cvar_relaxed_source_lp,162604995,166121358,1200.0,1000.0,-190.38488193037946,-212.03423240595197,21.649350475572504,996.0670957332229,842600.0,True,True,0.00020940614277265013,0.8990030856871588,0,,,61518.91521296458,95418.84363367883,True,True,post_v161_one_drop_one_add_whole_loan_swap,post-v161 one-swap pricing only; not multi-swap or global proof,D,C,2,2,2,3,1,0,2019,2020,TX,MD
v63_source_repair_return_guarded_repair,incumbent_cvar_relaxed_source_lp,162604995,165985906,1200.0,1200.0,-190.38488193037946,-203.72482836822385,13.33994643784439,987.7576916954947,842400.0,True,True,6.907218559226713e-06,0.8992165242165242,0,,,61486.51635470643,95349.14641561465,True,True,post_v161_one_drop_one_add_whole_loan_swap,post-v161 one-swap pricing only; not multi-swap or global proof,D,C,2,1,2,3,1,4,2019,2020,TX,VA
v63_source_repair_return_guarded_repair,incumbent_cvar_relaxed_source_lp,162604995,169887690,1200.0,1000.0,-190.38488193037946,-221.11264407259083,30.72776214221136,1005.1455073998618,842600.0,True,True,0.00020940614277265013,0.8990030856871588,0,,,61537.06590086365,95465.46434342822,True,True,post_v161_one_drop_one_add_whole_loan_swap,post-v161 one-swap pricing only; not multi-swap or global proof,D,B,2,1,2,0,1,3,2019,2020,TX,other
v63_source_repair_return_guarded_repair,incumbent_cvar_relaxed_source_lp,162604995,160806330,1200.0,1200.0,-190.38488193037946,-210.10403328668124,19.71915135630178,994.1368966139521,842400.0,True,True,6.907218559226713e-06,0.8992165242165242,0,,,61437.079065759244,95220.52270490915,True,True,post_v161_one_drop_one_add_whole_loan_swap,post-v161 one-swap pricing only; not multi-swap or global proof,D,D,2,2,2,2,1,2,2019,2019,TX,FL
v63_source_repair_return_guarded_repair,incumbent_cvar_relaxed_source_lp,162720393,127011905,1500.0,1500.0,-275.4811024129743,-310.3923206149292,34.91121820195491,1009.3289634596053,842400.0,True,True,6.907218559226713e-06,0.8992165242165242,0,,,61488.26669294861,95418.63201739524,True,True,post_v161_one_drop_one_add_whole_loan_swap,post-v161 one-swap pricing only; not multi-swap or global proof,D,C,2,1,1,2,4,2,2019,2018,NJ,other
v63_source_repair_return_guarded_repair,incumbent_cvar_relaxed_source_lp,162720393,126620912,1500.0,1500.0,-275.4811024129743,-319.768173516142,44.287071103167705,1018.7048163608181,842400.0,True,True,6.907218559226713e-06,0.8992165242165242,0,,,61540.95783305042,95493.56099518706,True,True,post_v161_one_drop_one_add_whole_loan_swap,post-v161 one-swap pricing only; not multi-swap or global proof,D,B,2,1,1,0,4,0,2019,2018,NJ,other
v63_source_repair_return_guarded_repair,incumbent_cvar_relaxed_source_lp,162720393,167713836,1500.0,1500.0,-275.4811024129743,-323.27724824243177,47.79614582945749,1022.2138910871079,842400.0,True,True,6.907218559226713e-06,0.8992165242165242,0,,,61457.51050237735,95343.82605318724,True,True,post_v161_one_drop_one_add_whole_loan_swap,post-v161 one-swap pricing only; not multi-swap or global proof,D,C,2,1,1,1,4,4,2019,2020,NJ,other
v63_source_repair_return_guarded_repair,incumbent_cvar_relaxed_source_lp,162654393,127695160,1500.0,1500.0,-228.9567046794011,-235.90029594541494,6.94359126601384,981.3613365236642,842400.0,True,True,6.907218559226713e-06,0.8992165242165242,0,,,61428.44441191883,95312.73982811414,True,True,post_v161_one_drop_one_add_whole_loan_swap,post-v161 one-swap pricing only; not multi-swap or global proof,B,B,0,0,3,2,0,1,2019,2018,MI,TX
v63_source_repair_return_guarded_repair,incumbent_cvar_relaxed_source_lp,162654393,126760355,1500.0,1500.0,-228.9567046794011,-250.40002765814089,21.443322978739786,995.8610682363901,842400.0,True,True,6.907218559226713e-06,0.8992165242165242,0,,,61428.64972044242,95313.02823421407,True,True,post_v161_one_drop_one_add_whole_loan_swap,post-v161 one-swap pricing only; not multi-swap or global proof,B,B,0,0,3,1,0,0,2019,2018,MI,IL
v63_source_repair_return_guarded_repair,incumbent_cvar_relaxed_source_lp,162654393,126430923,1500.0,1500.0,-228.9567046794011,-243.25029594541493,14.293591266013834,988.7113365236642,842400.0,True,True,6.907218559226713e-06,0.8992165242165242,0,,,61428.44441191883,95312.73982811414,True,True,post_v161_one_drop_one_add_whole_loan_swap,post-v161 one-swap pricing only; not multi-swap or global proof,B,B,0,0,3,3,0,0,2019,2018,MI,other
v63_source_repair_return_guarded_repair,incumbent_cvar_relaxed_source_lp,162605401,127874931,1000.0,1000.0,-160.8152043628769,-186.9469746106631,26.131770247786193,1000.5495155054366,842400.0,True,True,6.907218559226713e-06,0.8980294396961064,0,,,61585.5808531575,95442.3226534546,True,True,post_v161_one_drop_one_add_whole_loan_swap,post-v161 one-swap pricing only; not multi-swap or global proof,D,B,3,0,2,0,1,0,2019,2018,MD,MN
v63_source_repair_return_guarded_repair,incumbent_cvar_relaxed_source_lp,162605401,127672145,1000.0,1000.0,-160.8152043628769,-196.20083323856994,35.385628875693044,1009.8033741333434,842400.0,True,True,6.907218559226713e-06,0.8992165242165242,0,,,61554.473438132816,95397.95233456933,True,True,post_v161_one_drop_one_add_whole_loan_swap,post-v161 one-swap pricing only; not multi-swap or global proof,D,C,3,1,2,0,1,2,2019,2018,MD,other
v63_source_repair_return_guarded_repair,incumbent_cvar_relaxed_source_lp,162605401,127475725,1000.0,1000.0,-160.8152043628769,-211.8282137432861,51.013009380409216,1025.4307546380596,842400.0,True,True,6.907218559226713e-06,0.8992165242165242,0,,,61528.58095716864,95365.85031631202,True,True,post_v161_one_drop_one_add_whole_loan_swap,post-v161 one-swap pricing only; not multi-swap or global proof,D,C,3,1,2,4,1,0,2019,2018,MD,AZ
v63_source_repair_return_guarded_repair,incumbent_cvar_relaxed_source_lp,162605401,127582382,1000.0,1000.0,-160.8152043628769,-205.52183833714096,44.706633974264065,1019.1243792319144,842400.0,True,True,6.907218559226713e-06,0.8992165242165242,0,,,61470.59690299013,95287.51838206252,True,True,post_v161_one_drop_one_add_whole_loan_swap,post-v161 one-swap pricing only; not multi-swap or global proof,D,D,3,2,2,3,1,0,2019,2018,MD,CA
v63_source_repair_return_guarded_repair,incumbent_cvar_relaxed_source_lp,162605401,126827839,1000.0,1000.0,-160.8152043628769,-175.77898463113021,14.963780268253316,989.3815255259037,842400.0,True,True,6.907218559226713e-06,0.8992165242165242,0,,,61452.37053438756,95256.16175365457,True,True,post_v161_one_drop_one_add_whole_loan_swap,post-v161 one-swap pricing only; not multi-swap or global proof,D,E,3,2,2,0,1,4,2019,2018,MD,other
v63_source_repair_return_guarded_repair,incumbent_cvar_relaxed_source_lp,162605401,126820122,1000.0,1000.0,-160.8152043628769,-201.89545162414464,41.08024726126774,1015.4979925189182,842400.0,True,True,6.907218559226713e-06,0.8992165242165242,0,,,61513.8913991709,95349.5818202106,True,True,post_v161_one_drop_one_add_whole_loan_swap,post-v161 one-swap pricing only; not multi-swap or global proof,D,C,3,1,2,0,1,1,2019,2018,MD,other
v63_source_repair_return_guarded_repair,incumbent_cvar_relaxed_source_lp,162605401,126707528,1000.0,1000.0,-160.8152043628769,-226.37597165812684,65.56076729524995,1039.9785125529004,842400.0,True,True,6.907218559226713e-06,0.8992165242165242,0,,,61391.01363172704,95193.60221785585,True,True,post_v161_one_drop_one_add_whole_loan_swap,post-v161 one-swap pricing only; not multi-swap or global proof,D,E,3,3,2,1,1,0,2019,2018,MD,other
v63_source_repair_return_guarded_repair,incumbent_cvar_relaxed_source_lp,162605401,126733849,1000.0,1000.0,-160.8152043628769,-186.9469746106631,26.131770247786193,1000.5495155054366,842400.0,True,True,6.907218559226713e-06,0.8980294396961064,0,,,61585.5808531575,95442.3226534546,True,True,post_v161_one_drop_one_add_whole_loan_swap,post-v161 one-swap pricing only; not multi-swap or global proof,D,B,3,0,2,4,1,3,2019,2018,MD,NJ
v63_source_repair_return_guarded_repair,incumbent_cvar_relaxed_source_lp,162605401,126652025,1000.0,1000.0,-160.8152043628769,-206.92821374328602,46.113009380409125,1020.5307546380595,842400.0,True,True,6.907218559226713e-06,0.8992165242165242,0,,,61528.58095716864,95365.85031631202,True,True,post_v161_one_drop_one_add_whole_loan_swap,post-v161 one-swap pricing only; not multi-swap or global proof,D,C,3,1,2,3,1,1,2019,2018,MD,FL
v63_source_repair_return_guarded_repair,incumbent_cvar_relaxed_source_lp,162605401,126468092,1000.0,1000.0,-160.8152043628769,-169.50590883596908,8.690704473092183,983.1084497307426,842400.0,True,True,6.907218559226713e-06,0.8980294396961064,0,,,61608.485075714896,95473.55605542731,True,True,post_v161_one_drop_one_add_whole_loan_swap,post-v161 one-swap pricing only; not multi-swap or global proof,D,B,3,0,2,1,1,2,2019,2018,MD,other
v63_source_repair_return_guarded_repair,incumbent_cvar_relaxed_source_lp,162605401,126416707,1000.0,1000.0,-160.8152043628769,-187.69320294656202,26.877998583685127,1001.2957438413355,842400.0,True,True,6.907218559226713e-06,0.8980294396961064,0,,,61584.81575848606,95441.3385352172,True,True,post_v161_one_drop_one_add_whole_loan_swap,post-v161 one-swap pricing only; not multi-swap or global proof,D,B,3,0,2,1,1,1,2019,2018,MD,CA
v63_source_repair_return_guarded_repair,incumbent_cvar_relaxed_source_lp,162605401,126419064,1000.0,1000.0,-160.8152043628769,-198.85427993768698,38.039075574810084,1012.4568208324605,842400.0,True,True,6.907218559226713e-06,0.8992165242165242,0,,,61487.28487574054,95306.91341414998,True,True,post_v161_one_drop_one_add_whole_loan_swap,post-v161 one-swap pricing only; not multi-swap or global proof,D,D,3,2,2,4,1,1,2019,2018,MD,other
v63_source_repair_return_guarded_repair,incumbent_cvar_relaxed_source_lp,162605401,126409482,1000.0,1000.0,-160.8152043628769,-223.9633297987982,63.148125435921315,1037.5658706935717,842400.0,True,True,6.907218559226713e-06,0.8992165242165242,0,,,61511.16326963286,95346.91145527319,True,True,post_v161_one_drop_one_add_whole_loan_swap,post-v161 one-swap pricing only; not multi-swap or global proof,D,C,3,2,2,2,1,3,2019,2018,MD,other
v63_source_repair_return_guarded_repair,incumbent_cvar_relaxed_source_lp,162605401,166121358,1000.0,1000.0,-160.8152043628769,-212.03423240595197,51.21902804307507,1025.6367733007255,842400.0,True,True,6.907218559226713e-06,0.8992165242165242,0,,,61502.667483964884,95311.24101591698,True,True,post_v161_one_drop_one_add_whole_loan_swap,post-v161 one-swap pricing only; not multi-swap or global proof,D,C,3,2,2,3,1,0,2019,2020,MD,MD
v63_source_repair_return_guarded_repair,incumbent_cvar_relaxed_source_lp,162605401,168701788,1000.0,1000.0,-160.8152043628769,-178.5860397151734,17.7708353522965,992.1885806099469,842400.0,True,True,6.907218559226713e-06,0.8992165242165242,0,,,61506.160037424735,95316.611140167,True,True,post_v161_one_drop_one_add_whole_loan_swap,post-v161 one-swap pricing only; not multi-swap or global proof,D,C,3,1,2,3,1,1,2019,2020,MD,TX
v63_source_repair_return_guarded_repair,incumbent_cvar_relaxed_source_lp,162605401,169887690,1000.0,1000.0,-160.8152043628769,-221.11264407259083,60.29743970971393,1034.7151849673644,842400.0,True,True,6.907218559226713e-06,0.8992165242165242,0,,,61520.81817186397,95357.86172566634,True,True,post_v161_one_drop_one_add_whole_loan_swap,post-v161 one-swap pricing only; not multi-swap or global proof,D,B,3,1,2,0,1,3,2019,2020,MD,other
v63_source_repair_return_guarded_repair,incumbent_cvar_relaxed_source_lp,162605401,169358871,1000.0,1000.0,-160.8152043628769,-177.86634212741987,17.051137764542972,991.4688830221934,842400.0,True,True,6.907218559226713e-06,0.8992165242165242,0,,,61515.931054757464,95304.18610512718,True,True,post_v161_one_drop_one_add_whole_loan_swap,post-v161 one-swap pricing only; not multi-swap or global proof,D,C,3,1,2,3,1,0,2019,2020,MD,VA
v63_source_repair_return_guarded_repair,incumbent_cvar_relaxed_source_lp,162605401,139506195,1000.0,1000.0,-160.8152043628769,-177.67809625327766,16.86289189040076,991.2806371480511,842400.0,True,True,6.907218559226713e-06,0.8992165242165242,0,,,61490.09637470606,95250.40448000675,True,True,post_v161_one_drop_one_add_whole_loan_swap,post-v161 one-swap pricing only; not multi-swap or global proof,D,D,3,2,2,2,1,0,2019,2018,MD,CA
v63_source_repair_return_guarded_repair,incumbent_cvar_relaxed_source_lp,162605401,156823754,1000.0,1000.0,-160.8152043628769,-183.46022770133698,22.645023338460078,997.0627685961105,842400.0,True,True,6.907218559226713e-06,0.8992165242165242,0,,,61487.698155606646,95229.49971662609,True,True,post_v161_one_drop_one_add_whole_loan_swap,post-v161 one-swap pricing only; not multi-swap or global proof,D,D,3,2,2,3,1,1,2019,2019,MD,CA
v63_source_repair_return_guarded_repair,incumbent_cvar_relaxed_source_lp,162605401,156807668,1000.0,1000.0,-160.8152043628769,-175.85010442413147,15.034900061254575,989.452645318905,842400.0,True,True,6.907218559226713e-06,0.8992165242165242,0,,,61515.13164996536,95257.77607700376,True,True,post_v161_one_drop_one_add_whole_loan_swap,post-v161 one-swap pricing only; not multi-swap or global proof,D,D,3,2,2,0,1,0,2019,2019,MD,TX
v63_source_repair_return_guarded_repair,incumbent_cvar_relaxed_source_lp,162590887,168841753,1000.0,1000.0,-7.297262801488124,-15.58411172619063,8.286848924702506,982.7045941823529,842400.0,True,True,6.907218559226713e-06,0.8992165242165242,0,,,61397.53487820017,95177.78036773088,True,True,post_v161_one_drop_one_add_whole_loan_swap,post-v161 one-swap pricing only; not multi-swap or global proof,A,A,1,1,1,1,0,0,2019,2020,TX,NY
v63_source_repair_return_guarded_repair,incumbent_cvar_relaxed_source_lp,162590887,168678809,1000.0,1000.0,-7.297262801488124,-25.935876492202276,18.638613690714152,993.0563589483645,842400.0,True,True,6.907218559226713e-06,0.8992165242165242,0,,,61411.04873509835,95198.75672712394,True,True,post_v161_one_drop_one_add_whole_loan_swap,post-v161 one-swap pricing only; not multi-swap or global proof,A,A,1,1,1,1,0,0,2019,2020,TX,IN
v63_source_repair_return_guarded_repair,incumbent_cvar_relaxed_source_lp,162590887,170390171,1000.0,1000.0,-7.297262801488124,-23.632377345499286,16.335114544011162,990.7528598016615,842400.0,True,True,6.907218559226713e-06,0.8992165242165242,0,,,61407.64324555679,95191.82392693886,True,True,post_v161_one_drop_one_add_whole_loan_swap,post-v161 one-swap pricing only; not multi-swap or global proof,A,A,1,1,1,0,0,0,2019,2020,TX,other
v63_source_repair_return_guarded_repair,incumbent_cvar_relaxed_source_lp,162590887,169450190,1000.0,1000.0,-7.297262801488124,-22.58050328415853,15.283240482670408,989.7009857403208,842400.0,True,True,6.907218559226713e-06,0.8992165242165242,0,,,61390.32852106825,95156.81589361306,True,True,post_v161_one_drop_one_add_whole_loan_swap,post-v161 one-swap pricing only; not multi-swap or global proof,A,A,1,1,1,0,0,0,2019,2020,TX,AZ
v63_source_repair_return_guarded_repair,incumbent_cvar_relaxed_source_lp,162528420,127874931,1200.0,1000.0,-183.7368131210446,-186.9469746106631,3.2101614896184856,977.6279067472689,842600.0,True,True,0.00020940614277265013,0.8978162829337764,0,,,61665.454875688076,95564.25098708605,True,True,post_v161_one_drop_one_add_whole_loan_swap,post-v161 one-swap pricing only; not multi-swap or global proof,D,B,3,0,2,0,2,0,2019,2018,MD,MN
v63_source_repair_return_guarded_repair,incumbent_cvar_relaxed_source_lp,162528420,127672145,1200.0,1000.0,-183.7368131210446,-196.20083323856994,12.464020117525337,986.8817653751757,842600.0,True,True,0.00020940614277265013,0.8990030856871588,0,,,61634.34746066339,95519.8806682008,True,True,post_v161_one_drop_one_add_whole_loan_swap,post-v161 one-swap pricing only; not multi-swap or global proof,D,C,3,1,2,0,2,2,2019,2018,MD,other
v63_source_repair_return_guarded_repair,incumbent_cvar_relaxed_source_lp,162528420,127475725,1200.0,1000.0,-183.7368131210446,-211.8282137432861,28.09140062224151,1002.5091458798919,842600.0,True,True,0.00020940614277265013,0.8990030856871588,0,,,61608.45497969921,95487.7786499435,True,True,post_v161_one_drop_one_add_whole_loan_swap,post-v161 one-swap pricing only; not multi-swap or global proof,D,C,3,1,2,4,2,0,2019,2018,MD,AZ
v63_source_repair_return_guarded_repair,incumbent_cvar_relaxed_source_lp,162528420,127582382,1200.0,1000.0,-183.7368131210446,-205.52183833714096,21.785025216096358,996.2027704737468,842600.0,True,True,0.00020940614277265013,0.8990030856871588,0,,,61550.4709255207,95409.446715694,True,True,post_v161_one_drop_one_add_whole_loan_swap,post-v161 one-swap pricing only; not multi-swap or global proof,D,D,3,2,2,3,2,0,2019,2018,MD,CA
v63_source_repair_return_guarded_repair,incumbent_cvar_relaxed_source_lp,162528420,126820122,1200.0,1000.0,-183.7368131210446,-201.89545162414464,18.158638503100036,992.5763837607504,842600.0,True,True,0.00020940614277265013,0.8990030856871588,0,,,61593.76542170148,95471.51015384209,True,True,post_v161_one_drop_one_add_whole_loan_swap,post-v161 one-swap pricing only; not multi-swap or global proof,D,C,3,1,2,0,2,1,2019,2018,MD,other
v63_source_repair_return_guarded_repair,incumbent_cvar_relaxed_source_lp,162528420,126707528,1200.0,1000.0,-183.7368131210446,-226.37597165812684,42.63915853708224,1017.0569037947326,842600.0,True,True,0.00020940614277265013,0.8990030856871588,0,,,61470.88765425762,95315.53055148733,True,True,post_v161_one_drop_one_add_whole_loan_swap,post-v161 one-swap pricing only; not multi-swap or global proof,D,E,3,3,2,1,2,0,2019,2018,MD,other
v63_source_repair_return_guarded_repair,incumbent_cvar_relaxed_source_lp,162528420,126733849,1200.0,1000.0,-183.7368131210446,-186.9469746106631,3.2101614896184856,977.6279067472689,842600.0,True,True,0.00020940614277265013,0.8978162829337764,0,,,61665.454875688076,95564.25098708605,True,True,post_v161_one_drop_one_add_whole_loan_swap,post-v161 one-swap pricing only; not multi-swap or global proof,D,B,3,0,2,4,2,3,2019,2018,MD,NJ
v63_source_repair_return_guarded_repair,incumbent_cvar_relaxed_source_lp,162528420,126652025,1200.0,1000.0,-183.7368131210446,-206.92821374328602,23.191400622241417,997.6091458798918,842600.0,True,True,0.00020940614277265013,0.8990030856871588,0,,,61608.45497969921,95487.7786499435,True,True,post_v161_one_drop_one_add_whole_loan_swap,post-v161 one-swap pricing only; not multi-swap or global proof,D,C,3,1,2,3,2,1,2019,2018,MD,FL
v63_source_repair_return_guarded_repair,incumbent_cvar_relaxed_source_lp,162528420,126483031,1200.0,1200.0,-183.7368131210446,-200.480236756332,16.7434236352874,991.1611688929378,842400.0,True,True,6.907218559226713e-06,0.8977920227920227,0,,,61644.47045134855,95533.83203648437,True,True,post_v161_one_drop_one_add_whole_loan_swap,post-v161 one-swap pricing only; not multi-swap or global proof,D,B,3,0,2,2,2,0,2019,2018,MD,FL
v63_source_repair_return_guarded_repair,incumbent_cvar_relaxed_source_lp,162528420,126416707,1200.0,1000.0,-183.7368131210446,-187.69320294656202,3.9563898255174195,978.3741350831679,842600.0,True,True,0.00020940614277265013,0.8978162829337764,0,,,61664.68978101663,95563.26686884872,True,True,post_v161_one_drop_one_add_whole_loan_swap,post-v161 one-swap pricing only; not multi-swap or global proof,D,B,3,0,2,1,2,1,2019,2018,MD,CA
v63_source_repair_return_guarded_repair,incumbent_cvar_relaxed_source_lp,162528420,126419064,1200.0,1000.0,-183.7368131210446,-198.85427993768698,15.117466816642377,989.5352120742928,842600.0,True,True,0.00020940614277265013,0.8990030856871588,0,,,61567.15889827111,95428.84174778142,True,True,post_v161_one_drop_one_add_whole_loan_swap,post-v161 one-swap pricing only; not multi-swap or global proof,D,D,3,2,2,4,2,1,2019,2018,MD,other
v63_source_repair_return_guarded_repair,incumbent_cvar_relaxed_source_lp,162528420,126409482,1200.0,1000.0,-183.7368131210446,-223.9633297987982,40.22651667775361,1014.644261935404,842600.0,True,True,0.00020940614277265013,0.8990030856871588,0,,,61591.03729216344,95468.83978890468,True,True,post_v161_one_drop_one_add_whole_loan_swap,post-v161 one-swap pricing only; not multi-swap or global proof,D,C,3,2,2,2,2,3,2019,2018,MD,other
v63_source_repair_return_guarded_repair,incumbent_cvar_relaxed_source_lp,162528420,166121358,1200.0,1000.0,-183.7368131210446,-212.03423240595197,28.297419284907363,1002.7151645425578,842600.0,True,True,0.00020940614277265013,0.8990030856871588,0,,,61582.541506495465,95433.16934954847,True,True,post_v161_one_drop_one_add_whole_loan_swap,post-v161 one-swap pricing only; not multi-swap or global proof,D,C,3,2,2,3,2,0,2019,2020,MD,MD
v63_source_repair_return_guarded_repair,incumbent_cvar_relaxed_source_lp,162528420,165985906,1200.0,1200.0,-183.7368131210446,-203.72482836822385,19.98801524717925,994.4057605048297,842400.0,True,True,6.907218559226713e-06,0.8992165242165242,0,,,61550.14264823731,95363.47213148428,True,True,post_v161_one_drop_one_add_whole_loan_swap,post-v161 one-swap pricing only; not multi-swap or global proof,D,C,3,1,2,3,2,4,2019,2020,MD,VA
v63_source_repair_return_guarded_repair,incumbent_cvar_relaxed_source_lp,162528420,169887690,1200.0,1000.0,-183.7368131210446,-221.11264407259083,37.37583095154622,1011.7935762091965,842600.0,True,True,0.00020940614277265013,0.8990030856871588,0,,,61600.69219439454,95479.79005929783,True,True,post_v161_one_drop_one_add_whole_loan_swap,post-v161 one-swap pricing only; not multi-swap or global proof,D,B,3,1,2,0,2,3,2019,2020,MD,other
v63_source_repair_return_guarded_repair,incumbent_cvar_relaxed_source_lp,162528420,160806330,1200.0,1200.0,-183.7368131210446,-210.10403328668124,26.36722016563664,1000.7849654232871,842400.0,True,True,6.907218559226713e-06,0.8992165242165242,0,,,61500.705359290136,95234.84842077877,True,True,post_v161_one_drop_one_add_whole_loan_swap,post-v161 one-swap pricing only; not multi-swap or global proof,D,D,3,2,2,2,2,2,2019,2019,MD,FL
v63_source_repair_return_guarded_repair,incumbent_cvar_relaxed_source_lp,162411858,126707528,1000.0,1000.0,-220.08920387921188,-226.37597165812684,6.286767778914964,980.7045130365653,842400.0,True,True,6.907218559226713e-06,0.8992165242165242,0,,,61331.68947516625,95112.97765753085,True,True,post_v161_one_drop_one_add_whole_loan_swap,post-v161 one-swap pricing only; not multi-swap or global proof,C,E,2,3,1,1,3,0,2019,2018,CA,other
v63_source_repair_return_guarded_repair,incumbent_cvar_relaxed_source_lp,162411858,126409482,1000.0,1000.0,-220.08920387921188,-223.9633297987982,3.8741259195863336,978.2918711772368,842400.0,True,True,6.907218559226713e-06,0.8992165242165242,0,,,61451.839113072056,95266.28689494822,True,True,post_v161_one_drop_one_add_whole_loan_swap,post-v161 one-swap pricing only; not multi-swap or global proof,C,C,2,2,1,2,3,3,2019,2018,CA,other
v63_source_repair_return_guarded_repair,incumbent_cvar_relaxed_source_lp,162411858,169887690,1000.0,1000.0,-220.08920387921188,-221.11264407259083,1.0234401933789457,975.4411854510294,842400.0,True,True,6.907218559226713e-06,0.8992165242165242,0,,,61461.494015303164,95277.23716534139,True,True,post_v161_one_drop_one_add_whole_loan_swap,post-v161 one-swap pricing only; not multi-swap or global proof,C,B,2,1,1,0,3,3,2019,2020,CA,other
v63_source_repair_return_guarded_repair,incumbent_cvar_relaxed_source_lp,162159525,126707528,1000.0,1000.0,-215.00327847165505,-226.37597165812684,11.372693186471793,985.7904384441222,842400.0,True,True,6.907218559226713e-06,0.8992165242165242,0,,,61414.21481432325,95189.89647802064,True,True,post_v161_one_drop_one_add_whole_loan_swap,post-v161 one-swap pricing only; not multi-swap or global proof,D,E,4,3,2,1,1,0,2019,2018,TX,other
v63_source_repair_return_guarded_repair,incumbent_cvar_relaxed_source_lp,162159525,126409482,1000.0,1000.0,-215.00327847165505,-223.9633297987982,8.960051327143162,983.3777965847935,842400.0,True,True,6.907218559226713e-06,0.8992165242165242,0,,,61534.36445222906,95343.20571543803,True,True,post_v161_one_drop_one_add_whole_loan_swap,post-v161 one-swap pricing only; not multi-swap or global proof,D,C,4,2,2,2,1,3,2019,2018,TX,other
v63_source_repair_return_guarded_repair,incumbent_cvar_relaxed_source_lp,162159525,169887690,1000.0,1000.0,-215.00327847165505,-221.11264407259083,6.109365600935774,980.5271108585862,842400.0,True,True,6.907218559226713e-06,0.8992165242165242,0,,,61544.019354460164,95354.15598583118,True,True,post_v161_one_drop_one_add_whole_loan_swap,post-v161 one-swap pricing only; not multi-swap or global proof,D,B,4,1,2,0,1,3,2019,2020,TX,other
v63_source_repair_return_guarded_repair,incumbent_cvar_relaxed_source_lp,162083390,127874931,1000.0,1000.0,-168.4682188833758,-186.9469746106631,18.47875572728728,992.8965009849377,842400.0,True,True,6.907218559226713e-06,0.8980294396961064,0,,,61481.52073839595,95348.04274629592,True,True,post_v161_one_drop_one_add_whole_loan_swap,post-v161 one-swap pricing only; not multi-swap or global proof,C,B,1,0,2,0,1,0,2019,2018,other,MN
v63_source_repair_return_guarded_repair,incumbent_cvar_relaxed_source_lp,162083390,127672145,1000.0,1000.0,-168.4682188833758,-196.20083323856994,27.73261435519413,1002.1503596128446,842400.0,True,True,6.907218559226713e-06,0.8992165242165242,0,,,61450.413323371264,95303.67242741064,True,True,post_v161_one_drop_one_add_whole_loan_swap,post-v161 one-swap pricing only; not multi-swap or global proof,C,C,1,1,2,0,1,2,2019,2018,other,other
v63_source_repair_return_guarded_repair,incumbent_cvar_relaxed_source_lp,162083390,127475725,1000.0,1000.0,-168.4682188833758,-211.8282137432861,43.3599948599103,1017.7777401175607,842400.0,True,True,6.907218559226713e-06,0.8992165242165242,0,,,61424.52084240708,95271.57040915336,True,True,post_v161_one_drop_one_add_whole_loan_swap,post-v161 one-swap pricing only; not multi-swap or global proof,C,C,1,1,2,4,1,0,2019,2018,other,AZ
v63_source_repair_return_guarded_repair,incumbent_cvar_relaxed_source_lp,162083390,127582382,1000.0,1000.0,-168.4682188833758,-205.52183833714096,37.05361945376515,1011.4713647114155,842400.0,True,True,6.907218559226713e-06,0.8992165242165242,0,,,61366.53678822857,95193.23847490383,True,True,post_v161_one_drop_one_add_whole_loan_swap,post-v161 one-swap pricing only; not multi-swap or global proof,C,D,1,2,2,3,1,0,2019,2018,other,CA
v63_source_repair_return_guarded_repair,incumbent_cvar_relaxed_source_lp,162083390,126827839,1000.0,1000.0,-168.4682188833758,-175.77898463113021,7.310765747754402,981.7285110054048,842400.0,True,True,6.907218559226713e-06,0.8992165242165242,0,,,61348.31041962601,95161.88184649587,True,True,post_v161_one_drop_one_add_whole_loan_swap,post-v161 one-swap pricing only; not multi-swap or global proof,C,E,1,2,2,0,1,4,2019,2018,other,other
v63_source_repair_return_guarded_repair,incumbent_cvar_relaxed_source_lp,162083390,126820122,1000.0,1000.0,-168.4682188833758,-201.89545162414464,33.42723274076883,1007.8449779984192,842400.0,True,True,6.907218559226713e-06,0.8992165242165242,0,,,61409.831284409345,95255.30191305192,True,True,post_v161_one_drop_one_add_whole_loan_swap,post-v161 one-swap pricing only; not multi-swap or global proof,C,C,1,1,2,0,1,1,2019,2018,other,other
v63_source_repair_return_guarded_repair,incumbent_cvar_relaxed_source_lp,162083390,126707528,1000.0,1000.0,-168.4682188833758,-226.37597165812684,57.90775277475103,1032.3254980324014,842400.0,True,True,6.907218559226713e-06,0.8992165242165242,0,,,61286.953516965485,95099.32231069714,True,True,post_v161_one_drop_one_add_whole_loan_swap,post-v161 one-swap pricing only; not multi-swap or global proof,C,E,1,3,2,1,1,0,2019,2018,other,other
v63_source_repair_return_guarded_repair,incumbent_cvar_relaxed_source_lp,162083390,126733849,1000.0,1000.0,-168.4682188833758,-186.9469746106631,18.47875572728728,992.8965009849377,842400.0,True,True,6.907218559226713e-06,0.8980294396961064,0,,,61481.52073839595,95348.04274629592,True,True,post_v161_one_drop_one_add_whole_loan_swap,post-v161 one-swap pricing only; not multi-swap or global proof,C,B,1,0,2,4,1,3,2019,2018,other,NJ
v63_source_repair_return_guarded_repair,incumbent_cvar_relaxed_source_lp,162083390,126652025,1000.0,1000.0,-168.4682188833758,-206.92821374328602,38.45999485991021,1012.8777401175606,842400.0,True,True,6.907218559226713e-06,0.8992165242165242,0,,,61424.52084240708,95271.57040915336,True,True,post_v161_one_drop_one_add_whole_loan_swap,post-v161 one-swap pricing only; not multi-swap or global proof,C,C,1,1,2,3,1,1,2019,2018,other,FL
v63_source_repair_return_guarded_repair,incumbent_cvar_relaxed_source_lp,162083390,126468092,1000.0,1000.0,-168.4682188833758,-169.50590883596908,1.0376899525932686,975.4554352102436,842400.0,True,True,6.907218559226713e-06,0.8980294396961064,0,,,61504.424960953336,95379.27614826862,True,True,post_v161_one_drop_one_add_whole_loan_swap,post-v161 one-swap pricing only; not multi-swap or global proof,C,B,1,0,2,1,1,2,2019,2018,other,other
v63_source_repair_return_guarded_repair,incumbent_cvar_relaxed_source_lp,162083390,126416707,1000.0,1000.0,-168.4682188833758,-187.69320294656202,19.224984063186213,993.6427293208366,842400.0,True,True,6.907218559226713e-06,0.8980294396961064,0,,,61480.75564372449,95347.05862805853,True,True,post_v161_one_drop_one_add_whole_loan_swap,post-v161 one-swap pricing only; not multi-swap or global proof,C,B,1,0,2,1,1,1,2019,2018,other,CA
v63_source_repair_return_guarded_repair,incumbent_cvar_relaxed_source_lp,162083390,126419064,1000.0,1000.0,-168.4682188833758,-198.85427993768698,30.38606105431117,1004.8038063119616,842400.0,True,True,6.907218559226713e-06,0.8992165242165242,0,,,61383.224760978985,95212.63350699129,True,True,post_v161_one_drop_one_add_whole_loan_swap,post-v161 one-swap pricing only; not multi-swap or global proof,C,D,1,2,2,4,1,1,2019,2018,other,other
v63_source_repair_return_guarded_repair,incumbent_cvar_relaxed_source_lp,162083390,126409482,1000.0,1000.0,-168.4682188833758,-223.9633297987982,55.4951109154224,1029.9128561730727,842400.0,True,True,6.907218559226713e-06,0.8992165242165242,0,,,61407.10315487131,95252.63154811451,True,True,post_v161_one_drop_one_add_whole_loan_swap,post-v161 one-swap pricing only; not multi-swap or global proof,C,C,1,2,2,2,1,3,2019,2018,other,other
v63_source_repair_return_guarded_repair,incumbent_cvar_relaxed_source_lp,162083390,166121358,1000.0,1000.0,-168.4682188833758,-212.03423240595197,43.566013522576156,1017.9837587802265,842400.0,True,True,6.907218559226713e-06,0.8992165242165242,0,,,61398.60736920334,95216.96110875829,True,True,post_v161_one_drop_one_add_whole_loan_swap,post-v161 one-swap pricing only; not multi-swap or global proof,C,C,1,2,2,3,1,0,2019,2020,other,MD
v63_source_repair_return_guarded_repair,incumbent_cvar_relaxed_source_lp,162083390,168701788,1000.0,1000.0,-168.4682188833758,-178.5860397151734,10.117820831797587,984.5355660894479,842400.0,True,True,6.907218559226713e-06,0.8992165242165242,0,,,61402.09992266318,95222.33123300831,True,True,post_v161_one_drop_one_add_whole_loan_swap,post-v161 one-swap pricing only; not multi-swap or global proof,C,C,1,1,2,3,1,1,2019,2020,other,TX
v63_source_repair_return_guarded_repair,incumbent_cvar_relaxed_source_lp,162083390,169887690,1000.0,1000.0,-168.4682188833758,-221.11264407259083,52.64442518921501,1027.0621704468654,842400.0,True,True,6.907218559226713e-06,0.8992165242165242,0,,,61416.758057102415,95263.58181850768,True,True,post_v161_one_drop_one_add_whole_loan_swap,post-v161 one-swap pricing only; not multi-swap or global proof,C,B,1,1,2,0,1,3,2019,2020,other,other
v63_source_repair_return_guarded_repair,incumbent_cvar_relaxed_source_lp,162083390,169358871,1000.0,1000.0,-168.4682188833758,-177.86634212741987,9.398123244044058,983.8158685016945,842400.0,True,True,6.907218559226713e-06,0.8992165242165242,0,,,61411.870939995904,95209.90619796849,True,True,post_v161_one_drop_one_add_whole_loan_swap,post-v161 one-swap pricing only; not multi-swap or global proof,C,C,1,1,2,3,1,0,2019,2020,other,VA
v63_source_repair_return_guarded_repair,incumbent_cvar_relaxed_source_lp,162083390,139506195,1000.0,1000.0,-168.4682188833758,-177.67809625327766,9.209877369901847,983.6276226275522,842400.0,True,True,6.907218559226713e-06,0.8992165242165242,0,,,61386.03625994451,95156.12457284803,True,True,post_v161_one_drop_one_add_whole_loan_swap,post-v161 one-swap pricing only; not multi-swap or global proof,C,D,1,2,2,2,1,0,2019,2018,other,CA
v63_source_repair_return_guarded_repair,incumbent_cvar_relaxed_source_lp,162083390,156823754,1000.0,1000.0,-168.4682188833758,-183.46022770133698,14.992008817961164,989.4097540756115,842400.0,True,True,6.907218559226713e-06,0.8992165242165242,0,,,61383.6380408451,95135.21980946738,True,True,post_v161_one_drop_one_add_whole_loan_swap,post-v161 one-swap pricing only; not multi-swap or global proof,C,D,1,2,2,3,1,1,2019,2019,other,CA
v63_source_repair_return_guarded_repair,incumbent_cvar_relaxed_source_lp,162083390,156807668,1000.0,1000.0,-168.4682188833758,-175.85010442413147,7.381885540755661,981.799630798406,842400.0,True,True,6.907218559226713e-06,0.8992165242165242,0,,,61411.07153520381,95163.49616984508,True,True,post_v161_one_drop_one_add_whole_loan_swap,post-v161 one-swap pricing only; not multi-swap or global proof,C,D,1,2,2,0,1,0,2019,2019,other,TX
v63_source_repair_return_guarded_repair,incumbent_cvar_relaxed_source_lp,161966234,126707528,1000.0,1000.0,-212.189203879212,-226.37597165812684,14.186767778914856,988.6045130365652,842400.0,True,True,6.907218559226713e-06,0.8992165242165242,0,,,61331.68947516625,95112.97765753085,True,True,post_v161_one_drop_one_add_whole_loan_swap,post-v161 one-swap pricing only; not multi-swap or global proof,C,E,2,3,3,1,0,0,2019,2018,WA,other
v63_source_repair_return_guarded_repair,incumbent_cvar_relaxed_source_lp,161966234,126409482,1000.0,1000.0,-212.189203879212,-223.9633297987982,11.774125919586226,986.1918711772366,842400.0,True,True,6.907218559226713e-06,0.8992165242165242,0,,,61451.839113072056,95266.28689494822,True,True,post_v161_one_drop_one_add_whole_loan_swap,post-v161 one-swap pricing only; not multi-swap or global proof,C,C,2,2,3,2,0,3,2019,2018,WA,other
v63_source_repair_return_guarded_repair,incumbent_cvar_relaxed_source_lp,161966234,169887690,1000.0,1000.0,-212.189203879212,-221.11264407259083,8.923440193378838,983.3411854510292,842400.0,True,True,6.907218559226713e-06,0.8992165242165242,0,,,61461.494015303164,95277.23716534139,True,True,post_v161_one_drop_one_add_whole_loan_swap,post-v161 one-swap pricing only; not multi-swap or global proof,C,B,2,1,3,0,0,3,2019,2020,WA,other
v63_source_repair_return_guarded_repair,incumbent_cvar_relaxed_source_lp,161865639,169005860,2000.0,2000.0,-363.98940960908226,-393.55925260534593,29.569842996263674,1003.987588253914,842400.0,True,True,6.907218559226713e-06,0.8992165242165242,0,,,61665.76774733848,95513.41440139708,True,True,post_v161_one_drop_one_add_whole_loan_swap,post-v161 one-swap pricing only; not multi-swap or global proof,D,B,4,1,3,3,3,1,2019,2020,PA,FL
v63_source_repair_return_guarded_repair,incumbent_cvar_relaxed_source_lp,161639068,127011905,1500.0,1500.0,-279.2887678857127,-310.3923206149292,31.103552729216517,1005.5212979868669,842400.0,True,True,6.907218559226713e-06,0.8992165242165242,0,,,61570.21746173776,95436.5391622323,True,True,post_v161_one_drop_one_add_whole_loan_swap,post-v161 one-swap pricing only; not multi-swap or global proof,D,C,3,1,3,2,4,2,2019,2018,NC,other
v63_source_repair_return_guarded_repair,incumbent_cvar_relaxed_source_lp,161639068,126620912,1500.0,1500.0,-279.2887678857127,-319.768173516142,40.47940563042931,1014.8971508880798,842400.0,True,True,6.907218559226713e-06,0.8992165242165242,0,,,61622.908601839576,95511.4681400241,True,True,post_v161_one_drop_one_add_whole_loan_swap,post-v161 one-swap pricing only; not multi-swap or global proof,D,B,3,1,3,0,4,0,2019,2018,NC,other
v63_source_repair_return_guarded_repair,incumbent_cvar_relaxed_source_lp,161639068,167713836,1500.0,1500.0,-279.2887678857127,-323.27724824243177,43.988480356719094,1018.4062256143695,842400.0,True,True,6.907218559226713e-06,0.8992165242165242,0,,,61539.4612711665,95361.73319802426,True,True,post_v161_one_drop_one_add_whole_loan_swap,post-v161 one-swap pricing only; not multi-swap or global proof,D,C,3,1,3,1,4,4,2019,2020,NC,other
v63_source_repair_return_guarded_repair,incumbent_cvar_relaxed_source_lp,161494495,127874931,1000.0,1000.0,-154.69251192380827,-186.9469746106631,32.25446268685482,1006.6722079445052,842400.0,True,True,6.907218559226713e-06,0.8980294396961064,0,,,61579.340473075106,95438.61691361942,True,True,post_v161_one_drop_one_add_whole_loan_swap,post-v161 one-swap pricing only; not multi-swap or global proof,D,B,3,0,3,0,2,0,2019,2018,CA,MN
v63_source_repair_return_guarded_repair,incumbent_cvar_relaxed_source_lp,161494495,127672145,1000.0,1000.0,-154.69251192380827,-196.20083323856994,41.50832131476167,1015.9260665724121,842400.0,True,True,6.907218559226713e-06,0.8992165242165242,0,,,61548.23305805042,95394.24659473416,True,True,post_v161_one_drop_one_add_whole_loan_swap,post-v161 one-swap pricing only; not multi-swap or global proof,D,C,3,1,3,0,2,2,2019,2018,CA,other
v63_source_repair_return_guarded_repair,incumbent_cvar_relaxed_source_lp,161494495,127475725,1000.0,1000.0,-154.69251192380827,-211.8282137432861,57.135701819477845,1031.553447077128,842400.0,True,True,6.907218559226713e-06,0.8992165242165242,0,,,61522.340577086245,95362.14457647687,True,True,post_v161_one_drop_one_add_whole_loan_swap,post-v161 one-swap pricing only; not multi-swap or global proof,D,C,3,1,3,4,2,0,2019,2018,CA,AZ
v63_source_repair_return_guarded_repair,incumbent_cvar_relaxed_source_lp,161494495,127582382,1000.0,1000.0,-154.69251192380827,-205.52183833714096,50.829326413332694,1025.2470716709831,842400.0,True,True,6.907218559226713e-06,0.8992165242165242,0,,,61464.356522907736,95283.81264222733,True,True,post_v161_one_drop_one_add_whole_loan_swap,post-v161 one-swap pricing only; not multi-swap or global proof,D,D,3,2,3,3,2,0,2019,2018,CA,CA
v63_source_repair_return_guarded_repair,incumbent_cvar_relaxed_source_lp,161494495,126827839,1000.0,1000.0,-154.69251192380827,-175.77898463113021,21.086472707321946,995.5042179649723,842400.0,True,True,6.907218559226713e-06,0.8992165242165242,0,,,61446.13015430517,95252.45601381936,True,True,post_v161_one_drop_one_add_whole_loan_swap,post-v161 one-swap pricing only; not multi-swap or global proof,D,E,3,2,3,0,2,4,2019,2018,CA,other
v63_source_repair_return_guarded_repair,incumbent_cvar_relaxed_source_lp,161494495,126820122,1000.0,1000.0,-154.69251192380827,-201.89545162414464,47.20293970033637,1021.6206849579868,842400.0,True,True,6.907218559226713e-06,0.8992165242165242,0,,,61507.6510190885,95345.87608037543,True,True,post_v161_one_drop_one_add_whole_loan_swap,post-v161 one-swap pricing only; not multi-swap or global proof,D,C,3,1,3,0,2,1,2019,2018,CA,other
v63_source_repair_return_guarded_repair,incumbent_cvar_relaxed_source_lp,161494495,126707528,1000.0,1000.0,-154.69251192380827,-226.37597165812684,71.68345973431857,1046.1012049919689,842400.0,True,True,6.907218559226713e-06,0.8992165242165242,0,,,61384.77325164464,95189.89647802064,True,True,post_v161_one_drop_one_add_whole_loan_swap,post-v161 one-swap pricing only; not multi-swap or global proof,D,E,3,3,3,1,2,0,2019,2018,CA,other
v63_source_repair_return_guarded_repair,incumbent_cvar_relaxed_source_lp,161494495,126733849,1000.0,1000.0,-154.69251192380827,-186.9469746106631,32.25446268685482,1006.6722079445052,842400.0,True,True,6.907218559226713e-06,0.8980294396961064,0,,,61579.340473075106,95438.61691361942,True,True,post_v161_one_drop_one_add_whole_loan_swap,post-v161 one-swap pricing only; not multi-swap or global proof,D,B,3,0,3,4,2,3,2019,2018,CA,NJ
v63_source_repair_return_guarded_repair,incumbent_cvar_relaxed_source_lp,161494495,126652025,1000.0,1000.0,-154.69251192380827,-206.92821374328602,52.235701819477754,1026.653447077128,842400.0,True,True,6.907218559226713e-06,0.8992165242165242,0,,,61522.340577086245,95362.14457647687,True,True,post_v161_one_drop_one_add_whole_loan_swap,post-v161 one-swap pricing only; not multi-swap or global proof,D,C,3,1,3,3,2,1,2019,2018,CA,FL
v63_source_repair_return_guarded_repair,incumbent_cvar_relaxed_source_lp,161494495,126468092,1000.0,1000.0,-154.69251192380827,-169.50590883596908,14.813396912160812,989.2311421698112,842400.0,True,True,6.907218559226713e-06,0.8980294396961064,0,,,61602.2446956325,95469.8503155921,True,True,post_v161_one_drop_one_add_whole_loan_swap,post-v161 one-swap pricing only; not multi-swap or global proof,D,B,3,0,3,1,2,2,2019,2018,CA,other
v63_source_repair_return_guarded_repair,incumbent_cvar_relaxed_source_lp,161494495,126416707,1000.0,1000.0,-154.69251192380827,-187.69320294656202,33.000691022753756,1007.4184362804042,842400.0,True,True,6.907218559226713e-06,0.8980294396961064,0,,,61578.57537840366,95437.63279538203,True,True,post_v161_one_drop_one_add_whole_loan_swap,post-v161 one-swap pricing only; not multi-swap or global proof,D,B,3,0,3,1,2,1,2019,2018,CA,CA
v63_source_repair_return_guarded_repair,incumbent_cvar_relaxed_source_lp,161494495,126419064,1000.0,1000.0,-154.69251192380827,-198.85427993768698,44.161768013878714,1018.5795132715291,842400.0,True,True,6.907218559226713e-06,0.8992165242165242,0,,,61481.04449565815,95303.20767431479,True,True,post_v161_one_drop_one_add_whole_loan_swap,post-v161 one-swap pricing only; not multi-swap or global proof,D,D,3,2,3,4,2,1,2019,2018,CA,other
v63_source_repair_return_guarded_repair,incumbent_cvar_relaxed_source_lp,161494495,126409482,1000.0,1000.0,-154.69251192380827,-223.9633297987982,69.27081787498994,1043.6885631326404,842400.0,True,True,6.907218559226713e-06,0.8992165242165242,0,,,61504.922889550464,95343.20571543803,True,True,post_v161_one_drop_one_add_whole_loan_swap,post-v161 one-swap pricing only; not multi-swap or global proof,D,C,3,2,3,2,2,3,2019,2018,CA,other
v63_source_repair_return_guarded_repair,incumbent_cvar_relaxed_source_lp,161494495,166121358,1000.0,1000.0,-154.69251192380827,-212.03423240595197,57.3417204821437,1031.759465739794,842400.0,True,True,6.907218559226713e-06,0.8992165242165242,0,,,61496.4271038825,95307.53527608179,True,True,post_v161_one_drop_one_add_whole_loan_swap,post-v161 one-swap pricing only; not multi-swap or global proof,D,C,3,2,3,3,2,0,2019,2020,CA,MD
v63_source_repair_return_guarded_repair,incumbent_cvar_relaxed_source_lp,161494495,168701788,1000.0,1000.0,-154.69251192380827,-178.5860397151734,23.89352779136513,998.3112730490155,842400.0,True,True,6.907218559226713e-06,0.8992165242165242,0,,,61499.91965734234,95312.90540033183,True,True,post_v161_one_drop_one_add_whole_loan_swap,post-v161 one-swap pricing only; not multi-swap or global proof,D,C,3,1,3,3,2,1,2019,2020,CA,TX
v63_source_repair_return_guarded_repair,incumbent_cvar_relaxed_source_lp,161494495,169887690,1000.0,1000.0,-154.69251192380827,-221.11264407259083,66.42013214878256,1040.8378774064329,842400.0,True,True,6.907218559226713e-06,0.8992165242165242,0,,,61514.57779178157,95354.15598583118,True,True,post_v161_one_drop_one_add_whole_loan_swap,post-v161 one-swap pricing only; not multi-swap or global proof,D,B,3,1,3,0,2,3,2019,2020,CA,other
v63_source_repair_return_guarded_repair,incumbent_cvar_relaxed_source_lp,161494495,169358871,1000.0,1000.0,-154.69251192380827,-177.86634212741987,23.1738302036116,997.591575461262,842400.0,True,True,6.907218559226713e-06,0.8992165242165242,0,,,61509.690674675076,95300.480365292,True,True,post_v161_one_drop_one_add_whole_loan_swap,post-v161 one-swap pricing only; not multi-swap or global proof,D,C,3,1,3,3,2,0,2019,2020,CA,VA
v63_source_repair_return_guarded_repair,incumbent_cvar_relaxed_source_lp,161494495,139506195,1000.0,1000.0,-154.69251192380827,-177.67809625327766,22.98558432946939,997.4033295871197,842400.0,True,True,6.907218559226713e-06,0.8992165242165242,0,,,61483.85599462368,95246.69874017153,True,True,post_v161_one_drop_one_add_whole_loan_swap,post-v161 one-swap pricing only; not multi-swap or global proof,D,D,3,2,3,2,2,0,2019,2018,CA,CA
v63_source_repair_return_guarded_repair,incumbent_cvar_relaxed_source_lp,161494495,156823754,1000.0,1000.0,-154.69251192380827,-183.46022770133698,28.767715777528707,1003.1854610351791,842400.0,True,True,6.907218559226713e-06,0.8992165242165242,0,,,61481.45777552426,95225.7939767909,True,True,post_v161_one_drop_one_add_whole_loan_swap,post-v161 one-swap pricing only; not multi-swap or global proof,D,D,3,2,3,3,2,1,2019,2019,CA,CA
v63_source_repair_return_guarded_repair,incumbent_cvar_relaxed_source_lp,161494495,156807668,1000.0,1000.0,-154.69251192380827,-175.85010442413147,21.157592500323204,995.5753377579736,842400.0,True,True,6.907218559226713e-06,0.8992165242165242,0,,,61508.89126988298,95254.07033716858,True,True,post_v161_one_drop_one_add_whole_loan_swap,post-v161 one-swap pricing only; not multi-swap or global proof,D,D,3,2,3,0,2,0,2019,2019,CA,TX
v63_source_repair_return_guarded_repair,incumbent_cvar_relaxed_source_lp,161494495,156707196,1000.0,1000.0,-154.69251192380827,-158.460227701337,3.7677157775287355,978.1854610351791,842400.0,True,True,6.907218559226713e-06,0.8992165242165242,0,,,61481.45777552426,95225.7939767909,True,True,post_v161_one_drop_one_add_whole_loan_swap,post-v161 one-swap pricing only; not multi-swap or global proof,D,D,3,2,3,2,2,0,2019,2019,CA,other
v63_source_repair_return_guarded_repair,incumbent_cvar_relaxed_source_lp,161131808,127475725,1000.0,1000.0,-200.73394359450347,-211.8282137432861,11.094270148782641,985.512015406433,842400.0,True,True,6.907218559226713e-06,0.8992165242165242,0,,,61457.527242167715,95285.0366261198,True,True,post_v161_one_drop_one_add_whole_loan_swap,post-v161 one-swap pricing only; not multi-swap or global proof,C,C,2,1,2,4,2,0,2019,2018,other,AZ
v63_source_repair_return_guarded_repair,incumbent_cvar_relaxed_source_lp,161131808,127582382,1000.0,1000.0,-200.73394359450347,-205.52183833714096,4.787894742637491,979.2056400002879,842400.0,True,True,6.907218559226713e-06,0.8992165242165242,0,,,61399.5431879892,95206.7046918703,True,True,post_v161_one_drop_one_add_whole_loan_swap,post-v161 one-swap pricing only; not multi-swap or global proof,C,D,2,2,2,3,2,0,2019,2018,other,CA
v63_source_repair_return_guarded_repair,incumbent_cvar_relaxed_source_lp,161131808,126820122,1000.0,1000.0,-200.73394359450347,-201.89545162414464,1.161508029641169,975.5792532872915,842400.0,True,True,6.907218559226713e-06,0.8992165242165242,0,,,61442.83768416998,95268.76813001839,True,True,post_v161_one_drop_one_add_whole_loan_swap,post-v161 one-swap pricing only; not multi-swap or global proof,C,C,2,1,2,0,2,1,2019,2018,other,other
v63_source_repair_return_guarded_repair,incumbent_cvar_relaxed_source_lp,161131808,126707528,1000.0,1000.0,-200.73394359450347,-226.37597165812684,25.64202806362337,1000.0597733212737,842400.0,True,True,6.907218559226713e-06,0.8992165242165242,0,,,61319.959916726126,95112.78852766362,True,True,post_v161_one_drop_one_add_whole_loan_swap,post-v161 one-swap pricing only; not multi-swap or global proof,C,E,2,3,2,1,2,0,2019,2018,other,other
v63_source_repair_return_guarded_repair,incumbent_cvar_relaxed_source_lp,161131808,126652025,1000.0,1000.0,-200.73394359450347,-206.92821374328602,6.19427014878255,980.6120154064329,842400.0,True,True,6.907218559226713e-06,0.8992165242165242,0,,,61457.527242167715,95285.0366261198,True,True,post_v161_one_drop_one_add_whole_loan_swap,post-v161 one-swap pricing only; not multi-swap or global proof,C,C,2,1,2,3,2,1,2019,2018,other,FL
v63_source_repair_return_guarded_repair,incumbent_cvar_relaxed_source_lp,161131808,126409482,1000.0,1000.0,-200.73394359450347,-223.9633297987982,23.22938620429474,997.6471314619452,842400.0,True,True,6.907218559226713e-06,0.8992165242165242,0,,,61440.10955463194,95266.097765081,True,True,post_v161_one_drop_one_add_whole_loan_swap,post-v161 one-swap pricing only; not multi-swap or global proof,C,C,2,2,2,2,2,3,2019,2018,other,other
v63_source_repair_return_guarded_repair,incumbent_cvar_relaxed_source_lp,161131808,166121358,1000.0,1000.0,-200.73394359450347,-212.03423240595197,11.300288811448496,985.7180340690988,842400.0,True,True,6.907218559226713e-06,0.8992165242165242,0,,,61431.61376896397,95230.42732572477,True,True,post_v161_one_drop_one_add_whole_loan_swap,post-v161 one-swap pricing only; not multi-swap or global proof,C,C,2,2,2,3,2,0,2019,2020,other,MD
v63_source_repair_return_guarded_repair,incumbent_cvar_relaxed_source_lp,161131808,169887690,1000.0,1000.0,-200.73394359450347,-221.11264407259083,20.378700478087353,994.7964457357377,842400.0,True,True,6.907218559226713e-06,0.8992165242165242,0,,,61449.76445686305,95277.04803547413,True,True,post_v161_one_drop_one_add_whole_loan_swap,post-v161 one-swap pricing only; not multi-swap or global proof,C,B,2,1,2,0,2,3,2019,2020,other,other
v63_source_repair_return_guarded_repair,incumbent_cvar_relaxed_source_lp,160790200,126707528,1000.0,1000.0,-214.88221077651968,-226.37597165812684,11.493760881607159,985.9115061392575,842400.0,True,True,6.907218559226713e-06,0.8992165242165242,0,,,61308.85508676004,95110.570628987,True,True,post_v161_one_drop_one_add_whole_loan_swap,post-v161 one-swap pricing only; not multi-swap or global proof,C,E,2,3,0,1,0,0,2019,2018,MN,other
v63_source_repair_return_guarded_repair,incumbent_cvar_relaxed_source_lp,160790200,126409482,1000.0,1000.0,-214.88221077651968,-223.9633297987982,9.081119022278529,983.498864279929,842400.0,True,True,6.907218559226713e-06,0.8992165242165242,0,,,61429.004724665865,95263.87986640437,True,True,post_v161_one_drop_one_add_whole_loan_swap,post-v161 one-swap pricing only; not multi-swap or global proof,C,C,2,2,0,2,0,3,2019,2018,MN,other
v63_source_repair_return_guarded_repair,incumbent_cvar_relaxed_source_lp,160790200,169887690,1000.0,1000.0,-214.88221077651968,-221.11264407259083,6.230433296071141,980.6481785537216,842400.0,True,True,6.907218559226713e-06,0.8992165242165242,0,,,61438.65962689697,95274.83013679754,True,True,post_v161_one_drop_one_add_whole_loan_swap,post-v161 one-swap pricing only; not multi-swap or global proof,C,B,2,1,0,0,0,3,2019,2020,MN,other
v63_source_repair_return_guarded_repair,incumbent_cvar_relaxed_source_lp,161302636,127011905,1650.0,1500.0,-277.5585798885046,-310.3923206149292,32.833740726424594,1007.251485984075,842550.0,True,True,0.0001587904244897409,0.8990564358198326,0,,,61374.0786303363,95239.5757115518,True,True,post_v161_one_drop_one_add_whole_loan_swap,post-v161 one-swap pricing only; not multi-swap or global proof,B,C,1,1,2,2,0,2,2019,2018,other,other
v63_source_repair_return_guarded_repair,incumbent_cvar_relaxed_source_lp,161302636,126620912,1650.0,1500.0,-277.5585798885046,-319.768173516142,42.20959362763739,1016.6273388852878,842550.0,True,True,0.0001587904244897409,0.8990564358198326,0,,,61426.76977043811,95314.5046893436,True,True,post_v161_one_drop_one_add_whole_loan_swap,post-v161 one-swap pricing only; not multi-swap or global proof,B,B,1,1,2,0,0,0,2019,2018,other,other
v63_source_repair_return_guarded_repair,incumbent_cvar_relaxed_source_lp,161302636,167713836,1650.0,1500.0,-277.5585798885046,-323.27724824243177,45.71866835392717,1020.1364136115776,842550.0,True,True,0.0001587904244897409,0.8990564358198326,0,,,61343.322439765034,95164.76974734377,True,True,post_v161_one_drop_one_add_whole_loan_swap,post-v161 one-swap pricing only; not multi-swap or global proof,B,C,1,1,2,1,0,4,2019,2020,other,other
v63_source_repair_return_guarded_repair,incumbent_cvar_relaxed_source_lp,160973409,126707528,1000.0,1000.0,-213.49470480454121,-226.37597165812684,12.881266853585629,987.299012111236,842400.0,True,True,6.907218559226713e-06,0.8992165242165242,0,,,61412.67211373335,95189.89647802064,True,True,post_v161_one_drop_one_add_whole_loan_swap,post-v161 one-swap pricing only; not multi-swap or global proof,D,E,4,3,0,1,0,0,2019,2018,TX,other
v63_source_repair_return_guarded_repair,incumbent_cvar_relaxed_source_lp,160973409,126409482,1000.0,1000.0,-213.49470480454121,-223.9633297987982,10.468624994256999,984.8863702519074,842400.0,True,True,6.907218559226713e-06,0.8992165242165242,0,,,61532.82175163917,95343.20571543803,True,True,post_v161_one_drop_one_add_whole_loan_swap,post-v161 one-swap pricing only; not multi-swap or global proof,D,C,4,2,0,2,0,3,2019,2018,TX,other
v63_source_repair_return_guarded_repair,incumbent_cvar_relaxed_source_lp,160973409,169887690,1000.0,1000.0,-213.49470480454121,-221.11264407259083,7.617939268049611,982.0356845256999,842400.0,True,True,6.907218559226713e-06,0.8992165242165242,0,,,61542.47665387027,95354.15598583118,True,True,post_v161_one_drop_one_add_whole_loan_swap,post-v161 one-swap pricing only; not multi-swap or global proof,D,B,4,1,0,0,0,3,2019,2020,TX,other
v63_source_repair_return_guarded_repair,incumbent_cvar_relaxed_source_lp,160980415,126707528,1000.0,1000.0,-224.46488408918128,-226.37597165812684,1.911087568945561,976.328832826596,842400.0,True,True,6.907218559226713e-06,0.8992165242165242,0,,,61297.63619362563,95055.53130023307,True,True,post_v161_one_drop_one_add_whole_loan_swap,post-v161 one-swap pricing only; not multi-swap or global proof,B,E,1,3,1,1,1,0,2019,2018,NJ,other
v63_source_repair_return_guarded_repair,incumbent_cvar_relaxed_source_lp,159079407,168803640,1400.0,1500.0,-29.962255599626843,-30.498264963412808,0.5360093637859649,974.9537546214364,842300.0,True,True,2.4344240082352364e-05,0.8993232814911551,0,,,61387.93118698826,95173.91938874498,True,True,post_v161_one_drop_one_add_whole_loan_swap,post-v161 one-swap pricing only; not multi-swap or global proof,A,A,1,1,0,3,0,3,2019,2020,NY,IL
v63_source_repair_return_guarded_repair,incumbent_cvar_relaxed_source_lp,160400299,127672145,1000.0,1000.0,-190.1364102192376,-196.20083323856994,6.064423019332338,980.4821682769827,842400.0,True,True,6.907218559226713e-06,0.8992165242165242,0,,,61500.199443667414,95389.59735084955,True,True,post_v161_one_drop_one_add_whole_loan_swap,post-v161 one-swap pricing only; not multi-swap or global proof,D,C,2,1,1,0,4,2,2019,2018,other,other
v63_source_repair_return_guarded_repair,incumbent_cvar_relaxed_source_lp,160400299,127475725,1000.0,1000.0,-190.1364102192376,-211.8282137432861,21.69180352404851,996.1095487816989,842400.0,True,True,6.907218559226713e-06,0.8992165242165242,0,,,61474.30696270324,95357.49533259225,True,True,post_v161_one_drop_one_add_whole_loan_swap,post-v161 one-swap pricing only; not multi-swap or global proof,D,C,2,1,1,4,4,0,2019,2018,other,AZ
v63_source_repair_return_guarded_repair,incumbent_cvar_relaxed_source_lp,160400299,127582382,1000.0,1000.0,-190.1364102192376,-205.52183833714096,15.38542811790336,989.8031733755538,842400.0,True,True,6.907218559226713e-06,0.8992165242165242,0,,,61416.322908524715,95279.16339834275,True,True,post_v161_one_drop_one_add_whole_loan_swap,post-v161 one-swap pricing only; not multi-swap or global proof,D,D,2,2,1,3,4,0,2019,2018,other,CA
v63_source_repair_return_guarded_repair,incumbent_cvar_relaxed_source_lp,160400299,126820122,1000.0,1000.0,-190.1364102192376,-201.89545162414464,11.759041404907038,986.1767866625574,842400.0,True,True,6.907218559226713e-06,0.8992165242165242,0,,,61459.61740470549,95341.22683649084,True,True,post_v161_one_drop_one_add_whole_loan_swap,post-v161 one-swap pricing only; not multi-swap or global proof,D,C,2,1,1,0,4,1,2019,2018,other,other
v63_source_repair_return_guarded_repair,incumbent_cvar_relaxed_source_lp,160400299,126707528,1000.0,1000.0,-190.1364102192376,-226.37597165812684,36.23956143888924,1010.6573066965396,842400.0,True,True,6.907218559226713e-06,0.8992165242165242,0,,,61336.739637261635,95185.24723413608,True,True,post_v161_one_drop_one_add_whole_loan_swap,post-v161 one-swap pricing only; not multi-swap or global proof,D,E,2,3,1,1,4,0,2019,2018,other,other
v63_source_repair_return_guarded_repair,incumbent_cvar_relaxed_source_lp,160400299,126652025,1000.0,1000.0,-190.1364102192376,-206.92821374328602,16.79180352404842,991.2095487816988,842400.0,True,True,6.907218559226713e-06,0.8992165242165242,0,,,61474.30696270324,95357.49533259225,True,True,post_v161_one_drop_one_add_whole_loan_swap,post-v161 one-swap pricing only; not multi-swap or global proof,D,C,2,1,1,3,4,1,2019,2018,other,FL
v63_source_repair_return_guarded_repair,incumbent_cvar_relaxed_source_lp,160400299,126419064,1000.0,1000.0,-190.1364102192376,-198.85427993768698,8.717869718449379,983.1356149760998,842400.0,True,True,6.907218559226713e-06,0.8992165242165242,0,,,61433.01088127513,95298.55843043017,True,True,post_v161_one_drop_one_add_whole_loan_swap,post-v161 one-swap pricing only; not multi-swap or global proof,D,D,2,2,1,4,4,1,2019,2018,other,other
v63_source_repair_return_guarded_repair,incumbent_cvar_relaxed_source_lp,160400299,126409482,1000.0,1000.0,-190.1364102192376,-223.9633297987982,33.82691957956061,1008.244664837211,842400.0,True,True,6.907218559226713e-06,0.8992165242165242,0,,,61456.88927516745,95338.55647155343,True,True,post_v161_one_drop_one_add_whole_loan_swap,post-v161 one-swap pricing only; not multi-swap or global proof,D,C,2,2,1,2,4,3,2019,2018,other,other
v63_source_repair_return_guarded_repair,incumbent_cvar_relaxed_source_lp,160400299,166121358,1000.0,1000.0,-190.1364102192376,-212.03423240595197,21.897822186714365,996.3155674443648,842400.0,True,True,6.907218559226713e-06,0.8992165242165242,0,,,61448.39348949948,95302.88603219722,True,True,post_v161_one_drop_one_add_whole_loan_swap,post-v161 one-swap pricing only; not multi-swap or global proof,D,C,2,2,1,3,4,0,2019,2020,other,MD
v63_source_repair_return_guarded_repair,incumbent_cvar_relaxed_source_lp,160400299,169887690,1000.0,1000.0,-190.1364102192376,-221.11264407259083,30.97623385335322,1005.3939791110035,842400.0,True,True,6.907218559226713e-06,0.8992165242165242,0,,,61466.54417739855,95349.50674194659,True,True,post_v161_one_drop_one_add_whole_loan_swap,post-v161 one-swap pricing only; not multi-swap or global proof,D,B,2,1,1,0,4,3,2019,2020,other,other
v63_source_repair_return_guarded_repair,incumbent_cvar_relaxed_source_lp,160370617,126707528,1000.0,1000.0,-221.22899540230011,-226.37597165812684,5.146976255826729,979.5647215134771,842400.0,True,True,6.907218559226713e-06,0.8992165242165242,0,,,61452.806848836604,95198.47490773318,True,True,post_v161_one_drop_one_add_whole_loan_swap,post-v161 one-swap pricing only; not multi-swap or global proof,D,E,6,3,0,1,0,0,2019,2018,IL,other
v63_source_repair_return_guarded_repair,incumbent_cvar_relaxed_source_lp,160370617,126409482,1000.0,1000.0,-221.22899540230011,-223.9633297987982,2.734334396498099,977.1520796541485,842400.0,True,True,6.907218559226713e-06,0.8992165242165242,0,,,61572.95648674242,95351.78414515054,True,True,post_v161_one_drop_one_add_whole_loan_swap,post-v161 one-swap pricing only; not multi-swap or global proof,D,C,6,2,0,2,0,3,2019,2018,IL,other
v63_source_repair_return_guarded_repair,incumbent_cvar_relaxed_source_lp,160221856,126707528,1200.0,1000.0,-220.8040470764656,-226.37597165812684,5.57192458166125,979.9896698393117,842600.0,True,True,0.00020940614277265013,0.8990030856871588,0,,,61508.730156277816,95325.82466714231,True,True,post_v161_one_drop_one_add_whole_loan_swap,post-v161 one-swap pricing only; not multi-swap or global proof,D,E,4,3,2,1,0,0,2019,2018,NC,other
v63_source_repair_return_guarded_repair,incumbent_cvar_relaxed_source_lp,160221856,126409482,1200.0,1000.0,-220.8040470764656,-223.9633297987982,3.1592827223326196,977.577027979983,842600.0,True,True,0.00020940614277265013,0.8990030856871588,0,,,61628.879794183624,95479.1339045597,True,True,post_v161_one_drop_one_add_whole_loan_swap,post-v161 one-swap pricing only; not multi-swap or global proof,D,C,4,2,2,2,0,3,2019,2018,NC,other
v63_source_repair_return_guarded_repair,incumbent_cvar_relaxed_source_lp,160221856,169887690,1200.0,1000.0,-220.8040470764656,-221.11264407259083,0.3085969961252317,974.7263422537756,842600.0,True,True,0.00020940614277265013,0.8990030856871588,0,,,61638.53469641473,95490.08417495285,True,True,post_v161_one_drop_one_add_whole_loan_swap,post-v161 one-swap pricing only; not multi-swap or global proof,D,B,4,1,2,0,0,3,2019,2020,NC,other
v63_source_repair_return_guarded_repair,incumbent_cvar_relaxed_source_lp,159759852,126760355,1600.0,1500.0,-246.66666357534172,-250.40002765814089,3.73336408279917,978.1511093404496,842500.0,True,True,0.00010816869840624133,0.8992284866468843,0,,,61445.65213383273,95352.48922964519,True,True,post_v161_one_drop_one_add_whole_loan_swap,post-v161 one-swap pricing only; not multi-swap or global proof,B,B,0,0,3,1,0,0,2019,2018,TX,IL
v63_source_repair_return_guarded_repair,incumbent_cvar_relaxed_source_lp,160025148,126707528,1000.0,1000.0,-215.50337256372137,-226.37597165812684,10.872599094405473,985.2903443520559,842400.0,True,True,6.907218559226713e-06,0.8992165242165242,0,,,61414.69673541111,95198.47490773318,True,True,post_v161_one_drop_one_add_whole_loan_swap,post-v161 one-swap pricing only; not multi-swap or global proof,D,E,4,3,0,1,3,0,2019,2018,CA,other
v63_source_repair_return_guarded_repair,incumbent_cvar_relaxed_source_lp,160025148,126409482,1000.0,1000.0,-215.50337256372137,-223.9633297987982,8.459957235076843,982.8777024927272,842400.0,True,True,6.907218559226713e-06,0.8992165242165242,0,,,61534.846373316934,95351.78414515054,True,True,post_v161_one_drop_one_add_whole_loan_swap,post-v161 one-swap pricing only; not multi-swap or global proof,D,C,4,2,0,2,3,3,2019,2018,CA,other
v63_source_repair_return_guarded_repair,incumbent_cvar_relaxed_source_lp,160025148,169887690,1000.0,1000.0,-215.50337256372137,-221.11264407259083,5.609271508869455,980.0270167665199,842400.0,True,True,6.907218559226713e-06,0.8992165242165242,0,,,61544.50127554804,95362.7344155437,True,True,post_v161_one_drop_one_add_whole_loan_swap,post-v161 one-swap pricing only; not multi-swap or global proof,D,B,4,1,0,0,3,3,2019,2020,CA,other
v63_source_repair_return_guarded_repair,incumbent_cvar_relaxed_source_lp,159915457,169005860,2000.0,2000.0,-380.2728204384752,-393.55925260534593,13.286432166870725,987.704177424521,842400.0,True,True,6.907218559226713e-06,0.8992165242165242,0,,,61513.90279439505,95504.11591362789,True,True,post_v161_one_drop_one_add_whole_loan_swap,post-v161 one-swap pricing only; not multi-swap or global proof,D,B,2,1,3,3,1,1,2019,2020,CA,FL
v63_source_repair_return_guarded_repair,incumbent_cvar_relaxed_source_lp,159910290,127874931,1000.0,1000.0,-161.13672038679763,-186.9469746106631,25.810254223865456,1000.2279994815158,842400.0,True,True,6.907218559226713e-06,0.8992165242165242,0,,,61399.02302228215,95245.69517378049,True,True,post_v161_one_drop_one_add_whole_loan_swap,post-v161 one-swap pricing only; not multi-swap or global proof,B,B,0,0,0,0,0,0,2019,2018,other,MN
v63_source_repair_return_guarded_repair,incumbent_cvar_relaxed_source_lp,159910290,126733849,1000.0,1000.0,-161.13672038679763,-186.9469746106631,25.810254223865456,1000.2279994815158,842400.0,True,True,6.907218559226713e-06,0.8992165242165242,0,,,61399.02302228215,95245.69517378049,True,True,post_v161_one_drop_one_add_whole_loan_swap,post-v161 one-swap pricing only; not multi-swap or global proof,B,B,0,0,0,4,0,3,2019,2018,other,NJ
v63_source_repair_return_guarded_repair,incumbent_cvar_relaxed_source_lp,159910290,126468092,1000.0,1000.0,-161.13672038679763,-169.50590883596908,8.369188449171446,982.7869337068219,842400.0,True,True,6.907218559226713e-06,0.8992165242165242,0,,,61421.927244839535,95276.9285757532,True,True,post_v161_one_drop_one_add_whole_loan_swap,post-v161 one-swap pricing only; not multi-swap or global proof,B,B,0,0,0,1,0,2,2019,2018,other,other
v63_source_repair_return_guarded_repair,incumbent_cvar_relaxed_source_lp,159910290,126416707,1000.0,1000.0,-161.13672038679763,-187.69320294656202,26.55648255976439,1000.9742278174148,842400.0,True,True,6.907218559226713e-06,0.8992165242165242,0,,,61398.25792761069,95244.7110555431,True,True,post_v161_one_drop_one_add_whole_loan_swap,post-v161 one-swap pricing only; not multi-swap or global proof,B,B,0,0,0,1,0,1,2019,2018,other,CA
v63_source_repair_return_guarded_repair,incumbent_cvar_relaxed_source_lp,159706782,127874931,1000.0,1000.0,-155.33436225993984,-186.9469746106631,31.612612350723253,1006.0303576083736,842400.0,True,True,6.907218559226713e-06,0.8980294396961064,0,,,61421.26227314203,95273.67396048707,True,True,post_v161_one_drop_one_add_whole_loan_swap,post-v161 one-swap pricing only; not multi-swap or global proof,B,B,1,0,3,0,2,0,2019,2018,other,MN
v63_source_repair_return_guarded_repair,incumbent_cvar_relaxed_source_lp,159706782,127672145,1000.0,1000.0,-155.33436225993984,-196.20083323856994,40.866470978630105,1015.2842162362805,842400.0,True,True,6.907218559226713e-06,0.8992165242165242,0,,,61390.15485811734,95229.3036416018,True,True,post_v161_one_drop_one_add_whole_loan_swap,post-v161 one-swap pricing only; not multi-swap or global proof,B,C,1,1,3,0,2,2,2019,2018,other,other
v63_source_repair_return_guarded_repair,incumbent_cvar_relaxed_source_lp,159706782,127475725,1000.0,1000.0,-155.33436225993984,-211.8282137432861,56.493851483346276,1030.9115967409966,842400.0,True,True,6.907218559226713e-06,0.8992165242165242,0,,,61364.26237715316,95197.2016233445,True,True,post_v161_one_drop_one_add_whole_loan_swap,post-v161 one-swap pricing only; not multi-swap or global proof,B,C,1,1,3,4,2,0,2019,2018,other,AZ
v63_source_repair_return_guarded_repair,incumbent_cvar_relaxed_source_lp,159706782,127582382,1000.0,1000.0,-155.33436225993984,-205.52183833714096,50.187476077201126,1024.6052213348514,842400.0,True,True,6.907218559226713e-06,0.8992165242165242,0,,,61306.27832297464,95118.869689095,True,True,post_v161_one_drop_one_add_whole_loan_swap,post-v161 one-swap pricing only; not multi-swap or global proof,B,D,1,2,3,3,2,0,2019,2018,other,CA
v63_source_repair_return_guarded_repair,incumbent_cvar_relaxed_source_lp,159706782,126827839,1000.0,1000.0,-155.33436225993984,-175.77898463113021,20.444622371190377,994.8623676288407,842400.0,True,True,6.907218559226713e-06,0.8992165242165242,0,,,61288.05195437209,95087.51306068704,True,True,post_v161_one_drop_one_add_whole_loan_swap,post-v161 one-swap pricing only; not multi-swap or global proof,B,E,1,2,3,0,2,4,2019,2018,other,other
v63_source_repair_return_guarded_repair,incumbent_cvar_relaxed_source_lp,159706782,126820122,1000.0,1000.0,-155.33436225993984,-201.89545162414464,46.561089364204804,1020.9788346218552,842400.0,True,True,6.907218559226713e-06,0.8992165242165242,0,,,61349.57281915542,95180.93312724309,True,True,post_v161_one_drop_one_add_whole_loan_swap,post-v161 one-swap pricing only; not multi-swap or global proof,B,C,1,1,3,0,2,1,2019,2018,other,other
v63_source_repair_return_guarded_repair,incumbent_cvar_relaxed_source_lp,159706782,126707528,1000.0,1000.0,-155.33436225993984,-226.37597165812684,71.041609398187,1045.4593546558374,842400.0,True,True,6.907218559226713e-06,0.8992165242165242,0,,,61226.69505171156,95024.95352488832,True,True,post_v161_one_drop_one_add_whole_loan_swap,post-v161 one-swap pricing only; not multi-swap or global proof,B,E,1,3,3,1,2,0,2019,2018,other,other
v63_source_repair_return_guarded_repair,incumbent_cvar_relaxed_source_lp,159706782,126733849,1000.0,1000.0,-155.33436225993984,-186.9469746106631,31.612612350723253,1006.0303576083736,842400.0,True,True,6.907218559226713e-06,0.8980294396961064,0,,,61421.26227314203,95273.67396048707,True,True,post_v161_one_drop_one_add_whole_loan_swap,post-v161 one-swap pricing only; not multi-swap or global proof,B,B,1,0,3,4,2,3,2019,2018,other,NJ
v63_source_repair_return_guarded_repair,incumbent_cvar_relaxed_source_lp,159706782,126652025,1000.0,1000.0,-155.33436225993984,-206.92821374328602,51.593851483346185,1026.0115967409965,842400.0,True,True,6.907218559226713e-06,0.8992165242165242,0,,,61364.26237715316,95197.2016233445,True,True,post_v161_one_drop_one_add_whole_loan_swap,post-v161 one-swap pricing only; not multi-swap or global proof,B,C,1,1,3,3,2,1,2019,2018,other,FL
v63_source_repair_return_guarded_repair,incumbent_cvar_relaxed_source_lp,159706782,126468092,1000.0,1000.0,-155.33436225993984,-169.50590883596908,14.171546576029243,988.5892918336797,842400.0,True,True,6.907218559226713e-06,0.8980294396961064,0,,,61444.166495699414,95304.90736245978,True,True,post_v161_one_drop_one_add_whole_loan_swap,post-v161 one-swap pricing only; not multi-swap or global proof,B,B,1,0,3,1,2,2,2019,2018,other,other
v63_source_repair_return_guarded_repair,incumbent_cvar_relaxed_source_lp,159706782,126416707,1000.0,1000.0,-155.33436225993984,-187.69320294656202,32.35884068662219,1006.7765859442726,842400.0,True,True,6.907218559226713e-06,0.8980294396961064,0,,,61420.49717847057,95272.6898422497,True,True,post_v161_one_drop_one_add_whole_loan_swap,post-v161 one-swap pricing only; not multi-swap or global proof,B,B,1,0,3,1,2,1,2019,2018,other,CA
v63_source_repair_return_guarded_repair,incumbent_cvar_relaxed_source_lp,159706782,126419064,1000.0,1000.0,-155.33436225993984,-198.85427993768698,43.519917677747145,1017.9376629353975,842400.0,True,True,6.907218559226713e-06,0.8992165242165242,0,,,61322.966295725055,95138.26472118244,True,True,post_v161_one_drop_one_add_whole_loan_swap,post-v161 one-swap pricing only; not multi-swap or global proof,B,D,1,2,3,4,2,1,2019,2018,other,other
v63_source_repair_return_guarded_repair,incumbent_cvar_relaxed_source_lp,159706782,126409482,1000.0,1000.0,-155.33436225993984,-223.9633297987982,68.62896753885838,1043.0467127965087,842400.0,True,True,6.907218559226713e-06,0.8992165242165242,0,,,61346.844689617385,95178.26276230569,True,True,post_v161_one_drop_one_add_whole_loan_swap,post-v161 one-swap pricing only; not multi-swap or global proof,B,C,1,2,3,2,2,3,2019,2018,other,other
v63_source_repair_return_guarded_repair,incumbent_cvar_relaxed_source_lp,159706782,166121358,1000.0,1000.0,-155.33436225993984,-212.03423240595197,56.69987014601213,1031.1176154036625,842400.0,True,True,6.907218559226713e-06,0.8992165242165242,0,,,61338.3489039494,95142.59232294947,True,True,post_v161_one_drop_one_add_whole_loan_swap,post-v161 one-swap pricing only; not multi-swap or global proof,B,C,1,2,3,3,2,0,2019,2020,other,MD
v63_source_repair_return_guarded_repair,incumbent_cvar_relaxed_source_lp,159706782,168701788,1000.0,1000.0,-155.33436225993984,-178.5860397151734,23.251677455233562,997.6694227128839,842400.0,True,True,6.907218559226713e-06,0.8992165242165242,0,,,61341.84145740926,95147.96244719949,True,True,post_v161_one_drop_one_add_whole_loan_swap,post-v161 one-swap pricing only; not multi-swap or global proof,B,C,1,1,3,3,2,1,2019,2020,other,TX
v63_source_repair_return_guarded_repair,incumbent_cvar_relaxed_source_lp,159706782,169887690,1000.0,1000.0,-155.33436225993984,-221.11264407259083,65.77828181265099,1040.1960270703014,842400.0,True,True,6.907218559226713e-06,0.8992165242165242,0,,,61356.499591848486,95189.21303269883,True,True,post_v161_one_drop_one_add_whole_loan_swap,post-v161 one-swap pricing only; not multi-swap or global proof,B,B,1,1,3,0,2,3,2019,2020,other,other
v63_source_repair_return_guarded_repair,incumbent_cvar_relaxed_source_lp,159706782,169358871,1000.0,1000.0,-155.33436225993984,-177.86634212741987,22.531979867480032,996.9497251251304,842400.0,True,True,6.907218559226713e-06,0.8992165242165242,0,,,61351.612474741996,95135.53741215964,True,True,post_v161_one_drop_one_add_whole_loan_swap,post-v161 one-swap pricing only; not multi-swap or global proof,B,C,1,1,3,3,2,0,2019,2020,other,VA
v63_source_repair_return_guarded_repair,incumbent_cvar_relaxed_source_lp,159706782,139506195,1000.0,1000.0,-155.33436225993984,-177.67809625327766,22.34373399333782,996.7614792509883,842400.0,True,True,6.907218559226713e-06,0.8992165242165242,0,,,61325.777794690584,95081.7557870392,True,True,post_v161_one_drop_one_add_whole_loan_swap,post-v161 one-swap pricing only; not multi-swap or global proof,B,D,1,2,3,2,2,0,2019,2018,other,CA
v63_source_repair_return_guarded_repair,incumbent_cvar_relaxed_source_lp,159706782,156823754,1000.0,1000.0,-155.33436225993984,-183.46022770133698,28.12586544139714,1002.5436106990476,842400.0,True,True,6.907218559226713e-06,0.8992165242165242,0,,,61323.37957559118,95060.85102365856,True,True,post_v161_one_drop_one_add_whole_loan_swap,post-v161 one-swap pricing only; not multi-swap or global proof,B,D,1,2,3,3,2,1,2019,2019,other,CA
v63_source_repair_return_guarded_repair,incumbent_cvar_relaxed_source_lp,159706782,156807668,1000.0,1000.0,-155.33436225993984,-175.85010442413147,20.515742164191636,994.9334874218421,842400.0,True,True,6.907218559226713e-06,0.8992165242165242,0,,,61350.81306994987,95089.12738403624,True,True,post_v161_one_drop_one_add_whole_loan_swap,post-v161 one-swap pricing only; not multi-swap or global proof,B,D,1,2,3,0,2,0,2019,2019,other,TX
v63_source_repair_return_guarded_repair,incumbent_cvar_relaxed_source_lp,159706782,156707196,1000.0,1000.0,-155.33436225993984,-158.460227701337,3.125865441397167,977.5436106990476,842400.0,True,True,6.907218559226713e-06,0.8992165242165242,0,,,61323.37957559118,95060.85102365856,True,True,post_v161_one_drop_one_add_whole_loan_swap,post-v161 one-swap pricing only; not multi-swap or global proof,B,D,1,2,3,2,2,0,2019,2019,other,other
v63_source_repair_return_guarded_repair,incumbent_cvar_relaxed_source_lp,159599612,127874931,1000.0,1000.0,-182.1403341611855,-186.9469746106631,4.806640449477584,979.224385707128,842400.0,True,True,6.907218559226713e-06,0.8992165242165242,0,,,61420.550803526654,95272.89690182295,True,True,post_v161_one_drop_one_add_whole_loan_swap,post-v161 one-swap pricing only; not multi-swap or global proof,B,B,0,0,0,0,2,0,2019,2018,other,MN
v63_source_repair_return_guarded_repair,incumbent_cvar_relaxed_source_lp,159599612,126733849,1000.0,1000.0,-182.1403341611855,-186.9469746106631,4.806640449477584,979.224385707128,842400.0,True,True,6.907218559226713e-06,0.8992165242165242,0,,,61420.550803526654,95272.89690182295,True,True,post_v161_one_drop_one_add_whole_loan_swap,post-v161 one-swap pricing only; not multi-swap or global proof,B,B,0,0,0,4,2,3,2019,2018,other,NJ
v63_source_repair_return_guarded_repair,incumbent_cvar_relaxed_source_lp,159599612,126416707,1000.0,1000.0,-182.1403341611855,-187.69320294656202,5.552868785376518,979.9706140430269,842400.0,True,True,6.907218559226713e-06,0.8992165242165242,0,,,61419.785708855205,95271.91278358558,True,True,post_v161_one_drop_one_add_whole_loan_swap,post-v161 one-swap pricing only; not multi-swap or global proof,B,B,0,0,0,1,2,1,2019,2018,other,CA
v63_source_repair_return_guarded_repair,incumbent_cvar_relaxed_source_lp,166250976,127011905,1500.0,1500.0,-309.05270116750563,-310.3923206149292,1.3396194474235585,975.757364705074,842400.0,True,True,6.907218559226713e-06,0.8992165242165242,0,,,61600.66892514618,95410.63986459162,True,True,post_v161_one_drop_one_add_whole_loan_swap,post-v161 one-swap pricing only; not multi-swap or global proof,D,C,3,1,3,2,3,2,2020,2018,other,other
v63_source_repair_return_guarded_repair,incumbent_cvar_relaxed_source_lp,166250976,126620912,1500.0,1500.0,-309.05270116750563,-319.768173516142,10.715472348636354,985.1332176062867,842400.0,True,True,6.907218559226713e-06,0.8992165242165242,0,,,61653.360065247994,95485.5688423834,True,True,post_v161_one_drop_one_add_whole_loan_swap,post-v161 one-swap pricing only; not multi-swap or global proof,D,B,3,1,3,0,3,0,2020,2018,other,other
v63_source_repair_return_guarded_repair,incumbent_cvar_relaxed_source_lp,166250976,167713836,1500.0,1500.0,-309.05270116750563,-323.27724824243177,14.224547074926136,988.6422923325765,842400.0,True,True,6.907218559226713e-06,0.8992165242165242,0,,,61569.912734574915,95335.83390038359,True,True,post_v161_one_drop_one_add_whole_loan_swap,post-v161 one-swap pricing only; not multi-swap or global proof,D,C,3,1,3,1,3,4,2020,2020,other,other
v63_source_repair_return_guarded_repair,incumbent_cvar_relaxed_source_lp,167229436,126707528,1000.0,1000.0,-213.44390595470978,-226.37597165812684,12.932065703417067,987.3498109610674,842400.0,True,True,6.907218559226713e-06,0.8992165242165242,0,,,61386.04003486826,95174.65268337372,True,True,post_v161_one_drop_one_add_whole_loan_swap,post-v161 one-swap pricing only; not multi-swap or global proof,D,E,2,3,1,1,3,0,2020,2018,TX,other
v63_source_repair_return_guarded_repair,incumbent_cvar_relaxed_source_lp,167229436,126409482,1000.0,1000.0,-213.44390595470978,-223.9633297987982,10.519423844088436,984.9371691017388,842400.0,True,True,6.907218559226713e-06,0.8992165242165242,0,,,61506.18967277408,95327.96192079107,True,True,post_v161_one_drop_one_add_whole_loan_swap,post-v161 one-swap pricing only; not multi-swap or global proof,D,C,2,2,1,2,3,3,2020,2018,TX,other
v63_source_repair_return_guarded_repair,incumbent_cvar_relaxed_source_lp,167229436,169887690,1000.0,1000.0,-213.44390595470978,-221.11264407259083,7.668738117881048,982.0864833755314,842400.0,True,True,6.907218559226713e-06,0.8992165242165242,0,,,61515.84457500519,95338.91219118422,True,True,post_v161_one_drop_one_add_whole_loan_swap,post-v161 one-swap pricing only; not multi-swap or global proof,D,B,2,1,1,0,3,3,2020,2020,TX,other
v63_source_repair_return_guarded_repair,incumbent_cvar_relaxed_source_lp,167016320,167713836,1500.0,1500.0,-319.9300234468974,-323.27724824243177,3.3472247955343732,977.7649700531847,842400.0,True,True,6.907218559226713e-06,0.8992165242165242,0,,,61461.50486511516,95226.45556550052,True,True,post_v161_one_drop_one_add_whole_loan_swap,post-v161 one-swap pricing only; not multi-swap or global proof,C,C,2,1,3,1,2,4,2020,2020,NY,other
v63_source_repair_return_guarded_repair,incumbent_cvar_relaxed_source_lp,165751654,167713836,1500.0,1500.0,-322.69687927583516,-323.27724824243177,0.580368966596609,974.998114224247,842400.0,True,True,6.907218559226713e-06,0.8992165242165242,0,,,61543.87016632006,95351.06668941147,True,True,post_v161_one_drop_one_add_whole_loan_swap,post-v161 one-swap pricing only; not multi-swap or global proof,D,C,3,1,4,1,2,4,2020,2020,NV,other
v63_source_repair_return_guarded_repair,incumbent_cvar_relaxed_source_lp,165044797,169005860,2000.0,2000.0,-385.05034621790725,-393.55925260534593,8.508906387438685,982.9266516450891,842400.0,True,True,6.907218559226713e-06,0.8992165242165242,0,,,61393.08993412436,95285.35583145541,True,True,post_v161_one_drop_one_add_whole_loan_swap,post-v161 one-swap pricing only; not multi-swap or global proof,C,B,1,1,2,3,0,1,2020,2020,NY,FL
v63_source_repair_return_guarded_repair,incumbent_cvar_relaxed_source_lp,164658575,126707528,1000.0,1000.0,-225.58206673965188,-226.37597165812684,0.7939049184749649,975.2116501761253,842400.0,True,True,6.907218559226713e-06,0.8992165242165242,0,,,61337.252553960614,95107.22573714372,True,True,post_v161_one_drop_one_add_whole_loan_swap,post-v161 one-swap pricing only; not multi-swap or global proof,C,E,2,3,4,1,1,0,2020,2018,WA,other
v63_source_repair_return_guarded_repair,incumbent_cvar_relaxed_source_lp,164456389,127392982,3000.0,2500.0,-386.4700038281736,-393.1671599090251,6.697156080851471,981.1149013385018,842900.0,True,True,0.0005129743485339233,0.8957171669237157,0,,,62025.28981451722,96143.68678233513,True,True,post_v161_one_drop_one_add_whole_loan_swap,post-v161 one-swap pricing only; not multi-swap or global proof,D,B,2,0,4,1,2,3,2020,2018,CA,CA
v63_source_repair_return_guarded_repair,incumbent_cvar_relaxed_source_lp,164456389,167137941,3000.0,3000.0,-386.4700038281736,-445.1753118629482,58.70530803477459,1033.123053292425,842400.0,True,True,6.907218559226713e-06,0.8956552706552706,0,,,61927.32738715269,95892.64824935142,True,True,post_v161_one_drop_one_add_whole_loan_swap,post-v161 one-swap pricing only; not multi-swap or global proof,D,B,2,0,4,2,2,0,2020,2020,CA,CA
v63_source_repair_return_guarded_repair,incumbent_cvar_relaxed_source_lp,164456389,169005860,3000.0,2000.0,-386.4700038281736,-393.55925260534593,7.089248777172315,981.5069940348227,843400.0,True,True,0.0010184414463412228,0.8981503438463363,0,,,61970.840746291535,96090.17131343618,True,True,post_v161_one_drop_one_add_whole_loan_swap,post-v161 one-swap pricing only; not multi-swap or global proof,D,B,2,1,4,3,2,1,2020,2020,CA,FL
v63_source_repair_return_guarded_repair,incumbent_cvar_relaxed_source_lp,164297639,127672145,1000.0,1000.0,-191.36724765437984,-196.20083323856994,4.833585584190104,979.2513308418405,842400.0,True,True,6.907218559226713e-06,0.8992165242165242,0,,,61438.60960376046,95279.10771273938,True,True,post_v161_one_drop_one_add_whole_loan_swap,post-v161 one-swap pricing only; not multi-swap or global proof,C,C,1,1,3,0,2,2,2020,2018,CA,other
v63_source_repair_return_guarded_repair,incumbent_cvar_relaxed_source_lp,164297639,127475725,1000.0,1000.0,-191.36724765437984,-211.8282137432861,20.460966088906275,994.8787113465567,842400.0,True,True,6.907218559226713e-06,0.8992165242165242,0,,,61412.71712279628,95247.0056944821,True,True,post_v161_one_drop_one_add_whole_loan_swap,post-v161 one-swap pricing only; not multi-swap or global proof,C,C,1,1,3,4,2,0,2020,2018,CA,AZ
v63_source_repair_return_guarded_repair,incumbent_cvar_relaxed_source_lp,164297639,127582382,1000.0,1000.0,-191.36724765437984,-205.52183833714096,14.154590682761125,988.5723359404114,842400.0,True,True,6.907218559226713e-06,0.8992165242165242,0,,,61354.733068617774,95168.67376023259,True,True,post_v161_one_drop_one_add_whole_loan_swap,post-v161 one-swap pricing only; not multi-swap or global proof,C,D,1,2,3,3,2,0,2020,2018,CA,CA
v63_source_repair_return_guarded_repair,incumbent_cvar_relaxed_source_lp,164297639,126820122,1000.0,1000.0,-191.36724765437984,-201.89545162414464,10.528203969764803,984.9459492274152,842400.0,True,True,6.907218559226713e-06,0.8992165242165242,0,,,61398.027564798555,95230.73719838065,True,True,post_v161_one_drop_one_add_whole_loan_swap,post-v161 one-swap pricing only; not multi-swap or global proof,C,C,1,1,3,0,2,1,2020,2018,CA,other
v63_source_repair_return_guarded_repair,incumbent_cvar_relaxed_source_lp,164297639,126707528,1000.0,1000.0,-191.36724765437984,-226.37597165812684,35.008724003747005,1009.4264692613974,842400.0,True,True,6.907218559226713e-06,0.8992165242165242,0,,,61275.14979735469,95074.75759602591,True,True,post_v161_one_drop_one_add_whole_loan_swap,post-v161 one-swap pricing only; not multi-swap or global proof,C,E,1,3,3,1,2,0,2020,2018,CA,other
v63_source_repair_return_guarded_repair,incumbent_cvar_relaxed_source_lp,164297639,126652025,1000.0,1000.0,-191.36724765437984,-206.92821374328602,15.560966088906184,989.9787113465566,842400.0,True,True,6.907218559226713e-06,0.8992165242165242,0,,,61412.71712279628,95247.0056944821,True,True,post_v161_one_drop_one_add_whole_loan_swap,post-v161 one-swap pricing only; not multi-swap or global proof,C,C,1,1,3,3,2,1,2020,2018,CA,FL
v63_source_repair_return_guarded_repair,incumbent_cvar_relaxed_source_lp,164297639,126419064,1000.0,1000.0,-191.36724765437984,-198.85427993768698,7.487032283307144,981.9047775409575,842400.0,True,True,6.907218559226713e-06,0.8992165242165242,0,,,61371.42104136819,95188.06879232003,True,True,post_v161_one_drop_one_add_whole_loan_swap,post-v161 one-swap pricing only; not multi-swap or global proof,C,D,1,2,3,4,2,1,2020,2018,CA,other
v63_source_repair_return_guarded_repair,incumbent_cvar_relaxed_source_lp,164297639,126409482,1000.0,1000.0,-191.36724765437984,-223.9633297987982,32.596082144418375,1007.0138274020687,842400.0,True,True,6.907218559226713e-06,0.8992165242165242,0,,,61395.2994352605,95228.06683344326,True,True,post_v161_one_drop_one_add_whole_loan_swap,post-v161 one-swap pricing only; not multi-swap or global proof,C,C,1,2,3,2,2,3,2020,2018,CA,other
v63_source_repair_return_guarded_repair,incumbent_cvar_relaxed_source_lp,164297639,166121358,1000.0,1000.0,-191.36724765437984,-212.03423240595197,20.66698475157213,995.0847300092225,842400.0,True,True,6.907218559226713e-06,0.8992165242165242,0,,,61386.80364959253,95192.39639408706,True,True,post_v161_one_drop_one_add_whole_loan_swap,post-v161 one-swap pricing only; not multi-swap or global proof,C,C,1,2,3,3,2,0,2020,2020,CA,MD
v63_source_repair_return_guarded_repair,incumbent_cvar_relaxed_source_lp,164297639,169887690,1000.0,1000.0,-191.36724765437984,-221.11264407259083,29.745396418210987,1004.1631416758614,842400.0,True,True,6.907218559226713e-06,0.8992165242165242,0,,,61404.95433749162,95239.01710383642,True,True,post_v161_one_drop_one_add_whole_loan_swap,post-v161 one-swap pricing only; not multi-swap or global proof,C,B,1,1,3,0,2,3,2020,2020,CA,other
