policy_id,regime_v204,added_loan_id_v204,dropped_loan_id_v204,added_loan_amount_v204,dropped_loan_amount_v204,added_mean_return_v204,dropped_mean_return_v204,return_delta_v204,objective_return_after_swap_v204,exposure_after_swap_v204,budget_swap_feasible_v204,source_swap_feasible_v204,source_min_slack_after_swap_v204,max_source_share_after_swap_v204,source_cap_violations_after_swap_v204,first_source_block_family_v204,first_source_block_id_v204,loss_mean_after_swap_v204,cvar90_after_swap_v204,cvar_swap_feasible_v204,one_swap_improves_return_v204,integer_screen_scope_v204,claim_boundary_v204,added_grade_v204,dropped_grade_v204,added_score_decile_v204,dropped_score_decile_v204,added_income_band_v204,dropped_income_band_v204,added_dti_band_v204,dropped_dti_band_v204,added_period_v204,dropped_period_v204,added_state_top20_v204,dropped_state_top20_v204
v63_source_repair_return_guarded_repair,incumbent_cvar_relaxed_source_lp,129916061,126733849,1000.0,1000.0,-160.93230437909457,-186.9469746106631,26.014670231568516,2402.783679143231,842425.0,True,True,3.222484231535372e-05,0.8995459536457251,0,,,61389.586808757565,96775.53896825381,True,True,post_v203_one_drop_one_add_whole_loan_swap,post-v203 one-swap pricing only; not multi-swap or global proof,B,B,0,0,2,4,1,3,2018,2018,FL,NJ
v63_source_repair_return_guarded_repair,incumbent_cvar_relaxed_source_lp,129916061,126468092,1000.0,1000.0,-160.93230437909457,-169.50590883596908,8.573604456874506,2385.3426133685366,842425.0,True,True,3.222484231535372e-05,0.8995459536457251,0,,,61412.49103131495,96806.77237022654,True,True,post_v203_one_drop_one_add_whole_loan_swap,post-v203 one-swap pricing only; not multi-swap or global proof,B,B,0,0,2,1,1,2,2018,2018,FL,other
v63_source_repair_return_guarded_repair,incumbent_cvar_relaxed_source_lp,129248891,126733849,1000.0,1000.0,-173.9967844806681,-186.9469746106631,12.95019012999498,2389.7191990416572,842425.0,True,True,3.222484231535372e-05,0.8995459536457251,0,,,61413.020173901095,96809.29106250615,True,True,post_v203_one_drop_one_add_whole_loan_swap,post-v203 one-swap pricing only; not multi-swap or global proof,B,B,0,0,0,4,0,3,2018,2018,NJ,NJ
v63_source_repair_return_guarded_repair,incumbent_cvar_relaxed_source_lp,129439138,126733849,1000.0,1000.0,-183.79678448066824,-186.9469746106631,3.1501901299948543,2379.919199041657,842425.0,True,True,3.222484231535372e-05,0.8995459536457251,0,,,61413.020173901095,96809.29106250615,True,True,post_v203_one_drop_one_add_whole_loan_swap,post-v203 one-swap pricing only; not multi-swap or global proof,B,B,0,0,4,4,3,3,2018,2018,TX,NJ
v63_source_repair_return_guarded_repair,incumbent_cvar_relaxed_source_lp,129383512,127672145,1000.0,1000.0,-185.03707750315334,-196.20083323856994,11.1637557354166,2387.932764647079,842425.0,True,True,3.222484231535372e-05,0.8995459536457251,0,,,61508.26229599188,96934.99494242399,True,True,post_v203_one_drop_one_add_whole_loan_swap,post-v203 one-swap pricing only; not multi-swap or global proof,D,C,2,1,2,0,0,2,2018,2018,TX,other
v63_source_repair_return_guarded_repair,incumbent_cvar_relaxed_source_lp,129383512,126733849,1000.0,1000.0,-185.03707750315334,-186.9469746106631,1.9098971075097495,2378.678906019172,842425.0,True,True,3.222484231535372e-05,0.8983589043535033,0,,,61539.36971101656,96979.36526130929,True,True,post_v203_one_drop_one_add_whole_loan_swap,post-v203 one-swap pricing only; not multi-swap or global proof,D,B,2,0,2,4,0,3,2018,2018,TX,NJ
v63_source_repair_return_guarded_repair,incumbent_cvar_relaxed_source_lp,128561503,127672145,1000.0,1000.0,-183.30232614833292,-196.20083323856994,12.898507090237018,2389.6675160018995,842425.0,True,True,3.222484231535372e-05,0.8995459536457251,0,,,61467.857671462065,96884.70009431046,True,True,post_v203_one_drop_one_add_whole_loan_swap,post-v203 one-swap pricing only; not multi-swap or global proof,D,C,1,1,4,0,1,2,2018,2018,other,other
v63_source_repair_return_guarded_repair,incumbent_cvar_relaxed_source_lp,128561503,126733849,1000.0,1000.0,-183.30232614833292,-186.9469746106631,3.644648462330167,2380.4136573739925,842425.0,True,True,3.222484231535372e-05,0.8983589043535033,0,,,61498.96508648674,96929.07041319575,True,True,post_v203_one_drop_one_add_whole_loan_swap,post-v203 one-swap pricing only; not multi-swap or global proof,D,B,1,0,4,4,1,3,2018,2018,other,NJ
v63_source_repair_return_guarded_repair,incumbent_cvar_relaxed_source_lp,128561503,156823754,1000.0,1000.0,-183.30232614833292,-183.46022770133698,0.15790155300405218,2376.9269104646664,842425.0,True,True,3.222484231535372e-05,0.8995459536457251,0,,,61401.08238893589,96716.2474763672,True,True,post_v203_one_drop_one_add_whole_loan_swap,post-v203 one-swap pricing only; not multi-swap or global proof,D,D,1,2,4,3,1,1,2018,2019,other,CA
v63_source_repair_return_guarded_repair,incumbent_cvar_relaxed_source_lp,127184845,127672145,1000.0,1000.0,-189.0370775031534,-196.20083323856994,7.163755735416544,2383.932764647079,842425.0,True,True,3.222484231535372e-05,0.8995459536457251,0,,,61508.26229599188,96934.99494242399,True,True,post_v203_one_drop_one_add_whole_loan_swap,post-v203 one-swap pricing only; not multi-swap or global proof,D,C,2,1,1,0,0,2,2018,2018,TX,other
v63_source_repair_return_guarded_repair,incumbent_cvar_relaxed_source_lp,135434670,126733849,1000.0,1000.0,-169.9123147501927,-186.9469746106631,17.034659860470384,2393.803668772133,842425.0,True,True,3.222484231535372e-05,0.8995459536457251,0,,,61410.31194164546,96812.53563521813,True,True,post_v203_one_drop_one_add_whole_loan_swap,post-v203 one-swap pricing only; not multi-swap or global proof,B,B,0,0,2,4,0,3,2018,2018,CA,NJ
v63_source_repair_return_guarded_repair,incumbent_cvar_relaxed_source_lp,134226742,126733849,1000.0,1000.0,-175.77909796159472,-186.9469746106631,11.167876649068376,2387.936885560731,842425.0,True,True,3.222484231535372e-05,0.8995459536457251,0,,,61411.3156016949,96827.96168988779,True,True,post_v203_one_drop_one_add_whole_loan_swap,post-v203 one-swap pricing only; not multi-swap or global proof,B,B,0,0,2,4,2,3,2018,2018,PA,NJ
v63_source_repair_return_guarded_repair,incumbent_cvar_relaxed_source_lp,134320828,126733849,1000.0,1000.0,-175.77909796159472,-186.9469746106631,11.167876649068376,2387.936885560731,842425.0,True,True,3.222484231535372e-05,0.8995459536457251,0,,,61411.3156016949,96827.96168988779,True,True,post_v203_one_drop_one_add_whole_loan_swap,post-v203 one-swap pricing only; not multi-swap or global proof,B,B,0,0,0,4,0,3,2018,2018,IL,NJ
v63_source_repair_return_guarded_repair,incumbent_cvar_relaxed_source_lp,132998370,126733849,1000.0,1000.0,-172.24385736444108,-186.9469746106631,14.703117246222007,2391.4721261578843,842425.0,True,True,3.222484231535372e-05,0.8995459536457251,0,,,61411.17695243542,96827.78879963866,True,True,post_v203_one_drop_one_add_whole_loan_swap,post-v203 one-swap pricing only; not multi-swap or global proof,B,B,0,0,2,4,1,3,2018,2018,MD,NJ
v63_source_repair_return_guarded_repair,incumbent_cvar_relaxed_source_lp,132826039,127672145,1000.0,1000.0,-195.24431793386313,-196.20083323856994,0.9565153047068122,2377.725524216369,842425.0,True,True,3.222484231535372e-05,0.8995459536457251,0,,,61440.20108615418,96868.4471321301,True,True,post_v203_one_drop_one_add_whole_loan_swap,post-v203 one-swap pricing only; not multi-swap or global proof,C,C,1,1,3,0,0,2,2018,2018,MD,other
v63_source_repair_return_guarded_repair,incumbent_cvar_relaxed_source_lp,132370030,126483031,1200.0,1200.0,-197.76674388110365,-200.480236756332,2.7134928752283543,2379.4825017868907,842425.0,True,True,3.222484231535372e-05,0.8995459536457251,0,,,61454.77410556178,96880.5675511646,True,True,post_v203_one_drop_one_add_whole_loan_swap,post-v203 one-swap pricing only; not multi-swap or global proof,B,B,0,0,1,2,0,0,2018,2018,NY,FL
v63_source_repair_return_guarded_repair,incumbent_cvar_relaxed_source_lp,131574675,126733849,1000.0,1000.0,-157.0638633390644,-186.9469746106631,29.883111271598693,2406.652120183261,842425.0,True,True,3.222484231535372e-05,0.8995459536457251,0,,,61395.61407703525,96788.3763816967,True,True,post_v203_one_drop_one_add_whole_loan_swap,post-v203 one-swap pricing only; not multi-swap or global proof,B,B,0,0,4,4,0,3,2018,2018,TX,NJ
v63_source_repair_return_guarded_repair,incumbent_cvar_relaxed_source_lp,131574675,126468092,1000.0,1000.0,-157.0638633390644,-169.50590883596908,12.442045496904683,2389.2110544085667,842425.0,True,True,3.222484231535372e-05,0.8995459536457251,0,,,61418.51829959264,96819.60978366944,True,True,post_v203_one_drop_one_add_whole_loan_swap,post-v203 one-swap pricing only; not multi-swap or global proof,B,B,0,0,4,1,0,2,2018,2018,TX,other
v63_source_repair_return_guarded_repair,incumbent_cvar_relaxed_source_lp,131167085,126733849,1000.0,1000.0,-180.50561990091967,-186.9469746106631,6.441354709743422,2383.2103636214056,842425.0,True,True,3.222484231535372e-05,0.8995459536457251,0,,,61419.63121900953,96823.46724171155,True,True,post_v203_one_drop_one_add_whole_loan_swap,post-v203 one-swap pricing only; not multi-swap or global proof,B,B,0,0,3,4,0,3,2018,2018,WA,NJ
v63_source_repair_return_guarded_repair,incumbent_cvar_relaxed_source_lp,140620222,127672145,1000.0,1000.0,-161.9757189883544,-196.20083323856994,34.22511425021554,2410.9941231618777,842425.0,True,True,3.222484231535372e-05,0.8995459536457251,0,,,61499.6228070333,96961.07781051073,True,True,post_v203_one_drop_one_add_whole_loan_swap,post-v203 one-swap pricing only; not multi-swap or global proof,E,C,2,1,2,0,0,2,2018,2018,FL,other
v63_source_repair_return_guarded_repair,incumbent_cvar_relaxed_source_lp,140620222,126827839,1000.0,1000.0,-161.9757189883544,-175.77898463113021,13.803265642775813,2390.572274554438,842425.0,True,True,3.222484231535372e-05,0.8995459536457251,0,,,61397.51990328805,96819.28722959595,True,True,post_v203_one_drop_one_add_whole_loan_swap,post-v203 one-swap pricing only; not multi-swap or global proof,E,E,2,2,2,0,0,4,2018,2018,FL,other
v63_source_repair_return_guarded_repair,incumbent_cvar_relaxed_source_lp,140620222,126733849,1000.0,1000.0,-161.9757189883544,-186.9469746106631,24.97125562230869,2401.7402645339707,842425.0,True,True,3.222484231535372e-05,0.8983589043535033,0,,,61530.73022205799,97005.44812939597,True,True,post_v203_one_drop_one_add_whole_loan_swap,post-v203 one-swap pricing only; not multi-swap or global proof,E,B,2,0,2,4,0,3,2018,2018,FL,NJ
v63_source_repair_return_guarded_repair,incumbent_cvar_relaxed_source_lp,140620222,126468092,1000.0,1000.0,-161.9757189883544,-169.50590883596908,7.530189847614679,2384.299198759277,842425.0,True,True,3.222484231535372e-05,0.8983589043535033,0,,,61553.634444615374,97036.6815313687,True,True,post_v203_one_drop_one_add_whole_loan_swap,post-v203 one-swap pricing only; not multi-swap or global proof,E,B,2,0,2,1,0,2,2018,2018,FL,other
v63_source_repair_return_guarded_repair,incumbent_cvar_relaxed_source_lp,140620222,168701788,1000.0,1000.0,-161.9757189883544,-178.5860397151734,16.610320726818998,2393.379329638481,842425.0,True,True,3.222484231535372e-05,0.8995459536457251,0,,,61451.30940632522,96879.7366161084,True,True,post_v203_one_drop_one_add_whole_loan_swap,post-v203 one-swap pricing only; not multi-swap or global proof,E,C,2,1,2,3,0,1,2018,2020,FL,TX
v63_source_repair_return_guarded_repair,incumbent_cvar_relaxed_source_lp,140620222,169358871,1000.0,1000.0,-161.9757189883544,-177.86634212741987,15.890623139065468,2392.659632050728,842425.0,True,True,3.222484231535372e-05,0.8995459536457251,0,,,61461.08042365796,96867.31158106857,True,True,post_v203_one_drop_one_add_whole_loan_swap,post-v203 one-swap pricing only; not multi-swap or global proof,E,C,2,1,2,3,0,0,2018,2020,FL,VA
v63_source_repair_return_guarded_repair,incumbent_cvar_relaxed_source_lp,140620222,139506195,1000.0,1000.0,-161.9757189883544,-177.67809625327766,15.702377264923257,2392.4713861765854,842425.0,True,True,3.222484231535372e-05,0.8995459536457251,0,,,61435.245743606545,96813.5299559481,True,True,post_v203_one_drop_one_add_whole_loan_swap,post-v203 one-swap pricing only; not multi-swap or global proof,E,D,2,2,2,2,0,0,2018,2018,FL,CA
v63_source_repair_return_guarded_repair,incumbent_cvar_relaxed_source_lp,140620222,156823754,1000.0,1000.0,-161.9757189883544,-183.46022770133698,21.484508712982574,2398.2535176246447,842425.0,True,True,3.222484231535372e-05,0.8995459536457251,0,,,61432.847524507146,96792.62519256747,True,True,post_v203_one_drop_one_add_whole_loan_swap,post-v203 one-swap pricing only; not multi-swap or global proof,E,D,2,2,2,3,0,1,2018,2019,FL,CA
v63_source_repair_return_guarded_repair,incumbent_cvar_relaxed_source_lp,140620222,156807668,1000.0,1000.0,-161.9757189883544,-175.85010442413147,13.874385435777072,2390.6433943474394,842425.0,True,True,3.222484231535372e-05,0.8995459536457251,0,,,61460.28101886585,96820.90155294516,True,True,post_v203_one_drop_one_add_whole_loan_swap,post-v203 one-swap pricing only; not multi-swap or global proof,E,D,2,2,2,0,0,0,2018,2019,FL,TX
v63_source_repair_return_guarded_repair,incumbent_cvar_relaxed_source_lp,141017853,127672145,1000.0,1000.0,-160.86500878453754,-196.20083323856994,35.335824454032405,2412.1048333656945,842425.0,True,True,3.222484231535372e-05,0.8995459536457251,0,,,61508.35761675569,96972.56550419095,True,True,post_v203_one_drop_one_add_whole_loan_swap,post-v203 one-swap pricing only; not multi-swap or global proof,E,C,2,1,4,0,0,2,2018,2018,VA,other
v63_source_repair_return_guarded_repair,incumbent_cvar_relaxed_source_lp,141017853,126827839,1000.0,1000.0,-160.86500878453754,-175.77898463113021,14.913975846592677,2391.682984758255,842425.0,True,True,3.222484231535372e-05,0.8995459536457251,0,,,61406.254713010436,96830.77492327616,True,True,post_v203_one_drop_one_add_whole_loan_swap,post-v203 one-swap pricing only; not multi-swap or global proof,E,E,2,2,4,0,0,4,2018,2018,VA,other
v63_source_repair_return_guarded_repair,incumbent_cvar_relaxed_source_lp,141017853,126733849,1000.0,1000.0,-160.86500878453754,-186.9469746106631,26.081965826125554,2402.850974737788,842425.0,True,True,3.222484231535372e-05,0.8983589043535033,0,,,61539.46503178038,97016.93582307619,True,True,post_v203_one_drop_one_add_whole_loan_swap,post-v203 one-swap pricing only; not multi-swap or global proof,E,B,2,0,4,4,0,3,2018,2018,VA,NJ
v63_source_repair_return_guarded_repair,incumbent_cvar_relaxed_source_lp,141017853,126468092,1000.0,1000.0,-160.86500878453754,-169.50590883596908,8.640900051431544,2385.4099089630936,842425.0,True,True,3.222484231535372e-05,0.8983589043535033,0,,,61562.36925433777,97048.16922504891,True,True,post_v203_one_drop_one_add_whole_loan_swap,post-v203 one-swap pricing only; not multi-swap or global proof,E,B,2,0,4,1,0,2,2018,2018,VA,other
v63_source_repair_return_guarded_repair,incumbent_cvar_relaxed_source_lp,141017853,168701788,1000.0,1000.0,-160.86500878453754,-178.5860397151734,17.721030930635862,2394.4900398422983,842425.0,True,True,3.222484231535372e-05,0.8995459536457251,0,,,61460.04421604761,96891.22430978862,True,True,post_v203_one_drop_one_add_whole_loan_swap,post-v203 one-swap pricing only; not multi-swap or global proof,E,C,2,1,4,3,0,1,2018,2020,VA,TX
v63_source_repair_return_guarded_repair,incumbent_cvar_relaxed_source_lp,141017853,169358871,1000.0,1000.0,-160.86500878453754,-177.86634212741987,17.001333342882333,2393.7703422545446,842425.0,True,True,3.222484231535372e-05,0.8995459536457251,0,,,61469.81523338035,96878.7992747488,True,True,post_v203_one_drop_one_add_whole_loan_swap,post-v203 one-swap pricing only; not multi-swap or global proof,E,C,2,1,4,3,0,0,2018,2020,VA,VA
v63_source_repair_return_guarded_repair,incumbent_cvar_relaxed_source_lp,141017853,139506195,1000.0,1000.0,-160.86500878453754,-177.67809625327766,16.81308746874012,2393.582096380402,842425.0,True,True,3.222484231535372e-05,0.8995459536457251,0,,,61443.98055332893,96825.01764962832,True,True,post_v203_one_drop_one_add_whole_loan_swap,post-v203 one-swap pricing only; not multi-swap or global proof,E,D,2,2,4,2,0,0,2018,2018,VA,CA
v63_source_repair_return_guarded_repair,incumbent_cvar_relaxed_source_lp,141017853,156823754,1000.0,1000.0,-160.86500878453754,-183.46022770133698,22.59521891679944,2399.3642278284615,842425.0,True,True,3.222484231535372e-05,0.8995459536457251,0,,,61441.582334229526,96804.11288624769,True,True,post_v203_one_drop_one_add_whole_loan_swap,post-v203 one-swap pricing only; not multi-swap or global proof,E,D,2,2,4,3,0,1,2018,2019,VA,CA
v63_source_repair_return_guarded_repair,incumbent_cvar_relaxed_source_lp,141017853,156807668,1000.0,1000.0,-160.86500878453754,-175.85010442413147,14.985095639593936,2391.754104551256,842425.0,True,True,3.222484231535372e-05,0.8995459536457251,0,,,61469.015828588235,96832.38924662536,True,True,post_v203_one_drop_one_add_whole_loan_swap,post-v203 one-swap pricing only; not multi-swap or global proof,E,D,2,2,4,0,0,0,2018,2019,VA,TX
v63_source_repair_return_guarded_repair,incumbent_cvar_relaxed_source_lp,140861718,127672145,1000.0,1000.0,-168.7891671871381,-196.20083323856994,27.411666051431837,2404.180674963094,842425.0,True,True,3.222484231535372e-05,0.8995459536457251,0,,,61452.04570521219,96887.1191426777,True,True,post_v203_one_drop_one_add_whole_loan_swap,post-v203 one-swap pricing only; not multi-swap or global proof,D,C,1,1,3,0,4,2,2018,2018,MD,other
v63_source_repair_return_guarded_repair,incumbent_cvar_relaxed_source_lp,140861718,126827839,1000.0,1000.0,-168.7891671871381,-175.77898463113021,6.989817443992109,2383.7588263556545,842425.0,True,True,3.222484231535372e-05,0.8995459536457251,0,,,61349.94280146693,96745.32856176292,True,True,post_v203_one_drop_one_add_whole_loan_swap,post-v203 one-swap pricing only; not multi-swap or global proof,D,E,1,2,3,0,4,4,2018,2018,MD,other
v63_source_repair_return_guarded_repair,incumbent_cvar_relaxed_source_lp,140861718,126733849,1000.0,1000.0,-168.7891671871381,-186.9469746106631,18.157807423524986,2394.926816335187,842425.0,True,True,3.222484231535372e-05,0.8983589043535033,0,,,61483.15312023688,96931.48946156296,True,True,post_v203_one_drop_one_add_whole_loan_swap,post-v203 one-swap pricing only; not multi-swap or global proof,D,B,1,0,3,4,4,3,2018,2018,MD,NJ
v63_source_repair_return_guarded_repair,incumbent_cvar_relaxed_source_lp,140861718,126468092,1000.0,1000.0,-168.7891671871381,-169.50590883596908,0.7167416488309755,2377.485750560493,842425.0,True,True,3.222484231535372e-05,0.8983589043535033,0,,,61506.05734279427,96962.72286353566,True,True,post_v203_one_drop_one_add_whole_loan_swap,post-v203 one-swap pricing only; not multi-swap or global proof,D,B,1,0,3,1,4,2,2018,2018,MD,other
v63_source_repair_return_guarded_repair,incumbent_cvar_relaxed_source_lp,140861718,168701788,1000.0,1000.0,-168.7891671871381,-178.5860397151734,9.796872528035294,2386.5658814396975,842425.0,True,True,3.222484231535372e-05,0.8995459536457251,0,,,61403.73230450411,96805.77794827537,True,True,post_v203_one_drop_one_add_whole_loan_swap,post-v203 one-swap pricing only; not multi-swap or global proof,D,C,1,1,3,3,4,1,2018,2020,MD,TX
v63_source_repair_return_guarded_repair,incumbent_cvar_relaxed_source_lp,140861718,169358871,1000.0,1000.0,-168.7891671871381,-177.86634212741987,9.077174940281765,2385.846183851944,842425.0,True,True,3.222484231535372e-05,0.8995459536457251,0,,,61413.50332183685,96793.35291323553,True,True,post_v203_one_drop_one_add_whole_loan_swap,post-v203 one-swap pricing only; not multi-swap or global proof,D,C,1,1,3,3,4,0,2018,2020,MD,VA
v63_source_repair_return_guarded_repair,incumbent_cvar_relaxed_source_lp,140861718,139506195,1000.0,1000.0,-168.7891671871381,-177.67809625327766,8.888929066139553,2385.657937977802,842425.0,True,True,3.222484231535372e-05,0.8995459536457251,0,,,61387.668641785436,96739.57128811505,True,True,post_v203_one_drop_one_add_whole_loan_swap,post-v203 one-swap pricing only; not multi-swap or global proof,D,D,1,2,3,2,4,0,2018,2018,MD,CA
v63_source_repair_return_guarded_repair,incumbent_cvar_relaxed_source_lp,140861718,156823754,1000.0,1000.0,-168.7891671871381,-183.46022770133698,14.67106051419887,2391.440069425861,842425.0,True,True,3.222484231535372e-05,0.8995459536457251,0,,,61385.27042268604,96718.66652473442,True,True,post_v203_one_drop_one_add_whole_loan_swap,post-v203 one-swap pricing only; not multi-swap or global proof,D,D,1,2,3,3,4,1,2018,2019,MD,CA
v63_source_repair_return_guarded_repair,incumbent_cvar_relaxed_source_lp,140861718,156807668,1000.0,1000.0,-168.7891671871381,-175.85010442413147,7.060937236993368,2383.829946148656,842425.0,True,True,3.222484231535372e-05,0.8995459536457251,0,,,61412.70391704474,96746.9428851121,True,True,post_v203_one_drop_one_add_whole_loan_swap,post-v203 one-swap pricing only; not multi-swap or global proof,D,D,1,2,3,0,4,0,2018,2019,MD,TX
v63_source_repair_return_guarded_repair,incumbent_cvar_relaxed_source_lp,140883098,127672145,1000.0,1000.0,-194.91316089378816,-196.20083323856994,1.2876723447817824,2378.056681256444,842425.0,True,True,3.222484231535372e-05,0.8995459536457251,0,,,61562.72071548293,97028.72499522526,True,True,post_v203_one_drop_one_add_whole_loan_swap,post-v203 one-swap pricing only; not multi-swap or global proof,E,C,3,1,1,0,1,2,2018,2018,NY,other
v63_source_repair_return_guarded_repair,incumbent_cvar_relaxed_source_lp,140667974,126733849,1000.0,1000.0,-184.8636831759767,-186.9469746106631,2.0832914346864015,2378.852300346349,842425.0,True,True,3.222484231535372e-05,0.8995459536457251,0,,,61424.68065834303,96833.71241667253,True,True,post_v203_one_drop_one_add_whole_loan_swap,post-v203 one-swap pricing only; not multi-swap or global proof,B,B,0,0,2,4,0,3,2018,2018,VA,NJ
v63_source_repair_return_guarded_repair,incumbent_cvar_relaxed_source_lp,140352540,127695160,1500.0,1500.0,-225.35267892941064,-235.90029594541494,10.547617016004295,2387.3166259276663,842425.0,True,True,3.222484231535372e-05,0.8995459536457251,0,,,61425.26302538611,96860.80782038879,True,True,post_v203_one_drop_one_add_whole_loan_swap,post-v203 one-swap pricing only; not multi-swap or global proof,B,B,0,0,0,2,1,1,2018,2018,NY,TX
v63_source_repair_return_guarded_repair,incumbent_cvar_relaxed_source_lp,140352540,126760355,1500.0,1500.0,-225.35267892941064,-250.40002765814089,25.047348728730242,2401.8163576403927,842425.0,True,True,3.222484231535372e-05,0.8995459536457251,0,,,61425.468333909725,96861.09622648876,True,True,post_v203_one_drop_one_add_whole_loan_swap,post-v203 one-swap pricing only; not multi-swap or global proof,B,B,0,0,0,1,1,0,2018,2018,NY,IL
v63_source_repair_return_guarded_repair,incumbent_cvar_relaxed_source_lp,140352540,126430923,1500.0,1500.0,-225.35267892941064,-243.25029594541493,17.89761701600429,2394.6666259276667,842425.0,True,True,3.222484231535372e-05,0.8995459536457251,0,,,61425.26302538611,96860.80782038879,True,True,post_v203_one_drop_one_add_whole_loan_swap,post-v203 one-swap pricing only; not multi-swap or global proof,B,B,0,0,0,3,1,0,2018,2018,NY,other
v63_source_repair_return_guarded_repair,incumbent_cvar_relaxed_source_lp,140155571,126733849,1200.0,1000.0,-161.29557436875157,-186.9469746106631,25.651400241911517,2402.420409153574,842625.0,True,True,0.00023471174932332417,0.8995697967660584,0,,,61456.86989477342,96896.21428881827,True,True,post_v203_one_drop_one_add_whole_loan_swap,post-v203 one-swap pricing only; not multi-swap or global proof,C,B,0,0,1,4,0,3,2018,2018,MN,NJ
v63_source_repair_return_guarded_repair,incumbent_cvar_relaxed_source_lp,140155571,126483031,1200.0,1200.0,-161.29557436875157,-200.480236756332,39.18466238758043,2415.9536712992426,842425.0,True,True,3.222484231535372e-05,0.8995459536457251,0,,,61435.88547043389,96865.79533821657,True,True,post_v203_one_drop_one_add_whole_loan_swap,post-v203 one-swap pricing only; not multi-swap or global proof,C,B,0,0,1,2,0,0,2018,2018,MN,FL
v63_source_repair_return_guarded_repair,incumbent_cvar_relaxed_source_lp,140155571,126468092,1200.0,1000.0,-161.29557436875157,-169.50590883596908,8.210334467217507,2384.9793433788795,842625.0,True,True,0.00023471174932332417,0.8995697967660584,0,,,61479.7741173308,96927.447690791,True,True,post_v203_one_drop_one_add_whole_loan_swap,post-v203 one-swap pricing only; not multi-swap or global proof,C,B,0,0,1,1,0,2,2018,2018,MN,other
v63_source_repair_return_guarded_repair,incumbent_cvar_relaxed_source_lp,140059131,127672145,1000.0,1000.0,-181.82638557373122,-196.20083323856994,14.374447664838726,2391.143456576501,842425.0,True,True,3.222484231535372e-05,0.8995459536457251,0,,,61421.22414785206,96835.19673760599,True,True,post_v203_one_drop_one_add_whole_loan_swap,post-v203 one-swap pricing only; not multi-swap or global proof,C,C,1,1,1,0,0,2,2018,2018,CA,other
v63_source_repair_return_guarded_repair,incumbent_cvar_relaxed_source_lp,140059131,126733849,1000.0,1000.0,-181.82638557373122,-186.9469746106631,5.120589036931875,2381.889597948594,842425.0,True,True,3.222484231535372e-05,0.8983589043535033,0,,,61452.331562876745,96879.56705649127,True,True,post_v203_one_drop_one_add_whole_loan_swap,post-v203 one-swap pricing only; not multi-swap or global proof,C,B,1,0,1,4,0,3,2018,2018,CA,NJ
v63_source_repair_return_guarded_repair,incumbent_cvar_relaxed_source_lp,140059131,156823754,1000.0,1000.0,-181.82638557373122,-183.46022770133698,1.6338421276057602,2378.402851039268,842425.0,True,True,3.222484231535372e-05,0.8995459536457251,0,,,61354.448865325896,96666.74411966276,True,True,post_v203_one_drop_one_add_whole_loan_swap,post-v203 one-swap pricing only; not multi-swap or global proof,C,D,1,2,1,3,0,1,2018,2019,CA,CA
v63_source_repair_return_guarded_repair,incumbent_cvar_relaxed_source_lp,139046920,126733849,1000.0,1000.0,-160.03511928627375,-186.9469746106631,26.911855324389336,2403.6808642360515,842425.0,True,True,3.222484231535372e-05,0.8995459536457251,0,,,61395.24225126974,96794.9961293532,True,True,post_v203_one_drop_one_add_whole_loan_swap,post-v203 one-swap pricing only; not multi-swap or global proof,B,B,0,0,0,4,0,3,2018,2018,other,NJ
v63_source_repair_return_guarded_repair,incumbent_cvar_relaxed_source_lp,139046920,126468092,1000.0,1000.0,-160.03511928627375,-169.50590883596908,9.470789549695326,2386.2397984613576,842425.0,True,True,3.222484231535372e-05,0.8995459536457251,0,,,61418.14647382713,96826.22953132592,True,True,post_v203_one_drop_one_add_whole_loan_swap,post-v203 one-swap pricing only; not multi-swap or global proof,B,B,0,0,0,1,0,2,2018,2018,other,other
v63_source_repair_return_guarded_repair,incumbent_cvar_relaxed_source_lp,139684635,168803640,1500.0,1500.0,-18.158070116616003,-30.498264963412808,12.340194846796805,2389.109203758459,842425.0,True,True,3.222484231535372e-05,0.8995459536457251,0,,,61387.21445872745,96734.88573784918,True,True,post_v203_one_drop_one_add_whole_loan_swap,post-v203 one-swap pricing only; not multi-swap or global proof,A,A,1,1,0,3,0,3,2018,2020,MA,IL
v63_source_repair_return_guarded_repair,incumbent_cvar_relaxed_source_lp,139458494,127672145,1000.0,1000.0,-192.59392710453298,-196.20083323856994,3.6069061340369615,2380.375915045699,842425.0,True,True,3.222484231535372e-05,0.8995459536457251,0,,,61506.034890335766,96934.79898382307,True,True,post_v203_one_drop_one_add_whole_loan_swap,post-v203 one-swap pricing only; not multi-swap or global proof,D,C,2,1,4,0,1,2,2018,2018,WA,other
v63_source_repair_return_guarded_repair,incumbent_cvar_relaxed_source_lp,139411752,126760355,1500.0,1500.0,-240.55468343692485,-250.40002765814089,9.845344221216038,2386.6143531328785,842425.0,True,True,3.222484231535372e-05,0.8995459536457251,0,,,61441.02538321028,96861.91822224253,True,True,post_v203_one_drop_one_add_whole_loan_swap,post-v203 one-swap pricing only; not multi-swap or global proof,B,B,0,0,0,1,2,0,2018,2018,NY,IL
v63_source_repair_return_guarded_repair,incumbent_cvar_relaxed_source_lp,139411752,126430923,1500.0,1500.0,-240.55468343692485,-243.25029594541493,2.695612508490086,2379.4646214201525,842425.0,True,True,3.222484231535372e-05,0.8995459536457251,0,,,61440.820074686686,96861.6298161426,True,True,post_v203_one_drop_one_add_whole_loan_swap,post-v203 one-swap pricing only; not multi-swap or global proof,B,B,0,0,0,3,2,0,2018,2018,NY,other
v63_source_repair_return_guarded_repair,incumbent_cvar_relaxed_source_lp,139039993,127672145,1000.0,1000.0,-194.3840274399123,-196.20083323856994,1.81680579865764,2378.58581471032,842425.0,True,True,3.222484231535372e-05,0.8995459536457251,0,,,61434.03297200767,96836.79950318011,True,True,post_v203_one_drop_one_add_whole_loan_swap,post-v203 one-swap pricing only; not multi-swap or global proof,C,C,1,1,2,0,0,2,2018,2018,CO,other
v63_source_repair_return_guarded_repair,incumbent_cvar_relaxed_source_lp,138631135,127672145,1000.0,1000.0,-168.68250574568688,-196.20083323856994,27.51832749288306,2404.2873364045454,842425.0,True,True,3.222484231535372e-05,0.8995459536457251,0,,,61526.149484167596,96976.42317873513,True,True,post_v203_one_drop_one_add_whole_loan_swap,post-v203 one-swap pricing only; not multi-swap or global proof,E,C,2,1,3,0,0,2,2018,2018,TX,other
v63_source_repair_return_guarded_repair,incumbent_cvar_relaxed_source_lp,138631135,126827839,1000.0,1000.0,-168.68250574568688,-175.77898463113021,7.096478885443332,2383.8654877971057,842425.0,True,True,3.222484231535372e-05,0.8995459536457251,0,,,61424.04658042234,96834.63259782037,True,True,post_v203_one_drop_one_add_whole_loan_swap,post-v203 one-swap pricing only; not multi-swap or global proof,E,E,2,2,3,0,0,4,2018,2018,TX,other
v63_source_repair_return_guarded_repair,incumbent_cvar_relaxed_source_lp,138631135,126733849,1000.0,1000.0,-168.68250574568688,-186.9469746106631,18.26446886497621,2395.0334777766384,842425.0,True,True,3.222484231535372e-05,0.8983589043535033,0,,,61557.25689919229,97020.79349762041,True,True,post_v203_one_drop_one_add_whole_loan_swap,post-v203 one-swap pricing only; not multi-swap or global proof,E,B,2,0,3,4,0,3,2018,2018,TX,NJ
v63_source_repair_return_guarded_repair,incumbent_cvar_relaxed_source_lp,138631135,126468092,1000.0,1000.0,-168.68250574568688,-169.50590883596908,0.8234030902821985,2377.5924120019445,842425.0,True,True,3.222484231535372e-05,0.8983589043535033,0,,,61580.16112174967,97052.02689959311,True,True,post_v203_one_drop_one_add_whole_loan_swap,post-v203 one-swap pricing only; not multi-swap or global proof,E,B,2,0,3,1,0,2,2018,2018,TX,other
v63_source_repair_return_guarded_repair,incumbent_cvar_relaxed_source_lp,138631135,168701788,1000.0,1000.0,-168.68250574568688,-178.5860397151734,9.903533969486517,2386.6725428811487,842425.0,True,True,3.222484231535372e-05,0.8995459536457251,0,,,61477.83608345952,96895.08198433284,True,True,post_v203_one_drop_one_add_whole_loan_swap,post-v203 one-swap pricing only; not multi-swap or global proof,E,C,2,1,3,3,0,1,2018,2020,TX,TX
v63_source_repair_return_guarded_repair,incumbent_cvar_relaxed_source_lp,138631135,169358871,1000.0,1000.0,-168.68250574568688,-177.86634212741987,9.183836381732988,2385.952845293395,842425.0,True,True,3.222484231535372e-05,0.8995459536457251,0,,,61487.60710079226,96882.656949293,True,True,post_v203_one_drop_one_add_whole_loan_swap,post-v203 one-swap pricing only; not multi-swap or global proof,E,C,2,1,3,3,0,0,2018,2020,TX,VA
v63_source_repair_return_guarded_repair,incumbent_cvar_relaxed_source_lp,138631135,139506195,1000.0,1000.0,-168.68250574568688,-177.67809625327766,8.995590507590776,2385.764599419253,842425.0,True,True,3.222484231535372e-05,0.8995459536457251,0,,,61461.77242074085,96828.87532417252,True,True,post_v203_one_drop_one_add_whole_loan_swap,post-v203 one-swap pricing only; not multi-swap or global proof,E,D,2,2,3,2,0,0,2018,2018,TX,CA
v63_source_repair_return_guarded_repair,incumbent_cvar_relaxed_source_lp,138631135,156823754,1000.0,1000.0,-168.68250574568688,-183.46022770133698,14.777721955650094,2391.5467308673124,842425.0,True,True,3.222484231535372e-05,0.8995459536457251,0,,,61459.37420164143,96807.9705607919,True,True,post_v203_one_drop_one_add_whole_loan_swap,post-v203 one-swap pricing only; not multi-swap or global proof,E,D,2,2,3,3,0,1,2018,2019,TX,CA
v63_source_repair_return_guarded_repair,incumbent_cvar_relaxed_source_lp,138631135,156807668,1000.0,1000.0,-168.68250574568688,-175.85010442413147,7.167598678444591,2383.9366075901066,842425.0,True,True,3.222484231535372e-05,0.8995459536457251,0,,,61486.807696000134,96836.24692116957,True,True,post_v203_one_drop_one_add_whole_loan_swap,post-v203 one-swap pricing only; not multi-swap or global proof,E,D,2,2,3,0,0,0,2018,2019,TX,TX
v63_source_repair_return_guarded_repair,incumbent_cvar_relaxed_source_lp,138929757,126733849,1000.0,1000.0,-173.65518401987842,-186.9469746106631,13.291790590784672,2390.060799502447,842425.0,True,True,3.222484231535372e-05,0.8995459536457251,0,,,61436.32828585156,96834.75995509668,True,True,post_v203_one_drop_one_add_whole_loan_swap,post-v203 one-swap pricing only; not multi-swap or global proof,B,B,0,0,4,4,0,3,2018,2018,CO,NJ
v63_source_repair_return_guarded_repair,incumbent_cvar_relaxed_source_lp,138754571,127672145,1000.0,1000.0,-180.60322385083467,-196.20083323856994,15.597609387735275,2392.3666182993975,842425.0,True,True,3.222484231535372e-05,0.8995459536457251,0,,,61473.94917157457,96898.78369451943,True,True,post_v203_one_drop_one_add_whole_loan_swap,post-v203 one-swap pricing only; not multi-swap or global proof,D,C,1,1,1,0,0,2,2018,2018,CA,other
v63_source_repair_return_guarded_repair,incumbent_cvar_relaxed_source_lp,138754571,126733849,1000.0,1000.0,-180.60322385083467,-186.9469746106631,6.343750759828424,2383.1127596714905,842425.0,True,True,3.222484231535372e-05,0.8983589043535033,0,,,61505.05658659927,96943.15401340468,True,True,post_v203_one_drop_one_add_whole_loan_swap,post-v203 one-swap pricing only; not multi-swap or global proof,D,B,1,0,1,4,0,3,2018,2018,CA,NJ
v63_source_repair_return_guarded_repair,incumbent_cvar_relaxed_source_lp,138754571,156823754,1000.0,1000.0,-180.60322385083467,-183.46022770133698,2.857003850502309,2379.6260127621645,842425.0,True,True,3.222484231535372e-05,0.8995459536457251,0,,,61407.17388904841,96730.33107657617,True,True,post_v203_one_drop_one_add_whole_loan_swap,post-v203 one-swap pricing only; not multi-swap or global proof,D,D,1,2,1,3,0,1,2018,2019,CA,CA
v63_source_repair_return_guarded_repair,incumbent_cvar_relaxed_source_lp,138239745,127672145,1000.0,1000.0,-166.10731042945866,-196.20083323856994,30.093522809111278,2406.8625317207734,842425.0,True,True,3.222484231535372e-05,0.8995459536457251,0,,,61405.15129585811,96798.65995232001,True,True,post_v203_one_drop_one_add_whole_loan_swap,post-v203 one-swap pricing only; not multi-swap or global proof,C,C,1,1,4,0,2,2,2018,2018,MI,other
v63_source_repair_return_guarded_repair,incumbent_cvar_relaxed_source_lp,138239745,126827839,1000.0,1000.0,-166.10731042945866,-175.77898463113021,9.67167420167155,2386.4406831133338,842425.0,True,True,3.222484231535372e-05,0.8995459536457251,0,,,61303.04839211285,96656.86937140525,True,True,post_v203_one_drop_one_add_whole_loan_swap,post-v203 one-swap pricing only; not multi-swap or global proof,C,E,1,2,4,0,2,4,2018,2018,MI,other
v63_source_repair_return_guarded_repair,incumbent_cvar_relaxed_source_lp,138239745,126733849,1000.0,1000.0,-166.10731042945866,-186.9469746106631,20.839664181204427,2397.608673092867,842425.0,True,True,3.222484231535372e-05,0.8983589043535033,0,,,61436.2587108828,96843.03027120528,True,True,post_v203_one_drop_one_add_whole_loan_swap,post-v203 one-swap pricing only; not multi-swap or global proof,C,B,1,0,4,4,2,3,2018,2018,MI,NJ
v63_source_repair_return_guarded_repair,incumbent_cvar_relaxed_source_lp,138239745,126468092,1000.0,1000.0,-166.10731042945866,-169.50590883596908,3.3985984065104162,2380.1676073181725,842425.0,True,True,3.222484231535372e-05,0.8983589043535033,0,,,61459.162933440195,96874.263673178,True,True,post_v203_one_drop_one_add_whole_loan_swap,post-v203 one-swap pricing only; not multi-swap or global proof,C,B,1,0,4,1,2,2,2018,2018,MI,other
v63_source_repair_return_guarded_repair,incumbent_cvar_relaxed_source_lp,138239745,168701788,1000.0,1000.0,-166.10731042945866,-178.5860397151734,12.478729285714735,2389.2477381973767,842425.0,True,True,3.222484231535372e-05,0.8995459536457251,0,,,61356.83789515003,96717.3187579177,True,True,post_v203_one_drop_one_add_whole_loan_swap,post-v203 one-swap pricing only; not multi-swap or global proof,C,C,1,1,4,3,2,1,2018,2020,MI,TX
v63_source_repair_return_guarded_repair,incumbent_cvar_relaxed_source_lp,138239745,169358871,1000.0,1000.0,-166.10731042945866,-177.86634212741987,11.759031697961206,2388.5280406096235,842425.0,True,True,3.222484231535372e-05,0.8995459536457251,0,,,61366.60891248277,96704.89372287785,True,True,post_v203_one_drop_one_add_whole_loan_swap,post-v203 one-swap pricing only; not multi-swap or global proof,C,C,1,1,4,3,2,0,2018,2020,MI,VA
v63_source_repair_return_guarded_repair,incumbent_cvar_relaxed_source_lp,138239745,139506195,1000.0,1000.0,-166.10731042945866,-177.67809625327766,11.570785823818994,2388.339794735481,842425.0,True,True,3.222484231535372e-05,0.8995459536457251,0,,,61340.77423243136,96651.1120977574,True,True,post_v203_one_drop_one_add_whole_loan_swap,post-v203 one-swap pricing only; not multi-swap or global proof,C,D,1,2,4,2,2,0,2018,2018,MI,CA
v63_source_repair_return_guarded_repair,incumbent_cvar_relaxed_source_lp,138239745,156823754,1000.0,1000.0,-166.10731042945866,-183.46022770133698,17.35291727187831,2394.1219261835404,842425.0,True,True,3.222484231535372e-05,0.8995459536457251,0,,,61338.376013331945,96630.20733437677,True,True,post_v203_one_drop_one_add_whole_loan_swap,post-v203 one-swap pricing only; not multi-swap or global proof,C,D,1,2,4,3,2,1,2018,2019,MI,CA
v63_source_repair_return_guarded_repair,incumbent_cvar_relaxed_source_lp,138239745,156807668,1000.0,1000.0,-166.10731042945866,-175.85010442413147,9.742793994672809,2386.511802906335,842425.0,True,True,3.222484231535372e-05,0.8995459536457251,0,,,61365.809507690654,96658.48369475444,True,True,post_v203_one_drop_one_add_whole_loan_swap,post-v203 one-swap pricing only; not multi-swap or global proof,C,D,1,2,4,0,2,0,2018,2019,MI,TX
v63_source_repair_return_guarded_repair,incumbent_cvar_relaxed_source_lp,137994575,126733849,1000.0,1000.0,-167.81258224857336,-186.9469746106631,19.134392362089727,2395.903401273752,842425.0,True,True,3.222484231535372e-05,0.8995459536457251,0,,,61413.23695417413,96805.76096223884,True,True,post_v203_one_drop_one_add_whole_loan_swap,post-v203 one-swap pricing only; not multi-swap or global proof,B,B,0,0,2,4,0,3,2018,2018,NC,NJ
v63_source_repair_return_guarded_repair,incumbent_cvar_relaxed_source_lp,137994575,126468092,1000.0,1000.0,-167.81258224857336,-169.50590883596908,1.6933265873957168,2378.462335499058,842425.0,True,True,3.222484231535372e-05,0.8995459536457251,0,,,61436.141176731515,96836.99436421155,True,True,post_v203_one_drop_one_add_whole_loan_swap,post-v203 one-swap pricing only; not multi-swap or global proof,B,B,0,0,2,1,0,2,2018,2018,NC,other
v63_source_repair_return_guarded_repair,incumbent_cvar_relaxed_source_lp,137668715,127672145,1000.0,1000.0,-191.08030640729243,-196.20083323856994,5.120526831277516,2381.8895357429396,842425.0,True,True,3.222484231535372e-05,0.8995459536457251,0,,,61504.548543937,96953.51078317141,True,True,post_v203_one_drop_one_add_whole_loan_swap,post-v203 one-swap pricing only; not multi-swap or global proof,D,C,2,1,4,0,2,2,2018,2018,NC,other
v63_source_repair_return_guarded_repair,incumbent_cvar_relaxed_source_lp,137677350,127672145,1000.0,1000.0,-171.87891215652908,-196.20083323856994,24.32192108204086,2401.090929993703,842425.0,True,True,3.222484231535372e-05,0.8995459536457251,0,,,61572.90813161745,97073.28260533894,True,True,post_v203_one_drop_one_add_whole_loan_swap,post-v203 one-swap pricing only; not multi-swap or global proof,F,C,2,1,2,0,2,2,2018,2018,WA,other
v63_source_repair_return_guarded_repair,incumbent_cvar_relaxed_source_lp,137677350,126827839,1000.0,1000.0,-171.87891215652908,-175.77898463113021,3.9000724746011315,2380.6690813862633,842425.0,True,True,3.222484231535372e-05,0.8995459536457251,0,,,61470.8052278722,96931.49202442418,True,True,post_v203_one_drop_one_add_whole_loan_swap,post-v203 one-swap pricing only; not multi-swap or global proof,F,E,2,2,2,0,2,4,2018,2018,WA,other
v63_source_repair_return_guarded_repair,incumbent_cvar_relaxed_source_lp,137677350,126733849,1000.0,1000.0,-171.87891215652908,-186.9469746106631,15.068062454134008,2391.8370713657964,842425.0,True,True,3.222484231535372e-05,0.8983589043535033,0,,,61604.015546642135,97117.65292422421,True,True,post_v203_one_drop_one_add_whole_loan_swap,post-v203 one-swap pricing only; not multi-swap or global proof,F,B,2,0,2,4,2,3,2018,2018,WA,NJ
v63_source_repair_return_guarded_repair,incumbent_cvar_relaxed_source_lp,137677350,168701788,1000.0,1000.0,-171.87891215652908,-178.5860397151734,6.707127558644316,2383.4761364703068,842425.0,True,True,3.222484231535372e-05,0.8995459536457251,0,,,61524.59473090936,96991.94141093666,True,True,post_v203_one_drop_one_add_whole_loan_swap,post-v203 one-swap pricing only; not multi-swap or global proof,F,C,2,1,2,3,2,1,2018,2020,WA,TX
v63_source_repair_return_guarded_repair,incumbent_cvar_relaxed_source_lp,137677350,169358871,1000.0,1000.0,-171.87891215652908,-177.86634212741987,5.987429970890787,2382.756438882553,842425.0,True,True,3.222484231535372e-05,0.8995459536457251,0,,,61534.3657482421,96979.51637589681,True,True,post_v203_one_drop_one_add_whole_loan_swap,post-v203 one-swap pricing only; not multi-swap or global proof,F,C,2,1,2,3,2,0,2018,2020,WA,VA
v63_source_repair_return_guarded_repair,incumbent_cvar_relaxed_source_lp,137677350,139506195,1000.0,1000.0,-171.87891215652908,-177.67809625327766,5.799184096748576,2382.5681930084106,842425.0,True,True,3.222484231535372e-05,0.8995459536457251,0,,,61508.53106819069,96925.73475077635,True,True,post_v203_one_drop_one_add_whole_loan_swap,post-v203 one-swap pricing only; not multi-swap or global proof,F,D,2,2,2,2,2,0,2018,2018,WA,CA
v63_source_repair_return_guarded_repair,incumbent_cvar_relaxed_source_lp,137677350,156823754,1000.0,1000.0,-171.87891215652908,-183.46022770133698,11.581315544807893,2388.35032445647,842425.0,True,True,3.222484231535372e-05,0.8995459536457251,0,,,61506.13284909128,96904.82998739571,True,True,post_v203_one_drop_one_add_whole_loan_swap,post-v203 one-swap pricing only; not multi-swap or global proof,F,D,2,2,2,3,2,1,2018,2019,WA,CA
v63_source_repair_return_guarded_repair,incumbent_cvar_relaxed_source_lp,137677350,156807668,1000.0,1000.0,-171.87891215652908,-175.85010442413147,3.9711922676023903,2380.7402011792647,842425.0,True,True,3.222484231535372e-05,0.8995459536457251,0,,,61533.56634344999,96933.10634777338,True,True,post_v203_one_drop_one_add_whole_loan_swap,post-v203 one-swap pricing only; not multi-swap or global proof,F,D,2,2,2,0,2,0,2018,2019,WA,TX
v63_source_repair_return_guarded_repair,incumbent_cvar_relaxed_source_lp,137522335,126733849,1000.0,1000.0,-169.11147457733486,-186.9469746106631,17.83550003332823,2394.6045089449904,842425.0,True,True,3.222484231535372e-05,0.8995459536457251,0,,,61404.56713580786,96807.28769022677,True,True,post_v203_one_drop_one_add_whole_loan_swap,post-v203 one-swap pricing only; not multi-swap or global proof,B,B,0,0,2,4,1,3,2018,2018,other,NJ
v63_source_repair_return_guarded_repair,incumbent_cvar_relaxed_source_lp,137522335,126468092,1000.0,1000.0,-169.11147457733486,-169.50590883596908,0.3944342586342202,2377.1634431702964,842425.0,True,True,3.222484231535372e-05,0.8995459536457251,0,,,61427.47135836525,96838.52109219947,True,True,post_v203_one_drop_one_add_whole_loan_swap,post-v203 one-swap pricing only; not multi-swap or global proof,B,B,0,0,2,1,1,2,2018,2018,other,other
v63_source_repair_return_guarded_repair,incumbent_cvar_relaxed_source_lp,137378784,126733849,1000.0,1000.0,-159.31147457733482,-186.9469746106631,27.63550003332827,2404.4045089449905,842425.0,True,True,3.222484231535372e-05,0.8995459536457251,0,,,61404.56713580786,96807.28769022677,True,True,post_v203_one_drop_one_add_whole_loan_swap,post-v203 one-swap pricing only; not multi-swap or global proof,B,B,0,0,4,4,0,3,2018,2018,TX,NJ
v63_source_repair_return_guarded_repair,incumbent_cvar_relaxed_source_lp,137378784,126468092,1000.0,1000.0,-159.31147457733482,-169.50590883596908,10.19443425863426,2386.9634431702966,842425.0,True,True,3.222484231535372e-05,0.8995459536457251,0,,,61427.47135836525,96838.52109219947,True,True,post_v203_one_drop_one_add_whole_loan_swap,post-v203 one-swap pricing only; not multi-swap or global proof,B,B,0,0,4,1,0,2,2018,2018,TX,other
v63_source_repair_return_guarded_repair,incumbent_cvar_relaxed_source_lp,137291932,168841753,1000.0,1000.0,-15.179922424950899,-15.58411172619063,0.4041893012397306,2377.1731982129018,842425.0,True,True,3.222484231535372e-05,0.8995459536457251,0,,,61401.975580640166,96754.2861851575,True,True,post_v203_one_drop_one_add_whole_loan_swap,post-v203 one-swap pricing only; not multi-swap or global proof,A,A,1,1,4,1,1,0,2018,2020,other,NY
v63_source_repair_return_guarded_repair,incumbent_cvar_relaxed_source_lp,137291932,168678809,1000.0,1000.0,-15.179922424950899,-25.935876492202276,10.755954067251377,2387.5249629789137,842425.0,True,True,3.222484231535372e-05,0.8995459536457251,0,,,61415.48943753834,96775.26254455057,True,True,post_v203_one_drop_one_add_whole_loan_swap,post-v203 one-swap pricing only; not multi-swap or global proof,A,A,1,1,4,1,1,0,2018,2020,other,IN
v63_source_repair_return_guarded_repair,incumbent_cvar_relaxed_source_lp,137291932,170390171,1000.0,1000.0,-15.179922424950899,-23.632377345499286,8.452454920548387,2385.2214638322107,842425.0,True,True,3.222484231535372e-05,0.8995459536457251,0,,,61412.08394799678,96768.32974436546,True,True,post_v203_one_drop_one_add_whole_loan_swap,post-v203 one-swap pricing only; not multi-swap or global proof,A,A,1,1,4,0,1,0,2018,2020,other,other
v63_source_repair_return_guarded_repair,incumbent_cvar_relaxed_source_lp,137291932,169450190,1000.0,1000.0,-15.179922424950899,-22.58050328415853,7.400580859207633,2384.16958977087,842425.0,True,True,3.222484231535372e-05,0.8995459536457251,0,,,61394.769223508236,96733.32171103967,True,True,post_v203_one_drop_one_add_whole_loan_swap,post-v203 one-swap pricing only; not multi-swap or global proof,A,A,1,1,4,0,1,0,2018,2020,other,AZ
v63_source_repair_return_guarded_repair,incumbent_cvar_relaxed_source_lp,137151950,126733849,1250.0,1000.0,-183.48123809685012,-186.9469746106631,3.4657365138129705,2380.234745425475,842675.0,True,True,0.00028531845791079924,0.8995757557777316,0,,,61442.3666114557,96868.5327087538,True,True,post_v203_one_drop_one_add_whole_loan_swap,post-v203 one-swap pricing only; not multi-swap or global proof,B,B,0,0,3,4,3,3,2018,2018,other,NJ
v63_source_repair_return_guarded_repair,incumbent_cvar_relaxed_source_lp,137151950,126483031,1250.0,1200.0,-183.48123809685012,-200.480236756332,16.998998659481884,2393.768007571144,842475.0,True,True,8.285558210519017e-05,0.8995519154871064,0,,,61421.38218711616,96838.11375815209,True,True,post_v203_one_drop_one_add_whole_loan_swap,post-v203 one-swap pricing only; not multi-swap or global proof,B,B,0,0,3,2,3,0,2018,2018,other,FL
v63_source_repair_return_guarded_repair,incumbent_cvar_relaxed_source_lp,136782181,126733849,1000.0,1000.0,-172.62914068708602,-186.9469746106631,14.31783392357707,2391.086842835239,842425.0,True,True,3.222484231535372e-05,0.8995459536457251,0,,,61435.32737500025,96849.57148846373,True,True,post_v203_one_drop_one_add_whole_loan_swap,post-v203 one-swap pricing only; not multi-swap or global proof,B,B,0,0,1,4,0,3,2018,2018,WA,NJ
v63_source_repair_return_guarded_repair,incumbent_cvar_relaxed_source_lp,136916643,127672145,1000.0,1000.0,-173.75965426338382,-196.20083323856994,22.44117897518612,2399.2101878868484,842425.0,True,True,3.222484231535372e-05,0.8995459536457251,0,,,61541.225731582264,97017.04567877162,True,True,post_v203_one_drop_one_add_whole_loan_swap,post-v203 one-swap pricing only; not multi-swap or global proof,E,C,2,1,3,0,1,2,2018,2018,PA,other
v63_source_repair_return_guarded_repair,incumbent_cvar_relaxed_source_lp,136916643,126827839,1000.0,1000.0,-173.75965426338382,-175.77898463113021,2.0193303677463916,2378.788339279409,842425.0,True,True,3.222484231535372e-05,0.8995459536457251,0,,,61439.122827836996,96875.25509785683,True,True,post_v203_one_drop_one_add_whole_loan_swap,post-v203 one-swap pricing only; not multi-swap or global proof,E,E,2,2,3,0,1,4,2018,2018,PA,other
v63_source_repair_return_guarded_repair,incumbent_cvar_relaxed_source_lp,136916643,126733849,1000.0,1000.0,-173.75965426338382,-186.9469746106631,13.187320347279268,2389.9563292589414,842425.0,True,True,3.222484231535372e-05,0.8983589043535033,0,,,61572.33314660695,97061.41599765689,True,True,post_v203_one_drop_one_add_whole_loan_swap,post-v203 one-swap pricing only; not multi-swap or global proof,E,B,2,0,3,4,1,3,2018,2018,PA,NJ
v63_source_repair_return_guarded_repair,incumbent_cvar_relaxed_source_lp,136916643,168701788,1000.0,1000.0,-173.75965426338382,-178.5860397151734,4.826385451789577,2381.5953943634518,842425.0,True,True,3.222484231535372e-05,0.8995459536457251,0,,,61492.912330874184,96935.7044843693,True,True,post_v203_one_drop_one_add_whole_loan_swap,post-v203 one-swap pricing only; not multi-swap or global proof,E,C,2,1,3,3,1,1,2018,2020,PA,TX
v63_source_repair_return_guarded_repair,incumbent_cvar_relaxed_source_lp,136916643,169358871,1000.0,1000.0,-173.75965426338382,-177.86634212741987,4.106687864036047,2380.875696775698,842425.0,True,True,3.222484231535372e-05,0.8995459536457251,0,,,61502.68334820691,96923.2794493295,True,True,post_v203_one_drop_one_add_whole_loan_swap,post-v203 one-swap pricing only; not multi-swap or global proof,E,C,2,1,3,3,1,0,2018,2020,PA,VA
v63_source_repair_return_guarded_repair,incumbent_cvar_relaxed_source_lp,136916643,139506195,1000.0,1000.0,-173.75965426338382,-177.67809625327766,3.918441989893836,2380.687450901556,842425.0,True,True,3.222484231535372e-05,0.8995459536457251,0,,,61476.84866815551,96869.49782420903,True,True,post_v203_one_drop_one_add_whole_loan_swap,post-v203 one-swap pricing only; not multi-swap or global proof,E,D,2,2,3,2,1,0,2018,2018,PA,CA
v63_source_repair_return_guarded_repair,incumbent_cvar_relaxed_source_lp,136916643,156823754,1000.0,1000.0,-173.75965426338382,-183.46022770133698,9.700573437953153,2386.4695823496154,842425.0,True,True,3.222484231535372e-05,0.8995459536457251,0,,,61474.450449056094,96848.59306082837,True,True,post_v203_one_drop_one_add_whole_loan_swap,post-v203 one-swap pricing only; not multi-swap or global proof,E,D,2,2,3,3,1,1,2018,2019,PA,CA
v63_source_repair_return_guarded_repair,incumbent_cvar_relaxed_source_lp,136916643,156807668,1000.0,1000.0,-173.75965426338382,-175.85010442413147,2.0904501607476504,2378.8594590724097,842425.0,True,True,3.222484231535372e-05,0.8995459536457251,0,,,61501.88394341481,96876.86942120605,True,True,post_v203_one_drop_one_add_whole_loan_swap,post-v203 one-swap pricing only; not multi-swap or global proof,E,D,2,2,3,0,1,0,2018,2019,PA,TX
v63_source_repair_return_guarded_repair,incumbent_cvar_relaxed_source_lp,136528893,168678809,1000.0,1000.0,-23.117370829184896,-25.935876492202276,2.8185056630173797,2379.5875145746795,842425.0,True,True,3.222484231535372e-05,0.8995459536457251,0,,,61423.6449386577,96788.23786617728,True,True,post_v203_one_drop_one_add_whole_loan_swap,post-v203 one-swap pricing only; not multi-swap or global proof,A,A,1,1,2,1,2,0,2018,2020,NY,IN
v63_source_repair_return_guarded_repair,incumbent_cvar_relaxed_source_lp,136528893,170390171,1000.0,1000.0,-23.117370829184896,-23.632377345499286,0.51500651631439,2377.2840154279766,842425.0,True,True,3.222484231535372e-05,0.8995459536457251,0,,,61420.239449116154,96781.30506599222,True,True,post_v203_one_drop_one_add_whole_loan_swap,post-v203 one-swap pricing only; not multi-swap or global proof,A,A,1,1,2,0,2,0,2018,2020,NY,other
v63_source_repair_return_guarded_repair,incumbent_cvar_relaxed_source_lp,136607660,127672145,1000.0,1000.0,-189.1129927177471,-196.20083323856994,7.087840520822851,2383.856849432485,842425.0,True,True,3.222484231535372e-05,0.8995459536457251,0,,,61472.78017681376,96917.59580084591,True,True,post_v203_one_drop_one_add_whole_loan_swap,post-v203 one-swap pricing only; not multi-swap or global proof,D,C,1,1,2,0,1,2,2018,2018,MI,other
v63_source_repair_return_guarded_repair,incumbent_cvar_relaxed_source_lp,136424787,126733849,1000.0,1000.0,-165.07561840669072,-186.9469746106631,21.87135620397237,2398.6403651156347,842425.0,True,True,3.222484231535372e-05,0.8995459536457251,0,,,61404.42792907286,96807.08493950957,True,True,post_v203_one_drop_one_add_whole_loan_swap,post-v203 one-swap pricing only; not multi-swap or global proof,B,B,0,0,0,4,0,3,2018,2018,MN,NJ
v63_source_repair_return_guarded_repair,incumbent_cvar_relaxed_source_lp,136424787,126468092,1000.0,1000.0,-165.07561840669072,-169.50590883596908,4.430290429278358,2381.199299340941,842425.0,True,True,3.222484231535372e-05,0.8995459536457251,0,,,61427.33215163024,96838.31834148229,True,True,post_v203_one_drop_one_add_whole_loan_swap,post-v203 one-swap pricing only; not multi-swap or global proof,B,B,0,0,0,1,0,2,2018,2018,MN,other
v63_source_repair_return_guarded_repair,incumbent_cvar_relaxed_source_lp,136315166,126733849,1000.0,1000.0,-159.31147457733482,-186.9469746106631,27.63550003332827,2404.4045089449905,842425.0,True,True,3.222484231535372e-05,0.8995459536457251,0,,,61404.56713580786,96807.28769022677,True,True,post_v203_one_drop_one_add_whole_loan_swap,post-v203 one-swap pricing only; not multi-swap or global proof,B,B,0,0,0,4,0,3,2018,2018,AZ,NJ
v63_source_repair_return_guarded_repair,incumbent_cvar_relaxed_source_lp,136315166,126468092,1000.0,1000.0,-159.31147457733482,-169.50590883596908,10.19443425863426,2386.9634431702966,842425.0,True,True,3.222484231535372e-05,0.8995459536457251,0,,,61427.47135836525,96838.52109219947,True,True,post_v203_one_drop_one_add_whole_loan_swap,post-v203 one-swap pricing only; not multi-swap or global proof,B,B,0,0,0,1,0,2,2018,2018,AZ,other
v63_source_repair_return_guarded_repair,incumbent_cvar_relaxed_source_lp,145493981,127672145,1000.0,1000.0,-188.86243065820042,-196.20083323856994,7.338402580369518,2384.1074114920316,842425.0,True,True,3.222484231535372e-05,0.8995459536457251,0,,,61526.99470905414,96998.73964512229,True,True,post_v203_one_drop_one_add_whole_loan_swap,post-v203 one-swap pricing only; not multi-swap or global proof,E,C,2,1,2,0,2,2,2018,2018,other,other
v63_source_repair_return_guarded_repair,incumbent_cvar_relaxed_source_lp,145362947,126733849,1000.0,1000.0,-183.04925380724399,-186.9469746106631,3.897720803419105,2380.666729715081,842425.0,True,True,3.222484231535372e-05,0.8995459536457251,0,,,61425.41262481207,96835.51762544687,True,True,post_v203_one_drop_one_add_whole_loan_swap,post-v203 one-swap pricing only; not multi-swap or global proof,B,B,0,0,3,4,0,3,2018,2018,other,NJ
v63_source_repair_return_guarded_repair,incumbent_cvar_relaxed_source_lp,145079878,127695160,1600.0,1500.0,-228.4979772708412,-235.90029594541494,7.402318674573735,2384.1713275862357,842525.0,True,True,0.00013348031248983094,0.8995578766208718,0,,,61450.89311777125,96894.04766989761,True,True,post_v203_one_drop_one_add_whole_loan_swap,post-v203 one-swap pricing only; not multi-swap or global proof,B,B,0,0,2,2,2,1,2018,2018,other,TX
v63_source_repair_return_guarded_repair,incumbent_cvar_relaxed_source_lp,145079878,126760355,1600.0,1500.0,-228.4979772708412,-250.40002765814089,21.90205038729968,2398.671059298962,842525.0,True,True,0.00013348031248983094,0.8995578766208718,0,,,61451.09842629484,96894.33607599758,True,True,post_v203_one_drop_one_add_whole_loan_swap,post-v203 one-swap pricing only; not multi-swap or global proof,B,B,0,0,2,1,2,0,2018,2018,other,IL
v63_source_repair_return_guarded_repair,incumbent_cvar_relaxed_source_lp,145079878,126430923,1600.0,1500.0,-228.4979772708412,-243.25029594541493,14.75231867457373,2391.521327586236,842525.0,True,True,0.00013348031248983094,0.8995578766208718,0,,,61450.89311777125,96894.04766989761,True,True,post_v203_one_drop_one_add_whole_loan_swap,post-v203 one-swap pricing only; not multi-swap or global proof,B,B,0,0,2,3,2,0,2018,2018,other,other
v63_source_repair_return_guarded_repair,incumbent_cvar_relaxed_source_lp,145085915,160806330,1200.0,1200.0,-205.42499551977616,-210.10403328668124,4.679037766905083,2381.448046678567,842425.0,True,True,3.222484231535372e-05,0.8995459536457251,0,,,61355.14074837025,96655.37824337649,True,True,post_v203_one_drop_one_add_whole_loan_swap,post-v203 one-swap pricing only; not multi-swap or global proof,C,D,1,2,0,2,0,2,2018,2019,CA,FL
v63_source_repair_return_guarded_repair,incumbent_cvar_relaxed_source_lp,145071977,127672145,1000.0,1000.0,-188.86243065820042,-196.20083323856994,7.338402580369518,2384.1074114920316,842425.0,True,True,3.222484231535372e-05,0.8995459536457251,0,,,61526.99470905414,96998.73964512229,True,True,post_v203_one_drop_one_add_whole_loan_swap,post-v203 one-swap pricing only; not multi-swap or global proof,E,C,2,1,4,0,2,2,2018,2018,other,other
v63_source_repair_return_guarded_repair,incumbent_cvar_relaxed_source_lp,144526368,126483031,1200.0,1200.0,-189.01348295313088,-200.480236756332,11.46675380320113,2388.2357627148635,842425.0,True,True,3.222484231535372e-05,0.8995459536457251,0,,,61425.51134455895,96840.64771437252,True,True,post_v203_one_drop_one_add_whole_loan_swap,post-v203 one-swap pricing only; not multi-swap or global proof,B,B,0,0,2,2,1,0,2018,2018,NJ,FL
v63_source_repair_return_guarded_repair,incumbent_cvar_relaxed_source_lp,144248829,168841753,1000.0,1000.0,-14.62747078447996,-15.58411172619063,0.9566409417106687,2377.725649853373,842425.0,True,True,3.222484231535372e-05,0.8995459536457251,0,,,61404.97459453918,96762.02886318222,True,True,post_v203_one_drop_one_add_whole_loan_swap,post-v203 one-swap pricing only; not multi-swap or global proof,A,A,1,1,2,1,3,0,2018,2020,NC,NY
v63_source_repair_return_guarded_repair,incumbent_cvar_relaxed_source_lp,144248829,168678809,1000.0,1000.0,-14.62747078447996,-25.935876492202276,11.308405707722315,2388.0774146193844,842425.0,True,True,3.222484231535372e-05,0.8995459536457251,0,,,61418.48845143736,96783.00522257529,True,True,post_v203_one_drop_one_add_whole_loan_swap,post-v203 one-swap pricing only; not multi-swap or global proof,A,A,1,1,2,1,3,0,2018,2020,NC,IN
v63_source_repair_return_guarded_repair,incumbent_cvar_relaxed_source_lp,144248829,170390171,1000.0,1000.0,-14.62747078447996,-23.632377345499286,9.004906561019325,2385.7739154726814,842425.0,True,True,3.222484231535372e-05,0.8995459536457251,0,,,61415.08296189581,96776.07242239019,True,True,post_v203_one_drop_one_add_whole_loan_swap,post-v203 one-swap pricing only; not multi-swap or global proof,A,A,1,1,2,0,3,0,2018,2020,NC,other
v63_source_repair_return_guarded_repair,incumbent_cvar_relaxed_source_lp,144248829,169450190,1000.0,1000.0,-14.62747078447996,-22.58050328415853,7.953032499678571,2384.722041411341,842425.0,True,True,3.222484231535372e-05,0.8995459536457251,0,,,61397.76823740726,96741.06438906441,True,True,post_v203_one_drop_one_add_whole_loan_swap,post-v203 one-swap pricing only; not multi-swap or global proof,A,A,1,1,2,0,3,0,2018,2020,NC,AZ
v63_source_repair_return_guarded_repair,incumbent_cvar_relaxed_source_lp,144136832,127672145,1000.0,1000.0,-189.73252834202836,-196.20083323856994,6.468304896541582,2383.237313808204,842425.0,True,True,3.222484231535372e-05,0.8995459536457251,0,,,61444.247454254575,96872.22571265502,True,True,post_v203_one_drop_one_add_whole_loan_swap,post-v203 one-swap pricing only; not multi-swap or global proof,C,C,1,1,0,0,0,2,2018,2018,other,other
v63_source_repair_return_guarded_repair,incumbent_cvar_relaxed_source_lp,142830014,126483031,1200.0,1200.0,-189.4715102152384,-200.480236756332,11.008726541093608,2387.7777354527557,842425.0,True,True,3.222484231535372e-05,0.8995459536457251,0,,,61455.48321971939,96896.3746054826,True,True,post_v203_one_drop_one_add_whole_loan_swap,post-v203 one-swap pricing only; not multi-swap or global proof,B,B,0,0,1,2,0,0,2018,2018,IL,FL
v63_source_repair_return_guarded_repair,incumbent_cvar_relaxed_source_lp,143858157,126733849,1100.0,1000.0,-168.6715367259671,-186.9469746106631,18.275437884696004,2395.0444467963584,842525.0,True,True,0.00013348031248983094,0.8995578766208718,0,,,61416.15362246783,96835.53952308644,True,True,post_v203_one_drop_one_add_whole_loan_swap,post-v203 one-swap pricing only; not multi-swap or global proof,B,B,0,0,1,4,0,3,2018,2018,other,NJ
v63_source_repair_return_guarded_repair,incumbent_cvar_relaxed_source_lp,143858157,126468092,1100.0,1000.0,-168.6715367259671,-169.50590883596908,0.8343721100019934,2377.603381021664,842525.0,True,True,0.00013348031248983094,0.8995578766208718,0,,,61439.05784502522,96866.77292505914,True,True,post_v203_one_drop_one_add_whole_loan_swap,post-v203 one-swap pricing only; not multi-swap or global proof,B,B,0,0,1,1,0,2,2018,2018,other,other
v63_source_repair_return_guarded_repair,incumbent_cvar_relaxed_source_lp,143665074,127672145,1000.0,1000.0,-186.8834468242459,-196.20083323856994,9.317386414324034,2386.0863953259864,842425.0,True,True,3.222484231535372e-05,0.8995459536457251,0,,,61500.27334405105,96953.97748789111,True,True,post_v203_one_drop_one_add_whole_loan_swap,post-v203 one-swap pricing only; not multi-swap or global proof,D,C,2,1,2,0,0,2,2018,2018,WA,other
v63_source_repair_return_guarded_repair,incumbent_cvar_relaxed_source_lp,143665074,126733849,1000.0,1000.0,-186.8834468242459,-186.9469746106631,0.0635277864171826,2376.8325366980794,842425.0,True,True,3.222484231535372e-05,0.8983589043535033,0,,,61531.380759075735,96998.34780677638,True,True,post_v203_one_drop_one_add_whole_loan_swap,post-v203 one-swap pricing only; not multi-swap or global proof,D,B,2,0,2,4,0,3,2018,2018,WA,NJ
v63_source_repair_return_guarded_repair,incumbent_cvar_relaxed_source_lp,143574491,168803640,1500.0,1500.0,-19.952608974833005,-30.498264963412808,10.545655988579803,2387.314664900242,842425.0,True,True,3.222484231535372e-05,0.8995459536457251,0,,,61384.85756669948,96733.30709952585,True,True,post_v203_one_drop_one_add_whole_loan_swap,post-v203 one-swap pricing only; not multi-swap or global proof,A,A,1,1,3,3,1,3,2018,2020,WA,IL
v63_source_repair_return_guarded_repair,incumbent_cvar_relaxed_source_lp,143384974,127672145,1000.0,1000.0,-169.12746621153562,-196.20083323856994,27.073367027034323,2403.8423759386965,842425.0,True,True,3.222484231535372e-05,0.8995459536457251,0,,,61423.18590497949,96847.96384477513,True,True,post_v203_one_drop_one_add_whole_loan_swap,post-v203 one-swap pricing only; not multi-swap or global proof,C,C,1,1,1,0,0,2,2018,2018,NY,other
v63_source_repair_return_guarded_repair,incumbent_cvar_relaxed_source_lp,143384974,126827839,1000.0,1000.0,-169.12746621153562,-175.77898463113021,6.651518419594595,2383.420527331257,842425.0,True,True,3.222484231535372e-05,0.8995459536457251,0,,,61321.08300123423,96706.17326386039,True,True,post_v203_one_drop_one_add_whole_loan_swap,post-v203 one-swap pricing only; not multi-swap or global proof,C,E,1,2,1,0,0,4,2018,2018,NY,other
v63_source_repair_return_guarded_repair,incumbent_cvar_relaxed_source_lp,143384974,126733849,1000.0,1000.0,-169.12746621153562,-186.9469746106631,17.81950839912747,2394.58851731079,842425.0,True,True,3.222484231535372e-05,0.8983589043535033,0,,,61454.29332000417,96892.3341636604,True,True,post_v203_one_drop_one_add_whole_loan_swap,post-v203 one-swap pricing only; not multi-swap or global proof,C,B,1,0,1,4,0,3,2018,2018,NY,NJ
v63_source_repair_return_guarded_repair,incumbent_cvar_relaxed_source_lp,143384974,126468092,1000.0,1000.0,-169.12746621153562,-169.50590883596908,0.3784426244334611,2377.1474515360956,842425.0,True,True,3.222484231535372e-05,0.8983589043535033,0,,,61477.19754256157,96923.56756563313,True,True,post_v203_one_drop_one_add_whole_loan_swap,post-v203 one-swap pricing only; not multi-swap or global proof,C,B,1,0,1,1,0,2,2018,2018,NY,other
v63_source_repair_return_guarded_repair,incumbent_cvar_relaxed_source_lp,143384974,168701788,1000.0,1000.0,-169.12746621153562,-178.5860397151734,9.45857350363778,2386.2275824153,842425.0,True,True,3.222484231535372e-05,0.8995459536457251,0,,,61374.8725042714,96766.62265037282,True,True,post_v203_one_drop_one_add_whole_loan_swap,post-v203 one-swap pricing only; not multi-swap or global proof,C,C,1,1,1,3,0,1,2018,2020,NY,TX
v63_source_repair_return_guarded_repair,incumbent_cvar_relaxed_source_lp,143384974,169358871,1000.0,1000.0,-169.12746621153562,-177.86634212741987,8.73887591588425,2385.5078848275466,842425.0,True,True,3.222484231535372e-05,0.8995459536457251,0,,,61384.643521604135,96754.197615333,True,True,post_v203_one_drop_one_add_whole_loan_swap,post-v203 one-swap pricing only; not multi-swap or global proof,C,C,1,1,1,3,0,0,2018,2020,NY,VA
v63_source_repair_return_guarded_repair,incumbent_cvar_relaxed_source_lp,143384974,139506195,1000.0,1000.0,-169.12746621153562,-177.67809625327766,8.550630041742039,2385.319638953404,842425.0,True,True,3.222484231535372e-05,0.8995459536457251,0,,,61358.808841552716,96700.41599021254,True,True,post_v203_one_drop_one_add_whole_loan_swap,post-v203 one-swap pricing only; not multi-swap or global proof,C,D,1,2,1,2,0,0,2018,2018,NY,CA
v63_source_repair_return_guarded_repair,incumbent_cvar_relaxed_source_lp,143384974,156823754,1000.0,1000.0,-169.12746621153562,-183.46022770133698,14.332761489801356,2391.1017704014635,842425.0,True,True,3.222484231535372e-05,0.8995459536457251,0,,,61356.41062245333,96679.51122683188,True,True,post_v203_one_drop_one_add_whole_loan_swap,post-v203 one-swap pricing only; not multi-swap or global proof,C,D,1,2,1,3,0,1,2018,2019,NY,CA
v63_source_repair_return_guarded_repair,incumbent_cvar_relaxed_source_lp,143384974,156807668,1000.0,1000.0,-169.12746621153562,-175.85010442413147,6.722638212595854,2383.491647124258,842425.0,True,True,3.222484231535372e-05,0.8995459536457251,0,,,61383.84411681203,96707.78758720958,True,True,post_v203_one_drop_one_add_whole_loan_swap,post-v203 one-swap pricing only; not multi-swap or global proof,C,D,1,2,1,0,0,0,2018,2019,NY,TX
v63_source_repair_return_guarded_repair,incumbent_cvar_relaxed_source_lp,143298636,127672145,1000.0,1000.0,-170.8325283420283,-196.20083323856994,25.368304896541645,2402.137313808204,842425.0,True,True,3.222484231535372e-05,0.8995459536457251,0,,,61444.247454254575,96872.22571265502,True,True,post_v203_one_drop_one_add_whole_loan_swap,post-v203 one-swap pricing only; not multi-swap or global proof,C,C,1,1,1,0,2,2,2018,2018,other,other
v63_source_repair_return_guarded_repair,incumbent_cvar_relaxed_source_lp,143298636,126827839,1000.0,1000.0,-170.8325283420283,-175.77898463113021,4.946456289101917,2381.7154652007644,842425.0,True,True,3.222484231535372e-05,0.8995459536457251,0,,,61342.14455050933,96730.43513174028,True,True,post_v203_one_drop_one_add_whole_loan_swap,post-v203 one-swap pricing only; not multi-swap or global proof,C,E,1,2,1,0,2,4,2018,2018,other,other
v63_source_repair_return_guarded_repair,incumbent_cvar_relaxed_source_lp,143298636,126733849,1000.0,1000.0,-170.8325283420283,-186.9469746106631,16.114446268634794,2392.883455180297,842425.0,True,True,3.222484231535372e-05,0.8983589043535033,0,,,61475.35486927927,96916.59603154029,True,True,post_v203_one_drop_one_add_whole_loan_swap,post-v203 one-swap pricing only; not multi-swap or global proof,C,B,1,0,1,4,2,3,2018,2018,other,NJ
v63_source_repair_return_guarded_repair,incumbent_cvar_relaxed_source_lp,143298636,168701788,1000.0,1000.0,-170.8325283420283,-178.5860397151734,7.753511373145102,2384.5225202848073,842425.0,True,True,3.222484231535372e-05,0.8995459536457251,0,,,61395.93405354649,96790.88451825271,True,True,post_v203_one_drop_one_add_whole_loan_swap,post-v203 one-swap pricing only; not multi-swap or global proof,C,C,1,1,1,3,2,1,2018,2020,other,TX
v63_source_repair_return_guarded_repair,incumbent_cvar_relaxed_source_lp,143298636,169358871,1000.0,1000.0,-170.8325283420283,-177.86634212741987,7.0338137853915725,2383.8028226970537,842425.0,True,True,3.222484231535372e-05,0.8995459536457251,0,,,61405.70507087923,96778.4594832129,True,True,post_v203_one_drop_one_add_whole_loan_swap,post-v203 one-swap pricing only; not multi-swap or global proof,C,C,1,1,1,3,2,0,2018,2020,other,VA
v63_source_repair_return_guarded_repair,incumbent_cvar_relaxed_source_lp,143298636,139506195,1000.0,1000.0,-170.8325283420283,-177.67809625327766,6.845567911249361,2383.6145768229117,842425.0,True,True,3.222484231535372e-05,0.8995459536457251,0,,,61379.870390827826,96724.67785809243,True,True,post_v203_one_drop_one_add_whole_loan_swap,post-v203 one-swap pricing only; not multi-swap or global proof,C,D,1,2,1,2,2,0,2018,2018,other,CA
v63_source_repair_return_guarded_repair,incumbent_cvar_relaxed_source_lp,143298636,156823754,1000.0,1000.0,-170.8325283420283,-183.46022770133698,12.627699359308679,2389.396708270971,842425.0,True,True,3.222484231535372e-05,0.8995459536457251,0,,,61377.47217172841,96703.7730947118,True,True,post_v203_one_drop_one_add_whole_loan_swap,post-v203 one-swap pricing only; not multi-swap or global proof,C,D,1,2,1,3,2,1,2018,2019,other,CA
v63_source_repair_return_guarded_repair,incumbent_cvar_relaxed_source_lp,143298636,156807668,1000.0,1000.0,-170.8325283420283,-175.85010442413147,5.017576082103176,2381.7865849937652,842425.0,True,True,3.222484231535372e-05,0.8995459536457251,0,,,61404.90566608712,96732.04945508947,True,True,post_v203_one_drop_one_add_whole_loan_swap,post-v203 one-swap pricing only; not multi-swap or global proof,C,D,1,2,1,0,2,0,2018,2019,other,TX
v63_source_repair_return_guarded_repair,incumbent_cvar_relaxed_source_lp,143278940,127695160,1500.0,1500.0,-223.96024592785653,-235.90029594541494,11.940050017558406,2388.7090589292206,842425.0,True,True,3.222484231535372e-05,0.8995459536457251,0,,,61418.63444297689,96859.9779787117,True,True,post_v203_one_drop_one_add_whole_loan_swap,post-v203 one-swap pricing only; not multi-swap or global proof,B,B,0,0,4,2,0,1,2018,2018,MD,TX
v63_source_repair_return_guarded_repair,incumbent_cvar_relaxed_source_lp,143278940,126760355,1500.0,1500.0,-223.96024592785653,-250.40002765814089,26.439781730284352,2403.2087906419465,842425.0,True,True,3.222484231535372e-05,0.8995459536457251,0,,,61418.83975150049,96860.26638481162,True,True,post_v203_one_drop_one_add_whole_loan_swap,post-v203 one-swap pricing only; not multi-swap or global proof,B,B,0,0,4,1,0,0,2018,2018,MD,IL
v63_source_repair_return_guarded_repair,incumbent_cvar_relaxed_source_lp,143278940,126430923,1500.0,1500.0,-223.96024592785653,-243.25029594541493,19.2900500175584,2396.0590589292206,842425.0,True,True,3.222484231535372e-05,0.8995459536457251,0,,,61418.63444297689,96859.9779787117,True,True,post_v203_one_drop_one_add_whole_loan_swap,post-v203 one-swap pricing only; not multi-swap or global proof,B,B,0,0,4,3,0,0,2018,2018,MD,other
v63_source_repair_return_guarded_repair,incumbent_cvar_relaxed_source_lp,142973413,127672145,1000.0,1000.0,-179.69170236503285,-196.20083323856994,16.50913087353709,2393.2781397851995,842425.0,True,True,3.222484231535372e-05,0.8995459536457251,0,,,61517.65967682567,96997.30007224799,True,True,post_v203_one_drop_one_add_whole_loan_swap,post-v203 one-swap pricing only; not multi-swap or global proof,E,C,2,1,0,0,0,2,2018,2018,PA,other
v63_source_repair_return_guarded_repair,incumbent_cvar_relaxed_source_lp,142973413,126733849,1000.0,1000.0,-179.69170236503285,-186.9469746106631,7.255272245630238,2384.0242811572925,842425.0,True,True,3.222484231535372e-05,0.8983589043535033,0,,,61548.76709185036,97041.67039113327,True,True,post_v203_one_drop_one_add_whole_loan_swap,post-v203 one-swap pricing only; not multi-swap or global proof,E,B,2,0,0,4,0,3,2018,2018,PA,NJ
v63_source_repair_return_guarded_repair,incumbent_cvar_relaxed_source_lp,142973413,156823754,1000.0,1000.0,-179.69170236503285,-183.46022770133698,3.7685253363041227,2380.5375342479665,842425.0,True,True,3.222484231535372e-05,0.8995459536457251,0,,,61450.884394299515,96828.84745430475,True,True,post_v203_one_drop_one_add_whole_loan_swap,post-v203 one-swap pricing only; not multi-swap or global proof,E,D,2,2,0,3,0,1,2018,2019,PA,CA
v63_source_repair_return_guarded_repair,incumbent_cvar_relaxed_source_lp,143136725,127672145,1000.0,1000.0,-177.5369868619323,-196.20083323856994,18.66384637663765,2395.4328552883,842425.0,True,True,3.222484231535372e-05,0.8995459536457251,0,,,61589.41903488237,97098.72416645623,True,True,post_v203_one_drop_one_add_whole_loan_swap,post-v203 one-swap pricing only; not multi-swap or global proof,F,C,3,1,1,0,3,2,2018,2018,OH,other
v63_source_repair_return_guarded_repair,incumbent_cvar_relaxed_source_lp,143136725,126733849,1000.0,1000.0,-177.5369868619323,-186.9469746106631,9.4099877487308,2386.178996660393,842425.0,True,True,3.222484231535372e-05,0.8983589043535033,0,,,61620.526449907054,97143.0944853415,True,True,post_v203_one_drop_one_add_whole_loan_swap,post-v203 one-swap pricing only; not multi-swap or global proof,F,B,3,0,1,4,3,3,2018,2018,OH,NJ
v63_source_repair_return_guarded_repair,incumbent_cvar_relaxed_source_lp,143136725,168701788,1000.0,1000.0,-177.5369868619323,-178.5860397151734,1.0490528532411076,2377.818061764903,842425.0,True,True,3.222484231535372e-05,0.8995459536457251,0,,,61541.10563417429,97017.38297205394,True,True,post_v203_one_drop_one_add_whole_loan_swap,post-v203 one-swap pricing only; not multi-swap or global proof,F,C,3,1,1,3,3,1,2018,2020,OH,TX
v63_source_repair_return_guarded_repair,incumbent_cvar_relaxed_source_lp,143136725,169358871,1000.0,1000.0,-177.5369868619323,-177.86634212741987,0.3293552654875782,2377.09836417715,842425.0,True,True,3.222484231535372e-05,0.8995459536457251,0,,,61550.87665150702,97004.95793701409,True,True,post_v203_one_drop_one_add_whole_loan_swap,post-v203 one-swap pricing only; not multi-swap or global proof,F,C,3,1,1,3,3,0,2018,2020,OH,VA
v63_source_repair_return_guarded_repair,incumbent_cvar_relaxed_source_lp,143136725,139506195,1000.0,1000.0,-177.5369868619323,-177.67809625327766,0.14110939134536693,2376.9101183030075,842425.0,True,True,3.222484231535372e-05,0.8995459536457251,0,,,61525.04197145561,96951.17631189364,True,True,post_v203_one_drop_one_add_whole_loan_swap,post-v203 one-swap pricing only; not multi-swap or global proof,F,D,3,2,1,2,3,0,2018,2018,OH,CA
v63_source_repair_return_guarded_repair,incumbent_cvar_relaxed_source_lp,143136725,156823754,1000.0,1000.0,-177.5369868619323,-183.46022770133698,5.923240839404684,2382.692249751067,842425.0,True,True,3.222484231535372e-05,0.8995459536457251,0,,,61522.6437523562,96930.27154851296,True,True,post_v203_one_drop_one_add_whole_loan_swap,post-v203 one-swap pricing only; not multi-swap or global proof,F,D,3,2,1,3,3,1,2018,2019,OH,CA
v63_source_repair_return_guarded_repair,incumbent_cvar_relaxed_source_lp,143029391,127672145,1000.0,1000.0,-170.8325283420283,-196.20083323856994,25.368304896541645,2402.137313808204,842425.0,True,True,3.222484231535372e-05,0.8995459536457251,0,,,61444.247454254575,96872.22571265502,True,True,post_v203_one_drop_one_add_whole_loan_swap,post-v203 one-swap pricing only; not multi-swap or global proof,C,C,1,1,2,0,0,2,2018,2018,IL,other
v63_source_repair_return_guarded_repair,incumbent_cvar_relaxed_source_lp,143029391,126827839,1000.0,1000.0,-170.8325283420283,-175.77898463113021,4.946456289101917,2381.7154652007644,842425.0,True,True,3.222484231535372e-05,0.8995459536457251,0,,,61342.14455050933,96730.43513174028,True,True,post_v203_one_drop_one_add_whole_loan_swap,post-v203 one-swap pricing only; not multi-swap or global proof,C,E,1,2,2,0,0,4,2018,2018,IL,other
v63_source_repair_return_guarded_repair,incumbent_cvar_relaxed_source_lp,143029391,126733849,1000.0,1000.0,-170.8325283420283,-186.9469746106631,16.114446268634794,2392.883455180297,842425.0,True,True,3.222484231535372e-05,0.8983589043535033,0,,,61475.35486927927,96916.59603154029,True,True,post_v203_one_drop_one_add_whole_loan_swap,post-v203 one-swap pricing only; not multi-swap or global proof,C,B,1,0,2,4,0,3,2018,2018,IL,NJ
v63_source_repair_return_guarded_repair,incumbent_cvar_relaxed_source_lp,143029391,168701788,1000.0,1000.0,-170.8325283420283,-178.5860397151734,7.753511373145102,2384.5225202848073,842425.0,True,True,3.222484231535372e-05,0.8995459536457251,0,,,61395.93405354649,96790.88451825271,True,True,post_v203_one_drop_one_add_whole_loan_swap,post-v203 one-swap pricing only; not multi-swap or global proof,C,C,1,1,2,3,0,1,2018,2020,IL,TX
v63_source_repair_return_guarded_repair,incumbent_cvar_relaxed_source_lp,143029391,169358871,1000.0,1000.0,-170.8325283420283,-177.86634212741987,7.0338137853915725,2383.8028226970537,842425.0,True,True,3.222484231535372e-05,0.8995459536457251,0,,,61405.70507087923,96778.4594832129,True,True,post_v203_one_drop_one_add_whole_loan_swap,post-v203 one-swap pricing only; not multi-swap or global proof,C,C,1,1,2,3,0,0,2018,2020,IL,VA
v63_source_repair_return_guarded_repair,incumbent_cvar_relaxed_source_lp,143029391,139506195,1000.0,1000.0,-170.8325283420283,-177.67809625327766,6.845567911249361,2383.6145768229117,842425.0,True,True,3.222484231535372e-05,0.8995459536457251,0,,,61379.870390827826,96724.67785809243,True,True,post_v203_one_drop_one_add_whole_loan_swap,post-v203 one-swap pricing only; not multi-swap or global proof,C,D,1,2,2,2,0,0,2018,2018,IL,CA
v63_source_repair_return_guarded_repair,incumbent_cvar_relaxed_source_lp,143029391,156823754,1000.0,1000.0,-170.8325283420283,-183.46022770133698,12.627699359308679,2389.396708270971,842425.0,True,True,3.222484231535372e-05,0.8995459536457251,0,,,61377.47217172841,96703.7730947118,True,True,post_v203_one_drop_one_add_whole_loan_swap,post-v203 one-swap pricing only; not multi-swap or global proof,C,D,1,2,2,3,0,1,2018,2019,IL,CA
v63_source_repair_return_guarded_repair,incumbent_cvar_relaxed_source_lp,143029391,156807668,1000.0,1000.0,-170.8325283420283,-175.85010442413147,5.017576082103176,2381.7865849937652,842425.0,True,True,3.222484231535372e-05,0.8995459536457251,0,,,61404.90566608712,96732.04945508947,True,True,post_v203_one_drop_one_add_whole_loan_swap,post-v203 one-swap pricing only; not multi-swap or global proof,C,D,1,2,2,0,0,0,2018,2019,IL,TX
v63_source_repair_return_guarded_repair,incumbent_cvar_relaxed_source_lp,143126474,168841753,1000.0,1000.0,-10.601739316555324,-15.58411172619063,4.982372409635305,2381.7513813212977,842425.0,True,True,3.222484231535372e-05,0.8995459536457251,0,,,61397.2409410728,96749.48161949463,True,True,post_v203_one_drop_one_add_whole_loan_swap,post-v203 one-swap pricing only; not multi-swap or global proof,A,A,1,1,2,1,4,0,2018,2020,TX,NY
v63_source_repair_return_guarded_repair,incumbent_cvar_relaxed_source_lp,143126474,168678809,1000.0,1000.0,-10.601739316555324,-25.935876492202276,15.334137175646951,2392.103146087309,842425.0,True,True,3.222484231535372e-05,0.8995459536457251,0,,,61410.75479797098,96770.45797888769,True,True,post_v203_one_drop_one_add_whole_loan_swap,post-v203 one-swap pricing only; not multi-swap or global proof,A,A,1,1,2,1,4,0,2018,2020,TX,IN
v63_source_repair_return_guarded_repair,incumbent_cvar_relaxed_source_lp,143126474,170390171,1000.0,1000.0,-10.601739316555324,-23.632377345499286,13.030638028943962,2389.799646940606,842425.0,True,True,3.222484231535372e-05,0.8995459536457251,0,,,61407.34930842943,96763.5251787026,True,True,post_v203_one_drop_one_add_whole_loan_swap,post-v203 one-swap pricing only; not multi-swap or global proof,A,A,1,1,2,0,4,0,2018,2020,TX,other
v63_source_repair_return_guarded_repair,incumbent_cvar_relaxed_source_lp,143126474,169450190,1000.0,1000.0,-10.601739316555324,-22.58050328415853,11.978763967603207,2388.7477728792655,842425.0,True,True,3.222484231535372e-05,0.8995459536457251,0,,,61390.034583940884,96728.5171453768,True,True,post_v203_one_drop_one_add_whole_loan_swap,post-v203 one-swap pricing only; not multi-swap or global proof,A,A,1,1,2,0,4,0,2018,2020,TX,AZ
v63_source_repair_return_guarded_repair,incumbent_cvar_relaxed_source_lp,143078336,127672145,1000.0,1000.0,-185.09415151059494,-196.20083323856994,11.106681727975001,2387.8756906396375,842425.0,True,True,3.222484231535372e-05,0.8995459536457251,0,,,61450.95603949863,96878.01829740056,True,True,post_v203_one_drop_one_add_whole_loan_swap,post-v203 one-swap pricing only; not multi-swap or global proof,C,C,1,1,0,0,0,2,2018,2018,CO,other
v63_source_repair_return_guarded_repair,incumbent_cvar_relaxed_source_lp,143078336,126733849,1000.0,1000.0,-185.09415151059494,-186.9469746106631,1.85282310006815,2378.6218320117305,842425.0,True,True,3.222484231535372e-05,0.8983589043535033,0,,,61482.06345452332,96922.38861628583,True,True,post_v203_one_drop_one_add_whole_loan_swap,post-v203 one-swap pricing only; not multi-swap or global proof,C,B,1,0,0,4,0,3,2018,2018,CO,NJ
v63_source_repair_return_guarded_repair,incumbent_cvar_relaxed_source_lp,142547301,127672145,1000.0,1000.0,-171.39694085680853,-196.20083323856994,24.803892381761415,2401.5729012934235,842425.0,True,True,3.222484231535372e-05,0.8995459536457251,0,,,61499.37439893381,96954.86532302032,True,True,post_v203_one_drop_one_add_whole_loan_swap,post-v203 one-swap pricing only; not multi-swap or global proof,D,C,2,1,2,0,2,2,2018,2018,MN,other
v63_source_repair_return_guarded_repair,incumbent_cvar_relaxed_source_lp,142547301,126827839,1000.0,1000.0,-171.39694085680853,-175.77898463113021,4.382043774321687,2381.151052685984,842425.0,True,True,3.222484231535372e-05,0.8995459536457251,0,,,61397.27149518855,96813.07474210556,True,True,post_v203_one_drop_one_add_whole_loan_swap,post-v203 one-swap pricing only; not multi-swap or global proof,D,E,2,2,2,0,2,4,2018,2018,MN,other
v63_source_repair_return_guarded_repair,incumbent_cvar_relaxed_source_lp,142547301,126733849,1000.0,1000.0,-171.39694085680853,-186.9469746106631,15.550033753854564,2392.319042665517,842425.0,True,True,3.222484231535372e-05,0.8983589043535033,0,,,61530.4818139585,96999.2356419056,True,True,post_v203_one_drop_one_add_whole_loan_swap,post-v203 one-swap pricing only; not multi-swap or global proof,D,B,2,0,2,4,2,3,2018,2018,MN,NJ
v63_source_repair_return_guarded_repair,incumbent_cvar_relaxed_source_lp,142547301,168701788,1000.0,1000.0,-171.39694085680853,-178.5860397151734,7.189098858364872,2383.9581077700273,842425.0,True,True,3.222484231535372e-05,0.8995459536457251,0,,,61451.060998225716,96873.52412861802,True,True,post_v203_one_drop_one_add_whole_loan_swap,post-v203 one-swap pricing only; not multi-swap or global proof,D,C,2,1,2,3,2,1,2018,2020,MN,TX
v63_source_repair_return_guarded_repair,incumbent_cvar_relaxed_source_lp,142547301,169358871,1000.0,1000.0,-171.39694085680853,-177.86634212741987,6.469401270611343,2383.2384101822736,842425.0,True,True,3.222484231535372e-05,0.8995459536457251,0,,,61460.83201555846,96861.09909357819,True,True,post_v203_one_drop_one_add_whole_loan_swap,post-v203 one-swap pricing only; not multi-swap or global proof,D,C,2,1,2,3,2,0,2018,2020,MN,VA
v63_source_repair_return_guarded_repair,incumbent_cvar_relaxed_source_lp,142547301,139506195,1000.0,1000.0,-171.39694085680853,-177.67809625327766,6.281155396469131,2383.0501643081316,842425.0,True,True,3.222484231535372e-05,0.8995459536457251,0,,,61434.99733550705,96807.31746845772,True,True,post_v203_one_drop_one_add_whole_loan_swap,post-v203 one-swap pricing only; not multi-swap or global proof,D,D,2,2,2,2,2,0,2018,2018,MN,CA
v63_source_repair_return_guarded_repair,incumbent_cvar_relaxed_source_lp,142547301,156823754,1000.0,1000.0,-171.39694085680853,-183.46022770133698,12.063286844528449,2388.832295756191,842425.0,True,True,3.222484231535372e-05,0.8995459536457251,0,,,61432.59911640765,96786.41270507709,True,True,post_v203_one_drop_one_add_whole_loan_swap,post-v203 one-swap pricing only; not multi-swap or global proof,D,D,2,2,2,3,2,1,2018,2019,MN,CA
v63_source_repair_return_guarded_repair,incumbent_cvar_relaxed_source_lp,142547301,156807668,1000.0,1000.0,-171.39694085680853,-175.85010442413147,4.453163567322946,2381.222172478985,842425.0,True,True,3.222484231535372e-05,0.8995459536457251,0,,,61460.03261076635,96814.68906545478,True,True,post_v203_one_drop_one_add_whole_loan_swap,post-v203 one-swap pricing only; not multi-swap or global proof,D,D,2,2,2,0,2,0,2018,2019,MN,TX
v63_source_repair_return_guarded_repair,incumbent_cvar_relaxed_source_lp,142448559,126733849,1200.0,1000.0,-174.68738765590132,-186.9469746106631,12.259586954761772,2389.028595866424,842625.0,True,True,0.00023471174932332417,0.8995697967660584,0,,,61440.78537041626,96878.67372095009,True,True,post_v203_one_drop_one_add_whole_loan_swap,post-v203 one-swap pricing only; not multi-swap or global proof,B,B,0,0,1,4,2,3,2018,2018,IL,NJ
v63_source_repair_return_guarded_repair,incumbent_cvar_relaxed_source_lp,142448559,126483031,1200.0,1200.0,-174.68738765590132,-200.480236756332,25.792849100430686,2402.561858012093,842425.0,True,True,3.222484231535372e-05,0.8995459536457251,0,,,61419.800946076735,96848.25477034839,True,True,post_v203_one_drop_one_add_whole_loan_swap,post-v203 one-swap pricing only; not multi-swap or global proof,B,B,0,0,1,2,2,0,2018,2018,IL,FL
v63_source_repair_return_guarded_repair,incumbent_cvar_relaxed_source_lp,142191288,126483031,1300.0,1200.0,-196.74476771496595,-200.480236756332,3.735469041366059,2380.504477953028,842525.0,True,True,0.00013348031248983094,0.8995578766208718,0,,,61444.776092785454,96889.03741036206,True,True,post_v203_one_drop_one_add_whole_loan_swap,post-v203 one-swap pricing only; not multi-swap or global proof,B,B,0,0,2,2,1,0,2018,2018,IL,FL
v63_source_repair_return_guarded_repair,incumbent_cvar_relaxed_source_lp,142054292,127672145,1000.0,1000.0,-182.663633648734,-196.20083323856994,13.53719958983595,2390.306208501498,842425.0,True,True,3.222484231535372e-05,0.8995459536457251,0,,,61550.2919404302,97032.65963944334,True,True,post_v203_one_drop_one_add_whole_loan_swap,post-v203 one-swap pricing only; not multi-swap or global proof,E,C,2,1,2,0,0,2,2018,2018,MD,other
v63_source_repair_return_guarded_repair,incumbent_cvar_relaxed_source_lp,142054292,126733849,1000.0,1000.0,-182.663633648734,-186.9469746106631,4.283340961929099,2381.0523498735915,842425.0,True,True,3.222484231535372e-05,0.8983589043535033,0,,,61581.399355454894,97077.02995832863,True,True,post_v203_one_drop_one_add_whole_loan_swap,post-v203 one-swap pricing only; not multi-swap or global proof,E,B,2,0,2,4,0,3,2018,2018,MD,NJ
v63_source_repair_return_guarded_repair,incumbent_cvar_relaxed_source_lp,142054292,156823754,1000.0,1000.0,-182.663633648734,-183.46022770133698,0.796594052602984,2377.565602964265,842425.0,True,True,3.222484231535372e-05,0.8995459536457251,0,,,61483.51665790404,96864.20702150013,True,True,post_v203_one_drop_one_add_whole_loan_swap,post-v203 one-swap pricing only; not multi-swap or global proof,E,D,2,2,2,3,0,1,2018,2019,MD,CA
v63_source_repair_return_guarded_repair,incumbent_cvar_relaxed_source_lp,141524082,126733849,1000.0,1000.0,-179.84696271822858,-186.9469746106631,7.100011892434509,2383.8690208040966,842425.0,True,True,3.222484231535372e-05,0.8995459536457251,0,,,61419.56573859544,96837.46157301683,True,True,post_v203_one_drop_one_add_whole_loan_swap,post-v203 one-swap pricing only; not multi-swap or global proof,B,B,0,0,3,4,0,3,2018,2018,NJ,NJ
v63_source_repair_return_guarded_repair,incumbent_cvar_relaxed_source_lp,141184113,127281432,2000.0,2000.0,-248.63454352438842,-271.1059581396894,22.471414615300972,2399.2404235269632,842425.0,True,True,3.222484231535372e-05,0.8995459536457251,0,,,61416.30978847291,96879.32099266216,True,True,post_v203_one_drop_one_add_whole_loan_swap,post-v203 one-swap pricing only; not multi-swap or global proof,B,B,0,0,4,4,0,0,2018,2018,NY,other
v63_source_repair_return_guarded_repair,incumbent_cvar_relaxed_source_lp,141184113,126760355,2000.0,1500.0,-248.63454352438842,-250.40002765814089,1.7654841337524658,2378.534493045415,842925.0,True,True,0.00039445976806951055,0.8996055402319305,0,,,61500.52535374309,96997.62237785834,True,True,post_v203_one_drop_one_add_whole_loan_swap,post-v203 one-swap pricing only; not multi-swap or global proof,B,B,0,0,4,1,0,0,2018,2018,NY,IL
v63_source_repair_return_guarded_repair,incumbent_cvar_relaxed_source_lp,149461606,126733849,1000.0,1000.0,-164.00156784304872,-186.9469746106631,22.945406767614372,2399.7144156792765,842425.0,True,True,3.222484231535372e-05,0.8995459536457251,0,,,61416.008279297224,96830.05125607712,True,True,post_v203_one_drop_one_add_whole_loan_swap,post-v203 one-swap pricing only; not multi-swap or global proof,B,B,0,0,3,4,0,3,2019,2018,NC,NJ
v63_source_repair_return_guarded_repair,incumbent_cvar_relaxed_source_lp,149461606,126468092,1000.0,1000.0,-164.00156784304872,-169.50590883596908,5.504340992920362,2382.2733499045826,842425.0,True,True,3.222484231535372e-05,0.8995459536457251,0,,,61438.91250185462,96861.28465804983,True,True,post_v203_one_drop_one_add_whole_loan_swap,post-v203 one-swap pricing only; not multi-swap or global proof,B,B,0,0,3,1,0,2,2019,2018,NC,other
v63_source_repair_return_guarded_repair,incumbent_cvar_relaxed_source_lp,149234001,168678809,1000.0,1000.0,-21.926866965281548,-25.935876492202276,4.009009526920728,2380.778018438583,842425.0,True,True,3.222484231535372e-05,0.8995459536457251,0,,,61419.62768323481,96785.04271304936,True,True,post_v203_one_drop_one_add_whole_loan_swap,post-v203 one-swap pricing only; not multi-swap or global proof,A,A,1,1,2,1,2,0,2019,2020,NC,IN
v63_source_repair_return_guarded_repair,incumbent_cvar_relaxed_source_lp,149234001,170390171,1000.0,1000.0,-21.926866965281548,-23.632377345499286,1.7055103802177385,2378.47451929188,842425.0,True,True,3.222484231535372e-05,0.8995459536457251,0,,,61416.222193693255,96778.10991286431,True,True,post_v203_one_drop_one_add_whole_loan_swap,post-v203 one-swap pricing only; not multi-swap or global proof,A,A,1,1,2,0,2,0,2019,2020,NC,other
v63_source_repair_return_guarded_repair,incumbent_cvar_relaxed_source_lp,149234001,169450190,1000.0,1000.0,-21.926866965281548,-22.58050328415853,0.653636318876984,2377.4226452305393,842425.0,True,True,3.222484231535372e-05,0.8995459536457251,0,,,61398.9074692047,96743.1018795385,True,True,post_v203_one_drop_one_add_whole_loan_swap,post-v203 one-swap pricing only; not multi-swap or global proof,A,A,1,1,2,0,2,0,2019,2020,NC,AZ
v63_source_repair_return_guarded_repair,incumbent_cvar_relaxed_source_lp,149155031,127672145,1000.0,1000.0,-180.4847285023466,-196.20083323856994,15.716104736223343,2392.4851136478856,842425.0,True,True,3.222484231535372e-05,0.8995459536457251,0,,,61574.46013218785,96967.93043618869,True,True,post_v203_one_drop_one_add_whole_loan_swap,post-v203 one-swap pricing only; not multi-swap or global proof,D,C,3,1,3,0,2,2,2019,2018,TX,other
v63_source_repair_return_guarded_repair,incumbent_cvar_relaxed_source_lp,149155031,126733849,1000.0,1000.0,-180.4847285023466,-186.9469746106631,6.462246108316492,2383.2312550199786,842425.0,True,True,3.222484231535372e-05,0.8983589043535033,0,,,61605.567547212544,97012.30075507394,True,True,post_v203_one_drop_one_add_whole_loan_swap,post-v203 one-swap pricing only; not multi-swap or global proof,D,B,3,0,3,4,2,3,2019,2018,TX,NJ
v63_source_repair_return_guarded_repair,incumbent_cvar_relaxed_source_lp,149155031,156823754,1000.0,1000.0,-180.4847285023466,-183.46022770133698,2.975499198990377,2379.7445081106525,842425.0,True,True,3.222484231535372e-05,0.8995459536457251,0,,,61507.68484966169,96799.47781824543,True,True,post_v203_one_drop_one_add_whole_loan_swap,post-v203 one-swap pricing only; not multi-swap or global proof,D,D,3,2,3,3,2,1,2019,2019,TX,CA
v63_source_repair_return_guarded_repair,incumbent_cvar_relaxed_source_lp,149149014,168678809,1000.0,1000.0,-24.023651160233186,-25.935876492202276,1.9122253319690898,2378.6812342436315,842425.0,True,True,3.222484231535372e-05,0.8995459536457251,0,,,61428.15189441323,96798.88942965103,True,True,post_v203_one_drop_one_add_whole_loan_swap,post-v203 one-swap pricing only; not multi-swap or global proof,A,A,1,1,3,1,2,0,2019,2020,FL,IN
v63_source_repair_return_guarded_repair,incumbent_cvar_relaxed_source_lp,148588666,127672145,1000.0,1000.0,-180.4847285023466,-196.20083323856994,15.716104736223343,2392.4851136478856,842425.0,True,True,3.222484231535372e-05,0.8995459536457251,0,,,61574.46013218785,96967.93043618869,True,True,post_v203_one_drop_one_add_whole_loan_swap,post-v203 one-swap pricing only; not multi-swap or global proof,D,C,3,1,2,0,2,2,2019,2018,VA,other
v63_source_repair_return_guarded_repair,incumbent_cvar_relaxed_source_lp,148588666,126733849,1000.0,1000.0,-180.4847285023466,-186.9469746106631,6.462246108316492,2383.2312550199786,842425.0,True,True,3.222484231535372e-05,0.8983589043535033,0,,,61605.567547212544,97012.30075507394,True,True,post_v203_one_drop_one_add_whole_loan_swap,post-v203 one-swap pricing only; not multi-swap or global proof,D,B,3,0,2,4,2,3,2019,2018,VA,NJ
v63_source_repair_return_guarded_repair,incumbent_cvar_relaxed_source_lp,148588666,156823754,1000.0,1000.0,-180.4847285023466,-183.46022770133698,2.975499198990377,2379.7445081106525,842425.0,True,True,3.222484231535372e-05,0.8995459536457251,0,,,61507.68484966169,96799.47781824543,True,True,post_v203_one_drop_one_add_whole_loan_swap,post-v203 one-swap pricing only; not multi-swap or global proof,D,D,3,2,2,3,2,1,2019,2019,VA,CA
v63_source_repair_return_guarded_repair,incumbent_cvar_relaxed_source_lp,148488907,168803640,1500.0,1500.0,-23.590300447922335,-30.498264963412808,6.907964515490473,2383.676973427153,842425.0,True,True,3.222484231535372e-05,0.8995459536457251,0,,,61398.16689459521,96755.18420076839,True,True,post_v203_one_drop_one_add_whole_loan_swap,post-v203 one-swap pricing only; not multi-swap or global proof,A,A,1,1,3,3,4,3,2019,2020,other,IL
v63_source_repair_return_guarded_repair,incumbent_cvar_relaxed_source_lp,148266260,127672145,1000.0,1000.0,-181.8913939597021,-196.20083323856994,14.309439278867842,2391.0784481905303,842425.0,True,True,3.222484231535372e-05,0.8995459536457251,0,,,61575.905583771455,96964.45773234624,True,True,post_v203_one_drop_one_add_whole_loan_swap,post-v203 one-swap pricing only; not multi-swap or global proof,D,C,3,1,3,0,1,2,2019,2018,TX,other
v63_source_repair_return_guarded_repair,incumbent_cvar_relaxed_source_lp,148266260,126733849,1000.0,1000.0,-181.8913939597021,-186.9469746106631,5.055580650960991,2381.8245895626233,842425.0,True,True,3.222484231535372e-05,0.8983589043535033,0,,,61607.01299879615,97008.82805123154,True,True,post_v203_one_drop_one_add_whole_loan_swap,post-v203 one-swap pricing only; not multi-swap or global proof,D,B,3,0,3,4,1,3,2019,2018,TX,NJ
v63_source_repair_return_guarded_repair,incumbent_cvar_relaxed_source_lp,148266260,156823754,1000.0,1000.0,-181.8913939597021,-183.46022770133698,1.5688337416348759,2378.3378426532972,842425.0,True,True,3.222484231535372e-05,0.8995459536457251,0,,,61509.1303012453,96796.005114403,True,True,post_v203_one_drop_one_add_whole_loan_swap,post-v203 one-swap pricing only; not multi-swap or global proof,D,D,3,2,3,3,1,1,2019,2019,TX,CA
v63_source_repair_return_guarded_repair,incumbent_cvar_relaxed_source_lp,147989812,127672145,1000.0,1000.0,-190.0117523232195,-196.20083323856994,6.189080915350445,2382.958089827013,842425.0,True,True,3.222484231535372e-05,0.8995459536457251,0,,,61441.62703941671,96867.00083360587,True,True,post_v203_one_drop_one_add_whole_loan_swap,post-v203 one-swap pricing only; not multi-swap or global proof,C,C,1,1,0,0,0,2,2019,2018,CA,other
v63_source_repair_return_guarded_repair,incumbent_cvar_relaxed_source_lp,147899491,126760355,1500.0,1500.0,-247.13756401386254,-250.40002765814089,3.2624636442783412,2380.0314725559406,842425.0,True,True,3.222484231535372e-05,0.8995459536457251,0,,,61447.13662932343,96898.1479686138,True,True,post_v203_one_drop_one_add_whole_loan_swap,post-v203 one-swap pricing only; not multi-swap or global proof,B,B,0,0,2,1,0,0,2019,2018,other,IL
v63_source_repair_return_guarded_repair,incumbent_cvar_relaxed_source_lp,147597555,126733849,1000.0,1000.0,-171.65837600924158,-186.9469746106631,15.288598601421512,2392.057607513084,842425.0,True,True,3.222484231535372e-05,0.8995459536457251,0,,,61409.687781545545,96819.69729076992,True,True,post_v203_one_drop_one_add_whole_loan_swap,post-v203 one-swap pricing only; not multi-swap or global proof,B,B,0,0,2,4,3,3,2019,2018,WA,NJ
v63_source_repair_return_guarded_repair,incumbent_cvar_relaxed_source_lp,146311060,127672145,1000.0,1000.0,-187.1570637652536,-196.20083323856994,9.043769473316331,2385.8127783849786,842425.0,True,True,3.222484231535372e-05,0.8995459536457251,0,,,61460.908565491125,96883.65846325074,True,True,post_v203_one_drop_one_add_whole_loan_swap,post-v203 one-swap pricing only; not multi-swap or global proof,C,C,1,1,1,0,0,2,2019,2018,NC,other
v63_source_repair_return_guarded_repair,incumbent_cvar_relaxed_source_lp,146674957,127672145,1000.0,1000.0,-190.46948618264764,-196.20083323856994,5.731347055922299,2382.5003559675847,842425.0,True,True,3.222484231535372e-05,0.8995459536457251,0,,,61503.89968878179,96955.8634131587,True,True,post_v203_one_drop_one_add_whole_loan_swap,post-v203 one-swap pricing only; not multi-swap or global proof,D,C,2,1,4,0,0,2,2019,2018,VA,other
v63_source_repair_return_guarded_repair,incumbent_cvar_relaxed_source_lp,146255415,160806330,1250.0,1200.0,-204.78232472676117,-210.10403328668124,5.321708559920069,2382.090717471582,842475.0,True,True,8.285558210519017e-05,0.8994925665450013,0,,,61515.45881823423,96908.20831314709,True,True,post_v203_one_drop_one_add_whole_loan_swap,post-v203 one-swap pricing only; not multi-swap or global proof,E,D,2,2,4,2,0,2,2019,2019,other,FL
v63_source_repair_return_guarded_repair,incumbent_cvar_relaxed_source_lp,145803826,127672145,1000.0,1000.0,-183.12585978140902,-196.20083323856994,13.074973457160922,2389.843982368823,842425.0,True,True,3.222484231535372e-05,0.8995459536457251,0,,,61540.858185591176,97022.8925729658,True,True,post_v203_one_drop_one_add_whole_loan_swap,post-v203 one-swap pricing only; not multi-swap or global proof,E,C,2,1,3,0,0,2,2019,2018,MI,other
v63_source_repair_return_guarded_repair,incumbent_cvar_relaxed_source_lp,145803826,126733849,1000.0,1000.0,-183.12585978140902,-186.9469746106631,3.8211148292540713,2380.590123740916,842425.0,True,True,3.222484231535372e-05,0.8983589043535033,0,,,61571.96560061586,97067.26289185107,True,True,post_v203_one_drop_one_add_whole_loan_swap,post-v203 one-swap pricing only; not multi-swap or global proof,E,B,2,0,3,4,0,3,2019,2018,MI,NJ
v63_source_repair_return_guarded_repair,incumbent_cvar_relaxed_source_lp,145803826,156823754,1000.0,1000.0,-183.12585978140902,-183.46022770133698,0.33436791992795634,2377.10337683159,842425.0,True,True,3.222484231535372e-05,0.8995459536457251,0,,,61474.08290306501,96854.43995502255,True,True,post_v203_one_drop_one_add_whole_loan_swap,post-v203 one-swap pricing only; not multi-swap or global proof,E,D,2,2,3,3,0,1,2019,2019,MI,CA
v63_source_repair_return_guarded_repair,incumbent_cvar_relaxed_source_lp,145824687,127672145,1000.0,1000.0,-189.60565177320717,-196.20083323856994,6.595181465362771,2383.364190377025,842425.0,True,True,3.222484231535372e-05,0.8995459536457251,0,,,61473.24984388451,96928.95360604423,True,True,post_v203_one_drop_one_add_whole_loan_swap,post-v203 one-swap pricing only; not multi-swap or global proof,D,C,2,1,1,0,0,2,2019,2018,other,other
v63_source_repair_return_guarded_repair,incumbent_cvar_relaxed_source_lp,146058451,127672145,1000.0,1000.0,-162.5963102886178,-196.20083323856994,33.604522949952155,2410.3735318616145,842425.0,True,True,3.222484231535372e-05,0.8995459536457251,0,,,61573.1992657348,97084.73556230782,True,True,post_v203_one_drop_one_add_whole_loan_swap,post-v203 one-swap pricing only; not multi-swap or global proof,F,C,2,1,1,0,2,2,2019,2018,NY,other
v63_source_repair_return_guarded_repair,incumbent_cvar_relaxed_source_lp,146058451,126827839,1000.0,1000.0,-162.5963102886178,-175.77898463113021,13.182674342512428,2389.951683254175,842425.0,True,True,3.222484231535372e-05,0.8995459536457251,0,,,61471.09636198955,96942.94498139304,True,True,post_v203_one_drop_one_add_whole_loan_swap,post-v203 one-swap pricing only; not multi-swap or global proof,F,E,2,2,1,0,2,4,2019,2018,NY,other
v63_source_repair_return_guarded_repair,incumbent_cvar_relaxed_source_lp,146058451,126733849,1000.0,1000.0,-162.5963102886178,-186.9469746106631,24.350664322045304,2401.1196732337075,842425.0,True,True,3.222484231535372e-05,0.8983589043535033,0,,,61604.30668075949,97129.10588119309,True,True,post_v203_one_drop_one_add_whole_loan_swap,post-v203 one-swap pricing only; not multi-swap or global proof,F,B,2,0,1,4,2,3,2019,2018,NY,NJ
v63_source_repair_return_guarded_repair,incumbent_cvar_relaxed_source_lp,146058451,126468092,1000.0,1000.0,-162.5963102886178,-169.50590883596908,6.909598547351294,2383.6786074590136,842425.0,True,True,3.222484231535372e-05,0.8983589043535033,0,,,61627.210903316874,97160.33928316577,True,True,post_v203_one_drop_one_add_whole_loan_swap,post-v203 one-swap pricing only; not multi-swap or global proof,F,B,2,0,1,1,2,2,2019,2018,NY,other
v63_source_repair_return_guarded_repair,incumbent_cvar_relaxed_source_lp,146058451,168701788,1000.0,1000.0,-162.5963102886178,-178.5860397151734,15.989729426555613,2392.758738338218,842425.0,True,True,3.222484231535372e-05,0.8995459536457251,0,,,61524.88586502672,97003.3943679055,True,True,post_v203_one_drop_one_add_whole_loan_swap,post-v203 one-swap pricing only; not multi-swap or global proof,F,C,2,1,1,3,2,1,2019,2020,NY,TX
v63_source_repair_return_guarded_repair,incumbent_cvar_relaxed_source_lp,146058451,169358871,1000.0,1000.0,-162.5963102886178,-177.86634212741987,15.270031838802083,2392.039040750464,842425.0,True,True,3.222484231535372e-05,0.8995459536457251,0,,,61534.65688235946,96990.96933286566,True,True,post_v203_one_drop_one_add_whole_loan_swap,post-v203 one-swap pricing only; not multi-swap or global proof,F,C,2,1,1,3,2,0,2019,2020,NY,VA
v63_source_repair_return_guarded_repair,incumbent_cvar_relaxed_source_lp,146058451,139506195,1000.0,1000.0,-162.5963102886178,-177.67809625327766,15.081785964659872,2391.850794876322,842425.0,True,True,3.222484231535372e-05,0.8995459536457251,0,,,61508.822202308045,96937.18770774522,True,True,post_v203_one_drop_one_add_whole_loan_swap,post-v203 one-swap pricing only; not multi-swap or global proof,F,D,2,2,1,2,2,0,2019,2018,NY,CA
v63_source_repair_return_guarded_repair,incumbent_cvar_relaxed_source_lp,146058451,156823754,1000.0,1000.0,-162.5963102886178,-183.46022770133698,20.86391741271919,2397.6329263243815,842425.0,True,True,3.222484231535372e-05,0.8995459536457251,0,,,61506.42398320864,96916.28294436456,True,True,post_v203_one_drop_one_add_whole_loan_swap,post-v203 one-swap pricing only; not multi-swap or global proof,F,D,2,2,1,3,2,1,2019,2019,NY,CA
v63_source_repair_return_guarded_repair,incumbent_cvar_relaxed_source_lp,146058451,156807668,1000.0,1000.0,-162.5963102886178,-175.85010442413147,13.253794135513687,2390.022803047176,842425.0,True,True,3.222484231535372e-05,0.8995459536457251,0,,,61533.85747756735,96944.55930474223,True,True,post_v203_one_drop_one_add_whole_loan_swap,post-v203 one-swap pricing only; not multi-swap or global proof,F,D,2,2,1,0,2,0,2019,2019,NY,TX
v63_source_repair_return_guarded_repair,incumbent_cvar_relaxed_source_lp,145693319,127672145,1000.0,1000.0,-185.7950112813479,-196.20083323856994,10.405821957222031,2387.1748308688843,842425.0,True,True,3.222484231535372e-05,0.8995459536457251,0,,,61523.83722590702,97008.05744967115,True,True,post_v203_one_drop_one_add_whole_loan_swap,post-v203 one-swap pricing only; not multi-swap or global proof,E,C,2,1,0,0,1,2,2019,2018,MI,other
v63_source_repair_return_guarded_repair,incumbent_cvar_relaxed_source_lp,145693319,126733849,1000.0,1000.0,-185.7950112813479,-186.9469746106631,1.1519633293151799,2377.9209722409773,842425.0,True,True,3.222484231535372e-05,0.8983589043535033,0,,,61554.9446409317,97052.42776855643,True,True,post_v203_one_drop_one_add_whole_loan_swap,post-v203 one-swap pricing only; not multi-swap or global proof,E,B,2,0,0,4,1,3,2019,2018,MI,NJ
v63_source_repair_return_guarded_repair,incumbent_cvar_relaxed_source_lp,154341738,168678809,1000.0,1000.0,-19.715403175880347,-25.935876492202276,6.220473316321929,2382.9894822279844,842425.0,True,True,3.222484231535372e-05,0.8995459536457251,0,,,61417.34174993955,96780.7856006011,True,True,post_v203_one_drop_one_add_whole_loan_swap,post-v203 one-swap pricing only; not multi-swap or global proof,A,A,1,1,2,1,2,0,2019,2020,other,IN
v63_source_repair_return_guarded_repair,incumbent_cvar_relaxed_source_lp,154341738,170390171,1000.0,1000.0,-19.715403175880347,-23.632377345499286,3.916974169618939,2380.6859830812814,842425.0,True,True,3.222484231535372e-05,0.8995459536457251,0,,,61413.936260398,96773.85280041603,True,True,post_v203_one_drop_one_add_whole_loan_swap,post-v203 one-swap pricing only; not multi-swap or global proof,A,A,1,1,2,0,2,0,2019,2020,other,other
v63_source_repair_return_guarded_repair,incumbent_cvar_relaxed_source_lp,154341738,169450190,1000.0,1000.0,-19.715403175880347,-22.58050328415853,2.8651001082781846,2379.6341090199403,842425.0,True,True,3.222484231535372e-05,0.8995459536457251,0,,,61396.62153590944,96738.84476709024,True,True,post_v203_one_drop_one_add_whole_loan_swap,post-v203 one-swap pricing only; not multi-swap or global proof,A,A,1,1,2,0,2,0,2019,2020,other,AZ
v63_source_repair_return_guarded_repair,incumbent_cvar_relaxed_source_lp,153077076,127672145,1200.0,1000.0,-186.56263776122043,-196.20083323856994,9.638195477349512,2386.407204389012,842625.0,True,True,0.00023471174932332417,0.8993324432576769,0,,,61590.57823015361,97081.80456803023,True,True,post_v203_one_drop_one_add_whole_loan_swap,post-v203 one-swap pricing only; not multi-swap or global proof,D,C,2,1,0,0,0,2,2019,2018,IL,other
v63_source_repair_return_guarded_repair,incumbent_cvar_relaxed_source_lp,153077076,126733849,1200.0,1000.0,-186.56263776122043,-186.9469746106631,0.38433684944266133,2377.153345761105,842625.0,True,True,0.00023471174932332417,0.8981456757157692,0,,,61621.685645178295,97126.1748869155,True,True,post_v203_one_drop_one_add_whole_loan_swap,post-v203 one-swap pricing only; not multi-swap or global proof,D,B,2,0,0,4,0,3,2019,2018,IL,NJ
v63_source_repair_return_guarded_repair,incumbent_cvar_relaxed_source_lp,153077076,126483031,1200.0,1200.0,-186.56263776122043,-200.480236756332,13.917598995111575,2390.686607906774,842425.0,True,True,3.222484231535372e-05,0.898121494495059,0,,,61600.701220838775,97095.7559363138,True,True,post_v203_one_drop_one_add_whole_loan_swap,post-v203 one-swap pricing only; not multi-swap or global proof,D,B,2,0,0,2,0,0,2019,2018,IL,FL
v63_source_repair_return_guarded_repair,incumbent_cvar_relaxed_source_lp,153077076,165985906,1200.0,1200.0,-186.56263776122043,-203.72482836822385,17.162190607003424,2393.931199518666,842425.0,True,True,3.222484231535372e-05,0.8995459536457251,0,,,61506.37341772754,96925.3960313137,True,True,post_v203_one_drop_one_add_whole_loan_swap,post-v203 one-swap pricing only; not multi-swap or global proof,D,C,2,1,0,3,0,4,2019,2020,IL,VA
v63_source_repair_return_guarded_repair,incumbent_cvar_relaxed_source_lp,153077076,160806330,1200.0,1200.0,-186.56263776122043,-210.10403328668124,23.541395525460814,2400.310404437123,842425.0,True,True,3.222484231535372e-05,0.8995459536457251,0,,,61456.93612878035,96796.77232060822,True,True,post_v203_one_drop_one_add_whole_loan_swap,post-v203 one-swap pricing only; not multi-swap or global proof,D,D,2,2,0,2,0,2,2019,2019,IL,FL
v63_source_repair_return_guarded_repair,incumbent_cvar_relaxed_source_lp,152767295,126760355,1500.0,1500.0,-247.11732418395934,-250.40002765814089,3.2827034741815453,2380.051712385844,842425.0,True,True,3.222484231535372e-05,0.8995459536457251,0,,,61447.15245054556,96899.95287146536,True,True,post_v203_one_drop_one_add_whole_loan_swap,post-v203 one-swap pricing only; not multi-swap or global proof,B,B,0,0,2,1,1,0,2019,2018,OH,IL
v63_source_repair_return_guarded_repair,incumbent_cvar_relaxed_source_lp,152762134,168841753,1000.0,1000.0,-13.515403175880348,-15.58411172619063,2.068708550310282,2378.8377174619727,842425.0,True,True,3.222484231535372e-05,0.8995459536457251,0,,,61403.827893041365,96759.80924120803,True,True,post_v203_one_drop_one_add_whole_loan_swap,post-v203 one-swap pricing only; not multi-swap or global proof,A,A,1,1,0,1,1,0,2019,2020,OH,NY
v63_source_repair_return_guarded_repair,incumbent_cvar_relaxed_source_lp,152762134,168678809,1000.0,1000.0,-13.515403175880348,-25.935876492202276,12.420473316321928,2389.189482227984,842425.0,True,True,3.222484231535372e-05,0.8995459536457251,0,,,61417.34174993955,96780.7856006011,True,True,post_v203_one_drop_one_add_whole_loan_swap,post-v203 one-swap pricing only; not multi-swap or global proof,A,A,1,1,0,1,1,0,2019,2020,OH,IN
v63_source_repair_return_guarded_repair,incumbent_cvar_relaxed_source_lp,152762134,170390171,1000.0,1000.0,-13.515403175880348,-23.632377345499286,10.116974169618938,2386.885983081281,842425.0,True,True,3.222484231535372e-05,0.8995459536457251,0,,,61413.936260398,96773.85280041603,True,True,post_v203_one_drop_one_add_whole_loan_swap,post-v203 one-swap pricing only; not multi-swap or global proof,A,A,1,1,0,0,1,0,2019,2020,OH,other
v63_source_repair_return_guarded_repair,incumbent_cvar_relaxed_source_lp,152762134,169450190,1000.0,1000.0,-13.515403175880348,-22.58050328415853,9.065100108278184,2385.8341090199406,842425.0,True,True,3.222484231535372e-05,0.8995459536457251,0,,,61396.62153590944,96738.84476709024,True,True,post_v203_one_drop_one_add_whole_loan_swap,post-v203 one-swap pricing only; not multi-swap or global proof,A,A,1,1,0,0,1,0,2019,2020,OH,AZ
v63_source_repair_return_guarded_repair,incumbent_cvar_relaxed_source_lp,151946957,127695160,1500.0,1500.0,-229.6106251322233,-235.90029594541494,6.289670813191634,2383.058679724854,842425.0,True,True,3.222484231535372e-05,0.8995459536457251,0,,,61460.63983625209,96919.99210526928,True,True,post_v203_one_drop_one_add_whole_loan_swap,post-v203 one-swap pricing only; not multi-swap or global proof,B,B,0,0,2,2,1,1,2019,2018,other,TX
v63_source_repair_return_guarded_repair,incumbent_cvar_relaxed_source_lp,151946957,126760355,1500.0,1500.0,-229.6106251322233,-250.40002765814089,20.78940252591758,2397.5584114375797,842425.0,True,True,3.222484231535372e-05,0.8995459536457251,0,,,61460.845144775696,96920.28051136923,True,True,post_v203_one_drop_one_add_whole_loan_swap,post-v203 one-swap pricing only; not multi-swap or global proof,B,B,0,0,2,1,1,0,2019,2018,other,IL
v63_source_repair_return_guarded_repair,incumbent_cvar_relaxed_source_lp,151946957,126430923,1500.0,1500.0,-229.6106251322233,-243.25029594541493,13.639670813191628,2390.4086797248538,842425.0,True,True,3.222484231535372e-05,0.8995459536457251,0,,,61460.63983625209,96919.99210526928,True,True,post_v203_one_drop_one_add_whole_loan_swap,post-v203 one-swap pricing only; not multi-swap or global proof,B,B,0,0,2,3,1,0,2019,2018,other,other
v63_source_repair_return_guarded_repair,incumbent_cvar_relaxed_source_lp,151372310,126733849,1100.0,1000.0,-165.41575767263927,-186.9469746106631,21.531216938023817,2398.3002258496863,842525.0,True,True,0.00013348031248983094,0.8995578766208718,0,,,61420.557682810846,96840.54938491482,True,True,post_v203_one_drop_one_add_whole_loan_swap,post-v203 one-swap pricing only; not multi-swap or global proof,B,B,0,0,4,4,0,3,2019,2018,NY,NJ
v63_source_repair_return_guarded_repair,incumbent_cvar_relaxed_source_lp,151372310,126468092,1100.0,1000.0,-165.41575767263927,-169.50590883596908,4.090151163329807,2380.859160074992,842525.0,True,True,0.00013348031248983094,0.8995578766208718,0,,,61443.46190536824,96871.78278688755,True,True,post_v203_one_drop_one_add_whole_loan_swap,post-v203 one-swap pricing only; not multi-swap or global proof,B,B,0,0,4,1,0,2,2019,2018,NY,other
v63_source_repair_return_guarded_repair,incumbent_cvar_relaxed_source_lp,150701330,127672145,1000.0,1000.0,-194.73729436734638,-196.20083323856994,1.4635388712235624,2378.232547782886,842425.0,True,True,3.222484231535372e-05,0.8995459536457251,0,,,61589.02490604292,96973.8865880543,True,True,post_v203_one_drop_one_add_whole_loan_swap,post-v203 one-swap pricing only; not multi-swap or global proof,D,C,4,1,1,0,4,2,2019,2018,WA,other
v63_source_repair_return_guarded_repair,incumbent_cvar_relaxed_source_lp,150205172,126733849,1000.0,1000.0,-173.60780374449374,-186.9469746106631,13.339170866169354,2390.1081797778315,842425.0,True,True,3.222484231535372e-05,0.8995459536457251,0,,,61418.760957269966,96841.87926149051,True,True,post_v203_one_drop_one_add_whole_loan_swap,post-v203 one-swap pricing only; not multi-swap or global proof,B,B,0,0,1,4,0,3,2019,2018,CA,NJ
v63_source_repair_return_guarded_repair,incumbent_cvar_relaxed_source_lp,150003863,127672145,1000.0,1000.0,-181.82074383711605,-196.20083323856994,14.380089401453887,2391.149098313116,842425.0,True,True,3.222484231535372e-05,0.8995459536457251,0,,,61575.811691292285,96973.8865880543,True,True,post_v203_one_drop_one_add_whole_loan_swap,post-v203 one-swap pricing only; not multi-swap or global proof,D,C,3,1,3,0,2,2,2019,2018,WA,other
v63_source_repair_return_guarded_repair,incumbent_cvar_relaxed_source_lp,150003863,126733849,1000.0,1000.0,-181.82074383711605,-186.9469746106631,5.126230773547036,2381.895239685209,842425.0,True,True,3.222484231535372e-05,0.8983589043535033,0,,,61606.919106316986,97018.25690693954,True,True,post_v203_one_drop_one_add_whole_loan_swap,post-v203 one-swap pricing only; not multi-swap or global proof,D,B,3,0,3,4,2,3,2019,2018,WA,NJ
v63_source_repair_return_guarded_repair,incumbent_cvar_relaxed_source_lp,150003863,156823754,1000.0,1000.0,-181.82074383711605,-183.46022770133698,1.6394838642209209,2378.408492775883,842425.0,True,True,3.222484231535372e-05,0.8995459536457251,0,,,61509.03640876613,96805.43397011104,True,True,post_v203_one_drop_one_add_whole_loan_swap,post-v203 one-swap pricing only; not multi-swap or global proof,D,D,3,2,3,3,2,1,2019,2019,WA,CA
v63_source_repair_return_guarded_repair,incumbent_cvar_relaxed_source_lp,159223884,127672145,1000.0,1000.0,-195.66693007698728,-196.20083323856994,0.533903161582657,2377.302912073245,842425.0,True,True,3.222484231535372e-05,0.8995459536457251,0,,,61410.277247356586,96822.75296357687,True,True,post_v203_one_drop_one_add_whole_loan_swap,post-v203 one-swap pricing only; not multi-swap or global proof,B,C,1,1,1,0,1,2,2019,2018,other,other
v63_source_repair_return_guarded_repair,incumbent_cvar_relaxed_source_lp,157596187,168841753,1000.0,1000.0,-13.892977484146389,-15.58411172619063,1.6911342420442406,2378.4601431537067,842425.0,True,True,3.222484231535372e-05,0.8995459536457251,0,,,61397.829314605486,96755.67415464725,True,True,post_v203_one_drop_one_add_whole_loan_swap,post-v203 one-swap pricing only; not multi-swap or global proof,A,A,1,1,0,1,4,0,2019,2020,other,NY
v63_source_repair_return_guarded_repair,incumbent_cvar_relaxed_source_lp,157596187,168678809,1000.0,1000.0,-13.892977484146389,-25.935876492202276,12.042899008055887,2388.811907919718,842425.0,True,True,3.222484231535372e-05,0.8995459536457251,0,,,61411.34317150367,96776.6505140403,True,True,post_v203_one_drop_one_add_whole_loan_swap,post-v203 one-swap pricing only; not multi-swap or global proof,A,A,1,1,0,1,4,0,2019,2020,other,IN
v63_source_repair_return_guarded_repair,incumbent_cvar_relaxed_source_lp,157596187,170390171,1000.0,1000.0,-13.892977484146389,-23.632377345499286,9.739399861352897,2386.508408773015,842425.0,True,True,3.222484231535372e-05,0.8995459536457251,0,,,61407.93768196212,96769.71771385522,True,True,post_v203_one_drop_one_add_whole_loan_swap,post-v203 one-swap pricing only; not multi-swap or global proof,A,A,1,1,0,0,4,0,2019,2020,other,other
v63_source_repair_return_guarded_repair,incumbent_cvar_relaxed_source_lp,157596187,169450190,1000.0,1000.0,-13.892977484146389,-22.58050328415853,8.687525800012143,2385.4565347116745,842425.0,True,True,3.222484231535372e-05,0.8995459536457251,0,,,61390.62295747356,96734.70968052946,True,True,post_v203_one_drop_one_add_whole_loan_swap,post-v203 one-swap pricing only; not multi-swap or global proof,A,A,1,1,0,0,4,0,2019,2020,other,AZ
v63_source_repair_return_guarded_repair,incumbent_cvar_relaxed_source_lp,158847648,126733849,1000.0,1000.0,-168.65177128913533,-186.9469746106631,18.295203321527765,2395.06421223319,842425.0,True,True,3.222484231535372e-05,0.8995459536457251,0,,,61420.76351326279,96843.26701828597,True,True,post_v203_one_drop_one_add_whole_loan_swap,post-v203 one-swap pricing only; not multi-swap or global proof,B,B,0,0,4,4,0,3,2019,2018,NJ,NJ
v63_source_repair_return_guarded_repair,incumbent_cvar_relaxed_source_lp,158847648,126468092,1000.0,1000.0,-168.65177128913533,-169.50590883596908,0.8541375468337549,2377.623146458496,842425.0,True,True,3.222484231535372e-05,0.8995459536457251,0,,,61443.667735820185,96874.5004202587,True,True,post_v203_one_drop_one_add_whole_loan_swap,post-v203 one-swap pricing only; not multi-swap or global proof,B,B,0,0,4,1,0,2,2019,2018,NJ,other
v63_source_repair_return_guarded_repair,incumbent_cvar_relaxed_source_lp,158776308,127672145,1200.0,1000.0,-182.70950551320306,-196.20083323856994,13.491327725366887,2390.260336637029,842625.0,True,True,0.00023471174932332417,0.8993324432576769,0,,,61633.177743446366,97099.76980196607,True,True,post_v203_one_drop_one_add_whole_loan_swap,post-v203 one-swap pricing only; not multi-swap or global proof,D,C,3,1,4,0,4,2,2019,2018,CA,other
v63_source_repair_return_guarded_repair,incumbent_cvar_relaxed_source_lp,158776308,126733849,1200.0,1000.0,-182.70950551320306,-186.9469746106631,4.2374690974600355,2381.0064780091225,842625.0,True,True,0.00023471174932332417,0.8981456757157692,0,,,61664.28515847105,97144.14012085134,True,True,post_v203_one_drop_one_add_whole_loan_swap,post-v203 one-swap pricing only; not multi-swap or global proof,D,B,3,0,4,4,4,3,2019,2018,CA,NJ
v63_source_repair_return_guarded_repair,incumbent_cvar_relaxed_source_lp,158776308,126483031,1200.0,1200.0,-182.70950551320306,-200.480236756332,17.77073124312895,2394.539740154791,842425.0,True,True,3.222484231535372e-05,0.898121494495059,0,,,61643.300734131524,97113.72117024966,True,True,post_v203_one_drop_one_add_whole_loan_swap,post-v203 one-swap pricing only; not multi-swap or global proof,D,B,3,0,4,2,4,0,2019,2018,CA,FL
v63_source_repair_return_guarded_repair,incumbent_cvar_relaxed_source_lp,158776308,165985906,1200.0,1200.0,-182.70950551320306,-203.72482836822385,21.0153228550208,2397.784331766683,842425.0,True,True,3.222484231535372e-05,0.8995459536457251,0,,,61548.9729310203,96943.36126524955,True,True,post_v203_one_drop_one_add_whole_loan_swap,post-v203 one-swap pricing only; not multi-swap or global proof,D,C,3,1,4,3,4,4,2019,2020,CA,VA
v63_source_repair_return_guarded_repair,incumbent_cvar_relaxed_source_lp,158776308,156823754,1200.0,1000.0,-182.70950551320306,-183.46022770133698,0.7507221881339206,2377.519731099796,842625.0,True,True,0.00023471174932332417,0.8993324432576769,0,,,61566.4024609202,96931.31718402283,True,True,post_v203_one_drop_one_add_whole_loan_swap,post-v203 one-swap pricing only; not multi-swap or global proof,D,D,3,2,4,3,4,1,2019,2019,CA,CA
v63_source_repair_return_guarded_repair,incumbent_cvar_relaxed_source_lp,158776308,160806330,1200.0,1200.0,-182.70950551320306,-210.10403328668124,27.39452777347819,2404.1635366851406,842425.0,True,True,3.222484231535372e-05,0.8995459536457251,0,,,61499.535642073104,96814.73755454404,True,True,post_v203_one_drop_one_add_whole_loan_swap,post-v203 one-swap pricing only; not multi-swap or global proof,D,D,3,2,4,2,4,2,2019,2019,CA,FL
v63_source_repair_return_guarded_repair,incumbent_cvar_relaxed_source_lp,158549707,127672145,1000.0,1000.0,-190.92185028549454,-196.20083323856994,5.278982953075399,2382.0479918647375,842425.0,True,True,3.222484231535372e-05,0.8995459536457251,0,,,61500.89244996176,96964.08678559177,True,True,post_v203_one_drop_one_add_whole_loan_swap,post-v203 one-swap pricing only; not multi-swap or global proof,D,C,2,1,2,0,3,2,2019,2018,NC,other
v63_source_repair_return_guarded_repair,incumbent_cvar_relaxed_source_lp,158316010,127695160,1500.0,1500.0,-220.5649967146192,-235.90029594541494,15.335299230795727,2392.1043081424577,842425.0,True,True,3.222484231535372e-05,0.8995459536457251,0,,,61419.718159384516,96872.38621797253,True,True,post_v203_one_drop_one_add_whole_loan_swap,post-v203 one-swap pricing only; not multi-swap or global proof,B,B,0,0,3,2,1,1,2019,2018,MD,TX
v63_source_repair_return_guarded_repair,incumbent_cvar_relaxed_source_lp,158316010,126760355,1500.0,1500.0,-220.5649967146192,-250.40002765814089,29.835030943521673,2406.604039855184,842425.0,True,True,3.222484231535372e-05,0.8995459536457251,0,,,61419.92346790812,96872.67462407248,True,True,post_v203_one_drop_one_add_whole_loan_swap,post-v203 one-swap pricing only; not multi-swap or global proof,B,B,0,0,3,1,1,0,2019,2018,MD,IL
v63_source_repair_return_guarded_repair,incumbent_cvar_relaxed_source_lp,158316010,126430923,1500.0,1500.0,-220.5649967146192,-243.25029594541493,22.68529923079572,2399.454308142458,842425.0,True,True,3.222484231535372e-05,0.8995459536457251,0,,,61419.718159384516,96872.38621797253,True,True,post_v203_one_drop_one_add_whole_loan_swap,post-v203 one-swap pricing only; not multi-swap or global proof,B,B,0,0,3,3,1,0,2019,2018,MD,other
v63_source_repair_return_guarded_repair,incumbent_cvar_relaxed_source_lp,158315350,127695160,1500.0,1500.0,-231.1083252494193,-235.90029594541494,4.791970695995644,2381.560979607658,842425.0,True,True,3.222484231535372e-05,0.8995459536457251,0,,,61419.91627526453,96872.68291333628,True,True,post_v203_one_drop_one_add_whole_loan_swap,post-v203 one-swap pricing only; not multi-swap or global proof,B,B,0,0,2,2,4,1,2019,2018,TX,TX
v63_source_repair_return_guarded_repair,incumbent_cvar_relaxed_source_lp,158315350,126760355,1500.0,1500.0,-231.1083252494193,-250.40002765814089,19.29170240872159,2396.0607113203837,842425.0,True,True,3.222484231535372e-05,0.8995459536457251,0,,,61420.12158378813,96872.97131943624,True,True,post_v203_one_drop_one_add_whole_loan_swap,post-v203 one-swap pricing only; not multi-swap or global proof,B,B,0,0,2,1,4,0,2019,2018,TX,IL
v63_source_repair_return_guarded_repair,incumbent_cvar_relaxed_source_lp,158315350,126430923,1500.0,1500.0,-231.1083252494193,-243.25029594541493,12.141970695995639,2388.9109796076577,842425.0,True,True,3.222484231535372e-05,0.8995459536457251,0,,,61419.91627526453,96872.68291333628,True,True,post_v203_one_drop_one_add_whole_loan_swap,post-v203 one-swap pricing only; not multi-swap or global proof,B,B,0,0,2,3,4,0,2019,2018,TX,other
v63_source_repair_return_guarded_repair,incumbent_cvar_relaxed_source_lp,157560196,126733849,1300.0,1000.0,-181.11178871668363,-186.9469746106631,5.835185893979457,2382.604194805642,842725.0,True,True,0.00033591916137121203,0.8995817140822926,0,,,61475.3697909452,96944.6797730411,True,True,post_v203_one_drop_one_add_whole_loan_swap,post-v203 one-swap pricing only; not multi-swap or global proof,B,B,0,0,3,4,1,3,2019,2018,NY,NJ
v63_source_repair_return_guarded_repair,incumbent_cvar_relaxed_source_lp,157560196,126483031,1300.0,1200.0,-181.11178871668363,-200.480236756332,19.36844803964837,2396.1374569513105,842525.0,True,True,0.00013348031248983094,0.8995578766208718,0,,,61454.38536660568,96914.2608224394,True,True,post_v203_one_drop_one_add_whole_loan_swap,post-v203 one-swap pricing only; not multi-swap or global proof,B,B,0,0,3,2,1,0,2019,2018,NY,FL
v63_source_repair_return_guarded_repair,incumbent_cvar_relaxed_source_lp,157058382,127672145,1000.0,1000.0,-185.23911665390278,-196.20083323856994,10.961716584667158,2387.7307254963293,842425.0,True,True,3.222484231535372e-05,0.8995459536457251,0,,,61579.3280661746,96974.1739547696,True,True,post_v203_one_drop_one_add_whole_loan_swap,post-v203 one-swap pricing only; not multi-swap or global proof,D,C,4,1,1,0,4,2,2019,2018,NC,other
v63_source_repair_return_guarded_repair,incumbent_cvar_relaxed_source_lp,157058382,126733849,1000.0,1000.0,-185.23911665390278,-186.9469746106631,1.7078579567603072,2378.4768668684223,842425.0,True,True,3.222484231535372e-05,0.8983589043535033,0,,,61610.435481199296,97018.5442736549,True,True,post_v203_one_drop_one_add_whole_loan_swap,post-v203 one-swap pricing only; not multi-swap or global proof,D,B,4,0,1,4,4,3,2019,2018,NC,NJ
v63_source_repair_return_guarded_repair,incumbent_cvar_relaxed_source_lp,157051049,126760355,1500.0,1500.0,-239.82682840151188,-250.40002765814089,10.57319925662901,2387.342208168291,842425.0,True,True,3.222484231535372e-05,0.8995459536457251,0,,,61429.018904613054,96891.87863825707,True,True,post_v203_one_drop_one_add_whole_loan_swap,post-v203 one-swap pricing only; not multi-swap or global proof,B,B,0,0,0,1,4,0,2019,2018,IL,IL
v63_source_repair_return_guarded_repair,incumbent_cvar_relaxed_source_lp,157051049,126430923,1500.0,1500.0,-239.82682840151188,-243.25029594541493,3.423467543903058,2380.192476455565,842425.0,True,True,3.222484231535372e-05,0.8995459536457251,0,,,61428.81359608944,96891.59023215715,True,True,post_v203_one_drop_one_add_whole_loan_swap,post-v203 one-swap pricing only; not multi-swap or global proof,B,B,0,0,0,3,4,0,2019,2018,IL,other
v63_source_repair_return_guarded_repair,incumbent_cvar_relaxed_source_lp,156012439,126733849,1200.0,1000.0,-183.74011266155404,-186.9469746106631,3.2068619491090544,2379.9758708607715,842625.0,True,True,0.00023471174932332417,0.8995697967660584,0,,,61449.494781222544,96901.69447830241,True,True,post_v203_one_drop_one_add_whole_loan_swap,post-v203 one-swap pricing only; not multi-swap or global proof,B,B,0,0,3,4,2,3,2019,2018,CA,NJ
v63_source_repair_return_guarded_repair,incumbent_cvar_relaxed_source_lp,156012439,126483031,1200.0,1200.0,-183.74011266155404,-200.480236756332,16.74012409477797,2393.50913300644,842425.0,True,True,3.222484231535372e-05,0.8995459536457251,0,,,61428.510356883016,96871.2755277007,True,True,post_v203_one_drop_one_add_whole_loan_swap,post-v203 one-swap pricing only; not multi-swap or global proof,B,B,0,0,3,2,2,0,2019,2018,CA,FL
v63_source_repair_return_guarded_repair,incumbent_cvar_relaxed_source_lp,156192909,165985906,1200.0,1200.0,-202.72802520962668,-203.72482836822385,0.9968031585971744,2377.7658120702595,842425.0,True,True,3.222484231535372e-05,0.8995459536457251,0,,,61569.372170591494,96942.40011548532,True,True,post_v203_one_drop_one_add_whole_loan_swap,post-v203 one-swap pricing only; not multi-swap or global proof,D,C,3,1,4,3,2,4,2019,2020,other,VA
v63_source_repair_return_guarded_repair,incumbent_cvar_relaxed_source_lp,156192909,160806330,1200.0,1200.0,-202.72802520962668,-210.10403328668124,7.376008077054564,2384.1450169887166,842425.0,True,True,3.222484231535372e-05,0.8995459536457251,0,,,61519.93488164431,96813.77640477981,True,True,post_v203_one_drop_one_add_whole_loan_swap,post-v203 one-swap pricing only; not multi-swap or global proof,D,D,3,2,4,2,2,2,2019,2019,other,FL
v63_source_repair_return_guarded_repair,incumbent_cvar_relaxed_source_lp,156106401,126733849,1100.0,1000.0,-185.36313076505434,-186.9469746106631,1.5838438456087545,2378.352852757271,842525.0,True,True,0.00013348031248983094,0.8995578766208718,0,,,61433.199502305695,96865.86173247593,True,True,post_v203_one_drop_one_add_whole_loan_swap,post-v203 one-swap pricing only; not multi-swap or global proof,B,B,0,0,1,4,0,3,2019,2018,TX,NJ
v63_source_repair_return_guarded_repair,incumbent_cvar_relaxed_source_lp,155777609,126733849,1000.0,1000.0,-183.99229773466166,-186.9469746106631,2.954676876001429,2379.7236857876637,842425.0,True,True,3.222484231535372e-05,0.8995459536457251,0,,,61436.46166940112,96858.4373546302,True,True,post_v203_one_drop_one_add_whole_loan_swap,post-v203 one-swap pricing only; not multi-swap or global proof,B,B,0,0,2,4,0,3,2019,2018,other,NJ
v63_source_repair_return_guarded_repair,incumbent_cvar_relaxed_source_lp,155686800,127672145,1000.0,1000.0,-183.34513347006404,-196.20083323856994,12.8556997685059,2389.624708680168,842425.0,True,True,3.222484231535372e-05,0.8995459536457251,0,,,61577.35435246135,96972.87217018194,True,True,post_v203_one_drop_one_add_whole_loan_swap,post-v203 one-swap pricing only; not multi-swap or global proof,D,C,4,1,2,0,4,2,2019,2018,FL,other
v63_source_repair_return_guarded_repair,incumbent_cvar_relaxed_source_lp,155686800,126733849,1000.0,1000.0,-183.34513347006404,-186.9469746106631,3.601841140599049,2380.370850052261,842425.0,True,True,3.222484231535372e-05,0.8983589043535033,0,,,61608.461767486035,97017.24248906723,True,True,post_v203_one_drop_one_add_whole_loan_swap,post-v203 one-swap pricing only; not multi-swap or global proof,D,B,4,0,2,4,4,3,2019,2018,FL,NJ
v63_source_repair_return_guarded_repair,incumbent_cvar_relaxed_source_lp,155686800,156823754,1000.0,1000.0,-183.34513347006404,-183.46022770133698,0.11509423127293417,2376.884103142935,842425.0,True,True,3.222484231535372e-05,0.8995459536457251,0,,,61510.57906993518,96804.41955223869,True,True,post_v203_one_drop_one_add_whole_loan_swap,post-v203 one-swap pricing only; not multi-swap or global proof,D,D,4,2,2,3,4,1,2019,2019,FL,CA
v63_source_repair_return_guarded_repair,incumbent_cvar_relaxed_source_lp,155539228,127672145,1000.0,1000.0,-194.48426320525675,-196.20083323856994,1.7165700333131895,2378.4855789449753,842425.0,True,True,3.222484231535372e-05,0.8995459536457251,0,,,61468.78114992943,96889.7312894501,True,True,post_v203_one_drop_one_add_whole_loan_swap,post-v203 one-swap pricing only; not multi-swap or global proof,C,C,1,1,2,0,0,2,2019,2018,other,other
v63_source_repair_return_guarded_repair,incumbent_cvar_relaxed_source_lp,155329047,126483031,1200.0,1200.0,-193.93432447096833,-200.480236756332,6.54591228536367,2383.314921197026,842425.0,True,True,3.222484231535372e-05,0.8995459536457251,0,,,61438.96097230754,96879.07830833223,True,True,post_v203_one_drop_one_add_whole_loan_swap,post-v203 one-swap pricing only; not multi-swap or global proof,B,B,0,0,4,2,2,0,2019,2018,other,FL
v63_source_repair_return_guarded_repair,incumbent_cvar_relaxed_source_lp,155252343,127672145,1000.0,1000.0,-170.8717026600099,-196.20083323856994,25.32913057856004,2402.0981394902224,842425.0,True,True,3.222484231535372e-05,0.8995459536457251,0,,,61474.81836709642,96932.66350063938,True,True,post_v203_one_drop_one_add_whole_loan_swap,post-v203 one-swap pricing only; not multi-swap or global proof,D,C,2,1,3,0,3,2,2019,2018,other,other
v63_source_repair_return_guarded_repair,incumbent_cvar_relaxed_source_lp,155252343,126827839,1000.0,1000.0,-170.8717026600099,-175.77898463113021,4.907281971120312,2381.6762908827827,842425.0,True,True,3.222484231535372e-05,0.8995459536457251,0,,,61372.71546335117,96790.87291972463,True,True,post_v203_one_drop_one_add_whole_loan_swap,post-v203 one-swap pricing only; not multi-swap or global proof,D,E,2,2,3,0,3,4,2019,2018,other,other
v63_source_repair_return_guarded_repair,incumbent_cvar_relaxed_source_lp,155252343,126733849,1000.0,1000.0,-170.8717026600099,-186.9469746106631,16.07527195065319,2392.8442808623154,842425.0,True,True,3.222484231535372e-05,0.8983589043535033,0,,,61505.92578212111,96977.03381952467,True,True,post_v203_one_drop_one_add_whole_loan_swap,post-v203 one-swap pricing only; not multi-swap or global proof,D,B,2,0,3,4,3,3,2019,2018,other,NJ
v63_source_repair_return_guarded_repair,incumbent_cvar_relaxed_source_lp,155252343,168701788,1000.0,1000.0,-170.8717026600099,-178.5860397151734,7.714337055163497,2384.4833459668257,842425.0,True,True,3.222484231535372e-05,0.8995459536457251,0,,,61426.50496638833,96851.3223062371,True,True,post_v203_one_drop_one_add_whole_loan_swap,post-v203 one-swap pricing only; not multi-swap or global proof,D,C,2,1,3,3,3,1,2019,2020,other,TX
v63_source_repair_return_guarded_repair,incumbent_cvar_relaxed_source_lp,155252343,169358871,1000.0,1000.0,-170.8717026600099,-177.86634212741987,6.994639467409968,2383.763648379072,842425.0,True,True,3.222484231535372e-05,0.8995459536457251,0,,,61436.27598372107,96838.89727119726,True,True,post_v203_one_drop_one_add_whole_loan_swap,post-v203 one-swap pricing only; not multi-swap or global proof,D,C,2,1,3,3,3,0,2019,2020,other,VA
v63_source_repair_return_guarded_repair,incumbent_cvar_relaxed_source_lp,155252343,139506195,1000.0,1000.0,-170.8717026600099,-177.67809625327766,6.806393593267757,2383.57540250493,842425.0,True,True,3.222484231535372e-05,0.8995459536457251,0,,,61410.441303669664,96785.1156460768,True,True,post_v203_one_drop_one_add_whole_loan_swap,post-v203 one-swap pricing only; not multi-swap or global proof,D,D,2,2,3,2,3,0,2019,2018,other,CA
v63_source_repair_return_guarded_repair,incumbent_cvar_relaxed_source_lp,155252343,156823754,1000.0,1000.0,-170.8717026600099,-183.46022770133698,12.588525041327074,2389.3575339529893,842425.0,True,True,3.222484231535372e-05,0.8995459536457251,0,,,61408.04308457026,96764.21088269615,True,True,post_v203_one_drop_one_add_whole_loan_swap,post-v203 one-swap pricing only; not multi-swap or global proof,D,D,2,2,3,3,3,1,2019,2019,other,CA
v63_source_repair_return_guarded_repair,incumbent_cvar_relaxed_source_lp,155252343,156807668,1000.0,1000.0,-170.8717026600099,-175.85010442413147,4.978401764121571,2381.7474106757836,842425.0,True,True,3.222484231535372e-05,0.8995459536457251,0,,,61435.47657892897,96792.48724307382,True,True,post_v203_one_drop_one_add_whole_loan_swap,post-v203 one-swap pricing only; not multi-swap or global proof,D,D,2,2,3,0,3,0,2019,2019,other,TX
v63_source_repair_return_guarded_repair,incumbent_cvar_relaxed_source_lp,154899738,127672145,1000.0,1000.0,-171.01136866654105,-196.20083323856994,25.189464572028896,2401.9584734836913,842425.0,True,True,3.222484231535372e-05,0.8995459536457251,0,,,61406.09139631249,96814.80504523662,True,True,post_v203_one_drop_one_add_whole_loan_swap,post-v203 one-swap pricing only; not multi-swap or global proof,B,C,1,1,0,0,0,2,2019,2018,other,other
v63_source_repair_return_guarded_repair,incumbent_cvar_relaxed_source_lp,154899738,126827839,1000.0,1000.0,-171.01136866654105,-175.77898463113021,4.767615964589169,2381.5366248762516,842425.0,True,True,3.222484231535372e-05,0.8995459536457251,0,,,61303.98849256722,96673.01446432187,True,True,post_v203_one_drop_one_add_whole_loan_swap,post-v203 one-swap pricing only; not multi-swap or global proof,B,E,1,2,0,0,0,4,2019,2018,other,other
v63_source_repair_return_guarded_repair,incumbent_cvar_relaxed_source_lp,154899738,126733849,1000.0,1000.0,-171.01136866654105,-186.9469746106631,15.935605944122045,2392.7046148557843,842425.0,True,True,3.222484231535372e-05,0.8983589043535033,0,,,61437.19881133718,96859.17536412188,True,True,post_v203_one_drop_one_add_whole_loan_swap,post-v203 one-swap pricing only; not multi-swap or global proof,B,B,1,0,0,4,0,3,2019,2018,other,NJ
v63_source_repair_return_guarded_repair,incumbent_cvar_relaxed_source_lp,154899738,168701788,1000.0,1000.0,-171.01136866654105,-178.5860397151734,7.574671048632354,2384.3436799602946,842425.0,True,True,3.222484231535372e-05,0.8995459536457251,0,,,61357.7779956044,96733.46385083432,True,True,post_v203_one_drop_one_add_whole_loan_swap,post-v203 one-swap pricing only; not multi-swap or global proof,B,C,1,1,0,3,0,1,2019,2020,other,TX
v63_source_repair_return_guarded_repair,incumbent_cvar_relaxed_source_lp,154899738,169358871,1000.0,1000.0,-171.01136866654105,-177.86634212741987,6.854973460878824,2383.623982372541,842425.0,True,True,3.222484231535372e-05,0.8995459536457251,0,,,61367.54901293714,96721.0388157945,True,True,post_v203_one_drop_one_add_whole_loan_swap,post-v203 one-swap pricing only; not multi-swap or global proof,B,C,1,1,0,3,0,0,2019,2020,other,VA
v63_source_repair_return_guarded_repair,incumbent_cvar_relaxed_source_lp,154899738,139506195,1000.0,1000.0,-171.01136866654105,-177.67809625327766,6.666727586736613,2383.435736498399,842425.0,True,True,3.222484231535372e-05,0.8995459536457251,0,,,61341.714332885735,96667.25719067402,True,True,post_v203_one_drop_one_add_whole_loan_swap,post-v203 one-swap pricing only; not multi-swap or global proof,B,D,1,2,0,2,0,0,2019,2018,other,CA
v63_source_repair_return_guarded_repair,incumbent_cvar_relaxed_source_lp,154899738,156823754,1000.0,1000.0,-171.01136866654105,-183.46022770133698,12.44885903479593,2389.2178679464582,842425.0,True,True,3.222484231535372e-05,0.8995459536457251,0,,,61339.31611378633,96646.35242729339,True,True,post_v203_one_drop_one_add_whole_loan_swap,post-v203 one-swap pricing only; not multi-swap or global proof,B,D,1,2,0,3,0,1,2019,2019,other,CA
v63_source_repair_return_guarded_repair,incumbent_cvar_relaxed_source_lp,154899738,156807668,1000.0,1000.0,-171.01136866654105,-175.85010442413147,4.8387357575904275,2381.6077446692525,842425.0,True,True,3.222484231535372e-05,0.8995459536457251,0,,,61366.74960814503,96674.62878767107,True,True,post_v203_one_drop_one_add_whole_loan_swap,post-v203 one-swap pricing only; not multi-swap or global proof,B,D,1,2,0,0,0,0,2019,2019,other,TX
v63_source_repair_return_guarded_repair,incumbent_cvar_relaxed_source_lp,163383289,168841753,1000.0,1000.0,-9.457214357682766,-15.58411172619063,6.126897368507864,2382.89590628017,842425.0,True,True,3.222484231535372e-05,0.8995459536457251,0,,,61399.667290129786,96757.88482907158,True,True,post_v203_one_drop_one_add_whole_loan_swap,post-v203 one-swap pricing only; not multi-swap or global proof,A,A,1,1,0,1,2,0,2019,2020,other,NY
v63_source_repair_return_guarded_repair,incumbent_cvar_relaxed_source_lp,163383289,168678809,1000.0,1000.0,-9.457214357682766,-25.935876492202276,16.47866213451951,2393.247671046182,842425.0,True,True,3.222484231535372e-05,0.8995459536457251,0,,,61413.181147027964,96778.86118846464,True,True,post_v203_one_drop_one_add_whole_loan_swap,post-v203 one-swap pricing only; not multi-swap or global proof,A,A,1,1,0,1,2,0,2019,2020,other,IN
v63_source_repair_return_guarded_repair,incumbent_cvar_relaxed_source_lp,163383289,170390171,1000.0,1000.0,-9.457214357682766,-23.632377345499286,14.17516298781652,2390.9441718994785,842425.0,True,True,3.222484231535372e-05,0.8995459536457251,0,,,61409.77565748641,96771.92838827956,True,True,post_v203_one_drop_one_add_whole_loan_swap,post-v203 one-swap pricing only; not multi-swap or global proof,A,A,1,1,0,0,2,0,2019,2020,other,other
v63_source_repair_return_guarded_repair,incumbent_cvar_relaxed_source_lp,163383289,169450190,1000.0,1000.0,-9.457214357682766,-22.58050328415853,13.123288926475766,2389.892297838138,842425.0,True,True,3.222484231535372e-05,0.8995459536457251,0,,,61392.46093299786,96736.92035495376,True,True,post_v203_one_drop_one_add_whole_loan_swap,post-v203 one-swap pricing only; not multi-swap or global proof,A,A,1,1,0,0,2,0,2019,2020,other,AZ
v63_source_repair_return_guarded_repair,incumbent_cvar_relaxed_source_lp,162604995,127672145,1200.0,1000.0,-190.38488193037946,-196.20083323856994,5.815951308190478,2382.5849602198527,842625.0,True,True,0.00023471174932332417,0.8993324432576769,0,,,61570.61897917502,97080.97934748289,True,True,post_v203_one_drop_one_add_whole_loan_swap,post-v203 one-swap pricing only; not multi-swap or global proof,D,C,2,1,2,0,1,2,2019,2018,TX,other
v63_source_repair_return_guarded_repair,incumbent_cvar_relaxed_source_lp,162604995,126483031,1200.0,1200.0,-190.38488193037946,-200.480236756332,10.09535482595254,2386.864363737615,842425.0,True,True,3.222484231535372e-05,0.898121494495059,0,,,61580.74196986019,97094.93071576647,True,True,post_v203_one_drop_one_add_whole_loan_swap,post-v203 one-swap pricing only; not multi-swap or global proof,D,B,2,0,2,2,1,0,2019,2018,TX,FL
v63_source_repair_return_guarded_repair,incumbent_cvar_relaxed_source_lp,162604995,165985906,1200.0,1200.0,-190.38488193037946,-203.72482836822385,13.33994643784439,2390.1089553495067,842425.0,True,True,3.222484231535372e-05,0.8995459536457251,0,,,61486.41416674895,96924.57081076635,True,True,post_v203_one_drop_one_add_whole_loan_swap,post-v203 one-swap pricing only; not multi-swap or global proof,D,C,2,1,2,3,1,4,2019,2020,TX,VA
v63_source_repair_return_guarded_repair,incumbent_cvar_relaxed_source_lp,162604995,160806330,1200.0,1200.0,-190.38488193037946,-210.10403328668124,19.71915135630178,2396.488160267964,842425.0,True,True,3.222484231535372e-05,0.8995459536457251,0,,,61436.97687780176,96795.94710006086,True,True,post_v203_one_drop_one_add_whole_loan_swap,post-v203 one-swap pricing only; not multi-swap or global proof,D,D,2,2,2,2,1,2,2019,2019,TX,FL
v63_source_repair_return_guarded_repair,incumbent_cvar_relaxed_source_lp,162654393,127695160,1500.0,1500.0,-228.9567046794011,-235.90029594541494,6.94359126601384,2383.712600177676,842425.0,True,True,3.222484231535372e-05,0.8995459536457251,0,,,61428.34222396134,96888.16422326585,True,True,post_v203_one_drop_one_add_whole_loan_swap,post-v203 one-swap pricing only; not multi-swap or global proof,B,B,0,0,3,2,0,1,2019,2018,MI,TX
v63_source_repair_return_guarded_repair,incumbent_cvar_relaxed_source_lp,162654393,126760355,1500.0,1500.0,-228.9567046794011,-250.40002765814089,21.443322978739786,2398.212331890402,842425.0,True,True,3.222484231535372e-05,0.8995459536457251,0,,,61428.54753248495,96888.4526293658,True,True,post_v203_one_drop_one_add_whole_loan_swap,post-v203 one-swap pricing only; not multi-swap or global proof,B,B,0,0,3,1,0,0,2019,2018,MI,IL
v63_source_repair_return_guarded_repair,incumbent_cvar_relaxed_source_lp,162654393,126430923,1500.0,1500.0,-228.9567046794011,-243.25029594541493,14.293591266013834,2391.062600177676,842425.0,True,True,3.222484231535372e-05,0.8995459536457251,0,,,61428.34222396134,96888.16422326585,True,True,post_v203_one_drop_one_add_whole_loan_swap,post-v203 one-swap pricing only; not multi-swap or global proof,B,B,0,0,3,3,0,0,2019,2018,MI,other
v63_source_repair_return_guarded_repair,incumbent_cvar_relaxed_source_lp,162605401,127672145,1000.0,1000.0,-160.8152043628769,-196.20083323856994,35.385628875693044,2412.154637787355,842425.0,True,True,3.222484231535372e-05,0.8995459536457251,0,,,61554.37125017535,96973.37672972104,True,True,post_v203_one_drop_one_add_whole_loan_swap,post-v203 one-swap pricing only; not multi-swap or global proof,D,C,3,1,2,0,1,2,2019,2018,MD,other
v63_source_repair_return_guarded_repair,incumbent_cvar_relaxed_source_lp,162605401,126827839,1000.0,1000.0,-160.8152043628769,-175.77898463113021,14.963780268253316,2391.7327891799155,842425.0,True,True,3.222484231535372e-05,0.8995459536457251,0,,,61452.268346430086,96831.58614880625,True,True,post_v203_one_drop_one_add_whole_loan_swap,post-v203 one-swap pricing only; not multi-swap or global proof,D,E,3,2,2,0,1,4,2019,2018,MD,other
v63_source_repair_return_guarded_repair,incumbent_cvar_relaxed_source_lp,162605401,126733849,1000.0,1000.0,-160.8152043628769,-186.9469746106631,26.131770247786193,2402.9007791594486,842425.0,True,True,3.222484231535372e-05,0.8983589043535033,0,,,61585.478665200026,97017.74704860631,True,True,post_v203_one_drop_one_add_whole_loan_swap,post-v203 one-swap pricing only; not multi-swap or global proof,D,B,3,0,2,4,1,3,2019,2018,MD,NJ
v63_source_repair_return_guarded_repair,incumbent_cvar_relaxed_source_lp,162605401,126468092,1000.0,1000.0,-160.8152043628769,-169.50590883596908,8.690704473092183,2385.4597133847547,842425.0,True,True,3.222484231535372e-05,0.8983589043535033,0,,,61608.38288775742,97048.98045057902,True,True,post_v203_one_drop_one_add_whole_loan_swap,post-v203 one-swap pricing only; not multi-swap or global proof,D,B,3,0,2,1,1,2,2019,2018,MD,other
v63_source_repair_return_guarded_repair,incumbent_cvar_relaxed_source_lp,162605401,168701788,1000.0,1000.0,-160.8152043628769,-178.5860397151734,17.7708353522965,2394.539844263959,842425.0,True,True,3.222484231535372e-05,0.8995459536457251,0,,,61506.05784946725,96892.03553531875,True,True,post_v203_one_drop_one_add_whole_loan_swap,post-v203 one-swap pricing only; not multi-swap or global proof,D,C,3,1,2,3,1,1,2019,2020,MD,TX
v63_source_repair_return_guarded_repair,incumbent_cvar_relaxed_source_lp,162605401,169358871,1000.0,1000.0,-160.8152043628769,-177.86634212741987,17.051137764542972,2393.8201466762052,842425.0,True,True,3.222484231535372e-05,0.8995459536457251,0,,,61515.82886679999,96879.61050027891,True,True,post_v203_one_drop_one_add_whole_loan_swap,post-v203 one-swap pricing only; not multi-swap or global proof,D,C,3,1,2,3,1,0,2019,2020,MD,VA
v63_source_repair_return_guarded_repair,incumbent_cvar_relaxed_source_lp,162605401,139506195,1000.0,1000.0,-160.8152043628769,-177.67809625327766,16.86289189040076,2393.631900802063,842425.0,True,True,3.222484231535372e-05,0.8995459536457251,0,,,61489.994186748576,96825.82887515846,True,True,post_v203_one_drop_one_add_whole_loan_swap,post-v203 one-swap pricing only; not multi-swap or global proof,D,D,3,2,2,2,1,0,2019,2018,MD,CA
v63_source_repair_return_guarded_repair,incumbent_cvar_relaxed_source_lp,162605401,156823754,1000.0,1000.0,-160.8152043628769,-183.46022770133698,22.645023338460078,2399.4140322501225,842425.0,True,True,3.222484231535372e-05,0.8995459536457251,0,,,61487.59596764918,96804.92411177779,True,True,post_v203_one_drop_one_add_whole_loan_swap,post-v203 one-swap pricing only; not multi-swap or global proof,D,D,3,2,2,3,1,1,2019,2019,MD,CA
v63_source_repair_return_guarded_repair,incumbent_cvar_relaxed_source_lp,162605401,156807668,1000.0,1000.0,-160.8152043628769,-175.85010442413147,15.034900061254575,2391.803908972917,842425.0,True,True,3.222484231535372e-05,0.8995459536457251,0,,,61515.02946200788,96833.20047215548,True,True,post_v203_one_drop_one_add_whole_loan_swap,post-v203 one-swap pricing only; not multi-swap or global proof,D,D,3,2,2,0,1,0,2019,2019,MD,TX
v63_source_repair_return_guarded_repair,incumbent_cvar_relaxed_source_lp,162590887,168841753,1000.0,1000.0,-7.297262801488124,-15.58411172619063,8.286848924702506,2385.055857836365,842425.0,True,True,3.222484231535372e-05,0.8995459536457251,0,,,61397.432690242684,96753.20476288261,True,True,post_v203_one_drop_one_add_whole_loan_swap,post-v203 one-swap pricing only; not multi-swap or global proof,A,A,1,1,1,1,0,0,2019,2020,TX,NY
v63_source_repair_return_guarded_repair,incumbent_cvar_relaxed_source_lp,162590887,168678809,1000.0,1000.0,-7.297262801488124,-25.935876492202276,18.638613690714152,2395.4076226023763,842425.0,True,True,3.222484231535372e-05,0.8995459536457251,0,,,61410.94654714088,96774.18112227568,True,True,post_v203_one_drop_one_add_whole_loan_swap,post-v203 one-swap pricing only; not multi-swap or global proof,A,A,1,1,1,1,0,0,2019,2020,TX,IN
v63_source_repair_return_guarded_repair,incumbent_cvar_relaxed_source_lp,162590887,170390171,1000.0,1000.0,-7.297262801488124,-23.632377345499286,16.335114544011162,2393.1041234556733,842425.0,True,True,3.222484231535372e-05,0.8995459536457251,0,,,61407.541057599316,96767.24832209059,True,True,post_v203_one_drop_one_add_whole_loan_swap,post-v203 one-swap pricing only; not multi-swap or global proof,A,A,1,1,1,0,0,0,2019,2020,TX,other
v63_source_repair_return_guarded_repair,incumbent_cvar_relaxed_source_lp,162590887,169450190,1000.0,1000.0,-7.297262801488124,-22.58050328415853,15.283240482670408,2392.0522493943326,842425.0,True,True,3.222484231535372e-05,0.8995459536457251,0,,,61390.22633311077,96732.24028876478,True,True,post_v203_one_drop_one_add_whole_loan_swap,post-v203 one-swap pricing only; not multi-swap or global proof,A,A,1,1,1,0,0,0,2019,2020,TX,AZ
v63_source_repair_return_guarded_repair,incumbent_cvar_relaxed_source_lp,162528420,127672145,1200.0,1000.0,-183.7368131210446,-196.20083323856994,12.464020117525337,2389.2330290291875,842625.0,True,True,0.00023471174932332417,0.8993324432576769,0,,,61634.24527270591,97095.30506335253,True,True,post_v203_one_drop_one_add_whole_loan_swap,post-v203 one-swap pricing only; not multi-swap or global proof,D,C,3,1,2,0,2,2,2019,2018,MD,other
v63_source_repair_return_guarded_repair,incumbent_cvar_relaxed_source_lp,162528420,126733849,1200.0,1000.0,-183.7368131210446,-186.9469746106631,3.2101614896184856,2379.9791704012805,842625.0,True,True,0.00023471174932332417,0.8981456757157692,0,,,61665.3526877306,97139.6753822378,True,True,post_v203_one_drop_one_add_whole_loan_swap,post-v203 one-swap pricing only; not multi-swap or global proof,D,B,3,0,2,4,2,3,2019,2018,MD,NJ
v63_source_repair_return_guarded_repair,incumbent_cvar_relaxed_source_lp,162528420,126483031,1200.0,1200.0,-183.7368131210446,-200.480236756332,16.7434236352874,2393.5124325469496,842425.0,True,True,3.222484231535372e-05,0.898121494495059,0,,,61644.36826339108,97109.25643163608,True,True,post_v203_one_drop_one_add_whole_loan_swap,post-v203 one-swap pricing only; not multi-swap or global proof,D,B,3,0,2,2,2,0,2019,2018,MD,FL
v63_source_repair_return_guarded_repair,incumbent_cvar_relaxed_source_lp,162528420,165985906,1200.0,1200.0,-183.7368131210446,-203.72482836822385,19.98801524717925,2396.7570241588414,842425.0,True,True,3.222484231535372e-05,0.8995459536457251,0,,,61550.040460279844,96938.89652663599,True,True,post_v203_one_drop_one_add_whole_loan_swap,post-v203 one-swap pricing only; not multi-swap or global proof,D,C,3,1,2,3,2,4,2019,2020,MD,VA
v63_source_repair_return_guarded_repair,incumbent_cvar_relaxed_source_lp,162528420,160806330,1200.0,1200.0,-183.7368131210446,-210.10403328668124,26.36722016563664,2403.136229077299,842425.0,True,True,3.222484231535372e-05,0.8995459536457251,0,,,61500.60317133265,96810.2728159305,True,True,post_v203_one_drop_one_add_whole_loan_swap,post-v203 one-swap pricing only; not multi-swap or global proof,D,D,3,2,2,2,2,2,2019,2019,MD,FL
v63_source_repair_return_guarded_repair,incumbent_cvar_relaxed_source_lp,162083390,127672145,1000.0,1000.0,-168.4682188833758,-196.20083323856994,27.73261435519413,2404.5016232668563,842425.0,True,True,3.222484231535372e-05,0.8995459536457251,0,,,61450.31113541379,96879.09682256237,True,True,post_v203_one_drop_one_add_whole_loan_swap,post-v203 one-swap pricing only; not multi-swap or global proof,C,C,1,1,2,0,1,2,2019,2018,other,other
v63_source_repair_return_guarded_repair,incumbent_cvar_relaxed_source_lp,162083390,126827839,1000.0,1000.0,-168.4682188833758,-175.77898463113021,7.310765747754402,2384.0797746594167,842425.0,True,True,3.222484231535372e-05,0.8995459536457251,0,,,61348.20823166853,96737.30624164759,True,True,post_v203_one_drop_one_add_whole_loan_swap,post-v203 one-swap pricing only; not multi-swap or global proof,C,E,1,2,2,0,1,4,2019,2018,other,other
v63_source_repair_return_guarded_repair,incumbent_cvar_relaxed_source_lp,162083390,126733849,1000.0,1000.0,-168.4682188833758,-186.9469746106631,18.47875572728728,2395.2477646389493,842425.0,True,True,3.222484231535372e-05,0.8983589043535033,0,,,61481.418550438466,96923.46714144762,True,True,post_v203_one_drop_one_add_whole_loan_swap,post-v203 one-swap pricing only; not multi-swap or global proof,C,B,1,0,2,4,1,3,2019,2018,other,NJ
v63_source_repair_return_guarded_repair,incumbent_cvar_relaxed_source_lp,162083390,126468092,1000.0,1000.0,-168.4682188833758,-169.50590883596908,1.0376899525932686,2377.8066988642554,842425.0,True,True,3.222484231535372e-05,0.8983589043535033,0,,,61504.32277299587,96954.70054342036,True,True,post_v203_one_drop_one_add_whole_loan_swap,post-v203 one-swap pricing only; not multi-swap or global proof,C,B,1,0,2,1,1,2,2019,2018,other,other
v63_source_repair_return_guarded_repair,incumbent_cvar_relaxed_source_lp,162083390,168701788,1000.0,1000.0,-168.4682188833758,-178.5860397151734,10.117820831797587,2386.8868297434597,842425.0,True,True,3.222484231535372e-05,0.8995459536457251,0,,,61401.99773470571,96797.75562816004,True,True,post_v203_one_drop_one_add_whole_loan_swap,post-v203 one-swap pricing only; not multi-swap or global proof,C,C,1,1,2,3,1,1,2019,2020,other,TX
v63_source_repair_return_guarded_repair,incumbent_cvar_relaxed_source_lp,162083390,169358871,1000.0,1000.0,-168.4682188833758,-177.86634212741987,9.398123244044058,2386.1671321557064,842425.0,True,True,3.222484231535372e-05,0.8995459536457251,0,,,61411.768752038435,96785.33059312022,True,True,post_v203_one_drop_one_add_whole_loan_swap,post-v203 one-swap pricing only; not multi-swap or global proof,C,C,1,1,2,3,1,0,2019,2020,other,VA
v63_source_repair_return_guarded_repair,incumbent_cvar_relaxed_source_lp,162083390,139506195,1000.0,1000.0,-168.4682188833758,-177.67809625327766,9.209877369901847,2385.978886281564,842425.0,True,True,3.222484231535372e-05,0.8995459536457251,0,,,61385.93407198702,96731.54896799974,True,True,post_v203_one_drop_one_add_whole_loan_swap,post-v203 one-swap pricing only; not multi-swap or global proof,C,D,1,2,2,2,1,0,2019,2018,other,CA
v63_source_repair_return_guarded_repair,incumbent_cvar_relaxed_source_lp,162083390,156823754,1000.0,1000.0,-168.4682188833758,-183.46022770133698,14.992008817961164,2391.7610177296233,842425.0,True,True,3.222484231535372e-05,0.8995459536457251,0,,,61383.535852887624,96710.64420461911,True,True,post_v203_one_drop_one_add_whole_loan_swap,post-v203 one-swap pricing only; not multi-swap or global proof,C,D,1,2,2,3,1,1,2019,2019,other,CA
v63_source_repair_return_guarded_repair,incumbent_cvar_relaxed_source_lp,162083390,156807668,1000.0,1000.0,-168.4682188833758,-175.85010442413147,7.381885540755661,2384.150894452418,842425.0,True,True,3.222484231535372e-05,0.8995459536457251,0,,,61410.96934724633,96738.92056499678,True,True,post_v203_one_drop_one_add_whole_loan_swap,post-v203 one-swap pricing only; not multi-swap or global proof,C,D,1,2,2,0,1,0,2019,2019,other,TX
v63_source_repair_return_guarded_repair,incumbent_cvar_relaxed_source_lp,159079407,168803640,1400.0,1500.0,-29.962255599626843,-30.498264963412808,0.5360093637859649,2377.305018275448,842325.0,True,True,4.966435199549313e-05,0.8996527468613659,0,,,61387.82899903078,96749.34378389671,True,True,post_v203_one_drop_one_add_whole_loan_swap,post-v203 one-swap pricing only; not multi-swap or global proof,A,A,1,1,0,3,0,3,2019,2020,NY,IL
v63_source_repair_return_guarded_repair,incumbent_cvar_relaxed_source_lp,160400299,127672145,1000.0,1000.0,-190.1364102192376,-196.20083323856994,6.064423019332338,2382.8334319309947,842425.0,True,True,3.222484231535372e-05,0.8995459536457251,0,,,61500.09725570993,96965.02174600128,True,True,post_v203_one_drop_one_add_whole_loan_swap,post-v203 one-swap pricing only; not multi-swap or global proof,D,C,2,1,1,0,4,2,2019,2018,other,other
v63_source_repair_return_guarded_repair,incumbent_cvar_relaxed_source_lp,159759852,126760355,1600.0,1500.0,-246.66666357534172,-250.40002765814089,3.73336408279917,2380.5023729944614,842525.0,True,True,0.00013348031248983094,0.8995578766208718,0,,,61445.549945875246,96927.91362479691,True,True,post_v203_one_drop_one_add_whole_loan_swap,post-v203 one-swap pricing only; not multi-swap or global proof,B,B,0,0,3,1,0,0,2019,2018,TX,IL
v63_source_repair_return_guarded_repair,incumbent_cvar_relaxed_source_lp,159910290,126733849,1000.0,1000.0,-161.13672038679763,-186.9469746106631,25.810254223865456,2402.5792631355275,842425.0,True,True,3.222484231535372e-05,0.8995459536457251,0,,,61398.920834324665,96821.11956893219,True,True,post_v203_one_drop_one_add_whole_loan_swap,post-v203 one-swap pricing only; not multi-swap or global proof,B,B,0,0,0,4,0,3,2019,2018,other,NJ
v63_source_repair_return_guarded_repair,incumbent_cvar_relaxed_source_lp,159910290,126468092,1000.0,1000.0,-161.13672038679763,-169.50590883596908,8.369188449171446,2385.1381973608336,842425.0,True,True,3.222484231535372e-05,0.8995459536457251,0,,,61421.82505688205,96852.3529709049,True,True,post_v203_one_drop_one_add_whole_loan_swap,post-v203 one-swap pricing only; not multi-swap or global proof,B,B,0,0,0,1,0,2,2019,2018,other,other
v63_source_repair_return_guarded_repair,incumbent_cvar_relaxed_source_lp,159599612,126733849,1000.0,1000.0,-182.1403341611855,-186.9469746106631,4.806640449477584,2381.5756493611398,842425.0,True,True,3.222484231535372e-05,0.8995459536457251,0,,,61420.44861556918,96848.32129697468,True,True,post_v203_one_drop_one_add_whole_loan_swap,post-v203 one-swap pricing only; not multi-swap or global proof,B,B,0,0,0,4,2,3,2019,2018,other,NJ
v63_source_repair_return_guarded_repair,incumbent_cvar_relaxed_source_lp,164297639,127672145,1000.0,1000.0,-191.36724765437984,-196.20083323856994,4.833585584190104,2381.6025944958524,842425.0,True,True,3.222484231535372e-05,0.8995459536457251,0,,,61438.50741580299,96854.53210789111,True,True,post_v203_one_drop_one_add_whole_loan_swap,post-v203 one-swap pricing only; not multi-swap or global proof,C,C,1,1,3,0,2,2,2020,2018,CA,other
