policy_id,regime_v188,added_loan_id_v188,dropped_loan_id_v188,added_loan_amount_v188,dropped_loan_amount_v188,added_mean_return_v188,dropped_mean_return_v188,return_delta_v188,objective_return_after_swap_v188,exposure_after_swap_v188,budget_swap_feasible_v188,source_swap_feasible_v188,source_min_slack_after_swap_v188,max_source_share_after_swap_v188,source_cap_violations_after_swap_v188,first_source_block_family_v188,first_source_block_id_v188,loss_mean_after_swap_v188,cvar90_after_swap_v188,cvar_swap_feasible_v188,one_swap_improves_return_v188,integer_screen_scope_v188,claim_boundary_v188,added_grade_v188,dropped_grade_v188,added_score_decile_v188,dropped_score_decile_v188,added_income_band_v188,dropped_income_band_v188,added_dti_band_v188,dropped_dti_band_v188,added_period_v188,dropped_period_v188,added_state_top20_v188,dropped_state_top20_v188
v63_source_repair_return_guarded_repair,incumbent_cvar_relaxed_source_lp,130791260,126658319,2900.0,2500.0,69.4776485933445,65.23175886099214,4.245889732352353,1896.4310943850207,842900.0,True,True,3.842220711736122e-05,0.8991576699489856,0,,,61449.84383184211,96237.4376920763,True,True,post_v187_one_drop_one_add_whole_loan_swap,post-v187 one-swap pricing only; not multi-swap or global proof,A,A,0,0,3,2,0,0,2018,2018,NY,PA
v63_source_repair_return_guarded_repair,incumbent_cvar_relaxed_source_lp,129916061,127874931,1000.0,1000.0,-160.93230437909457,-186.9469746106631,26.014670231568516,1918.1998748842368,842500.0,True,True,0.00010816869840624133,0.8991097922848664,0,,,61394.35200377782,96183.54590162478,True,True,post_v187_one_drop_one_add_whole_loan_swap,post-v187 one-swap pricing only; not multi-swap or global proof,B,B,0,0,2,0,1,0,2018,2018,FL,MN
v63_source_repair_return_guarded_repair,incumbent_cvar_relaxed_source_lp,129916061,126733849,1000.0,1000.0,-160.93230437909457,-186.9469746106631,26.014670231568516,1918.1998748842368,842500.0,True,True,0.00010816869840624133,0.8991097922848664,0,,,61394.35200377782,96183.54590162478,True,True,post_v187_one_drop_one_add_whole_loan_swap,post-v187 one-swap pricing only; not multi-swap or global proof,B,B,0,0,2,4,1,3,2018,2018,FL,NJ
v63_source_repair_return_guarded_repair,incumbent_cvar_relaxed_source_lp,129916061,126468092,1000.0,1000.0,-160.93230437909457,-169.50590883596908,8.573604456874506,1900.7588091095429,842500.0,True,True,0.00010816869840624133,0.8991097922848664,0,,,61417.25622633521,96214.7793035975,True,True,post_v187_one_drop_one_add_whole_loan_swap,post-v187 one-swap pricing only; not multi-swap or global proof,B,B,0,0,2,1,1,2,2018,2018,FL,other
v63_source_repair_return_guarded_repair,incumbent_cvar_relaxed_source_lp,129248891,127874931,1000.0,1000.0,-173.9967844806681,-186.9469746106631,12.95019012999498,1905.1353947826633,842500.0,True,True,0.00010816869840624133,0.8991097922848664,0,,,61417.78536892135,96217.29799587709,True,True,post_v187_one_drop_one_add_whole_loan_swap,post-v187 one-swap pricing only; not multi-swap or global proof,B,B,0,0,0,0,0,0,2018,2018,NJ,MN
v63_source_repair_return_guarded_repair,incumbent_cvar_relaxed_source_lp,129248891,126733849,1000.0,1000.0,-173.9967844806681,-186.9469746106631,12.95019012999498,1905.1353947826633,842500.0,True,True,0.00010816869840624133,0.8991097922848664,0,,,61417.78536892135,96217.29799587709,True,True,post_v187_one_drop_one_add_whole_loan_swap,post-v187 one-swap pricing only; not multi-swap or global proof,B,B,0,0,0,4,0,3,2018,2018,NJ,NJ
v63_source_repair_return_guarded_repair,incumbent_cvar_relaxed_source_lp,129439138,127874931,1000.0,1000.0,-183.79678448066824,-186.9469746106631,3.1501901299948543,1895.3353947826631,842500.0,True,True,0.00010816869840624133,0.8991097922848664,0,,,61417.78536892135,96217.29799587709,True,True,post_v187_one_drop_one_add_whole_loan_swap,post-v187 one-swap pricing only; not multi-swap or global proof,B,B,0,0,4,0,3,0,2018,2018,TX,MN
v63_source_repair_return_guarded_repair,incumbent_cvar_relaxed_source_lp,129439138,126733849,1000.0,1000.0,-183.79678448066824,-186.9469746106631,3.1501901299948543,1895.3353947826631,842500.0,True,True,0.00010816869840624133,0.8991097922848664,0,,,61417.78536892135,96217.29799587709,True,True,post_v187_one_drop_one_add_whole_loan_swap,post-v187 one-swap pricing only; not multi-swap or global proof,B,B,0,0,4,4,3,3,2018,2018,TX,NJ
v63_source_repair_return_guarded_repair,incumbent_cvar_relaxed_source_lp,129383512,127874931,1000.0,1000.0,-185.03707750315334,-186.9469746106631,1.9098971075097495,1894.095101760178,842500.0,True,True,0.00010816869840624133,0.8979228486646884,0,,,61544.13490603682,96387.37219468024,True,True,post_v187_one_drop_one_add_whole_loan_swap,post-v187 one-swap pricing only; not multi-swap or global proof,D,B,2,0,2,0,0,0,2018,2018,TX,MN
v63_source_repair_return_guarded_repair,incumbent_cvar_relaxed_source_lp,129383512,127672145,1000.0,1000.0,-185.03707750315334,-196.20083323856994,11.1637557354166,1903.3489603880848,842500.0,True,True,0.00010816869840624133,0.8991097922848664,0,,,61513.02749101214,96343.00187579496,True,True,post_v187_one_drop_one_add_whole_loan_swap,post-v187 one-swap pricing only; not multi-swap or global proof,D,C,2,1,2,0,0,2,2018,2018,TX,other
v63_source_repair_return_guarded_repair,incumbent_cvar_relaxed_source_lp,129383512,127582382,1000.0,1000.0,-185.03707750315334,-205.52183833714096,20.48476083398762,1912.6699654866559,842500.0,True,True,0.00010816869840624133,0.8991097922848664,0,,,61429.15095586942,96232.56792328817,True,True,post_v187_one_drop_one_add_whole_loan_swap,post-v187 one-swap pricing only; not multi-swap or global proof,D,D,2,2,2,3,0,0,2018,2018,TX,CA
v63_source_repair_return_guarded_repair,incumbent_cvar_relaxed_source_lp,129383512,126820122,1000.0,1000.0,-185.03707750315334,-201.89545162414464,16.8583741209913,1909.0435787736596,842500.0,True,True,0.00010816869840624133,0.8991097922848664,0,,,61472.44545205021,96294.63136143624,True,True,post_v187_one_drop_one_add_whole_loan_swap,post-v187 one-swap pricing only; not multi-swap or global proof,D,C,2,1,2,0,0,1,2018,2018,TX,other
v63_source_repair_return_guarded_repair,incumbent_cvar_relaxed_source_lp,129383512,126733849,1000.0,1000.0,-185.03707750315334,-186.9469746106631,1.9098971075097495,1894.095101760178,842500.0,True,True,0.00010816869840624133,0.8979228486646884,0,,,61544.13490603682,96387.37219468024,True,True,post_v187_one_drop_one_add_whole_loan_swap,post-v187 one-swap pricing only; not multi-swap or global proof,D,B,2,0,2,4,0,3,2018,2018,TX,NJ
v63_source_repair_return_guarded_repair,incumbent_cvar_relaxed_source_lp,129383512,126419064,1000.0,1000.0,-185.03707750315334,-198.85427993768698,13.817202434533641,1906.0024070872018,842500.0,True,True,0.00010816869840624133,0.8991097922848664,0,,,61445.83892861985,96251.96295537561,True,True,post_v187_one_drop_one_add_whole_loan_swap,post-v187 one-swap pricing only; not multi-swap or global proof,D,D,2,2,2,4,0,1,2018,2018,TX,other
v63_source_repair_return_guarded_repair,incumbent_cvar_relaxed_source_lp,129082051,148096150,1500.0,1000.0,27.50472791272188,27.38487574759364,0.11985216512823982,1892.3050568177966,843000.0,True,True,2.099592630155911e-05,0.8991696322657177,0,,,61447.11369647042,96217.54612969591,True,True,post_v187_one_drop_one_add_whole_loan_swap,post-v187 one-swap pricing only; not multi-swap or global proof,A,A,0,0,2,4,1,0,2018,2019,other,MA
v63_source_repair_return_guarded_repair,incumbent_cvar_relaxed_source_lp,128561503,127874931,1000.0,1000.0,-183.30232614833292,-186.9469746106631,3.644648462330167,1895.8298531149985,842500.0,True,True,0.00010816869840624133,0.8979228486646884,0,,,61503.730281507,96337.0773465667,True,True,post_v187_one_drop_one_add_whole_loan_swap,post-v187 one-swap pricing only; not multi-swap or global proof,D,B,1,0,4,0,1,0,2018,2018,other,MN
v63_source_repair_return_guarded_repair,incumbent_cvar_relaxed_source_lp,128561503,127672145,1000.0,1000.0,-183.30232614833292,-196.20083323856994,12.898507090237018,1905.0837117429053,842500.0,True,True,0.00010816869840624133,0.8991097922848664,0,,,61472.622866482314,96292.7070276814,True,True,post_v187_one_drop_one_add_whole_loan_swap,post-v187 one-swap pricing only; not multi-swap or global proof,D,C,1,1,4,0,1,2,2018,2018,other,other
v63_source_repair_return_guarded_repair,incumbent_cvar_relaxed_source_lp,128561503,127582382,1000.0,1000.0,-183.30232614833292,-205.52183833714096,22.21951218880804,1914.4047168414763,842500.0,True,True,0.00010816869840624133,0.8991097922848664,0,,,61388.746331339615,96182.27307517463,True,True,post_v187_one_drop_one_add_whole_loan_swap,post-v187 one-swap pricing only; not multi-swap or global proof,D,D,1,2,4,3,1,0,2018,2018,other,CA
v63_source_repair_return_guarded_repair,incumbent_cvar_relaxed_source_lp,128561503,126820122,1000.0,1000.0,-183.30232614833292,-201.89545162414464,18.593125475811718,1910.77833012848,842500.0,True,True,0.00010816869840624133,0.8991097922848664,0,,,61432.04082752039,96244.3365133227,True,True,post_v187_one_drop_one_add_whole_loan_swap,post-v187 one-swap pricing only; not multi-swap or global proof,D,C,1,1,4,0,1,1,2018,2018,other,other
v63_source_repair_return_guarded_repair,incumbent_cvar_relaxed_source_lp,128561503,126733849,1000.0,1000.0,-183.30232614833292,-186.9469746106631,3.644648462330167,1895.8298531149985,842500.0,True,True,0.00010816869840624133,0.8979228486646884,0,,,61503.730281507,96337.0773465667,True,True,post_v187_one_drop_one_add_whole_loan_swap,post-v187 one-swap pricing only; not multi-swap or global proof,D,B,1,0,4,4,1,3,2018,2018,other,NJ
v63_source_repair_return_guarded_repair,incumbent_cvar_relaxed_source_lp,128561503,126419064,1000.0,1000.0,-183.30232614833292,-198.85427993768698,15.551953789354059,1907.7371584420223,842500.0,True,True,0.00010816869840624133,0.8991097922848664,0,,,61405.43430409003,96201.66810726208,True,True,post_v187_one_drop_one_add_whole_loan_swap,post-v187 one-swap pricing only; not multi-swap or global proof,D,D,1,2,4,4,1,1,2018,2018,other,other
v63_source_repair_return_guarded_repair,incumbent_cvar_relaxed_source_lp,128561503,156823754,1000.0,1000.0,-183.30232614833292,-183.46022770133698,0.15790155300405218,1892.3431062056723,842500.0,True,True,0.00010816869840624133,0.8991097922848664,0,,,61405.84758395614,96124.25440973818,True,True,post_v187_one_drop_one_add_whole_loan_swap,post-v187 one-swap pricing only; not multi-swap or global proof,D,D,1,2,4,3,1,1,2018,2019,other,CA
v63_source_repair_return_guarded_repair,incumbent_cvar_relaxed_source_lp,127184845,127672145,1000.0,1000.0,-189.0370775031534,-196.20083323856994,7.163755735416544,1899.3489603880848,842500.0,True,True,0.00010816869840624133,0.8991097922848664,0,,,61513.02749101214,96343.00187579496,True,True,post_v187_one_drop_one_add_whole_loan_swap,post-v187 one-swap pricing only; not multi-swap or global proof,D,C,2,1,1,0,0,2,2018,2018,TX,other
v63_source_repair_return_guarded_repair,incumbent_cvar_relaxed_source_lp,127184845,127582382,1000.0,1000.0,-189.0370775031534,-205.52183833714096,16.484760833987565,1908.6699654866559,842500.0,True,True,0.00010816869840624133,0.8991097922848664,0,,,61429.15095586942,96232.56792328817,True,True,post_v187_one_drop_one_add_whole_loan_swap,post-v187 one-swap pricing only; not multi-swap or global proof,D,D,2,2,1,3,0,0,2018,2018,TX,CA
v63_source_repair_return_guarded_repair,incumbent_cvar_relaxed_source_lp,127184845,126820122,1000.0,1000.0,-189.0370775031534,-201.89545162414464,12.858374120991243,1905.0435787736596,842500.0,True,True,0.00010816869840624133,0.8991097922848664,0,,,61472.44545205021,96294.63136143624,True,True,post_v187_one_drop_one_add_whole_loan_swap,post-v187 one-swap pricing only; not multi-swap or global proof,D,C,2,1,1,0,0,1,2018,2018,TX,other
v63_source_repair_return_guarded_repair,incumbent_cvar_relaxed_source_lp,127184845,126419064,1000.0,1000.0,-189.0370775031534,-198.85427993768698,9.817202434533584,1902.0024070872018,842500.0,True,True,0.00010816869840624133,0.8991097922848664,0,,,61445.83892861985,96251.96295537561,True,True,post_v187_one_drop_one_add_whole_loan_swap,post-v187 one-swap pricing only; not multi-swap or global proof,D,D,2,2,1,4,0,1,2018,2018,TX,other
v63_source_repair_return_guarded_repair,incumbent_cvar_relaxed_source_lp,127561240,127392982,2400.0,2500.0,-377.12004425302564,-393.1671599090251,16.04711565599945,1908.2323203086678,842400.0,True,True,6.907218559226713e-06,0.8990978157644824,0,,,61405.215122906986,96160.21463295525,True,True,post_v187_one_drop_one_add_whole_loan_swap,post-v187 one-swap pricing only; not multi-swap or global proof,B,B,0,0,3,1,0,3,2018,2018,NY,CA
v63_source_repair_return_guarded_repair,incumbent_cvar_relaxed_source_lp,134743532,127582382,1000.0,1000.0,-201.5151503808579,-205.52183833714096,4.006687956283059,1896.1918926089513,842500.0,True,True,0.00010816869840624133,0.8991097922848664,0,,,61367.070308175375,96157.59086212207,True,True,post_v187_one_drop_one_add_whole_loan_swap,post-v187 one-swap pricing only; not multi-swap or global proof,C,D,1,2,1,3,2,0,2018,2018,other,CA
v63_source_repair_return_guarded_repair,incumbent_cvar_relaxed_source_lp,134743532,126820122,1000.0,1000.0,-201.5151503808579,-201.89545162414464,0.38030124328673764,1892.565505895955,842500.0,True,True,0.00010816869840624133,0.8991097922848664,0,,,61410.36480435615,96219.65430027017,True,True,post_v187_one_drop_one_add_whole_loan_swap,post-v187 one-swap pricing only; not multi-swap or global proof,C,C,1,1,1,0,2,1,2018,2018,other,other
v63_source_repair_return_guarded_repair,incumbent_cvar_relaxed_source_lp,135864433,148096150,1500.0,1000.0,33.03154023126002,27.38487574759364,5.6466644836663775,1897.8318691363347,843000.0,True,True,2.099592630155911e-05,0.8991696322657177,0,,,61453.134170206366,96230.1959214473,True,True,post_v187_one_drop_one_add_whole_loan_swap,post-v187 one-swap pricing only; not multi-swap or global proof,A,A,0,0,2,4,0,0,2018,2019,AZ,MA
v63_source_repair_return_guarded_repair,incumbent_cvar_relaxed_source_lp,135864433,139657464,1500.0,1200.0,33.03154023126002,32.614459804893464,0.41708042636655307,1892.6022850790348,842800.0,True,True,5.5852623263241696e-05,0.8991457047935453,0,,,61436.109978607805,96202.9300954425,True,True,post_v187_one_drop_one_add_whole_loan_swap,post-v187 one-swap pricing only; not multi-swap or global proof,A,A,0,0,2,4,0,0,2018,2018,AZ,OH
v63_source_repair_return_guarded_repair,incumbent_cvar_relaxed_source_lp,135434670,127874931,1000.0,1000.0,-169.9123147501927,-186.9469746106631,17.034659860470384,1909.2198645131386,842500.0,True,True,0.00010816869840624133,0.8991097922848664,0,,,61415.077136665706,96220.5425685891,True,True,post_v187_one_drop_one_add_whole_loan_swap,post-v187 one-swap pricing only; not multi-swap or global proof,B,B,0,0,2,0,0,0,2018,2018,CA,MN
v63_source_repair_return_guarded_repair,incumbent_cvar_relaxed_source_lp,135434670,126733849,1000.0,1000.0,-169.9123147501927,-186.9469746106631,17.034659860470384,1909.2198645131386,842500.0,True,True,0.00010816869840624133,0.8991097922848664,0,,,61415.077136665706,96220.5425685891,True,True,post_v187_one_drop_one_add_whole_loan_swap,post-v187 one-swap pricing only; not multi-swap or global proof,B,B,0,0,2,4,0,3,2018,2018,CA,NJ
v63_source_repair_return_guarded_repair,incumbent_cvar_relaxed_source_lp,134226742,127874931,1000.0,1000.0,-175.77909796159472,-186.9469746106631,11.167876649068376,1903.3530813017367,842500.0,True,True,0.00010816869840624133,0.8991097922848664,0,,,61416.08079671515,96235.96862325873,True,True,post_v187_one_drop_one_add_whole_loan_swap,post-v187 one-swap pricing only; not multi-swap or global proof,B,B,0,0,2,0,2,0,2018,2018,PA,MN
v63_source_repair_return_guarded_repair,incumbent_cvar_relaxed_source_lp,134226742,126733849,1000.0,1000.0,-175.77909796159472,-186.9469746106631,11.167876649068376,1903.3530813017367,842500.0,True,True,0.00010816869840624133,0.8991097922848664,0,,,61416.08079671515,96235.96862325873,True,True,post_v187_one_drop_one_add_whole_loan_swap,post-v187 one-swap pricing only; not multi-swap or global proof,B,B,0,0,2,4,2,3,2018,2018,PA,NJ
v63_source_repair_return_guarded_repair,incumbent_cvar_relaxed_source_lp,134420497,127874931,1000.0,1000.0,-145.73547946423722,-186.9469746106631,41.211495146425875,1933.3966997990942,842500.0,True,True,0.00010816869840624133,0.8991097922848664,0,,,61425.06208237645,96251.31752726367,True,True,post_v187_one_drop_one_add_whole_loan_swap,post-v187 one-swap pricing only; not multi-swap or global proof,C,B,0,0,4,0,2,0,2018,2018,MD,MN
v63_source_repair_return_guarded_repair,incumbent_cvar_relaxed_source_lp,134420497,126733849,1000.0,1000.0,-145.73547946423722,-186.9469746106631,41.211495146425875,1933.3966997990942,842500.0,True,True,0.00010816869840624133,0.8991097922848664,0,,,61425.06208237645,96251.31752726367,True,True,post_v187_one_drop_one_add_whole_loan_swap,post-v187 one-swap pricing only; not multi-swap or global proof,C,B,0,0,4,4,2,3,2018,2018,MD,NJ
v63_source_repair_return_guarded_repair,incumbent_cvar_relaxed_source_lp,134420497,126468092,1000.0,1000.0,-145.73547946423722,-169.50590883596908,23.770429371731865,1915.9556340244,842500.0,True,True,0.00010816869840624133,0.8991097922848664,0,,,61447.966304933834,96282.55092923639,True,True,post_v187_one_drop_one_add_whole_loan_swap,post-v187 one-swap pricing only; not multi-swap or global proof,C,B,0,0,4,1,2,2,2018,2018,MD,other
v63_source_repair_return_guarded_repair,incumbent_cvar_relaxed_source_lp,133763576,126658319,3000.0,2500.0,73.31323703811194,65.23175886099214,8.081478177119791,1900.2666828297881,843000.0,True,True,2.099592630155911e-05,0.8991696322657177,0,,,61493.76714325008,96315.7460610694,True,True,post_v187_one_drop_one_add_whole_loan_swap,post-v187 one-swap pricing only; not multi-swap or global proof,A,A,0,0,3,2,0,0,2018,2018,NY,PA
v63_source_repair_return_guarded_repair,incumbent_cvar_relaxed_source_lp,134320828,127874931,1000.0,1000.0,-175.77909796159472,-186.9469746106631,11.167876649068376,1903.3530813017367,842500.0,True,True,0.00010816869840624133,0.8991097922848664,0,,,61416.08079671515,96235.96862325873,True,True,post_v187_one_drop_one_add_whole_loan_swap,post-v187 one-swap pricing only; not multi-swap or global proof,B,B,0,0,0,0,0,0,2018,2018,IL,MN
v63_source_repair_return_guarded_repair,incumbent_cvar_relaxed_source_lp,134320828,126733849,1000.0,1000.0,-175.77909796159472,-186.9469746106631,11.167876649068376,1903.3530813017367,842500.0,True,True,0.00010816869840624133,0.8991097922848664,0,,,61416.08079671515,96235.96862325873,True,True,post_v187_one_drop_one_add_whole_loan_swap,post-v187 one-swap pricing only; not multi-swap or global proof,B,B,0,0,0,4,0,3,2018,2018,IL,NJ
v63_source_repair_return_guarded_repair,incumbent_cvar_relaxed_source_lp,134164782,148096150,1600.0,1000.0,29.180393086993046,27.38487574759364,1.7955173393994066,1893.9807219920676,843100.0,True,True,3.5737793443457733e-06,0.8991815917447515,0,,,61473.308448877375,96265.79512182948,True,True,post_v187_one_drop_one_add_whole_loan_swap,post-v187 one-swap pricing only; not multi-swap or global proof,A,A,0,0,3,4,1,0,2018,2019,other,MA
v63_source_repair_return_guarded_repair,incumbent_cvar_relaxed_source_lp,132998370,127874931,1000.0,1000.0,-172.24385736444108,-186.9469746106631,14.703117246222007,1906.8883218988904,842500.0,True,True,0.00010816869840624133,0.8991097922848664,0,,,61415.94214745567,96235.79573300963,True,True,post_v187_one_drop_one_add_whole_loan_swap,post-v187 one-swap pricing only; not multi-swap or global proof,B,B,0,0,2,0,1,0,2018,2018,MD,MN
v63_source_repair_return_guarded_repair,incumbent_cvar_relaxed_source_lp,132998370,126733849,1000.0,1000.0,-172.24385736444108,-186.9469746106631,14.703117246222007,1906.8883218988904,842500.0,True,True,0.00010816869840624133,0.8991097922848664,0,,,61415.94214745567,96235.79573300963,True,True,post_v187_one_drop_one_add_whole_loan_swap,post-v187 one-swap pricing only; not multi-swap or global proof,B,B,0,0,2,4,1,3,2018,2018,MD,NJ
v63_source_repair_return_guarded_repair,incumbent_cvar_relaxed_source_lp,132826039,127672145,1000.0,1000.0,-195.24431793386313,-196.20083323856994,0.9565153047068122,1893.141719957375,842500.0,True,True,0.00010816869840624133,0.8991097922848664,0,,,61444.966281174435,96276.45406550106,True,True,post_v187_one_drop_one_add_whole_loan_swap,post-v187 one-swap pricing only; not multi-swap or global proof,C,C,1,1,3,0,0,2,2018,2018,MD,other
v63_source_repair_return_guarded_repair,incumbent_cvar_relaxed_source_lp,132826039,127582382,1000.0,1000.0,-195.24431793386313,-205.52183833714096,10.277520403277833,1902.462725055946,842500.0,True,True,0.00010816869840624133,0.8991097922848664,0,,,61361.089746031736,96166.02011299423,True,True,post_v187_one_drop_one_add_whole_loan_swap,post-v187 one-swap pricing only; not multi-swap or global proof,C,D,1,2,3,3,0,0,2018,2018,MD,CA
v63_source_repair_return_guarded_repair,incumbent_cvar_relaxed_source_lp,132826039,126820122,1000.0,1000.0,-195.24431793386313,-201.89545162414464,6.651133690281512,1898.8363383429498,842500.0,True,True,0.00010816869840624133,0.8991097922848664,0,,,61404.384242212516,96228.08355114235,True,True,post_v187_one_drop_one_add_whole_loan_swap,post-v187 one-swap pricing only; not multi-swap or global proof,C,C,1,1,3,0,0,1,2018,2018,MD,other
v63_source_repair_return_guarded_repair,incumbent_cvar_relaxed_source_lp,132826039,126419064,1000.0,1000.0,-195.24431793386313,-198.85427993768698,3.6099620038238527,1895.7951666564923,842500.0,True,True,0.00010816869840624133,0.8991097922848664,0,,,61377.777718782156,96185.4151450817,True,True,post_v187_one_drop_one_add_whole_loan_swap,post-v187 one-swap pricing only; not multi-swap or global proof,C,D,1,2,3,4,0,1,2018,2018,MD,other
v63_source_repair_return_guarded_repair,incumbent_cvar_relaxed_source_lp,132370030,126483031,1200.0,1200.0,-197.76674388110365,-200.480236756332,2.7134928752283543,1894.8986975278967,842500.0,True,True,0.00010816869840624133,0.8991097922848664,0,,,61459.53930058204,96288.57448453555,True,True,post_v187_one_drop_one_add_whole_loan_swap,post-v187 one-swap pricing only; not multi-swap or global proof,B,B,0,0,1,2,0,0,2018,2018,NY,FL
v63_source_repair_return_guarded_repair,incumbent_cvar_relaxed_source_lp,132060006,148096150,1600.0,1000.0,31.113552469345716,27.38487574759364,3.728676721752077,1895.9138813744203,843100.0,True,True,3.5737793443457733e-06,0.8991815917447515,0,,,61436.09053840471,96203.09429699167,True,True,post_v187_one_drop_one_add_whole_loan_swap,post-v187 one-swap pricing only; not multi-swap or global proof,A,A,0,0,4,4,0,0,2018,2019,CA,MA
v63_source_repair_return_guarded_repair,incumbent_cvar_relaxed_source_lp,131574675,127874931,1000.0,1000.0,-157.0638633390644,-186.9469746106631,29.883111271598693,1922.068315924267,842500.0,True,True,0.00010816869840624133,0.8991097922848664,0,,,61400.37927205551,96196.38331506767,True,True,post_v187_one_drop_one_add_whole_loan_swap,post-v187 one-swap pricing only; not multi-swap or global proof,B,B,0,0,4,0,0,0,2018,2018,TX,MN
v63_source_repair_return_guarded_repair,incumbent_cvar_relaxed_source_lp,131574675,126733849,1000.0,1000.0,-157.0638633390644,-186.9469746106631,29.883111271598693,1922.068315924267,842500.0,True,True,0.00010816869840624133,0.8991097922848664,0,,,61400.37927205551,96196.38331506767,True,True,post_v187_one_drop_one_add_whole_loan_swap,post-v187 one-swap pricing only; not multi-swap or global proof,B,B,0,0,4,4,0,3,2018,2018,TX,NJ
v63_source_repair_return_guarded_repair,incumbent_cvar_relaxed_source_lp,131574675,126468092,1000.0,1000.0,-157.0638633390644,-169.50590883596908,12.442045496904683,1904.627250149573,842500.0,True,True,0.00010816869840624133,0.8991097922848664,0,,,61423.2834946129,96227.61671704038,True,True,post_v187_one_drop_one_add_whole_loan_swap,post-v187 one-swap pricing only; not multi-swap or global proof,B,B,0,0,4,1,0,2,2018,2018,TX,other
v63_source_repair_return_guarded_repair,incumbent_cvar_relaxed_source_lp,131401335,151650780,2500.0,2000.0,57.982083467949245,52.68006941227111,5.302014055678136,1897.4872187083465,843000.0,True,True,2.099592630155911e-05,0.8991696322657177,0,,,61448.473138329355,96220.421454186,True,True,post_v187_one_drop_one_add_whole_loan_swap,post-v187 one-swap pricing only; not multi-swap or global proof,A,A,0,0,3,2,0,0,2018,2019,NV,other
v63_source_repair_return_guarded_repair,incumbent_cvar_relaxed_source_lp,131167085,127874931,1000.0,1000.0,-180.50561990091967,-186.9469746106631,6.441354709743422,1898.6265593624116,842500.0,True,True,0.00010816869840624133,0.8991097922848664,0,,,61424.39641402978,96231.47417508252,True,True,post_v187_one_drop_one_add_whole_loan_swap,post-v187 one-swap pricing only; not multi-swap or global proof,B,B,0,0,3,0,0,0,2018,2018,WA,MN
v63_source_repair_return_guarded_repair,incumbent_cvar_relaxed_source_lp,131167085,126733849,1000.0,1000.0,-180.50561990091967,-186.9469746106631,6.441354709743422,1898.6265593624116,842500.0,True,True,0.00010816869840624133,0.8991097922848664,0,,,61424.39641402978,96231.47417508252,True,True,post_v187_one_drop_one_add_whole_loan_swap,post-v187 one-swap pricing only; not multi-swap or global proof,B,B,0,0,3,4,0,3,2018,2018,WA,NJ
v63_source_repair_return_guarded_repair,incumbent_cvar_relaxed_source_lp,141067616,127582382,1000.0,1000.0,-204.69117522118168,-205.52183833714096,0.8306631159592825,1893.0158677686277,842500.0,True,True,0.00010816869840624133,0.8991097922848664,0,,,61503.32726772007,96335.48819383854,True,True,post_v187_one_drop_one_add_whole_loan_swap,post-v187 one-swap pricing only; not multi-swap or global proof,E,D,3,2,1,3,1,0,2018,2018,NJ,CA
v63_source_repair_return_guarded_repair,incumbent_cvar_relaxed_source_lp,140620222,127874931,1000.0,1000.0,-161.9757189883544,-186.9469746106631,24.97125562230869,1917.156460274977,842500.0,True,True,0.00010816869840624133,0.8979228486646884,0,,,61535.49541707825,96413.45506276694,True,True,post_v187_one_drop_one_add_whole_loan_swap,post-v187 one-swap pricing only; not multi-swap or global proof,E,B,2,0,2,0,0,0,2018,2018,FL,MN
v63_source_repair_return_guarded_repair,incumbent_cvar_relaxed_source_lp,140620222,127672145,1000.0,1000.0,-161.9757189883544,-196.20083323856994,34.22511425021554,1926.4103189028838,842500.0,True,True,0.00010816869840624133,0.8991097922848664,0,,,61504.38800205355,96369.08474388167,True,True,post_v187_one_drop_one_add_whole_loan_swap,post-v187 one-swap pricing only; not multi-swap or global proof,E,C,2,1,2,0,0,2,2018,2018,FL,other
v63_source_repair_return_guarded_repair,incumbent_cvar_relaxed_source_lp,140620222,127582382,1000.0,1000.0,-161.9757189883544,-205.52183833714096,43.54611934878656,1935.7313240014548,842500.0,True,True,0.00010816869840624133,0.8991097922848664,0,,,61420.51146691087,96258.65079137488,True,True,post_v187_one_drop_one_add_whole_loan_swap,post-v187 one-swap pricing only; not multi-swap or global proof,E,D,2,2,2,3,0,0,2018,2018,FL,CA
v63_source_repair_return_guarded_repair,incumbent_cvar_relaxed_source_lp,140620222,126827839,1000.0,1000.0,-161.9757189883544,-175.77898463113021,13.803265642775813,1905.9884702954441,842500.0,True,True,0.00010816869840624133,0.8991097922848664,0,,,61402.28509830829,96227.29416296688,True,True,post_v187_one_drop_one_add_whole_loan_swap,post-v187 one-swap pricing only; not multi-swap or global proof,E,E,2,2,2,0,0,4,2018,2018,FL,other
v63_source_repair_return_guarded_repair,incumbent_cvar_relaxed_source_lp,140620222,126820122,1000.0,1000.0,-161.9757189883544,-201.89545162414464,39.91973263579024,1932.1049372884586,842500.0,True,True,0.00010816869840624133,0.8991097922848664,0,,,61463.80596309164,96320.71422952296,True,True,post_v187_one_drop_one_add_whole_loan_swap,post-v187 one-swap pricing only; not multi-swap or global proof,E,C,2,1,2,0,0,1,2018,2018,FL,other
v63_source_repair_return_guarded_repair,incumbent_cvar_relaxed_source_lp,140620222,126733849,1000.0,1000.0,-161.9757189883544,-186.9469746106631,24.97125562230869,1917.156460274977,842500.0,True,True,0.00010816869840624133,0.8979228486646884,0,,,61535.49541707825,96413.45506276694,True,True,post_v187_one_drop_one_add_whole_loan_swap,post-v187 one-swap pricing only; not multi-swap or global proof,E,B,2,0,2,4,0,3,2018,2018,FL,NJ
v63_source_repair_return_guarded_repair,incumbent_cvar_relaxed_source_lp,140620222,126468092,1000.0,1000.0,-161.9757189883544,-169.50590883596908,7.530189847614679,1899.7153945002829,842500.0,True,True,0.00010816869840624133,0.8979228486646884,0,,,61558.39963963563,96444.68846473965,True,True,post_v187_one_drop_one_add_whole_loan_swap,post-v187 one-swap pricing only; not multi-swap or global proof,E,B,2,0,2,1,0,2,2018,2018,FL,other
v63_source_repair_return_guarded_repair,incumbent_cvar_relaxed_source_lp,140620222,126419064,1000.0,1000.0,-161.9757189883544,-198.85427993768698,36.87856094933258,1929.0637656020008,842500.0,True,True,0.00010816869840624133,0.8991097922848664,0,,,61437.19943966128,96278.04582346232,True,True,post_v187_one_drop_one_add_whole_loan_swap,post-v187 one-swap pricing only; not multi-swap or global proof,E,D,2,2,2,4,0,1,2018,2018,FL,other
v63_source_repair_return_guarded_repair,incumbent_cvar_relaxed_source_lp,140620222,168701788,1000.0,1000.0,-161.9757189883544,-178.5860397151734,16.610320726818998,1908.7955253794873,842500.0,True,True,0.00010816869840624133,0.8991097922848664,0,,,61456.07460134548,96287.74354947938,True,True,post_v187_one_drop_one_add_whole_loan_swap,post-v187 one-swap pricing only; not multi-swap or global proof,E,C,2,1,2,3,0,1,2018,2020,FL,TX
v63_source_repair_return_guarded_repair,incumbent_cvar_relaxed_source_lp,140620222,169358871,1000.0,1000.0,-161.9757189883544,-177.86634212741987,15.890623139065468,1908.0758277917337,842500.0,True,True,0.00010816869840624133,0.8991097922848664,0,,,61465.845618678206,96275.31851443957,True,True,post_v187_one_drop_one_add_whole_loan_swap,post-v187 one-swap pricing only; not multi-swap or global proof,E,C,2,1,2,3,0,0,2018,2020,FL,VA
v63_source_repair_return_guarded_repair,incumbent_cvar_relaxed_source_lp,140620222,139506195,1000.0,1000.0,-161.9757189883544,-177.67809625327766,15.702377264923257,1907.8875819175914,842500.0,True,True,0.00010816869840624133,0.8991097922848664,0,,,61440.0109386268,96221.53688931909,True,True,post_v187_one_drop_one_add_whole_loan_swap,post-v187 one-swap pricing only; not multi-swap or global proof,E,D,2,2,2,2,0,0,2018,2018,FL,CA
v63_source_repair_return_guarded_repair,incumbent_cvar_relaxed_source_lp,140620222,156823754,1000.0,1000.0,-161.9757189883544,-183.46022770133698,21.484508712982574,1913.6697133656508,842500.0,True,True,0.00010816869840624133,0.8991097922848664,0,,,61437.61271952739,96200.63212593841,True,True,post_v187_one_drop_one_add_whole_loan_swap,post-v187 one-swap pricing only; not multi-swap or global proof,E,D,2,2,2,3,0,1,2018,2019,FL,CA
v63_source_repair_return_guarded_repair,incumbent_cvar_relaxed_source_lp,140620222,156807668,1000.0,1000.0,-161.9757189883544,-175.85010442413147,13.874385435777072,1906.0595900884455,842500.0,True,True,0.00010816869840624133,0.8991097922848664,0,,,61465.0462138861,96228.90848631611,True,True,post_v187_one_drop_one_add_whole_loan_swap,post-v187 one-swap pricing only; not multi-swap or global proof,E,D,2,2,2,0,0,0,2018,2019,FL,TX
v63_source_repair_return_guarded_repair,incumbent_cvar_relaxed_source_lp,141017853,127874931,1000.0,1000.0,-160.86500878453754,-186.9469746106631,26.081965826125554,1918.2671704787938,842500.0,True,True,0.00010816869840624133,0.8979228486646884,0,,,61544.230226800646,96424.94275644717,True,True,post_v187_one_drop_one_add_whole_loan_swap,post-v187 one-swap pricing only; not multi-swap or global proof,E,B,2,0,4,0,0,0,2018,2018,VA,MN
v63_source_repair_return_guarded_repair,incumbent_cvar_relaxed_source_lp,141017853,127672145,1000.0,1000.0,-160.86500878453754,-196.20083323856994,35.335824454032405,1927.5210291067008,842500.0,True,True,0.00010816869840624133,0.8991097922848664,0,,,61513.12281177595,96380.5724375619,True,True,post_v187_one_drop_one_add_whole_loan_swap,post-v187 one-swap pricing only; not multi-swap or global proof,E,C,2,1,4,0,0,2,2018,2018,VA,other
v63_source_repair_return_guarded_repair,incumbent_cvar_relaxed_source_lp,141017853,127582382,1000.0,1000.0,-160.86500878453754,-205.52183833714096,44.656829552603426,1936.8420342052718,842500.0,True,True,0.00010816869840624133,0.8991097922848664,0,,,61429.24627663326,96270.1384850551,True,True,post_v187_one_drop_one_add_whole_loan_swap,post-v187 one-swap pricing only; not multi-swap or global proof,E,D,2,2,4,3,0,0,2018,2018,VA,CA
v63_source_repair_return_guarded_repair,incumbent_cvar_relaxed_source_lp,141017853,126827839,1000.0,1000.0,-160.86500878453754,-175.77898463113021,14.913975846592677,1907.099180499261,842500.0,True,True,0.00010816869840624133,0.8991097922848664,0,,,61411.01990803069,96238.78185664713,True,True,post_v187_one_drop_one_add_whole_loan_swap,post-v187 one-swap pricing only; not multi-swap or global proof,E,E,2,2,4,0,0,4,2018,2018,VA,other
v63_source_repair_return_guarded_repair,incumbent_cvar_relaxed_source_lp,141017853,126820122,1000.0,1000.0,-160.86500878453754,-201.89545162414464,41.030442839607105,1933.2156474922754,842500.0,True,True,0.00010816869840624133,0.8991097922848664,0,,,61472.54077281403,96332.20192320319,True,True,post_v187_one_drop_one_add_whole_loan_swap,post-v187 one-swap pricing only; not multi-swap or global proof,E,C,2,1,4,0,0,1,2018,2018,VA,other
v63_source_repair_return_guarded_repair,incumbent_cvar_relaxed_source_lp,141017853,126733849,1000.0,1000.0,-160.86500878453754,-186.9469746106631,26.081965826125554,1918.2671704787938,842500.0,True,True,0.00010816869840624133,0.8979228486646884,0,,,61544.230226800646,96424.94275644717,True,True,post_v187_one_drop_one_add_whole_loan_swap,post-v187 one-swap pricing only; not multi-swap or global proof,E,B,2,0,4,4,0,3,2018,2018,VA,NJ
v63_source_repair_return_guarded_repair,incumbent_cvar_relaxed_source_lp,141017853,126468092,1000.0,1000.0,-160.86500878453754,-169.50590883596908,8.640900051431544,1900.8261047040999,842500.0,True,True,0.00010816869840624133,0.8979228486646884,0,,,61567.134449358025,96456.17615841987,True,True,post_v187_one_drop_one_add_whole_loan_swap,post-v187 one-swap pricing only; not multi-swap or global proof,E,B,2,0,4,1,0,2,2018,2018,VA,other
v63_source_repair_return_guarded_repair,incumbent_cvar_relaxed_source_lp,141017853,126419064,1000.0,1000.0,-160.86500878453754,-198.85427993768698,37.989271153149446,1930.1744758058178,842500.0,True,True,0.00010816869840624133,0.8991097922848664,0,,,61445.93424938366,96289.53351714252,True,True,post_v187_one_drop_one_add_whole_loan_swap,post-v187 one-swap pricing only; not multi-swap or global proof,E,D,2,2,4,4,0,1,2018,2018,VA,other
v63_source_repair_return_guarded_repair,incumbent_cvar_relaxed_source_lp,141017853,168701788,1000.0,1000.0,-160.86500878453754,-178.5860397151734,17.721030930635862,1909.9062355833041,842500.0,True,True,0.00010816869840624133,0.8991097922848664,0,,,61464.809411067865,96299.23124315961,True,True,post_v187_one_drop_one_add_whole_loan_swap,post-v187 one-swap pricing only; not multi-swap or global proof,E,C,2,1,4,3,0,1,2018,2020,VA,TX
v63_source_repair_return_guarded_repair,incumbent_cvar_relaxed_source_lp,141017853,169358871,1000.0,1000.0,-160.86500878453754,-177.86634212741987,17.001333342882333,1909.1865379955507,842500.0,True,True,0.00010816869840624133,0.8991097922848664,0,,,61474.5804284006,96286.80620811976,True,True,post_v187_one_drop_one_add_whole_loan_swap,post-v187 one-swap pricing only; not multi-swap or global proof,E,C,2,1,4,3,0,0,2018,2020,VA,VA
v63_source_repair_return_guarded_repair,incumbent_cvar_relaxed_source_lp,141017853,139506195,1000.0,1000.0,-160.86500878453754,-177.67809625327766,16.81308746874012,1908.9982921214084,842500.0,True,True,0.00010816869840624133,0.8991097922848664,0,,,61448.74574834919,96233.0245829993,True,True,post_v187_one_drop_one_add_whole_loan_swap,post-v187 one-swap pricing only; not multi-swap or global proof,E,D,2,2,4,2,0,0,2018,2018,VA,CA
v63_source_repair_return_guarded_repair,incumbent_cvar_relaxed_source_lp,141017853,156823754,1000.0,1000.0,-160.86500878453754,-183.46022770133698,22.59521891679944,1914.7804235694678,842500.0,True,True,0.00010816869840624133,0.8991097922848664,0,,,61446.34752924978,96212.11981961866,True,True,post_v187_one_drop_one_add_whole_loan_swap,post-v187 one-swap pricing only; not multi-swap or global proof,E,D,2,2,4,3,0,1,2018,2019,VA,CA
v63_source_repair_return_guarded_repair,incumbent_cvar_relaxed_source_lp,141017853,156807668,1000.0,1000.0,-160.86500878453754,-175.85010442413147,14.985095639593936,1907.1703002922623,842500.0,True,True,0.00010816869840624133,0.8991097922848664,0,,,61473.78102360849,96240.39617999634,True,True,post_v187_one_drop_one_add_whole_loan_swap,post-v187 one-swap pricing only; not multi-swap or global proof,E,D,2,2,4,0,0,0,2018,2019,VA,TX
v63_source_repair_return_guarded_repair,incumbent_cvar_relaxed_source_lp,140861718,127874931,1000.0,1000.0,-168.7891671871381,-186.9469746106631,18.157807423524986,1910.3430120761932,842500.0,True,True,0.00010816869840624133,0.8979228486646884,0,,,61487.918315257135,96339.4963949339,True,True,post_v187_one_drop_one_add_whole_loan_swap,post-v187 one-swap pricing only; not multi-swap or global proof,D,B,1,0,3,0,4,0,2018,2018,MD,MN
v63_source_repair_return_guarded_repair,incumbent_cvar_relaxed_source_lp,140861718,127672145,1000.0,1000.0,-168.7891671871381,-196.20083323856994,27.411666051431837,1919.5968707041002,842500.0,True,True,0.00010816869840624133,0.8991097922848664,0,,,61456.81090023245,96295.12607604863,True,True,post_v187_one_drop_one_add_whole_loan_swap,post-v187 one-swap pricing only; not multi-swap or global proof,D,C,1,1,3,0,4,2,2018,2018,MD,other
v63_source_repair_return_guarded_repair,incumbent_cvar_relaxed_source_lp,140861718,127582382,1000.0,1000.0,-168.7891671871381,-205.52183833714096,36.73267115000286,1928.9178758026712,842500.0,True,True,0.00010816869840624133,0.8991097922848664,0,,,61372.934365089764,96184.69212354183,True,True,post_v187_one_drop_one_add_whole_loan_swap,post-v187 one-swap pricing only; not multi-swap or global proof,D,D,1,2,3,3,4,0,2018,2018,MD,CA
v63_source_repair_return_guarded_repair,incumbent_cvar_relaxed_source_lp,140861718,126827839,1000.0,1000.0,-168.7891671871381,-175.77898463113021,6.989817443992109,1899.1750220966603,842500.0,True,True,0.00010816869840624133,0.8991097922848664,0,,,61354.7079964872,96153.33549513386,True,True,post_v187_one_drop_one_add_whole_loan_swap,post-v187 one-swap pricing only; not multi-swap or global proof,D,E,1,2,3,0,4,4,2018,2018,MD,other
v63_source_repair_return_guarded_repair,incumbent_cvar_relaxed_source_lp,140861718,126820122,1000.0,1000.0,-168.7891671871381,-201.89545162414464,33.106284437006536,1925.2914890896748,842500.0,True,True,0.00010816869840624133,0.8991097922848664,0,,,61416.22886127053,96246.75556168993,True,True,post_v187_one_drop_one_add_whole_loan_swap,post-v187 one-swap pricing only; not multi-swap or global proof,D,C,1,1,3,0,4,1,2018,2018,MD,other
v63_source_repair_return_guarded_repair,incumbent_cvar_relaxed_source_lp,140861718,126733849,1000.0,1000.0,-168.7891671871381,-186.9469746106631,18.157807423524986,1910.3430120761932,842500.0,True,True,0.00010816869840624133,0.8979228486646884,0,,,61487.918315257135,96339.4963949339,True,True,post_v187_one_drop_one_add_whole_loan_swap,post-v187 one-swap pricing only; not multi-swap or global proof,D,B,1,0,3,4,4,3,2018,2018,MD,NJ
v63_source_repair_return_guarded_repair,incumbent_cvar_relaxed_source_lp,140861718,126468092,1000.0,1000.0,-168.7891671871381,-169.50590883596908,0.7167416488309755,1892.9019463014993,842500.0,True,True,0.00010816869840624133,0.8979228486646884,0,,,61510.82253781453,96370.72979690663,True,True,post_v187_one_drop_one_add_whole_loan_swap,post-v187 one-swap pricing only; not multi-swap or global proof,D,B,1,0,3,1,4,2,2018,2018,MD,other
v63_source_repair_return_guarded_repair,incumbent_cvar_relaxed_source_lp,140861718,126419064,1000.0,1000.0,-168.7891671871381,-198.85427993768698,30.065112750548877,1922.2503174032172,842500.0,True,True,0.00010816869840624133,0.8991097922848664,0,,,61389.62233784017,96204.08715562927,True,True,post_v187_one_drop_one_add_whole_loan_swap,post-v187 one-swap pricing only; not multi-swap or global proof,D,D,1,2,3,4,4,1,2018,2018,MD,other
v63_source_repair_return_guarded_repair,incumbent_cvar_relaxed_source_lp,140861718,168701788,1000.0,1000.0,-168.7891671871381,-178.5860397151734,9.796872528035294,1901.9820771807035,842500.0,True,True,0.00010816869840624133,0.8991097922848664,0,,,61408.49749952436,96213.78488164635,True,True,post_v187_one_drop_one_add_whole_loan_swap,post-v187 one-swap pricing only; not multi-swap or global proof,D,C,1,1,3,3,4,1,2018,2020,MD,TX
v63_source_repair_return_guarded_repair,incumbent_cvar_relaxed_source_lp,140861718,169358871,1000.0,1000.0,-168.7891671871381,-177.86634212741987,9.077174940281765,1901.26237959295,842500.0,True,True,0.00010816869840624133,0.8991097922848664,0,,,61418.268516857104,96201.35984660649,True,True,post_v187_one_drop_one_add_whole_loan_swap,post-v187 one-swap pricing only; not multi-swap or global proof,D,C,1,1,3,3,4,0,2018,2020,MD,VA
v63_source_repair_return_guarded_repair,incumbent_cvar_relaxed_source_lp,140861718,139506195,1000.0,1000.0,-168.7891671871381,-177.67809625327766,8.888929066139553,1901.0741337188078,842500.0,True,True,0.00010816869840624133,0.8991097922848664,0,,,61392.43383680569,96147.57822148605,True,True,post_v187_one_drop_one_add_whole_loan_swap,post-v187 one-swap pricing only; not multi-swap or global proof,D,D,1,2,3,2,4,0,2018,2018,MD,CA
v63_source_repair_return_guarded_repair,incumbent_cvar_relaxed_source_lp,140861718,156823754,1000.0,1000.0,-168.7891671871381,-183.46022770133698,14.67106051419887,1906.8562651668672,842500.0,True,True,0.00010816869840624133,0.8991097922848664,0,,,61390.03561770628,96126.67345810539,True,True,post_v187_one_drop_one_add_whole_loan_swap,post-v187 one-swap pricing only; not multi-swap or global proof,D,D,1,2,3,3,4,1,2018,2019,MD,CA
v63_source_repair_return_guarded_repair,incumbent_cvar_relaxed_source_lp,140861718,156807668,1000.0,1000.0,-168.7891671871381,-175.85010442413147,7.060937236993368,1899.2461418896617,842500.0,True,True,0.00010816869840624133,0.8991097922848664,0,,,61417.469112064995,96154.94981848307,True,True,post_v187_one_drop_one_add_whole_loan_swap,post-v187 one-swap pricing only; not multi-swap or global proof,D,D,1,2,3,0,4,0,2018,2019,MD,TX
v63_source_repair_return_guarded_repair,incumbent_cvar_relaxed_source_lp,140883098,127672145,1000.0,1000.0,-194.91316089378816,-196.20083323856994,1.2876723447817824,1893.4728769974502,842500.0,True,True,0.00010816869840624133,0.8991097922848664,0,,,61567.485910503194,96436.73192859621,True,True,post_v187_one_drop_one_add_whole_loan_swap,post-v187 one-swap pricing only; not multi-swap or global proof,E,C,3,1,1,0,1,2,2018,2018,NY,other
v63_source_repair_return_guarded_repair,incumbent_cvar_relaxed_source_lp,140883098,127582382,1000.0,1000.0,-194.91316089378816,-205.52183833714096,10.608677443352803,1902.7938820960212,842500.0,True,True,0.00010816869840624133,0.8991097922848664,0,,,61483.609375360495,96326.29797608941,True,True,post_v187_one_drop_one_add_whole_loan_swap,post-v187 one-swap pricing only; not multi-swap or global proof,E,D,3,2,1,3,1,0,2018,2018,NY,CA
v63_source_repair_return_guarded_repair,incumbent_cvar_relaxed_source_lp,140883098,126820122,1000.0,1000.0,-194.91316089378816,-201.89545162414464,6.982290730356482,1899.1674953830247,842500.0,True,True,0.00010816869840624133,0.8991097922848664,0,,,61526.90387154127,96388.3614142375,True,True,post_v187_one_drop_one_add_whole_loan_swap,post-v187 one-swap pricing only; not multi-swap or global proof,E,C,3,1,1,0,1,1,2018,2018,NY,other
v63_source_repair_return_guarded_repair,incumbent_cvar_relaxed_source_lp,140883098,126419064,1000.0,1000.0,-194.91316089378816,-198.85427993768698,3.941119043898823,1896.1263236965672,842500.0,True,True,0.00010816869840624133,0.8991097922848664,0,,,61500.29734811091,96345.69300817685,True,True,post_v187_one_drop_one_add_whole_loan_swap,post-v187 one-swap pricing only; not multi-swap or global proof,E,D,3,2,1,4,1,1,2018,2018,NY,other
v63_source_repair_return_guarded_repair,incumbent_cvar_relaxed_source_lp,140667974,127874931,1000.0,1000.0,-184.8636831759767,-186.9469746106631,2.0832914346864015,1894.2684960873546,842500.0,True,True,0.00010816869840624133,0.8991097922848664,0,,,61429.445853363286,96241.71935004348,True,True,post_v187_one_drop_one_add_whole_loan_swap,post-v187 one-swap pricing only; not multi-swap or global proof,B,B,0,0,2,0,0,0,2018,2018,VA,MN
v63_source_repair_return_guarded_repair,incumbent_cvar_relaxed_source_lp,140667974,126733849,1000.0,1000.0,-184.8636831759767,-186.9469746106631,2.0832914346864015,1894.2684960873546,842500.0,True,True,0.00010816869840624133,0.8991097922848664,0,,,61429.445853363286,96241.71935004348,True,True,post_v187_one_drop_one_add_whole_loan_swap,post-v187 one-swap pricing only; not multi-swap or global proof,B,B,0,0,2,4,0,3,2018,2018,VA,NJ
v63_source_repair_return_guarded_repair,incumbent_cvar_relaxed_source_lp,140618260,148096150,1350.0,1000.0,28.18626728050513,27.38487574759364,0.8013915329114916,1892.9865961855799,842850.0,True,True,4.713689818203193e-05,0.8991516877261672,0,,,61454.52069936037,96234.08152013467,True,True,post_v187_one_drop_one_add_whole_loan_swap,post-v187 one-swap pricing only; not multi-swap or global proof,A,A,0,0,4,4,0,0,2018,2019,VA,MA
v63_source_repair_return_guarded_repair,incumbent_cvar_relaxed_source_lp,140630350,168803640,2000.0,1500.0,-24.210760155487975,-30.498264963412808,6.287504807924833,1898.472709460593,843000.0,True,True,2.099592630155911e-05,0.8985765124555161,0,,,61436.16491156784,96213.83136111111,True,True,post_v187_one_drop_one_add_whole_loan_swap,post-v187 one-swap pricing only; not multi-swap or global proof,A,A,1,1,3,3,0,3,2018,2020,CA,IL
v63_source_repair_return_guarded_repair,incumbent_cvar_relaxed_source_lp,140622640,127582382,1000.0,1000.0,-199.31788556666945,-205.52183833714096,6.203952770471517,1898.3891574231397,842500.0,True,True,0.00010816869840624133,0.8991097922848664,0,,,61335.324132362344,96108.36440359303,True,True,post_v187_one_drop_one_add_whole_loan_swap,post-v187 one-swap pricing only; not multi-swap or global proof,B,D,1,2,2,3,2,0,2018,2018,NJ,CA
v63_source_repair_return_guarded_repair,incumbent_cvar_relaxed_source_lp,140622640,126820122,1000.0,1000.0,-199.31788556666945,-201.89545162414464,2.5775660574751953,1894.7627707101435,842500.0,True,True,0.00010816869840624133,0.8991097922848664,0,,,61378.61862854312,96170.42784174114,True,True,post_v187_one_drop_one_add_whole_loan_swap,post-v187 one-swap pricing only; not multi-swap or global proof,B,C,1,1,2,0,2,1,2018,2018,NJ,other
v63_source_repair_return_guarded_repair,incumbent_cvar_relaxed_source_lp,140352540,127695160,1500.0,1500.0,-225.35267892941064,-235.90029594541494,10.547617016004295,1902.7328216686726,842500.0,True,True,0.00010816869840624133,0.8991097922848664,0,,,61430.02822040637,96268.81475375975,True,True,post_v187_one_drop_one_add_whole_loan_swap,post-v187 one-swap pricing only; not multi-swap or global proof,B,B,0,0,0,2,1,1,2018,2018,NY,TX
v63_source_repair_return_guarded_repair,incumbent_cvar_relaxed_source_lp,140352540,126760355,1500.0,1500.0,-225.35267892941064,-250.40002765814089,25.047348728730242,1917.2325533813985,842500.0,True,True,0.00010816869840624133,0.8991097922848664,0,,,61430.23352892998,96269.1031598597,True,True,post_v187_one_drop_one_add_whole_loan_swap,post-v187 one-swap pricing only; not multi-swap or global proof,B,B,0,0,0,1,1,0,2018,2018,NY,IL
v63_source_repair_return_guarded_repair,incumbent_cvar_relaxed_source_lp,140352540,126430923,1500.0,1500.0,-225.35267892941064,-243.25029594541493,17.89761701600429,1910.0828216686725,842500.0,True,True,0.00010816869840624133,0.8991097922848664,0,,,61430.02822040637,96268.81475375975,True,True,post_v187_one_drop_one_add_whole_loan_swap,post-v187 one-swap pricing only; not multi-swap or global proof,B,B,0,0,0,3,1,0,2018,2018,NY,other
v63_source_repair_return_guarded_repair,incumbent_cvar_relaxed_source_lp,140230494,127874931,1125.0,1000.0,-165.35979237983094,-186.9469746106631,21.587182230832155,1913.7723868835005,842625.0,True,True,0.00023471174932332417,0.8977896454531968,0,,,61539.41868586883,96418.85202874566,True,True,post_v187_one_drop_one_add_whole_loan_swap,post-v187 one-swap pricing only; not multi-swap or global proof,D,B,1,0,1,0,1,0,2018,2018,other,MN
v63_source_repair_return_guarded_repair,incumbent_cvar_relaxed_source_lp,140230494,127672145,1125.0,1000.0,-165.35979237983094,-196.20083323856994,30.841040858739007,1923.0262455114073,842625.0,True,True,0.00023471174932332417,0.8989764129951046,0,,,61508.31127084415,96374.48170986041,True,True,post_v187_one_drop_one_add_whole_loan_swap,post-v187 one-swap pricing only; not multi-swap or global proof,D,C,1,1,1,0,1,2,2018,2018,other,other
v63_source_repair_return_guarded_repair,incumbent_cvar_relaxed_source_lp,140230494,127582382,1125.0,1000.0,-165.35979237983094,-205.52183833714096,40.16204595731003,1932.3472506099783,842625.0,True,True,0.00023471174932332417,0.8989764129951046,0,,,61424.43473570145,96264.0477573536,True,True,post_v187_one_drop_one_add_whole_loan_swap,post-v187 one-swap pricing only; not multi-swap or global proof,D,D,1,2,1,3,1,0,2018,2018,other,CA
v63_source_repair_return_guarded_repair,incumbent_cvar_relaxed_source_lp,140230494,126827839,1125.0,1000.0,-165.35979237983094,-175.77898463113021,10.419192251299279,1902.6043969039677,842625.0,True,True,0.00023471174932332417,0.8989764129951046,0,,,61406.208367098894,96232.69112894565,True,True,post_v187_one_drop_one_add_whole_loan_swap,post-v187 one-swap pricing only; not multi-swap or global proof,D,E,1,2,1,0,1,4,2018,2018,other,other
v63_source_repair_return_guarded_repair,incumbent_cvar_relaxed_source_lp,140230494,126820122,1125.0,1000.0,-165.35979237983094,-201.89545162414464,36.535659244313706,1928.7208638969819,842625.0,True,True,0.00023471174932332417,0.8989764129951046,0,,,61467.72923188222,96326.1111955017,True,True,post_v187_one_drop_one_add_whole_loan_swap,post-v187 one-swap pricing only; not multi-swap or global proof,D,C,1,1,1,0,1,1,2018,2018,other,other
v63_source_repair_return_guarded_repair,incumbent_cvar_relaxed_source_lp,140230494,126733849,1125.0,1000.0,-165.35979237983094,-186.9469746106631,21.587182230832155,1913.7723868835005,842625.0,True,True,0.00023471174932332417,0.8977896454531968,0,,,61539.41868586883,96418.85202874566,True,True,post_v187_one_drop_one_add_whole_loan_swap,post-v187 one-swap pricing only; not multi-swap or global proof,D,B,1,0,1,4,1,3,2018,2018,other,NJ
v63_source_repair_return_guarded_repair,incumbent_cvar_relaxed_source_lp,140230494,126483031,1125.0,1200.0,-165.35979237983094,-200.480236756332,35.12044437650107,1927.3056490291694,842425.0,True,True,3.222484231535372e-05,0.8977653797073923,0,,,61518.43426152931,96388.433078144,True,True,post_v187_one_drop_one_add_whole_loan_swap,post-v187 one-swap pricing only; not multi-swap or global proof,D,B,1,0,1,2,1,0,2018,2018,other,FL
v63_source_repair_return_guarded_repair,incumbent_cvar_relaxed_source_lp,140230494,126468092,1125.0,1000.0,-165.35979237983094,-169.50590883596908,4.146116456138145,1896.3313211088064,842625.0,True,True,0.00023471174932332417,0.8977896454531968,0,,,61562.32290842622,96450.0854307184,True,True,post_v187_one_drop_one_add_whole_loan_swap,post-v187 one-swap pricing only; not multi-swap or global proof,D,B,1,0,1,1,1,2,2018,2018,other,other
v63_source_repair_return_guarded_repair,incumbent_cvar_relaxed_source_lp,140230494,126419064,1125.0,1000.0,-165.35979237983094,-198.85427993768698,33.49448755785605,1925.6796922105243,842625.0,True,True,0.00023471174932332417,0.8989764129951046,0,,,61441.12270845186,96283.44278944105,True,True,post_v187_one_drop_one_add_whole_loan_swap,post-v187 one-swap pricing only; not multi-swap or global proof,D,D,1,2,1,4,1,1,2018,2018,other,other
v63_source_repair_return_guarded_repair,incumbent_cvar_relaxed_source_lp,140230494,165985906,1125.0,1200.0,-165.35979237983094,-203.72482836822385,38.36503598839292,1930.5502406410612,842425.0,True,True,3.222484231535372e-05,0.8991898388580586,0,,,61424.10645841807,96218.07317314389,True,True,post_v187_one_drop_one_add_whole_loan_swap,post-v187 one-swap pricing only; not multi-swap or global proof,D,C,1,1,1,3,1,4,2018,2020,other,VA
v63_source_repair_return_guarded_repair,incumbent_cvar_relaxed_source_lp,140230494,168701788,1125.0,1000.0,-165.35979237983094,-178.5860397151734,13.226247335342464,1905.4114519880109,842625.0,True,True,0.00023471174932332417,0.8989764129951046,0,,,61459.99787013606,96293.1405154581,True,True,post_v187_one_drop_one_add_whole_loan_swap,post-v187 one-swap pricing only; not multi-swap or global proof,D,C,1,1,1,3,1,1,2018,2020,other,TX
v63_source_repair_return_guarded_repair,incumbent_cvar_relaxed_source_lp,140230494,169358871,1125.0,1000.0,-165.35979237983094,-177.86634212741987,12.506549747588934,1904.6917544002572,842625.0,True,True,0.00023471174932332417,0.8989764129951046,0,,,61469.7688874688,96280.71548041826,True,True,post_v187_one_drop_one_add_whole_loan_swap,post-v187 one-swap pricing only; not multi-swap or global proof,D,C,1,1,1,3,1,0,2018,2020,other,VA
v63_source_repair_return_guarded_repair,incumbent_cvar_relaxed_source_lp,140230494,139506195,1125.0,1000.0,-165.35979237983094,-177.67809625327766,12.318303873446723,1904.503508526115,842625.0,True,True,0.00023471174932332417,0.8989764129951046,0,,,61443.93420741739,96226.93385529782,True,True,post_v187_one_drop_one_add_whole_loan_swap,post-v187 one-swap pricing only; not multi-swap or global proof,D,D,1,2,1,2,1,0,2018,2018,other,CA
v63_source_repair_return_guarded_repair,incumbent_cvar_relaxed_source_lp,140230494,156823754,1125.0,1000.0,-165.35979237983094,-183.46022770133698,18.10043532150604,1910.2856399741743,842625.0,True,True,0.00023471174932332417,0.8989764129951046,0,,,61441.53598831798,96206.02909191715,True,True,post_v187_one_drop_one_add_whole_loan_swap,post-v187 one-swap pricing only; not multi-swap or global proof,D,D,1,2,1,3,1,1,2018,2019,other,CA
v63_source_repair_return_guarded_repair,incumbent_cvar_relaxed_source_lp,140230494,156807668,1125.0,1000.0,-165.35979237983094,-175.85010442413147,10.490312044300538,1902.6755166969688,842625.0,True,True,0.00023471174932332417,0.8989764129951046,0,,,61468.96948267668,96234.30545229482,True,True,post_v187_one_drop_one_add_whole_loan_swap,post-v187 one-swap pricing only; not multi-swap or global proof,D,D,1,2,1,0,1,0,2018,2019,other,TX
v63_source_repair_return_guarded_repair,incumbent_cvar_relaxed_source_lp,140230494,160806330,1125.0,1200.0,-165.35979237983094,-210.10403328668124,44.74424090685031,1936.9294455595186,842425.0,True,True,3.222484231535372e-05,0.8991898388580586,0,,,61374.669169470886,96089.44946243838,True,True,post_v187_one_drop_one_add_whole_loan_swap,post-v187 one-swap pricing only; not multi-swap or global proof,D,D,1,2,1,2,1,2,2018,2019,other,FL
v63_source_repair_return_guarded_repair,incumbent_cvar_relaxed_source_lp,140230494,151432552,1125.0,1200.0,-165.35979237983094,-171.5945292328878,6.234736853056859,1898.419941505725,842425.0,True,True,3.222484231535372e-05,0.8991898388580586,0,,,61313.006891992365,96068.20675190863,True,True,post_v187_one_drop_one_add_whole_loan_swap,post-v187 one-swap pricing only; not multi-swap or global proof,D,D,1,2,1,3,1,3,2018,2019,other,other
v63_source_repair_return_guarded_repair,incumbent_cvar_relaxed_source_lp,139850247,168803640,2000.0,1500.0,-24.210760155487975,-30.498264963412808,6.287504807924833,1898.472709460593,843000.0,True,True,2.099592630155911e-05,0.8985765124555161,0,,,61436.16491156784,96213.83136111111,True,True,post_v187_one_drop_one_add_whole_loan_swap,post-v187 one-swap pricing only; not multi-swap or global proof,A,A,1,1,3,3,3,3,2018,2020,NY,IL
v63_source_repair_return_guarded_repair,incumbent_cvar_relaxed_source_lp,140155571,127874931,1200.0,1000.0,-161.29557436875157,-186.9469746106631,25.651400241911517,1917.8366048945798,842700.0,True,True,0.000310619560215053,0.8991337367983862,0,,,61461.635089793665,96304.22122218924,True,True,post_v187_one_drop_one_add_whole_loan_swap,post-v187 one-swap pricing only; not multi-swap or global proof,C,B,0,0,1,0,0,0,2018,2018,MN,MN
v63_source_repair_return_guarded_repair,incumbent_cvar_relaxed_source_lp,140155571,126733849,1200.0,1000.0,-161.29557436875157,-186.9469746106631,25.651400241911517,1917.8366048945798,842700.0,True,True,0.000310619560215053,0.8991337367983862,0,,,61461.635089793665,96304.22122218924,True,True,post_v187_one_drop_one_add_whole_loan_swap,post-v187 one-swap pricing only; not multi-swap or global proof,C,B,0,0,1,4,0,3,2018,2018,MN,NJ
v63_source_repair_return_guarded_repair,incumbent_cvar_relaxed_source_lp,140155571,126483031,1200.0,1200.0,-161.29557436875157,-200.480236756332,39.18466238758043,1931.3698670402487,842500.0,True,True,0.00010816869840624133,0.8991097922848664,0,,,61440.650665454144,96273.80227158754,True,True,post_v187_one_drop_one_add_whole_loan_swap,post-v187 one-swap pricing only; not multi-swap or global proof,C,B,0,0,1,2,0,0,2018,2018,MN,FL
v63_source_repair_return_guarded_repair,incumbent_cvar_relaxed_source_lp,140155571,126468092,1200.0,1000.0,-161.29557436875157,-169.50590883596908,8.210334467217507,1900.3955391198858,842700.0,True,True,0.000310619560215053,0.8991337367983862,0,,,61484.53931235106,96335.45462416195,True,True,post_v187_one_drop_one_add_whole_loan_swap,post-v187 one-swap pricing only; not multi-swap or global proof,C,B,0,0,1,1,0,2,2018,2018,MN,other
v63_source_repair_return_guarded_repair,incumbent_cvar_relaxed_source_lp,138217359,127392982,2400.0,2500.0,-386.07602108289,-393.1671599090251,7.091138826135079,1899.2763434788035,842400.0,True,True,6.907218559226713e-06,0.8962488129154795,0,,,61749.72373866693,96808.57618008417,True,True,post_v187_one_drop_one_add_whole_loan_swap,post-v187 one-swap pricing only; not multi-swap or global proof,E,B,2,0,4,1,0,3,2018,2018,NV,CA
v63_source_repair_return_guarded_repair,incumbent_cvar_relaxed_source_lp,140059131,127874931,1000.0,1000.0,-181.82638557373122,-186.9469746106631,5.120589036931875,1897.3057936896003,842500.0,True,True,0.00010816869840624133,0.8979228486646884,0,,,61457.096757897,96287.57398986221,True,True,post_v187_one_drop_one_add_whole_loan_swap,post-v187 one-swap pricing only; not multi-swap or global proof,C,B,1,0,1,0,0,0,2018,2018,CA,MN
v63_source_repair_return_guarded_repair,incumbent_cvar_relaxed_source_lp,140059131,127672145,1000.0,1000.0,-181.82638557373122,-196.20083323856994,14.374447664838726,1906.559652317507,842500.0,True,True,0.00010816869840624133,0.8991097922848664,0,,,61425.989342872315,96243.20367097695,True,True,post_v187_one_drop_one_add_whole_loan_swap,post-v187 one-swap pricing only; not multi-swap or global proof,C,C,1,1,1,0,0,2,2018,2018,CA,other
v63_source_repair_return_guarded_repair,incumbent_cvar_relaxed_source_lp,140059131,127582382,1000.0,1000.0,-181.82638557373122,-205.52183833714096,23.695452763409747,1915.880657416078,842500.0,True,True,0.00010816869840624133,0.8991097922848664,0,,,61342.112807729616,96132.76971847015,True,True,post_v187_one_drop_one_add_whole_loan_swap,post-v187 one-swap pricing only; not multi-swap or global proof,C,D,1,2,1,3,0,0,2018,2018,CA,CA
v63_source_repair_return_guarded_repair,incumbent_cvar_relaxed_source_lp,140059131,126820122,1000.0,1000.0,-181.82638557373122,-201.89545162414464,20.069066050413426,1912.2542707030816,842500.0,True,True,0.00010816869840624133,0.8991097922848664,0,,,61385.4073039104,96194.83315661826,True,True,post_v187_one_drop_one_add_whole_loan_swap,post-v187 one-swap pricing only; not multi-swap or global proof,C,C,1,1,1,0,0,1,2018,2018,CA,other
v63_source_repair_return_guarded_repair,incumbent_cvar_relaxed_source_lp,140059131,126733849,1000.0,1000.0,-181.82638557373122,-186.9469746106631,5.120589036931875,1897.3057936896003,842500.0,True,True,0.00010816869840624133,0.8979228486646884,0,,,61457.096757897,96287.57398986221,True,True,post_v187_one_drop_one_add_whole_loan_swap,post-v187 one-swap pricing only; not multi-swap or global proof,C,B,1,0,1,4,0,3,2018,2018,CA,NJ
v63_source_repair_return_guarded_repair,incumbent_cvar_relaxed_source_lp,140059131,126419064,1000.0,1000.0,-181.82638557373122,-198.85427993768698,17.027894363955767,1909.213099016624,842500.0,True,True,0.00010816869840624133,0.8991097922848664,0,,,61358.80078048003,96152.1647505576,True,True,post_v187_one_drop_one_add_whole_loan_swap,post-v187 one-swap pricing only; not multi-swap or global proof,C,D,1,2,1,4,0,1,2018,2018,CA,other
v63_source_repair_return_guarded_repair,incumbent_cvar_relaxed_source_lp,140059131,156823754,1000.0,1000.0,-181.82638557373122,-183.46022770133698,1.6338421276057602,1893.819046780274,842500.0,True,True,0.00010816869840624133,0.8991097922848664,0,,,61359.214060346145,96074.7510530337,True,True,post_v187_one_drop_one_add_whole_loan_swap,post-v187 one-swap pricing only; not multi-swap or global proof,C,D,1,2,1,3,0,1,2018,2019,CA,CA
v63_source_repair_return_guarded_repair,incumbent_cvar_relaxed_source_lp,139046920,127874931,1000.0,1000.0,-160.03511928627375,-186.9469746106631,26.911855324389336,1919.0970599770576,842500.0,True,True,0.00010816869840624133,0.8991097922848664,0,,,61400.007446289994,96203.00306272416,True,True,post_v187_one_drop_one_add_whole_loan_swap,post-v187 one-swap pricing only; not multi-swap or global proof,B,B,0,0,0,0,0,0,2018,2018,other,MN
v63_source_repair_return_guarded_repair,incumbent_cvar_relaxed_source_lp,139046920,126733849,1000.0,1000.0,-160.03511928627375,-186.9469746106631,26.911855324389336,1919.0970599770576,842500.0,True,True,0.00010816869840624133,0.8991097922848664,0,,,61400.007446289994,96203.00306272416,True,True,post_v187_one_drop_one_add_whole_loan_swap,post-v187 one-swap pricing only; not multi-swap or global proof,B,B,0,0,0,4,0,3,2018,2018,other,NJ
v63_source_repair_return_guarded_repair,incumbent_cvar_relaxed_source_lp,139046920,126468092,1000.0,1000.0,-160.03511928627375,-169.50590883596908,9.470789549695326,1901.6559942023637,842500.0,True,True,0.00010816869840624133,0.8991097922848664,0,,,61422.91166884739,96234.23646469688,True,True,post_v187_one_drop_one_add_whole_loan_swap,post-v187 one-swap pricing only; not multi-swap or global proof,B,B,0,0,0,1,0,2,2018,2018,other,other
v63_source_repair_return_guarded_repair,incumbent_cvar_relaxed_source_lp,139708433,152268188,2000.0,1500.0,41.75743300815578,39.51005205920334,2.24738094895244,1894.4325856016208,843000.0,True,True,2.099592630155911e-05,0.8991696322657177,0,,,61463.42018787461,96247.7917470632,True,True,post_v187_one_drop_one_add_whole_loan_swap,post-v187 one-swap pricing only; not multi-swap or global proof,A,A,0,0,1,2,0,1,2018,2019,OH,other
v63_source_repair_return_guarded_repair,incumbent_cvar_relaxed_source_lp,139684635,168678809,1500.0,1000.0,-18.158070116616003,-25.935876492202276,7.777806375586273,1899.9630110282546,843000.0,True,True,2.099592630155911e-05,0.8985765124555161,0,,,61461.27651216336,96250.45602769853,True,True,post_v187_one_drop_one_add_whole_loan_swap,post-v187 one-swap pricing only; not multi-swap or global proof,A,A,1,1,0,1,0,0,2018,2020,MA,IN
v63_source_repair_return_guarded_repair,incumbent_cvar_relaxed_source_lp,139684635,168803640,1500.0,1500.0,-18.158070116616003,-30.498264963412808,12.340194846796805,1904.525399499465,842500.0,True,True,0.00010816869840624133,0.8991097922848664,0,,,61391.97965374771,96142.89267122016,True,True,post_v187_one_drop_one_add_whole_loan_swap,post-v187 one-swap pricing only; not multi-swap or global proof,A,A,1,1,0,3,0,3,2018,2020,MA,IL
v63_source_repair_return_guarded_repair,incumbent_cvar_relaxed_source_lp,139684635,170390171,1500.0,1000.0,-18.158070116616003,-23.632377345499286,5.4743072288832835,1897.6595118815517,843000.0,True,True,2.099592630155911e-05,0.8985765124555161,0,,,61457.8710226218,96243.52322751343,True,True,post_v187_one_drop_one_add_whole_loan_swap,post-v187 one-swap pricing only; not multi-swap or global proof,A,A,1,1,0,0,0,0,2018,2020,MA,other
v63_source_repair_return_guarded_repair,incumbent_cvar_relaxed_source_lp,139684635,169450190,1500.0,1000.0,-18.158070116616003,-22.58050328415853,4.422433167542529,1896.6076378202108,843000.0,True,True,2.099592630155911e-05,0.8985765124555161,0,,,61440.55629813326,96208.51519418765,True,True,post_v187_one_drop_one_add_whole_loan_swap,post-v187 one-swap pricing only; not multi-swap or global proof,A,A,1,1,0,0,0,0,2018,2020,MA,AZ
v63_source_repair_return_guarded_repair,incumbent_cvar_relaxed_source_lp,139540494,160039313,1750.0,1200.0,36.53775388213632,33.84784116416046,2.689912717975865,1894.8751173706441,843050.0,True,True,1.2284336182610822e-05,0.8991756123598837,0,,,61443.496219357505,96210.31467388777,True,True,post_v187_one_drop_one_add_whole_loan_swap,post-v187 one-swap pricing only; not multi-swap or global proof,A,A,0,0,4,2,0,0,2018,2019,FL,NV
v63_source_repair_return_guarded_repair,incumbent_cvar_relaxed_source_lp,139540494,139657464,1750.0,1200.0,36.53775388213632,32.614459804893464,3.9232940772428577,1896.1084987299112,843050.0,True,True,1.2284336182610822e-05,0.8991756123598837,0,,,61454.15435553737,96233.55958917315,True,True,post_v187_one_drop_one_add_whole_loan_swap,post-v187 one-swap pricing only; not multi-swap or global proof,A,A,0,0,4,4,0,0,2018,2018,FL,OH
v63_source_repair_return_guarded_repair,incumbent_cvar_relaxed_source_lp,139529807,127582382,1000.0,1000.0,-202.7034068457836,-205.52183833714096,2.8184314913573587,1895.0036361440257,842500.0,True,True,0.00010816869840624133,0.8991097922848664,0,,,61427.37284330222,96246.56404416246,True,True,post_v187_one_drop_one_add_whole_loan_swap,post-v187 one-swap pricing only; not multi-swap or global proof,D,D,2,2,3,3,1,0,2018,2018,NC,CA
v63_source_repair_return_guarded_repair,incumbent_cvar_relaxed_source_lp,139458494,127672145,1000.0,1000.0,-192.59392710453298,-196.20083323856994,3.6069061340369615,1895.7921107867053,842500.0,True,True,0.00010816869840624133,0.8991097922848664,0,,,61510.80008535603,96342.80591719403,True,True,post_v187_one_drop_one_add_whole_loan_swap,post-v187 one-swap pricing only; not multi-swap or global proof,D,C,2,1,4,0,1,2,2018,2018,WA,other
v63_source_repair_return_guarded_repair,incumbent_cvar_relaxed_source_lp,139458494,127582382,1000.0,1000.0,-192.59392710453298,-205.52183833714096,12.927911232607983,1905.1131158852763,842500.0,True,True,0.00010816869840624133,0.8991097922848664,0,,,61426.92355021334,96232.37196468722,True,True,post_v187_one_drop_one_add_whole_loan_swap,post-v187 one-swap pricing only; not multi-swap or global proof,D,D,2,2,4,3,1,0,2018,2018,WA,CA
v63_source_repair_return_guarded_repair,incumbent_cvar_relaxed_source_lp,139458494,126820122,1000.0,1000.0,-192.59392710453298,-201.89545162414464,9.301524519611661,1901.4867291722799,842500.0,True,True,0.00010816869840624133,0.8991097922848664,0,,,61470.218046394104,96294.43540283533,True,True,post_v187_one_drop_one_add_whole_loan_swap,post-v187 one-swap pricing only; not multi-swap or global proof,D,C,2,1,4,0,1,1,2018,2018,WA,other
v63_source_repair_return_guarded_repair,incumbent_cvar_relaxed_source_lp,139458494,126419064,1000.0,1000.0,-192.59392710453298,-198.85427993768698,6.260352833154002,1898.4455574858223,842500.0,True,True,0.00010816869840624133,0.8991097922848664,0,,,61443.61152296374,96251.76699677465,True,True,post_v187_one_drop_one_add_whole_loan_swap,post-v187 one-swap pricing only; not multi-swap or global proof,D,D,2,2,4,4,1,1,2018,2018,WA,other
v63_source_repair_return_guarded_repair,incumbent_cvar_relaxed_source_lp,139411752,126760355,1500.0,1500.0,-240.55468343692485,-250.40002765814089,9.845344221216038,1902.0305488738843,842500.0,True,True,0.00010816869840624133,0.8991097922848664,0,,,61445.790578230546,96269.9251556135,True,True,post_v187_one_drop_one_add_whole_loan_swap,post-v187 one-swap pricing only; not multi-swap or global proof,B,B,0,0,0,1,2,0,2018,2018,NY,IL
v63_source_repair_return_guarded_repair,incumbent_cvar_relaxed_source_lp,139411752,126430923,1500.0,1500.0,-240.55468343692485,-243.25029594541493,2.695612508490086,1894.8808171611583,842500.0,True,True,0.00010816869840624133,0.8991097922848664,0,,,61445.585269706935,96269.63674951353,True,True,post_v187_one_drop_one_add_whole_loan_swap,post-v187 one-swap pricing only; not multi-swap or global proof,B,B,0,0,0,3,2,0,2018,2018,NY,other
v63_source_repair_return_guarded_repair,incumbent_cvar_relaxed_source_lp,139328149,127582382,1000.0,1000.0,-203.78533000932222,-205.52183833714096,1.7365083278187399,1893.921712980487,842500.0,True,True,0.00010816869840624133,0.8991097922848664,0,,,61390.88756098057,96169.40535234797,True,True,post_v187_one_drop_one_add_whole_loan_swap,post-v187 one-swap pricing only; not multi-swap or global proof,C,D,1,2,2,3,0,0,2018,2018,CA,CA
v63_source_repair_return_guarded_repair,incumbent_cvar_relaxed_source_lp,139234645,151650780,2500.0,2000.0,55.59956508611554,52.68006941227111,2.9194956738444304,1895.1047003265128,843000.0,True,True,2.099592630155911e-05,0.8991696322657177,0,,,61495.94905879238,96290.821328434,True,True,post_v187_one_drop_one_add_whole_loan_swap,post-v187 one-swap pricing only; not multi-swap or global proof,A,A,0,0,4,2,2,0,2018,2019,TX,other
v63_source_repair_return_guarded_repair,incumbent_cvar_relaxed_source_lp,139039993,127672145,1000.0,1000.0,-194.3840274399123,-196.20083323856994,1.81680579865764,1894.002010451326,842500.0,True,True,0.00010816869840624133,0.8991097922848664,0,,,61438.798167027926,96244.80643655107,True,True,post_v187_one_drop_one_add_whole_loan_swap,post-v187 one-swap pricing only; not multi-swap or global proof,C,C,1,1,2,0,0,2,2018,2018,CO,other
v63_source_repair_return_guarded_repair,incumbent_cvar_relaxed_source_lp,139039993,127582382,1000.0,1000.0,-194.3840274399123,-205.52183833714096,11.137810897228661,1903.323015549897,842500.0,True,True,0.00010816869840624133,0.8991097922848664,0,,,61354.92163188523,96134.37248404424,True,True,post_v187_one_drop_one_add_whole_loan_swap,post-v187 one-swap pricing only; not multi-swap or global proof,C,D,1,2,2,3,0,0,2018,2018,CO,CA
v63_source_repair_return_guarded_repair,incumbent_cvar_relaxed_source_lp,139039993,126820122,1000.0,1000.0,-194.3840274399123,-201.89545162414464,7.5114241842323395,1899.6966288369006,842500.0,True,True,0.00010816869840624133,0.8991097922848664,0,,,61398.21612806601,96196.43592219235,True,True,post_v187_one_drop_one_add_whole_loan_swap,post-v187 one-swap pricing only; not multi-swap or global proof,C,C,1,1,2,0,0,1,2018,2018,CO,other
v63_source_repair_return_guarded_repair,incumbent_cvar_relaxed_source_lp,139039993,126419064,1000.0,1000.0,-194.3840274399123,-198.85427993768698,4.4702524977746805,1896.655457150443,842500.0,True,True,0.00010816869840624133,0.8991097922848664,0,,,61371.60960463564,96153.76751613173,True,True,post_v187_one_drop_one_add_whole_loan_swap,post-v187 one-swap pricing only; not multi-swap or global proof,C,D,1,2,2,4,0,1,2018,2018,CO,other
v63_source_repair_return_guarded_repair,incumbent_cvar_relaxed_source_lp,138631135,127874931,1000.0,1000.0,-168.68250574568688,-186.9469746106631,18.26446886497621,1910.4496735176444,842500.0,True,True,0.00010816869840624133,0.8979228486646884,0,,,61562.022094212545,96428.80043099138,True,True,post_v187_one_drop_one_add_whole_loan_swap,post-v187 one-swap pricing only; not multi-swap or global proof,E,B,2,0,3,0,0,0,2018,2018,TX,MN
v63_source_repair_return_guarded_repair,incumbent_cvar_relaxed_source_lp,138631135,127672145,1000.0,1000.0,-168.68250574568688,-196.20083323856994,27.51832749288306,1919.7035321455514,842500.0,True,True,0.00010816869840624133,0.8991097922848664,0,,,61530.91467918786,96384.43011210611,True,True,post_v187_one_drop_one_add_whole_loan_swap,post-v187 one-swap pricing only; not multi-swap or global proof,E,C,2,1,3,0,0,2,2018,2018,TX,other
v63_source_repair_return_guarded_repair,incumbent_cvar_relaxed_source_lp,138631135,127582382,1000.0,1000.0,-168.68250574568688,-205.52183833714096,36.83933259145408,1929.0245372441223,842500.0,True,True,0.00010816869840624133,0.8991097922848664,0,,,61447.03814404516,96273.9961595993,True,True,post_v187_one_drop_one_add_whole_loan_swap,post-v187 one-swap pricing only; not multi-swap or global proof,E,D,2,2,3,3,0,0,2018,2018,TX,CA
v63_source_repair_return_guarded_repair,incumbent_cvar_relaxed_source_lp,138631135,126827839,1000.0,1000.0,-168.68250574568688,-175.77898463113021,7.096478885443332,1899.2816835381116,842500.0,True,True,0.00010816869840624133,0.8991097922848664,0,,,61428.8117754426,96242.63953119134,True,True,post_v187_one_drop_one_add_whole_loan_swap,post-v187 one-swap pricing only; not multi-swap or global proof,E,E,2,2,3,0,0,4,2018,2018,TX,other
v63_source_repair_return_guarded_repair,incumbent_cvar_relaxed_source_lp,138631135,126820122,1000.0,1000.0,-168.68250574568688,-201.89545162414464,33.21294587845776,1925.398150531126,842500.0,True,True,0.00010816869840624133,0.8991097922848664,0,,,61490.33264022593,96336.0595977474,True,True,post_v187_one_drop_one_add_whole_loan_swap,post-v187 one-swap pricing only; not multi-swap or global proof,E,C,2,1,3,0,0,1,2018,2018,TX,other
v63_source_repair_return_guarded_repair,incumbent_cvar_relaxed_source_lp,138631135,126733849,1000.0,1000.0,-168.68250574568688,-186.9469746106631,18.26446886497621,1910.4496735176444,842500.0,True,True,0.00010816869840624133,0.8979228486646884,0,,,61562.022094212545,96428.80043099138,True,True,post_v187_one_drop_one_add_whole_loan_swap,post-v187 one-swap pricing only; not multi-swap or global proof,E,B,2,0,3,4,0,3,2018,2018,TX,NJ
v63_source_repair_return_guarded_repair,incumbent_cvar_relaxed_source_lp,138631135,126468092,1000.0,1000.0,-168.68250574568688,-169.50590883596908,0.8234030902821985,1893.0086077429505,842500.0,True,True,0.00010816869840624133,0.8979228486646884,0,,,61584.926316769925,96460.03383296408,True,True,post_v187_one_drop_one_add_whole_loan_swap,post-v187 one-swap pricing only; not multi-swap or global proof,E,B,2,0,3,1,0,2,2018,2018,TX,other
v63_source_repair_return_guarded_repair,incumbent_cvar_relaxed_source_lp,138631135,126419064,1000.0,1000.0,-168.68250574568688,-198.85427993768698,30.1717741920001,1922.3569788446684,842500.0,True,True,0.00010816869840624133,0.8991097922848664,0,,,61463.72611679557,96293.39119168674,True,True,post_v187_one_drop_one_add_whole_loan_swap,post-v187 one-swap pricing only; not multi-swap or global proof,E,D,2,2,3,4,0,1,2018,2018,TX,other
v63_source_repair_return_guarded_repair,incumbent_cvar_relaxed_source_lp,138631135,168701788,1000.0,1000.0,-168.68250574568688,-178.5860397151734,9.903533969486517,1902.0887386221548,842500.0,True,True,0.00010816869840624133,0.8991097922848664,0,,,61482.601278479764,96303.0889177038,True,True,post_v187_one_drop_one_add_whole_loan_swap,post-v187 one-swap pricing only; not multi-swap or global proof,E,C,2,1,3,3,0,1,2018,2020,TX,TX
v63_source_repair_return_guarded_repair,incumbent_cvar_relaxed_source_lp,138631135,169358871,1000.0,1000.0,-168.68250574568688,-177.86634212741987,9.183836381732988,1901.3690410344013,842500.0,True,True,0.00010816869840624133,0.8991097922848664,0,,,61492.3722958125,96290.66388266394,True,True,post_v187_one_drop_one_add_whole_loan_swap,post-v187 one-swap pricing only; not multi-swap or global proof,E,C,2,1,3,3,0,0,2018,2020,TX,VA
v63_source_repair_return_guarded_repair,incumbent_cvar_relaxed_source_lp,138631135,139506195,1000.0,1000.0,-168.68250574568688,-177.67809625327766,8.995590507590776,1901.180795160259,842500.0,True,True,0.00010816869840624133,0.8991097922848664,0,,,61466.5376157611,96236.88225754349,True,True,post_v187_one_drop_one_add_whole_loan_swap,post-v187 one-swap pricing only; not multi-swap or global proof,E,D,2,2,3,2,0,0,2018,2018,TX,CA
v63_source_repair_return_guarded_repair,incumbent_cvar_relaxed_source_lp,138631135,156823754,1000.0,1000.0,-168.68250574568688,-183.46022770133698,14.777721955650094,1906.9629266083184,842500.0,True,True,0.00010816869840624133,0.8991097922848664,0,,,61464.13939666169,96215.97749416284,True,True,post_v187_one_drop_one_add_whole_loan_swap,post-v187 one-swap pricing only; not multi-swap or global proof,E,D,2,2,3,3,0,1,2018,2019,TX,CA
v63_source_repair_return_guarded_repair,incumbent_cvar_relaxed_source_lp,138631135,156807668,1000.0,1000.0,-168.68250574568688,-175.85010442413147,7.167598678444591,1899.352803331113,842500.0,True,True,0.00010816869840624133,0.8991097922848664,0,,,61491.5728910204,96244.25385454054,True,True,post_v187_one_drop_one_add_whole_loan_swap,post-v187 one-swap pricing only; not multi-swap or global proof,E,D,2,2,3,0,0,0,2018,2019,TX,TX
v63_source_repair_return_guarded_repair,incumbent_cvar_relaxed_source_lp,138929757,127874931,1000.0,1000.0,-173.65518401987842,-186.9469746106631,13.291790590784672,1905.476995243453,842500.0,True,True,0.00010816869840624133,0.8991097922848664,0,,,61441.0934808718,96242.76688846762,True,True,post_v187_one_drop_one_add_whole_loan_swap,post-v187 one-swap pricing only; not multi-swap or global proof,B,B,0,0,4,0,0,0,2018,2018,CO,MN
v63_source_repair_return_guarded_repair,incumbent_cvar_relaxed_source_lp,138929757,126733849,1000.0,1000.0,-173.65518401987842,-186.9469746106631,13.291790590784672,1905.476995243453,842500.0,True,True,0.00010816869840624133,0.8991097922848664,0,,,61441.0934808718,96242.76688846762,True,True,post_v187_one_drop_one_add_whole_loan_swap,post-v187 one-swap pricing only; not multi-swap or global proof,B,B,0,0,4,4,0,3,2018,2018,CO,NJ
v63_source_repair_return_guarded_repair,incumbent_cvar_relaxed_source_lp,138754571,127874931,1000.0,1000.0,-180.60322385083467,-186.9469746106631,6.343750759828424,1898.5289554124968,842500.0,True,True,0.00010816869840624133,0.8979228486646884,0,,,61509.82178161951,96351.16094677564,True,True,post_v187_one_drop_one_add_whole_loan_swap,post-v187 one-swap pricing only; not multi-swap or global proof,D,B,1,0,1,0,0,0,2018,2018,CA,MN
v63_source_repair_return_guarded_repair,incumbent_cvar_relaxed_source_lp,138754571,127672145,1000.0,1000.0,-180.60322385083467,-196.20083323856994,15.597609387735275,1907.7828140404035,842500.0,True,True,0.00010816869840624133,0.8991097922848664,0,,,61478.71436659483,96306.79062789037,True,True,post_v187_one_drop_one_add_whole_loan_swap,post-v187 one-swap pricing only; not multi-swap or global proof,D,C,1,1,1,0,0,2,2018,2018,CA,other
v63_source_repair_return_guarded_repair,incumbent_cvar_relaxed_source_lp,138754571,127582382,1000.0,1000.0,-180.60322385083467,-205.52183833714096,24.918614486306296,1917.1038191389746,842500.0,True,True,0.00010816869840624133,0.8991097922848664,0,,,61394.83783145214,96196.35667538358,True,True,post_v187_one_drop_one_add_whole_loan_swap,post-v187 one-swap pricing only; not multi-swap or global proof,D,D,1,2,1,3,0,0,2018,2018,CA,CA
v63_source_repair_return_guarded_repair,incumbent_cvar_relaxed_source_lp,138754571,126820122,1000.0,1000.0,-180.60322385083467,-201.89545162414464,21.292227773309975,1913.4774324259783,842500.0,True,True,0.00010816869840624133,0.8991097922848664,0,,,61438.13232763292,96258.42011353165,True,True,post_v187_one_drop_one_add_whole_loan_swap,post-v187 one-swap pricing only; not multi-swap or global proof,D,C,1,1,1,0,0,1,2018,2018,CA,other
v63_source_repair_return_guarded_repair,incumbent_cvar_relaxed_source_lp,138754571,126733849,1000.0,1000.0,-180.60322385083467,-186.9469746106631,6.343750759828424,1898.5289554124968,842500.0,True,True,0.00010816869840624133,0.8979228486646884,0,,,61509.82178161951,96351.16094677564,True,True,post_v187_one_drop_one_add_whole_loan_swap,post-v187 one-swap pricing only; not multi-swap or global proof,D,B,1,0,1,4,0,3,2018,2018,CA,NJ
v63_source_repair_return_guarded_repair,incumbent_cvar_relaxed_source_lp,138754571,126419064,1000.0,1000.0,-180.60322385083467,-198.85427993768698,18.251056086852316,1910.4362607395205,842500.0,True,True,0.00010816869840624133,0.8991097922848664,0,,,61411.525804202545,96215.751707471,True,True,post_v187_one_drop_one_add_whole_loan_swap,post-v187 one-swap pricing only; not multi-swap or global proof,D,D,1,2,1,4,0,1,2018,2018,CA,other
v63_source_repair_return_guarded_repair,incumbent_cvar_relaxed_source_lp,138754571,156823754,1000.0,1000.0,-180.60322385083467,-183.46022770133698,2.857003850502309,1895.0422085031705,842500.0,True,True,0.00010816869840624133,0.8991097922848664,0,,,61411.93908406867,96138.33800994713,True,True,post_v187_one_drop_one_add_whole_loan_swap,post-v187 one-swap pricing only; not multi-swap or global proof,D,D,1,2,1,3,0,1,2018,2019,CA,CA
v63_source_repair_return_guarded_repair,incumbent_cvar_relaxed_source_lp,138239745,127874931,1000.0,1000.0,-166.10731042945866,-186.9469746106631,20.839664181204427,1913.0248688338727,842500.0,True,True,0.00010816869840624133,0.8979228486646884,0,,,61441.02390590306,96251.03720457622,True,True,post_v187_one_drop_one_add_whole_loan_swap,post-v187 one-swap pricing only; not multi-swap or global proof,C,B,1,0,4,0,2,0,2018,2018,MI,MN
v63_source_repair_return_guarded_repair,incumbent_cvar_relaxed_source_lp,138239745,127672145,1000.0,1000.0,-166.10731042945866,-196.20083323856994,30.093522809111278,1922.2787274617795,842500.0,True,True,0.00010816869840624133,0.8991097922848664,0,,,61409.916490878364,96206.66688569098,True,True,post_v187_one_drop_one_add_whole_loan_swap,post-v187 one-swap pricing only; not multi-swap or global proof,C,C,1,1,4,0,2,2,2018,2018,MI,other
v63_source_repair_return_guarded_repair,incumbent_cvar_relaxed_source_lp,138239745,127582382,1000.0,1000.0,-166.10731042945866,-205.52183833714096,39.4145279076823,1931.5997325603505,842500.0,True,True,0.00010816869840624133,0.8991097922848664,0,,,61326.03995573567,96096.23293318415,True,True,post_v187_one_drop_one_add_whole_loan_swap,post-v187 one-swap pricing only; not multi-swap or global proof,C,D,1,2,4,3,2,0,2018,2018,MI,CA
v63_source_repair_return_guarded_repair,incumbent_cvar_relaxed_source_lp,138239745,126827839,1000.0,1000.0,-166.10731042945866,-175.77898463113021,9.67167420167155,1901.8568788543398,842500.0,True,True,0.00010816869840624133,0.8991097922848664,0,,,61307.8135871331,96064.87630477619,True,True,post_v187_one_drop_one_add_whole_loan_swap,post-v187 one-swap pricing only; not multi-swap or global proof,C,E,1,2,4,0,2,4,2018,2018,MI,other
v63_source_repair_return_guarded_repair,incumbent_cvar_relaxed_source_lp,138239745,126820122,1000.0,1000.0,-166.10731042945866,-201.89545162414464,35.78814119468598,1927.9733458473543,842500.0,True,True,0.00010816869840624133,0.8991097922848664,0,,,61369.33445191645,96158.29637133224,True,True,post_v187_one_drop_one_add_whole_loan_swap,post-v187 one-swap pricing only; not multi-swap or global proof,C,C,1,1,4,0,2,1,2018,2018,MI,other
v63_source_repair_return_guarded_repair,incumbent_cvar_relaxed_source_lp,138239745,126733849,1000.0,1000.0,-166.10731042945866,-186.9469746106631,20.839664181204427,1913.0248688338727,842500.0,True,True,0.00010816869840624133,0.8979228486646884,0,,,61441.02390590306,96251.03720457622,True,True,post_v187_one_drop_one_add_whole_loan_swap,post-v187 one-swap pricing only; not multi-swap or global proof,C,B,1,0,4,4,2,3,2018,2018,MI,NJ
v63_source_repair_return_guarded_repair,incumbent_cvar_relaxed_source_lp,138239745,126468092,1000.0,1000.0,-166.10731042945866,-169.50590883596908,3.3985984065104162,1895.5838030591788,842500.0,True,True,0.00010816869840624133,0.8979228486646884,0,,,61463.928128460444,96282.27060654893,True,True,post_v187_one_drop_one_add_whole_loan_swap,post-v187 one-swap pricing only; not multi-swap or global proof,C,B,1,0,4,1,2,2,2018,2018,MI,other
v63_source_repair_return_guarded_repair,incumbent_cvar_relaxed_source_lp,138239745,126419064,1000.0,1000.0,-166.10731042945866,-198.85427993768698,32.74696950822832,1924.9321741608967,842500.0,True,True,0.00010816869840624133,0.8991097922848664,0,,,61342.72792848609,96115.62796527162,True,True,post_v187_one_drop_one_add_whole_loan_swap,post-v187 one-swap pricing only; not multi-swap or global proof,C,D,1,2,4,4,2,1,2018,2018,MI,other
v63_source_repair_return_guarded_repair,incumbent_cvar_relaxed_source_lp,138239745,168701788,1000.0,1000.0,-166.10731042945866,-178.5860397151734,12.478729285714735,1904.663933938383,842500.0,True,True,0.00010816869840624133,0.8991097922848664,0,,,61361.603090170276,96125.32569128864,True,True,post_v187_one_drop_one_add_whole_loan_swap,post-v187 one-swap pricing only; not multi-swap or global proof,C,C,1,1,4,3,2,1,2018,2020,MI,TX
v63_source_repair_return_guarded_repair,incumbent_cvar_relaxed_source_lp,138239745,169358871,1000.0,1000.0,-166.10731042945866,-177.86634212741987,11.759031697961206,1903.9442363506296,842500.0,True,True,0.00010816869840624133,0.8991097922848664,0,,,61371.37410750301,96112.90065624884,True,True,post_v187_one_drop_one_add_whole_loan_swap,post-v187 one-swap pricing only; not multi-swap or global proof,C,C,1,1,4,3,2,0,2018,2020,MI,VA
v63_source_repair_return_guarded_repair,incumbent_cvar_relaxed_source_lp,138239745,139506195,1000.0,1000.0,-166.10731042945866,-177.67809625327766,11.570785823818994,1903.7559904764873,842500.0,True,True,0.00010816869840624133,0.8991097922848664,0,,,61345.53942745161,96059.11903112839,True,True,post_v187_one_drop_one_add_whole_loan_swap,post-v187 one-swap pricing only; not multi-swap or global proof,C,D,1,2,4,2,2,0,2018,2018,MI,CA
v63_source_repair_return_guarded_repair,incumbent_cvar_relaxed_source_lp,138239745,156823754,1000.0,1000.0,-166.10731042945866,-183.46022770133698,17.35291727187831,1909.5381219245467,842500.0,True,True,0.00010816869840624133,0.8991097922848664,0,,,61343.14120835221,96038.21426774772,True,True,post_v187_one_drop_one_add_whole_loan_swap,post-v187 one-swap pricing only; not multi-swap or global proof,C,D,1,2,4,3,2,1,2018,2019,MI,CA
v63_source_repair_return_guarded_repair,incumbent_cvar_relaxed_source_lp,138239745,156807668,1000.0,1000.0,-166.10731042945866,-175.85010442413147,9.742793994672809,1901.9279986473412,842500.0,True,True,0.00010816869840624133,0.8991097922848664,0,,,61370.57470271092,96066.4906281254,True,True,post_v187_one_drop_one_add_whole_loan_swap,post-v187 one-swap pricing only; not multi-swap or global proof,C,D,1,2,4,0,2,0,2018,2019,MI,TX
v63_source_repair_return_guarded_repair,incumbent_cvar_relaxed_source_lp,136969540,127582382,1000.0,1000.0,-203.78533000932222,-205.52183833714096,1.7365083278187399,1893.921712980487,842500.0,True,True,0.00010816869840624133,0.8991097922848664,0,,,61390.88756098057,96169.40535234797,True,True,post_v187_one_drop_one_add_whole_loan_swap,post-v187 one-swap pricing only; not multi-swap or global proof,C,D,1,2,1,3,3,0,2018,2018,other,CA
v63_source_repair_return_guarded_repair,incumbent_cvar_relaxed_source_lp,138011934,160039313,1800.0,1200.0,34.06123562199026,33.84784116416046,0.21339445782979993,1892.398599110498,843100.0,True,True,3.5737793443457733e-06,0.8991815917447515,0,,,61428.96703344399,96183.04430536667,True,True,post_v187_one_drop_one_add_whole_loan_swap,post-v187 one-swap pricing only; not multi-swap or global proof,A,A,0,0,0,2,1,0,2018,2019,FL,NV
v63_source_repair_return_guarded_repair,incumbent_cvar_relaxed_source_lp,138011934,139657464,1800.0,1200.0,34.06123562199026,32.614459804893464,1.4467758170967926,1893.631980469765,843100.0,True,True,3.5737793443457733e-06,0.8991815917447515,0,,,61439.62516962385,96206.28922065205,True,True,post_v187_one_drop_one_add_whole_loan_swap,post-v187 one-swap pricing only; not multi-swap or global proof,A,A,0,0,0,4,1,0,2018,2018,FL,OH
v63_source_repair_return_guarded_repair,incumbent_cvar_relaxed_source_lp,137994575,127874931,1000.0,1000.0,-167.81258224857336,-186.9469746106631,19.134392362089727,1911.319597014758,842500.0,True,True,0.00010816869840624133,0.8991097922848664,0,,,61418.00214919438,96213.76789560981,True,True,post_v187_one_drop_one_add_whole_loan_swap,post-v187 one-swap pricing only; not multi-swap or global proof,B,B,0,0,2,0,0,0,2018,2018,NC,MN
v63_source_repair_return_guarded_repair,incumbent_cvar_relaxed_source_lp,137994575,126733849,1000.0,1000.0,-167.81258224857336,-186.9469746106631,19.134392362089727,1911.319597014758,842500.0,True,True,0.00010816869840624133,0.8991097922848664,0,,,61418.00214919438,96213.76789560981,True,True,post_v187_one_drop_one_add_whole_loan_swap,post-v187 one-swap pricing only; not multi-swap or global proof,B,B,0,0,2,4,0,3,2018,2018,NC,NJ
v63_source_repair_return_guarded_repair,incumbent_cvar_relaxed_source_lp,137994575,126468092,1000.0,1000.0,-167.81258224857336,-169.50590883596908,1.6933265873957168,1893.878531240064,842500.0,True,True,0.00010816869840624133,0.8991097922848664,0,,,61440.906371751764,96245.00129758254,True,True,post_v187_one_drop_one_add_whole_loan_swap,post-v187 one-swap pricing only; not multi-swap or global proof,B,B,0,0,2,1,0,2,2018,2018,NC,other
v63_source_repair_return_guarded_repair,incumbent_cvar_relaxed_source_lp,137668715,127672145,1000.0,1000.0,-191.08030640729243,-196.20083323856994,5.120526831277516,1897.3057314839457,842500.0,True,True,0.00010816869840624133,0.8991097922848664,0,,,61509.31373895725,96361.51771654237,True,True,post_v187_one_drop_one_add_whole_loan_swap,post-v187 one-swap pricing only; not multi-swap or global proof,D,C,2,1,4,0,2,2,2018,2018,NC,other
v63_source_repair_return_guarded_repair,incumbent_cvar_relaxed_source_lp,137668715,127582382,1000.0,1000.0,-191.08030640729243,-205.52183833714096,14.441531929848537,1906.6267365825167,842500.0,True,True,0.00010816869840624133,0.8991097922848664,0,,,61425.43720381455,96251.08376403556,True,True,post_v187_one_drop_one_add_whole_loan_swap,post-v187 one-swap pricing only; not multi-swap or global proof,D,D,2,2,4,3,2,0,2018,2018,NC,CA
v63_source_repair_return_guarded_repair,incumbent_cvar_relaxed_source_lp,137668715,126820122,1000.0,1000.0,-191.08030640729243,-201.89545162414464,10.815145216852216,1903.0003498695205,842500.0,True,True,0.00010816869840624133,0.8991097922848664,0,,,61468.73169999533,96313.14720218365,True,True,post_v187_one_drop_one_add_whole_loan_swap,post-v187 one-swap pricing only; not multi-swap or global proof,D,C,2,1,4,0,2,1,2018,2018,NC,other
v63_source_repair_return_guarded_repair,incumbent_cvar_relaxed_source_lp,137668715,126419064,1000.0,1000.0,-191.08030640729243,-198.85427993768698,7.7739735303945565,1899.959178183063,842500.0,True,True,0.00010816869840624133,0.8991097922848664,0,,,61442.125176564965,96270.478796123,True,True,post_v187_one_drop_one_add_whole_loan_swap,post-v187 one-swap pricing only; not multi-swap or global proof,D,D,2,2,4,4,2,1,2018,2018,NC,other
v63_source_repair_return_guarded_repair,incumbent_cvar_relaxed_source_lp,137677350,127874931,1000.0,1000.0,-171.87891215652908,-186.9469746106631,15.068062454134008,1907.2532671068022,842500.0,True,True,0.00010816869840624133,0.8979228486646884,0,,,61608.780741662384,96525.6598575952,True,True,post_v187_one_drop_one_add_whole_loan_swap,post-v187 one-swap pricing only; not multi-swap or global proof,F,B,2,0,2,0,2,0,2018,2018,WA,MN
v63_source_repair_return_guarded_repair,incumbent_cvar_relaxed_source_lp,137677350,127672145,1000.0,1000.0,-171.87891215652908,-196.20083323856994,24.32192108204086,1916.5071257347092,842500.0,True,True,0.00010816869840624133,0.8991097922848664,0,,,61577.6733266377,96481.28953870991,True,True,post_v187_one_drop_one_add_whole_loan_swap,post-v187 one-swap pricing only; not multi-swap or global proof,F,C,2,1,2,0,2,2,2018,2018,WA,other
v63_source_repair_return_guarded_repair,incumbent_cvar_relaxed_source_lp,137677350,127582382,1000.0,1000.0,-171.87891215652908,-205.52183833714096,33.64292618061188,1925.8281308332803,842500.0,True,True,0.00010816869840624133,0.8991097922848664,0,,,61493.796791495006,96370.8555862031,True,True,post_v187_one_drop_one_add_whole_loan_swap,post-v187 one-swap pricing only; not multi-swap or global proof,F,D,2,2,2,3,2,0,2018,2018,WA,CA
v63_source_repair_return_guarded_repair,incumbent_cvar_relaxed_source_lp,137677350,126827839,1000.0,1000.0,-171.87891215652908,-175.77898463113021,3.9000724746011315,1896.0852771272694,842500.0,True,True,0.00010816869840624133,0.8991097922848664,0,,,61475.570422892444,96339.49895779516,True,True,post_v187_one_drop_one_add_whole_loan_swap,post-v187 one-swap pricing only; not multi-swap or global proof,F,E,2,2,2,0,2,4,2018,2018,WA,other
v63_source_repair_return_guarded_repair,incumbent_cvar_relaxed_source_lp,137677350,126820122,1000.0,1000.0,-171.87891215652908,-201.89545162414464,30.01653946761556,1922.2017441202838,842500.0,True,True,0.00010816869840624133,0.8991097922848664,0,,,61537.09128767579,96432.9190243512,True,True,post_v187_one_drop_one_add_whole_loan_swap,post-v187 one-swap pricing only; not multi-swap or global proof,F,C,2,1,2,0,2,1,2018,2018,WA,other
v63_source_repair_return_guarded_repair,incumbent_cvar_relaxed_source_lp,137677350,126733849,1000.0,1000.0,-171.87891215652908,-186.9469746106631,15.068062454134008,1907.2532671068022,842500.0,True,True,0.00010816869840624133,0.8979228486646884,0,,,61608.780741662384,96525.6598575952,True,True,post_v187_one_drop_one_add_whole_loan_swap,post-v187 one-swap pricing only; not multi-swap or global proof,F,B,2,0,2,4,2,3,2018,2018,WA,NJ
v63_source_repair_return_guarded_repair,incumbent_cvar_relaxed_source_lp,137677350,126419064,1000.0,1000.0,-171.87891215652908,-198.85427993768698,26.9753677811579,1919.1605724338262,842500.0,True,True,0.00010816869840624133,0.8991097922848664,0,,,61510.484764245426,96390.25061829055,True,True,post_v187_one_drop_one_add_whole_loan_swap,post-v187 one-swap pricing only; not multi-swap or global proof,F,D,2,2,2,4,2,1,2018,2018,WA,other
v63_source_repair_return_guarded_repair,incumbent_cvar_relaxed_source_lp,137677350,168701788,1000.0,1000.0,-171.87891215652908,-178.5860397151734,6.707127558644316,1898.8923322113126,842500.0,True,True,0.00010816869840624133,0.8991097922848664,0,,,61529.35992592962,96399.94834430762,True,True,post_v187_one_drop_one_add_whole_loan_swap,post-v187 one-swap pricing only; not multi-swap or global proof,F,C,2,1,2,3,2,1,2018,2020,WA,TX
v63_source_repair_return_guarded_repair,incumbent_cvar_relaxed_source_lp,137677350,169358871,1000.0,1000.0,-171.87891215652908,-177.86634212741987,5.987429970890787,1898.1726346235591,842500.0,True,True,0.00010816869840624133,0.8991097922848664,0,,,61539.13094326235,96387.52330926777,True,True,post_v187_one_drop_one_add_whole_loan_swap,post-v187 one-swap pricing only; not multi-swap or global proof,F,C,2,1,2,3,2,0,2018,2020,WA,VA
v63_source_repair_return_guarded_repair,incumbent_cvar_relaxed_source_lp,137677350,139506195,1000.0,1000.0,-171.87891215652908,-177.67809625327766,5.799184096748576,1897.984388749417,842500.0,True,True,0.00010816869840624133,0.8991097922848664,0,,,61513.29626321094,96333.74168414732,True,True,post_v187_one_drop_one_add_whole_loan_swap,post-v187 one-swap pricing only; not multi-swap or global proof,F,D,2,2,2,2,2,0,2018,2018,WA,CA
v63_source_repair_return_guarded_repair,incumbent_cvar_relaxed_source_lp,137677350,156823754,1000.0,1000.0,-171.87891215652908,-183.46022770133698,11.581315544807893,1903.7665201974762,842500.0,True,True,0.00010816869840624133,0.8991097922848664,0,,,61510.898044111535,96312.83692076665,True,True,post_v187_one_drop_one_add_whole_loan_swap,post-v187 one-swap pricing only; not multi-swap or global proof,F,D,2,2,2,3,2,1,2018,2019,WA,CA
v63_source_repair_return_guarded_repair,incumbent_cvar_relaxed_source_lp,137677350,156807668,1000.0,1000.0,-171.87891215652908,-175.85010442413147,3.9711922676023903,1896.1563969202707,842500.0,True,True,0.00010816869840624133,0.8991097922848664,0,,,61538.331538470244,96341.11328114435,True,True,post_v187_one_drop_one_add_whole_loan_swap,post-v187 one-swap pricing only; not multi-swap or global proof,F,D,2,2,2,0,2,0,2018,2019,WA,TX
v63_source_repair_return_guarded_repair,incumbent_cvar_relaxed_source_lp,137522335,127874931,1000.0,1000.0,-169.11147457733486,-186.9469746106631,17.83550003332823,1910.0207046859964,842500.0,True,True,0.00010816869840624133,0.8991097922848664,0,,,61409.33233082811,96215.29462359774,True,True,post_v187_one_drop_one_add_whole_loan_swap,post-v187 one-swap pricing only; not multi-swap or global proof,B,B,0,0,2,0,1,0,2018,2018,other,MN
v63_source_repair_return_guarded_repair,incumbent_cvar_relaxed_source_lp,137522335,126733849,1000.0,1000.0,-169.11147457733486,-186.9469746106631,17.83550003332823,1910.0207046859964,842500.0,True,True,0.00010816869840624133,0.8991097922848664,0,,,61409.33233082811,96215.29462359774,True,True,post_v187_one_drop_one_add_whole_loan_swap,post-v187 one-swap pricing only; not multi-swap or global proof,B,B,0,0,2,4,1,3,2018,2018,other,NJ
v63_source_repair_return_guarded_repair,incumbent_cvar_relaxed_source_lp,137522335,126468092,1000.0,1000.0,-169.11147457733486,-169.50590883596908,0.3944342586342202,1892.5796389113025,842500.0,True,True,0.00010816869840624133,0.8991097922848664,0,,,61432.236553385505,96246.52802557043,True,True,post_v187_one_drop_one_add_whole_loan_swap,post-v187 one-swap pricing only; not multi-swap or global proof,B,B,0,0,2,1,1,2,2018,2018,other,other
v63_source_repair_return_guarded_repair,incumbent_cvar_relaxed_source_lp,137496466,168678809,1200.0,1000.0,-25.6559069099411,-25.935876492202276,0.2799695822611774,1892.4651742349295,842700.0,True,True,7.328717621135628e-05,0.8988964044143823,0,,,61438.56141132972,96212.39538190071,True,True,post_v187_one_drop_one_add_whole_loan_swap,post-v187 one-swap pricing only; not multi-swap or global proof,A,A,1,1,0,1,0,0,2018,2020,CA,IN
v63_source_repair_return_guarded_repair,incumbent_cvar_relaxed_source_lp,137378784,127874931,1000.0,1000.0,-159.31147457733482,-186.9469746106631,27.63550003332827,1919.8207046859966,842500.0,True,True,0.00010816869840624133,0.8991097922848664,0,,,61409.33233082811,96215.29462359774,True,True,post_v187_one_drop_one_add_whole_loan_swap,post-v187 one-swap pricing only; not multi-swap or global proof,B,B,0,0,4,0,0,0,2018,2018,TX,MN
v63_source_repair_return_guarded_repair,incumbent_cvar_relaxed_source_lp,137378784,126733849,1000.0,1000.0,-159.31147457733482,-186.9469746106631,27.63550003332827,1919.8207046859966,842500.0,True,True,0.00010816869840624133,0.8991097922848664,0,,,61409.33233082811,96215.29462359774,True,True,post_v187_one_drop_one_add_whole_loan_swap,post-v187 one-swap pricing only; not multi-swap or global proof,B,B,0,0,4,4,0,3,2018,2018,TX,NJ
v63_source_repair_return_guarded_repair,incumbent_cvar_relaxed_source_lp,137378784,126468092,1000.0,1000.0,-159.31147457733482,-169.50590883596908,10.19443425863426,1902.3796389113027,842500.0,True,True,0.00010816869840624133,0.8991097922848664,0,,,61432.236553385505,96246.52802557043,True,True,post_v187_one_drop_one_add_whole_loan_swap,post-v187 one-swap pricing only; not multi-swap or global proof,B,B,0,0,4,1,0,2,2018,2018,TX,other
v63_source_repair_return_guarded_repair,incumbent_cvar_relaxed_source_lp,137291932,168841753,1000.0,1000.0,-15.179922424950899,-15.58411172619063,0.4041893012397306,1892.589393953908,842500.0,True,True,0.00010816869840624133,0.8991097922848664,0,,,61406.740775660415,96162.29311852847,True,True,post_v187_one_drop_one_add_whole_loan_swap,post-v187 one-swap pricing only; not multi-swap or global proof,A,A,1,1,4,1,1,0,2018,2020,other,NY
v63_source_repair_return_guarded_repair,incumbent_cvar_relaxed_source_lp,137291932,168678809,1000.0,1000.0,-15.179922424950899,-25.935876492202276,10.755954067251377,1902.9411587199197,842500.0,True,True,0.00010816869840624133,0.8991097922848664,0,,,61420.2546325586,96183.26947792152,True,True,post_v187_one_drop_one_add_whole_loan_swap,post-v187 one-swap pricing only; not multi-swap or global proof,A,A,1,1,4,1,1,0,2018,2020,other,IN
v63_source_repair_return_guarded_repair,incumbent_cvar_relaxed_source_lp,137291932,170390171,1000.0,1000.0,-15.179922424950899,-23.632377345499286,8.452454920548387,1900.6376595732168,842500.0,True,True,0.00010816869840624133,0.8991097922848664,0,,,61416.84914301704,96176.33667773644,True,True,post_v187_one_drop_one_add_whole_loan_swap,post-v187 one-swap pricing only; not multi-swap or global proof,A,A,1,1,4,0,1,0,2018,2020,other,other
v63_source_repair_return_guarded_repair,incumbent_cvar_relaxed_source_lp,137291932,169450190,1000.0,1000.0,-15.179922424950899,-22.58050328415853,7.400580859207633,1899.5857855118759,842500.0,True,True,0.00010816869840624133,0.8991097922848664,0,,,61399.534418528485,96141.32864441063,True,True,post_v187_one_drop_one_add_whole_loan_swap,post-v187 one-swap pricing only; not multi-swap or global proof,A,A,1,1,4,0,1,0,2018,2020,other,AZ
v63_source_repair_return_guarded_repair,incumbent_cvar_relaxed_source_lp,137133894,127582382,1000.0,1000.0,-201.80699715302984,-205.52183833714096,3.7148411841111226,1895.9000458367793,842500.0,True,True,0.00010816869840624133,0.8991097922848664,0,,,61388.93087546685,96182.29269751211,True,True,post_v187_one_drop_one_add_whole_loan_swap,post-v187 one-swap pricing only; not multi-swap or global proof,C,D,1,2,0,3,1,0,2018,2018,other,CA
v63_source_repair_return_guarded_repair,incumbent_cvar_relaxed_source_lp,137133894,126820122,1000.0,1000.0,-201.80699715302984,-201.89545162414464,0.08845447111480098,1892.273659123783,842500.0,True,True,0.00010816869840624133,0.8991097922848664,0,,,61432.225371647626,96244.35613566023,True,True,post_v187_one_drop_one_add_whole_loan_swap,post-v187 one-swap pricing only; not multi-swap or global proof,C,C,1,1,0,0,1,1,2018,2018,other,other
v63_source_repair_return_guarded_repair,incumbent_cvar_relaxed_source_lp,137151950,127874931,1250.0,1000.0,-183.48123809685012,-186.9469746106631,3.4657365138129705,1895.6509411664813,842750.0,True,True,0.00036121726151261413,0.8991397211509937,0,,,61447.13180647595,96276.53964212474,True,True,post_v187_one_drop_one_add_whole_loan_swap,post-v187 one-swap pricing only; not multi-swap or global proof,B,B,0,0,3,0,3,0,2018,2018,other,MN
v63_source_repair_return_guarded_repair,incumbent_cvar_relaxed_source_lp,137151950,126733849,1250.0,1000.0,-183.48123809685012,-186.9469746106631,3.4657365138129705,1895.6509411664813,842750.0,True,True,0.00036121726151261413,0.8991397211509937,0,,,61447.13180647595,96276.53964212474,True,True,post_v187_one_drop_one_add_whole_loan_swap,post-v187 one-swap pricing only; not multi-swap or global proof,B,B,0,0,3,4,3,3,2018,2018,other,NJ
v63_source_repair_return_guarded_repair,incumbent_cvar_relaxed_source_lp,137151950,126483031,1250.0,1200.0,-183.48123809685012,-200.480236756332,16.998998659481884,1909.1842033121502,842550.0,True,True,0.0001587904244897409,0.8991157794789627,0,,,61426.14738213643,96246.12069152306,True,True,post_v187_one_drop_one_add_whole_loan_swap,post-v187 one-swap pricing only; not multi-swap or global proof,B,B,0,0,3,2,3,0,2018,2018,other,FL
v63_source_repair_return_guarded_repair,incumbent_cvar_relaxed_source_lp,137182894,148311317,1800.0,1200.0,44.22659987973943,37.205933723656024,7.020666156083408,1899.2058708087518,843100.0,True,True,3.5737793443457733e-06,0.8991815917447515,0,,,61461.17143966562,96243.44901538455,True,True,post_v187_one_drop_one_add_whole_loan_swap,post-v187 one-swap pricing only; not multi-swap or global proof,A,A,0,0,2,1,1,0,2018,2019,TX,MN
v63_source_repair_return_guarded_repair,incumbent_cvar_relaxed_source_lp,137182894,159446051,1800.0,1325.0,44.22659987973943,39.01776956673889,5.20883031300054,1897.3940349656689,842975.0,True,True,2.5352108898757386e-05,0.8991666419526083,0,,,61448.5308885772,96220.5474721937,True,True,post_v187_one_drop_one_add_whole_loan_swap,post-v187 one-swap pricing only; not multi-swap or global proof,A,A,0,0,2,4,1,0,2018,2019,TX,FL
v63_source_repair_return_guarded_repair,incumbent_cvar_relaxed_source_lp,137182894,157146395,1800.0,1500.0,44.22659987973943,42.560102788769946,1.6664970909694858,1893.8517017436377,842800.0,True,True,5.5852623263241696e-05,0.8991457047935453,0,,,61433.16062013184,96195.11489399376,True,True,post_v187_one_drop_one_add_whole_loan_swap,post-v187 one-swap pricing only; not multi-swap or global proof,A,A,0,0,2,2,1,0,2018,2019,TX,TX
v63_source_repair_return_guarded_repair,incumbent_cvar_relaxed_source_lp,137182894,142570983,1800.0,1500.0,44.22659987973943,41.928864039109165,2.297735840630267,1894.4829404932987,842800.0,True,True,5.5852623263241696e-05,0.8991457047935453,0,,,61428.14795859878,96189.28330580216,True,True,post_v187_one_drop_one_add_whole_loan_swap,post-v187 one-swap pricing only; not multi-swap or global proof,A,A,0,0,2,2,1,0,2018,2018,TX,OH
v63_source_repair_return_guarded_repair,incumbent_cvar_relaxed_source_lp,137182894,160039313,1800.0,1200.0,44.22659987973943,33.84784116416046,10.378758715578975,1902.5639633682472,843100.0,True,True,3.5737793443457733e-06,0.8991815917447515,0,,,61428.75796558562,96185.8100280188,True,True,post_v187_one_drop_one_add_whole_loan_swap,post-v187 one-swap pricing only; not multi-swap or global proof,A,A,0,0,2,2,1,0,2018,2019,TX,NV
v63_source_repair_return_guarded_repair,incumbent_cvar_relaxed_source_lp,137182894,139657464,1800.0,1200.0,44.22659987973943,32.614459804893464,11.612140074845968,1903.7973447275142,843100.0,True,True,3.5737793443457733e-06,0.8991815917447515,0,,,61439.416101765484,96209.05494330415,True,True,post_v187_one_drop_one_add_whole_loan_swap,post-v187 one-swap pricing only; not multi-swap or global proof,A,A,0,0,2,4,1,0,2018,2018,TX,OH
v63_source_repair_return_guarded_repair,incumbent_cvar_relaxed_source_lp,137182894,152268188,1800.0,1500.0,44.22659987973943,39.51005205920334,4.716547820536093,1896.9017524732044,842800.0,True,True,5.5852623263241696e-05,0.8991457047935453,0,,,61438.270779243,96206.57216679215,True,True,post_v187_one_drop_one_add_whole_loan_swap,post-v187 one-swap pricing only; not multi-swap or global proof,A,A,0,0,2,2,1,1,2018,2019,TX,other
v63_source_repair_return_guarded_repair,incumbent_cvar_relaxed_source_lp,136782181,127874931,1000.0,1000.0,-172.62914068708602,-186.9469746106631,14.31783392357707,1906.5030385762454,842500.0,True,True,0.00010816869840624133,0.8991097922848664,0,,,61440.092570020504,96257.57842183468,True,True,post_v187_one_drop_one_add_whole_loan_swap,post-v187 one-swap pricing only; not multi-swap or global proof,B,B,0,0,1,0,0,0,2018,2018,WA,MN
v63_source_repair_return_guarded_repair,incumbent_cvar_relaxed_source_lp,136782181,126733849,1000.0,1000.0,-172.62914068708602,-186.9469746106631,14.31783392357707,1906.5030385762454,842500.0,True,True,0.00010816869840624133,0.8991097922848664,0,,,61440.092570020504,96257.57842183468,True,True,post_v187_one_drop_one_add_whole_loan_swap,post-v187 one-swap pricing only; not multi-swap or global proof,B,B,0,0,1,4,0,3,2018,2018,WA,NJ
v63_source_repair_return_guarded_repair,incumbent_cvar_relaxed_source_lp,136916643,127874931,1000.0,1000.0,-173.75965426338382,-186.9469746106631,13.187320347279268,1905.3725249999475,842500.0,True,True,0.00010816869840624133,0.8979228486646884,0,,,61577.09834162721,96469.42293102783,True,True,post_v187_one_drop_one_add_whole_loan_swap,post-v187 one-swap pricing only; not multi-swap or global proof,E,B,2,0,3,0,1,0,2018,2018,PA,MN
v63_source_repair_return_guarded_repair,incumbent_cvar_relaxed_source_lp,136916643,127672145,1000.0,1000.0,-173.75965426338382,-196.20083323856994,22.44117897518612,1914.6263836278545,842500.0,True,True,0.00010816869840624133,0.8991097922848664,0,,,61545.99092660252,96425.05261214256,True,True,post_v187_one_drop_one_add_whole_loan_swap,post-v187 one-swap pricing only; not multi-swap or global proof,E,C,2,1,3,0,1,2,2018,2018,PA,other
v63_source_repair_return_guarded_repair,incumbent_cvar_relaxed_source_lp,136916643,127582382,1000.0,1000.0,-173.75965426338382,-205.52183833714096,31.76218407375714,1923.9473887264255,842500.0,True,True,0.00010816869840624133,0.8991097922848664,0,,,61462.11439145983,96314.61865963577,True,True,post_v187_one_drop_one_add_whole_loan_swap,post-v187 one-swap pricing only; not multi-swap or global proof,E,D,2,2,3,3,1,0,2018,2018,PA,CA
v63_source_repair_return_guarded_repair,incumbent_cvar_relaxed_source_lp,136916643,126827839,1000.0,1000.0,-173.75965426338382,-175.77898463113021,2.0193303677463916,1894.2045350204146,842500.0,True,True,0.00010816869840624133,0.8991097922848664,0,,,61443.88802285726,96283.26203122782,True,True,post_v187_one_drop_one_add_whole_loan_swap,post-v187 one-swap pricing only; not multi-swap or global proof,E,E,2,2,3,0,1,4,2018,2018,PA,other
v63_source_repair_return_guarded_repair,incumbent_cvar_relaxed_source_lp,136916643,126820122,1000.0,1000.0,-173.75965426338382,-201.89545162414464,28.13579736076082,1920.321002013429,842500.0,True,True,0.00010816869840624133,0.8991097922848664,0,,,61505.4088876406,96376.68209778387,True,True,post_v187_one_drop_one_add_whole_loan_swap,post-v187 one-swap pricing only; not multi-swap or global proof,E,C,2,1,3,0,1,1,2018,2018,PA,other
v63_source_repair_return_guarded_repair,incumbent_cvar_relaxed_source_lp,136916643,126733849,1000.0,1000.0,-173.75965426338382,-186.9469746106631,13.187320347279268,1905.3725249999475,842500.0,True,True,0.00010816869840624133,0.8979228486646884,0,,,61577.09834162721,96469.42293102783,True,True,post_v187_one_drop_one_add_whole_loan_swap,post-v187 one-swap pricing only; not multi-swap or global proof,E,B,2,0,3,4,1,3,2018,2018,PA,NJ
v63_source_repair_return_guarded_repair,incumbent_cvar_relaxed_source_lp,136916643,126419064,1000.0,1000.0,-173.75965426338382,-198.85427993768698,25.09462567430316,1917.2798303269715,842500.0,True,True,0.00010816869840624133,0.8991097922848664,0,,,61478.802364210234,96334.01369172322,True,True,post_v187_one_drop_one_add_whole_loan_swap,post-v187 one-swap pricing only; not multi-swap or global proof,E,D,2,2,3,4,1,1,2018,2018,PA,other
v63_source_repair_return_guarded_repair,incumbent_cvar_relaxed_source_lp,136916643,168701788,1000.0,1000.0,-173.75965426338382,-178.5860397151734,4.826385451789577,1897.0115901044578,842500.0,True,True,0.00010816869840624133,0.8991097922848664,0,,,61497.677525894425,96343.71141774028,True,True,post_v187_one_drop_one_add_whole_loan_swap,post-v187 one-swap pricing only; not multi-swap or global proof,E,C,2,1,3,3,1,1,2018,2020,PA,TX
v63_source_repair_return_guarded_repair,incumbent_cvar_relaxed_source_lp,136916643,169358871,1000.0,1000.0,-173.75965426338382,-177.86634212741987,4.106687864036047,1896.2918925167044,842500.0,True,True,0.00010816869840624133,0.8991097922848664,0,,,61507.44854322716,96331.28638270045,True,True,post_v187_one_drop_one_add_whole_loan_swap,post-v187 one-swap pricing only; not multi-swap or global proof,E,C,2,1,3,3,1,0,2018,2020,PA,VA
v63_source_repair_return_guarded_repair,incumbent_cvar_relaxed_source_lp,136916643,139506195,1000.0,1000.0,-173.75965426338382,-177.67809625327766,3.918441989893836,1896.1036466425621,842500.0,True,True,0.00010816869840624133,0.8991097922848664,0,,,61481.61386317576,96277.50475757997,True,True,post_v187_one_drop_one_add_whole_loan_swap,post-v187 one-swap pricing only; not multi-swap or global proof,E,D,2,2,3,2,1,0,2018,2018,PA,CA
v63_source_repair_return_guarded_repair,incumbent_cvar_relaxed_source_lp,136916643,156823754,1000.0,1000.0,-173.75965426338382,-183.46022770133698,9.700573437953153,1901.8857780906214,842500.0,True,True,0.00010816869840624133,0.8991097922848664,0,,,61479.21564407634,96256.59999419932,True,True,post_v187_one_drop_one_add_whole_loan_swap,post-v187 one-swap pricing only; not multi-swap or global proof,E,D,2,2,3,3,1,1,2018,2019,PA,CA
v63_source_repair_return_guarded_repair,incumbent_cvar_relaxed_source_lp,136916643,156807668,1000.0,1000.0,-173.75965426338382,-175.85010442413147,2.0904501607476504,1894.275654813416,842500.0,True,True,0.00010816869840624133,0.8991097922848664,0,,,61506.64913843507,96284.876354577,True,True,post_v187_one_drop_one_add_whole_loan_swap,post-v187 one-swap pricing only; not multi-swap or global proof,E,D,2,2,3,0,1,0,2018,2019,PA,TX
v63_source_repair_return_guarded_repair,incumbent_cvar_relaxed_source_lp,136528893,168678809,1000.0,1000.0,-23.117370829184896,-25.935876492202276,2.8185056630173797,1895.0037103156856,842500.0,True,True,0.00010816869840624133,0.8991097922848664,0,,,61428.41013367795,96196.24479954824,True,True,post_v187_one_drop_one_add_whole_loan_swap,post-v187 one-swap pricing only; not multi-swap or global proof,A,A,1,1,2,1,2,0,2018,2020,NY,IN
v63_source_repair_return_guarded_repair,incumbent_cvar_relaxed_source_lp,136528893,170390171,1000.0,1000.0,-23.117370829184896,-23.632377345499286,0.51500651631439,1892.7002111689826,842500.0,True,True,0.00010816869840624133,0.8991097922848664,0,,,61425.0046441364,96189.31199936316,True,True,post_v187_one_drop_one_add_whole_loan_swap,post-v187 one-swap pricing only; not multi-swap or global proof,A,A,1,1,2,0,2,0,2018,2020,NY,other
v63_source_repair_return_guarded_repair,incumbent_cvar_relaxed_source_lp,136607660,127672145,1000.0,1000.0,-189.1129927177471,-196.20083323856994,7.087840520822851,1899.273045173491,842500.0,True,True,0.00010816869840624133,0.8991097922848664,0,,,61477.545371834014,96325.60273421687,True,True,post_v187_one_drop_one_add_whole_loan_swap,post-v187 one-swap pricing only; not multi-swap or global proof,D,C,1,1,2,0,1,2,2018,2018,MI,other
v63_source_repair_return_guarded_repair,incumbent_cvar_relaxed_source_lp,136607660,127582382,1000.0,1000.0,-189.1129927177471,-205.52183833714096,16.408845619393873,1908.594050272062,842500.0,True,True,0.00010816869840624133,0.8991097922848664,0,,,61393.668836691315,96215.16878171006,True,True,post_v187_one_drop_one_add_whole_loan_swap,post-v187 one-swap pricing only; not multi-swap or global proof,D,D,1,2,2,3,1,0,2018,2018,MI,CA
v63_source_repair_return_guarded_repair,incumbent_cvar_relaxed_source_lp,136607660,126820122,1000.0,1000.0,-189.1129927177471,-201.89545162414464,12.782458906397551,1904.9676635590658,842500.0,True,True,0.00010816869840624133,0.8991097922848664,0,,,61436.96333287209,96277.23221985817,True,True,post_v187_one_drop_one_add_whole_loan_swap,post-v187 one-swap pricing only; not multi-swap or global proof,D,C,1,1,2,0,1,1,2018,2018,MI,other
v63_source_repair_return_guarded_repair,incumbent_cvar_relaxed_source_lp,136607660,126419064,1000.0,1000.0,-189.1129927177471,-198.85427993768698,9.741287219939892,1901.9264918726083,842500.0,True,True,0.00010816869840624133,0.8991097922848664,0,,,61410.35680944173,96234.5638137975,True,True,post_v187_one_drop_one_add_whole_loan_swap,post-v187 one-swap pricing only; not multi-swap or global proof,D,D,1,2,2,4,1,1,2018,2018,MI,other
v63_source_repair_return_guarded_repair,incumbent_cvar_relaxed_source_lp,136424787,127874931,1000.0,1000.0,-165.07561840669072,-186.9469746106631,21.87135620397237,1914.0565608566408,842500.0,True,True,0.00010816869840624133,0.8991097922848664,0,,,61409.19312409311,96215.0918728805,True,True,post_v187_one_drop_one_add_whole_loan_swap,post-v187 one-swap pricing only; not multi-swap or global proof,B,B,0,0,0,0,0,0,2018,2018,MN,MN
v63_source_repair_return_guarded_repair,incumbent_cvar_relaxed_source_lp,136424787,126733849,1000.0,1000.0,-165.07561840669072,-186.9469746106631,21.87135620397237,1914.0565608566408,842500.0,True,True,0.00010816869840624133,0.8991097922848664,0,,,61409.19312409311,96215.0918728805,True,True,post_v187_one_drop_one_add_whole_loan_swap,post-v187 one-swap pricing only; not multi-swap or global proof,B,B,0,0,0,4,0,3,2018,2018,MN,NJ
v63_source_repair_return_guarded_repair,incumbent_cvar_relaxed_source_lp,136424787,126468092,1000.0,1000.0,-165.07561840669072,-169.50590883596908,4.430290429278358,1896.6154950819466,842500.0,True,True,0.00010816869840624133,0.8991097922848664,0,,,61432.097346650495,96246.32527485324,True,True,post_v187_one_drop_one_add_whole_loan_swap,post-v187 one-swap pricing only; not multi-swap or global proof,B,B,0,0,0,1,0,2,2018,2018,MN,other
v63_source_repair_return_guarded_repair,incumbent_cvar_relaxed_source_lp,136315166,127874931,1000.0,1000.0,-159.31147457733482,-186.9469746106631,27.63550003332827,1919.8207046859966,842500.0,True,True,0.00010816869840624133,0.8991097922848664,0,,,61409.33233082811,96215.29462359774,True,True,post_v187_one_drop_one_add_whole_loan_swap,post-v187 one-swap pricing only; not multi-swap or global proof,B,B,0,0,0,0,0,0,2018,2018,AZ,MN
v63_source_repair_return_guarded_repair,incumbent_cvar_relaxed_source_lp,136315166,126733849,1000.0,1000.0,-159.31147457733482,-186.9469746106631,27.63550003332827,1919.8207046859966,842500.0,True,True,0.00010816869840624133,0.8991097922848664,0,,,61409.33233082811,96215.29462359774,True,True,post_v187_one_drop_one_add_whole_loan_swap,post-v187 one-swap pricing only; not multi-swap or global proof,B,B,0,0,0,4,0,3,2018,2018,AZ,NJ
v63_source_repair_return_guarded_repair,incumbent_cvar_relaxed_source_lp,136315166,126468092,1000.0,1000.0,-159.31147457733482,-169.50590883596908,10.19443425863426,1902.3796389113027,842500.0,True,True,0.00010816869840624133,0.8991097922848664,0,,,61432.236553385505,96246.52802557043,True,True,post_v187_one_drop_one_add_whole_loan_swap,post-v187 one-swap pricing only; not multi-swap or global proof,B,B,0,0,0,1,0,2,2018,2018,AZ,other
v63_source_repair_return_guarded_repair,incumbent_cvar_relaxed_source_lp,136288831,127874931,1000.0,1000.0,-159.91299271774713,-186.9469746106631,27.03398189291596,1919.2191865455843,842500.0,True,True,0.00010816869840624133,0.8979228486646884,0,,,61508.6527868587,96369.97305310213,True,True,post_v187_one_drop_one_add_whole_loan_swap,post-v187 one-swap pricing only; not multi-swap or global proof,D,B,1,0,2,0,3,0,2018,2018,other,MN
v63_source_repair_return_guarded_repair,incumbent_cvar_relaxed_source_lp,136288831,127672145,1000.0,1000.0,-159.91299271774713,-196.20083323856994,36.28784052082281,1928.473045173491,842500.0,True,True,0.00010816869840624133,0.8991097922848664,0,,,61477.545371834014,96325.60273421687,True,True,post_v187_one_drop_one_add_whole_loan_swap,post-v187 one-swap pricing only; not multi-swap or global proof,D,C,1,1,2,0,3,2,2018,2018,other,other
v63_source_repair_return_guarded_repair,incumbent_cvar_relaxed_source_lp,136288831,127582382,1000.0,1000.0,-159.91299271774713,-205.52183833714096,45.60884561939383,1937.7940502720621,842500.0,True,True,0.00010816869840624133,0.8991097922848664,0,,,61393.668836691315,96215.16878171006,True,True,post_v187_one_drop_one_add_whole_loan_swap,post-v187 one-swap pricing only; not multi-swap or global proof,D,D,1,2,2,3,3,0,2018,2018,other,CA
v63_source_repair_return_guarded_repair,incumbent_cvar_relaxed_source_lp,136288831,126827839,1000.0,1000.0,-159.91299271774713,-175.77898463113021,15.865991913383084,1908.0511965660514,842500.0,True,True,0.00010816869840624133,0.8991097922848664,0,,,61375.44246808875,96183.8121533021,True,True,post_v187_one_drop_one_add_whole_loan_swap,post-v187 one-swap pricing only; not multi-swap or global proof,D,E,1,2,2,0,3,4,2018,2018,other,other
v63_source_repair_return_guarded_repair,incumbent_cvar_relaxed_source_lp,136288831,126820122,1000.0,1000.0,-159.91299271774713,-201.89545162414464,41.98245890639751,1934.1676635590659,842500.0,True,True,0.00010816869840624133,0.8991097922848664,0,,,61436.96333287209,96277.23221985817,True,True,post_v187_one_drop_one_add_whole_loan_swap,post-v187 one-swap pricing only; not multi-swap or global proof,D,C,1,1,2,0,3,1,2018,2018,other,other
v63_source_repair_return_guarded_repair,incumbent_cvar_relaxed_source_lp,136288831,126733849,1000.0,1000.0,-159.91299271774713,-186.9469746106631,27.03398189291596,1919.2191865455843,842500.0,True,True,0.00010816869840624133,0.8979228486646884,0,,,61508.6527868587,96369.97305310213,True,True,post_v187_one_drop_one_add_whole_loan_swap,post-v187 one-swap pricing only; not multi-swap or global proof,D,B,1,0,2,4,3,3,2018,2018,other,NJ
v63_source_repair_return_guarded_repair,incumbent_cvar_relaxed_source_lp,136288831,126468092,1000.0,1000.0,-159.91299271774713,-169.50590883596908,9.59291611822195,1901.7781207708902,842500.0,True,True,0.00010816869840624133,0.8979228486646884,0,,,61531.55700941609,96401.20645507486,True,True,post_v187_one_drop_one_add_whole_loan_swap,post-v187 one-swap pricing only; not multi-swap or global proof,D,B,1,0,2,1,3,2,2018,2018,other,other
v63_source_repair_return_guarded_repair,incumbent_cvar_relaxed_source_lp,136288831,126419064,1000.0,1000.0,-159.91299271774713,-198.85427993768698,38.94128721993985,1931.126491872608,842500.0,True,True,0.00010816869840624133,0.8991097922848664,0,,,61410.35680944173,96234.5638137975,True,True,post_v187_one_drop_one_add_whole_loan_swap,post-v187 one-swap pricing only; not multi-swap or global proof,D,D,1,2,2,4,3,1,2018,2018,other,other
v63_source_repair_return_guarded_repair,incumbent_cvar_relaxed_source_lp,136288831,168701788,1000.0,1000.0,-159.91299271774713,-178.5860397151734,18.67304699742627,1910.8582516500946,842500.0,True,True,0.00010816869840624133,0.8991097922848664,0,,,61429.23197112592,96244.26153981459,True,True,post_v187_one_drop_one_add_whole_loan_swap,post-v187 one-swap pricing only; not multi-swap or global proof,D,C,1,1,2,3,3,1,2018,2020,other,TX
v63_source_repair_return_guarded_repair,incumbent_cvar_relaxed_source_lp,136288831,169358871,1000.0,1000.0,-159.91299271774713,-177.86634212741987,17.95334940967274,1910.138554062341,842500.0,True,True,0.00010816869840624133,0.8991097922848664,0,,,61439.002988458655,96231.83650477474,True,True,post_v187_one_drop_one_add_whole_loan_swap,post-v187 one-swap pricing only; not multi-swap or global proof,D,C,1,1,2,3,3,0,2018,2020,other,VA
v63_source_repair_return_guarded_repair,incumbent_cvar_relaxed_source_lp,136288831,139506195,1000.0,1000.0,-159.91299271774713,-177.67809625327766,17.76510353553053,1909.9503081881987,842500.0,True,True,0.00010816869840624133,0.8991097922848664,0,,,61413.16830840726,96178.05487965429,True,True,post_v187_one_drop_one_add_whole_loan_swap,post-v187 one-swap pricing only; not multi-swap or global proof,D,D,1,2,2,2,3,0,2018,2018,other,CA
v63_source_repair_return_guarded_repair,incumbent_cvar_relaxed_source_lp,136288831,156823754,1000.0,1000.0,-159.91299271774713,-183.46022770133698,23.547234983589846,1915.732439636258,842500.0,True,True,0.00010816869840624133,0.8991097922848664,0,,,61410.77008930784,96157.15011627364,True,True,post_v187_one_drop_one_add_whole_loan_swap,post-v187 one-swap pricing only; not multi-swap or global proof,D,D,1,2,2,3,3,1,2018,2019,other,CA
v63_source_repair_return_guarded_repair,incumbent_cvar_relaxed_source_lp,136288831,156807668,1000.0,1000.0,-159.91299271774713,-175.85010442413147,15.937111706384343,1908.1223163590525,842500.0,True,True,0.00010816869840624133,0.8991097922848664,0,,,61438.20358366656,96185.42647665131,True,True,post_v187_one_drop_one_add_whole_loan_swap,post-v187 one-swap pricing only; not multi-swap or global proof,D,D,1,2,2,0,3,0,2018,2019,other,TX
v63_source_repair_return_guarded_repair,incumbent_cvar_relaxed_source_lp,136272811,126523487,2000.0,2000.0,-346.7105103503359,-350.42656531605377,3.7160549657178876,1895.9012596183861,842500.0,True,True,0.00010816869840624133,0.8991097922848664,0,,,61381.43671180196,96222.38288460679,True,True,post_v187_one_drop_one_add_whole_loan_swap,post-v187 one-swap pricing only; not multi-swap or global proof,B,C,1,1,4,4,1,1,2018,2018,MD,CA
v63_source_repair_return_guarded_repair,incumbent_cvar_relaxed_source_lp,145493981,127672145,1000.0,1000.0,-188.86243065820042,-196.20083323856994,7.338402580369518,1899.5236072330379,842500.0,True,True,0.00010816869840624133,0.8991097922848664,0,,,61531.759904074395,96406.74657849324,True,True,post_v187_one_drop_one_add_whole_loan_swap,post-v187 one-swap pricing only; not multi-swap or global proof,E,C,2,1,2,0,2,2,2018,2018,other,other
v63_source_repair_return_guarded_repair,incumbent_cvar_relaxed_source_lp,145493981,127582382,1000.0,1000.0,-188.86243065820042,-205.52183833714096,16.65940767894054,1908.844612331609,842500.0,True,True,0.00010816869840624133,0.8991097922848664,0,,,61447.8833689317,96296.31262598644,True,True,post_v187_one_drop_one_add_whole_loan_swap,post-v187 one-swap pricing only; not multi-swap or global proof,E,D,2,2,2,3,2,0,2018,2018,other,CA
v63_source_repair_return_guarded_repair,incumbent_cvar_relaxed_source_lp,145493981,126820122,1000.0,1000.0,-188.86243065820042,-201.89545162414464,13.033020965944218,1905.2182256186125,842500.0,True,True,0.00010816869840624133,0.8991097922848664,0,,,61491.17786511248,96358.37606413453,True,True,post_v187_one_drop_one_add_whole_loan_swap,post-v187 one-swap pricing only; not multi-swap or global proof,E,C,2,1,2,0,2,1,2018,2018,other,other
v63_source_repair_return_guarded_repair,incumbent_cvar_relaxed_source_lp,145493981,126419064,1000.0,1000.0,-188.86243065820042,-198.85427993768698,9.991849279486559,1902.1770539321549,842500.0,True,True,0.00010816869840624133,0.8991097922848664,0,,,61464.57134168211,96315.70765807388,True,True,post_v187_one_drop_one_add_whole_loan_swap,post-v187 one-swap pricing only; not multi-swap or global proof,E,D,2,2,2,4,2,1,2018,2018,other,other
v63_source_repair_return_guarded_repair,incumbent_cvar_relaxed_source_lp,145362947,127874931,1000.0,1000.0,-183.04925380724399,-186.9469746106631,3.897720803419105,1896.0829254560874,842500.0,True,True,0.00010816869840624133,0.8991097922848664,0,,,61430.177819832315,96243.52455881781,True,True,post_v187_one_drop_one_add_whole_loan_swap,post-v187 one-swap pricing only; not multi-swap or global proof,B,B,0,0,3,0,0,0,2018,2018,other,MN
v63_source_repair_return_guarded_repair,incumbent_cvar_relaxed_source_lp,145362947,126733849,1000.0,1000.0,-183.04925380724399,-186.9469746106631,3.897720803419105,1896.0829254560874,842500.0,True,True,0.00010816869840624133,0.8991097922848664,0,,,61430.177819832315,96243.52455881781,True,True,post_v187_one_drop_one_add_whole_loan_swap,post-v187 one-swap pricing only; not multi-swap or global proof,B,B,0,0,3,4,0,3,2018,2018,other,NJ
v63_source_repair_return_guarded_repair,incumbent_cvar_relaxed_source_lp,145359336,160327845,8000.0,7500.0,195.09105682974084,186.18498239835355,8.906074431387282,1901.0912790840555,843000.0,True,True,2.099592630155911e-05,0.8991696322657177,0,,,61455.36056724256,96195.07822113305,True,True,post_v187_one_drop_one_add_whole_loan_swap,post-v187 one-swap pricing only; not multi-swap or global proof,A,A,0,0,2,4,1,0,2018,2019,other,other
v63_source_repair_return_guarded_repair,incumbent_cvar_relaxed_source_lp,145331426,127582382,1000.0,1000.0,-204.9169466117999,-205.52183833714096,0.6048917253410764,1892.7900963780094,842500.0,True,True,0.00010816869840624133,0.8991097922848664,0,,,61483.95771329341,96322.24173147691,True,True,post_v187_one_drop_one_add_whole_loan_swap,post-v187 one-swap pricing only; not multi-swap or global proof,E,D,3,2,1,3,0,0,2018,2018,other,CA
v63_source_repair_return_guarded_repair,incumbent_cvar_relaxed_source_lp,145165788,127582382,1100.0,1000.0,-198.63301899901595,-205.52183833714096,6.888819338125018,1899.0740239907932,842600.0,True,True,0.00020940614277265013,0.8990030856871588,0,,,61366.53448039366,96154.3590527403,True,True,post_v187_one_drop_one_add_whole_loan_swap,post-v187 one-swap pricing only; not multi-swap or global proof,B,D,1,2,4,3,2,0,2018,2018,CA,CA
v63_source_repair_return_guarded_repair,incumbent_cvar_relaxed_source_lp,145165788,126820122,1100.0,1000.0,-198.63301899901595,-201.89545162414464,3.262432625128696,1895.447637277797,842600.0,True,True,0.00020940614277265013,0.8990030856871588,0,,,61409.82897657443,96216.42249088842,True,True,post_v187_one_drop_one_add_whole_loan_swap,post-v187 one-swap pricing only; not multi-swap or global proof,B,C,1,1,4,0,2,1,2018,2018,CA,other
v63_source_repair_return_guarded_repair,incumbent_cvar_relaxed_source_lp,145165788,126483031,1100.0,1200.0,-198.63301899901595,-200.480236756332,1.8472177573160593,1894.0324224099843,842400.0,True,True,6.907218559226713e-06,0.8977920227920227,0,,,61460.53400622152,96278.74437353069,True,True,post_v187_one_drop_one_add_whole_loan_swap,post-v187 one-swap pricing only; not multi-swap or global proof,B,B,1,0,4,2,2,0,2018,2018,CA,FL
v63_source_repair_return_guarded_repair,incumbent_cvar_relaxed_source_lp,145165788,126419064,1100.0,1000.0,-198.63301899901595,-198.85427993768698,0.2212609386710369,1892.4064655913394,842600.0,True,True,0.00020940614277265013,0.8990030856871588,0,,,61383.22245314407,96173.75408482777,True,True,post_v187_one_drop_one_add_whole_loan_swap,post-v187 one-swap pricing only; not multi-swap or global proof,B,D,1,2,4,4,2,1,2018,2018,CA,other
v63_source_repair_return_guarded_repair,incumbent_cvar_relaxed_source_lp,145165788,165985906,1100.0,1200.0,-198.63301899901595,-203.72482836822385,5.091809369207908,1897.2770140218763,842400.0,True,True,6.907218559226713e-06,0.8992165242165242,0,,,61366.20620311027,96108.3844685306,True,True,post_v187_one_drop_one_add_whole_loan_swap,post-v187 one-swap pricing only; not multi-swap or global proof,B,C,1,1,4,3,2,4,2018,2020,CA,VA
v63_source_repair_return_guarded_repair,incumbent_cvar_relaxed_source_lp,145165788,160806330,1100.0,1200.0,-198.63301899901595,-210.10403328668124,11.471014287665298,1903.6562189403335,842400.0,True,True,6.907218559226713e-06,0.8992165242165242,0,,,61316.76891416308,95979.7607578251,True,True,post_v187_one_drop_one_add_whole_loan_swap,post-v187 one-swap pricing only; not multi-swap or global proof,B,D,1,2,4,2,2,2,2018,2019,CA,FL
v63_source_repair_return_guarded_repair,incumbent_cvar_relaxed_source_lp,145079878,127695160,1600.0,1500.0,-228.4979772708412,-235.90029594541494,7.402318674573735,1899.587523327242,842600.0,True,True,0.00020940614277265013,0.899121765962497,0,,,61455.6583127915,96302.05460326857,True,True,post_v187_one_drop_one_add_whole_loan_swap,post-v187 one-swap pricing only; not multi-swap or global proof,B,B,0,0,2,2,2,1,2018,2018,other,TX
v63_source_repair_return_guarded_repair,incumbent_cvar_relaxed_source_lp,145079878,126760355,1600.0,1500.0,-228.4979772708412,-250.40002765814089,21.90205038729968,1914.0872550399679,842600.0,True,True,0.00020940614277265013,0.899121765962497,0,,,61455.863621315104,96302.34300936852,True,True,post_v187_one_drop_one_add_whole_loan_swap,post-v187 one-swap pricing only; not multi-swap or global proof,B,B,0,0,2,1,2,0,2018,2018,other,IL
v63_source_repair_return_guarded_repair,incumbent_cvar_relaxed_source_lp,145079878,126430923,1600.0,1500.0,-228.4979772708412,-243.25029594541493,14.75231867457373,1906.937523327242,842600.0,True,True,0.00020940614277265013,0.899121765962497,0,,,61455.6583127915,96302.05460326857,True,True,post_v187_one_drop_one_add_whole_loan_swap,post-v187 one-swap pricing only; not multi-swap or global proof,B,B,0,0,2,3,2,0,2018,2018,other,other
v63_source_repair_return_guarded_repair,incumbent_cvar_relaxed_source_lp,145085915,127582382,1200.0,1000.0,-205.42499551977616,-205.52183833714096,0.09684281736480216,1892.2820474700331,842700.0,True,True,0.000310619560215053,0.8988964044143823,0,,,61409.67150962106,96237.98347166266,True,True,post_v187_one_drop_one_add_whole_loan_swap,post-v187 one-swap pricing only; not multi-swap or global proof,C,D,1,2,0,3,0,0,2018,2018,CA,CA
v63_source_repair_return_guarded_repair,incumbent_cvar_relaxed_source_lp,145085915,160806330,1200.0,1200.0,-205.42499551977616,-210.10403328668124,4.679037766905083,1896.8642424195734,842500.0,True,True,0.00010816869840624133,0.8991097922848664,0,,,61359.9059433905,96063.38517674744,True,True,post_v187_one_drop_one_add_whole_loan_swap,post-v187 one-swap pricing only; not multi-swap or global proof,C,D,1,2,0,2,0,2,2018,2019,CA,FL
v63_source_repair_return_guarded_repair,incumbent_cvar_relaxed_source_lp,145071977,127672145,1000.0,1000.0,-188.86243065820042,-196.20083323856994,7.338402580369518,1899.5236072330379,842500.0,True,True,0.00010816869840624133,0.8991097922848664,0,,,61531.759904074395,96406.74657849324,True,True,post_v187_one_drop_one_add_whole_loan_swap,post-v187 one-swap pricing only; not multi-swap or global proof,E,C,2,1,4,0,2,2,2018,2018,other,other
v63_source_repair_return_guarded_repair,incumbent_cvar_relaxed_source_lp,145071977,127582382,1000.0,1000.0,-188.86243065820042,-205.52183833714096,16.65940767894054,1908.844612331609,842500.0,True,True,0.00010816869840624133,0.8991097922848664,0,,,61447.8833689317,96296.31262598644,True,True,post_v187_one_drop_one_add_whole_loan_swap,post-v187 one-swap pricing only; not multi-swap or global proof,E,D,2,2,4,3,2,0,2018,2018,other,CA
v63_source_repair_return_guarded_repair,incumbent_cvar_relaxed_source_lp,145071977,126820122,1000.0,1000.0,-188.86243065820042,-201.89545162414464,13.033020965944218,1905.2182256186125,842500.0,True,True,0.00010816869840624133,0.8991097922848664,0,,,61491.17786511248,96358.37606413453,True,True,post_v187_one_drop_one_add_whole_loan_swap,post-v187 one-swap pricing only; not multi-swap or global proof,E,C,2,1,4,0,2,1,2018,2018,other,other
v63_source_repair_return_guarded_repair,incumbent_cvar_relaxed_source_lp,145071977,126419064,1000.0,1000.0,-188.86243065820042,-198.85427993768698,9.991849279486559,1902.1770539321549,842500.0,True,True,0.00010816869840624133,0.8991097922848664,0,,,61464.57134168211,96315.70765807388,True,True,post_v187_one_drop_one_add_whole_loan_swap,post-v187 one-swap pricing only; not multi-swap or global proof,E,D,2,2,4,4,2,1,2018,2018,other,other
v63_source_repair_return_guarded_repair,incumbent_cvar_relaxed_source_lp,145003606,168803640,2000.0,1500.0,-29.466221213231314,-30.498264963412808,1.0320437501814936,1893.2172484028497,843000.0,True,True,2.099592630155911e-05,0.8985765124555161,0,,,61435.97691580812,96208.65374029845,True,True,post_v187_one_drop_one_add_whole_loan_swap,post-v187 one-swap pricing only; not multi-swap or global proof,A,A,1,1,0,3,4,3,2018,2020,TX,IL
v63_source_repair_return_guarded_repair,incumbent_cvar_relaxed_source_lp,144526368,126483031,1200.0,1200.0,-189.01348295313088,-200.480236756332,11.46675380320113,1903.6519584558694,842500.0,True,True,0.00010816869840624133,0.8991097922848664,0,,,61430.27653957921,96248.65464774349,True,True,post_v187_one_drop_one_add_whole_loan_swap,post-v187 one-swap pricing only; not multi-swap or global proof,B,B,0,0,2,2,1,0,2018,2018,NJ,FL
v63_source_repair_return_guarded_repair,incumbent_cvar_relaxed_source_lp,144298209,168678809,1200.0,1000.0,-16.992741209743766,-25.935876492202276,8.94313528245851,1901.1283399351269,842700.0,True,True,7.328717621135628e-05,0.8988964044143823,0,,,61441.592416029336,96215.73640832385,True,True,post_v187_one_drop_one_add_whole_loan_swap,post-v187 one-swap pricing only; not multi-swap or global proof,A,A,1,1,1,1,0,0,2018,2020,VA,IN
v63_source_repair_return_guarded_repair,incumbent_cvar_relaxed_source_lp,144298209,170390171,1200.0,1000.0,-16.992741209743766,-23.632377345499286,6.63963613575552,1898.824840788424,842700.0,True,True,7.328717621135628e-05,0.8988964044143823,0,,,61438.186926487775,96208.80360813878,True,True,post_v187_one_drop_one_add_whole_loan_swap,post-v187 one-swap pricing only; not multi-swap or global proof,A,A,1,1,1,0,0,0,2018,2020,VA,other
v63_source_repair_return_guarded_repair,incumbent_cvar_relaxed_source_lp,144298209,169450190,1200.0,1000.0,-16.992741209743766,-22.58050328415853,5.587762074414766,1897.772966727083,842700.0,True,True,7.328717621135628e-05,0.8988964044143823,0,,,61420.87220199924,96173.79557481298,True,True,post_v187_one_drop_one_add_whole_loan_swap,post-v187 one-swap pricing only; not multi-swap or global proof,A,A,1,1,1,0,0,0,2018,2020,VA,AZ
v63_source_repair_return_guarded_repair,incumbent_cvar_relaxed_source_lp,144534751,126658319,3000.0,2500.0,73.15914631115284,65.23175886099214,7.927387450160694,1900.112592102829,843000.0,True,True,2.099592630155911e-05,0.8991696322657177,0,,,61477.92813872055,96283.96362795815,True,True,post_v187_one_drop_one_add_whole_loan_swap,post-v187 one-swap pricing only; not multi-swap or global proof,A,A,0,0,2,2,0,0,2018,2018,NY,PA
v63_source_repair_return_guarded_repair,incumbent_cvar_relaxed_source_lp,144206055,160327845,8000.0,7500.0,188.43913175287864,186.18498239835355,2.254149354525083,1894.4393540071933,843000.0,True,True,2.099592630155911e-05,0.8991696322657177,0,,,61371.761690016865,96063.17034454712,True,True,post_v187_one_drop_one_add_whole_loan_swap,post-v187 one-swap pricing only; not multi-swap or global proof,A,A,0,0,4,4,0,0,2018,2019,AZ,other
v63_source_repair_return_guarded_repair,incumbent_cvar_relaxed_source_lp,144306607,127582382,1100.0,1000.0,-196.7269756687091,-205.52183833714096,8.794862668431875,1900.9800673211003,842600.0,True,True,0.00020940614277265013,0.8990030856871588,0,,,61478.57563348368,96359.28119301324,True,True,post_v187_one_drop_one_add_whole_loan_swap,post-v187 one-swap pricing only; not multi-swap or global proof,E,D,2,2,2,3,0,0,2018,2018,NY,CA
v63_source_repair_return_guarded_repair,incumbent_cvar_relaxed_source_lp,144306607,126820122,1100.0,1000.0,-196.7269756687091,-201.89545162414464,5.168475955435554,1897.3536806081038,842600.0,True,True,0.00020940614277265013,0.8990030856871588,0,,,61521.87012966446,96421.34463116137,True,True,post_v187_one_drop_one_add_whole_loan_swap,post-v187 one-swap pricing only; not multi-swap or global proof,E,C,2,1,2,0,0,1,2018,2018,NY,other
v63_source_repair_return_guarded_repair,incumbent_cvar_relaxed_source_lp,144306607,126483031,1100.0,1200.0,-196.7269756687091,-200.480236756332,3.753261087622917,1895.9384657402911,842400.0,True,True,6.907218559226713e-06,0.8977920227920227,0,,,61572.57515931154,96483.66651380365,True,True,post_v187_one_drop_one_add_whole_loan_swap,post-v187 one-swap pricing only; not multi-swap or global proof,E,B,2,0,2,2,0,0,2018,2018,NY,FL
v63_source_repair_return_guarded_repair,incumbent_cvar_relaxed_source_lp,144306607,126419064,1100.0,1000.0,-196.7269756687091,-198.85427993768698,2.1273042689778947,1894.3125089216462,842600.0,True,True,0.00020940614277265013,0.8990030856871588,0,,,61495.2636062341,96378.67622510072,True,True,post_v187_one_drop_one_add_whole_loan_swap,post-v187 one-swap pricing only; not multi-swap or global proof,E,D,2,2,2,4,0,1,2018,2018,NY,other
v63_source_repair_return_guarded_repair,incumbent_cvar_relaxed_source_lp,144306607,165985906,1100.0,1200.0,-196.7269756687091,-203.72482836822385,6.997852699514766,1899.1830573521831,842400.0,True,True,6.907218559226713e-06,0.8992165242165242,0,,,61478.24735620031,96313.30660880354,True,True,post_v187_one_drop_one_add_whole_loan_swap,post-v187 one-swap pricing only; not multi-swap or global proof,E,C,2,1,2,3,0,4,2018,2020,NY,VA
v63_source_repair_return_guarded_repair,incumbent_cvar_relaxed_source_lp,144306607,160806330,1100.0,1200.0,-196.7269756687091,-210.10403328668124,13.377057617972156,1905.5622622706405,842400.0,True,True,6.907218559226713e-06,0.8992165242165242,0,,,61428.810067253115,96184.68289809804,True,True,post_v187_one_drop_one_add_whole_loan_swap,post-v187 one-swap pricing only; not multi-swap or global proof,E,D,2,2,2,2,0,2,2018,2019,NY,FL
v63_source_repair_return_guarded_repair,incumbent_cvar_relaxed_source_lp,144248829,168841753,1000.0,1000.0,-14.62747078447996,-15.58411172619063,0.9566409417106687,1893.141845594379,842500.0,True,True,0.00010816869840624133,0.8991097922848664,0,,,61409.73978955945,96170.03579655319,True,True,post_v187_one_drop_one_add_whole_loan_swap,post-v187 one-swap pricing only; not multi-swap or global proof,A,A,1,1,2,1,3,0,2018,2020,NC,NY
v63_source_repair_return_guarded_repair,incumbent_cvar_relaxed_source_lp,144248829,168678809,1000.0,1000.0,-14.62747078447996,-25.935876492202276,11.308405707722315,1903.4936103603907,842500.0,True,True,0.00010816869840624133,0.8991097922848664,0,,,61423.25364645761,96191.01215594627,True,True,post_v187_one_drop_one_add_whole_loan_swap,post-v187 one-swap pricing only; not multi-swap or global proof,A,A,1,1,2,1,3,0,2018,2020,NC,IN
v63_source_repair_return_guarded_repair,incumbent_cvar_relaxed_source_lp,144248829,170390171,1000.0,1000.0,-14.62747078447996,-23.632377345499286,9.004906561019325,1901.1901112136877,842500.0,True,True,0.00010816869840624133,0.8991097922848664,0,,,61419.848156916065,96184.07935576118,True,True,post_v187_one_drop_one_add_whole_loan_swap,post-v187 one-swap pricing only; not multi-swap or global proof,A,A,1,1,2,0,3,0,2018,2020,NC,other
v63_source_repair_return_guarded_repair,incumbent_cvar_relaxed_source_lp,144248829,169450190,1000.0,1000.0,-14.62747078447996,-22.58050328415853,7.953032499678571,1900.1382371523468,842500.0,True,True,0.00010816869840624133,0.8991097922848664,0,,,61402.53343242752,96149.07132243538,True,True,post_v187_one_drop_one_add_whole_loan_swap,post-v187 one-swap pricing only; not multi-swap or global proof,A,A,1,1,2,0,3,0,2018,2020,NC,AZ
v63_source_repair_return_guarded_repair,incumbent_cvar_relaxed_source_lp,144223623,148029832,10500.0,10000.0,252.61096148177558,247.80404423386764,4.806917247907933,1896.9921219005762,843000.0,True,True,2.099592630155911e-05,0.8991696322657177,0,,,61212.68232414295,95850.24192799123,True,True,post_v187_one_drop_one_add_whole_loan_swap,post-v187 one-swap pricing only; not multi-swap or global proof,A,A,0,0,4,4,1,0,2018,2019,MN,other
v63_source_repair_return_guarded_repair,incumbent_cvar_relaxed_source_lp,144136832,127672145,1000.0,1000.0,-189.73252834202836,-196.20083323856994,6.468304896541582,1898.65350954921,842500.0,True,True,0.00010816869840624133,0.8991097922848664,0,,,61449.01264927484,96280.23264602596,True,True,post_v187_one_drop_one_add_whole_loan_swap,post-v187 one-swap pricing only; not multi-swap or global proof,C,C,1,1,0,0,0,2,2018,2018,other,other
v63_source_repair_return_guarded_repair,incumbent_cvar_relaxed_source_lp,144136832,127582382,1000.0,1000.0,-189.73252834202836,-205.52183833714096,15.789309995112603,1907.9745146477808,842500.0,True,True,0.00010816869840624133,0.8991097922848664,0,,,61365.13611413214,96169.79869351917,True,True,post_v187_one_drop_one_add_whole_loan_swap,post-v187 one-swap pricing only; not multi-swap or global proof,C,D,1,2,0,3,0,0,2018,2018,other,CA
v63_source_repair_return_guarded_repair,incumbent_cvar_relaxed_source_lp,144136832,126820122,1000.0,1000.0,-189.73252834202836,-201.89545162414464,12.162923282116282,1904.3481279347845,842500.0,True,True,0.00010816869840624133,0.8991097922848664,0,,,61408.43061031292,96231.86213166727,True,True,post_v187_one_drop_one_add_whole_loan_swap,post-v187 one-swap pricing only; not multi-swap or global proof,C,C,1,1,0,0,0,1,2018,2018,other,other
v63_source_repair_return_guarded_repair,incumbent_cvar_relaxed_source_lp,144136832,126419064,1000.0,1000.0,-189.73252834202836,-198.85427993768698,9.121751595658623,1901.306956248327,842500.0,True,True,0.00010816869840624133,0.8991097922848664,0,,,61381.82408688255,96189.19372560664,True,True,post_v187_one_drop_one_add_whole_loan_swap,post-v187 one-swap pricing only; not multi-swap or global proof,C,D,1,2,0,4,0,1,2018,2018,other,other
v63_source_repair_return_guarded_repair,incumbent_cvar_relaxed_source_lp,143942005,127582382,1000.0,1000.0,-201.79415151059513,-205.52183833714096,3.7276868265458347,1895.912891479214,842500.0,True,True,0.00010816869840624133,0.8991097922848664,0,,,61371.84469937619,96175.5912782647,True,True,post_v187_one_drop_one_add_whole_loan_swap,post-v187 one-swap pricing only; not multi-swap or global proof,C,D,1,2,3,3,2,0,2018,2018,NY,CA
v63_source_repair_return_guarded_repair,incumbent_cvar_relaxed_source_lp,143942005,126820122,1000.0,1000.0,-201.79415151059513,-201.89545162414464,0.10130011354951307,1892.2865047662178,842500.0,True,True,0.00010816869840624133,0.8991097922848664,0,,,61415.13919555697,96237.6547164128,True,True,post_v187_one_drop_one_add_whole_loan_swap,post-v187 one-swap pricing only; not multi-swap or global proof,C,C,1,1,3,0,2,1,2018,2018,NY,other
v63_source_repair_return_guarded_repair,incumbent_cvar_relaxed_source_lp,142830014,126483031,1200.0,1200.0,-189.4715102152384,-200.480236756332,11.008726541093608,1903.193931193762,842500.0,True,True,0.00010816869840624133,0.8991097922848664,0,,,61460.24841473966,96304.38153885357,True,True,post_v187_one_drop_one_add_whole_loan_swap,post-v187 one-swap pricing only; not multi-swap or global proof,B,B,0,0,1,2,0,0,2018,2018,IL,FL
v63_source_repair_return_guarded_repair,incumbent_cvar_relaxed_source_lp,143858157,127874931,1100.0,1000.0,-168.6715367259671,-186.9469746106631,18.275437884696004,1910.4606425373643,842600.0,True,True,0.00020940614277265013,0.899121765962497,0,,,61420.918817488084,96243.54645645738,True,True,post_v187_one_drop_one_add_whole_loan_swap,post-v187 one-swap pricing only; not multi-swap or global proof,B,B,0,0,1,0,0,0,2018,2018,other,MN
v63_source_repair_return_guarded_repair,incumbent_cvar_relaxed_source_lp,143858157,126733849,1100.0,1000.0,-168.6715367259671,-186.9469746106631,18.275437884696004,1910.4606425373643,842600.0,True,True,0.00020940614277265013,0.899121765962497,0,,,61420.918817488084,96243.54645645738,True,True,post_v187_one_drop_one_add_whole_loan_swap,post-v187 one-swap pricing only; not multi-swap or global proof,B,B,0,0,1,4,0,3,2018,2018,other,NJ
v63_source_repair_return_guarded_repair,incumbent_cvar_relaxed_source_lp,143858157,126483031,1100.0,1200.0,-168.6715367259671,-200.480236756332,31.808700030364918,1923.9939046830332,842400.0,True,True,6.907218559226713e-06,0.8990978157644824,0,,,61399.93439314855,96213.1275058557,True,True,post_v187_one_drop_one_add_whole_loan_swap,post-v187 one-swap pricing only; not multi-swap or global proof,B,B,0,0,1,2,0,0,2018,2018,other,FL
v63_source_repair_return_guarded_repair,incumbent_cvar_relaxed_source_lp,143858157,126468092,1100.0,1000.0,-168.6715367259671,-169.50590883596908,0.8343721100019934,1893.0195767626703,842600.0,True,True,0.00020940614277265013,0.899121765962497,0,,,61443.82304004546,96274.77985843009,True,True,post_v187_one_drop_one_add_whole_loan_swap,post-v187 one-swap pricing only; not multi-swap or global proof,B,B,0,0,1,1,0,2,2018,2018,other,other
v63_source_repair_return_guarded_repair,incumbent_cvar_relaxed_source_lp,143738130,127695160,2000.0,1500.0,-234.68765251493338,-235.90029594541494,1.2126434304815632,1893.39784808315,843000.0,True,True,0.0006141157365032734,0.8991696322657177,0,,,61505.944633697436,96401.90766679955,True,True,post_v187_one_drop_one_add_whole_loan_swap,post-v187 one-swap pricing only; not multi-swap or global proof,B,B,0,0,3,2,0,1,2018,2018,other,TX
v63_source_repair_return_guarded_repair,incumbent_cvar_relaxed_source_lp,143738130,127281432,2000.0,2000.0,-234.68765251493338,-271.1059581396894,36.418305624756016,1928.6035102774242,842500.0,True,True,0.00010816869840624133,0.8991097922848664,0,,,61421.93437695085,96283.89468770332,True,True,post_v187_one_drop_one_add_whole_loan_swap,post-v187 one-swap pricing only; not multi-swap or global proof,B,B,0,0,3,4,0,0,2018,2018,other,other
v63_source_repair_return_guarded_repair,incumbent_cvar_relaxed_source_lp,143738130,126760355,2000.0,1500.0,-234.68765251493338,-250.40002765814089,15.71237514320751,1907.8975797958758,843000.0,True,True,0.0006141157365032734,0.8991696322657177,0,,,61506.14994222103,96402.19607289949,True,True,post_v187_one_drop_one_add_whole_loan_swap,post-v187 one-swap pricing only; not multi-swap or global proof,B,B,0,0,3,1,0,0,2018,2018,other,IL
v63_source_repair_return_guarded_repair,incumbent_cvar_relaxed_source_lp,143738130,126430923,2000.0,1500.0,-234.68765251493338,-243.25029594541493,8.562643430481558,1900.7478480831498,843000.0,True,True,0.0006141157365032734,0.8991696322657177,0,,,61505.944633697436,96401.90766679955,True,True,post_v187_one_drop_one_add_whole_loan_swap,post-v187 one-swap pricing only; not multi-swap or global proof,B,B,0,0,3,3,0,0,2018,2018,other,other
v63_source_repair_return_guarded_repair,incumbent_cvar_relaxed_source_lp,143665074,127874931,1000.0,1000.0,-186.8834468242459,-186.9469746106631,0.0635277864171826,1892.2487324390854,842500.0,True,True,0.00010816869840624133,0.8979228486646884,0,,,61536.14595409599,96406.35474014732,True,True,post_v187_one_drop_one_add_whole_loan_swap,post-v187 one-swap pricing only; not multi-swap or global proof,D,B,2,0,2,0,0,0,2018,2018,WA,MN
v63_source_repair_return_guarded_repair,incumbent_cvar_relaxed_source_lp,143665074,127672145,1000.0,1000.0,-186.8834468242459,-196.20083323856994,9.317386414324034,1901.5025910669924,842500.0,True,True,0.00010816869840624133,0.8991097922848664,0,,,61505.038539071305,96361.98442126205,True,True,post_v187_one_drop_one_add_whole_loan_swap,post-v187 one-swap pricing only; not multi-swap or global proof,D,C,2,1,2,0,0,2,2018,2018,WA,other
v63_source_repair_return_guarded_repair,incumbent_cvar_relaxed_source_lp,143665074,127582382,1000.0,1000.0,-186.8834468242459,-205.52183833714096,18.638391512895055,1910.8235961655632,842500.0,True,True,0.00010816869840624133,0.8991097922848664,0,,,61421.16200392861,96251.55046875525,True,True,post_v187_one_drop_one_add_whole_loan_swap,post-v187 one-swap pricing only; not multi-swap or global proof,D,D,2,2,2,3,0,0,2018,2018,WA,CA
v63_source_repair_return_guarded_repair,incumbent_cvar_relaxed_source_lp,143665074,126820122,1000.0,1000.0,-186.8834468242459,-201.89545162414464,15.012004799898733,1907.197209452567,842500.0,True,True,0.00010816869840624133,0.8991097922848664,0,,,61464.45650010938,96313.61390690335,True,True,post_v187_one_drop_one_add_whole_loan_swap,post-v187 one-swap pricing only; not multi-swap or global proof,D,C,2,1,2,0,0,1,2018,2018,WA,other
v63_source_repair_return_guarded_repair,incumbent_cvar_relaxed_source_lp,143665074,126733849,1000.0,1000.0,-186.8834468242459,-186.9469746106631,0.0635277864171826,1892.2487324390854,842500.0,True,True,0.00010816869840624133,0.8979228486646884,0,,,61536.14595409599,96406.35474014732,True,True,post_v187_one_drop_one_add_whole_loan_swap,post-v187 one-swap pricing only; not multi-swap or global proof,D,B,2,0,2,4,0,3,2018,2018,WA,NJ
v63_source_repair_return_guarded_repair,incumbent_cvar_relaxed_source_lp,143665074,126419064,1000.0,1000.0,-186.8834468242459,-198.85427993768698,11.970833113441074,1904.1560377661094,842500.0,True,True,0.00010816869840624133,0.8991097922848664,0,,,61437.84997667902,96270.94550084269,True,True,post_v187_one_drop_one_add_whole_loan_swap,post-v187 one-swap pricing only; not multi-swap or global proof,D,D,2,2,2,4,0,1,2018,2018,WA,other
v63_source_repair_return_guarded_repair,incumbent_cvar_relaxed_source_lp,143574491,168678809,1500.0,1000.0,-19.952608974833005,-25.935876492202276,5.983267517369271,1898.1684721700376,843000.0,True,True,2.099592630155911e-05,0.8985765124555161,0,,,61458.91962013538,96248.87738937515,True,True,post_v187_one_drop_one_add_whole_loan_swap,post-v187 one-swap pricing only; not multi-swap or global proof,A,A,1,1,3,1,1,0,2018,2020,WA,IN
v63_source_repair_return_guarded_repair,incumbent_cvar_relaxed_source_lp,143574491,168803640,1500.0,1500.0,-19.952608974833005,-30.498264963412808,10.545655988579803,1902.730860641248,842500.0,True,True,0.00010816869840624133,0.8991097922848664,0,,,61389.62276171973,96141.3140328968,True,True,post_v187_one_drop_one_add_whole_loan_swap,post-v187 one-swap pricing only; not multi-swap or global proof,A,A,1,1,3,3,1,3,2018,2020,WA,IL
v63_source_repair_return_guarded_repair,incumbent_cvar_relaxed_source_lp,143574491,170390171,1500.0,1000.0,-19.952608974833005,-23.632377345499286,3.679768370666281,1895.8649730233346,843000.0,True,True,2.099592630155911e-05,0.8985765124555161,0,,,61455.51413059382,96241.94458919008,True,True,post_v187_one_drop_one_add_whole_loan_swap,post-v187 one-swap pricing only; not multi-swap or global proof,A,A,1,1,3,0,1,0,2018,2020,WA,other
v63_source_repair_return_guarded_repair,incumbent_cvar_relaxed_source_lp,143574491,169450190,1500.0,1000.0,-19.952608974833005,-22.58050328415853,2.6278943093255265,1894.8130989619938,843000.0,True,True,2.099592630155911e-05,0.8985765124555161,0,,,61438.19940610528,96206.9365558643,True,True,post_v187_one_drop_one_add_whole_loan_swap,post-v187 one-swap pricing only; not multi-swap or global proof,A,A,1,1,3,0,1,0,2018,2020,WA,AZ
v63_source_repair_return_guarded_repair,incumbent_cvar_relaxed_source_lp,143384974,127874931,1000.0,1000.0,-169.12746621153562,-186.9469746106631,17.81950839912747,1910.0047130517958,842500.0,True,True,0.00010816869840624133,0.8979228486646884,0,,,61459.05851502443,96300.34109703139,True,True,post_v187_one_drop_one_add_whole_loan_swap,post-v187 one-swap pricing only; not multi-swap or global proof,C,B,1,0,1,0,0,0,2018,2018,NY,MN
v63_source_repair_return_guarded_repair,incumbent_cvar_relaxed_source_lp,143384974,127672145,1000.0,1000.0,-169.12746621153562,-196.20083323856994,27.073367027034323,1919.2585716797025,842500.0,True,True,0.00010816869840624133,0.8991097922848664,0,,,61427.951099999744,96255.97077814607,True,True,post_v187_one_drop_one_add_whole_loan_swap,post-v187 one-swap pricing only; not multi-swap or global proof,C,C,1,1,1,0,0,2,2018,2018,NY,other
v63_source_repair_return_guarded_repair,incumbent_cvar_relaxed_source_lp,143384974,127582382,1000.0,1000.0,-169.12746621153562,-205.52183833714096,36.394372125605344,1928.5795767782736,842500.0,True,True,0.00010816869840624133,0.8991097922848664,0,,,61344.07456485705,96145.5368256393,True,True,post_v187_one_drop_one_add_whole_loan_swap,post-v187 one-swap pricing only; not multi-swap or global proof,C,D,1,2,1,3,0,0,2018,2018,NY,CA
v63_source_repair_return_guarded_repair,incumbent_cvar_relaxed_source_lp,143384974,126827839,1000.0,1000.0,-169.12746621153562,-175.77898463113021,6.651518419594595,1898.8367230722629,842500.0,True,True,0.00010816869840624133,0.8991097922848664,0,,,61325.84819625449,96114.18019723133,True,True,post_v187_one_drop_one_add_whole_loan_swap,post-v187 one-swap pricing only; not multi-swap or global proof,C,E,1,2,1,0,0,4,2018,2018,NY,other
v63_source_repair_return_guarded_repair,incumbent_cvar_relaxed_source_lp,143384974,126820122,1000.0,1000.0,-169.12746621153562,-201.89545162414464,32.76798541260902,1924.9531900652773,842500.0,True,True,0.00010816869840624133,0.8991097922848664,0,,,61387.36906103782,96207.60026378738,True,True,post_v187_one_drop_one_add_whole_loan_swap,post-v187 one-swap pricing only; not multi-swap or global proof,C,C,1,1,1,0,0,1,2018,2018,NY,other
v63_source_repair_return_guarded_repair,incumbent_cvar_relaxed_source_lp,143384974,126733849,1000.0,1000.0,-169.12746621153562,-186.9469746106631,17.81950839912747,1910.0047130517958,842500.0,True,True,0.00010816869840624133,0.8979228486646884,0,,,61459.05851502443,96300.34109703139,True,True,post_v187_one_drop_one_add_whole_loan_swap,post-v187 one-swap pricing only; not multi-swap or global proof,C,B,1,0,1,4,0,3,2018,2018,NY,NJ
v63_source_repair_return_guarded_repair,incumbent_cvar_relaxed_source_lp,143384974,126468092,1000.0,1000.0,-169.12746621153562,-169.50590883596908,0.3784426244334611,1892.5636472771018,842500.0,True,True,0.00010816869840624133,0.8979228486646884,0,,,61481.96273758181,96331.57449900407,True,True,post_v187_one_drop_one_add_whole_loan_swap,post-v187 one-swap pricing only; not multi-swap or global proof,C,B,1,0,1,1,0,2,2018,2018,NY,other
v63_source_repair_return_guarded_repair,incumbent_cvar_relaxed_source_lp,143384974,126419064,1000.0,1000.0,-169.12746621153562,-198.85427993768698,29.726813726151363,1921.9120183788195,842500.0,True,True,0.00010816869840624133,0.8991097922848664,0,,,61360.76253760746,96164.93185772674,True,True,post_v187_one_drop_one_add_whole_loan_swap,post-v187 one-swap pricing only; not multi-swap or global proof,C,D,1,2,1,4,0,1,2018,2018,NY,other
v63_source_repair_return_guarded_repair,incumbent_cvar_relaxed_source_lp,143384974,168701788,1000.0,1000.0,-169.12746621153562,-178.5860397151734,9.45857350363778,1901.643778156306,842500.0,True,True,0.00010816869840624133,0.8991097922848664,0,,,61379.63769929165,96174.62958374378,True,True,post_v187_one_drop_one_add_whole_loan_swap,post-v187 one-swap pricing only; not multi-swap or global proof,C,C,1,1,1,3,0,1,2018,2020,NY,TX
v63_source_repair_return_guarded_repair,incumbent_cvar_relaxed_source_lp,143384974,169358871,1000.0,1000.0,-169.12746621153562,-177.86634212741987,8.73887591588425,1900.9240805685527,842500.0,True,True,0.00010816869840624133,0.8991097922848664,0,,,61389.408716624384,96162.20454870396,True,True,post_v187_one_drop_one_add_whole_loan_swap,post-v187 one-swap pricing only; not multi-swap or global proof,C,C,1,1,1,3,0,0,2018,2020,NY,VA
v63_source_repair_return_guarded_repair,incumbent_cvar_relaxed_source_lp,143384974,139506195,1000.0,1000.0,-169.12746621153562,-177.67809625327766,8.550630041742039,1900.7358346944104,842500.0,True,True,0.00010816869840624133,0.8991097922848664,0,,,61363.57403657299,96108.42292358351,True,True,post_v187_one_drop_one_add_whole_loan_swap,post-v187 one-swap pricing only; not multi-swap or global proof,C,D,1,2,1,2,0,0,2018,2018,NY,CA
v63_source_repair_return_guarded_repair,incumbent_cvar_relaxed_source_lp,143384974,156823754,1000.0,1000.0,-169.12746621153562,-183.46022770133698,14.332761489801356,1906.5179661424697,842500.0,True,True,0.00010816869840624133,0.8991097922848664,0,,,61361.17581747357,96087.51816020286,True,True,post_v187_one_drop_one_add_whole_loan_swap,post-v187 one-swap pricing only; not multi-swap or global proof,C,D,1,2,1,3,0,1,2018,2019,NY,CA
v63_source_repair_return_guarded_repair,incumbent_cvar_relaxed_source_lp,143384974,156807668,1000.0,1000.0,-169.12746621153562,-175.85010442413147,6.722638212595854,1898.9078428652642,842500.0,True,True,0.00010816869840624133,0.8991097922848664,0,,,61388.609311832275,96115.79452058054,True,True,post_v187_one_drop_one_add_whole_loan_swap,post-v187 one-swap pricing only; not multi-swap or global proof,C,D,1,2,1,0,0,0,2018,2019,NY,TX
v63_source_repair_return_guarded_repair,incumbent_cvar_relaxed_source_lp,143298636,127874931,1000.0,1000.0,-170.8325283420283,-186.9469746106631,16.114446268634794,1908.299650921303,842500.0,True,True,0.00010816869840624133,0.8979228486646884,0,,,61480.120064299525,96324.60296491128,True,True,post_v187_one_drop_one_add_whole_loan_swap,post-v187 one-swap pricing only; not multi-swap or global proof,C,B,1,0,1,0,2,0,2018,2018,other,MN
v63_source_repair_return_guarded_repair,incumbent_cvar_relaxed_source_lp,143298636,127672145,1000.0,1000.0,-170.8325283420283,-196.20083323856994,25.368304896541645,1917.55350954921,842500.0,True,True,0.00010816869840624133,0.8991097922848664,0,,,61449.01264927484,96280.23264602596,True,True,post_v187_one_drop_one_add_whole_loan_swap,post-v187 one-swap pricing only; not multi-swap or global proof,C,C,1,1,1,0,2,2,2018,2018,other,other
v63_source_repair_return_guarded_repair,incumbent_cvar_relaxed_source_lp,143298636,127582382,1000.0,1000.0,-170.8325283420283,-205.52183833714096,34.689309995112666,1926.8745146477809,842500.0,True,True,0.00010816869840624133,0.8991097922848664,0,,,61365.13611413214,96169.79869351917,True,True,post_v187_one_drop_one_add_whole_loan_swap,post-v187 one-swap pricing only; not multi-swap or global proof,C,D,1,2,1,3,2,0,2018,2018,other,CA
v63_source_repair_return_guarded_repair,incumbent_cvar_relaxed_source_lp,143298636,126827839,1000.0,1000.0,-170.8325283420283,-175.77898463113021,4.946456289101917,1897.1316609417702,842500.0,True,True,0.00010816869840624133,0.8991097922848664,0,,,61346.90974552957,96138.44206511122,True,True,post_v187_one_drop_one_add_whole_loan_swap,post-v187 one-swap pricing only; not multi-swap or global proof,C,E,1,2,1,0,2,4,2018,2018,other,other
v63_source_repair_return_guarded_repair,incumbent_cvar_relaxed_source_lp,143298636,126820122,1000.0,1000.0,-170.8325283420283,-201.89545162414464,31.062923282116344,1923.2481279347846,842500.0,True,True,0.00010816869840624133,0.8991097922848664,0,,,61408.43061031292,96231.86213166727,True,True,post_v187_one_drop_one_add_whole_loan_swap,post-v187 one-swap pricing only; not multi-swap or global proof,C,C,1,1,1,0,2,1,2018,2018,other,other
v63_source_repair_return_guarded_repair,incumbent_cvar_relaxed_source_lp,143298636,126733849,1000.0,1000.0,-170.8325283420283,-186.9469746106631,16.114446268634794,1908.299650921303,842500.0,True,True,0.00010816869840624133,0.8979228486646884,0,,,61480.120064299525,96324.60296491128,True,True,post_v187_one_drop_one_add_whole_loan_swap,post-v187 one-swap pricing only; not multi-swap or global proof,C,B,1,0,1,4,2,3,2018,2018,other,NJ
v63_source_repair_return_guarded_repair,incumbent_cvar_relaxed_source_lp,143298636,126419064,1000.0,1000.0,-170.8325283420283,-198.85427993768698,28.021751595658685,1920.206956248327,842500.0,True,True,0.00010816869840624133,0.8991097922848664,0,,,61381.82408688255,96189.19372560664,True,True,post_v187_one_drop_one_add_whole_loan_swap,post-v187 one-swap pricing only; not multi-swap or global proof,C,D,1,2,1,4,2,1,2018,2018,other,other
v63_source_repair_return_guarded_repair,incumbent_cvar_relaxed_source_lp,143298636,168701788,1000.0,1000.0,-170.8325283420283,-178.5860397151734,7.753511373145102,1899.9387160258134,842500.0,True,True,0.00010816869840624133,0.8991097922848664,0,,,61400.69924856676,96198.89145162368,True,True,post_v187_one_drop_one_add_whole_loan_swap,post-v187 one-swap pricing only; not multi-swap or global proof,C,C,1,1,1,3,2,1,2018,2020,other,TX
v63_source_repair_return_guarded_repair,incumbent_cvar_relaxed_source_lp,143298636,169358871,1000.0,1000.0,-170.8325283420283,-177.86634212741987,7.0338137853915725,1899.21901843806,842500.0,True,True,0.00010816869840624133,0.8991097922848664,0,,,61410.47026589948,96186.46641658385,True,True,post_v187_one_drop_one_add_whole_loan_swap,post-v187 one-swap pricing only; not multi-swap or global proof,C,C,1,1,1,3,2,0,2018,2020,other,VA
v63_source_repair_return_guarded_repair,incumbent_cvar_relaxed_source_lp,143298636,139506195,1000.0,1000.0,-170.8325283420283,-177.67809625327766,6.845567911249361,1899.0307725639177,842500.0,True,True,0.00010816869840624133,0.8991097922848664,0,,,61384.635585848075,96132.6847914634,True,True,post_v187_one_drop_one_add_whole_loan_swap,post-v187 one-swap pricing only; not multi-swap or global proof,C,D,1,2,1,2,2,0,2018,2018,other,CA
v63_source_repair_return_guarded_repair,incumbent_cvar_relaxed_source_lp,143298636,156823754,1000.0,1000.0,-170.8325283420283,-183.46022770133698,12.627699359308679,1904.812904011977,842500.0,True,True,0.00010816869840624133,0.8991097922848664,0,,,61382.23736674867,96111.78002808274,True,True,post_v187_one_drop_one_add_whole_loan_swap,post-v187 one-swap pricing only; not multi-swap or global proof,C,D,1,2,1,3,2,1,2018,2019,other,CA
v63_source_repair_return_guarded_repair,incumbent_cvar_relaxed_source_lp,143298636,156807668,1000.0,1000.0,-170.8325283420283,-175.85010442413147,5.017576082103176,1897.2027807347715,842500.0,True,True,0.00010816869840624133,0.8991097922848664,0,,,61409.67086110738,96140.05638846042,True,True,post_v187_one_drop_one_add_whole_loan_swap,post-v187 one-swap pricing only; not multi-swap or global proof,C,D,1,2,1,0,2,0,2018,2019,other,TX
v63_source_repair_return_guarded_repair,incumbent_cvar_relaxed_source_lp,143261301,129934914,2200.0,1650.0,45.41923329018861,44.68807959855301,0.7311536916355976,1892.916358344304,843050.0,True,True,1.2284336182610822e-05,0.8991756123598837,0,,,61492.34407420136,96298.52877031374,True,True,post_v187_one_drop_one_add_whole_loan_swap,post-v187 one-swap pricing only; not multi-swap or global proof,A,A,0,0,2,3,0,0,2018,2018,CA,PA
v63_source_repair_return_guarded_repair,incumbent_cvar_relaxed_source_lp,143278940,127695160,1500.0,1500.0,-223.96024592785653,-235.90029594541494,11.940050017558406,1904.1252546702267,842500.0,True,True,0.00010816869840624133,0.8991097922848664,0,,,61423.39963799714,96267.98491208264,True,True,post_v187_one_drop_one_add_whole_loan_swap,post-v187 one-swap pricing only; not multi-swap or global proof,B,B,0,0,4,2,0,1,2018,2018,MD,TX
v63_source_repair_return_guarded_repair,incumbent_cvar_relaxed_source_lp,143278940,126760355,1500.0,1500.0,-223.96024592785653,-250.40002765814089,26.439781730284352,1918.6249863829526,842500.0,True,True,0.00010816869840624133,0.8991097922848664,0,,,61423.604946520754,96268.27331818259,True,True,post_v187_one_drop_one_add_whole_loan_swap,post-v187 one-swap pricing only; not multi-swap or global proof,B,B,0,0,4,1,0,0,2018,2018,MD,IL
v63_source_repair_return_guarded_repair,incumbent_cvar_relaxed_source_lp,143278940,126430923,1500.0,1500.0,-223.96024592785653,-243.25029594541493,19.2900500175584,1911.4752546702266,842500.0,True,True,0.00010816869840624133,0.8991097922848664,0,,,61423.39963799714,96267.98491208264,True,True,post_v187_one_drop_one_add_whole_loan_swap,post-v187 one-swap pricing only; not multi-swap or global proof,B,B,0,0,4,3,0,0,2018,2018,MD,other
v63_source_repair_return_guarded_repair,incumbent_cvar_relaxed_source_lp,142973413,127874931,1000.0,1000.0,-179.69170236503285,-186.9469746106631,7.255272245630238,1899.4404768982986,842500.0,True,True,0.00010816869840624133,0.8979228486646884,0,,,61553.53228687062,96449.67732450423,True,True,post_v187_one_drop_one_add_whole_loan_swap,post-v187 one-swap pricing only; not multi-swap or global proof,E,B,2,0,0,0,0,0,2018,2018,PA,MN
v63_source_repair_return_guarded_repair,incumbent_cvar_relaxed_source_lp,142973413,127672145,1000.0,1000.0,-179.69170236503285,-196.20083323856994,16.50913087353709,1908.6943355262054,842500.0,True,True,0.00010816869840624133,0.8991097922848664,0,,,61522.42487184593,96405.30700561896,True,True,post_v187_one_drop_one_add_whole_loan_swap,post-v187 one-swap pricing only; not multi-swap or global proof,E,C,2,1,0,0,0,2,2018,2018,PA,other
v63_source_repair_return_guarded_repair,incumbent_cvar_relaxed_source_lp,142973413,127582382,1000.0,1000.0,-179.69170236503285,-205.52183833714096,25.83013597210811,1918.0153406247764,842500.0,True,True,0.00010816869840624133,0.8991097922848664,0,,,61438.548336703236,96294.87305311215,True,True,post_v187_one_drop_one_add_whole_loan_swap,post-v187 one-swap pricing only; not multi-swap or global proof,E,D,2,2,0,3,0,0,2018,2018,PA,CA
v63_source_repair_return_guarded_repair,incumbent_cvar_relaxed_source_lp,142973413,126820122,1000.0,1000.0,-179.69170236503285,-201.89545162414464,22.203749259111788,1914.3889539117802,842500.0,True,True,0.00010816869840624133,0.8991097922848664,0,,,61481.84283288401,96356.93649126025,True,True,post_v187_one_drop_one_add_whole_loan_swap,post-v187 one-swap pricing only; not multi-swap or global proof,E,C,2,1,0,0,0,1,2018,2018,PA,other
v63_source_repair_return_guarded_repair,incumbent_cvar_relaxed_source_lp,142973413,126733849,1000.0,1000.0,-179.69170236503285,-186.9469746106631,7.255272245630238,1899.4404768982986,842500.0,True,True,0.00010816869840624133,0.8979228486646884,0,,,61553.53228687062,96449.67732450423,True,True,post_v187_one_drop_one_add_whole_loan_swap,post-v187 one-swap pricing only; not multi-swap or global proof,E,B,2,0,0,4,0,3,2018,2018,PA,NJ
v63_source_repair_return_guarded_repair,incumbent_cvar_relaxed_source_lp,142973413,126419064,1000.0,1000.0,-179.69170236503285,-198.85427993768698,19.16257757265413,1911.3477822253224,842500.0,True,True,0.00010816869840624133,0.8991097922848664,0,,,61455.23630945365,96314.26808519961,True,True,post_v187_one_drop_one_add_whole_loan_swap,post-v187 one-swap pricing only; not multi-swap or global proof,E,D,2,2,0,4,0,1,2018,2018,PA,other
v63_source_repair_return_guarded_repair,incumbent_cvar_relaxed_source_lp,142973413,156823754,1000.0,1000.0,-179.69170236503285,-183.46022770133698,3.7685253363041227,1895.9537299889723,842500.0,True,True,0.00010816869840624133,0.8991097922848664,0,,,61455.64958931976,96236.85438767572,True,True,post_v187_one_drop_one_add_whole_loan_swap,post-v187 one-swap pricing only; not multi-swap or global proof,E,D,2,2,0,3,0,1,2018,2019,PA,CA
v63_source_repair_return_guarded_repair,incumbent_cvar_relaxed_source_lp,143136725,127874931,1000.0,1000.0,-177.5369868619323,-186.9469746106631,9.4099877487308,1901.5951924013991,842500.0,True,True,0.00010816869840624133,0.8979228486646884,0,,,61625.29164492732,96551.10141871248,True,True,post_v187_one_drop_one_add_whole_loan_swap,post-v187 one-swap pricing only; not multi-swap or global proof,F,B,3,0,1,0,3,0,2018,2018,OH,MN
v63_source_repair_return_guarded_repair,incumbent_cvar_relaxed_source_lp,143136725,127672145,1000.0,1000.0,-177.5369868619323,-196.20083323856994,18.66384637663765,1910.8490510293059,842500.0,True,True,0.00010816869840624133,0.8991097922848664,0,,,61594.18422990262,96506.73109982719,True,True,post_v187_one_drop_one_add_whole_loan_swap,post-v187 one-swap pricing only; not multi-swap or global proof,F,C,3,1,1,0,3,2,2018,2018,OH,other
v63_source_repair_return_guarded_repair,incumbent_cvar_relaxed_source_lp,143136725,127582382,1000.0,1000.0,-177.5369868619323,-205.52183833714096,27.98485147520867,1920.170056127877,842500.0,True,True,0.00010816869840624133,0.8991097922848664,0,,,61510.30769475993,96396.29714732037,True,True,post_v187_one_drop_one_add_whole_loan_swap,post-v187 one-swap pricing only; not multi-swap or global proof,F,D,3,2,1,3,3,0,2018,2018,OH,CA
v63_source_repair_return_guarded_repair,incumbent_cvar_relaxed_source_lp,143136725,126820122,1000.0,1000.0,-177.5369868619323,-201.89545162414464,24.35846476221235,1916.5436694148807,842500.0,True,True,0.00010816869840624133,0.8991097922848664,0,,,61553.6021909407,96458.36058546849,True,True,post_v187_one_drop_one_add_whole_loan_swap,post-v187 one-swap pricing only; not multi-swap or global proof,F,C,3,1,1,0,3,1,2018,2018,OH,other
v63_source_repair_return_guarded_repair,incumbent_cvar_relaxed_source_lp,143136725,126733849,1000.0,1000.0,-177.5369868619323,-186.9469746106631,9.4099877487308,1901.5951924013991,842500.0,True,True,0.00010816869840624133,0.8979228486646884,0,,,61625.29164492732,96551.10141871248,True,True,post_v187_one_drop_one_add_whole_loan_swap,post-v187 one-swap pricing only; not multi-swap or global proof,F,B,3,0,1,4,3,3,2018,2018,OH,NJ
v63_source_repair_return_guarded_repair,incumbent_cvar_relaxed_source_lp,143136725,126419064,1000.0,1000.0,-177.5369868619323,-198.85427993768698,21.31729307575469,1913.502497728423,842500.0,True,True,0.00010816869840624133,0.8991097922848664,0,,,61526.99566751034,96415.69217940782,True,True,post_v187_one_drop_one_add_whole_loan_swap,post-v187 one-swap pricing only; not multi-swap or global proof,F,D,3,2,1,4,3,1,2018,2018,OH,other
v63_source_repair_return_guarded_repair,incumbent_cvar_relaxed_source_lp,143136725,168701788,1000.0,1000.0,-177.5369868619323,-178.5860397151734,1.0490528532411076,1893.2342575059095,842500.0,True,True,0.00010816869840624133,0.8991097922848664,0,,,61545.870829194544,96425.38990542488,True,True,post_v187_one_drop_one_add_whole_loan_swap,post-v187 one-swap pricing only; not multi-swap or global proof,F,C,3,1,1,3,3,1,2018,2020,OH,TX
v63_source_repair_return_guarded_repair,incumbent_cvar_relaxed_source_lp,143136725,169358871,1000.0,1000.0,-177.5369868619323,-177.86634212741987,0.3293552654875782,1892.5145599181558,842500.0,True,True,0.00010816869840624133,0.8991097922848664,0,,,61555.64184652727,96412.96487038505,True,True,post_v187_one_drop_one_add_whole_loan_swap,post-v187 one-swap pricing only; not multi-swap or global proof,F,C,3,1,1,3,3,0,2018,2020,OH,VA
v63_source_repair_return_guarded_repair,incumbent_cvar_relaxed_source_lp,143136725,139506195,1000.0,1000.0,-177.5369868619323,-177.67809625327766,0.14110939134536693,1892.3263140440135,842500.0,True,True,0.00010816869840624133,0.8991097922848664,0,,,61529.80716647587,96359.1832452646,True,True,post_v187_one_drop_one_add_whole_loan_swap,post-v187 one-swap pricing only; not multi-swap or global proof,F,D,3,2,1,2,3,0,2018,2018,OH,CA
v63_source_repair_return_guarded_repair,incumbent_cvar_relaxed_source_lp,143136725,156823754,1000.0,1000.0,-177.5369868619323,-183.46022770133698,5.923240839404684,1898.1084454920729,842500.0,True,True,0.00010816869840624133,0.8991097922848664,0,,,61527.40894737646,96338.27848188393,True,True,post_v187_one_drop_one_add_whole_loan_swap,post-v187 one-swap pricing only; not multi-swap or global proof,F,D,3,2,1,3,3,1,2018,2019,OH,CA
v63_source_repair_return_guarded_repair,incumbent_cvar_relaxed_source_lp,143029391,127874931,1000.0,1000.0,-170.8325283420283,-186.9469746106631,16.114446268634794,1908.299650921303,842500.0,True,True,0.00010816869840624133,0.8979228486646884,0,,,61480.120064299525,96324.60296491128,True,True,post_v187_one_drop_one_add_whole_loan_swap,post-v187 one-swap pricing only; not multi-swap or global proof,C,B,1,0,2,0,0,0,2018,2018,IL,MN
v63_source_repair_return_guarded_repair,incumbent_cvar_relaxed_source_lp,143029391,127672145,1000.0,1000.0,-170.8325283420283,-196.20083323856994,25.368304896541645,1917.55350954921,842500.0,True,True,0.00010816869840624133,0.8991097922848664,0,,,61449.01264927484,96280.23264602596,True,True,post_v187_one_drop_one_add_whole_loan_swap,post-v187 one-swap pricing only; not multi-swap or global proof,C,C,1,1,2,0,0,2,2018,2018,IL,other
v63_source_repair_return_guarded_repair,incumbent_cvar_relaxed_source_lp,143029391,127582382,1000.0,1000.0,-170.8325283420283,-205.52183833714096,34.689309995112666,1926.8745146477809,842500.0,True,True,0.00010816869840624133,0.8991097922848664,0,,,61365.13611413214,96169.79869351917,True,True,post_v187_one_drop_one_add_whole_loan_swap,post-v187 one-swap pricing only; not multi-swap or global proof,C,D,1,2,2,3,0,0,2018,2018,IL,CA
v63_source_repair_return_guarded_repair,incumbent_cvar_relaxed_source_lp,143029391,126827839,1000.0,1000.0,-170.8325283420283,-175.77898463113021,4.946456289101917,1897.1316609417702,842500.0,True,True,0.00010816869840624133,0.8991097922848664,0,,,61346.90974552957,96138.44206511122,True,True,post_v187_one_drop_one_add_whole_loan_swap,post-v187 one-swap pricing only; not multi-swap or global proof,C,E,1,2,2,0,0,4,2018,2018,IL,other
v63_source_repair_return_guarded_repair,incumbent_cvar_relaxed_source_lp,143029391,126820122,1000.0,1000.0,-170.8325283420283,-201.89545162414464,31.062923282116344,1923.2481279347846,842500.0,True,True,0.00010816869840624133,0.8991097922848664,0,,,61408.43061031292,96231.86213166727,True,True,post_v187_one_drop_one_add_whole_loan_swap,post-v187 one-swap pricing only; not multi-swap or global proof,C,C,1,1,2,0,0,1,2018,2018,IL,other
v63_source_repair_return_guarded_repair,incumbent_cvar_relaxed_source_lp,143029391,126733849,1000.0,1000.0,-170.8325283420283,-186.9469746106631,16.114446268634794,1908.299650921303,842500.0,True,True,0.00010816869840624133,0.8979228486646884,0,,,61480.120064299525,96324.60296491128,True,True,post_v187_one_drop_one_add_whole_loan_swap,post-v187 one-swap pricing only; not multi-swap or global proof,C,B,1,0,2,4,0,3,2018,2018,IL,NJ
v63_source_repair_return_guarded_repair,incumbent_cvar_relaxed_source_lp,143029391,126419064,1000.0,1000.0,-170.8325283420283,-198.85427993768698,28.021751595658685,1920.206956248327,842500.0,True,True,0.00010816869840624133,0.8991097922848664,0,,,61381.82408688255,96189.19372560664,True,True,post_v187_one_drop_one_add_whole_loan_swap,post-v187 one-swap pricing only; not multi-swap or global proof,C,D,1,2,2,4,0,1,2018,2018,IL,other
v63_source_repair_return_guarded_repair,incumbent_cvar_relaxed_source_lp,143029391,168701788,1000.0,1000.0,-170.8325283420283,-178.5860397151734,7.753511373145102,1899.9387160258134,842500.0,True,True,0.00010816869840624133,0.8991097922848664,0,,,61400.69924856676,96198.89145162368,True,True,post_v187_one_drop_one_add_whole_loan_swap,post-v187 one-swap pricing only; not multi-swap or global proof,C,C,1,1,2,3,0,1,2018,2020,IL,TX
v63_source_repair_return_guarded_repair,incumbent_cvar_relaxed_source_lp,143029391,169358871,1000.0,1000.0,-170.8325283420283,-177.86634212741987,7.0338137853915725,1899.21901843806,842500.0,True,True,0.00010816869840624133,0.8991097922848664,0,,,61410.47026589948,96186.46641658385,True,True,post_v187_one_drop_one_add_whole_loan_swap,post-v187 one-swap pricing only; not multi-swap or global proof,C,C,1,1,2,3,0,0,2018,2020,IL,VA
v63_source_repair_return_guarded_repair,incumbent_cvar_relaxed_source_lp,143029391,139506195,1000.0,1000.0,-170.8325283420283,-177.67809625327766,6.845567911249361,1899.0307725639177,842500.0,True,True,0.00010816869840624133,0.8991097922848664,0,,,61384.635585848075,96132.6847914634,True,True,post_v187_one_drop_one_add_whole_loan_swap,post-v187 one-swap pricing only; not multi-swap or global proof,C,D,1,2,2,2,0,0,2018,2018,IL,CA
v63_source_repair_return_guarded_repair,incumbent_cvar_relaxed_source_lp,143029391,156823754,1000.0,1000.0,-170.8325283420283,-183.46022770133698,12.627699359308679,1904.812904011977,842500.0,True,True,0.00010816869840624133,0.8991097922848664,0,,,61382.23736674867,96111.78002808274,True,True,post_v187_one_drop_one_add_whole_loan_swap,post-v187 one-swap pricing only; not multi-swap or global proof,C,D,1,2,2,3,0,1,2018,2019,IL,CA
v63_source_repair_return_guarded_repair,incumbent_cvar_relaxed_source_lp,143029391,156807668,1000.0,1000.0,-170.8325283420283,-175.85010442413147,5.017576082103176,1897.2027807347715,842500.0,True,True,0.00010816869840624133,0.8991097922848664,0,,,61409.67086110738,96140.05638846042,True,True,post_v187_one_drop_one_add_whole_loan_swap,post-v187 one-swap pricing only; not multi-swap or global proof,C,D,1,2,2,0,0,0,2018,2019,IL,TX
v63_source_repair_return_guarded_repair,incumbent_cvar_relaxed_source_lp,143126474,168841753,1000.0,1000.0,-10.601739316555324,-15.58411172619063,4.982372409635305,1897.1675770623035,842500.0,True,True,0.00010816869840624133,0.8991097922848664,0,,,61402.006136093056,96157.48855286559,True,True,post_v187_one_drop_one_add_whole_loan_swap,post-v187 one-swap pricing only; not multi-swap or global proof,A,A,1,1,2,1,4,0,2018,2020,TX,NY
v63_source_repair_return_guarded_repair,incumbent_cvar_relaxed_source_lp,143126474,168678809,1000.0,1000.0,-10.601739316555324,-25.935876492202276,15.334137175646951,1907.5193418283152,842500.0,True,True,0.00010816869840624133,0.8991097922848664,0,,,61415.51999299124,96178.46491225864,True,True,post_v187_one_drop_one_add_whole_loan_swap,post-v187 one-swap pricing only; not multi-swap or global proof,A,A,1,1,2,1,4,0,2018,2020,TX,IN
v63_source_repair_return_guarded_repair,incumbent_cvar_relaxed_source_lp,143126474,170390171,1000.0,1000.0,-10.601739316555324,-23.632377345499286,13.030638028943962,1905.2158426816122,842500.0,True,True,0.00010816869840624133,0.8991097922848664,0,,,61412.11450344968,96171.53211207356,True,True,post_v187_one_drop_one_add_whole_loan_swap,post-v187 one-swap pricing only; not multi-swap or global proof,A,A,1,1,2,0,4,0,2018,2020,TX,other
v63_source_repair_return_guarded_repair,incumbent_cvar_relaxed_source_lp,143126474,169450190,1000.0,1000.0,-10.601739316555324,-22.58050328415853,11.978763967603207,1904.1639686202716,842500.0,True,True,0.00010816869840624133,0.8991097922848664,0,,,61394.79977896113,96136.52407874778,True,True,post_v187_one_drop_one_add_whole_loan_swap,post-v187 one-swap pricing only; not multi-swap or global proof,A,A,1,1,2,0,4,0,2018,2020,TX,AZ
v63_source_repair_return_guarded_repair,incumbent_cvar_relaxed_source_lp,143078336,127874931,1000.0,1000.0,-185.09415151059494,-186.9469746106631,1.85282310006815,1894.0380277527365,842500.0,True,True,0.00010816869840624133,0.8979228486646884,0,,,61486.82864954357,96330.3955496568,True,True,post_v187_one_drop_one_add_whole_loan_swap,post-v187 one-swap pricing only; not multi-swap or global proof,C,B,1,0,0,0,0,0,2018,2018,CO,MN
v63_source_repair_return_guarded_repair,incumbent_cvar_relaxed_source_lp,143078336,127672145,1000.0,1000.0,-185.09415151059494,-196.20083323856994,11.106681727975001,1903.2918863806433,842500.0,True,True,0.00010816869840624133,0.8991097922848664,0,,,61455.72123451888,96286.0252307715,True,True,post_v187_one_drop_one_add_whole_loan_swap,post-v187 one-swap pricing only; not multi-swap or global proof,C,C,1,1,0,0,0,2,2018,2018,CO,other
v63_source_repair_return_guarded_repair,incumbent_cvar_relaxed_source_lp,143078336,127582382,1000.0,1000.0,-185.09415151059494,-205.52183833714096,20.427686826546022,1912.6128914792143,842500.0,True,True,0.00010816869840624133,0.8991097922848664,0,,,61371.84469937619,96175.5912782647,True,True,post_v187_one_drop_one_add_whole_loan_swap,post-v187 one-swap pricing only; not multi-swap or global proof,C,D,1,2,0,3,0,0,2018,2018,CO,CA
v63_source_repair_return_guarded_repair,incumbent_cvar_relaxed_source_lp,143078336,126820122,1000.0,1000.0,-185.09415151059494,-201.89545162414464,16.8013001135497,1908.9865047662179,842500.0,True,True,0.00010816869840624133,0.8991097922848664,0,,,61415.13919555697,96237.6547164128,True,True,post_v187_one_drop_one_add_whole_loan_swap,post-v187 one-swap pricing only; not multi-swap or global proof,C,C,1,1,0,0,0,1,2018,2018,CO,other
v63_source_repair_return_guarded_repair,incumbent_cvar_relaxed_source_lp,143078336,126733849,1000.0,1000.0,-185.09415151059494,-186.9469746106631,1.85282310006815,1894.0380277527365,842500.0,True,True,0.00010816869840624133,0.8979228486646884,0,,,61486.82864954357,96330.3955496568,True,True,post_v187_one_drop_one_add_whole_loan_swap,post-v187 one-swap pricing only; not multi-swap or global proof,C,B,1,0,0,4,0,3,2018,2018,CO,NJ
v63_source_repair_return_guarded_repair,incumbent_cvar_relaxed_source_lp,143078336,126419064,1000.0,1000.0,-185.09415151059494,-198.85427993768698,13.760128427092042,1905.9453330797603,842500.0,True,True,0.00010816869840624133,0.8991097922848664,0,,,61388.5326721266,96194.98631035218,True,True,post_v187_one_drop_one_add_whole_loan_swap,post-v187 one-swap pricing only; not multi-swap or global proof,C,D,1,2,0,4,0,1,2018,2018,CO,other
v63_source_repair_return_guarded_repair,incumbent_cvar_relaxed_source_lp,142821489,126523487,2000.0,2000.0,-340.8025547680644,-350.42656531605377,9.624010547989371,1901.8092152006577,842500.0,True,True,0.00010816869840624133,0.8991097922848664,0,,,61351.189773728736,96196.84620923681,True,True,post_v187_one_drop_one_add_whole_loan_swap,post-v187 one-swap pricing only; not multi-swap or global proof,B,C,1,1,3,4,1,1,2018,2018,VA,CA
v63_source_repair_return_guarded_repair,incumbent_cvar_relaxed_source_lp,142915519,127582382,1000.0,1000.0,-203.41089900797834,-205.52183833714096,2.110939329162619,1894.296143981831,842500.0,True,True,0.00010816869840624133,0.8991097922848664,0,,,61364.20014973791,96169.32252553165,True,True,post_v187_one_drop_one_add_whole_loan_swap,post-v187 one-swap pricing only; not multi-swap or global proof,C,D,1,2,2,3,0,0,2018,2018,CA,CA
v63_source_repair_return_guarded_repair,incumbent_cvar_relaxed_source_lp,142788126,127582382,1000.0,1000.0,-202.2889332751966,-205.52183833714096,3.232905061944365,1895.4181097146127,842500.0,True,True,0.00010816869840624133,0.8991097922848664,0,,,61377.97861493743,96182.12582897299,True,True,post_v187_one_drop_one_add_whole_loan_swap,post-v187 one-swap pricing only; not multi-swap or global proof,C,D,2,2,3,3,3,0,2018,2018,other,CA
v63_source_repair_return_guarded_repair,incumbent_cvar_relaxed_source_lp,142547301,127874931,1000.0,1000.0,-171.39694085680853,-186.9469746106631,15.550033753854564,1907.735238406523,842500.0,True,True,0.00010816869840624133,0.8979228486646884,0,,,61535.247008978746,96407.24257527657,True,True,post_v187_one_drop_one_add_whole_loan_swap,post-v187 one-swap pricing only; not multi-swap or global proof,D,B,2,0,2,0,2,0,2018,2018,MN,MN
v63_source_repair_return_guarded_repair,incumbent_cvar_relaxed_source_lp,142547301,127672145,1000.0,1000.0,-171.39694085680853,-196.20083323856994,24.803892381761415,1916.9890970344297,842500.0,True,True,0.00010816869840624133,0.8991097922848664,0,,,61504.13959395406,96362.87225639129,True,True,post_v187_one_drop_one_add_whole_loan_swap,post-v187 one-swap pricing only; not multi-swap or global proof,D,C,2,1,2,0,2,2,2018,2018,MN,other
v63_source_repair_return_guarded_repair,incumbent_cvar_relaxed_source_lp,142547301,127582382,1000.0,1000.0,-171.39694085680853,-205.52183833714096,34.124897480332436,1926.3101021330008,842500.0,True,True,0.00010816869840624133,0.8991097922848664,0,,,61420.26305881137,96252.43830388448,True,True,post_v187_one_drop_one_add_whole_loan_swap,post-v187 one-swap pricing only; not multi-swap or global proof,D,D,2,2,2,3,2,0,2018,2018,MN,CA
v63_source_repair_return_guarded_repair,incumbent_cvar_relaxed_source_lp,142547301,126827839,1000.0,1000.0,-171.39694085680853,-175.77898463113021,4.382043774321687,1896.5672484269899,842500.0,True,True,0.00010816869840624133,0.8991097922848664,0,,,61402.03669020881,96221.08167547653,True,True,post_v187_one_drop_one_add_whole_loan_swap,post-v187 one-swap pricing only; not multi-swap or global proof,D,E,2,2,2,0,2,4,2018,2018,MN,other
v63_source_repair_return_guarded_repair,incumbent_cvar_relaxed_source_lp,142547301,126820122,1000.0,1000.0,-171.39694085680853,-201.89545162414464,30.498510767336114,1922.6837154200043,842500.0,True,True,0.00010816869840624133,0.8991097922848664,0,,,61463.55755499214,96314.50174203257,True,True,post_v187_one_drop_one_add_whole_loan_swap,post-v187 one-swap pricing only; not multi-swap or global proof,D,C,2,1,2,0,2,1,2018,2018,MN,other
v63_source_repair_return_guarded_repair,incumbent_cvar_relaxed_source_lp,142547301,126733849,1000.0,1000.0,-171.39694085680853,-186.9469746106631,15.550033753854564,1907.735238406523,842500.0,True,True,0.00010816869840624133,0.8979228486646884,0,,,61535.247008978746,96407.24257527657,True,True,post_v187_one_drop_one_add_whole_loan_swap,post-v187 one-swap pricing only; not multi-swap or global proof,D,B,2,0,2,4,2,3,2018,2018,MN,NJ
v63_source_repair_return_guarded_repair,incumbent_cvar_relaxed_source_lp,142547301,126419064,1000.0,1000.0,-171.39694085680853,-198.85427993768698,27.457339080878455,1919.6425437335467,842500.0,True,True,0.00010816869840624133,0.8991097922848664,0,,,61436.95103156178,96271.83333597193,True,True,post_v187_one_drop_one_add_whole_loan_swap,post-v187 one-swap pricing only; not multi-swap or global proof,D,D,2,2,2,4,2,1,2018,2018,MN,other
v63_source_repair_return_guarded_repair,incumbent_cvar_relaxed_source_lp,142547301,168701788,1000.0,1000.0,-171.39694085680853,-178.5860397151734,7.189098858364872,1899.374303511033,842500.0,True,True,0.00010816869840624133,0.8991097922848664,0,,,61455.82619324597,96281.53106198896,True,True,post_v187_one_drop_one_add_whole_loan_swap,post-v187 one-swap pricing only; not multi-swap or global proof,D,C,2,1,2,3,2,1,2018,2020,MN,TX
v63_source_repair_return_guarded_repair,incumbent_cvar_relaxed_source_lp,142547301,169358871,1000.0,1000.0,-171.39694085680853,-177.86634212741987,6.469401270611343,1898.6546059232796,842500.0,True,True,0.00010816869840624133,0.8991097922848664,0,,,61465.597210578715,96269.10602694914,True,True,post_v187_one_drop_one_add_whole_loan_swap,post-v187 one-swap pricing only; not multi-swap or global proof,D,C,2,1,2,3,2,0,2018,2020,MN,VA
v63_source_repair_return_guarded_repair,incumbent_cvar_relaxed_source_lp,142547301,139506195,1000.0,1000.0,-171.39694085680853,-177.67809625327766,6.281155396469131,1898.4663600491374,842500.0,True,True,0.00010816869840624133,0.8991097922848664,0,,,61439.7625305273,96215.32440182871,True,True,post_v187_one_drop_one_add_whole_loan_swap,post-v187 one-swap pricing only; not multi-swap or global proof,D,D,2,2,2,2,2,0,2018,2018,MN,CA
v63_source_repair_return_guarded_repair,incumbent_cvar_relaxed_source_lp,142547301,156823754,1000.0,1000.0,-171.39694085680853,-183.46022770133698,12.063286844528449,1904.2484914971967,842500.0,True,True,0.00010816869840624133,0.8991097922848664,0,,,61437.3643114279,96194.41963844803,True,True,post_v187_one_drop_one_add_whole_loan_swap,post-v187 one-swap pricing only; not multi-swap or global proof,D,D,2,2,2,3,2,1,2018,2019,MN,CA
v63_source_repair_return_guarded_repair,incumbent_cvar_relaxed_source_lp,142547301,156807668,1000.0,1000.0,-171.39694085680853,-175.85010442413147,4.453163567322946,1896.6383682199912,842500.0,True,True,0.00010816869840624133,0.8991097922848664,0,,,61464.7978057866,96222.6959988257,True,True,post_v187_one_drop_one_add_whole_loan_swap,post-v187 one-swap pricing only; not multi-swap or global proof,D,D,2,2,2,0,2,0,2018,2019,MN,TX
v63_source_repair_return_guarded_repair,incumbent_cvar_relaxed_source_lp,142527744,126523487,1975.0,2000.0,-344.9198257302716,-350.42656531605377,5.506739585782157,1897.6919442384506,842475.0,True,True,8.285558210519017e-05,0.8991364728923706,0,,,61342.81959860347,96186.97099216291,True,True,post_v187_one_drop_one_add_whole_loan_swap,post-v187 one-swap pricing only; not multi-swap or global proof,B,C,1,1,0,4,0,1,2018,2018,OH,CA
v63_source_repair_return_guarded_repair,incumbent_cvar_relaxed_source_lp,142448559,127874931,1200.0,1000.0,-174.68738765590132,-186.9469746106631,12.259586954761772,1904.44479160743,842700.0,True,True,0.000310619560215053,0.8991337367983862,0,,,61445.55056543652,96286.68065432107,True,True,post_v187_one_drop_one_add_whole_loan_swap,post-v187 one-swap pricing only; not multi-swap or global proof,B,B,0,0,1,0,2,0,2018,2018,IL,MN
v63_source_repair_return_guarded_repair,incumbent_cvar_relaxed_source_lp,142448559,126733849,1200.0,1000.0,-174.68738765590132,-186.9469746106631,12.259586954761772,1904.44479160743,842700.0,True,True,0.000310619560215053,0.8991337367983862,0,,,61445.55056543652,96286.68065432107,True,True,post_v187_one_drop_one_add_whole_loan_swap,post-v187 one-swap pricing only; not multi-swap or global proof,B,B,0,0,1,4,2,3,2018,2018,IL,NJ
v63_source_repair_return_guarded_repair,incumbent_cvar_relaxed_source_lp,142448559,126483031,1200.0,1200.0,-174.68738765590132,-200.480236756332,25.792849100430686,1917.978053753099,842500.0,True,True,0.00010816869840624133,0.8991097922848664,0,,,61424.56614109699,96256.26170371937,True,True,post_v187_one_drop_one_add_whole_loan_swap,post-v187 one-swap pricing only; not multi-swap or global proof,B,B,0,0,1,2,2,0,2018,2018,IL,FL
v63_source_repair_return_guarded_repair,incumbent_cvar_relaxed_source_lp,141969831,127582382,1000.0,1000.0,-198.6946879530038,-205.52183833714096,6.8271503841371555,1899.0123550368055,842500.0,True,True,0.00010816869840624133,0.8991097922848664,0,,,61448.103787923494,96265.02934525254,True,True,post_v187_one_drop_one_add_whole_loan_swap,post-v187 one-swap pricing only; not multi-swap or global proof,D,D,2,2,3,3,0,0,2018,2018,MN,CA
v63_source_repair_return_guarded_repair,incumbent_cvar_relaxed_source_lp,141969831,126820122,1000.0,1000.0,-198.6946879530038,-201.89545162414464,3.200763671140834,1895.385968323809,842500.0,True,True,0.00010816869840624133,0.8991097922848664,0,,,61491.398284104274,96327.09278340063,True,True,post_v187_one_drop_one_add_whole_loan_swap,post-v187 one-swap pricing only; not multi-swap or global proof,D,C,2,1,3,0,0,1,2018,2018,MN,other
v63_source_repair_return_guarded_repair,incumbent_cvar_relaxed_source_lp,141969831,126419064,1000.0,1000.0,-198.6946879530038,-198.85427993768698,0.15959198468317481,1892.3447966373515,842500.0,True,True,0.00010816869840624133,0.8991097922848664,0,,,61464.79176067391,96284.42437733998,True,True,post_v187_one_drop_one_add_whole_loan_swap,post-v187 one-swap pricing only; not multi-swap or global proof,D,D,2,2,3,4,0,1,2018,2018,MN,other
v63_source_repair_return_guarded_repair,incumbent_cvar_relaxed_source_lp,142191288,126483031,1300.0,1200.0,-196.74476771496595,-200.480236756332,3.735469041366059,1895.9206736940343,842600.0,True,True,0.00020940614277265013,0.899121765962497,0,,,61449.541287805696,96297.044343733,True,True,post_v187_one_drop_one_add_whole_loan_swap,post-v187 one-swap pricing only; not multi-swap or global proof,B,B,0,0,2,2,1,0,2018,2018,IL,FL
v63_source_repair_return_guarded_repair,incumbent_cvar_relaxed_source_lp,142158597,127582382,1000.0,1000.0,-198.6946879530038,-205.52183833714096,6.8271503841371555,1899.0123550368055,842500.0,True,True,0.00010816869840624133,0.8991097922848664,0,,,61448.103787923494,96265.02934525254,True,True,post_v187_one_drop_one_add_whole_loan_swap,post-v187 one-swap pricing only; not multi-swap or global proof,D,D,2,2,2,3,2,0,2018,2018,other,CA
v63_source_repair_return_guarded_repair,incumbent_cvar_relaxed_source_lp,142158597,126820122,1000.0,1000.0,-198.6946879530038,-201.89545162414464,3.200763671140834,1895.385968323809,842500.0,True,True,0.00010816869840624133,0.8991097922848664,0,,,61491.398284104274,96327.09278340063,True,True,post_v187_one_drop_one_add_whole_loan_swap,post-v187 one-swap pricing only; not multi-swap or global proof,D,C,2,1,2,0,2,1,2018,2018,other,other
v63_source_repair_return_guarded_repair,incumbent_cvar_relaxed_source_lp,142158597,126419064,1000.0,1000.0,-198.6946879530038,-198.85427993768698,0.15959198468317481,1892.3447966373515,842500.0,True,True,0.00010816869840624133,0.8991097922848664,0,,,61464.79176067391,96284.42437733998,True,True,post_v187_one_drop_one_add_whole_loan_swap,post-v187 one-swap pricing only; not multi-swap or global proof,D,D,2,2,2,4,2,1,2018,2018,other,other
v63_source_repair_return_guarded_repair,incumbent_cvar_relaxed_source_lp,142054292,127874931,1000.0,1000.0,-182.663633648734,-186.9469746106631,4.283340961929099,1896.4685456145974,842500.0,True,True,0.00010816869840624133,0.8979228486646884,0,,,61586.16455047514,96485.0368916996,True,True,post_v187_one_drop_one_add_whole_loan_swap,post-v187 one-swap pricing only; not multi-swap or global proof,E,B,2,0,2,0,0,0,2018,2018,MD,MN
v63_source_repair_return_guarded_repair,incumbent_cvar_relaxed_source_lp,142054292,127672145,1000.0,1000.0,-182.663633648734,-196.20083323856994,13.53719958983595,1905.7224042425041,842500.0,True,True,0.00010816869840624133,0.8991097922848664,0,,,61555.05713545045,96440.66657281433,True,True,post_v187_one_drop_one_add_whole_loan_swap,post-v187 one-swap pricing only; not multi-swap or global proof,E,C,2,1,2,0,0,2,2018,2018,MD,other
v63_source_repair_return_guarded_repair,incumbent_cvar_relaxed_source_lp,142054292,127582382,1000.0,1000.0,-182.663633648734,-205.52183833714096,22.85820468840697,1915.0434093410752,842500.0,True,True,0.00010816869840624133,0.8991097922848664,0,,,61471.180600307765,96330.23262030749,True,True,post_v187_one_drop_one_add_whole_loan_swap,post-v187 one-swap pricing only; not multi-swap or global proof,E,D,2,2,2,3,0,0,2018,2018,MD,CA
v63_source_repair_return_guarded_repair,incumbent_cvar_relaxed_source_lp,142054292,126820122,1000.0,1000.0,-182.663633648734,-201.89545162414464,19.23181797541065,1911.417022628079,842500.0,True,True,0.00010816869840624133,0.8991097922848664,0,,,61514.475096488546,96392.29605845561,True,True,post_v187_one_drop_one_add_whole_loan_swap,post-v187 one-swap pricing only; not multi-swap or global proof,E,C,2,1,2,0,0,1,2018,2018,MD,other
v63_source_repair_return_guarded_repair,incumbent_cvar_relaxed_source_lp,142054292,126733849,1000.0,1000.0,-182.663633648734,-186.9469746106631,4.283340961929099,1896.4685456145974,842500.0,True,True,0.00010816869840624133,0.8979228486646884,0,,,61586.16455047514,96485.0368916996,True,True,post_v187_one_drop_one_add_whole_loan_swap,post-v187 one-swap pricing only; not multi-swap or global proof,E,B,2,0,2,4,0,3,2018,2018,MD,NJ
v63_source_repair_return_guarded_repair,incumbent_cvar_relaxed_source_lp,142054292,126419064,1000.0,1000.0,-182.663633648734,-198.85427993768698,16.19064628895299,1908.3758509416214,842500.0,True,True,0.00010816869840624133,0.8991097922848664,0,,,61487.86857305818,96349.62765239498,True,True,post_v187_one_drop_one_add_whole_loan_swap,post-v187 one-swap pricing only; not multi-swap or global proof,E,D,2,2,2,4,0,1,2018,2018,MD,other
v63_source_repair_return_guarded_repair,incumbent_cvar_relaxed_source_lp,142054292,156823754,1000.0,1000.0,-182.663633648734,-183.46022770133698,0.796594052602984,1892.9817987052713,842500.0,True,True,0.00010816869840624133,0.8991097922848664,0,,,61488.281852924294,96272.21395487107,True,True,post_v187_one_drop_one_add_whole_loan_swap,post-v187 one-swap pricing only; not multi-swap or global proof,E,D,2,2,2,3,0,1,2018,2019,MD,CA
v63_source_repair_return_guarded_repair,incumbent_cvar_relaxed_source_lp,141837838,127582382,1000.0,1000.0,-204.75034038432315,-205.52183833714096,0.7714979528178105,1892.956702605486,842500.0,True,True,0.00010816869840624133,0.8991097922848664,0,,,61358.06454640402,96124.62017841115,True,True,post_v187_one_drop_one_add_whole_loan_swap,post-v187 one-swap pricing only; not multi-swap or global proof,B,D,1,2,4,3,3,0,2018,2018,TX,CA
v63_source_repair_return_guarded_repair,incumbent_cvar_relaxed_source_lp,141524082,127874931,1000.0,1000.0,-179.84696271822858,-186.9469746106631,7.100011892434509,1899.2852165451027,842500.0,True,True,0.00010816869840624133,0.8991097922848664,0,,,61424.33093361568,96245.4685063878,True,True,post_v187_one_drop_one_add_whole_loan_swap,post-v187 one-swap pricing only; not multi-swap or global proof,B,B,0,0,3,0,0,0,2018,2018,NJ,MN
v63_source_repair_return_guarded_repair,incumbent_cvar_relaxed_source_lp,141524082,126733849,1000.0,1000.0,-179.84696271822858,-186.9469746106631,7.100011892434509,1899.2852165451027,842500.0,True,True,0.00010816869840624133,0.8991097922848664,0,,,61424.33093361568,96245.4685063878,True,True,post_v187_one_drop_one_add_whole_loan_swap,post-v187 one-swap pricing only; not multi-swap or global proof,B,B,0,0,3,4,0,3,2018,2018,NJ,NJ
v63_source_repair_return_guarded_repair,incumbent_cvar_relaxed_source_lp,141444346,148096150,1500.0,1000.0,32.47886403910917,27.38487574759364,5.0939882915155295,1897.2791929441837,843000.0,True,True,2.099592630155911e-05,0.8991696322657177,0,,,61459.54214961124,96243.82419699544,True,True,post_v187_one_drop_one_add_whole_loan_swap,post-v187 one-swap pricing only; not multi-swap or global proof,A,A,0,0,2,4,1,0,2018,2019,CO,MA
v63_source_repair_return_guarded_repair,incumbent_cvar_relaxed_source_lp,141184113,127281432,2000.0,2000.0,-248.63454352438842,-271.1059581396894,22.471414615300972,1914.6566192679693,842500.0,True,True,0.00010816869840624133,0.8991097922848664,0,,,61421.074983493156,96287.32792603312,True,True,post_v187_one_drop_one_add_whole_loan_swap,post-v187 one-swap pricing only; not multi-swap or global proof,B,B,0,0,4,4,0,0,2018,2018,NY,other
v63_source_repair_return_guarded_repair,incumbent_cvar_relaxed_source_lp,141184113,126760355,2000.0,1500.0,-248.63454352438842,-250.40002765814089,1.7654841337524658,1893.9506887864209,843000.0,True,True,0.0006141157365032734,0.8991696322657177,0,,,61505.29054876334,96405.6293112293,True,True,post_v187_one_drop_one_add_whole_loan_swap,post-v187 one-swap pricing only; not multi-swap or global proof,B,B,0,0,4,1,0,0,2018,2018,NY,IL
v63_source_repair_return_guarded_repair,incumbent_cvar_relaxed_source_lp,149461606,127874931,1000.0,1000.0,-164.00156784304872,-186.9469746106631,22.945406767614372,1915.1306114202825,842500.0,True,True,0.00010816869840624133,0.8991097922848664,0,,,61420.77347431748,96238.0581894481,True,True,post_v187_one_drop_one_add_whole_loan_swap,post-v187 one-swap pricing only; not multi-swap or global proof,B,B,0,0,3,0,0,0,2019,2018,NC,MN
v63_source_repair_return_guarded_repair,incumbent_cvar_relaxed_source_lp,149461606,126733849,1000.0,1000.0,-164.00156784304872,-186.9469746106631,22.945406767614372,1915.1306114202825,842500.0,True,True,0.00010816869840624133,0.8991097922848664,0,,,61420.77347431748,96238.0581894481,True,True,post_v187_one_drop_one_add_whole_loan_swap,post-v187 one-swap pricing only; not multi-swap or global proof,B,B,0,0,3,4,0,3,2019,2018,NC,NJ
v63_source_repair_return_guarded_repair,incumbent_cvar_relaxed_source_lp,149461606,126468092,1000.0,1000.0,-164.00156784304872,-169.50590883596908,5.504340992920362,1897.6895456455886,842500.0,True,True,0.00010816869840624133,0.8991097922848664,0,,,61443.677696874875,96269.29159142078,True,True,post_v187_one_drop_one_add_whole_loan_swap,post-v187 one-swap pricing only; not multi-swap or global proof,B,B,0,0,3,1,0,2,2019,2018,NC,other
v63_source_repair_return_guarded_repair,incumbent_cvar_relaxed_source_lp,149234001,168678809,1000.0,1000.0,-21.926866965281548,-25.935876492202276,4.009009526920728,1896.194214179589,842500.0,True,True,0.00010816869840624133,0.8991097922848664,0,,,61424.392878255065,96193.04964642035,True,True,post_v187_one_drop_one_add_whole_loan_swap,post-v187 one-swap pricing only; not multi-swap or global proof,A,A,1,1,2,1,2,0,2019,2020,NC,IN
v63_source_repair_return_guarded_repair,incumbent_cvar_relaxed_source_lp,149234001,170390171,1000.0,1000.0,-21.926866965281548,-23.632377345499286,1.7055103802177385,1893.890715032886,842500.0,True,True,0.00010816869840624133,0.8991097922848664,0,,,61420.9873887135,96186.11684623527,True,True,post_v187_one_drop_one_add_whole_loan_swap,post-v187 one-swap pricing only; not multi-swap or global proof,A,A,1,1,2,0,2,0,2019,2020,NC,other
v63_source_repair_return_guarded_repair,incumbent_cvar_relaxed_source_lp,149234001,169450190,1000.0,1000.0,-21.926866965281548,-22.58050328415853,0.653636318876984,1892.8388409715453,842500.0,True,True,0.00010816869840624133,0.8991097922848664,0,,,61403.672664224956,96151.10881290947,True,True,post_v187_one_drop_one_add_whole_loan_swap,post-v187 one-swap pricing only; not multi-swap or global proof,A,A,1,1,2,0,2,0,2019,2020,NC,AZ
v63_source_repair_return_guarded_repair,incumbent_cvar_relaxed_source_lp,149245627,127582382,1000.0,1000.0,-205.12162381509287,-205.52183833714096,0.4002145220480884,1892.5854191747164,842500.0,True,True,0.00010816869840624133,0.8991097922848664,0,,,61520.55183749885,96265.50341705282,True,True,post_v187_one_drop_one_add_whole_loan_swap,post-v187 one-swap pricing only; not multi-swap or global proof,D,D,4,2,1,3,3,0,2019,2018,NJ,CA
v63_source_repair_return_guarded_repair,incumbent_cvar_relaxed_source_lp,149155031,127874931,1000.0,1000.0,-180.4847285023466,-186.9469746106631,6.462246108316492,1898.6474507609848,842500.0,True,True,0.00010816869840624133,0.8979228486646884,0,,,61610.3327422328,96420.30768844488,True,True,post_v187_one_drop_one_add_whole_loan_swap,post-v187 one-swap pricing only; not multi-swap or global proof,D,B,3,0,3,0,2,0,2019,2018,TX,MN
v63_source_repair_return_guarded_repair,incumbent_cvar_relaxed_source_lp,149155031,127672145,1000.0,1000.0,-180.4847285023466,-196.20083323856994,15.716104736223343,1907.9013093888916,842500.0,True,True,0.00010816869840624133,0.8991097922848664,0,,,61579.2253272081,96375.93736955964,True,True,post_v187_one_drop_one_add_whole_loan_swap,post-v187 one-swap pricing only; not multi-swap or global proof,D,C,3,1,3,0,2,2,2019,2018,TX,other
v63_source_repair_return_guarded_repair,incumbent_cvar_relaxed_source_lp,149155031,127582382,1000.0,1000.0,-180.4847285023466,-205.52183833714096,25.037109834794364,1917.2223144874627,842500.0,True,True,0.00010816869840624133,0.8991097922848664,0,,,61495.348792065415,96265.50341705282,True,True,post_v187_one_drop_one_add_whole_loan_swap,post-v187 one-swap pricing only; not multi-swap or global proof,D,D,3,2,3,3,2,0,2019,2018,TX,CA
v63_source_repair_return_guarded_repair,incumbent_cvar_relaxed_source_lp,149155031,126820122,1000.0,1000.0,-180.4847285023466,-201.89545162414464,21.410723121798043,1913.5959277744664,842500.0,True,True,0.00010816869840624133,0.8991097922848664,0,,,61538.643288246196,96327.56685520093,True,True,post_v187_one_drop_one_add_whole_loan_swap,post-v187 one-swap pricing only; not multi-swap or global proof,D,C,3,1,3,0,2,1,2019,2018,TX,other
v63_source_repair_return_guarded_repair,incumbent_cvar_relaxed_source_lp,149155031,126733849,1000.0,1000.0,-180.4847285023466,-186.9469746106631,6.462246108316492,1898.6474507609848,842500.0,True,True,0.00010816869840624133,0.8979228486646884,0,,,61610.3327422328,96420.30768844488,True,True,post_v187_one_drop_one_add_whole_loan_swap,post-v187 one-swap pricing only; not multi-swap or global proof,D,B,3,0,3,4,2,3,2019,2018,TX,NJ
v63_source_repair_return_guarded_repair,incumbent_cvar_relaxed_source_lp,149155031,126419064,1000.0,1000.0,-180.4847285023466,-198.85427993768698,18.369551435340384,1910.5547560880086,842500.0,True,True,0.00010816869840624133,0.8991097922848664,0,,,61512.03676481583,96284.89844914028,True,True,post_v187_one_drop_one_add_whole_loan_swap,post-v187 one-swap pricing only; not multi-swap or global proof,D,D,3,2,3,4,2,1,2019,2018,TX,other
v63_source_repair_return_guarded_repair,incumbent_cvar_relaxed_source_lp,149155031,156823754,1000.0,1000.0,-180.4847285023466,-183.46022770133698,2.975499198990377,1895.1607038516586,842500.0,True,True,0.00010816869840624133,0.8991097922848664,0,,,61512.450044681944,96207.48475161637,True,True,post_v187_one_drop_one_add_whole_loan_swap,post-v187 one-swap pricing only; not multi-swap or global proof,D,D,3,2,3,3,2,1,2019,2019,TX,CA
v63_source_repair_return_guarded_repair,incumbent_cvar_relaxed_source_lp,149149014,168678809,1000.0,1000.0,-24.023651160233186,-25.935876492202276,1.9122253319690898,1894.0974299846373,842500.0,True,True,0.00010816869840624133,0.8991097922848664,0,,,61432.9170894335,96206.89636302198,True,True,post_v187_one_drop_one_add_whole_loan_swap,post-v187 one-swap pricing only; not multi-swap or global proof,A,A,1,1,3,1,2,0,2019,2020,FL,IN
v63_source_repair_return_guarded_repair,incumbent_cvar_relaxed_source_lp,148588666,127874931,1000.0,1000.0,-180.4847285023466,-186.9469746106631,6.462246108316492,1898.6474507609848,842500.0,True,True,0.00010816869840624133,0.8979228486646884,0,,,61610.3327422328,96420.30768844488,True,True,post_v187_one_drop_one_add_whole_loan_swap,post-v187 one-swap pricing only; not multi-swap or global proof,D,B,3,0,2,0,2,0,2019,2018,VA,MN
v63_source_repair_return_guarded_repair,incumbent_cvar_relaxed_source_lp,148588666,127672145,1000.0,1000.0,-180.4847285023466,-196.20083323856994,15.716104736223343,1907.9013093888916,842500.0,True,True,0.00010816869840624133,0.8991097922848664,0,,,61579.2253272081,96375.93736955964,True,True,post_v187_one_drop_one_add_whole_loan_swap,post-v187 one-swap pricing only; not multi-swap or global proof,D,C,3,1,2,0,2,2,2019,2018,VA,other
v63_source_repair_return_guarded_repair,incumbent_cvar_relaxed_source_lp,148588666,127582382,1000.0,1000.0,-180.4847285023466,-205.52183833714096,25.037109834794364,1917.2223144874627,842500.0,True,True,0.00010816869840624133,0.8991097922848664,0,,,61495.348792065415,96265.50341705282,True,True,post_v187_one_drop_one_add_whole_loan_swap,post-v187 one-swap pricing only; not multi-swap or global proof,D,D,3,2,2,3,2,0,2019,2018,VA,CA
v63_source_repair_return_guarded_repair,incumbent_cvar_relaxed_source_lp,148588666,126820122,1000.0,1000.0,-180.4847285023466,-201.89545162414464,21.410723121798043,1913.5959277744664,842500.0,True,True,0.00010816869840624133,0.8991097922848664,0,,,61538.643288246196,96327.56685520093,True,True,post_v187_one_drop_one_add_whole_loan_swap,post-v187 one-swap pricing only; not multi-swap or global proof,D,C,3,1,2,0,2,1,2019,2018,VA,other
v63_source_repair_return_guarded_repair,incumbent_cvar_relaxed_source_lp,148588666,126733849,1000.0,1000.0,-180.4847285023466,-186.9469746106631,6.462246108316492,1898.6474507609848,842500.0,True,True,0.00010816869840624133,0.8979228486646884,0,,,61610.3327422328,96420.30768844488,True,True,post_v187_one_drop_one_add_whole_loan_swap,post-v187 one-swap pricing only; not multi-swap or global proof,D,B,3,0,2,4,2,3,2019,2018,VA,NJ
v63_source_repair_return_guarded_repair,incumbent_cvar_relaxed_source_lp,148588666,126419064,1000.0,1000.0,-180.4847285023466,-198.85427993768698,18.369551435340384,1910.5547560880086,842500.0,True,True,0.00010816869840624133,0.8991097922848664,0,,,61512.03676481583,96284.89844914028,True,True,post_v187_one_drop_one_add_whole_loan_swap,post-v187 one-swap pricing only; not multi-swap or global proof,D,D,3,2,2,4,2,1,2019,2018,VA,other
v63_source_repair_return_guarded_repair,incumbent_cvar_relaxed_source_lp,148588666,156823754,1000.0,1000.0,-180.4847285023466,-183.46022770133698,2.975499198990377,1895.1607038516586,842500.0,True,True,0.00010816869840624133,0.8991097922848664,0,,,61512.450044681944,96207.48475161637,True,True,post_v187_one_drop_one_add_whole_loan_swap,post-v187 one-swap pricing only; not multi-swap or global proof,D,D,3,2,2,3,2,1,2019,2019,VA,CA
v63_source_repair_return_guarded_repair,incumbent_cvar_relaxed_source_lp,148488907,168678809,1500.0,1000.0,-23.590300447922335,-25.935876492202276,2.345576044279941,1894.5307806969483,843000.0,True,True,2.099592630155911e-05,0.8985765124555161,0,,,61472.228948031116,96270.75449061774,True,True,post_v187_one_drop_one_add_whole_loan_swap,post-v187 one-swap pricing only; not multi-swap or global proof,A,A,1,1,3,1,4,0,2019,2020,other,IN
v63_source_repair_return_guarded_repair,incumbent_cvar_relaxed_source_lp,148488907,168803640,1500.0,1500.0,-23.590300447922335,-30.498264963412808,6.907964515490473,1899.0931691681587,842500.0,True,True,0.00010816869840624133,0.8991097922848664,0,,,61402.93208961547,96163.19113413934,True,True,post_v187_one_drop_one_add_whole_loan_swap,post-v187 one-swap pricing only; not multi-swap or global proof,A,A,1,1,3,3,4,3,2019,2020,other,IL
v63_source_repair_return_guarded_repair,incumbent_cvar_relaxed_source_lp,148488907,170390171,1500.0,1000.0,-23.590300447922335,-23.632377345499286,0.04207689757695121,1892.2272815502452,843000.0,True,True,2.099592630155911e-05,0.8985765124555161,0,,,61468.823458489554,96263.82169043265,True,True,post_v187_one_drop_one_add_whole_loan_swap,post-v187 one-swap pricing only; not multi-swap or global proof,A,A,1,1,3,0,4,0,2019,2020,other,other
v63_source_repair_return_guarded_repair,incumbent_cvar_relaxed_source_lp,148266260,127874931,1000.0,1000.0,-181.8913939597021,-186.9469746106631,5.055580650960991,1897.2407853036293,842500.0,True,True,0.00010816869840624133,0.8979228486646884,0,,,61611.77819381641,96416.83498460248,True,True,post_v187_one_drop_one_add_whole_loan_swap,post-v187 one-swap pricing only; not multi-swap or global proof,D,B,3,0,3,0,1,0,2019,2018,TX,MN
v63_source_repair_return_guarded_repair,incumbent_cvar_relaxed_source_lp,148266260,127672145,1000.0,1000.0,-181.8913939597021,-196.20083323856994,14.309439278867842,1906.494643931536,842500.0,True,True,0.00010816869840624133,0.8991097922848664,0,,,61580.67077879172,96372.46466571721,True,True,post_v187_one_drop_one_add_whole_loan_swap,post-v187 one-swap pricing only; not multi-swap or global proof,D,C,3,1,3,0,1,2,2019,2018,TX,other
v63_source_repair_return_guarded_repair,incumbent_cvar_relaxed_source_lp,148266260,127582382,1000.0,1000.0,-181.8913939597021,-205.52183833714096,23.630444377438863,1915.8156490301071,842500.0,True,True,0.00010816869840624133,0.8991097922848664,0,,,61496.79424364903,96262.03071321042,True,True,post_v187_one_drop_one_add_whole_loan_swap,post-v187 one-swap pricing only; not multi-swap or global proof,D,D,3,2,3,3,1,0,2019,2018,TX,CA
v63_source_repair_return_guarded_repair,incumbent_cvar_relaxed_source_lp,148266260,126820122,1000.0,1000.0,-181.8913939597021,-201.89545162414464,20.00405766444254,1912.189262317111,842500.0,True,True,0.00010816869840624133,0.8991097922848664,0,,,61540.08873982979,96324.0941513585,True,True,post_v187_one_drop_one_add_whole_loan_swap,post-v187 one-swap pricing only; not multi-swap or global proof,D,C,3,1,3,0,1,1,2019,2018,TX,other
v63_source_repair_return_guarded_repair,incumbent_cvar_relaxed_source_lp,148266260,126733849,1000.0,1000.0,-181.8913939597021,-186.9469746106631,5.055580650960991,1897.2407853036293,842500.0,True,True,0.00010816869840624133,0.8979228486646884,0,,,61611.77819381641,96416.83498460248,True,True,post_v187_one_drop_one_add_whole_loan_swap,post-v187 one-swap pricing only; not multi-swap or global proof,D,B,3,0,3,4,1,3,2019,2018,TX,NJ
v63_source_repair_return_guarded_repair,incumbent_cvar_relaxed_source_lp,148266260,126419064,1000.0,1000.0,-181.8913939597021,-198.85427993768698,16.962885977984882,1909.148090630653,842500.0,True,True,0.00010816869840624133,0.8991097922848664,0,,,61513.48221639943,96281.42574529785,True,True,post_v187_one_drop_one_add_whole_loan_swap,post-v187 one-swap pricing only; not multi-swap or global proof,D,D,3,2,3,4,1,1,2019,2018,TX,other
v63_source_repair_return_guarded_repair,incumbent_cvar_relaxed_source_lp,148266260,156823754,1000.0,1000.0,-181.8913939597021,-183.46022770133698,1.5688337416348759,1893.7540383943033,842500.0,True,True,0.00010816869840624133,0.8991097922848664,0,,,61513.89549626555,96204.01204777395,True,True,post_v187_one_drop_one_add_whole_loan_swap,post-v187 one-swap pricing only; not multi-swap or global proof,D,D,3,2,3,3,1,1,2019,2019,TX,CA
v63_source_repair_return_guarded_repair,incumbent_cvar_relaxed_source_lp,148037050,127375002,3600.0,3000.0,79.29801093152109,78.27811063319062,1.0199002983304695,1893.2051049509987,843100.0,True,True,3.5737793443457733e-06,0.8991815917447515,0,,,61495.91226642224,96319.73826684806,True,True,post_v187_one_drop_one_add_whole_loan_swap,post-v187 one-swap pricing only; not multi-swap or global proof,A,A,0,0,2,3,0,0,2019,2018,NV,AZ
v63_source_repair_return_guarded_repair,incumbent_cvar_relaxed_source_lp,148128009,151650780,2500.0,2000.0,54.46218936898403,52.68006941227111,1.7821199567129185,1893.9673246093812,843000.0,True,True,2.099592630155911e-05,0.8991696322657177,0,,,61445.46470636739,96218.91543244544,True,True,post_v187_one_drop_one_add_whole_loan_swap,post-v187 one-swap pricing only; not multi-swap or global proof,A,A,0,0,4,2,0,0,2019,2019,CA,other
v63_source_repair_return_guarded_repair,incumbent_cvar_relaxed_source_lp,147989812,127672145,1000.0,1000.0,-190.0117523232195,-196.20083323856994,6.189080915350445,1898.3742855680186,842500.0,True,True,0.00010816869840624133,0.8991097922848664,0,,,61446.392234436964,96275.00776697685,True,True,post_v187_one_drop_one_add_whole_loan_swap,post-v187 one-swap pricing only; not multi-swap or global proof,C,C,1,1,0,0,0,2,2019,2018,CA,other
v63_source_repair_return_guarded_repair,incumbent_cvar_relaxed_source_lp,147989812,127582382,1000.0,1000.0,-190.0117523232195,-205.52183833714096,15.510086013921466,1907.6952906665897,842500.0,True,True,0.00010816869840624133,0.8991097922848664,0,,,61362.515699294265,96164.57381447002,True,True,post_v187_one_drop_one_add_whole_loan_swap,post-v187 one-swap pricing only; not multi-swap or global proof,C,D,1,2,0,3,0,0,2019,2018,CA,CA
v63_source_repair_return_guarded_repair,incumbent_cvar_relaxed_source_lp,147989812,126820122,1000.0,1000.0,-190.0117523232195,-201.89545162414464,11.883699300925144,1904.0689039535935,842500.0,True,True,0.00010816869840624133,0.8991097922848664,0,,,61405.810195475045,96226.63725261811,True,True,post_v187_one_drop_one_add_whole_loan_swap,post-v187 one-swap pricing only; not multi-swap or global proof,C,C,1,1,0,0,0,1,2019,2018,CA,other
v63_source_repair_return_guarded_repair,incumbent_cvar_relaxed_source_lp,147989812,126419064,1000.0,1000.0,-190.0117523232195,-198.85427993768698,8.842527614467485,1901.027732267136,842500.0,True,True,0.00010816869840624133,0.8991097922848664,0,,,61379.20367204468,96183.96884655746,True,True,post_v187_one_drop_one_add_whole_loan_swap,post-v187 one-swap pricing only; not multi-swap or global proof,C,D,1,2,0,4,0,1,2019,2018,CA,other
v63_source_repair_return_guarded_repair,incumbent_cvar_relaxed_source_lp,147899491,126760355,1500.0,1500.0,-247.13756401386254,-250.40002765814089,3.2624636442783412,1895.4476682969466,842500.0,True,True,0.00010816869840624133,0.8991097922848664,0,,,61451.90182434369,96306.15490198476,True,True,post_v187_one_drop_one_add_whole_loan_swap,post-v187 one-swap pricing only; not multi-swap or global proof,B,B,0,0,2,1,0,0,2019,2018,other,IL
v63_source_repair_return_guarded_repair,incumbent_cvar_relaxed_source_lp,147879842,126523487,1900.0,2000.0,-332.34555701567945,-350.42656531605377,18.08100830037432,1910.2662129530427,842400.0,True,True,6.907218559226713e-06,0.8992165242165242,0,,,61359.5695110688,96184.90528781392,True,True,post_v187_one_drop_one_add_whole_loan_swap,post-v187 one-swap pricing only; not multi-swap or global proof,B,C,1,1,4,4,0,1,2019,2018,CA,CA
v63_source_repair_return_guarded_repair,incumbent_cvar_relaxed_source_lp,147597555,127874931,1000.0,1000.0,-171.65837600924158,-186.9469746106631,15.288598601421512,1907.4738032540897,842500.0,True,True,0.00010816869840624133,0.8991097922848664,0,,,61414.4529765658,96227.70422414086,True,True,post_v187_one_drop_one_add_whole_loan_swap,post-v187 one-swap pricing only; not multi-swap or global proof,B,B,0,0,2,0,3,0,2019,2018,WA,MN
v63_source_repair_return_guarded_repair,incumbent_cvar_relaxed_source_lp,147597555,126733849,1000.0,1000.0,-171.65837600924158,-186.9469746106631,15.288598601421512,1907.4738032540897,842500.0,True,True,0.00010816869840624133,0.8991097922848664,0,,,61414.4529765658,96227.70422414086,True,True,post_v187_one_drop_one_add_whole_loan_swap,post-v187 one-swap pricing only; not multi-swap or global proof,B,B,0,0,2,4,3,3,2019,2018,WA,NJ
v63_source_repair_return_guarded_repair,incumbent_cvar_relaxed_source_lp,147310699,127582382,1000.0,1000.0,-198.973191549881,-205.52183833714096,6.548646787259969,1898.7338514399282,842500.0,True,True,0.00010816869840624133,0.8991097922848664,0,,,61467.99042161122,96320.56699737128,True,True,post_v187_one_drop_one_add_whole_loan_swap,post-v187 one-swap pricing only; not multi-swap or global proof,E,D,2,2,2,3,1,0,2019,2018,CA,CA
v63_source_repair_return_guarded_repair,incumbent_cvar_relaxed_source_lp,147310699,126820122,1000.0,1000.0,-198.973191549881,-201.89545162414464,2.9222600742636473,1895.107464726932,842500.0,True,True,0.00010816869840624133,0.8991097922848664,0,,,61511.284917791985,96382.63043551937,True,True,post_v187_one_drop_one_add_whole_loan_swap,post-v187 one-swap pricing only; not multi-swap or global proof,E,C,2,1,2,0,1,1,2019,2018,CA,other
v63_source_repair_return_guarded_repair,incumbent_cvar_relaxed_source_lp,147190807,151650780,2500.0,2000.0,55.06806314688965,52.68006941227111,2.38799373461854,1894.5731983872868,843000.0,True,True,2.099592630155911e-05,0.8991696322657177,0,,,61473.09801138753,96263.33578259169,True,True,post_v187_one_drop_one_add_whole_loan_swap,post-v187 one-swap pricing only; not multi-swap or global proof,A,A,0,0,1,2,0,0,2019,2019,IL,other
v63_source_repair_return_guarded_repair,incumbent_cvar_relaxed_source_lp,146311060,127672145,1000.0,1000.0,-187.1570637652536,-196.20083323856994,9.043769473316331,1901.2289741259847,842500.0,True,True,0.00010816869840624133,0.8991097922848664,0,,,61465.67376051139,96291.6653966217,True,True,post_v187_one_drop_one_add_whole_loan_swap,post-v187 one-swap pricing only; not multi-swap or global proof,C,C,1,1,1,0,0,2,2019,2018,NC,other
v63_source_repair_return_guarded_repair,incumbent_cvar_relaxed_source_lp,146311060,127582382,1000.0,1000.0,-187.1570637652536,-205.52183833714096,18.364774571887352,1910.5499792245557,842500.0,True,True,0.00010816869840624133,0.8991097922848664,0,,,61381.79722536869,96181.2314441149,True,True,post_v187_one_drop_one_add_whole_loan_swap,post-v187 one-swap pricing only; not multi-swap or global proof,C,D,1,2,1,3,0,0,2019,2018,NC,CA
v63_source_repair_return_guarded_repair,incumbent_cvar_relaxed_source_lp,146311060,126820122,1000.0,1000.0,-187.1570637652536,-201.89545162414464,14.73838785889103,1906.9235925115593,842500.0,True,True,0.00010816869840624133,0.8991097922848664,0,,,61425.09172154946,96243.29488226298,True,True,post_v187_one_drop_one_add_whole_loan_swap,post-v187 one-swap pricing only; not multi-swap or global proof,C,C,1,1,1,0,0,1,2019,2018,NC,other
v63_source_repair_return_guarded_repair,incumbent_cvar_relaxed_source_lp,146311060,126419064,1000.0,1000.0,-187.1570637652536,-198.85427993768698,11.697216172433372,1903.8824208251017,842500.0,True,True,0.00010816869840624133,0.8991097922848664,0,,,61398.4851981191,96200.62647620236,True,True,post_v187_one_drop_one_add_whole_loan_swap,post-v187 one-swap pricing only; not multi-swap or global proof,C,D,1,2,1,4,0,1,2019,2018,NC,other
v63_source_repair_return_guarded_repair,incumbent_cvar_relaxed_source_lp,146674957,127672145,1000.0,1000.0,-190.46948618264764,-196.20083323856994,5.731347055922299,1897.9165517085905,842500.0,True,True,0.00010816869840624133,0.8991097922848664,0,,,61508.66488380204,96363.87034652964,True,True,post_v187_one_drop_one_add_whole_loan_swap,post-v187 one-swap pricing only; not multi-swap or global proof,D,C,2,1,4,0,0,2,2019,2018,VA,other
v63_source_repair_return_guarded_repair,incumbent_cvar_relaxed_source_lp,146674957,127582382,1000.0,1000.0,-190.46948618264764,-205.52183833714096,15.05235215449332,1907.2375568071616,842500.0,True,True,0.00010816869840624133,0.8991097922848664,0,,,61424.788348659364,96253.43639402285,True,True,post_v187_one_drop_one_add_whole_loan_swap,post-v187 one-swap pricing only; not multi-swap or global proof,D,D,2,2,4,3,0,0,2019,2018,VA,CA
v63_source_repair_return_guarded_repair,incumbent_cvar_relaxed_source_lp,146674957,126820122,1000.0,1000.0,-190.46948618264764,-201.89545162414464,11.425965441496999,1903.6111700941653,842500.0,True,True,0.00010816869840624133,0.8991097922848664,0,,,61468.08284484013,96315.49983217093,True,True,post_v187_one_drop_one_add_whole_loan_swap,post-v187 one-swap pricing only; not multi-swap or global proof,D,C,2,1,4,0,0,1,2019,2018,VA,other
v63_source_repair_return_guarded_repair,incumbent_cvar_relaxed_source_lp,146674957,126419064,1000.0,1000.0,-190.46948618264764,-198.85427993768698,8.38479375503934,1900.5699984077075,842500.0,True,True,0.00010816869840624133,0.8991097922848664,0,,,61441.47632140978,96272.8314261103,True,True,post_v187_one_drop_one_add_whole_loan_swap,post-v187 one-swap pricing only; not multi-swap or global proof,D,D,2,2,4,4,0,1,2019,2018,VA,other
v63_source_repair_return_guarded_repair,incumbent_cvar_relaxed_source_lp,146255415,127582382,1250.0,1000.0,-204.78232472676117,-205.52183833714096,0.7395136103797881,1892.9247182630481,842750.0,True,True,0.00036121726151261413,0.8988430732720261,0,,,61569.98957948505,96490.81354143328,True,True,post_v187_one_drop_one_add_whole_loan_swap,post-v187 one-swap pricing only; not multi-swap or global proof,E,D,2,2,4,3,0,0,2019,2018,other,CA
v63_source_repair_return_guarded_repair,incumbent_cvar_relaxed_source_lp,146255415,160806330,1250.0,1200.0,-204.78232472676117,-210.10403328668124,5.321708559920069,1897.5069132125884,842550.0,True,True,0.0001587904244897409,0.8990564358198326,0,,,61520.22401325448,96316.21524651806,True,True,post_v187_one_drop_one_add_whole_loan_swap,post-v187 one-swap pricing only; not multi-swap or global proof,E,D,2,2,4,2,0,2,2019,2019,other,FL
v63_source_repair_return_guarded_repair,incumbent_cvar_relaxed_source_lp,145803826,127874931,1000.0,1000.0,-183.12585978140902,-186.9469746106631,3.8211148292540713,1896.0063194819224,842500.0,True,True,0.00010816869840624133,0.8979228486646884,0,,,61576.73079563612,96475.26982522204,True,True,post_v187_one_drop_one_add_whole_loan_swap,post-v187 one-swap pricing only; not multi-swap or global proof,E,B,2,0,3,0,0,0,2019,2018,MI,MN
v63_source_repair_return_guarded_repair,incumbent_cvar_relaxed_source_lp,145803826,127672145,1000.0,1000.0,-183.12585978140902,-196.20083323856994,13.074973457160922,1905.2601781098292,842500.0,True,True,0.00010816869840624133,0.8991097922848664,0,,,61545.623380611425,96430.89950633676,True,True,post_v187_one_drop_one_add_whole_loan_swap,post-v187 one-swap pricing only; not multi-swap or global proof,E,C,2,1,3,0,0,2,2019,2018,MI,other
v63_source_repair_return_guarded_repair,incumbent_cvar_relaxed_source_lp,145803826,127582382,1000.0,1000.0,-183.12585978140902,-205.52183833714096,22.395978555731944,1914.5811832084003,842500.0,True,True,0.00010816869840624133,0.8991097922848664,0,,,61461.74684546874,96320.46555382997,True,True,post_v187_one_drop_one_add_whole_loan_swap,post-v187 one-swap pricing only; not multi-swap or global proof,E,D,2,2,3,3,0,0,2019,2018,MI,CA
v63_source_repair_return_guarded_repair,incumbent_cvar_relaxed_source_lp,145803826,126820122,1000.0,1000.0,-183.12585978140902,-201.89545162414464,18.769591842735622,1910.954796495404,842500.0,True,True,0.00010816869840624133,0.8991097922848664,0,,,61505.041341649514,96382.52899197805,True,True,post_v187_one_drop_one_add_whole_loan_swap,post-v187 one-swap pricing only; not multi-swap or global proof,E,C,2,1,3,0,0,1,2019,2018,MI,other
v63_source_repair_return_guarded_repair,incumbent_cvar_relaxed_source_lp,145803826,126733849,1000.0,1000.0,-183.12585978140902,-186.9469746106631,3.8211148292540713,1896.0063194819224,842500.0,True,True,0.00010816869840624133,0.8979228486646884,0,,,61576.73079563612,96475.26982522204,True,True,post_v187_one_drop_one_add_whole_loan_swap,post-v187 one-swap pricing only; not multi-swap or global proof,E,B,2,0,3,4,0,3,2019,2018,MI,NJ
v63_source_repair_return_guarded_repair,incumbent_cvar_relaxed_source_lp,145803826,126419064,1000.0,1000.0,-183.12585978140902,-198.85427993768698,15.728420156277963,1907.9136248089462,842500.0,True,True,0.00010816869840624133,0.8991097922848664,0,,,61478.43481821915,96339.86058591741,True,True,post_v187_one_drop_one_add_whole_loan_swap,post-v187 one-swap pricing only; not multi-swap or global proof,E,D,2,2,3,4,0,1,2019,2018,MI,other
v63_source_repair_return_guarded_repair,incumbent_cvar_relaxed_source_lp,145803826,156823754,1000.0,1000.0,-183.12585978140902,-183.46022770133698,0.33436791992795634,1892.5195725725962,842500.0,True,True,0.00010816869840624133,0.8991097922848664,0,,,61478.84809808527,96262.44688839352,True,True,post_v187_one_drop_one_add_whole_loan_swap,post-v187 one-swap pricing only; not multi-swap or global proof,E,D,2,2,3,3,0,1,2019,2019,MI,CA
v63_source_repair_return_guarded_repair,incumbent_cvar_relaxed_source_lp,145824687,127672145,1000.0,1000.0,-189.60565177320717,-196.20083323856994,6.595181465362771,1898.780386118031,842500.0,True,True,0.00010816869840624133,0.8991097922848664,0,,,61478.01503890476,96336.96053941519,True,True,post_v187_one_drop_one_add_whole_loan_swap,post-v187 one-swap pricing only; not multi-swap or global proof,D,C,2,1,1,0,0,2,2019,2018,other,other
v63_source_repair_return_guarded_repair,incumbent_cvar_relaxed_source_lp,145824687,127582382,1000.0,1000.0,-189.60565177320717,-205.52183833714096,15.916186563933792,1908.101391216602,842500.0,True,True,0.00010816869840624133,0.8991097922848664,0,,,61394.13850376207,96226.52658690838,True,True,post_v187_one_drop_one_add_whole_loan_swap,post-v187 one-swap pricing only; not multi-swap or global proof,D,D,2,2,1,3,0,0,2019,2018,other,CA
v63_source_repair_return_guarded_repair,incumbent_cvar_relaxed_source_lp,145824687,126820122,1000.0,1000.0,-189.60565177320717,-201.89545162414464,12.28979985093747,1904.4750045036058,842500.0,True,True,0.00010816869840624133,0.8991097922848664,0,,,61437.432999942845,96288.59002505647,True,True,post_v187_one_drop_one_add_whole_loan_swap,post-v187 one-swap pricing only; not multi-swap or global proof,D,C,2,1,1,0,0,1,2019,2018,other,other
v63_source_repair_return_guarded_repair,incumbent_cvar_relaxed_source_lp,145824687,126419064,1000.0,1000.0,-189.60565177320717,-198.85427993768698,9.248628164479811,1901.4338328171482,842500.0,True,True,0.00010816869840624133,0.8991097922848664,0,,,61410.826476512484,96245.92161899582,True,True,post_v187_one_drop_one_add_whole_loan_swap,post-v187 one-swap pricing only; not multi-swap or global proof,D,D,2,2,1,4,0,1,2019,2018,other,other
v63_source_repair_return_guarded_repair,incumbent_cvar_relaxed_source_lp,145977956,126658319,3000.0,2500.0,68.37566207938511,65.23175886099214,3.143903218392964,1895.3291078710613,843000.0,True,True,2.099592630155911e-05,0.8991696322657177,0,,,61482.89293464362,96298.85402280021,True,True,post_v187_one_drop_one_add_whole_loan_swap,post-v187 one-swap pricing only; not multi-swap or global proof,A,A,0,0,3,2,0,0,2019,2018,other,PA
v63_source_repair_return_guarded_repair,incumbent_cvar_relaxed_source_lp,146107119,126737687,3625.0,3300.0,-433.75214293310364,-479.6648309304875,45.91268799738384,1938.097892650052,842825.0,True,True,0.0004371025571850984,0.8991486963485895,0,,,61480.99430941901,96454.26031795703,True,True,post_v187_one_drop_one_add_whole_loan_swap,post-v187 one-swap pricing only; not multi-swap or global proof,B,B,0,0,4,3,0,0,2019,2018,GA,VA
v63_source_repair_return_guarded_repair,incumbent_cvar_relaxed_source_lp,146058451,127874931,1000.0,1000.0,-162.5963102886178,-186.9469746106631,24.350664322045304,1916.5358689747136,842500.0,True,True,0.00010816869840624133,0.8979228486646884,0,,,61609.071875779744,96537.11281456403,True,True,post_v187_one_drop_one_add_whole_loan_swap,post-v187 one-swap pricing only; not multi-swap or global proof,F,B,2,0,1,0,2,0,2019,2018,NY,MN
v63_source_repair_return_guarded_repair,incumbent_cvar_relaxed_source_lp,146058451,127672145,1000.0,1000.0,-162.5963102886178,-196.20083323856994,33.604522949952155,1925.7897276026204,842500.0,True,True,0.00010816869840624133,0.8991097922848664,0,,,61577.96446075506,96492.74249567876,True,True,post_v187_one_drop_one_add_whole_loan_swap,post-v187 one-swap pricing only; not multi-swap or global proof,F,C,2,1,1,0,2,2,2019,2018,NY,other
v63_source_repair_return_guarded_repair,incumbent_cvar_relaxed_source_lp,146058451,127582382,1000.0,1000.0,-162.5963102886178,-205.52183833714096,42.92552804852318,1935.1107327011914,842500.0,True,True,0.00010816869840624133,0.8991097922848664,0,,,61494.08792561236,96382.30854317195,True,True,post_v187_one_drop_one_add_whole_loan_swap,post-v187 one-swap pricing only; not multi-swap or global proof,F,D,2,2,1,3,2,0,2019,2018,NY,CA
v63_source_repair_return_guarded_repair,incumbent_cvar_relaxed_source_lp,146058451,126827839,1000.0,1000.0,-162.5963102886178,-175.77898463113021,13.182674342512428,1905.3678789951807,842500.0,True,True,0.00010816869840624133,0.8991097922848664,0,,,61475.861557009805,96350.951914764,True,True,post_v187_one_drop_one_add_whole_loan_swap,post-v187 one-swap pricing only; not multi-swap or global proof,F,E,2,2,1,0,2,4,2019,2018,NY,other
v63_source_repair_return_guarded_repair,incumbent_cvar_relaxed_source_lp,146058451,126820122,1000.0,1000.0,-162.5963102886178,-201.89545162414464,39.299141335526855,1931.4843459881952,842500.0,True,True,0.00010816869840624133,0.8991097922848664,0,,,61537.38242179314,96444.37198132004,True,True,post_v187_one_drop_one_add_whole_loan_swap,post-v187 one-swap pricing only; not multi-swap or global proof,F,C,2,1,1,0,2,1,2019,2018,NY,other
v63_source_repair_return_guarded_repair,incumbent_cvar_relaxed_source_lp,146058451,126733849,1000.0,1000.0,-162.5963102886178,-186.9469746106631,24.350664322045304,1916.5358689747136,842500.0,True,True,0.00010816869840624133,0.8979228486646884,0,,,61609.071875779744,96537.11281456403,True,True,post_v187_one_drop_one_add_whole_loan_swap,post-v187 one-swap pricing only; not multi-swap or global proof,F,B,2,0,1,4,2,3,2019,2018,NY,NJ
v63_source_repair_return_guarded_repair,incumbent_cvar_relaxed_source_lp,146058451,126468092,1000.0,1000.0,-162.5963102886178,-169.50590883596908,6.909598547351294,1899.0948032000197,842500.0,True,True,0.00010816869840624133,0.8979228486646884,0,,,61631.97609833713,96568.34621653675,True,True,post_v187_one_drop_one_add_whole_loan_swap,post-v187 one-swap pricing only; not multi-swap or global proof,F,B,2,0,1,1,2,2,2019,2018,NY,other
v63_source_repair_return_guarded_repair,incumbent_cvar_relaxed_source_lp,146058451,126419064,1000.0,1000.0,-162.5963102886178,-198.85427993768698,36.257969649069196,1928.4431743017376,842500.0,True,True,0.00010816869840624133,0.8991097922848664,0,,,61510.77589836279,96401.70357525941,True,True,post_v187_one_drop_one_add_whole_loan_swap,post-v187 one-swap pricing only; not multi-swap or global proof,F,D,2,2,1,4,2,1,2019,2018,NY,other
v63_source_repair_return_guarded_repair,incumbent_cvar_relaxed_source_lp,146058451,168701788,1000.0,1000.0,-162.5963102886178,-178.5860397151734,15.989729426555613,1908.174934079224,842500.0,True,True,0.00010816869840624133,0.8991097922848664,0,,,61529.65106004698,96411.40130127646,True,True,post_v187_one_drop_one_add_whole_loan_swap,post-v187 one-swap pricing only; not multi-swap or global proof,F,C,2,1,1,3,2,1,2019,2020,NY,TX
v63_source_repair_return_guarded_repair,incumbent_cvar_relaxed_source_lp,146058451,169358871,1000.0,1000.0,-162.5963102886178,-177.86634212741987,15.270031838802083,1907.4552364914703,842500.0,True,True,0.00010816869840624133,0.8991097922848664,0,,,61539.422077379706,96398.97626623661,True,True,post_v187_one_drop_one_add_whole_loan_swap,post-v187 one-swap pricing only; not multi-swap or global proof,F,C,2,1,1,3,2,0,2019,2020,NY,VA
v63_source_repair_return_guarded_repair,incumbent_cvar_relaxed_source_lp,146058451,139506195,1000.0,1000.0,-162.5963102886178,-177.67809625327766,15.081785964659872,1907.2669906173282,842500.0,True,True,0.00010816869840624133,0.8991097922848664,0,,,61513.5873973283,96345.19464111616,True,True,post_v187_one_drop_one_add_whole_loan_swap,post-v187 one-swap pricing only; not multi-swap or global proof,F,D,2,2,1,2,2,0,2019,2018,NY,CA
v63_source_repair_return_guarded_repair,incumbent_cvar_relaxed_source_lp,146058451,156823754,1000.0,1000.0,-162.5963102886178,-183.46022770133698,20.86391741271919,1913.0491220653876,842500.0,True,True,0.00010816869840624133,0.8991097922848664,0,,,61511.18917822889,96324.28987773553,True,True,post_v187_one_drop_one_add_whole_loan_swap,post-v187 one-swap pricing only; not multi-swap or global proof,F,D,2,2,1,3,2,1,2019,2019,NY,CA
v63_source_repair_return_guarded_repair,incumbent_cvar_relaxed_source_lp,146058451,156807668,1000.0,1000.0,-162.5963102886178,-175.85010442413147,13.253794135513687,1905.438998788182,842500.0,True,True,0.00010816869840624133,0.8991097922848664,0,,,61538.622672587604,96352.5662381132,True,True,post_v187_one_drop_one_add_whole_loan_swap,post-v187 one-swap pricing only; not multi-swap or global proof,F,D,2,2,1,0,2,0,2019,2019,NY,TX
v63_source_repair_return_guarded_repair,incumbent_cvar_relaxed_source_lp,145950014,127582382,1000.0,1000.0,-197.20586899379578,-205.52183833714096,8.315969343345188,1900.5011739960134,842500.0,True,True,0.00010816869840624133,0.8991097922848664,0,,,61325.67107040232,96108.18826851566,True,True,post_v187_one_drop_one_add_whole_loan_swap,post-v187 one-swap pricing only; not multi-swap or global proof,B,D,1,2,2,3,3,0,2019,2018,PA,CA
v63_source_repair_return_guarded_repair,incumbent_cvar_relaxed_source_lp,145950014,126820122,1000.0,1000.0,-197.20586899379578,-201.89545162414464,4.689582630348866,1896.8747872830172,842500.0,True,True,0.00010816869840624133,0.8991097922848664,0,,,61368.965566583094,96170.25170666375,True,True,post_v187_one_drop_one_add_whole_loan_swap,post-v187 one-swap pricing only; not multi-swap or global proof,B,C,1,1,2,0,3,1,2019,2018,PA,other
v63_source_repair_return_guarded_repair,incumbent_cvar_relaxed_source_lp,145950014,126419064,1000.0,1000.0,-197.20586899379578,-198.85427993768698,1.6484109438912071,1893.8336155965594,842500.0,True,True,0.00010816869840624133,0.8991097922848664,0,,,61342.359043152734,96127.58330060309,True,True,post_v187_one_drop_one_add_whole_loan_swap,post-v187 one-swap pricing only; not multi-swap or global proof,B,D,1,2,2,4,3,1,2019,2018,PA,other
v63_source_repair_return_guarded_repair,incumbent_cvar_relaxed_source_lp,145693319,127874931,1000.0,1000.0,-185.7950112813479,-186.9469746106631,1.1519633293151799,1893.3371679819834,842500.0,True,True,0.00010816869840624133,0.8979228486646884,0,,,61559.70983595196,96460.4347019274,True,True,post_v187_one_drop_one_add_whole_loan_swap,post-v187 one-swap pricing only; not multi-swap or global proof,E,B,2,0,0,0,1,0,2019,2018,MI,MN
v63_source_repair_return_guarded_repair,incumbent_cvar_relaxed_source_lp,145693319,127672145,1000.0,1000.0,-185.7950112813479,-196.20083323856994,10.405821957222031,1902.5910266098904,842500.0,True,True,0.00010816869840624133,0.8991097922848664,0,,,61528.602420927265,96416.06438304212,True,True,post_v187_one_drop_one_add_whole_loan_swap,post-v187 one-swap pricing only; not multi-swap or global proof,E,C,2,1,0,0,1,2,2019,2018,MI,other
v63_source_repair_return_guarded_repair,incumbent_cvar_relaxed_source_lp,145693319,127582382,1000.0,1000.0,-185.7950112813479,-205.52183833714096,19.726827055793052,1911.9120317084614,842500.0,True,True,0.00010816869840624133,0.8991097922848664,0,,,61444.72588578457,96305.63043053533,True,True,post_v187_one_drop_one_add_whole_loan_swap,post-v187 one-swap pricing only; not multi-swap or global proof,E,D,2,2,0,3,1,0,2019,2018,MI,CA
v63_source_repair_return_guarded_repair,incumbent_cvar_relaxed_source_lp,145693319,126820122,1000.0,1000.0,-185.7950112813479,-201.89545162414464,16.10044034279673,1908.285644995465,842500.0,True,True,0.00010816869840624133,0.8991097922848664,0,,,61488.02038196535,96367.6938686834,True,True,post_v187_one_drop_one_add_whole_loan_swap,post-v187 one-swap pricing only; not multi-swap or global proof,E,C,2,1,0,0,1,1,2019,2018,MI,other
v63_source_repair_return_guarded_repair,incumbent_cvar_relaxed_source_lp,145693319,126733849,1000.0,1000.0,-185.7950112813479,-186.9469746106631,1.1519633293151799,1893.3371679819834,842500.0,True,True,0.00010816869840624133,0.8979228486646884,0,,,61559.70983595196,96460.4347019274,True,True,post_v187_one_drop_one_add_whole_loan_swap,post-v187 one-swap pricing only; not multi-swap or global proof,E,B,2,0,0,4,1,3,2019,2018,MI,NJ
v63_source_repair_return_guarded_repair,incumbent_cvar_relaxed_source_lp,145693319,126419064,1000.0,1000.0,-185.7950112813479,-198.85427993768698,13.059268656339071,1905.2444733090074,842500.0,True,True,0.00010816869840624133,0.8991097922848664,0,,,61461.41385853499,96325.02546262277,True,True,post_v187_one_drop_one_add_whole_loan_swap,post-v187 one-swap pricing only; not multi-swap or global proof,E,D,2,2,0,4,1,1,2019,2018,MI,other
v63_source_repair_return_guarded_repair,incumbent_cvar_relaxed_source_lp,154341738,168678809,1000.0,1000.0,-19.715403175880347,-25.935876492202276,6.220473316321929,1898.4056779689902,842500.0,True,True,0.00010816869840624133,0.8991097922848664,0,,,61422.10694495979,96188.79253397207,True,True,post_v187_one_drop_one_add_whole_loan_swap,post-v187 one-swap pricing only; not multi-swap or global proof,A,A,1,1,2,1,2,0,2019,2020,other,IN
v63_source_repair_return_guarded_repair,incumbent_cvar_relaxed_source_lp,154341738,170390171,1000.0,1000.0,-19.715403175880347,-23.632377345499286,3.916974169618939,1896.1021788222872,842500.0,True,True,0.00010816869840624133,0.8991097922848664,0,,,61418.70145541824,96181.85973378697,True,True,post_v187_one_drop_one_add_whole_loan_swap,post-v187 one-swap pricing only; not multi-swap or global proof,A,A,1,1,2,0,2,0,2019,2020,other,other
v63_source_repair_return_guarded_repair,incumbent_cvar_relaxed_source_lp,154341738,169450190,1000.0,1000.0,-19.715403175880347,-22.58050328415853,2.8651001082781846,1895.0503047609466,842500.0,True,True,0.00010816869840624133,0.8991097922848664,0,,,61401.3867309297,96146.85170046121,True,True,post_v187_one_drop_one_add_whole_loan_swap,post-v187 one-swap pricing only; not multi-swap or global proof,A,A,1,1,2,0,2,0,2019,2020,other,AZ
v63_source_repair_return_guarded_repair,incumbent_cvar_relaxed_source_lp,153939446,127874931,1000.0,1000.0,-158.5530158334477,-186.9469746106631,28.393958777215403,1920.5791634298837,842500.0,True,True,0.00010816869840624133,0.8979228486646884,0,,,61587.94106957189,96418.29786839966,True,True,post_v187_one_drop_one_add_whole_loan_swap,post-v187 one-swap pricing only; not multi-swap or global proof,D,B,3,0,0,0,4,0,2019,2018,other,MN
v63_source_repair_return_guarded_repair,incumbent_cvar_relaxed_source_lp,153939446,127672145,1000.0,1000.0,-158.5530158334477,-196.20083323856994,37.647817405122254,1929.8330220577905,842500.0,True,True,0.00010816869840624133,0.8991097922848664,0,,,61556.833654547205,96373.9275495144,True,True,post_v187_one_drop_one_add_whole_loan_swap,post-v187 one-swap pricing only; not multi-swap or global proof,D,C,3,1,0,0,4,2,2019,2018,other,other
v63_source_repair_return_guarded_repair,incumbent_cvar_relaxed_source_lp,153939446,127582382,1000.0,1000.0,-158.5530158334477,-205.52183833714096,46.968822503693275,1939.1540271563615,842500.0,True,True,0.00010816869840624133,0.8991097922848664,0,,,61472.95711940451,96263.49359700759,True,True,post_v187_one_drop_one_add_whole_loan_swap,post-v187 one-swap pricing only; not multi-swap or global proof,D,D,3,2,0,3,4,0,2019,2018,other,CA
v63_source_repair_return_guarded_repair,incumbent_cvar_relaxed_source_lp,153939446,126827839,1000.0,1000.0,-158.5530158334477,-175.77898463113021,17.225968797682526,1909.4111734503508,842500.0,True,True,0.00010816869840624133,0.8991097922848664,0,,,61454.73075080195,96232.13696859963,True,True,post_v187_one_drop_one_add_whole_loan_swap,post-v187 one-swap pricing only; not multi-swap or global proof,D,E,3,2,0,0,4,4,2019,2018,other,other
v63_source_repair_return_guarded_repair,incumbent_cvar_relaxed_source_lp,153939446,126820122,1000.0,1000.0,-158.5530158334477,-201.89545162414464,43.34243579069695,1935.5276404433653,842500.0,True,True,0.00010816869840624133,0.8991097922848664,0,,,61516.25161558528,96325.55703515568,True,True,post_v187_one_drop_one_add_whole_loan_swap,post-v187 one-swap pricing only; not multi-swap or global proof,D,C,3,1,0,0,4,1,2019,2018,other,other
v63_source_repair_return_guarded_repair,incumbent_cvar_relaxed_source_lp,153939446,126733849,1000.0,1000.0,-158.5530158334477,-186.9469746106631,28.393958777215403,1920.5791634298837,842500.0,True,True,0.00010816869840624133,0.8979228486646884,0,,,61587.94106957189,96418.29786839966,True,True,post_v187_one_drop_one_add_whole_loan_swap,post-v187 one-swap pricing only; not multi-swap or global proof,D,B,3,0,0,4,4,3,2019,2018,other,NJ
v63_source_repair_return_guarded_repair,incumbent_cvar_relaxed_source_lp,153939446,126468092,1000.0,1000.0,-158.5530158334477,-169.50590883596908,10.952893002521392,1903.1380976551898,842500.0,True,True,0.00010816869840624133,0.8979228486646884,0,,,61610.84529212928,96449.53127037239,True,True,post_v187_one_drop_one_add_whole_loan_swap,post-v187 one-swap pricing only; not multi-swap or global proof,D,B,3,0,0,1,4,2,2019,2018,other,other
v63_source_repair_return_guarded_repair,incumbent_cvar_relaxed_source_lp,153939446,126419064,1000.0,1000.0,-158.5530158334477,-198.85427993768698,40.301264104239294,1932.4864687569075,842500.0,True,True,0.00010816869840624133,0.8991097922848664,0,,,61489.645092154926,96282.88862909506,True,True,post_v187_one_drop_one_add_whole_loan_swap,post-v187 one-swap pricing only; not multi-swap or global proof,D,D,3,2,0,4,4,1,2019,2018,other,other
v63_source_repair_return_guarded_repair,incumbent_cvar_relaxed_source_lp,153939446,168701788,1000.0,1000.0,-158.5530158334477,-178.5860397151734,20.03302388172571,1912.218228534394,842500.0,True,True,0.00010816869840624133,0.8991097922848664,0,,,61508.52025383912,96292.5863551121,True,True,post_v187_one_drop_one_add_whole_loan_swap,post-v187 one-swap pricing only; not multi-swap or global proof,D,C,3,1,0,3,4,1,2019,2020,other,TX
v63_source_repair_return_guarded_repair,incumbent_cvar_relaxed_source_lp,153939446,169358871,1000.0,1000.0,-158.5530158334477,-177.86634212741987,19.31332629397218,1911.4985309466406,842500.0,True,True,0.00010816869840624133,0.8991097922848664,0,,,61518.29127117185,96280.16132007226,True,True,post_v187_one_drop_one_add_whole_loan_swap,post-v187 one-swap pricing only; not multi-swap or global proof,D,C,3,1,0,3,4,0,2019,2020,other,VA
v63_source_repair_return_guarded_repair,incumbent_cvar_relaxed_source_lp,153939446,139506195,1000.0,1000.0,-158.5530158334477,-177.67809625327766,19.12508041982997,1911.3102850724983,842500.0,True,True,0.00010816869840624133,0.8991097922848664,0,,,61492.45659112045,96226.3796949518,True,True,post_v187_one_drop_one_add_whole_loan_swap,post-v187 one-swap pricing only; not multi-swap or global proof,D,D,3,2,0,2,4,0,2019,2018,other,CA
v63_source_repair_return_guarded_repair,incumbent_cvar_relaxed_source_lp,153939446,156823754,1000.0,1000.0,-158.5530158334477,-183.46022770133698,24.907211867889288,1917.0924165205577,842500.0,True,True,0.00010816869840624133,0.8991097922848664,0,,,61490.05837202104,96205.47493157115,True,True,post_v187_one_drop_one_add_whole_loan_swap,post-v187 one-swap pricing only; not multi-swap or global proof,D,D,3,2,0,3,4,1,2019,2019,other,CA
v63_source_repair_return_guarded_repair,incumbent_cvar_relaxed_source_lp,153939446,156807668,1000.0,1000.0,-158.5530158334477,-175.85010442413147,17.297088590683785,1909.4822932433522,842500.0,True,True,0.00010816869840624133,0.8991097922848664,0,,,61517.49186637974,96233.75129194884,True,True,post_v187_one_drop_one_add_whole_loan_swap,post-v187 one-swap pricing only; not multi-swap or global proof,D,D,3,2,0,0,4,0,2019,2019,other,TX
v63_source_repair_return_guarded_repair,incumbent_cvar_relaxed_source_lp,153611978,151650780,2400.0,2000.0,52.897187573314156,52.68006941227111,0.2171181610430466,1892.4023228137114,842900.0,True,True,3.842220711736122e-05,0.8991576699489856,0,,,61468.711161687155,96257.45440526697,True,True,post_v187_one_drop_one_add_whole_loan_swap,post-v187 one-swap pricing only; not multi-swap or global proof,A,A,0,0,4,2,0,0,2019,2019,other,other
v63_source_repair_return_guarded_repair,incumbent_cvar_relaxed_source_lp,153597655,127582382,1000.0,1000.0,-205.4688648010169,-205.52183833714096,0.052973536124056864,1892.2381781887923,842500.0,True,True,0.00010816869840624133,0.8991097922848664,0,,,61431.018393259896,96255.99355798143,True,True,post_v187_one_drop_one_add_whole_loan_swap,post-v187 one-swap pricing only; not multi-swap or global proof,D,D,2,2,0,3,0,0,2019,2018,MI,CA
v63_source_repair_return_guarded_repair,incumbent_cvar_relaxed_source_lp,153138303,126658319,3000.0,2500.0,66.12148446664277,65.23175886099214,0.8897256056506251,1893.074930258319,843000.0,True,True,2.099592630155911e-05,0.8991696322657177,0,,,61485.15196325107,96300.73637286351,True,True,post_v187_one_drop_one_add_whole_loan_swap,post-v187 one-swap pricing only; not multi-swap or global proof,A,A,0,0,3,2,0,0,2019,2018,other,PA
v63_source_repair_return_guarded_repair,incumbent_cvar_relaxed_source_lp,153077076,127874931,1200.0,1000.0,-186.56263776122043,-186.9469746106631,0.38433684944266133,1892.569541502111,842700.0,True,True,0.000310619560215053,0.8977097424943633,0,,,61626.45084019855,96534.18182028645,True,True,post_v187_one_drop_one_add_whole_loan_swap,post-v187 one-swap pricing only; not multi-swap or global proof,D,B,2,0,0,0,0,0,2019,2018,IL,MN
v63_source_repair_return_guarded_repair,incumbent_cvar_relaxed_source_lp,153077076,127672145,1200.0,1000.0,-186.56263776122043,-196.20083323856994,9.638195477349512,1901.8234001300177,842700.0,True,True,0.000310619560215053,0.8988964044143823,0,,,61595.343425173865,96489.81150140119,True,True,post_v187_one_drop_one_add_whole_loan_swap,post-v187 one-swap pricing only; not multi-swap or global proof,D,C,2,1,0,0,0,2,2019,2018,IL,other
v63_source_repair_return_guarded_repair,incumbent_cvar_relaxed_source_lp,153077076,127582382,1200.0,1000.0,-186.56263776122043,-205.52183833714096,18.959200575920534,1911.1444052285888,842700.0,True,True,0.000310619560215053,0.8988964044143823,0,,,61511.466890031166,96379.37754889438,True,True,post_v187_one_drop_one_add_whole_loan_swap,post-v187 one-swap pricing only; not multi-swap or global proof,D,D,2,2,0,3,0,0,2019,2018,IL,CA
v63_source_repair_return_guarded_repair,incumbent_cvar_relaxed_source_lp,153077076,126820122,1200.0,1000.0,-186.56263776122043,-201.89545162414464,15.332813862924212,1907.5180185155925,842700.0,True,True,0.000310619560215053,0.8988964044143823,0,,,61554.76138621195,96441.44098704249,True,True,post_v187_one_drop_one_add_whole_loan_swap,post-v187 one-swap pricing only; not multi-swap or global proof,D,C,2,1,0,0,0,1,2019,2018,IL,other
v63_source_repair_return_guarded_repair,incumbent_cvar_relaxed_source_lp,153077076,126733849,1200.0,1000.0,-186.56263776122043,-186.9469746106631,0.38433684944266133,1892.569541502111,842700.0,True,True,0.000310619560215053,0.8977097424943633,0,,,61626.45084019855,96534.18182028645,True,True,post_v187_one_drop_one_add_whole_loan_swap,post-v187 one-swap pricing only; not multi-swap or global proof,D,B,2,0,0,4,0,3,2019,2018,IL,NJ
v63_source_repair_return_guarded_repair,incumbent_cvar_relaxed_source_lp,153077076,126483031,1200.0,1200.0,-186.56263776122043,-200.480236756332,13.917598995111575,1906.1028036477799,842500.0,True,True,0.00010816869840624133,0.8976854599406529,0,,,61605.46641585903,96503.76286968478,True,True,post_v187_one_drop_one_add_whole_loan_swap,post-v187 one-swap pricing only; not multi-swap or global proof,D,B,2,0,0,2,0,0,2019,2018,IL,FL
v63_source_repair_return_guarded_repair,incumbent_cvar_relaxed_source_lp,153077076,126419064,1200.0,1000.0,-186.56263776122043,-198.85427993768698,12.291642176466553,1904.476846829135,842700.0,True,True,0.000310619560215053,0.8988964044143823,0,,,61528.15486278158,96398.77258098185,True,True,post_v187_one_drop_one_add_whole_loan_swap,post-v187 one-swap pricing only; not multi-swap or global proof,D,D,2,2,0,4,0,1,2019,2018,IL,other
v63_source_repair_return_guarded_repair,incumbent_cvar_relaxed_source_lp,153077076,165985906,1200.0,1200.0,-186.56263776122043,-203.72482836822385,17.162190607003424,1909.3473952596717,842500.0,True,True,0.00010816869840624133,0.8991097922848664,0,,,61511.13861274779,96333.40296468468,True,True,post_v187_one_drop_one_add_whole_loan_swap,post-v187 one-swap pricing only; not multi-swap or global proof,D,C,2,1,0,3,0,4,2019,2020,IL,VA
v63_source_repair_return_guarded_repair,incumbent_cvar_relaxed_source_lp,153077076,160806330,1200.0,1200.0,-186.56263776122043,-210.10403328668124,23.541395525460814,1915.726600178129,842500.0,True,True,0.00010816869840624133,0.8991097922848664,0,,,61461.701323800604,96204.77925397914,True,True,post_v187_one_drop_one_add_whole_loan_swap,post-v187 one-swap pricing only; not multi-swap or global proof,D,D,2,2,0,2,0,2,2019,2019,IL,FL
v63_source_repair_return_guarded_repair,incumbent_cvar_relaxed_source_lp,152767295,126760355,1500.0,1500.0,-247.11732418395934,-250.40002765814089,3.2827034741815453,1895.4679081268498,842500.0,True,True,0.00010816869840624133,0.8991097922848664,0,,,61451.917645565816,96307.95980483633,True,True,post_v187_one_drop_one_add_whole_loan_swap,post-v187 one-swap pricing only; not multi-swap or global proof,B,B,0,0,2,1,1,0,2019,2018,OH,IL
v63_source_repair_return_guarded_repair,incumbent_cvar_relaxed_source_lp,152762134,168841753,1000.0,1000.0,-13.515403175880348,-15.58411172619063,2.068708550310282,1894.2539132029785,842500.0,True,True,0.00010816869840624133,0.8991097922848664,0,,,61408.59308806162,96167.816174579,True,True,post_v187_one_drop_one_add_whole_loan_swap,post-v187 one-swap pricing only; not multi-swap or global proof,A,A,1,1,0,1,1,0,2019,2020,OH,NY
v63_source_repair_return_guarded_repair,incumbent_cvar_relaxed_source_lp,152762134,168678809,1000.0,1000.0,-13.515403175880348,-25.935876492202276,12.420473316321928,1904.6056779689902,842500.0,True,True,0.00010816869840624133,0.8991097922848664,0,,,61422.10694495979,96188.79253397207,True,True,post_v187_one_drop_one_add_whole_loan_swap,post-v187 one-swap pricing only; not multi-swap or global proof,A,A,1,1,0,1,1,0,2019,2020,OH,IN
v63_source_repair_return_guarded_repair,incumbent_cvar_relaxed_source_lp,152762134,170390171,1000.0,1000.0,-13.515403175880348,-23.632377345499286,10.116974169618938,1902.3021788222873,842500.0,True,True,0.00010816869840624133,0.8991097922848664,0,,,61418.70145541824,96181.85973378697,True,True,post_v187_one_drop_one_add_whole_loan_swap,post-v187 one-swap pricing only; not multi-swap or global proof,A,A,1,1,0,0,1,0,2019,2020,OH,other
v63_source_repair_return_guarded_repair,incumbent_cvar_relaxed_source_lp,152762134,169450190,1000.0,1000.0,-13.515403175880348,-22.58050328415853,9.065100108278184,1901.2503047609464,842500.0,True,True,0.00010816869840624133,0.8991097922848664,0,,,61401.3867309297,96146.85170046121,True,True,post_v187_one_drop_one_add_whole_loan_swap,post-v187 one-swap pricing only; not multi-swap or global proof,A,A,1,1,0,0,1,0,2019,2020,OH,AZ
v63_source_repair_return_guarded_repair,incumbent_cvar_relaxed_source_lp,152690996,168803640,1800.0,1500.0,-29.880289184450632,-30.498264963412808,0.617975778962176,1892.8031804316304,842800.0,True,True,5.5852623263241696e-05,0.8987897484575226,0,,,61433.26124880086,96211.35953126353,True,True,post_v187_one_drop_one_add_whole_loan_swap,post-v187 one-swap pricing only; not multi-swap or global proof,A,A,1,1,1,3,1,3,2019,2020,other,IL
v63_source_repair_return_guarded_repair,incumbent_cvar_relaxed_source_lp,151946957,127695160,1500.0,1500.0,-229.6106251322233,-235.90029594541494,6.289670813191634,1898.47487546586,842500.0,True,True,0.00010816869840624133,0.8991097922848664,0,,,61465.40503127235,96327.99903864026,True,True,post_v187_one_drop_one_add_whole_loan_swap,post-v187 one-swap pricing only; not multi-swap or global proof,B,B,0,0,2,2,1,1,2019,2018,other,TX
v63_source_repair_return_guarded_repair,incumbent_cvar_relaxed_source_lp,151946957,126760355,1500.0,1500.0,-229.6106251322233,-250.40002765814089,20.78940252591758,1912.9746071785858,842500.0,True,True,0.00010816869840624133,0.8991097922848664,0,,,61465.61033979595,96328.28744474021,True,True,post_v187_one_drop_one_add_whole_loan_swap,post-v187 one-swap pricing only; not multi-swap or global proof,B,B,0,0,2,1,1,0,2019,2018,other,IL
v63_source_repair_return_guarded_repair,incumbent_cvar_relaxed_source_lp,151946957,126430923,1500.0,1500.0,-229.6106251322233,-243.25029594541493,13.639670813191628,1905.8248754658598,842500.0,True,True,0.00010816869840624133,0.8991097922848664,0,,,61465.40503127235,96327.99903864026,True,True,post_v187_one_drop_one_add_whole_loan_swap,post-v187 one-swap pricing only; not multi-swap or global proof,B,B,0,0,2,3,1,0,2019,2018,other,other
v63_source_repair_return_guarded_repair,incumbent_cvar_relaxed_source_lp,151372310,127874931,1100.0,1000.0,-165.41575767263927,-186.9469746106631,21.531216938023817,1913.716421590692,842600.0,True,True,0.00020940614277265013,0.899121765962497,0,,,61425.3228778311,96248.55631828579,True,True,post_v187_one_drop_one_add_whole_loan_swap,post-v187 one-swap pricing only; not multi-swap or global proof,B,B,0,0,4,0,0,0,2019,2018,NY,MN
v63_source_repair_return_guarded_repair,incumbent_cvar_relaxed_source_lp,151372310,126733849,1100.0,1000.0,-165.41575767263927,-186.9469746106631,21.531216938023817,1913.716421590692,842600.0,True,True,0.00020940614277265013,0.899121765962497,0,,,61425.3228778311,96248.55631828579,True,True,post_v187_one_drop_one_add_whole_loan_swap,post-v187 one-swap pricing only; not multi-swap or global proof,B,B,0,0,4,4,0,3,2019,2018,NY,NJ
v63_source_repair_return_guarded_repair,incumbent_cvar_relaxed_source_lp,151372310,126483031,1100.0,1200.0,-165.41575767263927,-200.480236756332,35.06447908369273,1927.249683736361,842400.0,True,True,6.907218559226713e-06,0.8990978157644824,0,,,61404.338453491575,96218.13736768407,True,True,post_v187_one_drop_one_add_whole_loan_swap,post-v187 one-swap pricing only; not multi-swap or global proof,B,B,0,0,4,2,0,0,2019,2018,NY,FL
v63_source_repair_return_guarded_repair,incumbent_cvar_relaxed_source_lp,151372310,126468092,1100.0,1000.0,-165.41575767263927,-169.50590883596908,4.090151163329807,1896.2753558159982,842600.0,True,True,0.00020940614277265013,0.899121765962497,0,,,61448.227100388496,96279.7897202585,True,True,post_v187_one_drop_one_add_whole_loan_swap,post-v187 one-swap pricing only; not multi-swap or global proof,B,B,0,0,4,1,0,2,2019,2018,NY,other
v63_source_repair_return_guarded_repair,incumbent_cvar_relaxed_source_lp,151226190,126760355,1400.0,1500.0,-243.14325012340825,-250.40002765814089,7.256777534732635,1899.441982187401,842400.0,True,True,6.907218559226713e-06,0.8990978157644824,0,,,61437.62712706631,96283.42930695663,True,True,post_v187_one_drop_one_add_whole_loan_swap,post-v187 one-swap pricing only; not multi-swap or global proof,B,B,0,0,0,1,0,0,2019,2018,PA,IL
v63_source_repair_return_guarded_repair,incumbent_cvar_relaxed_source_lp,151226190,126430923,1400.0,1500.0,-243.14325012340825,-243.25029594541493,0.10704582200668256,1892.292250474675,842400.0,True,True,6.907218559226713e-06,0.8990978157644824,0,,,61437.4218185427,96283.14090085667,True,True,post_v187_one_drop_one_add_whole_loan_swap,post-v187 one-swap pricing only; not multi-swap or global proof,B,B,0,0,0,3,0,0,2019,2018,PA,other
v63_source_repair_return_guarded_repair,incumbent_cvar_relaxed_source_lp,151196496,168803640,1750.0,1500.0,-29.05028115154924,-30.498264963412808,1.447983811863569,1893.633188464532,842750.0,True,True,6.456938254495448e-05,0.8988430732720261,0,,,61428.43243300881,96203.54611654919,True,True,post_v187_one_drop_one_add_whole_loan_swap,post-v187 one-swap pricing only; not multi-swap or global proof,A,A,1,1,0,3,2,3,2019,2020,NY,IL
v63_source_repair_return_guarded_repair,incumbent_cvar_relaxed_source_lp,150773698,127582382,1000.0,1000.0,-198.98394577538747,-205.52183833714096,6.537892561753495,1898.7230972144218,842500.0,True,True,0.00010816869840624133,0.8991097922848664,0,,,61396.74860548091,96192.51050509403,True,True,post_v187_one_drop_one_add_whole_loan_swap,post-v187 one-swap pricing only; not multi-swap or global proof,C,D,1,2,4,3,4,0,2019,2018,VA,CA
v63_source_repair_return_guarded_repair,incumbent_cvar_relaxed_source_lp,150773698,126820122,1000.0,1000.0,-198.98394577538747,-201.89545162414464,2.911505848757173,1895.0967105014254,842500.0,True,True,0.00010816869840624133,0.8991097922848664,0,,,61440.04310166169,96254.57394324213,True,True,post_v187_one_drop_one_add_whole_loan_swap,post-v187 one-swap pricing only; not multi-swap or global proof,C,C,1,1,4,0,4,1,2019,2018,VA,other
v63_source_repair_return_guarded_repair,incumbent_cvar_relaxed_source_lp,150701330,127672145,1000.0,1000.0,-194.73729436734638,-196.20083323856994,1.4635388712235624,1893.6487435238919,842500.0,True,True,0.00010816869840624133,0.8991097922848664,0,,,61593.790101063176,96381.89352142523,True,True,post_v187_one_drop_one_add_whole_loan_swap,post-v187 one-swap pricing only; not multi-swap or global proof,D,C,4,1,1,0,4,2,2019,2018,WA,other
v63_source_repair_return_guarded_repair,incumbent_cvar_relaxed_source_lp,150701330,127582382,1000.0,1000.0,-194.73729436734638,-205.52183833714096,10.784543969794584,1902.969748622463,842500.0,True,True,0.00010816869840624133,0.8991097922848664,0,,,61509.91356592049,96271.45956891846,True,True,post_v187_one_drop_one_add_whole_loan_swap,post-v187 one-swap pricing only; not multi-swap or global proof,D,D,4,2,1,3,4,0,2019,2018,WA,CA
v63_source_repair_return_guarded_repair,incumbent_cvar_relaxed_source_lp,150701330,126820122,1000.0,1000.0,-194.73729436734638,-201.89545162414464,7.158157256798262,1899.3433619094665,842500.0,True,True,0.00010816869840624133,0.8991097922848664,0,,,61553.20806210126,96333.52300706653,True,True,post_v187_one_drop_one_add_whole_loan_swap,post-v187 one-swap pricing only; not multi-swap or global proof,D,C,4,1,1,0,4,1,2019,2018,WA,other
v63_source_repair_return_guarded_repair,incumbent_cvar_relaxed_source_lp,150701330,126419064,1000.0,1000.0,-194.73729436734638,-198.85427993768698,4.116985570340603,1896.302190223009,842500.0,True,True,0.00010816869840624133,0.8991097922848664,0,,,61526.6015386709,96290.85460100589,True,True,post_v187_one_drop_one_add_whole_loan_swap,post-v187 one-swap pricing only; not multi-swap or global proof,D,D,4,2,1,4,4,1,2019,2018,WA,other
v63_source_repair_return_guarded_repair,incumbent_cvar_relaxed_source_lp,150078681,127640797,3000.0,3025.0,-415.83711947859643,-428.2397634899199,12.402644011323446,1904.5878486639917,842475.0,True,True,8.285558210519017e-05,0.8991067984213181,0,,,61522.73298389425,96540.7865895372,True,True,post_v187_one_drop_one_add_whole_loan_swap,post-v187 one-swap pricing only; not multi-swap or global proof,C,B,0,0,4,4,0,1,2019,2018,CO,GA
v63_source_repair_return_guarded_repair,incumbent_cvar_relaxed_source_lp,150205172,127874931,1000.0,1000.0,-173.60780374449374,-186.9469746106631,13.339170866169354,1905.5243755188376,842500.0,True,True,0.00010816869840624133,0.8991097922848664,0,,,61423.526152290215,96249.8861948615,True,True,post_v187_one_drop_one_add_whole_loan_swap,post-v187 one-swap pricing only; not multi-swap or global proof,B,B,0,0,1,0,0,0,2019,2018,CA,MN
v63_source_repair_return_guarded_repair,incumbent_cvar_relaxed_source_lp,150205172,126733849,1000.0,1000.0,-173.60780374449374,-186.9469746106631,13.339170866169354,1905.5243755188376,842500.0,True,True,0.00010816869840624133,0.8991097922848664,0,,,61423.526152290215,96249.8861948615,True,True,post_v187_one_drop_one_add_whole_loan_swap,post-v187 one-swap pricing only; not multi-swap or global proof,B,B,0,0,1,4,0,3,2019,2018,CA,NJ
v63_source_repair_return_guarded_repair,incumbent_cvar_relaxed_source_lp,150003863,127874931,1000.0,1000.0,-181.82074383711605,-186.9469746106631,5.126230773547036,1897.3114354262152,842500.0,True,True,0.00010816869840624133,0.8979228486646884,0,,,61611.68430133723,96426.26384031052,True,True,post_v187_one_drop_one_add_whole_loan_swap,post-v187 one-swap pricing only; not multi-swap or global proof,D,B,3,0,3,0,2,0,2019,2018,WA,MN
v63_source_repair_return_guarded_repair,incumbent_cvar_relaxed_source_lp,150003863,127672145,1000.0,1000.0,-181.82074383711605,-196.20083323856994,14.380089401453887,1906.5652940541222,842500.0,True,True,0.00010816869840624133,0.8991097922848664,0,,,61580.57688631254,96381.89352142523,True,True,post_v187_one_drop_one_add_whole_loan_swap,post-v187 one-swap pricing only; not multi-swap or global proof,D,C,3,1,3,0,2,2,2019,2018,WA,other
v63_source_repair_return_guarded_repair,incumbent_cvar_relaxed_source_lp,150003863,127582382,1000.0,1000.0,-181.82074383711605,-205.52183833714096,23.701094500024908,1915.8862991526933,842500.0,True,True,0.00010816869840624133,0.8991097922848664,0,,,61496.70035116986,96271.45956891846,True,True,post_v187_one_drop_one_add_whole_loan_swap,post-v187 one-swap pricing only; not multi-swap or global proof,D,D,3,2,3,3,2,0,2019,2018,WA,CA
v63_source_repair_return_guarded_repair,incumbent_cvar_relaxed_source_lp,150003863,126820122,1000.0,1000.0,-181.82074383711605,-201.89545162414464,20.074707787028586,1912.2599124396968,842500.0,True,True,0.00010816869840624133,0.8991097922848664,0,,,61539.99484735063,96333.52300706653,True,True,post_v187_one_drop_one_add_whole_loan_swap,post-v187 one-swap pricing only; not multi-swap or global proof,D,C,3,1,3,0,2,1,2019,2018,WA,other
v63_source_repair_return_guarded_repair,incumbent_cvar_relaxed_source_lp,150003863,126733849,1000.0,1000.0,-181.82074383711605,-186.9469746106631,5.126230773547036,1897.3114354262152,842500.0,True,True,0.00010816869840624133,0.8979228486646884,0,,,61611.68430133723,96426.26384031052,True,True,post_v187_one_drop_one_add_whole_loan_swap,post-v187 one-swap pricing only; not multi-swap or global proof,D,B,3,0,3,4,2,3,2019,2018,WA,NJ
v63_source_repair_return_guarded_repair,incumbent_cvar_relaxed_source_lp,150003863,126419064,1000.0,1000.0,-181.82074383711605,-198.85427993768698,17.033536100570927,1909.2187407532392,842500.0,True,True,0.00010816869840624133,0.8991097922848664,0,,,61513.38832392027,96290.85460100589,True,True,post_v187_one_drop_one_add_whole_loan_swap,post-v187 one-swap pricing only; not multi-swap or global proof,D,D,3,2,3,4,2,1,2019,2018,WA,other
v63_source_repair_return_guarded_repair,incumbent_cvar_relaxed_source_lp,150003863,156823754,1000.0,1000.0,-181.82074383711605,-183.46022770133698,1.6394838642209209,1893.8246885168892,842500.0,True,True,0.00010816869840624133,0.8991097922848664,0,,,61513.801603786385,96213.440903482,True,True,post_v187_one_drop_one_add_whole_loan_swap,post-v187 one-swap pricing only; not multi-swap or global proof,D,D,3,2,3,3,2,1,2019,2019,WA,CA
v63_source_repair_return_guarded_repair,incumbent_cvar_relaxed_source_lp,149467955,152268188,2000.0,1500.0,40.32734908233142,39.51005205920334,0.8172970231280843,1893.0025016757963,843000.0,True,True,2.099592630155911e-05,0.8991696322657177,0,,,61460.94088395499,96248.35676509744,True,True,post_v187_one_drop_one_add_whole_loan_swap,post-v187 one-swap pricing only; not multi-swap or global proof,A,A,0,0,4,2,0,1,2019,2019,CA,other
v63_source_repair_return_guarded_repair,incumbent_cvar_relaxed_source_lp,159223884,127672145,1000.0,1000.0,-195.66693007698728,-196.20083323856994,0.533903161582657,1892.719107814251,842500.0,True,True,0.00010816869840624133,0.8991097922848664,0,,,61415.04244237684,96230.75989694784,True,True,post_v187_one_drop_one_add_whole_loan_swap,post-v187 one-swap pricing only; not multi-swap or global proof,B,C,1,1,1,0,1,2,2019,2018,other,other
v63_source_repair_return_guarded_repair,incumbent_cvar_relaxed_source_lp,159223884,127582382,1000.0,1000.0,-195.66693007698728,-205.52183833714096,9.854908260153678,1902.040112912822,842500.0,True,True,0.00010816869840624133,0.8991097922848664,0,,,61331.16590723416,96120.32594444105,True,True,post_v187_one_drop_one_add_whole_loan_swap,post-v187 one-swap pricing only; not multi-swap or global proof,B,D,1,2,1,3,1,0,2019,2018,other,CA
v63_source_repair_return_guarded_repair,incumbent_cvar_relaxed_source_lp,159223884,126820122,1000.0,1000.0,-195.66693007698728,-201.89545162414464,6.2285215471573565,1898.4137261998258,842500.0,True,True,0.00010816869840624133,0.8991097922848664,0,,,61374.46040341492,96182.38938258914,True,True,post_v187_one_drop_one_add_whole_loan_swap,post-v187 one-swap pricing only; not multi-swap or global proof,B,C,1,1,1,0,1,1,2019,2018,other,other
v63_source_repair_return_guarded_repair,incumbent_cvar_relaxed_source_lp,159223884,126419064,1000.0,1000.0,-195.66693007698728,-198.85427993768698,3.1873498606996975,1895.372554513368,842500.0,True,True,0.00010816869840624133,0.8991097922848664,0,,,61347.85387998456,96139.72097652851,True,True,post_v187_one_drop_one_add_whole_loan_swap,post-v187 one-swap pricing only; not multi-swap or global proof,B,D,1,2,1,4,1,1,2019,2018,other,other
v63_source_repair_return_guarded_repair,incumbent_cvar_relaxed_source_lp,157596187,168841753,1000.0,1000.0,-13.892977484146389,-15.58411172619063,1.6911342420442406,1893.8763388947125,842500.0,True,True,0.00010816869840624133,0.8991097922848664,0,,,61402.59450962574,96163.6810880182,True,True,post_v187_one_drop_one_add_whole_loan_swap,post-v187 one-swap pricing only; not multi-swap or global proof,A,A,1,1,0,1,4,0,2019,2020,other,NY
v63_source_repair_return_guarded_repair,incumbent_cvar_relaxed_source_lp,157596187,168678809,1000.0,1000.0,-13.892977484146389,-25.935876492202276,12.042899008055887,1904.2281036607242,842500.0,True,True,0.00010816869840624133,0.8991097922848664,0,,,61416.10836652393,96184.65744741127,True,True,post_v187_one_drop_one_add_whole_loan_swap,post-v187 one-swap pricing only; not multi-swap or global proof,A,A,1,1,0,1,4,0,2019,2020,other,IN
v63_source_repair_return_guarded_repair,incumbent_cvar_relaxed_source_lp,157596187,170390171,1000.0,1000.0,-13.892977484146389,-23.632377345499286,9.739399861352897,1901.9246045140212,842500.0,True,True,0.00010816869840624133,0.8991097922848664,0,,,61412.70287698237,96177.72464722619,True,True,post_v187_one_drop_one_add_whole_loan_swap,post-v187 one-swap pricing only; not multi-swap or global proof,A,A,1,1,0,0,4,0,2019,2020,other,other
v63_source_repair_return_guarded_repair,incumbent_cvar_relaxed_source_lp,157596187,169450190,1000.0,1000.0,-13.892977484146389,-22.58050328415853,8.687525800012143,1900.8727304526803,842500.0,True,True,0.00010816869840624133,0.8991097922848664,0,,,61395.388152493826,96142.7166139004,True,True,post_v187_one_drop_one_add_whole_loan_swap,post-v187 one-swap pricing only; not multi-swap or global proof,A,A,1,1,0,0,4,0,2019,2020,other,AZ
v63_source_repair_return_guarded_repair,incumbent_cvar_relaxed_source_lp,158764455,126658319,3000.0,2500.0,65.87031800071871,65.23175886099214,0.6385591397265671,1892.8237637923949,843000.0,True,True,2.099592630155911e-05,0.8991696322657177,0,,,61504.789314491805,96342.19474171169,True,True,post_v187_one_drop_one_add_whole_loan_swap,post-v187 one-swap pricing only; not multi-swap or global proof,A,A,0,0,2,2,0,0,2019,2018,other,PA
v63_source_repair_return_guarded_repair,incumbent_cvar_relaxed_source_lp,158847648,127874931,1000.0,1000.0,-168.65177128913533,-186.9469746106631,18.295203321527765,1910.4804079741962,842500.0,True,True,0.00010816869840624133,0.8991097922848664,0,,,61425.52870828305,96251.27395165696,True,True,post_v187_one_drop_one_add_whole_loan_swap,post-v187 one-swap pricing only; not multi-swap or global proof,B,B,0,0,4,0,0,0,2019,2018,NJ,MN
v63_source_repair_return_guarded_repair,incumbent_cvar_relaxed_source_lp,158847648,126733849,1000.0,1000.0,-168.65177128913533,-186.9469746106631,18.295203321527765,1910.4804079741962,842500.0,True,True,0.00010816869840624133,0.8991097922848664,0,,,61425.52870828305,96251.27395165696,True,True,post_v187_one_drop_one_add_whole_loan_swap,post-v187 one-swap pricing only; not multi-swap or global proof,B,B,0,0,4,4,0,3,2019,2018,NJ,NJ
v63_source_repair_return_guarded_repair,incumbent_cvar_relaxed_source_lp,158847648,126468092,1000.0,1000.0,-168.65177128913533,-169.50590883596908,0.8541375468337549,1893.039342199502,842500.0,True,True,0.00010816869840624133,0.8991097922848664,0,,,61448.43293084043,96282.50735362965,True,True,post_v187_one_drop_one_add_whole_loan_swap,post-v187 one-swap pricing only; not multi-swap or global proof,B,B,0,0,4,1,0,2,2019,2018,NJ,other
v63_source_repair_return_guarded_repair,incumbent_cvar_relaxed_source_lp,158776308,127874931,1200.0,1000.0,-182.70950551320306,-186.9469746106631,4.2374690974600355,1896.4226737501283,842700.0,True,True,0.000310619560215053,0.8977097424943633,0,,,61669.050353491315,96552.14705422233,True,True,post_v187_one_drop_one_add_whole_loan_swap,post-v187 one-swap pricing only; not multi-swap or global proof,D,B,3,0,4,0,4,0,2019,2018,CA,MN
v63_source_repair_return_guarded_repair,incumbent_cvar_relaxed_source_lp,158776308,127672145,1200.0,1000.0,-182.70950551320306,-196.20083323856994,13.491327725366887,1905.676532378035,842700.0,True,True,0.000310619560215053,0.8988964044143823,0,,,61637.94293846663,96507.77673533701,True,True,post_v187_one_drop_one_add_whole_loan_swap,post-v187 one-swap pricing only; not multi-swap or global proof,D,C,3,1,4,0,4,2,2019,2018,CA,other
v63_source_repair_return_guarded_repair,incumbent_cvar_relaxed_source_lp,158776308,127582382,1200.0,1000.0,-182.70950551320306,-205.52183833714096,22.812332823937908,1914.997537476606,842700.0,True,True,0.000310619560215053,0.8988964044143823,0,,,61554.06640332393,96397.34278283025,True,True,post_v187_one_drop_one_add_whole_loan_swap,post-v187 one-swap pricing only; not multi-swap or global proof,D,D,3,2,4,3,4,0,2019,2018,CA,CA
v63_source_repair_return_guarded_repair,incumbent_cvar_relaxed_source_lp,158776308,126820122,1200.0,1000.0,-182.70950551320306,-201.89545162414464,19.185946110941586,1911.3711507636099,842700.0,True,True,0.000310619560215053,0.8988964044143823,0,,,61597.360899504696,96459.40622097833,True,True,post_v187_one_drop_one_add_whole_loan_swap,post-v187 one-swap pricing only; not multi-swap or global proof,D,C,3,1,4,0,4,1,2019,2018,CA,other
v63_source_repair_return_guarded_repair,incumbent_cvar_relaxed_source_lp,158776308,126733849,1200.0,1000.0,-182.70950551320306,-186.9469746106631,4.2374690974600355,1896.4226737501283,842700.0,True,True,0.000310619560215053,0.8977097424943633,0,,,61669.050353491315,96552.14705422233,True,True,post_v187_one_drop_one_add_whole_loan_swap,post-v187 one-swap pricing only; not multi-swap or global proof,D,B,3,0,4,4,4,3,2019,2018,CA,NJ
v63_source_repair_return_guarded_repair,incumbent_cvar_relaxed_source_lp,158776308,126483031,1200.0,1200.0,-182.70950551320306,-200.480236756332,17.77073124312895,1909.9559358957972,842500.0,True,True,0.00010816869840624133,0.8976854599406529,0,,,61648.06592915178,96521.72810362061,True,True,post_v187_one_drop_one_add_whole_loan_swap,post-v187 one-swap pricing only; not multi-swap or global proof,D,B,3,0,4,2,4,0,2019,2018,CA,FL
v63_source_repair_return_guarded_repair,incumbent_cvar_relaxed_source_lp,158776308,126419064,1200.0,1000.0,-182.70950551320306,-198.85427993768698,16.144774424483927,1908.3299790771523,842700.0,True,True,0.000310619560215053,0.8988964044143823,0,,,61570.75437607434,96416.73781491768,True,True,post_v187_one_drop_one_add_whole_loan_swap,post-v187 one-swap pricing only; not multi-swap or global proof,D,D,3,2,4,4,4,1,2019,2018,CA,other
v63_source_repair_return_guarded_repair,incumbent_cvar_relaxed_source_lp,158776308,165985906,1200.0,1200.0,-182.70950551320306,-203.72482836822385,21.0153228550208,1913.200527507689,842500.0,True,True,0.00010816869840624133,0.8991097922848664,0,,,61553.738126040545,96351.36819862052,True,True,post_v187_one_drop_one_add_whole_loan_swap,post-v187 one-swap pricing only; not multi-swap or global proof,D,C,3,1,4,3,4,4,2019,2020,CA,VA
v63_source_repair_return_guarded_repair,incumbent_cvar_relaxed_source_lp,158776308,156823754,1200.0,1000.0,-182.70950551320306,-183.46022770133698,0.7507221881339206,1892.9359268408023,842700.0,True,True,0.000310619560215053,0.8988964044143823,0,,,61571.16765594046,96339.3241173938,True,True,post_v187_one_drop_one_add_whole_loan_swap,post-v187 one-swap pricing only; not multi-swap or global proof,D,D,3,2,4,3,4,1,2019,2019,CA,CA
v63_source_repair_return_guarded_repair,incumbent_cvar_relaxed_source_lp,158776308,160806330,1200.0,1200.0,-182.70950551320306,-210.10403328668124,27.39452777347819,1919.5797324261464,842500.0,True,True,0.00010816869840624133,0.8991097922848664,0,,,61504.30083709337,96222.74448791501,True,True,post_v187_one_drop_one_add_whole_loan_swap,post-v187 one-swap pricing only; not multi-swap or global proof,D,D,3,2,4,2,4,2,2019,2019,CA,FL
v63_source_repair_return_guarded_repair,incumbent_cvar_relaxed_source_lp,158739818,127640797,3000.0,3025.0,-415.42173591874825,-428.2397634899199,12.818027571171626,1905.0032322238399,842475.0,True,True,8.285558210519017e-05,0.8955458618950117,0,,,61672.263357158394,96778.47826223636,True,True,post_v187_one_drop_one_add_whole_loan_swap,post-v187 one-swap pricing only; not multi-swap or global proof,D,B,1,0,4,4,2,1,2019,2018,CA,GA
v63_source_repair_return_guarded_repair,incumbent_cvar_relaxed_source_lp,158701181,127392982,2400.0,2500.0,-349.8253300497582,-393.1671599090251,43.34182985926691,1935.5270345119352,842400.0,True,True,6.907218559226713e-06,0.8962488129154795,0,,,61621.31962474101,96657.5475385197,True,True,post_v187_one_drop_one_add_whole_loan_swap,post-v187 one-swap pricing only; not multi-swap or global proof,D,B,2,0,4,1,2,3,2019,2018,NJ,CA
v63_source_repair_return_guarded_repair,incumbent_cvar_relaxed_source_lp,158701181,126523487,2400.0,2000.0,-349.8253300497582,-350.42656531605377,0.6012352662955891,1892.7864399189639,842900.0,True,True,0.0005129743485339233,0.8986831178075692,0,,,61620.007360168864,96657.04421370148,True,True,post_v187_one_drop_one_add_whole_loan_swap,post-v187 one-swap pricing only; not multi-swap or global proof,D,C,2,1,4,4,2,1,2019,2018,NJ,CA
v63_source_repair_return_guarded_repair,incumbent_cvar_relaxed_source_lp,158549707,127672145,1000.0,1000.0,-190.92185028549454,-196.20083323856994,5.278982953075399,1897.4641876057437,842500.0,True,True,0.00010816869840624133,0.8991097922848664,0,,,61505.65764498201,96372.09371896276,True,True,post_v187_one_drop_one_add_whole_loan_swap,post-v187 one-swap pricing only; not multi-swap or global proof,D,C,2,1,2,0,3,2,2019,2018,NC,other
v63_source_repair_return_guarded_repair,incumbent_cvar_relaxed_source_lp,158549707,127582382,1000.0,1000.0,-190.92185028549454,-205.52183833714096,14.59998805164642,1906.7851927043148,842500.0,True,True,0.00010816869840624133,0.8991097922848664,0,,,61421.78110983932,96261.65976645594,True,True,post_v187_one_drop_one_add_whole_loan_swap,post-v187 one-swap pricing only; not multi-swap or global proof,D,D,2,2,2,3,3,0,2019,2018,NC,CA
v63_source_repair_return_guarded_repair,incumbent_cvar_relaxed_source_lp,158549707,126820122,1000.0,1000.0,-190.92185028549454,-201.89545162414464,10.973601338650099,1903.1588059913183,842500.0,True,True,0.00010816869840624133,0.8991097922848664,0,,,61465.075606020095,96323.72320460404,True,True,post_v187_one_drop_one_add_whole_loan_swap,post-v187 one-swap pricing only; not multi-swap or global proof,D,C,2,1,2,0,3,1,2019,2018,NC,other
v63_source_repair_return_guarded_repair,incumbent_cvar_relaxed_source_lp,158549707,126419064,1000.0,1000.0,-190.92185028549454,-198.85427993768698,7.93242965219244,1900.1176343048608,842500.0,True,True,0.00010816869840624133,0.8991097922848664,0,,,61438.469082589734,96281.05479854338,True,True,post_v187_one_drop_one_add_whole_loan_swap,post-v187 one-swap pricing only; not multi-swap or global proof,D,D,2,2,2,4,3,1,2019,2018,NC,other
v63_source_repair_return_guarded_repair,incumbent_cvar_relaxed_source_lp,158523975,151650780,2500.0,2000.0,59.61843314479034,52.68006941227111,6.938363732519228,1899.1235683851876,843000.0,True,True,2.099592630155911e-05,0.8991696322657177,0,,,61440.18332047154,96216.1973058409,True,True,post_v187_one_drop_one_add_whole_loan_swap,post-v187 one-swap pricing only; not multi-swap or global proof,A,A,0,0,4,2,1,0,2019,2019,TX,other
v63_source_repair_return_guarded_repair,incumbent_cvar_relaxed_source_lp,157962180,127375002,3500.0,3000.0,83.3235960467994,78.27811063319062,5.045485413608773,1897.230690066277,843000.0,True,True,2.099592630155911e-05,0.8991696322657177,0,,,61485.13410547077,96313.4652077148,True,True,post_v187_one_drop_one_add_whole_loan_swap,post-v187 one-swap pricing only; not multi-swap or global proof,A,A,0,0,3,3,0,0,2019,2018,CA,AZ
v63_source_repair_return_guarded_repair,incumbent_cvar_relaxed_source_lp,157962180,141623287,3500.0,3000.0,83.3235960467994,80.96618182010366,2.357414226695738,1894.542618879364,843000.0,True,True,2.099592630155911e-05,0.8991696322657177,0,,,61453.42668739239,96240.29763669596,True,True,post_v187_one_drop_one_add_whole_loan_swap,post-v187 one-swap pricing only; not multi-swap or global proof,A,A,0,0,3,2,0,0,2019,2018,CA,NY
v63_source_repair_return_guarded_repair,incumbent_cvar_relaxed_source_lp,158269673,127874931,1000.0,1000.0,-140.27221683294624,-186.9469746106631,46.67475777771685,1938.8599624303852,842500.0,True,True,0.00010816869840624133,0.8991097922848664,0,,,61396.44294620893,96210.91979135582,True,True,post_v187_one_drop_one_add_whole_loan_swap,post-v187 one-swap pricing only; not multi-swap or global proof,B,B,0,0,0,0,0,0,2019,2018,IN,MN
v63_source_repair_return_guarded_repair,incumbent_cvar_relaxed_source_lp,158269673,126733849,1000.0,1000.0,-140.27221683294624,-186.9469746106631,46.67475777771685,1938.8599624303852,842500.0,True,True,0.00010816869840624133,0.8991097922848664,0,,,61396.44294620893,96210.91979135582,True,True,post_v187_one_drop_one_add_whole_loan_swap,post-v187 one-swap pricing only; not multi-swap or global proof,B,B,0,0,0,4,0,3,2019,2018,IN,NJ
v63_source_repair_return_guarded_repair,incumbent_cvar_relaxed_source_lp,158269673,126468092,1000.0,1000.0,-140.27221683294624,-169.50590883596908,29.23369200302284,1921.4188966556912,842500.0,True,True,0.00010816869840624133,0.8991097922848664,0,,,61419.347168766326,96242.15319332852,True,True,post_v187_one_drop_one_add_whole_loan_swap,post-v187 one-swap pricing only; not multi-swap or global proof,B,B,0,0,0,1,0,2,2019,2018,IN,other
v63_source_repair_return_guarded_repair,incumbent_cvar_relaxed_source_lp,158316010,127695160,1500.0,1500.0,-220.5649967146192,-235.90029594541494,15.335299230795727,1907.520503883464,842500.0,True,True,0.00010816869840624133,0.8991097922848664,0,,,61424.48335440477,96280.39315134348,True,True,post_v187_one_drop_one_add_whole_loan_swap,post-v187 one-swap pricing only; not multi-swap or global proof,B,B,0,0,3,2,1,1,2019,2018,MD,TX
v63_source_repair_return_guarded_repair,incumbent_cvar_relaxed_source_lp,158316010,126760355,1500.0,1500.0,-220.5649967146192,-250.40002765814089,29.835030943521673,1922.0202355961899,842500.0,True,True,0.00010816869840624133,0.8991097922848664,0,,,61424.68866292837,96280.68155744344,True,True,post_v187_one_drop_one_add_whole_loan_swap,post-v187 one-swap pricing only; not multi-swap or global proof,B,B,0,0,3,1,1,0,2019,2018,MD,IL
v63_source_repair_return_guarded_repair,incumbent_cvar_relaxed_source_lp,158316010,126430923,1500.0,1500.0,-220.5649967146192,-243.25029594541493,22.68529923079572,1914.870503883464,842500.0,True,True,0.00010816869840624133,0.8991097922848664,0,,,61424.48335440477,96280.39315134348,True,True,post_v187_one_drop_one_add_whole_loan_swap,post-v187 one-swap pricing only; not multi-swap or global proof,B,B,0,0,3,3,1,0,2019,2018,MD,other
v63_source_repair_return_guarded_repair,incumbent_cvar_relaxed_source_lp,158315350,127695160,1500.0,1500.0,-231.1083252494193,-235.90029594541494,4.791970695995644,1896.9771753486639,842500.0,True,True,0.00010816869840624133,0.8991097922848664,0,,,61424.68147028478,96280.68984670725,True,True,post_v187_one_drop_one_add_whole_loan_swap,post-v187 one-swap pricing only; not multi-swap or global proof,B,B,0,0,2,2,4,1,2019,2018,TX,TX
v63_source_repair_return_guarded_repair,incumbent_cvar_relaxed_source_lp,158315350,126760355,1500.0,1500.0,-231.1083252494193,-250.40002765814089,19.29170240872159,1911.47690706139,842500.0,True,True,0.00010816869840624133,0.8991097922848664,0,,,61424.88677880838,96280.9782528072,True,True,post_v187_one_drop_one_add_whole_loan_swap,post-v187 one-swap pricing only; not multi-swap or global proof,B,B,0,0,2,1,4,0,2019,2018,TX,IL
v63_source_repair_return_guarded_repair,incumbent_cvar_relaxed_source_lp,158315350,126430923,1500.0,1500.0,-231.1083252494193,-243.25029594541493,12.141970695995639,1904.327175348664,842500.0,True,True,0.00010816869840624133,0.8991097922848664,0,,,61424.68147028478,96280.68984670725,True,True,post_v187_one_drop_one_add_whole_loan_swap,post-v187 one-swap pricing only; not multi-swap or global proof,B,B,0,0,2,3,4,0,2019,2018,TX,other
v63_source_repair_return_guarded_repair,incumbent_cvar_relaxed_source_lp,157784068,127375002,3500.0,3000.0,83.46580640270655,78.27811063319062,5.187695769515926,1897.372900422184,843000.0,True,True,2.099592630155911e-05,0.8991696322657177,0,,,61445.43143176622,96246.67099947862,True,True,post_v187_one_drop_one_add_whole_loan_swap,post-v187 one-swap pricing only; not multi-swap or global proof,A,A,0,0,4,3,2,0,2019,2018,VA,AZ
v63_source_repair_return_guarded_repair,incumbent_cvar_relaxed_source_lp,157784068,141623287,3500.0,3000.0,83.46580640270655,80.96618182010366,2.499624582602891,1894.684829235271,843000.0,True,True,2.099592630155911e-05,0.8991696322657177,0,,,61413.724013687846,96173.5034284598,True,True,post_v187_one_drop_one_add_whole_loan_swap,post-v187 one-swap pricing only; not multi-swap or global proof,A,A,0,0,4,2,2,0,2019,2018,VA,NY
v63_source_repair_return_guarded_repair,incumbent_cvar_relaxed_source_lp,158168548,152337011,1400.0,1500.0,-251.24919779138887,-257.76127995264505,6.512082161256188,1898.6972868139244,842400.0,True,True,6.907218559226713e-06,0.8992165242165242,0,,,61351.25794938835,96069.98610367771,True,True,post_v187_one_drop_one_add_whole_loan_swap,post-v187 one-swap pricing only; not multi-swap or global proof,C,D,1,1,3,2,2,1,2019,2019,other,NC
v63_source_repair_return_guarded_repair,incumbent_cvar_relaxed_source_lp,158168548,158509118,1400.0,1500.0,-251.24919779138887,-257.7773965173176,6.528198725928718,1898.713403378597,842400.0,True,True,6.907218559226713e-06,0.8992165242165242,0,,,61264.79004321652,95996.93248288074,True,True,post_v187_one_drop_one_add_whole_loan_swap,post-v187 one-swap pricing only; not multi-swap or global proof,C,D,1,3,3,4,2,3,2019,2019,other,CA
v63_source_repair_return_guarded_repair,incumbent_cvar_relaxed_source_lp,157537618,127582382,1000.0,1000.0,-202.7602277013369,-205.52183833714096,2.761610635804061,1894.9468152884724,842500.0,True,True,0.00010816869840624133,0.8991097922848664,0,,,61414.14856222944,96254.8053989251,True,True,post_v187_one_drop_one_add_whole_loan_swap,post-v187 one-swap pricing only; not multi-swap or global proof,D,D,2,2,0,3,2,0,2019,2018,IN,CA
v63_source_repair_return_guarded_repair,incumbent_cvar_relaxed_source_lp,157560196,127874931,1300.0,1000.0,-181.11178871668363,-186.9469746106631,5.835185893979457,1898.0203905466478,842800.0,True,True,0.000411808959286053,0.8991457047935453,0,,,61480.13498596546,96352.68670641206,True,True,post_v187_one_drop_one_add_whole_loan_swap,post-v187 one-swap pricing only; not multi-swap or global proof,B,B,0,0,3,0,1,0,2019,2018,NY,MN
v63_source_repair_return_guarded_repair,incumbent_cvar_relaxed_source_lp,157560196,126733849,1300.0,1000.0,-181.11178871668363,-186.9469746106631,5.835185893979457,1898.0203905466478,842800.0,True,True,0.000411808959286053,0.8991457047935453,0,,,61480.13498596546,96352.68670641206,True,True,post_v187_one_drop_one_add_whole_loan_swap,post-v187 one-swap pricing only; not multi-swap or global proof,B,B,0,0,3,4,1,3,2019,2018,NY,NJ
v63_source_repair_return_guarded_repair,incumbent_cvar_relaxed_source_lp,157560196,126483031,1300.0,1200.0,-181.11178871668363,-200.480236756332,19.36844803964837,1911.5536526923167,842600.0,True,True,0.00020940614277265013,0.899121765962497,0,,,61459.15056162594,96322.26775581038,True,True,post_v187_one_drop_one_add_whole_loan_swap,post-v187 one-swap pricing only; not multi-swap or global proof,B,B,0,0,3,2,1,0,2019,2018,NY,FL
v63_source_repair_return_guarded_repair,incumbent_cvar_relaxed_source_lp,157511702,126658319,3000.0,2500.0,65.29036045289928,65.23175886099214,0.05860159190713432,1892.2438062445754,843000.0,True,True,2.099592630155911e-05,0.8991696322657177,0,,,61524.48434359276,96374.03140156822,True,True,post_v187_one_drop_one_add_whole_loan_swap,post-v187 one-swap pricing only; not multi-swap or global proof,A,A,0,0,1,2,0,0,2019,2018,FL,PA
v63_source_repair_return_guarded_repair,incumbent_cvar_relaxed_source_lp,157058382,127874931,1000.0,1000.0,-185.23911665390278,-186.9469746106631,1.7078579567603072,1893.8930626094286,842500.0,True,True,0.00010816869840624133,0.8979228486646884,0,,,61615.20067621954,96426.55120702584,True,True,post_v187_one_drop_one_add_whole_loan_swap,post-v187 one-swap pricing only; not multi-swap or global proof,D,B,4,0,1,0,4,0,2019,2018,NC,MN
v63_source_repair_return_guarded_repair,incumbent_cvar_relaxed_source_lp,157058382,127672145,1000.0,1000.0,-185.23911665390278,-196.20083323856994,10.961716584667158,1903.1469212373354,842500.0,True,True,0.00010816869840624133,0.8991097922848664,0,,,61584.09326119485,96382.18088814057,True,True,post_v187_one_drop_one_add_whole_loan_swap,post-v187 one-swap pricing only; not multi-swap or global proof,D,C,4,1,1,0,4,2,2019,2018,NC,other
v63_source_repair_return_guarded_repair,incumbent_cvar_relaxed_source_lp,157058382,127582382,1000.0,1000.0,-185.23911665390278,-205.52183833714096,20.28272168323818,1912.4679263359064,842500.0,True,True,0.00010816869840624133,0.8991097922848664,0,,,61500.21672605217,96271.74693563377,True,True,post_v187_one_drop_one_add_whole_loan_swap,post-v187 one-swap pricing only; not multi-swap or global proof,D,D,4,2,1,3,4,0,2019,2018,NC,CA
v63_source_repair_return_guarded_repair,incumbent_cvar_relaxed_source_lp,157058382,126820122,1000.0,1000.0,-185.23911665390278,-201.89545162414464,16.656334970241858,1908.8415396229102,842500.0,True,True,0.00010816869840624133,0.8991097922848664,0,,,61543.51122223295,96333.81037378187,True,True,post_v187_one_drop_one_add_whole_loan_swap,post-v187 one-swap pricing only; not multi-swap or global proof,D,C,4,1,1,0,4,1,2019,2018,NC,other
v63_source_repair_return_guarded_repair,incumbent_cvar_relaxed_source_lp,157058382,126733849,1000.0,1000.0,-185.23911665390278,-186.9469746106631,1.7078579567603072,1893.8930626094286,842500.0,True,True,0.00010816869840624133,0.8979228486646884,0,,,61615.20067621954,96426.55120702584,True,True,post_v187_one_drop_one_add_whole_loan_swap,post-v187 one-swap pricing only; not multi-swap or global proof,D,B,4,0,1,4,4,3,2019,2018,NC,NJ
v63_source_repair_return_guarded_repair,incumbent_cvar_relaxed_source_lp,157058382,126419064,1000.0,1000.0,-185.23911665390278,-198.85427993768698,13.615163283784199,1905.8003679364524,842500.0,True,True,0.00010816869840624133,0.8991097922848664,0,,,61516.90469880258,96291.14196772121,True,True,post_v187_one_drop_one_add_whole_loan_swap,post-v187 one-swap pricing only; not multi-swap or global proof,D,D,4,2,1,4,4,1,2019,2018,NC,other
v63_source_repair_return_guarded_repair,incumbent_cvar_relaxed_source_lp,157051049,126760355,1500.0,1500.0,-239.82682840151188,-250.40002765814089,10.57319925662901,1902.7584039092974,842500.0,True,True,0.00010816869840624133,0.8991097922848664,0,,,61433.784099633296,96299.88557162804,True,True,post_v187_one_drop_one_add_whole_loan_swap,post-v187 one-swap pricing only; not multi-swap or global proof,B,B,0,0,0,1,4,0,2019,2018,IL,IL
v63_source_repair_return_guarded_repair,incumbent_cvar_relaxed_source_lp,157051049,126430923,1500.0,1500.0,-239.82682840151188,-243.25029594541493,3.423467543903058,1895.6086721965714,842500.0,True,True,0.00010816869840624133,0.8991097922848664,0,,,61433.5787911097,96299.59716552809,True,True,post_v187_one_drop_one_add_whole_loan_swap,post-v187 one-swap pricing only; not multi-swap or global proof,B,B,0,0,0,3,4,0,2019,2018,IL,other
v63_source_repair_return_guarded_repair,incumbent_cvar_relaxed_source_lp,156872543,127582382,1000.0,1000.0,-202.99915325719445,-205.52183833714096,2.5226850799465126,1894.7078897326148,842500.0,True,True,0.00010816869840624133,0.8991097922848664,0,,,61518.39830099094,96271.74693563377,True,True,post_v187_one_drop_one_add_whole_loan_swap,post-v187 one-swap pricing only; not multi-swap or global proof,D,D,5,2,1,3,4,0,2019,2018,other,CA
v63_source_repair_return_guarded_repair,incumbent_cvar_relaxed_source_lp,156899870,126658319,2750.0,2500.0,65.74189635588623,65.23175886099214,0.5101374948940816,1892.6953421475623,842750.0,True,True,6.456938254495448e-05,0.8991397211509937,0,,,61468.83494823289,96280.83042422093,True,True,post_v187_one_drop_one_add_whole_loan_swap,post-v187 one-swap pricing only; not multi-swap or global proof,A,A,0,0,3,2,2,0,2019,2018,NC,PA
v63_source_repair_return_guarded_repair,incumbent_cvar_relaxed_source_lp,156642514,158700271,8575.0,8000.0,198.8866569286404,198.2323499409941,0.6543069876462937,1892.8395116403146,843075.0,True,True,7.928928614897579e-06,0.899178602140972,0,,,61371.96503495219,96095.00272228474,True,True,post_v187_one_drop_one_add_whole_loan_swap,post-v187 one-swap pricing only; not multi-swap or global proof,A,A,0,0,3,4,0,0,2019,2019,WA,other
v63_source_repair_return_guarded_repair,incumbent_cvar_relaxed_source_lp,156642514,138138354,8575.0,8000.0,198.8866569286404,196.18326943106774,2.7033874975726633,1894.888592150241,843075.0,True,True,7.928928614897579e-06,0.899178602140972,0,,,61442.088066123724,96250.44029931903,True,True,post_v187_one_drop_one_add_whole_loan_swap,post-v187 one-swap pricing only; not multi-swap or global proof,A,A,0,0,3,4,0,1,2019,2018,WA,MD
v63_source_repair_return_guarded_repair,incumbent_cvar_relaxed_source_lp,156012439,127874931,1200.0,1000.0,-183.74011266155404,-186.9469746106631,3.2068619491090544,1895.3920666017773,842700.0,True,True,0.000310619560215053,0.8991337367983862,0,,,61454.2599762428,96309.70141167335,True,True,post_v187_one_drop_one_add_whole_loan_swap,post-v187 one-swap pricing only; not multi-swap or global proof,B,B,0,0,3,0,2,0,2019,2018,CA,MN
v63_source_repair_return_guarded_repair,incumbent_cvar_relaxed_source_lp,156012439,126733849,1200.0,1000.0,-183.74011266155404,-186.9469746106631,3.2068619491090544,1895.3920666017773,842700.0,True,True,0.000310619560215053,0.8991337367983862,0,,,61454.2599762428,96309.70141167335,True,True,post_v187_one_drop_one_add_whole_loan_swap,post-v187 one-swap pricing only; not multi-swap or global proof,B,B,0,0,3,4,2,3,2019,2018,CA,NJ
v63_source_repair_return_guarded_repair,incumbent_cvar_relaxed_source_lp,156012439,126483031,1200.0,1200.0,-183.74011266155404,-200.480236756332,16.74012409477797,1908.9253287474462,842500.0,True,True,0.00010816869840624133,0.8991097922848664,0,,,61433.275551903265,96279.28246107163,True,True,post_v187_one_drop_one_add_whole_loan_swap,post-v187 one-swap pricing only; not multi-swap or global proof,B,B,0,0,3,2,2,0,2019,2018,CA,FL
v63_source_repair_return_guarded_repair,incumbent_cvar_relaxed_source_lp,156433716,126658319,3000.0,2500.0,71.71843238823955,65.23175886099214,6.4866735272474045,1898.6718781799157,843000.0,True,True,2.099592630155911e-05,0.8991696322657177,0,,,61479.35383716761,96298.44734032547,True,True,post_v187_one_drop_one_add_whole_loan_swap,post-v187 one-swap pricing only; not multi-swap or global proof,A,A,0,0,2,2,0,0,2019,2018,IL,PA
v63_source_repair_return_guarded_repair,incumbent_cvar_relaxed_source_lp,156192909,127582382,1200.0,1000.0,-202.72802520962668,-205.52183833714096,2.7938131275142837,1894.9790177801826,842700.0,True,True,0.000310619560215053,0.8988964044143823,0,,,61574.46564289513,96396.381633066,True,True,post_v187_one_drop_one_add_whole_loan_swap,post-v187 one-swap pricing only; not multi-swap or global proof,D,D,3,2,4,3,2,0,2019,2018,other,CA
v63_source_repair_return_guarded_repair,incumbent_cvar_relaxed_source_lp,156192909,165985906,1200.0,1200.0,-202.72802520962668,-203.72482836822385,0.9968031585971744,1893.1820078112655,842500.0,True,True,0.00010816869840624133,0.8991097922848664,0,,,61574.13736561175,96350.40704885629,True,True,post_v187_one_drop_one_add_whole_loan_swap,post-v187 one-swap pricing only; not multi-swap or global proof,D,C,3,1,4,3,2,4,2019,2020,other,VA
v63_source_repair_return_guarded_repair,incumbent_cvar_relaxed_source_lp,156192909,160806330,1200.0,1200.0,-202.72802520962668,-210.10403328668124,7.376008077054564,1899.561212729723,842500.0,True,True,0.00010816869840624133,0.8991097922848664,0,,,61524.700076664565,96221.78333815077,True,True,post_v187_one_drop_one_add_whole_loan_swap,post-v187 one-swap pricing only; not multi-swap or global proof,D,D,3,2,4,2,2,2,2019,2019,other,FL
v63_source_repair_return_guarded_repair,incumbent_cvar_relaxed_source_lp,156106401,127874931,1100.0,1000.0,-185.36313076505434,-186.9469746106631,1.5838438456087545,1893.769048498277,842600.0,True,True,0.00020940614277265013,0.899121765962497,0,,,61437.96469732595,96273.8686658469,True,True,post_v187_one_drop_one_add_whole_loan_swap,post-v187 one-swap pricing only; not multi-swap or global proof,B,B,0,0,1,0,0,0,2019,2018,TX,MN
v63_source_repair_return_guarded_repair,incumbent_cvar_relaxed_source_lp,156106401,126733849,1100.0,1000.0,-185.36313076505434,-186.9469746106631,1.5838438456087545,1893.769048498277,842600.0,True,True,0.00020940614277265013,0.899121765962497,0,,,61437.96469732595,96273.8686658469,True,True,post_v187_one_drop_one_add_whole_loan_swap,post-v187 one-swap pricing only; not multi-swap or global proof,B,B,0,0,1,4,0,3,2019,2018,TX,NJ
v63_source_repair_return_guarded_repair,incumbent_cvar_relaxed_source_lp,156106401,126483031,1100.0,1200.0,-185.36313076505434,-200.480236756332,15.117105991277668,1907.302310643946,842400.0,True,True,6.907218559226713e-06,0.8990978157644824,0,,,61416.98027298642,96243.44971524521,True,True,post_v187_one_drop_one_add_whole_loan_swap,post-v187 one-swap pricing only; not multi-swap or global proof,B,B,0,0,1,2,0,0,2019,2018,TX,FL
v63_source_repair_return_guarded_repair,incumbent_cvar_relaxed_source_lp,155777609,127874931,1000.0,1000.0,-183.99229773466166,-186.9469746106631,2.954676876001429,1895.1398815286698,842500.0,True,True,0.00010816869840624133,0.8991097922848664,0,,,61441.22686442138,96266.44428800116,True,True,post_v187_one_drop_one_add_whole_loan_swap,post-v187 one-swap pricing only; not multi-swap or global proof,B,B,0,0,2,0,0,0,2019,2018,other,MN
v63_source_repair_return_guarded_repair,incumbent_cvar_relaxed_source_lp,155777609,126733849,1000.0,1000.0,-183.99229773466166,-186.9469746106631,2.954676876001429,1895.1398815286698,842500.0,True,True,0.00010816869840624133,0.8991097922848664,0,,,61441.22686442138,96266.44428800116,True,True,post_v187_one_drop_one_add_whole_loan_swap,post-v187 one-swap pricing only; not multi-swap or global proof,B,B,0,0,2,4,0,3,2019,2018,other,NJ
v63_source_repair_return_guarded_repair,incumbent_cvar_relaxed_source_lp,155686800,127874931,1000.0,1000.0,-183.34513347006404,-186.9469746106631,3.601841140599049,1895.7870457932672,842500.0,True,True,0.00010816869840624133,0.8979228486646884,0,,,61613.22696250629,96425.2494224382,True,True,post_v187_one_drop_one_add_whole_loan_swap,post-v187 one-swap pricing only; not multi-swap or global proof,D,B,4,0,2,0,4,0,2019,2018,FL,MN
v63_source_repair_return_guarded_repair,incumbent_cvar_relaxed_source_lp,155686800,127672145,1000.0,1000.0,-183.34513347006404,-196.20083323856994,12.8556997685059,1905.0409044211742,842500.0,True,True,0.00010816869840624133,0.8991097922848664,0,,,61582.119547481605,96380.87910355291,True,True,post_v187_one_drop_one_add_whole_loan_swap,post-v187 one-swap pricing only; not multi-swap or global proof,D,C,4,1,2,0,4,2,2019,2018,FL,other
v63_source_repair_return_guarded_repair,incumbent_cvar_relaxed_source_lp,155686800,127582382,1000.0,1000.0,-183.34513347006404,-205.52183833714096,22.17670486707692,1914.3619095197453,842500.0,True,True,0.00010816869840624133,0.8991097922848664,0,,,61498.243012338906,96270.4451510461,True,True,post_v187_one_drop_one_add_whole_loan_swap,post-v187 one-swap pricing only; not multi-swap or global proof,D,D,4,2,2,3,4,0,2019,2018,FL,CA
v63_source_repair_return_guarded_repair,incumbent_cvar_relaxed_source_lp,155686800,126820122,1000.0,1000.0,-183.34513347006404,-201.89545162414464,18.5503181540806,1910.7355228067488,842500.0,True,True,0.00010816869840624133,0.8991097922848664,0,,,61541.53750851968,96332.50858919419,True,True,post_v187_one_drop_one_add_whole_loan_swap,post-v187 one-swap pricing only; not multi-swap or global proof,D,C,4,1,2,0,4,1,2019,2018,FL,other
v63_source_repair_return_guarded_repair,incumbent_cvar_relaxed_source_lp,155686800,126733849,1000.0,1000.0,-183.34513347006404,-186.9469746106631,3.601841140599049,1895.7870457932672,842500.0,True,True,0.00010816869840624133,0.8979228486646884,0,,,61613.22696250629,96425.2494224382,True,True,post_v187_one_drop_one_add_whole_loan_swap,post-v187 one-swap pricing only; not multi-swap or global proof,D,B,4,0,2,4,4,3,2019,2018,FL,NJ
v63_source_repair_return_guarded_repair,incumbent_cvar_relaxed_source_lp,155686800,126419064,1000.0,1000.0,-183.34513347006404,-198.85427993768698,15.50914646762294,1907.6943511202912,842500.0,True,True,0.00010816869840624133,0.8991097922848664,0,,,61514.93098508931,96289.84018313355,True,True,post_v187_one_drop_one_add_whole_loan_swap,post-v187 one-swap pricing only; not multi-swap or global proof,D,D,4,2,2,4,4,1,2019,2018,FL,other
v63_source_repair_return_guarded_repair,incumbent_cvar_relaxed_source_lp,155686800,156823754,1000.0,1000.0,-183.34513347006404,-183.46022770133698,0.11509423127293417,1892.3002988839412,842500.0,True,True,0.00010816869840624133,0.8991097922848664,0,,,61515.344264955434,96212.42648560966,True,True,post_v187_one_drop_one_add_whole_loan_swap,post-v187 one-swap pricing only; not multi-swap or global proof,D,D,4,2,2,3,4,1,2019,2019,FL,CA
v63_source_repair_return_guarded_repair,incumbent_cvar_relaxed_source_lp,155606642,126523487,2000.0,2000.0,-341.7434053200198,-350.42656531605377,8.683159996033964,1900.8683646487023,842500.0,True,True,0.00010816869840624133,0.8991097922848664,0,,,61521.14482788434,96475.84289550749,True,True,post_v187_one_drop_one_add_whole_loan_swap,post-v187 one-swap pricing only; not multi-swap or global proof,D,C,2,1,4,4,0,1,2019,2018,other,CA
v63_source_repair_return_guarded_repair,incumbent_cvar_relaxed_source_lp,155539228,127672145,1000.0,1000.0,-194.48426320525675,-196.20083323856994,1.7165700333131895,1893.9017746859815,842500.0,True,True,0.00010816869840624133,0.8991097922848664,0,,,61473.54634494968,96297.73822282106,True,True,post_v187_one_drop_one_add_whole_loan_swap,post-v187 one-swap pricing only; not multi-swap or global proof,C,C,1,1,2,0,0,2,2019,2018,other,other
v63_source_repair_return_guarded_repair,incumbent_cvar_relaxed_source_lp,155539228,127582382,1000.0,1000.0,-194.48426320525675,-205.52183833714096,11.03757513188421,1903.2227797845526,842500.0,True,True,0.00010816869840624133,0.8991097922848664,0,,,61389.66980980699,96187.30427031427,True,True,post_v187_one_drop_one_add_whole_loan_swap,post-v187 one-swap pricing only; not multi-swap or global proof,C,D,1,2,2,3,0,0,2019,2018,other,CA
v63_source_repair_return_guarded_repair,incumbent_cvar_relaxed_source_lp,155539228,126820122,1000.0,1000.0,-194.48426320525675,-201.89545162414464,7.411188418887889,1899.5963930715561,842500.0,True,True,0.00010816869840624133,0.8991097922848664,0,,,61432.96430598776,96249.36770846235,True,True,post_v187_one_drop_one_add_whole_loan_swap,post-v187 one-swap pricing only; not multi-swap or global proof,C,C,1,1,2,0,0,1,2019,2018,other,other
v63_source_repair_return_guarded_repair,incumbent_cvar_relaxed_source_lp,155539228,126419064,1000.0,1000.0,-194.48426320525675,-198.85427993768698,4.37001673243023,1896.5552213850985,842500.0,True,True,0.00010816869840624133,0.8991097922848664,0,,,61406.3577825574,96206.69930240171,True,True,post_v187_one_drop_one_add_whole_loan_swap,post-v187 one-swap pricing only; not multi-swap or global proof,C,D,1,2,2,4,0,1,2019,2018,other,other
v63_source_repair_return_guarded_repair,incumbent_cvar_relaxed_source_lp,155329047,126483031,1200.0,1200.0,-193.93432447096833,-200.480236756332,6.54591228536367,1898.7311169380318,842500.0,True,True,0.00010816869840624133,0.8991097922848664,0,,,61443.7261673278,96287.08524170319,True,True,post_v187_one_drop_one_add_whole_loan_swap,post-v187 one-swap pricing only; not multi-swap or global proof,B,B,0,0,4,2,2,0,2019,2018,other,FL
v63_source_repair_return_guarded_repair,incumbent_cvar_relaxed_source_lp,155441894,127375002,3600.0,3000.0,79.25733487700369,78.27811063319062,0.9792242438130643,1893.1644288964812,843100.0,True,True,3.5737793443457733e-06,0.8991815917447515,0,,,61496.07797585646,96327.29253376112,True,True,post_v187_one_drop_one_add_whole_loan_swap,post-v187 one-swap pricing only; not multi-swap or global proof,A,A,0,0,4,3,1,0,2019,2018,CA,AZ
v63_source_repair_return_guarded_repair,incumbent_cvar_relaxed_source_lp,155252343,127874931,1000.0,1000.0,-170.8717026600099,-186.9469746106631,16.07527195065319,1908.2604766033214,842500.0,True,True,0.00010816869840624133,0.8979228486646884,0,,,61510.69097714136,96385.04075289564,True,True,post_v187_one_drop_one_add_whole_loan_swap,post-v187 one-swap pricing only; not multi-swap or global proof,D,B,2,0,3,0,3,0,2019,2018,other,MN
v63_source_repair_return_guarded_repair,incumbent_cvar_relaxed_source_lp,155252343,127672145,1000.0,1000.0,-170.8717026600099,-196.20083323856994,25.32913057856004,1917.5143352312284,842500.0,True,True,0.00010816869840624133,0.8991097922848664,0,,,61479.58356211667,96340.67043401036,True,True,post_v187_one_drop_one_add_whole_loan_swap,post-v187 one-swap pricing only; not multi-swap or global proof,D,C,2,1,3,0,3,2,2019,2018,other,other
v63_source_repair_return_guarded_repair,incumbent_cvar_relaxed_source_lp,155252343,127582382,1000.0,1000.0,-170.8717026600099,-205.52183833714096,34.65013567713106,1926.8353403297992,842500.0,True,True,0.00010816869840624133,0.8991097922848664,0,,,61395.70702697399,96230.23648150355,True,True,post_v187_one_drop_one_add_whole_loan_swap,post-v187 one-swap pricing only; not multi-swap or global proof,D,D,2,2,3,3,3,0,2019,2018,other,CA
v63_source_repair_return_guarded_repair,incumbent_cvar_relaxed_source_lp,155252343,126827839,1000.0,1000.0,-170.8717026600099,-175.77898463113021,4.907281971120312,1897.0924866237885,842500.0,True,True,0.00010816869840624133,0.8991097922848664,0,,,61377.480658371416,96198.8798530956,True,True,post_v187_one_drop_one_add_whole_loan_swap,post-v187 one-swap pricing only; not multi-swap or global proof,D,E,2,2,3,0,3,4,2019,2018,other,other
v63_source_repair_return_guarded_repair,incumbent_cvar_relaxed_source_lp,155252343,126820122,1000.0,1000.0,-170.8717026600099,-201.89545162414464,31.02374896413474,1923.208953616803,842500.0,True,True,0.00010816869840624133,0.8991097922848664,0,,,61439.00152315476,96292.29991965165,True,True,post_v187_one_drop_one_add_whole_loan_swap,post-v187 one-swap pricing only; not multi-swap or global proof,D,C,2,1,3,0,3,1,2019,2018,other,other
v63_source_repair_return_guarded_repair,incumbent_cvar_relaxed_source_lp,155252343,126733849,1000.0,1000.0,-170.8717026600099,-186.9469746106631,16.07527195065319,1908.2604766033214,842500.0,True,True,0.00010816869840624133,0.8979228486646884,0,,,61510.69097714136,96385.04075289564,True,True,post_v187_one_drop_one_add_whole_loan_swap,post-v187 one-swap pricing only; not multi-swap or global proof,D,B,2,0,3,4,3,3,2019,2018,other,NJ
v63_source_repair_return_guarded_repair,incumbent_cvar_relaxed_source_lp,155252343,126419064,1000.0,1000.0,-170.8717026600099,-198.85427993768698,27.98257727767708,1920.1677819303454,842500.0,True,True,0.00010816869840624133,0.8991097922848664,0,,,61412.39499972439,96249.631513591,True,True,post_v187_one_drop_one_add_whole_loan_swap,post-v187 one-swap pricing only; not multi-swap or global proof,D,D,2,2,3,4,3,1,2019,2018,other,other
v63_source_repair_return_guarded_repair,incumbent_cvar_relaxed_source_lp,155252343,168701788,1000.0,1000.0,-170.8717026600099,-178.5860397151734,7.714337055163497,1899.8995417078318,842500.0,True,True,0.00010816869840624133,0.8991097922848664,0,,,61431.270161408596,96259.32923960804,True,True,post_v187_one_drop_one_add_whole_loan_swap,post-v187 one-swap pricing only; not multi-swap or global proof,D,C,2,1,3,3,3,1,2019,2020,other,TX
v63_source_repair_return_guarded_repair,incumbent_cvar_relaxed_source_lp,155252343,169358871,1000.0,1000.0,-170.8717026600099,-177.86634212741987,6.994639467409968,1899.1798441200783,842500.0,True,True,0.00010816869840624133,0.8991097922848664,0,,,61441.04117874133,96246.9042045682,True,True,post_v187_one_drop_one_add_whole_loan_swap,post-v187 one-swap pricing only; not multi-swap or global proof,D,C,2,1,3,3,3,0,2019,2020,other,VA
v63_source_repair_return_guarded_repair,incumbent_cvar_relaxed_source_lp,155252343,139506195,1000.0,1000.0,-170.8717026600099,-177.67809625327766,6.806393593267757,1898.991598245936,842500.0,True,True,0.00010816869840624133,0.8991097922848664,0,,,61415.20649868992,96193.12257944775,True,True,post_v187_one_drop_one_add_whole_loan_swap,post-v187 one-swap pricing only; not multi-swap or global proof,D,D,2,2,3,2,3,0,2019,2018,other,CA
v63_source_repair_return_guarded_repair,incumbent_cvar_relaxed_source_lp,155252343,156823754,1000.0,1000.0,-170.8717026600099,-183.46022770133698,12.588525041327074,1904.7737296939954,842500.0,True,True,0.00010816869840624133,0.8991097922848664,0,,,61412.808279590514,96172.2178160671,True,True,post_v187_one_drop_one_add_whole_loan_swap,post-v187 one-swap pricing only; not multi-swap or global proof,D,D,2,2,3,3,3,1,2019,2019,other,CA
v63_source_repair_return_guarded_repair,incumbent_cvar_relaxed_source_lp,155252343,156807668,1000.0,1000.0,-170.8717026600099,-175.85010442413147,4.978401764121571,1897.16360641679,842500.0,True,True,0.00010816869840624133,0.8991097922848664,0,,,61440.24177394922,96200.4941764448,True,True,post_v187_one_drop_one_add_whole_loan_swap,post-v187 one-swap pricing only; not multi-swap or global proof,D,D,2,2,3,0,3,0,2019,2019,other,TX
v63_source_repair_return_guarded_repair,incumbent_cvar_relaxed_source_lp,154899738,127874931,1000.0,1000.0,-171.01136866654105,-186.9469746106631,15.935605944122045,1908.1208105967903,842500.0,True,True,0.00010816869840624133,0.8979228486646884,0,,,61441.96400635743,96267.18229749287,True,True,post_v187_one_drop_one_add_whole_loan_swap,post-v187 one-swap pricing only; not multi-swap or global proof,B,B,1,0,0,0,0,0,2019,2018,other,MN
v63_source_repair_return_guarded_repair,incumbent_cvar_relaxed_source_lp,154899738,127672145,1000.0,1000.0,-171.01136866654105,-196.20083323856994,25.189464572028896,1917.3746692246973,842500.0,True,True,0.00010816869840624133,0.8991097922848664,0,,,61410.85659133275,96222.8119786076,True,True,post_v187_one_drop_one_add_whole_loan_swap,post-v187 one-swap pricing only; not multi-swap or global proof,B,C,1,1,0,0,0,2,2019,2018,other,other
v63_source_repair_return_guarded_repair,incumbent_cvar_relaxed_source_lp,154899738,127582382,1000.0,1000.0,-171.01136866654105,-205.52183833714096,34.51046967059992,1926.6956743232681,842500.0,True,True,0.00010816869840624133,0.8991097922848664,0,,,61326.98005619005,96112.37802610079,True,True,post_v187_one_drop_one_add_whole_loan_swap,post-v187 one-swap pricing only; not multi-swap or global proof,B,D,1,2,0,3,0,0,2019,2018,other,CA
v63_source_repair_return_guarded_repair,incumbent_cvar_relaxed_source_lp,154899738,126827839,1000.0,1000.0,-171.01136866654105,-175.77898463113021,4.767615964589169,1896.9528206172574,842500.0,True,True,0.00010816869840624133,0.8991097922848664,0,,,61308.75368758749,96081.02139769282,True,True,post_v187_one_drop_one_add_whole_loan_swap,post-v187 one-swap pricing only; not multi-swap or global proof,B,E,1,2,0,0,0,4,2019,2018,other,other
v63_source_repair_return_guarded_repair,incumbent_cvar_relaxed_source_lp,154899738,126820122,1000.0,1000.0,-171.01136866654105,-201.89545162414464,30.884082957603596,1923.0692876102719,842500.0,True,True,0.00010816869840624133,0.8991097922848664,0,,,61370.274552370814,96174.44146424888,True,True,post_v187_one_drop_one_add_whole_loan_swap,post-v187 one-swap pricing only; not multi-swap or global proof,B,C,1,1,0,0,0,1,2019,2018,other,other
v63_source_repair_return_guarded_repair,incumbent_cvar_relaxed_source_lp,154899738,126733849,1000.0,1000.0,-171.01136866654105,-186.9469746106631,15.935605944122045,1908.1208105967903,842500.0,True,True,0.00010816869840624133,0.8979228486646884,0,,,61441.96400635743,96267.18229749287,True,True,post_v187_one_drop_one_add_whole_loan_swap,post-v187 one-swap pricing only; not multi-swap or global proof,B,B,1,0,0,4,0,3,2019,2018,other,NJ
v63_source_repair_return_guarded_repair,incumbent_cvar_relaxed_source_lp,154899738,126419064,1000.0,1000.0,-171.01136866654105,-198.85427993768698,27.842911271145937,1920.0281159238143,842500.0,True,True,0.00010816869840624133,0.8991097922848664,0,,,61343.66802894046,96131.77305818824,True,True,post_v187_one_drop_one_add_whole_loan_swap,post-v187 one-swap pricing only; not multi-swap or global proof,B,D,1,2,0,4,0,1,2019,2018,other,other
v63_source_repair_return_guarded_repair,incumbent_cvar_relaxed_source_lp,154899738,168701788,1000.0,1000.0,-171.01136866654105,-178.5860397151734,7.574671048632354,1899.7598757013006,842500.0,True,True,0.00010816869840624133,0.8991097922848664,0,,,61362.54319062465,96141.47078420527,True,True,post_v187_one_drop_one_add_whole_loan_swap,post-v187 one-swap pricing only; not multi-swap or global proof,B,C,1,1,0,3,0,1,2019,2020,other,TX
v63_source_repair_return_guarded_repair,incumbent_cvar_relaxed_source_lp,154899738,169358871,1000.0,1000.0,-171.01136866654105,-177.86634212741987,6.854973460878824,1899.0401781135472,842500.0,True,True,0.00010816869840624133,0.8991097922848664,0,,,61372.31420795739,96129.04574916544,True,True,post_v187_one_drop_one_add_whole_loan_swap,post-v187 one-swap pricing only; not multi-swap or global proof,B,C,1,1,0,3,0,0,2019,2020,other,VA
v63_source_repair_return_guarded_repair,incumbent_cvar_relaxed_source_lp,154899738,139506195,1000.0,1000.0,-171.01136866654105,-177.67809625327766,6.666727586736613,1898.851932239405,842500.0,True,True,0.00010816869840624133,0.8991097922848664,0,,,61346.479527905976,96075.26412404497,True,True,post_v187_one_drop_one_add_whole_loan_swap,post-v187 one-swap pricing only; not multi-swap or global proof,B,D,1,2,0,2,0,0,2019,2018,other,CA
v63_source_repair_return_guarded_repair,incumbent_cvar_relaxed_source_lp,154899738,156823754,1000.0,1000.0,-171.01136866654105,-183.46022770133698,12.44885903479593,1904.6340636874643,842500.0,True,True,0.00010816869840624133,0.8991097922848664,0,,,61344.08130880658,96054.35936066436,True,True,post_v187_one_drop_one_add_whole_loan_swap,post-v187 one-swap pricing only; not multi-swap or global proof,B,D,1,2,0,3,0,1,2019,2019,other,CA
v63_source_repair_return_guarded_repair,incumbent_cvar_relaxed_source_lp,154899738,156807668,1000.0,1000.0,-171.01136866654105,-175.85010442413147,4.8387357575904275,1897.0239404102588,842500.0,True,True,0.00010816869840624133,0.8991097922848664,0,,,61371.514803165286,96082.63572104202,True,True,post_v187_one_drop_one_add_whole_loan_swap,post-v187 one-swap pricing only; not multi-swap or global proof,B,D,1,2,0,0,0,0,2019,2019,other,TX
v63_source_repair_return_guarded_repair,incumbent_cvar_relaxed_source_lp,163050494,148029832,10525.0,10000.0,252.1906376488806,247.80404423386764,4.386593415012953,1896.5717980676814,843025.0,True,True,1.664000207046712e-05,0.8991726224014709,0,,,61333.62675398208,96068.6189097509,True,True,post_v187_one_drop_one_add_whole_loan_swap,post-v187 one-swap pricing only; not multi-swap or global proof,A,A,0,0,4,4,0,0,2019,2019,NY,other
v63_source_repair_return_guarded_repair,incumbent_cvar_relaxed_source_lp,163420191,168678809,1200.0,1000.0,-20.633738303939268,-25.935876492202276,5.302138188263008,1897.4873428409312,842700.0,True,True,7.328717621135628e-05,0.8988964044143823,0,,,61445.33126674797,96232.66889959224,True,True,post_v187_one_drop_one_add_whole_loan_swap,post-v187 one-swap pricing only; not multi-swap or global proof,A,A,1,1,0,1,2,0,2019,2020,FL,IN
v63_source_repair_return_guarded_repair,incumbent_cvar_relaxed_source_lp,163420191,170390171,1200.0,1000.0,-20.633738303939268,-23.632377345499286,2.9986390415600184,1895.1838436942282,842700.0,True,True,7.328717621135628e-05,0.8988964044143823,0,,,61441.925777206416,96225.73609940716,True,True,post_v187_one_drop_one_add_whole_loan_swap,post-v187 one-swap pricing only; not multi-swap or global proof,A,A,1,1,0,0,2,0,2019,2020,FL,other
v63_source_repair_return_guarded_repair,incumbent_cvar_relaxed_source_lp,163420191,169450190,1200.0,1000.0,-20.633738303939268,-22.58050328415853,1.946764980219264,1894.1319696328876,842700.0,True,True,7.328717621135628e-05,0.8988964044143823,0,,,61424.61105271787,96190.72806608136,True,True,post_v187_one_drop_one_add_whole_loan_swap,post-v187 one-swap pricing only; not multi-swap or global proof,A,A,1,1,0,0,2,0,2019,2020,FL,AZ
v63_source_repair_return_guarded_repair,incumbent_cvar_relaxed_source_lp,163383289,168841753,1000.0,1000.0,-9.457214357682766,-15.58411172619063,6.126897368507864,1898.312102021176,842500.0,True,True,0.00010816869840624133,0.8991097922848664,0,,,61404.43248515004,96165.89176244252,True,True,post_v187_one_drop_one_add_whole_loan_swap,post-v187 one-swap pricing only; not multi-swap or global proof,A,A,1,1,0,1,2,0,2019,2020,other,NY
v63_source_repair_return_guarded_repair,incumbent_cvar_relaxed_source_lp,163383289,168678809,1000.0,1000.0,-9.457214357682766,-25.935876492202276,16.47866213451951,1908.6638667871878,842500.0,True,True,0.00010816869840624133,0.8991097922848664,0,,,61417.94634204821,96186.8681218356,True,True,post_v187_one_drop_one_add_whole_loan_swap,post-v187 one-swap pricing only; not multi-swap or global proof,A,A,1,1,0,1,2,0,2019,2020,other,IN
v63_source_repair_return_guarded_repair,incumbent_cvar_relaxed_source_lp,163383289,170390171,1000.0,1000.0,-9.457214357682766,-23.632377345499286,14.17516298781652,1906.3603676404848,842500.0,True,True,0.00010816869840624133,0.8991097922848664,0,,,61414.54085250667,96179.9353216505,True,True,post_v187_one_drop_one_add_whole_loan_swap,post-v187 one-swap pricing only; not multi-swap or global proof,A,A,1,1,0,0,2,0,2019,2020,other,other
v63_source_repair_return_guarded_repair,incumbent_cvar_relaxed_source_lp,163383289,169450190,1000.0,1000.0,-9.457214357682766,-22.58050328415853,13.123288926475766,1905.308493579144,842500.0,True,True,0.00010816869840624133,0.8991097922848664,0,,,61397.22612801811,96144.92728832472,True,True,post_v187_one_drop_one_add_whole_loan_swap,post-v187 one-swap pricing only; not multi-swap or global proof,A,A,1,1,0,0,2,0,2019,2020,other,AZ
v63_source_repair_return_guarded_repair,incumbent_cvar_relaxed_source_lp,162936322,126523487,2000.0,2000.0,-335.18594736331687,-350.42656531605377,15.240617952736898,1907.4258226054053,842500.0,True,True,0.00010816869840624133,0.8991097922848664,0,,,61419.20906747251,96325.02308502674,True,True,post_v187_one_drop_one_add_whole_loan_swap,post-v187 one-swap pricing only; not multi-swap or global proof,C,C,1,1,4,4,1,1,2019,2018,NC,CA
v63_source_repair_return_guarded_repair,incumbent_cvar_relaxed_source_lp,162604995,127672145,1200.0,1000.0,-190.38488193037946,-196.20083323856994,5.815951308190478,1898.0011559608588,842700.0,True,True,0.000310619560215053,0.8988964044143823,0,,,61575.38417419528,96488.98628085386,True,True,post_v187_one_drop_one_add_whole_loan_swap,post-v187 one-swap pricing only; not multi-swap or global proof,D,C,2,1,2,0,1,2,2019,2018,TX,other
v63_source_repair_return_guarded_repair,incumbent_cvar_relaxed_source_lp,162604995,127582382,1200.0,1000.0,-190.38488193037946,-205.52183833714096,15.136956406761499,1907.3221610594298,842700.0,True,True,0.000310619560215053,0.8988964044143823,0,,,61491.507639052594,96378.55232834705,True,True,post_v187_one_drop_one_add_whole_loan_swap,post-v187 one-swap pricing only; not multi-swap or global proof,D,D,2,2,2,3,1,0,2019,2018,TX,CA
v63_source_repair_return_guarded_repair,incumbent_cvar_relaxed_source_lp,162604995,126820122,1200.0,1000.0,-190.38488193037946,-201.89545162414464,11.510569693765177,1903.6957743464334,842700.0,True,True,0.000310619560215053,0.8988964044143823,0,,,61534.80213523336,96440.61576649515,True,True,post_v187_one_drop_one_add_whole_loan_swap,post-v187 one-swap pricing only; not multi-swap or global proof,D,C,2,1,2,0,1,1,2019,2018,TX,other
v63_source_repair_return_guarded_repair,incumbent_cvar_relaxed_source_lp,162604995,126483031,1200.0,1200.0,-190.38488193037946,-200.480236756332,10.09535482595254,1902.280559478621,842500.0,True,True,0.00010816869840624133,0.8976854599406529,0,,,61585.507164880444,96502.93764913741,True,True,post_v187_one_drop_one_add_whole_loan_swap,post-v187 one-swap pricing only; not multi-swap or global proof,D,B,2,0,2,2,1,0,2019,2018,TX,FL
v63_source_repair_return_guarded_repair,incumbent_cvar_relaxed_source_lp,162604995,126419064,1200.0,1000.0,-190.38488193037946,-198.85427993768698,8.469398007307518,1900.6546026599758,842700.0,True,True,0.000310619560215053,0.8988964044143823,0,,,61508.19561180299,96397.9473604345,True,True,post_v187_one_drop_one_add_whole_loan_swap,post-v187 one-swap pricing only; not multi-swap or global proof,D,D,2,2,2,4,1,1,2019,2018,TX,other
v63_source_repair_return_guarded_repair,incumbent_cvar_relaxed_source_lp,162604995,165985906,1200.0,1200.0,-190.38488193037946,-203.72482836822385,13.33994643784439,1905.5251510905127,842500.0,True,True,0.00010816869840624133,0.8991097922848664,0,,,61491.1793617692,96332.57774413732,True,True,post_v187_one_drop_one_add_whole_loan_swap,post-v187 one-swap pricing only; not multi-swap or global proof,D,C,2,1,2,3,1,4,2019,2020,TX,VA
v63_source_repair_return_guarded_repair,incumbent_cvar_relaxed_source_lp,162604995,160806330,1200.0,1200.0,-190.38488193037946,-210.10403328668124,19.71915135630178,1911.9043560089701,842500.0,True,True,0.00010816869840624133,0.8991097922848664,0,,,61441.74207282202,96203.95403343182,True,True,post_v187_one_drop_one_add_whole_loan_swap,post-v187 one-swap pricing only; not multi-swap or global proof,D,D,2,2,2,2,1,2,2019,2019,TX,FL
v63_source_repair_return_guarded_repair,incumbent_cvar_relaxed_source_lp,162654393,127695160,1500.0,1500.0,-228.9567046794011,-235.90029594541494,6.94359126601384,1899.128795918682,842500.0,True,True,0.00010816869840624133,0.8991097922848664,0,,,61433.1074189816,96296.17115663682,True,True,post_v187_one_drop_one_add_whole_loan_swap,post-v187 one-swap pricing only; not multi-swap or global proof,B,B,0,0,3,2,0,1,2019,2018,MI,TX
v63_source_repair_return_guarded_repair,incumbent_cvar_relaxed_source_lp,162654393,126760355,1500.0,1500.0,-228.9567046794011,-250.40002765814089,21.443322978739786,1913.6285276314081,842500.0,True,True,0.00010816869840624133,0.8991097922848664,0,,,61433.312727505196,96296.45956273677,True,True,post_v187_one_drop_one_add_whole_loan_swap,post-v187 one-swap pricing only; not multi-swap or global proof,B,B,0,0,3,1,0,0,2019,2018,MI,IL
v63_source_repair_return_guarded_repair,incumbent_cvar_relaxed_source_lp,162654393,126430923,1500.0,1500.0,-228.9567046794011,-243.25029594541493,14.293591266013834,1906.4787959186822,842500.0,True,True,0.00010816869840624133,0.8991097922848664,0,,,61433.1074189816,96296.17115663682,True,True,post_v187_one_drop_one_add_whole_loan_swap,post-v187 one-swap pricing only; not multi-swap or global proof,B,B,0,0,3,3,0,0,2019,2018,MI,other
v63_source_repair_return_guarded_repair,incumbent_cvar_relaxed_source_lp,162605401,127874931,1000.0,1000.0,-160.8152043628769,-186.9469746106631,26.131770247786193,1918.3169749004544,842500.0,True,True,0.00010816869840624133,0.8979228486646884,0,,,61590.24386022028,96425.75398197725,True,True,post_v187_one_drop_one_add_whole_loan_swap,post-v187 one-swap pricing only; not multi-swap or global proof,D,B,3,0,2,0,1,0,2019,2018,MD,MN
v63_source_repair_return_guarded_repair,incumbent_cvar_relaxed_source_lp,162605401,127672145,1000.0,1000.0,-160.8152043628769,-196.20083323856994,35.385628875693044,1927.5708335283614,842500.0,True,True,0.00010816869840624133,0.8991097922848664,0,,,61559.136445195596,96381.38366309201,True,True,post_v187_one_drop_one_add_whole_loan_swap,post-v187 one-swap pricing only; not multi-swap or global proof,D,C,3,1,2,0,1,2,2019,2018,MD,other
v63_source_repair_return_guarded_repair,incumbent_cvar_relaxed_source_lp,162605401,127582382,1000.0,1000.0,-160.8152043628769,-205.52183833714096,44.706633974264065,1936.8918386269324,842500.0,True,True,0.00010816869840624133,0.8991097922848664,0,,,61475.259910052904,96270.94971058519,True,True,post_v187_one_drop_one_add_whole_loan_swap,post-v187 one-swap pricing only; not multi-swap or global proof,D,D,3,2,2,3,1,0,2019,2018,MD,CA
v63_source_repair_return_guarded_repair,incumbent_cvar_relaxed_source_lp,162605401,126827839,1000.0,1000.0,-160.8152043628769,-175.77898463113021,14.963780268253316,1907.1489849209215,842500.0,True,True,0.00010816869840624133,0.8991097922848664,0,,,61457.03354145035,96239.59308217723,True,True,post_v187_one_drop_one_add_whole_loan_swap,post-v187 one-swap pricing only; not multi-swap or global proof,D,E,3,2,2,0,1,4,2019,2018,MD,other
v63_source_repair_return_guarded_repair,incumbent_cvar_relaxed_source_lp,162605401,126820122,1000.0,1000.0,-160.8152043628769,-201.89545162414464,41.08024726126774,1933.265451913936,842500.0,True,True,0.00010816869840624133,0.8991097922848664,0,,,61518.55440623368,96333.01314873327,True,True,post_v187_one_drop_one_add_whole_loan_swap,post-v187 one-swap pricing only; not multi-swap or global proof,D,C,3,1,2,0,1,1,2019,2018,MD,other
v63_source_repair_return_guarded_repair,incumbent_cvar_relaxed_source_lp,162605401,126733849,1000.0,1000.0,-160.8152043628769,-186.9469746106631,26.131770247786193,1918.3169749004544,842500.0,True,True,0.00010816869840624133,0.8979228486646884,0,,,61590.24386022028,96425.75398197725,True,True,post_v187_one_drop_one_add_whole_loan_swap,post-v187 one-swap pricing only; not multi-swap or global proof,D,B,3,0,2,4,1,3,2019,2018,MD,NJ
v63_source_repair_return_guarded_repair,incumbent_cvar_relaxed_source_lp,162605401,126468092,1000.0,1000.0,-160.8152043628769,-169.50590883596908,8.690704473092183,1900.8759091257605,842500.0,True,True,0.00010816869840624133,0.8979228486646884,0,,,61613.14808277767,96456.98738395,True,True,post_v187_one_drop_one_add_whole_loan_swap,post-v187 one-swap pricing only; not multi-swap or global proof,D,B,3,0,2,1,1,2,2019,2018,MD,other
v63_source_repair_return_guarded_repair,incumbent_cvar_relaxed_source_lp,162605401,126419064,1000.0,1000.0,-160.8152043628769,-198.85427993768698,38.039075574810084,1930.2242802274784,842500.0,True,True,0.00010816869840624133,0.8991097922848664,0,,,61491.94788280332,96290.34474267265,True,True,post_v187_one_drop_one_add_whole_loan_swap,post-v187 one-swap pricing only; not multi-swap or global proof,D,D,3,2,2,4,1,1,2019,2018,MD,other
v63_source_repair_return_guarded_repair,incumbent_cvar_relaxed_source_lp,162605401,168701788,1000.0,1000.0,-160.8152043628769,-178.5860397151734,17.7708353522965,1909.9560400049647,842500.0,True,True,0.00010816869840624133,0.8991097922848664,0,,,61510.82304448751,96300.04246868969,True,True,post_v187_one_drop_one_add_whole_loan_swap,post-v187 one-swap pricing only; not multi-swap or global proof,D,C,3,1,2,3,1,1,2019,2020,MD,TX
v63_source_repair_return_guarded_repair,incumbent_cvar_relaxed_source_lp,162605401,169358871,1000.0,1000.0,-160.8152043628769,-177.86634212741987,17.051137764542972,1909.2363424172113,842500.0,True,True,0.00010816869840624133,0.8991097922848664,0,,,61520.594061820244,96287.61743364985,True,True,post_v187_one_drop_one_add_whole_loan_swap,post-v187 one-swap pricing only; not multi-swap or global proof,D,C,3,1,2,3,1,0,2019,2020,MD,VA
v63_source_repair_return_guarded_repair,incumbent_cvar_relaxed_source_lp,162605401,139506195,1000.0,1000.0,-160.8152043628769,-177.67809625327766,16.86289189040076,1909.048096543069,842500.0,True,True,0.00010816869840624133,0.8991097922848664,0,,,61494.75938176883,96233.83580852942,True,True,post_v187_one_drop_one_add_whole_loan_swap,post-v187 one-swap pricing only; not multi-swap or global proof,D,D,3,2,2,2,1,0,2019,2018,MD,CA
v63_source_repair_return_guarded_repair,incumbent_cvar_relaxed_source_lp,162605401,156823754,1000.0,1000.0,-160.8152043628769,-183.46022770133698,22.645023338460078,1914.8302279911284,842500.0,True,True,0.00010816869840624133,0.8991097922848664,0,,,61492.36116266943,96212.93104514875,True,True,post_v187_one_drop_one_add_whole_loan_swap,post-v187 one-swap pricing only; not multi-swap or global proof,D,D,3,2,2,3,1,1,2019,2019,MD,CA
v63_source_repair_return_guarded_repair,incumbent_cvar_relaxed_source_lp,162605401,156807668,1000.0,1000.0,-160.8152043628769,-175.85010442413147,15.034900061254575,1907.2201047139229,842500.0,True,True,0.00010816869840624133,0.8991097922848664,0,,,61519.79465702814,96241.20740552644,True,True,post_v187_one_drop_one_add_whole_loan_swap,post-v187 one-swap pricing only; not multi-swap or global proof,D,D,3,2,2,0,1,0,2019,2019,MD,TX
v63_source_repair_return_guarded_repair,incumbent_cvar_relaxed_source_lp,162590887,169095548,1000.0,1200.0,-7.297262801488124,-7.543263072143034,0.24600027065491048,1892.431204923323,842300.0,True,True,0.00014306678549369511,0.8993232814911551,0,,,61405.82164606391,96157.52130869428,True,True,post_v187_one_drop_one_add_whole_loan_swap,post-v187 one-swap pricing only; not multi-swap or global proof,A,A,1,1,1,3,0,1,2019,2020,TX,other
v63_source_repair_return_guarded_repair,incumbent_cvar_relaxed_source_lp,162590887,168841753,1000.0,1000.0,-7.297262801488124,-15.58411172619063,8.286848924702506,1900.4720535773708,842500.0,True,True,0.00010816869840624133,0.8991097922848664,0,,,61402.19788526295,96161.21169625357,True,True,post_v187_one_drop_one_add_whole_loan_swap,post-v187 one-swap pricing only; not multi-swap or global proof,A,A,1,1,1,1,0,0,2019,2020,TX,NY
v63_source_repair_return_guarded_repair,incumbent_cvar_relaxed_source_lp,162590887,168678809,1000.0,1000.0,-7.297262801488124,-25.935876492202276,18.638613690714152,1910.8238183433825,842500.0,True,True,0.00010816869840624133,0.8991097922848664,0,,,61415.71174216113,96182.18805564662,True,True,post_v187_one_drop_one_add_whole_loan_swap,post-v187 one-swap pricing only; not multi-swap or global proof,A,A,1,1,1,1,0,0,2019,2020,TX,IN
v63_source_repair_return_guarded_repair,incumbent_cvar_relaxed_source_lp,162590887,170390171,1000.0,1000.0,-7.297262801488124,-23.632377345499286,16.335114544011162,1908.5203191966793,842500.0,True,True,0.00010816869840624133,0.8991097922848664,0,,,61412.30625261957,96175.25525546154,True,True,post_v187_one_drop_one_add_whole_loan_swap,post-v187 one-swap pricing only; not multi-swap or global proof,A,A,1,1,1,0,0,0,2019,2020,TX,other
v63_source_repair_return_guarded_repair,incumbent_cvar_relaxed_source_lp,162590887,169450190,1000.0,1000.0,-7.297262801488124,-22.58050328415853,15.283240482670408,1907.4684451353387,842500.0,True,True,0.00010816869840624133,0.8991097922848664,0,,,61394.991528131024,96140.24722213576,True,True,post_v187_one_drop_one_add_whole_loan_swap,post-v187 one-swap pricing only; not multi-swap or global proof,A,A,1,1,1,0,0,0,2019,2020,TX,AZ
v63_source_repair_return_guarded_repair,incumbent_cvar_relaxed_source_lp,162528420,127874931,1200.0,1000.0,-183.7368131210446,-186.9469746106631,3.2101614896184856,1895.3953661422868,842700.0,True,True,0.000310619560215053,0.8977097424943633,0,,,61670.117882750856,96547.68231560875,True,True,post_v187_one_drop_one_add_whole_loan_swap,post-v187 one-swap pricing only; not multi-swap or global proof,D,B,3,0,2,0,2,0,2019,2018,MD,MN
v63_source_repair_return_guarded_repair,incumbent_cvar_relaxed_source_lp,162528420,127672145,1200.0,1000.0,-183.7368131210446,-196.20083323856994,12.464020117525337,1904.6492247701935,842700.0,True,True,0.000310619560215053,0.8988964044143823,0,,,61639.01046772617,96503.3119967235,True,True,post_v187_one_drop_one_add_whole_loan_swap,post-v187 one-swap pricing only; not multi-swap or global proof,D,C,3,1,2,0,2,2,2019,2018,MD,other
v63_source_repair_return_guarded_repair,incumbent_cvar_relaxed_source_lp,162528420,127582382,1200.0,1000.0,-183.7368131210446,-205.52183833714096,21.785025216096358,1913.9702298687646,842700.0,True,True,0.000310619560215053,0.8988964044143823,0,,,61555.133932583485,96392.87804421666,True,True,post_v187_one_drop_one_add_whole_loan_swap,post-v187 one-swap pricing only; not multi-swap or global proof,D,D,3,2,2,3,2,0,2019,2018,MD,CA
v63_source_repair_return_guarded_repair,incumbent_cvar_relaxed_source_lp,162528420,126820122,1200.0,1000.0,-183.7368131210446,-201.89545162414464,18.158638503100036,1910.3438431557684,842700.0,True,True,0.000310619560215053,0.8988964044143823,0,,,61598.42842876425,96454.94148236477,True,True,post_v187_one_drop_one_add_whole_loan_swap,post-v187 one-swap pricing only; not multi-swap or global proof,D,C,3,1,2,0,2,1,2019,2018,MD,other
v63_source_repair_return_guarded_repair,incumbent_cvar_relaxed_source_lp,162528420,126733849,1200.0,1000.0,-183.7368131210446,-186.9469746106631,3.2101614896184856,1895.3953661422868,842700.0,True,True,0.000310619560215053,0.8977097424943633,0,,,61670.117882750856,96547.68231560875,True,True,post_v187_one_drop_one_add_whole_loan_swap,post-v187 one-swap pricing only; not multi-swap or global proof,D,B,3,0,2,4,2,3,2019,2018,MD,NJ
v63_source_repair_return_guarded_repair,incumbent_cvar_relaxed_source_lp,162528420,126483031,1200.0,1200.0,-183.7368131210446,-200.480236756332,16.7434236352874,1908.9286282879557,842500.0,True,True,0.00010816869840624133,0.8976854599406529,0,,,61649.13345841132,96517.26336500703,True,True,post_v187_one_drop_one_add_whole_loan_swap,post-v187 one-swap pricing only; not multi-swap or global proof,D,B,3,0,2,2,2,0,2019,2018,MD,FL
v63_source_repair_return_guarded_repair,incumbent_cvar_relaxed_source_lp,162528420,126419064,1200.0,1000.0,-183.7368131210446,-198.85427993768698,15.117466816642377,1907.3026714693106,842700.0,True,True,0.000310619560215053,0.8988964044143823,0,,,61571.82190533388,96412.27307630413,True,True,post_v187_one_drop_one_add_whole_loan_swap,post-v187 one-swap pricing only; not multi-swap or global proof,D,D,3,2,2,4,2,1,2019,2018,MD,other
v63_source_repair_return_guarded_repair,incumbent_cvar_relaxed_source_lp,162528420,165985906,1200.0,1200.0,-183.7368131210446,-203.72482836822385,19.98801524717925,1912.1732198998475,842500.0,True,True,0.00010816869840624133,0.8991097922848664,0,,,61554.80565530009,96346.90346000696,True,True,post_v187_one_drop_one_add_whole_loan_swap,post-v187 one-swap pricing only; not multi-swap or global proof,D,C,3,1,2,3,2,4,2019,2020,MD,VA
v63_source_repair_return_guarded_repair,incumbent_cvar_relaxed_source_lp,162528420,160806330,1200.0,1200.0,-183.7368131210446,-210.10403328668124,26.36722016563664,1918.5524248183049,842500.0,True,True,0.00010816869840624133,0.8991097922848664,0,,,61505.36836635291,96218.27974930147,True,True,post_v187_one_drop_one_add_whole_loan_swap,post-v187 one-swap pricing only; not multi-swap or global proof,D,D,3,2,2,2,2,2,2019,2019,MD,FL
v63_source_repair_return_guarded_repair,incumbent_cvar_relaxed_source_lp,162083390,127874931,1000.0,1000.0,-168.4682188833758,-186.9469746106631,18.47875572728728,1910.6639603799556,842500.0,True,True,0.00010816869840624133,0.8979228486646884,0,,,61486.18374545872,96331.47407481859,True,True,post_v187_one_drop_one_add_whole_loan_swap,post-v187 one-swap pricing only; not multi-swap or global proof,C,B,1,0,2,0,1,0,2019,2018,other,MN
v63_source_repair_return_guarded_repair,incumbent_cvar_relaxed_source_lp,162083390,127672145,1000.0,1000.0,-168.4682188833758,-196.20083323856994,27.73261435519413,1919.9178190078624,842500.0,True,True,0.00010816869840624133,0.8991097922848664,0,,,61455.07633043404,96287.10375593332,True,True,post_v187_one_drop_one_add_whole_loan_swap,post-v187 one-swap pricing only; not multi-swap or global proof,C,C,1,1,2,0,1,2,2019,2018,other,other
v63_source_repair_return_guarded_repair,incumbent_cvar_relaxed_source_lp,162083390,127582382,1000.0,1000.0,-168.4682188833758,-205.52183833714096,37.05361945376515,1929.2388241064334,842500.0,True,True,0.00010816869840624133,0.8991097922848664,0,,,61371.19979529135,96176.66980342651,True,True,post_v187_one_drop_one_add_whole_loan_swap,post-v187 one-swap pricing only; not multi-swap or global proof,C,D,1,2,2,3,1,0,2019,2018,other,CA
v63_source_repair_return_guarded_repair,incumbent_cvar_relaxed_source_lp,162083390,126827839,1000.0,1000.0,-168.4682188833758,-175.77898463113021,7.310765747754402,1899.4959704004227,842500.0,True,True,0.00010816869840624133,0.8991097922848664,0,,,61352.97342668878,96145.31317501856,True,True,post_v187_one_drop_one_add_whole_loan_swap,post-v187 one-swap pricing only; not multi-swap or global proof,C,E,1,2,2,0,1,4,2019,2018,other,other
v63_source_repair_return_guarded_repair,incumbent_cvar_relaxed_source_lp,162083390,126820122,1000.0,1000.0,-168.4682188833758,-201.89545162414464,33.42723274076883,1925.6124373934372,842500.0,True,True,0.00010816869840624133,0.8991097922848664,0,,,61414.49429147212,96238.73324157459,True,True,post_v187_one_drop_one_add_whole_loan_swap,post-v187 one-swap pricing only; not multi-swap or global proof,C,C,1,1,2,0,1,1,2019,2018,other,other
v63_source_repair_return_guarded_repair,incumbent_cvar_relaxed_source_lp,162083390,126733849,1000.0,1000.0,-168.4682188833758,-186.9469746106631,18.47875572728728,1910.6639603799556,842500.0,True,True,0.00010816869840624133,0.8979228486646884,0,,,61486.18374545872,96331.47407481859,True,True,post_v187_one_drop_one_add_whole_loan_swap,post-v187 one-swap pricing only; not multi-swap or global proof,C,B,1,0,2,4,1,3,2019,2018,other,NJ
v63_source_repair_return_guarded_repair,incumbent_cvar_relaxed_source_lp,162083390,126468092,1000.0,1000.0,-168.4682188833758,-169.50590883596908,1.0376899525932686,1893.2228946052614,842500.0,True,True,0.00010816869840624133,0.8979228486646884,0,,,61509.087968016116,96362.7074767913,True,True,post_v187_one_drop_one_add_whole_loan_swap,post-v187 one-swap pricing only; not multi-swap or global proof,C,B,1,0,2,1,1,2,2019,2018,other,other
v63_source_repair_return_guarded_repair,incumbent_cvar_relaxed_source_lp,162083390,126419064,1000.0,1000.0,-168.4682188833758,-198.85427993768698,30.38606105431117,1922.5712657069794,842500.0,True,True,0.00010816869840624133,0.8991097922848664,0,,,61387.88776804175,96196.06483551396,True,True,post_v187_one_drop_one_add_whole_loan_swap,post-v187 one-swap pricing only; not multi-swap or global proof,C,D,1,2,2,4,1,1,2019,2018,other,other
v63_source_repair_return_guarded_repair,incumbent_cvar_relaxed_source_lp,162083390,168701788,1000.0,1000.0,-168.4682188833758,-178.5860397151734,10.117820831797587,1902.303025484466,842500.0,True,True,0.00010816869840624133,0.8991097922848664,0,,,61406.762929725955,96205.76256153101,True,True,post_v187_one_drop_one_add_whole_loan_swap,post-v187 one-swap pricing only; not multi-swap or global proof,C,C,1,1,2,3,1,1,2019,2020,other,TX
v63_source_repair_return_guarded_repair,incumbent_cvar_relaxed_source_lp,162083390,169358871,1000.0,1000.0,-168.4682188833758,-177.86634212741987,9.398123244044058,1901.5833278967123,842500.0,True,True,0.00010816869840624133,0.8991097922848664,0,,,61416.5339470587,96193.33752649117,True,True,post_v187_one_drop_one_add_whole_loan_swap,post-v187 one-swap pricing only; not multi-swap or global proof,C,C,1,1,2,3,1,0,2019,2020,other,VA
v63_source_repair_return_guarded_repair,incumbent_cvar_relaxed_source_lp,162083390,139506195,1000.0,1000.0,-168.4682188833758,-177.67809625327766,9.209877369901847,1901.39508202257,842500.0,True,True,0.00010816869840624133,0.8991097922848664,0,,,61390.69926700728,96139.55590137071,True,True,post_v187_one_drop_one_add_whole_loan_swap,post-v187 one-swap pricing only; not multi-swap or global proof,C,D,1,2,2,2,1,0,2019,2018,other,CA
v63_source_repair_return_guarded_repair,incumbent_cvar_relaxed_source_lp,162083390,156823754,1000.0,1000.0,-168.4682188833758,-183.46022770133698,14.992008817961164,1907.1772134706293,842500.0,True,True,0.00010816869840624133,0.8991097922848664,0,,,61388.30104790788,96118.65113799005,True,True,post_v187_one_drop_one_add_whole_loan_swap,post-v187 one-swap pricing only; not multi-swap or global proof,C,D,1,2,2,3,1,1,2019,2019,other,CA
v63_source_repair_return_guarded_repair,incumbent_cvar_relaxed_source_lp,162083390,156807668,1000.0,1000.0,-168.4682188833758,-175.85010442413147,7.381885540755661,1899.567090193424,842500.0,True,True,0.00010816869840624133,0.8991097922848664,0,,,61415.73454226658,96146.92749836772,True,True,post_v187_one_drop_one_add_whole_loan_swap,post-v187 one-swap pricing only; not multi-swap or global proof,C,D,1,2,2,0,1,0,2019,2019,other,TX
v63_source_repair_return_guarded_repair,incumbent_cvar_relaxed_source_lp,161983601,151650780,2500.0,2000.0,55.46461738185577,52.68006941227111,2.784547969584658,1894.969752622253,843000.0,True,True,2.099592630155911e-05,0.8991696322657177,0,,,61488.90282604682,96295.55473407957,True,True,post_v187_one_drop_one_add_whole_loan_swap,post-v187 one-swap pricing only; not multi-swap or global proof,A,A,0,0,4,2,1,0,2019,2019,other,other
v63_source_repair_return_guarded_repair,incumbent_cvar_relaxed_source_lp,161935870,168803640,2000.0,1500.0,-29.6802937358999,-30.498264963412808,0.8179712275129063,1893.0031758801813,843000.0,True,True,2.099592630155911e-05,0.8985765124555161,0,,,61448.90736313116,96244.93073458245,True,True,post_v187_one_drop_one_add_whole_loan_swap,post-v187 one-swap pricing only; not multi-swap or global proof,A,A,1,1,1,3,1,3,2019,2020,FL,IL
v63_source_repair_return_guarded_repair,incumbent_cvar_relaxed_source_lp,161626478,138351997,2400.0,2000.0,59.91771594001454,59.845817357766904,0.07189858224763412,1892.257103234916,842900.0,True,True,3.842220711736122e-05,0.8991576699489856,0,,,61464.804563693935,96260.56605075429,True,True,post_v187_one_drop_one_add_whole_loan_swap,post-v187 one-swap pricing only; not multi-swap or global proof,A,A,0,0,3,4,0,0,2019,2018,MI,IL
v63_source_repair_return_guarded_repair,incumbent_cvar_relaxed_source_lp,161626478,151650780,2400.0,2000.0,59.91771594001454,52.68006941227111,7.237646527743429,1899.4228511804117,842900.0,True,True,3.842220711736122e-05,0.8991576699489856,0,,,61461.478184900116,96249.98473777989,True,True,post_v187_one_drop_one_add_whole_loan_swap,post-v187 one-swap pricing only; not multi-swap or global proof,A,A,0,0,3,2,0,0,2019,2019,MI,other
v63_source_repair_return_guarded_repair,incumbent_cvar_relaxed_source_lp,161103177,168803640,2000.0,1500.0,-26.994525602976264,-30.498264963412808,3.503739360436544,1895.688944013105,843000.0,True,True,2.099592630155911e-05,0.8985765124555161,0,,,61433.405887203655,96219.1727967893,True,True,post_v187_one_drop_one_add_whole_loan_swap,post-v187 one-swap pricing only; not multi-swap or global proof,A,A,1,1,3,3,2,3,2019,2020,NJ,IL
v63_source_repair_return_guarded_repair,incumbent_cvar_relaxed_source_lp,161131808,127582382,1000.0,1000.0,-200.73394359450347,-205.52183833714096,4.787894742637491,1896.9730993953058,842500.0,True,True,0.00010816869840624133,0.8991097922848664,0,,,61404.206195051986,96190.13602039297,True,True,post_v187_one_drop_one_add_whole_loan_swap,post-v187 one-swap pricing only; not multi-swap or global proof,C,D,2,2,2,3,2,0,2019,2018,other,CA
v63_source_repair_return_guarded_repair,incumbent_cvar_relaxed_source_lp,161131808,126820122,1000.0,1000.0,-200.73394359450347,-201.89545162414464,1.161508029641169,1893.3467126823095,842500.0,True,True,0.00010816869840624133,0.8991097922848664,0,,,61447.50069123275,96252.19945854106,True,True,post_v187_one_drop_one_add_whole_loan_swap,post-v187 one-swap pricing only; not multi-swap or global proof,C,C,2,1,2,0,2,1,2019,2018,other,other
v63_source_repair_return_guarded_repair,incumbent_cvar_relaxed_source_lp,159079407,168803640,1400.0,1500.0,-29.962255599626843,-30.498264963412808,0.5360093637859649,1892.7212140164543,842400.0,True,True,0.000125615670600987,0.8992165242165242,0,,,61392.59419405104,96157.35071726769,True,True,post_v187_one_drop_one_add_whole_loan_swap,post-v187 one-swap pricing only; not multi-swap or global proof,A,A,1,1,0,3,0,3,2019,2020,NY,IL
v63_source_repair_return_guarded_repair,incumbent_cvar_relaxed_source_lp,160400299,127672145,1000.0,1000.0,-190.1364102192376,-196.20083323856994,6.064423019332338,1898.2496276720005,842500.0,True,True,0.00010816869840624133,0.8991097922848664,0,,,61504.86245073019,96373.02867937222,True,True,post_v187_one_drop_one_add_whole_loan_swap,post-v187 one-swap pricing only; not multi-swap or global proof,D,C,2,1,1,0,4,2,2019,2018,other,other
v63_source_repair_return_guarded_repair,incumbent_cvar_relaxed_source_lp,160400299,127582382,1000.0,1000.0,-190.1364102192376,-205.52183833714096,15.38542811790336,1907.5706327705716,842500.0,True,True,0.00010816869840624133,0.8991097922848664,0,,,61420.985915587495,96262.59472686541,True,True,post_v187_one_drop_one_add_whole_loan_swap,post-v187 one-swap pricing only; not multi-swap or global proof,D,D,2,2,1,3,4,0,2019,2018,other,CA
v63_source_repair_return_guarded_repair,incumbent_cvar_relaxed_source_lp,160400299,126820122,1000.0,1000.0,-190.1364102192376,-201.89545162414464,11.759041404907038,1903.9442460575754,842500.0,True,True,0.00010816869840624133,0.8991097922848664,0,,,61464.28041176827,96324.65816501352,True,True,post_v187_one_drop_one_add_whole_loan_swap,post-v187 one-swap pricing only; not multi-swap or global proof,D,C,2,1,1,0,4,1,2019,2018,other,other
v63_source_repair_return_guarded_repair,incumbent_cvar_relaxed_source_lp,160400299,126419064,1000.0,1000.0,-190.1364102192376,-198.85427993768698,8.717869718449379,1900.9030743711178,842500.0,True,True,0.00010816869840624133,0.8991097922848664,0,,,61437.6738883379,96281.98975895288,True,True,post_v187_one_drop_one_add_whole_loan_swap,post-v187 one-swap pricing only; not multi-swap or global proof,D,D,2,2,1,4,4,1,2019,2018,other,other
v63_source_repair_return_guarded_repair,incumbent_cvar_relaxed_source_lp,159357211,148311317,1500.0,1200.0,37.236996479670715,37.205933723656024,0.031062756014691217,1892.216267408683,842800.0,True,True,5.5852623263241696e-05,0.8991457047935453,0,,,61464.769975617215,96256.31443938354,True,True,post_v187_one_drop_one_add_whole_loan_swap,post-v187 one-swap pricing only; not multi-swap or global proof,A,A,0,0,1,1,0,0,2019,2019,NV,MN
v63_source_repair_return_guarded_repair,incumbent_cvar_relaxed_source_lp,159357211,160039313,1500.0,1200.0,37.236996479670715,33.84784116416046,3.3891553155102585,1895.5743599681784,842800.0,True,True,5.5852623263241696e-05,0.8991457047935453,0,,,61432.35650153721,96198.67545201775,True,True,post_v187_one_drop_one_add_whole_loan_swap,post-v187 one-swap pricing only; not multi-swap or global proof,A,A,0,0,1,2,0,0,2019,2019,NV,NV
v63_source_repair_return_guarded_repair,incumbent_cvar_relaxed_source_lp,159357211,148096150,1500.0,1000.0,37.236996479670715,27.38487574759364,9.852120732077076,1902.0373253847454,843000.0,True,True,2.099592630155911e-05,0.8991696322657177,0,,,61460.038829315636,96249.18619330793,True,True,post_v187_one_drop_one_add_whole_loan_swap,post-v187 one-swap pricing only; not multi-swap or global proof,A,A,0,0,1,4,0,0,2019,2019,NV,MA
v63_source_repair_return_guarded_repair,incumbent_cvar_relaxed_source_lp,159357211,139657464,1500.0,1200.0,37.236996479670715,32.614459804893464,4.622536674777251,1896.8077413274455,842800.0,True,True,5.5852623263241696e-05,0.8991457047935453,0,,,61443.01463771707,96221.9203673031,True,True,post_v187_one_drop_one_add_whole_loan_swap,post-v187 one-swap pricing only; not multi-swap or global proof,A,A,0,0,1,4,0,0,2019,2018,NV,OH
v63_source_repair_return_guarded_repair,incumbent_cvar_relaxed_source_lp,159759852,126760355,1600.0,1500.0,-246.66666357534172,-250.40002765814089,3.73336408279917,1895.9185687354675,842600.0,True,True,0.00020940614277265013,0.899121765962497,0,,,61450.31514089551,96335.92055816785,True,True,post_v187_one_drop_one_add_whole_loan_swap,post-v187 one-swap pricing only; not multi-swap or global proof,B,B,0,0,3,1,0,0,2019,2018,TX,IL
v63_source_repair_return_guarded_repair,incumbent_cvar_relaxed_source_lp,159991596,168841753,1200.0,1000.0,-9.152330203220732,-15.58411172619063,6.431781522969898,1898.6169861756382,842700.0,True,True,7.328717621135628e-05,0.8988964044143823,0,,,61420.0146832292,96195.53304570465,True,True,post_v187_one_drop_one_add_whole_loan_swap,post-v187 one-swap pricing only; not multi-swap or global proof,A,A,1,1,1,1,0,0,2019,2020,other,NY
v63_source_repair_return_guarded_repair,incumbent_cvar_relaxed_source_lp,159991596,168678809,1200.0,1000.0,-9.152330203220732,-25.935876492202276,16.783546288981544,1908.96875094165,842700.0,True,True,7.328717621135628e-05,0.8988964044143823,0,,,61433.52854012738,96216.50940509772,True,True,post_v187_one_drop_one_add_whole_loan_swap,post-v187 one-swap pricing only; not multi-swap or global proof,A,A,1,1,1,1,0,0,2019,2020,other,IN
v63_source_repair_return_guarded_repair,incumbent_cvar_relaxed_source_lp,159991596,170390171,1200.0,1000.0,-9.152330203220732,-23.632377345499286,14.480047142278554,1906.665251794947,842700.0,True,True,7.328717621135628e-05,0.8988964044143823,0,,,61430.123050585826,96209.57660491263,True,True,post_v187_one_drop_one_add_whole_loan_swap,post-v187 one-swap pricing only; not multi-swap or global proof,A,A,1,1,1,0,0,0,2019,2020,other,other
v63_source_repair_return_guarded_repair,incumbent_cvar_relaxed_source_lp,159991596,169450190,1200.0,1000.0,-9.152330203220732,-22.58050328415853,13.4281730809378,1905.613377733606,842700.0,True,True,7.328717621135628e-05,0.8988964044143823,0,,,61412.80832609728,96174.56857158686,True,True,post_v187_one_drop_one_add_whole_loan_swap,post-v187 one-swap pricing only; not multi-swap or global proof,A,A,1,1,1,0,0,0,2019,2020,other,AZ
v63_source_repair_return_guarded_repair,incumbent_cvar_relaxed_source_lp,159910290,127874931,1000.0,1000.0,-161.13672038679763,-186.9469746106631,25.810254223865456,1917.9954588765338,842500.0,True,True,0.00010816869840624133,0.8991097922848664,0,,,61403.68602934492,96229.12650230316,True,True,post_v187_one_drop_one_add_whole_loan_swap,post-v187 one-swap pricing only; not multi-swap or global proof,B,B,0,0,0,0,0,0,2019,2018,other,MN
v63_source_repair_return_guarded_repair,incumbent_cvar_relaxed_source_lp,159910290,126733849,1000.0,1000.0,-161.13672038679763,-186.9469746106631,25.810254223865456,1917.9954588765338,842500.0,True,True,0.00010816869840624133,0.8991097922848664,0,,,61403.68602934492,96229.12650230316,True,True,post_v187_one_drop_one_add_whole_loan_swap,post-v187 one-swap pricing only; not multi-swap or global proof,B,B,0,0,0,4,0,3,2019,2018,other,NJ
v63_source_repair_return_guarded_repair,incumbent_cvar_relaxed_source_lp,159910290,126468092,1000.0,1000.0,-161.13672038679763,-169.50590883596908,8.369188449171446,1900.5543931018397,842500.0,True,True,0.00010816869840624133,0.8991097922848664,0,,,61426.59025190231,96260.35990427587,True,True,post_v187_one_drop_one_add_whole_loan_swap,post-v187 one-swap pricing only; not multi-swap or global proof,B,B,0,0,0,1,0,2,2019,2018,other,other
v63_source_repair_return_guarded_repair,incumbent_cvar_relaxed_source_lp,159599612,127874931,1000.0,1000.0,-182.1403341611855,-186.9469746106631,4.806640449477584,1896.9918451021458,842500.0,True,True,0.00010816869840624133,0.8991097922848664,0,,,61425.21381058943,96256.32823034562,True,True,post_v187_one_drop_one_add_whole_loan_swap,post-v187 one-swap pricing only; not multi-swap or global proof,B,B,0,0,0,0,2,0,2019,2018,other,MN
v63_source_repair_return_guarded_repair,incumbent_cvar_relaxed_source_lp,159599612,126733849,1000.0,1000.0,-182.1403341611855,-186.9469746106631,4.806640449477584,1896.9918451021458,842500.0,True,True,0.00010816869840624133,0.8991097922848664,0,,,61425.21381058943,96256.32823034562,True,True,post_v187_one_drop_one_add_whole_loan_swap,post-v187 one-swap pricing only; not multi-swap or global proof,B,B,0,0,0,4,2,3,2019,2018,other,NJ
v63_source_repair_return_guarded_repair,incumbent_cvar_relaxed_source_lp,165881168,168803640,2100.0,1500.0,-26.346710930824777,-30.498264963412808,4.151554032588031,1896.3367586852564,843100.0,True,True,3.5737793443457733e-06,0.8984699323923615,0,,,61453.474454176685,96240.18613510409,True,True,post_v187_one_drop_one_add_whole_loan_swap,post-v187 one-swap pricing only; not multi-swap or global proof,A,A,1,1,2,3,0,3,2020,2020,CA,IL
v63_source_repair_return_guarded_repair,incumbent_cvar_relaxed_source_lp,164875488,126658319,3000.0,2500.0,66.49988425124407,65.23175886099214,1.2681253902519245,1893.4533300429202,843000.0,True,True,2.099592630155911e-05,0.8991696322657177,0,,,61450.94909567477,96243.3722112448,True,True,post_v187_one_drop_one_add_whole_loan_swap,post-v187 one-swap pricing only; not multi-swap or global proof,A,A,0,0,2,2,0,0,2020,2018,other,PA
v63_source_repair_return_guarded_repair,incumbent_cvar_relaxed_source_lp,164456389,127640797,3000.0,3025.0,-386.4700038281736,-428.2397634899199,41.769759661746264,1933.9549643144146,842475.0,True,True,8.285558210519017e-05,0.8955458618950117,0,,,61894.9952804986,96937.53719429711,True,True,post_v187_one_drop_one_add_whole_loan_swap,post-v187 one-swap pricing only; not multi-swap or global proof,D,B,2,0,4,4,2,1,2020,2018,CA,GA
v63_source_repair_return_guarded_repair,incumbent_cvar_relaxed_source_lp,164456389,127392982,3000.0,2500.0,-386.4700038281736,-393.1671599090251,6.697156080851471,1898.8823607335198,843000.0,True,True,0.0006141157365032734,0.8956109134045077,0,,,62029.952821579995,97127.11811085777,True,True,post_v187_one_drop_one_add_whole_loan_swap,post-v187 one-swap pricing only; not multi-swap or global proof,D,B,2,0,4,1,2,3,2020,2018,CA,CA
v63_source_repair_return_guarded_repair,incumbent_cvar_relaxed_source_lp,164297639,127672145,1000.0,1000.0,-191.36724765437984,-196.20083323856994,4.833585584190104,1897.0187902368584,842500.0,True,True,0.00010816869840624133,0.8991097922848664,0,,,61443.272610823245,96262.53904126206,True,True,post_v187_one_drop_one_add_whole_loan_swap,post-v187 one-swap pricing only; not multi-swap or global proof,C,C,1,1,3,0,2,2,2020,2018,CA,other
v63_source_repair_return_guarded_repair,incumbent_cvar_relaxed_source_lp,164297639,127582382,1000.0,1000.0,-191.36724765437984,-205.52183833714096,14.154590682761125,1906.3397953354295,842500.0,True,True,0.00010816869840624133,0.8991097922848664,0,,,61359.39607568055,96152.10508875526,True,True,post_v187_one_drop_one_add_whole_loan_swap,post-v187 one-swap pricing only; not multi-swap or global proof,C,D,1,2,3,3,2,0,2020,2018,CA,CA
v63_source_repair_return_guarded_repair,incumbent_cvar_relaxed_source_lp,164297639,126820122,1000.0,1000.0,-191.36724765437984,-201.89545162414464,10.528203969764803,1902.713408622433,842500.0,True,True,0.00010816869840624133,0.8991097922848664,0,,,61402.69057186132,96214.16852690336,True,True,post_v187_one_drop_one_add_whole_loan_swap,post-v187 one-swap pricing only; not multi-swap or global proof,C,C,1,1,3,0,2,1,2020,2018,CA,other
v63_source_repair_return_guarded_repair,incumbent_cvar_relaxed_source_lp,164297639,126419064,1000.0,1000.0,-191.36724765437984,-198.85427993768698,7.487032283307144,1899.6722369359754,842500.0,True,True,0.00010816869840624133,0.8991097922848664,0,,,61376.08404843097,96171.5001208427,True,True,post_v187_one_drop_one_add_whole_loan_swap,post-v187 one-swap pricing only; not multi-swap or global proof,C,D,1,2,3,4,2,1,2020,2018,CA,other
v63_source_repair_return_guarded_repair,incumbent_cvar_relaxed_source_lp,170387634,126658319,3000.0,2500.0,72.71865378192913,65.23175886099214,7.48689492093699,1899.6720995736052,843000.0,True,True,2.099592630155911e-05,0.8991696322657177,0,,,61578.51632278504,96440.39959628989,True,True,post_v187_one_drop_one_add_whole_loan_swap,post-v187 one-swap pricing only; not multi-swap or global proof,A,A,0,0,1,2,0,0,2020,2018,NY,PA
