policy_id,regime_v182,added_loan_id_v182,dropped_loan_id_v182,added_loan_amount_v182,dropped_loan_amount_v182,added_mean_return_v182,dropped_mean_return_v182,return_delta_v182,objective_return_after_swap_v182,exposure_after_swap_v182,budget_swap_feasible_v182,source_swap_feasible_v182,source_min_slack_after_swap_v182,max_source_share_after_swap_v182,source_cap_violations_after_swap_v182,first_source_block_family_v182,first_source_block_id_v182,loss_mean_after_swap_v182,cvar90_after_swap_v182,cvar_swap_feasible_v182,one_swap_improves_return_v182,integer_screen_scope_v182,claim_boundary_v182,added_grade_v182,dropped_grade_v182,added_score_decile_v182,dropped_score_decile_v182,added_income_band_v182,dropped_income_band_v182,added_dti_band_v182,dropped_dti_band_v182,added_period_v182,dropped_period_v182,added_state_top20_v182,dropped_state_top20_v182
v63_source_repair_return_guarded_repair,incumbent_cvar_relaxed_source_lp,129916061,127874931,1000.0,1000.0,-160.93230437909457,-186.9469746106631,26.014670231568516,1764.2654888137324,842400.0,True,True,6.907218559226713e-06,0.8992165242165242,0,,,61238.11455457985,95696.18070886625,True,True,post_v181_one_drop_one_add_whole_loan_swap,post-v181 one-swap pricing only; not multi-swap or global proof,B,B,0,0,2,0,1,0,2018,2018,FL,MN
v63_source_repair_return_guarded_repair,incumbent_cvar_relaxed_source_lp,129916061,126733849,1000.0,1000.0,-160.93230437909457,-186.9469746106631,26.014670231568516,1764.2654888137324,842400.0,True,True,6.907218559226713e-06,0.8992165242165242,0,,,61238.11455457985,95696.18070886625,True,True,post_v181_one_drop_one_add_whole_loan_swap,post-v181 one-swap pricing only; not multi-swap or global proof,B,B,0,0,2,4,1,3,2018,2018,FL,NJ
v63_source_repair_return_guarded_repair,incumbent_cvar_relaxed_source_lp,129916061,126468092,1000.0,1000.0,-160.93230437909457,-169.50590883596908,8.573604456874506,1746.8244230390385,842400.0,True,True,6.907218559226713e-06,0.8992165242165242,0,,,61261.018777137244,95727.41411083896,True,True,post_v181_one_drop_one_add_whole_loan_swap,post-v181 one-swap pricing only; not multi-swap or global proof,B,B,0,0,2,1,1,2,2018,2018,FL,other
v63_source_repair_return_guarded_repair,incumbent_cvar_relaxed_source_lp,129248891,127874931,1000.0,1000.0,-173.9967844806681,-186.9469746106631,12.95019012999498,1751.201008712159,842400.0,True,True,6.907218559226713e-06,0.8992165242165242,0,,,61261.54791972338,95729.93280311857,True,True,post_v181_one_drop_one_add_whole_loan_swap,post-v181 one-swap pricing only; not multi-swap or global proof,B,B,0,0,0,0,0,0,2018,2018,NJ,MN
v63_source_repair_return_guarded_repair,incumbent_cvar_relaxed_source_lp,129248891,126733849,1000.0,1000.0,-173.9967844806681,-186.9469746106631,12.95019012999498,1751.201008712159,842400.0,True,True,6.907218559226713e-06,0.8992165242165242,0,,,61261.54791972338,95729.93280311857,True,True,post_v181_one_drop_one_add_whole_loan_swap,post-v181 one-swap pricing only; not multi-swap or global proof,B,B,0,0,0,4,0,3,2018,2018,NJ,NJ
v63_source_repair_return_guarded_repair,incumbent_cvar_relaxed_source_lp,129439138,127874931,1000.0,1000.0,-183.79678448066824,-186.9469746106631,3.1501901299948543,1741.4010087121587,842400.0,True,True,6.907218559226713e-06,0.8992165242165242,0,,,61261.54791972338,95729.93280311857,True,True,post_v181_one_drop_one_add_whole_loan_swap,post-v181 one-swap pricing only; not multi-swap or global proof,B,B,0,0,4,0,3,0,2018,2018,TX,MN
v63_source_repair_return_guarded_repair,incumbent_cvar_relaxed_source_lp,129439138,126733849,1000.0,1000.0,-183.79678448066824,-186.9469746106631,3.1501901299948543,1741.4010087121587,842400.0,True,True,6.907218559226713e-06,0.8992165242165242,0,,,61261.54791972338,95729.93280311857,True,True,post_v181_one_drop_one_add_whole_loan_swap,post-v181 one-swap pricing only; not multi-swap or global proof,B,B,0,0,4,4,3,3,2018,2018,TX,NJ
v63_source_repair_return_guarded_repair,incumbent_cvar_relaxed_source_lp,129383512,127874931,1000.0,1000.0,-185.03707750315334,-186.9469746106631,1.9098971075097495,1740.1607156896737,842400.0,True,True,6.907218559226713e-06,0.8980294396961064,0,,,61387.897456838844,95900.00700192168,True,True,post_v181_one_drop_one_add_whole_loan_swap,post-v181 one-swap pricing only; not multi-swap or global proof,D,B,2,0,2,0,0,0,2018,2018,TX,MN
v63_source_repair_return_guarded_repair,incumbent_cvar_relaxed_source_lp,129383512,127672145,1000.0,1000.0,-185.03707750315334,-196.20083323856994,11.1637557354166,1749.4145743175804,842400.0,True,True,6.907218559226713e-06,0.8992165242165242,0,,,61356.79004181416,95855.63668303641,True,True,post_v181_one_drop_one_add_whole_loan_swap,post-v181 one-swap pricing only; not multi-swap or global proof,D,C,2,1,2,0,0,2,2018,2018,TX,other
v63_source_repair_return_guarded_repair,incumbent_cvar_relaxed_source_lp,129383512,127475725,1000.0,1000.0,-185.03707750315334,-211.8282137432861,26.791136240132772,1765.0419548222967,842400.0,True,True,6.907218559226713e-06,0.8992165242165242,0,,,61330.897560849975,95823.53466477913,True,True,post_v181_one_drop_one_add_whole_loan_swap,post-v181 one-swap pricing only; not multi-swap or global proof,D,C,2,1,2,4,0,0,2018,2018,TX,AZ
v63_source_repair_return_guarded_repair,incumbent_cvar_relaxed_source_lp,129383512,127582382,1000.0,1000.0,-185.03707750315334,-205.52183833714096,20.48476083398762,1758.7355794161515,842400.0,True,True,6.907218559226713e-06,0.8992165242165242,0,,,61272.91350667147,95745.20273052962,True,True,post_v181_one_drop_one_add_whole_loan_swap,post-v181 one-swap pricing only; not multi-swap or global proof,D,D,2,2,2,3,0,0,2018,2018,TX,CA
v63_source_repair_return_guarded_repair,incumbent_cvar_relaxed_source_lp,129383512,126820122,1000.0,1000.0,-185.03707750315334,-201.89545162414464,16.8583741209913,1755.1091927031553,842400.0,True,True,6.907218559226713e-06,0.8992165242165242,0,,,61316.20800285225,95807.2661686777,True,True,post_v181_one_drop_one_add_whole_loan_swap,post-v181 one-swap pricing only; not multi-swap or global proof,D,C,2,1,2,0,0,1,2018,2018,TX,other
v63_source_repair_return_guarded_repair,incumbent_cvar_relaxed_source_lp,129383512,126733849,1000.0,1000.0,-185.03707750315334,-186.9469746106631,1.9098971075097495,1740.1607156896737,842400.0,True,True,6.907218559226713e-06,0.8980294396961064,0,,,61387.897456838844,95900.00700192168,True,True,post_v181_one_drop_one_add_whole_loan_swap,post-v181 one-swap pricing only; not multi-swap or global proof,D,B,2,0,2,4,0,3,2018,2018,TX,NJ
v63_source_repair_return_guarded_repair,incumbent_cvar_relaxed_source_lp,129383512,126652025,1000.0,1000.0,-185.03707750315334,-206.92821374328602,21.89113624013268,1760.1419548222966,842400.0,True,True,6.907218559226713e-06,0.8992165242165242,0,,,61330.897560849975,95823.53466477913,True,True,post_v181_one_drop_one_add_whole_loan_swap,post-v181 one-swap pricing only; not multi-swap or global proof,D,C,2,1,2,3,0,1,2018,2018,TX,FL
v63_source_repair_return_guarded_repair,incumbent_cvar_relaxed_source_lp,129383512,126419064,1000.0,1000.0,-185.03707750315334,-198.85427993768698,13.817202434533641,1752.0680210166975,842400.0,True,True,6.907218559226713e-06,0.8992165242165242,0,,,61289.60147942187,95764.59776261705,True,True,post_v181_one_drop_one_add_whole_loan_swap,post-v181 one-swap pricing only; not multi-swap or global proof,D,D,2,2,2,4,0,1,2018,2018,TX,other
v63_source_repair_return_guarded_repair,incumbent_cvar_relaxed_source_lp,129215100,127475725,1000.0,1000.0,-209.3370775031534,-211.8282137432861,2.491136240132704,1740.7419548222965,842400.0,True,True,6.907218559226713e-06,0.8992165242165242,0,,,61330.897560849975,95823.53466477913,True,True,post_v181_one_drop_one_add_whole_loan_swap,post-v181 one-swap pricing only; not multi-swap or global proof,D,C,2,1,3,4,0,0,2018,2018,NY,AZ
v63_source_repair_return_guarded_repair,incumbent_cvar_relaxed_source_lp,128561503,127874931,1000.0,1000.0,-183.30232614833292,-186.9469746106631,3.644648462330167,1741.8954670444941,842400.0,True,True,6.907218559226713e-06,0.8980294396961064,0,,,61347.492832309035,95849.71215380814,True,True,post_v181_one_drop_one_add_whole_loan_swap,post-v181 one-swap pricing only; not multi-swap or global proof,D,B,1,0,4,0,1,0,2018,2018,other,MN
v63_source_repair_return_guarded_repair,incumbent_cvar_relaxed_source_lp,128561503,127672145,1000.0,1000.0,-183.30232614833292,-196.20083323856994,12.898507090237018,1751.149325672401,842400.0,True,True,6.907218559226713e-06,0.8992165242165242,0,,,61316.38541728434,95805.34183492287,True,True,post_v181_one_drop_one_add_whole_loan_swap,post-v181 one-swap pricing only; not multi-swap or global proof,D,C,1,1,4,0,1,2,2018,2018,other,other
v63_source_repair_return_guarded_repair,incumbent_cvar_relaxed_source_lp,128561503,127475725,1000.0,1000.0,-183.30232614833292,-211.8282137432861,28.52588759495319,1766.7767061771171,842400.0,True,True,6.907218559226713e-06,0.8992165242165242,0,,,61290.49293632015,95773.23981666559,True,True,post_v181_one_drop_one_add_whole_loan_swap,post-v181 one-swap pricing only; not multi-swap or global proof,D,C,1,1,4,4,1,0,2018,2018,other,AZ
v63_source_repair_return_guarded_repair,incumbent_cvar_relaxed_source_lp,128561503,127582382,1000.0,1000.0,-183.30232614833292,-205.52183833714096,22.21951218880804,1760.470330770972,842400.0,True,True,6.907218559226713e-06,0.8992165242165242,0,,,61232.50888214166,95694.90788241605,True,True,post_v181_one_drop_one_add_whole_loan_swap,post-v181 one-swap pricing only; not multi-swap or global proof,D,D,1,2,4,3,1,0,2018,2018,other,CA
v63_source_repair_return_guarded_repair,incumbent_cvar_relaxed_source_lp,128561503,126820122,1000.0,1000.0,-183.30232614833292,-201.89545162414464,18.593125475811718,1756.8439440579757,842400.0,True,True,6.907218559226713e-06,0.8992165242165242,0,,,61275.803378322424,95756.97132056416,True,True,post_v181_one_drop_one_add_whole_loan_swap,post-v181 one-swap pricing only; not multi-swap or global proof,D,C,1,1,4,0,1,1,2018,2018,other,other
v63_source_repair_return_guarded_repair,incumbent_cvar_relaxed_source_lp,128561503,126733849,1000.0,1000.0,-183.30232614833292,-186.9469746106631,3.644648462330167,1741.8954670444941,842400.0,True,True,6.907218559226713e-06,0.8980294396961064,0,,,61347.492832309035,95849.71215380814,True,True,post_v181_one_drop_one_add_whole_loan_swap,post-v181 one-swap pricing only; not multi-swap or global proof,D,B,1,0,4,4,1,3,2018,2018,other,NJ
v63_source_repair_return_guarded_repair,incumbent_cvar_relaxed_source_lp,128561503,126652025,1000.0,1000.0,-183.30232614833292,-206.92821374328602,23.6258875949531,1761.876706177117,842400.0,True,True,6.907218559226713e-06,0.8992165242165242,0,,,61290.49293632015,95773.23981666559,True,True,post_v181_one_drop_one_add_whole_loan_swap,post-v181 one-swap pricing only; not multi-swap or global proof,D,C,1,1,4,3,1,1,2018,2018,other,FL
v63_source_repair_return_guarded_repair,incumbent_cvar_relaxed_source_lp,128561503,126419064,1000.0,1000.0,-183.30232614833292,-198.85427993768698,15.551953789354059,1753.802772371518,842400.0,True,True,6.907218559226713e-06,0.8992165242165242,0,,,61249.196854892056,95714.30291450351,True,True,post_v181_one_drop_one_add_whole_loan_swap,post-v181 one-swap pricing only; not multi-swap or global proof,D,D,1,2,4,4,1,1,2018,2018,other,other
v63_source_repair_return_guarded_repair,incumbent_cvar_relaxed_source_lp,128561503,156823754,1000.0,1000.0,-183.30232614833292,-183.46022770133698,0.15790155300405218,1738.4087201351679,842400.0,True,True,6.907218559226713e-06,0.8992165242165242,0,,,61249.610134758186,95636.88921697963,True,True,post_v181_one_drop_one_add_whole_loan_swap,post-v181 one-swap pricing only; not multi-swap or global proof,D,D,1,2,4,3,1,1,2018,2019,other,CA
v63_source_repair_return_guarded_repair,incumbent_cvar_relaxed_source_lp,127184845,127672145,1000.0,1000.0,-189.0370775031534,-196.20083323856994,7.163755735416544,1745.4145743175804,842400.0,True,True,6.907218559226713e-06,0.8992165242165242,0,,,61356.79004181416,95855.63668303641,True,True,post_v181_one_drop_one_add_whole_loan_swap,post-v181 one-swap pricing only; not multi-swap or global proof,D,C,2,1,1,0,0,2,2018,2018,TX,other
v63_source_repair_return_guarded_repair,incumbent_cvar_relaxed_source_lp,127184845,127475725,1000.0,1000.0,-189.0370775031534,-211.8282137432861,22.791136240132715,1761.0419548222967,842400.0,True,True,6.907218559226713e-06,0.8992165242165242,0,,,61330.897560849975,95823.53466477913,True,True,post_v181_one_drop_one_add_whole_loan_swap,post-v181 one-swap pricing only; not multi-swap or global proof,D,C,2,1,1,4,0,0,2018,2018,TX,AZ
v63_source_repair_return_guarded_repair,incumbent_cvar_relaxed_source_lp,127184845,127582382,1000.0,1000.0,-189.0370775031534,-205.52183833714096,16.484760833987565,1754.7355794161515,842400.0,True,True,6.907218559226713e-06,0.8992165242165242,0,,,61272.91350667147,95745.20273052962,True,True,post_v181_one_drop_one_add_whole_loan_swap,post-v181 one-swap pricing only; not multi-swap or global proof,D,D,2,2,1,3,0,0,2018,2018,TX,CA
v63_source_repair_return_guarded_repair,incumbent_cvar_relaxed_source_lp,127184845,126820122,1000.0,1000.0,-189.0370775031534,-201.89545162414464,12.858374120991243,1751.1091927031553,842400.0,True,True,6.907218559226713e-06,0.8992165242165242,0,,,61316.20800285225,95807.2661686777,True,True,post_v181_one_drop_one_add_whole_loan_swap,post-v181 one-swap pricing only; not multi-swap or global proof,D,C,2,1,1,0,0,1,2018,2018,TX,other
v63_source_repair_return_guarded_repair,incumbent_cvar_relaxed_source_lp,127184845,126652025,1000.0,1000.0,-189.0370775031534,-206.92821374328602,17.891136240132624,1756.1419548222966,842400.0,True,True,6.907218559226713e-06,0.8992165242165242,0,,,61330.897560849975,95823.53466477913,True,True,post_v181_one_drop_one_add_whole_loan_swap,post-v181 one-swap pricing only; not multi-swap or global proof,D,C,2,1,1,3,0,1,2018,2018,TX,FL
v63_source_repair_return_guarded_repair,incumbent_cvar_relaxed_source_lp,127184845,126419064,1000.0,1000.0,-189.0370775031534,-198.85427993768698,9.817202434533584,1748.0680210166975,842400.0,True,True,6.907218559226713e-06,0.8992165242165242,0,,,61289.60147942187,95764.59776261705,True,True,post_v181_one_drop_one_add_whole_loan_swap,post-v181 one-swap pricing only; not multi-swap or global proof,D,D,2,2,1,4,0,1,2018,2018,TX,other
v63_source_repair_return_guarded_repair,incumbent_cvar_relaxed_source_lp,134743532,127475725,1000.0,1000.0,-201.5151503808579,-211.8282137432861,10.31306336242821,1748.5638819445921,842400.0,True,True,6.907218559226713e-06,0.8992165242165242,0,,,61268.81691315591,95748.55760361307,True,True,post_v181_one_drop_one_add_whole_loan_swap,post-v181 one-swap pricing only; not multi-swap or global proof,C,C,1,1,1,4,2,0,2018,2018,other,AZ
v63_source_repair_return_guarded_repair,incumbent_cvar_relaxed_source_lp,134743532,127582382,1000.0,1000.0,-201.5151503808579,-205.52183833714096,4.006687956283059,1742.257506538447,842400.0,True,True,6.907218559226713e-06,0.8992165242165242,0,,,61210.8328589774,95670.22566936353,True,True,post_v181_one_drop_one_add_whole_loan_swap,post-v181 one-swap pricing only; not multi-swap or global proof,C,D,1,2,1,3,2,0,2018,2018,other,CA
v63_source_repair_return_guarded_repair,incumbent_cvar_relaxed_source_lp,134743532,126820122,1000.0,1000.0,-201.5151503808579,-201.89545162414464,0.38030124328673764,1738.6311198254507,842400.0,True,True,6.907218559226713e-06,0.8992165242165242,0,,,61254.12735515818,95732.28910751165,True,True,post_v181_one_drop_one_add_whole_loan_swap,post-v181 one-swap pricing only; not multi-swap or global proof,C,C,1,1,1,0,2,1,2018,2018,other,other
v63_source_repair_return_guarded_repair,incumbent_cvar_relaxed_source_lp,134743532,126652025,1000.0,1000.0,-201.5151503808579,-206.92821374328602,5.413063362428119,1743.663881944592,842400.0,True,True,6.907218559226713e-06,0.8992165242165242,0,,,61268.81691315591,95748.55760361307,True,True,post_v181_one_drop_one_add_whole_loan_swap,post-v181 one-swap pricing only; not multi-swap or global proof,C,C,1,1,1,3,2,1,2018,2018,other,FL
v63_source_repair_return_guarded_repair,incumbent_cvar_relaxed_source_lp,135434670,127874931,1000.0,1000.0,-169.9123147501927,-186.9469746106631,17.034659860470384,1755.2854784426343,842400.0,True,True,6.907218559226713e-06,0.8992165242165242,0,,,61258.83968746774,95733.17737583056,True,True,post_v181_one_drop_one_add_whole_loan_swap,post-v181 one-swap pricing only; not multi-swap or global proof,B,B,0,0,2,0,0,0,2018,2018,CA,MN
v63_source_repair_return_guarded_repair,incumbent_cvar_relaxed_source_lp,135434670,126733849,1000.0,1000.0,-169.9123147501927,-186.9469746106631,17.034659860470384,1755.2854784426343,842400.0,True,True,6.907218559226713e-06,0.8992165242165242,0,,,61258.83968746774,95733.17737583056,True,True,post_v181_one_drop_one_add_whole_loan_swap,post-v181 one-swap pricing only; not multi-swap or global proof,B,B,0,0,2,4,0,3,2018,2018,CA,NJ
v63_source_repair_return_guarded_repair,incumbent_cvar_relaxed_source_lp,134226742,127874931,1000.0,1000.0,-175.77909796159472,-186.9469746106631,11.167876649068376,1749.4186952312323,842400.0,True,True,6.907218559226713e-06,0.8992165242165242,0,,,61259.84334751718,95748.60343050018,True,True,post_v181_one_drop_one_add_whole_loan_swap,post-v181 one-swap pricing only; not multi-swap or global proof,B,B,0,0,2,0,2,0,2018,2018,PA,MN
v63_source_repair_return_guarded_repair,incumbent_cvar_relaxed_source_lp,134226742,126733849,1000.0,1000.0,-175.77909796159472,-186.9469746106631,11.167876649068376,1749.4186952312323,842400.0,True,True,6.907218559226713e-06,0.8992165242165242,0,,,61259.84334751718,95748.60343050018,True,True,post_v181_one_drop_one_add_whole_loan_swap,post-v181 one-swap pricing only; not multi-swap or global proof,B,B,0,0,2,4,2,3,2018,2018,PA,NJ
v63_source_repair_return_guarded_repair,incumbent_cvar_relaxed_source_lp,134420497,127874931,1000.0,1000.0,-145.73547946423722,-186.9469746106631,41.211495146425875,1779.4623137285898,842400.0,True,True,6.907218559226713e-06,0.8992165242165242,0,,,61268.824633178476,95763.95233450511,True,True,post_v181_one_drop_one_add_whole_loan_swap,post-v181 one-swap pricing only; not multi-swap or global proof,C,B,0,0,4,0,2,0,2018,2018,MD,MN
v63_source_repair_return_guarded_repair,incumbent_cvar_relaxed_source_lp,134420497,126733849,1000.0,1000.0,-145.73547946423722,-186.9469746106631,41.211495146425875,1779.4623137285898,842400.0,True,True,6.907218559226713e-06,0.8992165242165242,0,,,61268.824633178476,95763.95233450511,True,True,post_v181_one_drop_one_add_whole_loan_swap,post-v181 one-swap pricing only; not multi-swap or global proof,C,B,0,0,4,4,2,3,2018,2018,MD,NJ
v63_source_repair_return_guarded_repair,incumbent_cvar_relaxed_source_lp,134420497,126468092,1000.0,1000.0,-145.73547946423722,-169.50590883596908,23.770429371731865,1762.0212479538957,842400.0,True,True,6.907218559226713e-06,0.8992165242165242,0,,,61291.72885573587,95795.18573647784,True,True,post_v181_one_drop_one_add_whole_loan_swap,post-v181 one-swap pricing only; not multi-swap or global proof,C,B,0,0,4,1,2,2,2018,2018,MD,other
v63_source_repair_return_guarded_repair,incumbent_cvar_relaxed_source_lp,134320828,127874931,1000.0,1000.0,-175.77909796159472,-186.9469746106631,11.167876649068376,1749.4186952312323,842400.0,True,True,6.907218559226713e-06,0.8992165242165242,0,,,61259.84334751718,95748.60343050018,True,True,post_v181_one_drop_one_add_whole_loan_swap,post-v181 one-swap pricing only; not multi-swap or global proof,B,B,0,0,0,0,0,0,2018,2018,IL,MN
v63_source_repair_return_guarded_repair,incumbent_cvar_relaxed_source_lp,134320828,126733849,1000.0,1000.0,-175.77909796159472,-186.9469746106631,11.167876649068376,1749.4186952312323,842400.0,True,True,6.907218559226713e-06,0.8992165242165242,0,,,61259.84334751718,95748.60343050018,True,True,post_v181_one_drop_one_add_whole_loan_swap,post-v181 one-swap pricing only; not multi-swap or global proof,B,B,0,0,0,4,0,3,2018,2018,IL,NJ
v63_source_repair_return_guarded_repair,incumbent_cvar_relaxed_source_lp,132998370,127874931,1000.0,1000.0,-172.24385736444108,-186.9469746106631,14.703117246222007,1752.953935828386,842400.0,True,True,6.907218559226713e-06,0.8992165242165242,0,,,61259.704698257716,95748.43054025108,True,True,post_v181_one_drop_one_add_whole_loan_swap,post-v181 one-swap pricing only; not multi-swap or global proof,B,B,0,0,2,0,1,0,2018,2018,MD,MN
v63_source_repair_return_guarded_repair,incumbent_cvar_relaxed_source_lp,132998370,126733849,1000.0,1000.0,-172.24385736444108,-186.9469746106631,14.703117246222007,1752.953935828386,842400.0,True,True,6.907218559226713e-06,0.8992165242165242,0,,,61259.704698257716,95748.43054025108,True,True,post_v181_one_drop_one_add_whole_loan_swap,post-v181 one-swap pricing only; not multi-swap or global proof,B,B,0,0,2,4,1,3,2018,2018,MD,NJ
v63_source_repair_return_guarded_repair,incumbent_cvar_relaxed_source_lp,132826039,127672145,1000.0,1000.0,-195.24431793386313,-196.20083323856994,0.9565153047068122,1739.2073338868706,842400.0,True,True,6.907218559226713e-06,0.8992165242165242,0,,,61288.72883197648,95789.0888727425,True,True,post_v181_one_drop_one_add_whole_loan_swap,post-v181 one-swap pricing only; not multi-swap or global proof,C,C,1,1,3,0,0,2,2018,2018,MD,other
v63_source_repair_return_guarded_repair,incumbent_cvar_relaxed_source_lp,132826039,127475725,1000.0,1000.0,-195.24431793386313,-211.8282137432861,16.583895809422984,1754.8347143915869,842400.0,True,True,6.907218559226713e-06,0.8992165242165242,0,,,61262.83635101229,95756.98685448522,True,True,post_v181_one_drop_one_add_whole_loan_swap,post-v181 one-swap pricing only; not multi-swap or global proof,C,C,1,1,3,4,0,0,2018,2018,MD,AZ
v63_source_repair_return_guarded_repair,incumbent_cvar_relaxed_source_lp,132826039,127582382,1000.0,1000.0,-195.24431793386313,-205.52183833714096,10.277520403277833,1748.5283389854417,842400.0,True,True,6.907218559226713e-06,0.8992165242165242,0,,,61204.85229683378,95678.65492023571,True,True,post_v181_one_drop_one_add_whole_loan_swap,post-v181 one-swap pricing only; not multi-swap or global proof,C,D,1,2,3,3,0,0,2018,2018,MD,CA
v63_source_repair_return_guarded_repair,incumbent_cvar_relaxed_source_lp,132826039,126820122,1000.0,1000.0,-195.24431793386313,-201.89545162414464,6.651133690281512,1744.9019522724454,842400.0,True,True,6.907218559226713e-06,0.8992165242165242,0,,,61248.14679301455,95740.7183583838,True,True,post_v181_one_drop_one_add_whole_loan_swap,post-v181 one-swap pricing only; not multi-swap or global proof,C,C,1,1,3,0,0,1,2018,2018,MD,other
v63_source_repair_return_guarded_repair,incumbent_cvar_relaxed_source_lp,132826039,126652025,1000.0,1000.0,-195.24431793386313,-206.92821374328602,11.683895809422893,1749.9347143915868,842400.0,True,True,6.907218559226713e-06,0.8992165242165242,0,,,61262.83635101229,95756.98685448522,True,True,post_v181_one_drop_one_add_whole_loan_swap,post-v181 one-swap pricing only; not multi-swap or global proof,C,C,1,1,3,3,0,1,2018,2018,MD,FL
v63_source_repair_return_guarded_repair,incumbent_cvar_relaxed_source_lp,132826039,126419064,1000.0,1000.0,-195.24431793386313,-198.85427993768698,3.6099620038238527,1741.8607805859879,842400.0,True,True,6.907218559226713e-06,0.8992165242165242,0,,,61221.54026958419,95698.04995232316,True,True,post_v181_one_drop_one_add_whole_loan_swap,post-v181 one-swap pricing only; not multi-swap or global proof,C,D,1,2,3,4,0,1,2018,2018,MD,other
v63_source_repair_return_guarded_repair,incumbent_cvar_relaxed_source_lp,132370030,126483031,1200.0,1200.0,-197.76674388110365,-200.480236756332,2.7134928752283543,1740.9643114573923,842400.0,True,True,6.907218559226713e-06,0.8992165242165242,0,,,61303.301851384065,95801.20929177702,True,True,post_v181_one_drop_one_add_whole_loan_swap,post-v181 one-swap pricing only; not multi-swap or global proof,B,B,0,0,1,2,0,0,2018,2018,NY,FL
v63_source_repair_return_guarded_repair,incumbent_cvar_relaxed_source_lp,131574675,127874931,1000.0,1000.0,-157.0638633390644,-186.9469746106631,29.883111271598693,1768.1339298537625,842400.0,True,True,6.907218559226713e-06,0.8992165242165242,0,,,61244.141822857535,95709.01812230912,True,True,post_v181_one_drop_one_add_whole_loan_swap,post-v181 one-swap pricing only; not multi-swap or global proof,B,B,0,0,4,0,0,0,2018,2018,TX,MN
v63_source_repair_return_guarded_repair,incumbent_cvar_relaxed_source_lp,131574675,126733849,1000.0,1000.0,-157.0638633390644,-186.9469746106631,29.883111271598693,1768.1339298537625,842400.0,True,True,6.907218559226713e-06,0.8992165242165242,0,,,61244.141822857535,95709.01812230912,True,True,post_v181_one_drop_one_add_whole_loan_swap,post-v181 one-swap pricing only; not multi-swap or global proof,B,B,0,0,4,4,0,3,2018,2018,TX,NJ
v63_source_repair_return_guarded_repair,incumbent_cvar_relaxed_source_lp,131574675,126468092,1000.0,1000.0,-157.0638633390644,-169.50590883596908,12.442045496904683,1750.6928640790686,842400.0,True,True,6.907218559226713e-06,0.8992165242165242,0,,,61267.04604541493,95740.25152428183,True,True,post_v181_one_drop_one_add_whole_loan_swap,post-v181 one-swap pricing only; not multi-swap or global proof,B,B,0,0,4,1,0,2,2018,2018,TX,other
v63_source_repair_return_guarded_repair,incumbent_cvar_relaxed_source_lp,131167085,127874931,1000.0,1000.0,-180.50561990091967,-186.9469746106631,6.441354709743422,1744.6921732919072,842400.0,True,True,6.907218559226713e-06,0.8992165242165242,0,,,61268.158964831804,95744.10898232397,True,True,post_v181_one_drop_one_add_whole_loan_swap,post-v181 one-swap pricing only; not multi-swap or global proof,B,B,0,0,3,0,0,0,2018,2018,WA,MN
v63_source_repair_return_guarded_repair,incumbent_cvar_relaxed_source_lp,131167085,126733849,1000.0,1000.0,-180.50561990091967,-186.9469746106631,6.441354709743422,1744.6921732919072,842400.0,True,True,6.907218559226713e-06,0.8992165242165242,0,,,61268.158964831804,95744.10898232397,True,True,post_v181_one_drop_one_add_whole_loan_swap,post-v181 one-swap pricing only; not multi-swap or global proof,B,B,0,0,3,4,0,3,2018,2018,WA,NJ
v63_source_repair_return_guarded_repair,incumbent_cvar_relaxed_source_lp,141067616,127475725,1000.0,1000.0,-204.69117522118168,-211.8282137432861,7.137038522104433,1745.3878571042683,842400.0,True,True,6.907218559226713e-06,0.8992165242165242,0,,,61405.07387270061,95926.45493532952,True,True,post_v181_one_drop_one_add_whole_loan_swap,post-v181 one-swap pricing only; not multi-swap or global proof,E,C,3,1,1,4,1,0,2018,2018,NJ,AZ
v63_source_repair_return_guarded_repair,incumbent_cvar_relaxed_source_lp,141067616,127582382,1000.0,1000.0,-204.69117522118168,-205.52183833714096,0.8306631159592825,1739.0814816981233,842400.0,True,True,6.907218559226713e-06,0.8992165242165242,0,,,61347.089818522116,95848.12300108,True,True,post_v181_one_drop_one_add_whole_loan_swap,post-v181 one-swap pricing only; not multi-swap or global proof,E,D,3,2,1,3,1,0,2018,2018,NJ,CA
v63_source_repair_return_guarded_repair,incumbent_cvar_relaxed_source_lp,141067616,126652025,1000.0,1000.0,-204.69117522118168,-206.92821374328602,2.237038522104342,1740.4878571042682,842400.0,True,True,6.907218559226713e-06,0.8992165242165242,0,,,61405.07387270061,95926.45493532952,True,True,post_v181_one_drop_one_add_whole_loan_swap,post-v181 one-swap pricing only; not multi-swap or global proof,E,C,3,1,1,3,1,1,2018,2018,NJ,FL
v63_source_repair_return_guarded_repair,incumbent_cvar_relaxed_source_lp,140620222,127874931,1000.0,1000.0,-161.9757189883544,-186.9469746106631,24.97125562230869,1763.2220742044726,842400.0,True,True,6.907218559226713e-06,0.8980294396961064,0,,,61379.25796788027,95926.0898700084,True,True,post_v181_one_drop_one_add_whole_loan_swap,post-v181 one-swap pricing only; not multi-swap or global proof,E,B,2,0,2,0,0,0,2018,2018,FL,MN
v63_source_repair_return_guarded_repair,incumbent_cvar_relaxed_source_lp,140620222,127672145,1000.0,1000.0,-161.9757189883544,-196.20083323856994,34.22511425021554,1772.4759328323794,842400.0,True,True,6.907218559226713e-06,0.8992165242165242,0,,,61348.150552855586,95881.71955112314,True,True,post_v181_one_drop_one_add_whole_loan_swap,post-v181 one-swap pricing only; not multi-swap or global proof,E,C,2,1,2,0,0,2,2018,2018,FL,other
v63_source_repair_return_guarded_repair,incumbent_cvar_relaxed_source_lp,140620222,127475725,1000.0,1000.0,-161.9757189883544,-211.8282137432861,49.85249475493171,1788.1033133370956,842400.0,True,True,6.907218559226713e-06,0.8992165242165242,0,,,61322.25807189141,95849.61753286584,True,True,post_v181_one_drop_one_add_whole_loan_swap,post-v181 one-swap pricing only; not multi-swap or global proof,E,C,2,1,2,4,0,0,2018,2018,FL,AZ
v63_source_repair_return_guarded_repair,incumbent_cvar_relaxed_source_lp,140620222,127582382,1000.0,1000.0,-161.9757189883544,-205.52183833714096,43.54611934878656,1781.7969379309504,842400.0,True,True,6.907218559226713e-06,0.8992165242165242,0,,,61264.2740177129,95771.28559861633,True,True,post_v181_one_drop_one_add_whole_loan_swap,post-v181 one-swap pricing only; not multi-swap or global proof,E,D,2,2,2,3,0,0,2018,2018,FL,CA
v63_source_repair_return_guarded_repair,incumbent_cvar_relaxed_source_lp,140620222,126827839,1000.0,1000.0,-161.9757189883544,-175.77898463113021,13.803265642775813,1752.0540842249397,842400.0,True,True,6.907218559226713e-06,0.8992165242165242,0,,,61246.04764911033,95739.92897020836,True,True,post_v181_one_drop_one_add_whole_loan_swap,post-v181 one-swap pricing only; not multi-swap or global proof,E,E,2,2,2,0,0,4,2018,2018,FL,other
v63_source_repair_return_guarded_repair,incumbent_cvar_relaxed_source_lp,140620222,126820122,1000.0,1000.0,-161.9757189883544,-201.89545162414464,39.91973263579024,1778.1705512179542,842400.0,True,True,6.907218559226713e-06,0.8992165242165242,0,,,61307.56851389367,95833.34903676443,True,True,post_v181_one_drop_one_add_whole_loan_swap,post-v181 one-swap pricing only; not multi-swap or global proof,E,C,2,1,2,0,0,1,2018,2018,FL,other
v63_source_repair_return_guarded_repair,incumbent_cvar_relaxed_source_lp,140620222,126733849,1000.0,1000.0,-161.9757189883544,-186.9469746106631,24.97125562230869,1763.2220742044726,842400.0,True,True,6.907218559226713e-06,0.8980294396961064,0,,,61379.25796788027,95926.0898700084,True,True,post_v181_one_drop_one_add_whole_loan_swap,post-v181 one-swap pricing only; not multi-swap or global proof,E,B,2,0,2,4,0,3,2018,2018,FL,NJ
v63_source_repair_return_guarded_repair,incumbent_cvar_relaxed_source_lp,140620222,126652025,1000.0,1000.0,-161.9757189883544,-206.92821374328602,44.95249475493162,1783.2033133370956,842400.0,True,True,6.907218559226713e-06,0.8992165242165242,0,,,61322.25807189141,95849.61753286584,True,True,post_v181_one_drop_one_add_whole_loan_swap,post-v181 one-swap pricing only; not multi-swap or global proof,E,C,2,1,2,3,0,1,2018,2018,FL,FL
v63_source_repair_return_guarded_repair,incumbent_cvar_relaxed_source_lp,140620222,126468092,1000.0,1000.0,-161.9757189883544,-169.50590883596908,7.530189847614679,1745.7810084297785,842400.0,True,True,6.907218559226713e-06,0.8980294396961064,0,,,61402.162190437666,95957.3232719811,True,True,post_v181_one_drop_one_add_whole_loan_swap,post-v181 one-swap pricing only; not multi-swap or global proof,E,B,2,0,2,1,0,2,2018,2018,FL,other
v63_source_repair_return_guarded_repair,incumbent_cvar_relaxed_source_lp,140620222,126419064,1000.0,1000.0,-161.9757189883544,-198.85427993768698,36.87856094933258,1775.1293795314964,842400.0,True,True,6.907218559226713e-06,0.8992165242165242,0,,,61280.9619904633,95790.68063070376,True,True,post_v181_one_drop_one_add_whole_loan_swap,post-v181 one-swap pricing only; not multi-swap or global proof,E,D,2,2,2,4,0,1,2018,2018,FL,other
v63_source_repair_return_guarded_repair,incumbent_cvar_relaxed_source_lp,140620222,168701788,1000.0,1000.0,-161.9757189883544,-178.5860397151734,16.610320726818998,1754.861139308983,842400.0,True,True,6.907218559226713e-06,0.8992165242165242,0,,,61299.837152147506,95800.37835672082,True,True,post_v181_one_drop_one_add_whole_loan_swap,post-v181 one-swap pricing only; not multi-swap or global proof,E,C,2,1,2,3,0,1,2018,2020,FL,TX
v63_source_repair_return_guarded_repair,incumbent_cvar_relaxed_source_lp,140620222,169358871,1000.0,1000.0,-161.9757189883544,-177.86634212741987,15.890623139065468,1754.1414417212293,842400.0,True,True,6.907218559226713e-06,0.8992165242165242,0,,,61309.608169480234,95787.95332168098,True,True,post_v181_one_drop_one_add_whole_loan_swap,post-v181 one-swap pricing only; not multi-swap or global proof,E,C,2,1,2,3,0,0,2018,2020,FL,VA
v63_source_repair_return_guarded_repair,incumbent_cvar_relaxed_source_lp,140620222,139506195,1000.0,1000.0,-161.9757189883544,-177.67809625327766,15.702377264923257,1753.953195847087,842400.0,True,True,6.907218559226713e-06,0.8992165242165242,0,,,61283.77348942883,95734.17169656053,True,True,post_v181_one_drop_one_add_whole_loan_swap,post-v181 one-swap pricing only; not multi-swap or global proof,E,D,2,2,2,2,0,0,2018,2018,FL,CA
v63_source_repair_return_guarded_repair,incumbent_cvar_relaxed_source_lp,140620222,156823754,1000.0,1000.0,-161.9757189883544,-183.46022770133698,21.484508712982574,1759.7353272951464,842400.0,True,True,6.907218559226713e-06,0.8992165242165242,0,,,61281.37527032942,95713.2669331799,True,True,post_v181_one_drop_one_add_whole_loan_swap,post-v181 one-swap pricing only; not multi-swap or global proof,E,D,2,2,2,3,0,1,2018,2019,FL,CA
v63_source_repair_return_guarded_repair,incumbent_cvar_relaxed_source_lp,140620222,156807668,1000.0,1000.0,-161.9757189883544,-175.85010442413147,13.874385435777072,1752.125204017941,842400.0,True,True,6.907218559226713e-06,0.8992165242165242,0,,,61308.80876468813,95741.54329355758,True,True,post_v181_one_drop_one_add_whole_loan_swap,post-v181 one-swap pricing only; not multi-swap or global proof,E,D,2,2,2,0,0,0,2018,2019,FL,TX
v63_source_repair_return_guarded_repair,incumbent_cvar_relaxed_source_lp,141017853,127874931,1000.0,1000.0,-160.86500878453754,-186.9469746106631,26.081965826125554,1764.3327844082894,842400.0,True,True,6.907218559226713e-06,0.8980294396961064,0,,,61387.99277760266,95937.57756368862,True,True,post_v181_one_drop_one_add_whole_loan_swap,post-v181 one-swap pricing only; not multi-swap or global proof,E,B,2,0,4,0,0,0,2018,2018,VA,MN
v63_source_repair_return_guarded_repair,incumbent_cvar_relaxed_source_lp,141017853,127672145,1000.0,1000.0,-160.86500878453754,-196.20083323856994,35.335824454032405,1773.5866430361964,842400.0,True,True,6.907218559226713e-06,0.8992165242165242,0,,,61356.885362577974,95893.20724480337,True,True,post_v181_one_drop_one_add_whole_loan_swap,post-v181 one-swap pricing only; not multi-swap or global proof,E,C,2,1,4,0,0,2,2018,2018,VA,other
v63_source_repair_return_guarded_repair,incumbent_cvar_relaxed_source_lp,141017853,127475725,1000.0,1000.0,-160.86500878453754,-211.8282137432861,50.96320495874858,1789.2140235409124,842400.0,True,True,6.907218559226713e-06,0.8992165242165242,0,,,61330.99288161379,95861.10522654606,True,True,post_v181_one_drop_one_add_whole_loan_swap,post-v181 one-swap pricing only; not multi-swap or global proof,E,C,2,1,4,4,0,0,2018,2018,VA,AZ
v63_source_repair_return_guarded_repair,incumbent_cvar_relaxed_source_lp,141017853,127582382,1000.0,1000.0,-160.86500878453754,-205.52183833714096,44.656829552603426,1782.9076481347674,842400.0,True,True,6.907218559226713e-06,0.8992165242165242,0,,,61273.00882743529,95782.77329229655,True,True,post_v181_one_drop_one_add_whole_loan_swap,post-v181 one-swap pricing only; not multi-swap or global proof,E,D,2,2,4,3,0,0,2018,2018,VA,CA
v63_source_repair_return_guarded_repair,incumbent_cvar_relaxed_source_lp,141017853,126827839,1000.0,1000.0,-160.86500878453754,-175.77898463113021,14.913975846592677,1753.1647944287565,842400.0,True,True,6.907218559226713e-06,0.8992165242165242,0,,,61254.78245883273,95751.4166638886,True,True,post_v181_one_drop_one_add_whole_loan_swap,post-v181 one-swap pricing only; not multi-swap or global proof,E,E,2,2,4,0,0,4,2018,2018,VA,other
v63_source_repair_return_guarded_repair,incumbent_cvar_relaxed_source_lp,141017853,126820122,1000.0,1000.0,-160.86500878453754,-201.89545162414464,41.030442839607105,1779.281261421771,842400.0,True,True,6.907218559226713e-06,0.8992165242165242,0,,,61316.30332361606,95844.83673044464,True,True,post_v181_one_drop_one_add_whole_loan_swap,post-v181 one-swap pricing only; not multi-swap or global proof,E,C,2,1,4,0,0,1,2018,2018,VA,other
v63_source_repair_return_guarded_repair,incumbent_cvar_relaxed_source_lp,141017853,126733849,1000.0,1000.0,-160.86500878453754,-186.9469746106631,26.081965826125554,1764.3327844082894,842400.0,True,True,6.907218559226713e-06,0.8980294396961064,0,,,61387.99277760266,95937.57756368862,True,True,post_v181_one_drop_one_add_whole_loan_swap,post-v181 one-swap pricing only; not multi-swap or global proof,E,B,2,0,4,4,0,3,2018,2018,VA,NJ
v63_source_repair_return_guarded_repair,incumbent_cvar_relaxed_source_lp,141017853,126652025,1000.0,1000.0,-160.86500878453754,-206.92821374328602,46.063204958748486,1784.3140235409123,842400.0,True,True,6.907218559226713e-06,0.8992165242165242,0,,,61330.99288161379,95861.10522654606,True,True,post_v181_one_drop_one_add_whole_loan_swap,post-v181 one-swap pricing only; not multi-swap or global proof,E,C,2,1,4,3,0,1,2018,2018,VA,FL
v63_source_repair_return_guarded_repair,incumbent_cvar_relaxed_source_lp,141017853,126468092,1000.0,1000.0,-160.86500878453754,-169.50590883596908,8.640900051431544,1746.8917186335955,842400.0,True,True,6.907218559226713e-06,0.8980294396961064,0,,,61410.89700016005,95968.81096566134,True,True,post_v181_one_drop_one_add_whole_loan_swap,post-v181 one-swap pricing only; not multi-swap or global proof,E,B,2,0,4,1,0,2,2018,2018,VA,other
v63_source_repair_return_guarded_repair,incumbent_cvar_relaxed_source_lp,141017853,126419064,1000.0,1000.0,-160.86500878453754,-198.85427993768698,37.989271153149446,1776.2400897353134,842400.0,True,True,6.907218559226713e-06,0.8992165242165242,0,,,61289.6968001857,95802.168324384,True,True,post_v181_one_drop_one_add_whole_loan_swap,post-v181 one-swap pricing only; not multi-swap or global proof,E,D,2,2,4,4,0,1,2018,2018,VA,other
v63_source_repair_return_guarded_repair,incumbent_cvar_relaxed_source_lp,141017853,168701788,1000.0,1000.0,-160.86500878453754,-178.5860397151734,17.721030930635862,1755.9718495127997,842400.0,True,True,6.907218559226713e-06,0.8992165242165242,0,,,61308.5719618699,95811.86605040103,True,True,post_v181_one_drop_one_add_whole_loan_swap,post-v181 one-swap pricing only; not multi-swap or global proof,E,C,2,1,4,3,0,1,2018,2020,VA,TX
v63_source_repair_return_guarded_repair,incumbent_cvar_relaxed_source_lp,141017853,169358871,1000.0,1000.0,-160.86500878453754,-177.86634212741987,17.001333342882333,1755.2521519250463,842400.0,True,True,6.907218559226713e-06,0.8992165242165242,0,,,61318.34297920263,95799.44101536121,True,True,post_v181_one_drop_one_add_whole_loan_swap,post-v181 one-swap pricing only; not multi-swap or global proof,E,C,2,1,4,3,0,0,2018,2020,VA,VA
v63_source_repair_return_guarded_repair,incumbent_cvar_relaxed_source_lp,141017853,139506195,1000.0,1000.0,-160.86500878453754,-177.67809625327766,16.81308746874012,1755.063906050904,842400.0,True,True,6.907218559226713e-06,0.8992165242165242,0,,,61292.50829915122,95745.65939024075,True,True,post_v181_one_drop_one_add_whole_loan_swap,post-v181 one-swap pricing only; not multi-swap or global proof,E,D,2,2,4,2,0,0,2018,2018,VA,CA
v63_source_repair_return_guarded_repair,incumbent_cvar_relaxed_source_lp,141017853,156823754,1000.0,1000.0,-160.86500878453754,-183.46022770133698,22.59521891679944,1760.8460374989634,842400.0,True,True,6.907218559226713e-06,0.8992165242165242,0,,,61290.11008005182,95724.75462686011,True,True,post_v181_one_drop_one_add_whole_loan_swap,post-v181 one-swap pricing only; not multi-swap or global proof,E,D,2,2,4,3,0,1,2018,2019,VA,CA
v63_source_repair_return_guarded_repair,incumbent_cvar_relaxed_source_lp,141017853,156807668,1000.0,1000.0,-160.86500878453754,-175.85010442413147,14.985095639593936,1753.2359142217579,842400.0,True,True,6.907218559226713e-06,0.8992165242165242,0,,,61317.54357441052,95753.03098723778,True,True,post_v181_one_drop_one_add_whole_loan_swap,post-v181 one-swap pricing only; not multi-swap or global proof,E,D,2,2,4,0,0,0,2018,2019,VA,TX
v63_source_repair_return_guarded_repair,incumbent_cvar_relaxed_source_lp,140861718,127874931,1000.0,1000.0,-168.7891671871381,-186.9469746106631,18.157807423524986,1756.4086260056888,842400.0,True,True,6.907218559226713e-06,0.8980294396961064,0,,,61331.68086605916,95852.13120217535,True,True,post_v181_one_drop_one_add_whole_loan_swap,post-v181 one-swap pricing only; not multi-swap or global proof,D,B,1,0,3,0,4,0,2018,2018,MD,MN
v63_source_repair_return_guarded_repair,incumbent_cvar_relaxed_source_lp,140861718,127672145,1000.0,1000.0,-168.7891671871381,-196.20083323856994,27.411666051431837,1765.6624846335958,842400.0,True,True,6.907218559226713e-06,0.8992165242165242,0,,,61300.57345103448,95807.7608832901,True,True,post_v181_one_drop_one_add_whole_loan_swap,post-v181 one-swap pricing only; not multi-swap or global proof,D,C,1,1,3,0,4,2,2018,2018,MD,other
v63_source_repair_return_guarded_repair,incumbent_cvar_relaxed_source_lp,140861718,127475725,1000.0,1000.0,-168.7891671871381,-211.8282137432861,43.03904655614801,1781.2898651383118,842400.0,True,True,6.907218559226713e-06,0.8992165242165242,0,,,61274.680970070294,95775.65886503282,True,True,post_v181_one_drop_one_add_whole_loan_swap,post-v181 one-swap pricing only; not multi-swap or global proof,D,C,1,1,3,4,4,0,2018,2018,MD,AZ
v63_source_repair_return_guarded_repair,incumbent_cvar_relaxed_source_lp,140861718,127582382,1000.0,1000.0,-168.7891671871381,-205.52183833714096,36.73267115000286,1774.9834897321668,842400.0,True,True,6.907218559226713e-06,0.8992165242165242,0,,,61216.69691589179,95697.32693078328,True,True,post_v181_one_drop_one_add_whole_loan_swap,post-v181 one-swap pricing only; not multi-swap or global proof,D,D,1,2,3,3,4,0,2018,2018,MD,CA
v63_source_repair_return_guarded_repair,incumbent_cvar_relaxed_source_lp,140861718,126827839,1000.0,1000.0,-168.7891671871381,-175.77898463113021,6.989817443992109,1745.240636026156,842400.0,True,True,6.907218559226713e-06,0.8992165242165242,0,,,61198.470547289224,95665.97030237532,True,True,post_v181_one_drop_one_add_whole_loan_swap,post-v181 one-swap pricing only; not multi-swap or global proof,D,E,1,2,3,0,4,4,2018,2018,MD,other
v63_source_repair_return_guarded_repair,incumbent_cvar_relaxed_source_lp,140861718,126820122,1000.0,1000.0,-168.7891671871381,-201.89545162414464,33.106284437006536,1771.3571030191704,842400.0,True,True,6.907218559226713e-06,0.8992165242165242,0,,,61259.99141207256,95759.39036893139,True,True,post_v181_one_drop_one_add_whole_loan_swap,post-v181 one-swap pricing only; not multi-swap or global proof,D,C,1,1,3,0,4,1,2018,2018,MD,other
v63_source_repair_return_guarded_repair,incumbent_cvar_relaxed_source_lp,140861718,126733849,1000.0,1000.0,-168.7891671871381,-186.9469746106631,18.157807423524986,1756.4086260056888,842400.0,True,True,6.907218559226713e-06,0.8980294396961064,0,,,61331.68086605916,95852.13120217535,True,True,post_v181_one_drop_one_add_whole_loan_swap,post-v181 one-swap pricing only; not multi-swap or global proof,D,B,1,0,3,4,4,3,2018,2018,MD,NJ
v63_source_repair_return_guarded_repair,incumbent_cvar_relaxed_source_lp,140861718,126652025,1000.0,1000.0,-168.7891671871381,-206.92821374328602,38.13904655614792,1776.3898651383117,842400.0,True,True,6.907218559226713e-06,0.8992165242165242,0,,,61274.680970070294,95775.65886503282,True,True,post_v181_one_drop_one_add_whole_loan_swap,post-v181 one-swap pricing only; not multi-swap or global proof,D,C,1,1,3,3,4,1,2018,2018,MD,FL
v63_source_repair_return_guarded_repair,incumbent_cvar_relaxed_source_lp,140861718,126468092,1000.0,1000.0,-168.7891671871381,-169.50590883596908,0.7167416488309755,1738.9675602309949,842400.0,True,True,6.907218559226713e-06,0.8980294396961064,0,,,61354.58508861655,95883.36460414807,True,True,post_v181_one_drop_one_add_whole_loan_swap,post-v181 one-swap pricing only; not multi-swap or global proof,D,B,1,0,3,1,4,2,2018,2018,MD,other
v63_source_repair_return_guarded_repair,incumbent_cvar_relaxed_source_lp,140861718,126419064,1000.0,1000.0,-168.7891671871381,-198.85427993768698,30.065112750548877,1768.3159313327128,842400.0,True,True,6.907218559226713e-06,0.8992165242165242,0,,,61233.3848886422,95716.72196287074,True,True,post_v181_one_drop_one_add_whole_loan_swap,post-v181 one-swap pricing only; not multi-swap or global proof,D,D,1,2,3,4,4,1,2018,2018,MD,other
v63_source_repair_return_guarded_repair,incumbent_cvar_relaxed_source_lp,140861718,168701788,1000.0,1000.0,-168.7891671871381,-178.5860397151734,9.796872528035294,1748.0476911101991,842400.0,True,True,6.907218559226713e-06,0.8992165242165242,0,,,61252.2600503264,95726.41968888779,True,True,post_v181_one_drop_one_add_whole_loan_swap,post-v181 one-swap pricing only; not multi-swap or global proof,D,C,1,1,3,3,4,1,2018,2020,MD,TX
v63_source_repair_return_guarded_repair,incumbent_cvar_relaxed_source_lp,140861718,169358871,1000.0,1000.0,-168.7891671871381,-177.86634212741987,9.077174940281765,1747.3279935224457,842400.0,True,True,6.907218559226713e-06,0.8992165242165242,0,,,61262.03106765913,95713.99465384797,True,True,post_v181_one_drop_one_add_whole_loan_swap,post-v181 one-swap pricing only; not multi-swap or global proof,D,C,1,1,3,3,4,0,2018,2020,MD,VA
v63_source_repair_return_guarded_repair,incumbent_cvar_relaxed_source_lp,140861718,139506195,1000.0,1000.0,-168.7891671871381,-177.67809625327766,8.888929066139553,1747.1397476483035,842400.0,True,True,6.907218559226713e-06,0.8992165242165242,0,,,61236.19638760772,95660.21302872749,True,True,post_v181_one_drop_one_add_whole_loan_swap,post-v181 one-swap pricing only; not multi-swap or global proof,D,D,1,2,3,2,4,0,2018,2018,MD,CA
v63_source_repair_return_guarded_repair,incumbent_cvar_relaxed_source_lp,140861718,156823754,1000.0,1000.0,-168.7891671871381,-183.46022770133698,14.67106051419887,1752.9218790963628,842400.0,True,True,6.907218559226713e-06,0.8992165242165242,0,,,61233.79816850832,95639.30826534683,True,True,post_v181_one_drop_one_add_whole_loan_swap,post-v181 one-swap pricing only; not multi-swap or global proof,D,D,1,2,3,3,4,1,2018,2019,MD,CA
v63_source_repair_return_guarded_repair,incumbent_cvar_relaxed_source_lp,140861718,156807668,1000.0,1000.0,-168.7891671871381,-175.85010442413147,7.060937236993368,1745.3117558191573,842400.0,True,True,6.907218559226713e-06,0.8992165242165242,0,,,61261.23166286702,95667.58462572453,True,True,post_v181_one_drop_one_add_whole_loan_swap,post-v181 one-swap pricing only; not multi-swap or global proof,D,D,1,2,3,0,4,0,2018,2019,MD,TX
v63_source_repair_return_guarded_repair,incumbent_cvar_relaxed_source_lp,140883098,127672145,1000.0,1000.0,-194.91316089378816,-196.20083323856994,1.2876723447817824,1739.5384909269458,842400.0,True,True,6.907218559226713e-06,0.8992165242165242,0,,,61411.248461305215,95949.36673583767,True,True,post_v181_one_drop_one_add_whole_loan_swap,post-v181 one-swap pricing only; not multi-swap or global proof,E,C,3,1,1,0,1,2,2018,2018,NY,other
v63_source_repair_return_guarded_repair,incumbent_cvar_relaxed_source_lp,140883098,127475725,1000.0,1000.0,-194.91316089378816,-211.8282137432861,16.915052849497954,1755.1658714316618,842400.0,True,True,6.907218559226713e-06,0.8992165242165242,0,,,61385.35598034104,95917.26471758037,True,True,post_v181_one_drop_one_add_whole_loan_swap,post-v181 one-swap pricing only; not multi-swap or global proof,E,C,3,1,1,4,1,0,2018,2018,NY,AZ
v63_source_repair_return_guarded_repair,incumbent_cvar_relaxed_source_lp,140883098,127582382,1000.0,1000.0,-194.91316089378816,-205.52183833714096,10.608677443352803,1748.8594960255168,842400.0,True,True,6.907218559226713e-06,0.8992165242165242,0,,,61327.37192616252,95838.93278333086,True,True,post_v181_one_drop_one_add_whole_loan_swap,post-v181 one-swap pricing only; not multi-swap or global proof,E,D,3,2,1,3,1,0,2018,2018,NY,CA
v63_source_repair_return_guarded_repair,incumbent_cvar_relaxed_source_lp,140883098,126820122,1000.0,1000.0,-194.91316089378816,-201.89545162414464,6.982290730356482,1745.2331093125204,842400.0,True,True,6.907218559226713e-06,0.8992165242165242,0,,,61370.666422343296,95900.99622147896,True,True,post_v181_one_drop_one_add_whole_loan_swap,post-v181 one-swap pricing only; not multi-swap or global proof,E,C,3,1,1,0,1,1,2018,2018,NY,other
v63_source_repair_return_guarded_repair,incumbent_cvar_relaxed_source_lp,140883098,126652025,1000.0,1000.0,-194.91316089378816,-206.92821374328602,12.015052849497863,1750.2658714316617,842400.0,True,True,6.907218559226713e-06,0.8992165242165242,0,,,61385.35598034104,95917.26471758037,True,True,post_v181_one_drop_one_add_whole_loan_swap,post-v181 one-swap pricing only; not multi-swap or global proof,E,C,3,1,1,3,1,1,2018,2018,NY,FL
v63_source_repair_return_guarded_repair,incumbent_cvar_relaxed_source_lp,140883098,126419064,1000.0,1000.0,-194.91316089378816,-198.85427993768698,3.941119043898823,1742.1919376260628,842400.0,True,True,6.907218559226713e-06,0.8992165242165242,0,,,61344.059898912936,95858.3278154183,True,True,post_v181_one_drop_one_add_whole_loan_swap,post-v181 one-swap pricing only; not multi-swap or global proof,E,D,3,2,1,4,1,1,2018,2018,NY,other
v63_source_repair_return_guarded_repair,incumbent_cvar_relaxed_source_lp,140667974,127874931,1000.0,1000.0,-184.8636831759767,-186.9469746106631,2.0832914346864015,1740.3341100168502,842400.0,True,True,6.907218559226713e-06,0.8992165242165242,0,,,61273.208404165314,95754.35415728494,True,True,post_v181_one_drop_one_add_whole_loan_swap,post-v181 one-swap pricing only; not multi-swap or global proof,B,B,0,0,2,0,0,0,2018,2018,VA,MN
v63_source_repair_return_guarded_repair,incumbent_cvar_relaxed_source_lp,140667974,126733849,1000.0,1000.0,-184.8636831759767,-186.9469746106631,2.0832914346864015,1740.3341100168502,842400.0,True,True,6.907218559226713e-06,0.8992165242165242,0,,,61273.208404165314,95754.35415728494,True,True,post_v181_one_drop_one_add_whole_loan_swap,post-v181 one-swap pricing only; not multi-swap or global proof,B,B,0,0,2,4,0,3,2018,2018,VA,NJ
v63_source_repair_return_guarded_repair,incumbent_cvar_relaxed_source_lp,140622640,127475725,1000.0,1000.0,-199.31788556666945,-211.8282137432861,12.510328176616667,1750.7611467587806,842400.0,True,True,6.907218559226713e-06,0.8992165242165242,0,,,61237.07073734289,95699.33114508403,True,True,post_v181_one_drop_one_add_whole_loan_swap,post-v181 one-swap pricing only; not multi-swap or global proof,B,C,1,1,2,4,2,0,2018,2018,NJ,AZ
v63_source_repair_return_guarded_repair,incumbent_cvar_relaxed_source_lp,140622640,127582382,1000.0,1000.0,-199.31788556666945,-205.52183833714096,6.203952770471517,1744.4547713526354,842400.0,True,True,6.907218559226713e-06,0.8992165242165242,0,,,61179.08668316438,95620.9992108345,True,True,post_v181_one_drop_one_add_whole_loan_swap,post-v181 one-swap pricing only; not multi-swap or global proof,B,D,1,2,2,3,2,0,2018,2018,NJ,CA
v63_source_repair_return_guarded_repair,incumbent_cvar_relaxed_source_lp,140622640,126820122,1000.0,1000.0,-199.31788556666945,-201.89545162414464,2.5775660574751953,1740.8283846396391,842400.0,True,True,6.907218559226713e-06,0.8992165242165242,0,,,61222.38117934515,95683.06264898261,True,True,post_v181_one_drop_one_add_whole_loan_swap,post-v181 one-swap pricing only; not multi-swap or global proof,B,C,1,1,2,0,2,1,2018,2018,NJ,other
v63_source_repair_return_guarded_repair,incumbent_cvar_relaxed_source_lp,140622640,126652025,1000.0,1000.0,-199.31788556666945,-206.92821374328602,7.6103281766165765,1745.8611467587805,842400.0,True,True,6.907218559226713e-06,0.8992165242165242,0,,,61237.07073734289,95699.33114508403,True,True,post_v181_one_drop_one_add_whole_loan_swap,post-v181 one-swap pricing only; not multi-swap or global proof,B,C,1,1,2,3,2,1,2018,2018,NJ,FL
v63_source_repair_return_guarded_repair,incumbent_cvar_relaxed_source_lp,140352540,127695160,1500.0,1500.0,-225.35267892941064,-235.90029594541494,10.547617016004295,1748.7984355981682,842400.0,True,True,6.907218559226713e-06,0.8992165242165242,0,,,61273.790771208405,95781.44956100121,True,True,post_v181_one_drop_one_add_whole_loan_swap,post-v181 one-swap pricing only; not multi-swap or global proof,B,B,0,0,0,2,1,1,2018,2018,NY,TX
v63_source_repair_return_guarded_repair,incumbent_cvar_relaxed_source_lp,140352540,126760355,1500.0,1500.0,-225.35267892941064,-250.40002765814089,25.047348728730242,1763.298167310894,842400.0,True,True,6.907218559226713e-06,0.8992165242165242,0,,,61273.99607973201,95781.73796710116,True,True,post_v181_one_drop_one_add_whole_loan_swap,post-v181 one-swap pricing only; not multi-swap or global proof,B,B,0,0,0,1,1,0,2018,2018,NY,IL
v63_source_repair_return_guarded_repair,incumbent_cvar_relaxed_source_lp,140352540,126430923,1500.0,1500.0,-225.35267892941064,-243.25029594541493,17.89761701600429,1756.1484355981681,842400.0,True,True,6.907218559226713e-06,0.8992165242165242,0,,,61273.790771208405,95781.44956100121,True,True,post_v181_one_drop_one_add_whole_loan_swap,post-v181 one-swap pricing only; not multi-swap or global proof,B,B,0,0,0,3,1,0,2018,2018,NY,other
v63_source_repair_return_guarded_repair,incumbent_cvar_relaxed_source_lp,140230494,127874931,1125.0,1000.0,-165.35979237983094,-186.9469746106631,21.587182230832155,1759.8380008129961,842525.0,True,True,0.00013348031248983094,0.8978962048603899,0,,,61383.18123667086,95931.48683598715,True,True,post_v181_one_drop_one_add_whole_loan_swap,post-v181 one-swap pricing only; not multi-swap or global proof,D,B,1,0,1,0,1,0,2018,2018,other,MN
v63_source_repair_return_guarded_repair,incumbent_cvar_relaxed_source_lp,140230494,127672145,1125.0,1000.0,-165.35979237983094,-196.20083323856994,30.841040858739007,1769.091859440903,842525.0,True,True,0.00013348031248983094,0.8990831132607341,0,,,61352.073821646176,95887.11651710188,True,True,post_v181_one_drop_one_add_whole_loan_swap,post-v181 one-swap pricing only; not multi-swap or global proof,D,C,1,1,1,0,1,2,2018,2018,other,other
v63_source_repair_return_guarded_repair,incumbent_cvar_relaxed_source_lp,140230494,127475725,1125.0,1000.0,-165.35979237983094,-211.8282137432861,46.46842136345518,1784.7192399456192,842525.0,True,True,0.00013348031248983094,0.8990831132607341,0,,,61326.181340681986,95855.01449884458,True,True,post_v181_one_drop_one_add_whole_loan_swap,post-v181 one-swap pricing only; not multi-swap or global proof,D,C,1,1,1,4,1,0,2018,2018,other,AZ
v63_source_repair_return_guarded_repair,incumbent_cvar_relaxed_source_lp,140230494,127582382,1125.0,1000.0,-165.35979237983094,-205.52183833714096,40.16204595731003,1778.412864539474,842525.0,True,True,0.00013348031248983094,0.8990831132607341,0,,,61268.19728650348,95776.68256459504,True,True,post_v181_one_drop_one_add_whole_loan_swap,post-v181 one-swap pricing only; not multi-swap or global proof,D,D,1,2,1,3,1,0,2018,2018,other,CA
v63_source_repair_return_guarded_repair,incumbent_cvar_relaxed_source_lp,140230494,126827839,1125.0,1000.0,-165.35979237983094,-175.77898463113021,10.419192251299279,1748.6700108334633,842525.0,True,True,0.00013348031248983094,0.8990831132607341,0,,,61249.97091790092,95745.32593618709,True,True,post_v181_one_drop_one_add_whole_loan_swap,post-v181 one-swap pricing only; not multi-swap or global proof,D,E,1,2,1,0,1,4,2018,2018,other,other
v63_source_repair_return_guarded_repair,incumbent_cvar_relaxed_source_lp,140230494,126820122,1125.0,1000.0,-165.35979237983094,-201.89545162414464,36.535659244313706,1774.7864778264775,842525.0,True,True,0.00013348031248983094,0.8990831132607341,0,,,61311.49178268426,95838.74600274315,True,True,post_v181_one_drop_one_add_whole_loan_swap,post-v181 one-swap pricing only; not multi-swap or global proof,D,C,1,1,1,0,1,1,2018,2018,other,other
v63_source_repair_return_guarded_repair,incumbent_cvar_relaxed_source_lp,140230494,126733849,1125.0,1000.0,-165.35979237983094,-186.9469746106631,21.587182230832155,1759.8380008129961,842525.0,True,True,0.00013348031248983094,0.8978962048603899,0,,,61383.18123667086,95931.48683598715,True,True,post_v181_one_drop_one_add_whole_loan_swap,post-v181 one-swap pricing only; not multi-swap or global proof,D,B,1,0,1,4,1,3,2018,2018,other,NJ
v63_source_repair_return_guarded_repair,incumbent_cvar_relaxed_source_lp,140230494,126652025,1125.0,1000.0,-165.35979237983094,-206.92821374328602,41.56842136345509,1779.819239945619,842525.0,True,True,0.00013348031248983094,0.8990831132607341,0,,,61326.181340681986,95855.01449884458,True,True,post_v181_one_drop_one_add_whole_loan_swap,post-v181 one-swap pricing only; not multi-swap or global proof,D,C,1,1,1,3,1,1,2018,2018,other,FL
v63_source_repair_return_guarded_repair,incumbent_cvar_relaxed_source_lp,140230494,126468092,1125.0,1000.0,-165.35979237983094,-169.50590883596908,4.146116456138145,1742.396935038302,842525.0,True,True,0.00013348031248983094,0.8978962048603899,0,,,61406.08545922825,95962.72023795985,True,True,post_v181_one_drop_one_add_whole_loan_swap,post-v181 one-swap pricing only; not multi-swap or global proof,D,B,1,0,1,1,1,2,2018,2018,other,other
v63_source_repair_return_guarded_repair,incumbent_cvar_relaxed_source_lp,140230494,126419064,1125.0,1000.0,-165.35979237983094,-198.85427993768698,33.49448755785605,1771.74530614002,842525.0,True,True,0.00013348031248983094,0.8990831132607341,0,,,61284.885259253904,95796.0775966825,True,True,post_v181_one_drop_one_add_whole_loan_swap,post-v181 one-swap pricing only; not multi-swap or global proof,D,D,1,2,1,4,1,1,2018,2018,other,other
v63_source_repair_return_guarded_repair,incumbent_cvar_relaxed_source_lp,140230494,168701788,1125.0,1000.0,-165.35979237983094,-178.5860397151734,13.226247335342464,1751.4770659175065,842525.0,True,True,0.00013348031248983094,0.8990831132607341,0,,,61303.760420938095,95805.77532269954,True,True,post_v181_one_drop_one_add_whole_loan_swap,post-v181 one-swap pricing only; not multi-swap or global proof,D,C,1,1,1,3,1,1,2018,2020,other,TX
v63_source_repair_return_guarded_repair,incumbent_cvar_relaxed_source_lp,140230494,169358871,1125.0,1000.0,-165.35979237983094,-177.86634212741987,12.506549747588934,1750.7573683297528,842525.0,True,True,0.00013348031248983094,0.8990831132607341,0,,,61313.53143827083,95793.35028765973,True,True,post_v181_one_drop_one_add_whole_loan_swap,post-v181 one-swap pricing only; not multi-swap or global proof,D,C,1,1,1,3,1,0,2018,2020,other,VA
v63_source_repair_return_guarded_repair,incumbent_cvar_relaxed_source_lp,140230494,139506195,1125.0,1000.0,-165.35979237983094,-177.67809625327766,12.318303873446723,1750.5691224556106,842525.0,True,True,0.00013348031248983094,0.8990831132607341,0,,,61287.69675821941,95739.56866253927,True,True,post_v181_one_drop_one_add_whole_loan_swap,post-v181 one-swap pricing only; not multi-swap or global proof,D,D,1,2,1,2,1,0,2018,2018,other,CA
v63_source_repair_return_guarded_repair,incumbent_cvar_relaxed_source_lp,140230494,156823754,1125.0,1000.0,-165.35979237983094,-183.46022770133698,18.10043532150604,1756.3512539036699,842525.0,True,True,0.00013348031248983094,0.8990831132607341,0,,,61285.298539120005,95718.66389915862,True,True,post_v181_one_drop_one_add_whole_loan_swap,post-v181 one-swap pricing only; not multi-swap or global proof,D,D,1,2,1,3,1,1,2018,2019,other,CA
v63_source_repair_return_guarded_repair,incumbent_cvar_relaxed_source_lp,140230494,156807668,1125.0,1000.0,-165.35979237983094,-175.85010442413147,10.490312044300538,1748.7411306264644,842525.0,True,True,0.00013348031248983094,0.8990831132607341,0,,,61312.732033478715,95746.94025953629,True,True,post_v181_one_drop_one_add_whole_loan_swap,post-v181 one-swap pricing only; not multi-swap or global proof,D,D,1,2,1,0,1,0,2018,2019,other,TX
v63_source_repair_return_guarded_repair,incumbent_cvar_relaxed_source_lp,140155571,127874931,1200.0,1000.0,-161.29557436875157,-186.9469746106631,25.651400241911517,1763.9022188240754,842600.0,True,True,0.00020940614277265013,0.8992404462378353,0,,,61305.3976405957,95816.85602943071,True,True,post_v181_one_drop_one_add_whole_loan_swap,post-v181 one-swap pricing only; not multi-swap or global proof,C,B,0,0,1,0,0,0,2018,2018,MN,MN
v63_source_repair_return_guarded_repair,incumbent_cvar_relaxed_source_lp,140155571,126733849,1200.0,1000.0,-161.29557436875157,-186.9469746106631,25.651400241911517,1763.9022188240754,842600.0,True,True,0.00020940614277265013,0.8992404462378353,0,,,61305.3976405957,95816.85602943071,True,True,post_v181_one_drop_one_add_whole_loan_swap,post-v181 one-swap pricing only; not multi-swap or global proof,C,B,0,0,1,4,0,3,2018,2018,MN,NJ
v63_source_repair_return_guarded_repair,incumbent_cvar_relaxed_source_lp,140155571,126483031,1200.0,1200.0,-161.29557436875157,-200.480236756332,39.18466238758043,1777.4354809697443,842400.0,True,True,6.907218559226713e-06,0.8992165242165242,0,,,61284.41321625617,95786.437078829,True,True,post_v181_one_drop_one_add_whole_loan_swap,post-v181 one-swap pricing only; not multi-swap or global proof,C,B,0,0,1,2,0,0,2018,2018,MN,FL
v63_source_repair_return_guarded_repair,incumbent_cvar_relaxed_source_lp,140155571,126468092,1200.0,1000.0,-161.29557436875157,-169.50590883596908,8.210334467217507,1746.4611530493814,842600.0,True,True,0.00020940614277265013,0.8992404462378353,0,,,61328.30186315309,95848.08943140341,True,True,post_v181_one_drop_one_add_whole_loan_swap,post-v181 one-swap pricing only; not multi-swap or global proof,C,B,0,0,1,1,0,2,2018,2018,MN,other
v63_source_repair_return_guarded_repair,incumbent_cvar_relaxed_source_lp,139799241,127011905,1500.0,1500.0,-273.92682835000414,-310.3923206149292,36.46549226492505,1774.716310847089,842400.0,True,True,6.907218559226713e-06,0.8992165242165242,0,,,61218.09992319033,95694.285947261,True,True,post_v181_one_drop_one_add_whole_loan_swap,post-v181 one-swap pricing only; not multi-swap or global proof,B,C,1,1,0,2,0,2,2018,2018,NY,other
v63_source_repair_return_guarded_repair,incumbent_cvar_relaxed_source_lp,139688120,127475725,1000.0,1000.0,-209.94643700835528,-211.8282137432861,1.8817767349308383,1740.1325953170947,842400.0,True,True,6.907218559226713e-06,0.8992165242165242,0,,,61361.28574252655,95853.36733661598,True,True,post_v181_one_drop_one_add_whole_loan_swap,post-v181 one-swap pricing only; not multi-swap or global proof,D,C,3,1,1,4,1,0,2018,2018,NC,AZ
v63_source_repair_return_guarded_repair,incumbent_cvar_relaxed_source_lp,139933225,127475725,1000.0,1000.0,-209.94643700835528,-211.8282137432861,1.8817767349308383,1740.1325953170947,842400.0,True,True,6.907218559226713e-06,0.8992165242165242,0,,,61361.28574252655,95853.36733661598,True,True,post_v181_one_drop_one_add_whole_loan_swap,post-v181 one-swap pricing only; not multi-swap or global proof,D,C,3,1,0,4,4,0,2018,2018,WA,AZ
v63_source_repair_return_guarded_repair,incumbent_cvar_relaxed_source_lp,140059131,127874931,1000.0,1000.0,-181.82638557373122,-186.9469746106631,5.120589036931875,1743.3714076190959,842400.0,True,True,6.907218559226713e-06,0.8980294396961064,0,,,61300.85930869903,95800.2087971037,True,True,post_v181_one_drop_one_add_whole_loan_swap,post-v181 one-swap pricing only; not multi-swap or global proof,C,B,1,0,1,0,0,0,2018,2018,CA,MN
v63_source_repair_return_guarded_repair,incumbent_cvar_relaxed_source_lp,140059131,127672145,1000.0,1000.0,-181.82638557373122,-196.20083323856994,14.374447664838726,1752.6252662470026,842400.0,True,True,6.907218559226713e-06,0.8992165242165242,0,,,61269.75189367434,95755.83847821843,True,True,post_v181_one_drop_one_add_whole_loan_swap,post-v181 one-swap pricing only; not multi-swap or global proof,C,C,1,1,1,0,0,2,2018,2018,CA,other
v63_source_repair_return_guarded_repair,incumbent_cvar_relaxed_source_lp,140059131,127475725,1000.0,1000.0,-181.82638557373122,-211.8282137432861,30.001828169554898,1768.2526467517189,842400.0,True,True,6.907218559226713e-06,0.8992165242165242,0,,,61243.85941271016,95723.7364599611,True,True,post_v181_one_drop_one_add_whole_loan_swap,post-v181 one-swap pricing only; not multi-swap or global proof,C,C,1,1,1,4,0,0,2018,2018,CA,AZ
v63_source_repair_return_guarded_repair,incumbent_cvar_relaxed_source_lp,140059131,127582382,1000.0,1000.0,-181.82638557373122,-205.52183833714096,23.695452763409747,1761.9462713455737,842400.0,True,True,6.907218559226713e-06,0.8992165242165242,0,,,61185.87535853165,95645.40452571161,True,True,post_v181_one_drop_one_add_whole_loan_swap,post-v181 one-swap pricing only; not multi-swap or global proof,C,D,1,2,1,3,0,0,2018,2018,CA,CA
v63_source_repair_return_guarded_repair,incumbent_cvar_relaxed_source_lp,140059131,126820122,1000.0,1000.0,-181.82638557373122,-201.89545162414464,20.069066050413426,1758.3198846325772,842400.0,True,True,6.907218559226713e-06,0.8992165242165242,0,,,61229.169854712425,95707.46796385969,True,True,post_v181_one_drop_one_add_whole_loan_swap,post-v181 one-swap pricing only; not multi-swap or global proof,C,C,1,1,1,0,0,1,2018,2018,CA,other
v63_source_repair_return_guarded_repair,incumbent_cvar_relaxed_source_lp,140059131,126733849,1000.0,1000.0,-181.82638557373122,-186.9469746106631,5.120589036931875,1743.3714076190959,842400.0,True,True,6.907218559226713e-06,0.8980294396961064,0,,,61300.85930869903,95800.2087971037,True,True,post_v181_one_drop_one_add_whole_loan_swap,post-v181 one-swap pricing only; not multi-swap or global proof,C,B,1,0,1,4,0,3,2018,2018,CA,NJ
v63_source_repair_return_guarded_repair,incumbent_cvar_relaxed_source_lp,140059131,126652025,1000.0,1000.0,-181.82638557373122,-206.92821374328602,25.101828169554807,1763.3526467517188,842400.0,True,True,6.907218559226713e-06,0.8992165242165242,0,,,61243.85941271016,95723.7364599611,True,True,post_v181_one_drop_one_add_whole_loan_swap,post-v181 one-swap pricing only; not multi-swap or global proof,C,C,1,1,1,3,0,1,2018,2018,CA,FL
v63_source_repair_return_guarded_repair,incumbent_cvar_relaxed_source_lp,140059131,126419064,1000.0,1000.0,-181.82638557373122,-198.85427993768698,17.027894363955767,1755.2787129461196,842400.0,True,True,6.907218559226713e-06,0.8992165242165242,0,,,61202.56333128206,95664.79955779904,True,True,post_v181_one_drop_one_add_whole_loan_swap,post-v181 one-swap pricing only; not multi-swap or global proof,C,D,1,2,1,4,0,1,2018,2018,CA,other
v63_source_repair_return_guarded_repair,incumbent_cvar_relaxed_source_lp,140059131,156823754,1000.0,1000.0,-181.82638557373122,-183.46022770133698,1.6338421276057602,1739.8846607097696,842400.0,True,True,6.907218559226713e-06,0.8992165242165242,0,,,61202.97661114818,95587.38586027516,True,True,post_v181_one_drop_one_add_whole_loan_swap,post-v181 one-swap pricing only; not multi-swap or global proof,C,D,1,2,1,3,0,1,2018,2019,CA,CA
v63_source_repair_return_guarded_repair,incumbent_cvar_relaxed_source_lp,139046920,127874931,1000.0,1000.0,-160.03511928627375,-186.9469746106631,26.911855324389336,1765.1626739065532,842400.0,True,True,6.907218559226713e-06,0.8992165242165242,0,,,61243.76999709202,95715.6378699656,True,True,post_v181_one_drop_one_add_whole_loan_swap,post-v181 one-swap pricing only; not multi-swap or global proof,B,B,0,0,0,0,0,0,2018,2018,other,MN
v63_source_repair_return_guarded_repair,incumbent_cvar_relaxed_source_lp,139046920,126733849,1000.0,1000.0,-160.03511928627375,-186.9469746106631,26.911855324389336,1765.1626739065532,842400.0,True,True,6.907218559226713e-06,0.8992165242165242,0,,,61243.76999709202,95715.6378699656,True,True,post_v181_one_drop_one_add_whole_loan_swap,post-v181 one-swap pricing only; not multi-swap or global proof,B,B,0,0,0,4,0,3,2018,2018,other,NJ
v63_source_repair_return_guarded_repair,incumbent_cvar_relaxed_source_lp,139046920,126468092,1000.0,1000.0,-160.03511928627375,-169.50590883596908,9.470789549695326,1747.7216081318593,842400.0,True,True,6.907218559226713e-06,0.8992165242165242,0,,,61266.674219649416,95746.87127193833,True,True,post_v181_one_drop_one_add_whole_loan_swap,post-v181 one-swap pricing only; not multi-swap or global proof,B,B,0,0,0,1,0,2,2018,2018,other,other
v63_source_repair_return_guarded_repair,incumbent_cvar_relaxed_source_lp,139851156,127011905,1500.0,1500.0,-293.38222814673486,-310.3923206149292,17.01009246819433,1755.2609110503581,842400.0,True,True,6.907218559226713e-06,0.8992165242165242,0,,,61491.886066343235,96116.84224984275,True,True,post_v181_one_drop_one_add_whole_loan_swap,post-v181 one-swap pricing only; not multi-swap or global proof,F,C,3,1,1,2,0,2,2018,2018,other,other
v63_source_repair_return_guarded_repair,incumbent_cvar_relaxed_source_lp,139684635,168803640,1500.0,1500.0,-18.158070116616003,-30.498264963412808,12.340194846796805,1750.5910134289607,842400.0,True,True,6.907218559226713e-06,0.8992165242165242,0,,,61235.74220454974,95655.5274784616,True,True,post_v181_one_drop_one_add_whole_loan_swap,post-v181 one-swap pricing only; not multi-swap or global proof,A,A,1,1,0,3,0,3,2018,2020,MA,IL
v63_source_repair_return_guarded_repair,incumbent_cvar_relaxed_source_lp,139712400,127475725,1000.0,1000.0,-208.39355932609263,-211.8282137432861,3.434654417193485,1741.6854729993574,842400.0,True,True,6.907218559226713e-06,0.8992165242165242,0,,,61285.93229036259,95767.19003431861,True,True,post_v181_one_drop_one_add_whole_loan_swap,post-v181 one-swap pricing only; not multi-swap or global proof,C,C,1,1,1,4,0,0,2018,2018,other,AZ
v63_source_repair_return_guarded_repair,incumbent_cvar_relaxed_source_lp,139635094,127011905,1500.0,1500.0,-304.05511026867555,-310.3923206149292,6.3372103462536415,1744.5880289284175,842400.0,True,True,6.907218559226713e-06,0.8992165242165242,0,,,61356.172989600134,95901.58540811509,True,True,post_v181_one_drop_one_add_whole_loan_swap,post-v181 one-swap pricing only; not multi-swap or global proof,D,C,2,1,3,2,1,2,2018,2018,NY,other
v63_source_repair_return_guarded_repair,incumbent_cvar_relaxed_source_lp,139529807,127475725,1000.0,1000.0,-202.7034068457836,-211.8282137432861,9.12480689750251,1747.3756254796665,842400.0,True,True,6.907218559226713e-06,0.8992165242165242,0,,,61329.119448282756,95837.53078565345,True,True,post_v181_one_drop_one_add_whole_loan_swap,post-v181 one-swap pricing only; not multi-swap or global proof,D,C,2,1,3,4,1,0,2018,2018,NC,AZ
v63_source_repair_return_guarded_repair,incumbent_cvar_relaxed_source_lp,139529807,127582382,1000.0,1000.0,-202.7034068457836,-205.52183833714096,2.8184314913573587,1741.0692500735213,842400.0,True,True,6.907218559226713e-06,0.8992165242165242,0,,,61271.13539410425,95759.19885140393,True,True,post_v181_one_drop_one_add_whole_loan_swap,post-v181 one-swap pricing only; not multi-swap or global proof,D,D,2,2,3,3,1,0,2018,2018,NC,CA
v63_source_repair_return_guarded_repair,incumbent_cvar_relaxed_source_lp,139529807,126652025,1000.0,1000.0,-202.7034068457836,-206.92821374328602,4.224806897502418,1742.4756254796664,842400.0,True,True,6.907218559226713e-06,0.8992165242165242,0,,,61329.119448282756,95837.53078565345,True,True,post_v181_one_drop_one_add_whole_loan_swap,post-v181 one-swap pricing only; not multi-swap or global proof,D,C,2,1,3,3,1,1,2018,2018,NC,FL
v63_source_repair_return_guarded_repair,incumbent_cvar_relaxed_source_lp,139458494,127672145,1000.0,1000.0,-192.59392710453298,-196.20083323856994,3.6069061340369615,1741.857724716201,842400.0,True,True,6.907218559226713e-06,0.8992165242165242,0,,,61354.56263615805,95855.44072443548,True,True,post_v181_one_drop_one_add_whole_loan_swap,post-v181 one-swap pricing only; not multi-swap or global proof,D,C,2,1,4,0,1,2,2018,2018,WA,other
v63_source_repair_return_guarded_repair,incumbent_cvar_relaxed_source_lp,139458494,127475725,1000.0,1000.0,-192.59392710453298,-211.8282137432861,19.234286638753133,1757.485105220917,842400.0,True,True,6.907218559226713e-06,0.8992165242165242,0,,,61328.670155193875,95823.3387061782,True,True,post_v181_one_drop_one_add_whole_loan_swap,post-v181 one-swap pricing only; not multi-swap or global proof,D,C,2,1,4,4,1,0,2018,2018,WA,AZ
v63_source_repair_return_guarded_repair,incumbent_cvar_relaxed_source_lp,139458494,127582382,1000.0,1000.0,-192.59392710453298,-205.52183833714096,12.927911232607983,1751.178729814772,842400.0,True,True,6.907218559226713e-06,0.8992165242165242,0,,,61270.68610101536,95745.00677192866,True,True,post_v181_one_drop_one_add_whole_loan_swap,post-v181 one-swap pricing only; not multi-swap or global proof,D,D,2,2,4,3,1,0,2018,2018,WA,CA
v63_source_repair_return_guarded_repair,incumbent_cvar_relaxed_source_lp,139458494,126820122,1000.0,1000.0,-192.59392710453298,-201.89545162414464,9.301524519611661,1747.5523431017755,842400.0,True,True,6.907218559226713e-06,0.8992165242165242,0,,,61313.98059719613,95807.07021007678,True,True,post_v181_one_drop_one_add_whole_loan_swap,post-v181 one-swap pricing only; not multi-swap or global proof,D,C,2,1,4,0,1,1,2018,2018,WA,other
v63_source_repair_return_guarded_repair,incumbent_cvar_relaxed_source_lp,139458494,126652025,1000.0,1000.0,-192.59392710453298,-206.92821374328602,14.334286638753042,1752.5851052209168,842400.0,True,True,6.907218559226713e-06,0.8992165242165242,0,,,61328.670155193875,95823.3387061782,True,True,post_v181_one_drop_one_add_whole_loan_swap,post-v181 one-swap pricing only; not multi-swap or global proof,D,C,2,1,4,3,1,1,2018,2018,WA,FL
v63_source_repair_return_guarded_repair,incumbent_cvar_relaxed_source_lp,139458494,126419064,1000.0,1000.0,-192.59392710453298,-198.85427993768698,6.260352833154002,1744.511171415318,842400.0,True,True,6.907218559226713e-06,0.8992165242165242,0,,,61287.374073765764,95764.40180401613,True,True,post_v181_one_drop_one_add_whole_loan_swap,post-v181 one-swap pricing only; not multi-swap or global proof,D,D,2,2,4,4,1,1,2018,2018,WA,other
v63_source_repair_return_guarded_repair,incumbent_cvar_relaxed_source_lp,139411752,126760355,1500.0,1500.0,-240.55468343692485,-250.40002765814089,9.845344221216038,1748.09616280338,842400.0,True,True,6.907218559226713e-06,0.8992165242165242,0,,,61289.553129032574,95782.55996285495,True,True,post_v181_one_drop_one_add_whole_loan_swap,post-v181 one-swap pricing only; not multi-swap or global proof,B,B,0,0,0,1,2,0,2018,2018,NY,IL
v63_source_repair_return_guarded_repair,incumbent_cvar_relaxed_source_lp,139411752,126430923,1500.0,1500.0,-240.55468343692485,-243.25029594541493,2.695612508490086,1740.946431090654,842400.0,True,True,6.907218559226713e-06,0.8992165242165242,0,,,61289.34782050896,95782.27155675499,True,True,post_v181_one_drop_one_add_whole_loan_swap,post-v181 one-swap pricing only; not multi-swap or global proof,B,B,0,0,0,3,2,0,2018,2018,NY,other
v63_source_repair_return_guarded_repair,incumbent_cvar_relaxed_source_lp,139328149,127475725,1000.0,1000.0,-203.78533000932222,-211.8282137432861,8.04288373396389,1746.2937023161278,842400.0,True,True,6.907218559226713e-06,0.8992165242165242,0,,,61292.63416596109,95760.37209383893,True,True,post_v181_one_drop_one_add_whole_loan_swap,post-v181 one-swap pricing only; not multi-swap or global proof,C,C,1,1,2,4,0,0,2018,2018,CA,AZ
v63_source_repair_return_guarded_repair,incumbent_cvar_relaxed_source_lp,139328149,127582382,1000.0,1000.0,-203.78533000932222,-205.52183833714096,1.7365083278187399,1739.9873269099826,842400.0,True,True,6.907218559226713e-06,0.8992165242165242,0,,,61234.65011178258,95682.04015958939,True,True,post_v181_one_drop_one_add_whole_loan_swap,post-v181 one-swap pricing only; not multi-swap or global proof,C,D,1,2,2,3,0,0,2018,2018,CA,CA
v63_source_repair_return_guarded_repair,incumbent_cvar_relaxed_source_lp,139328149,126652025,1000.0,1000.0,-203.78533000932222,-206.92821374328602,3.1428837339637994,1741.3937023161277,842400.0,True,True,6.907218559226713e-06,0.8992165242165242,0,,,61292.63416596109,95760.37209383893,True,True,post_v181_one_drop_one_add_whole_loan_swap,post-v181 one-swap pricing only; not multi-swap or global proof,C,C,1,1,2,3,0,1,2018,2018,CA,FL
v63_source_repair_return_guarded_repair,incumbent_cvar_relaxed_source_lp,139039993,127672145,1000.0,1000.0,-194.3840274399123,-196.20083323856994,1.81680579865764,1740.0676243808216,842400.0,True,True,6.907218559226713e-06,0.8992165242165242,0,,,61282.56071782995,95757.44124379252,True,True,post_v181_one_drop_one_add_whole_loan_swap,post-v181 one-swap pricing only; not multi-swap or global proof,C,C,1,1,2,0,0,2,2018,2018,CO,other
v63_source_repair_return_guarded_repair,incumbent_cvar_relaxed_source_lp,139039993,127475725,1000.0,1000.0,-194.3840274399123,-211.8282137432861,17.44418630337381,1755.6950048855376,842400.0,True,True,6.907218559226713e-06,0.8992165242165242,0,,,61256.668236865764,95725.33922553522,True,True,post_v181_one_drop_one_add_whole_loan_swap,post-v181 one-swap pricing only; not multi-swap or global proof,C,C,1,1,2,4,0,0,2018,2018,CO,AZ
v63_source_repair_return_guarded_repair,incumbent_cvar_relaxed_source_lp,139039993,127582382,1000.0,1000.0,-194.3840274399123,-205.52183833714096,11.137810897228661,1749.3886294793926,842400.0,True,True,6.907218559226713e-06,0.8992165242165242,0,,,61198.684182687255,95647.00729128571,True,True,post_v181_one_drop_one_add_whole_loan_swap,post-v181 one-swap pricing only; not multi-swap or global proof,C,D,1,2,2,3,0,0,2018,2018,CO,CA
v63_source_repair_return_guarded_repair,incumbent_cvar_relaxed_source_lp,139039993,126820122,1000.0,1000.0,-194.3840274399123,-201.89545162414464,7.5114241842323395,1745.7622427663962,842400.0,True,True,6.907218559226713e-06,0.8992165242165242,0,,,61241.978678868036,95709.0707294338,True,True,post_v181_one_drop_one_add_whole_loan_swap,post-v181 one-swap pricing only; not multi-swap or global proof,C,C,1,1,2,0,0,1,2018,2018,CO,other
v63_source_repair_return_guarded_repair,incumbent_cvar_relaxed_source_lp,139039993,126652025,1000.0,1000.0,-194.3840274399123,-206.92821374328602,12.54418630337372,1750.7950048855375,842400.0,True,True,6.907218559226713e-06,0.8992165242165242,0,,,61256.668236865764,95725.33922553522,True,True,post_v181_one_drop_one_add_whole_loan_swap,post-v181 one-swap pricing only; not multi-swap or global proof,C,C,1,1,2,3,0,1,2018,2018,CO,FL
v63_source_repair_return_guarded_repair,incumbent_cvar_relaxed_source_lp,139039993,126419064,1000.0,1000.0,-194.3840274399123,-198.85427993768698,4.4702524977746805,1742.7210710799386,842400.0,True,True,6.907218559226713e-06,0.8992165242165242,0,,,61215.37215543767,95666.40232337316,True,True,post_v181_one_drop_one_add_whole_loan_swap,post-v181 one-swap pricing only; not multi-swap or global proof,C,D,1,2,2,4,0,1,2018,2018,CO,other
v63_source_repair_return_guarded_repair,incumbent_cvar_relaxed_source_lp,138631135,127874931,1000.0,1000.0,-168.68250574568688,-186.9469746106631,18.26446886497621,1756.51528744714,842400.0,True,True,6.907218559226713e-06,0.8980294396961064,0,,,61405.78464501457,95941.43523823284,True,True,post_v181_one_drop_one_add_whole_loan_swap,post-v181 one-swap pricing only; not multi-swap or global proof,E,B,2,0,3,0,0,0,2018,2018,TX,MN
v63_source_repair_return_guarded_repair,incumbent_cvar_relaxed_source_lp,138631135,127672145,1000.0,1000.0,-168.68250574568688,-196.20083323856994,27.51832749288306,1765.769146075047,842400.0,True,True,6.907218559226713e-06,0.8992165242165242,0,,,61374.67722998989,95897.06491934754,True,True,post_v181_one_drop_one_add_whole_loan_swap,post-v181 one-swap pricing only; not multi-swap or global proof,E,C,2,1,3,0,0,2,2018,2018,TX,other
v63_source_repair_return_guarded_repair,incumbent_cvar_relaxed_source_lp,138631135,127475725,1000.0,1000.0,-168.68250574568688,-211.8282137432861,43.14570799759923,1781.396526579763,842400.0,True,True,6.907218559226713e-06,0.8992165242165242,0,,,61348.7847490257,95864.96290109026,True,True,post_v181_one_drop_one_add_whole_loan_swap,post-v181 one-swap pricing only; not multi-swap or global proof,E,C,2,1,3,4,0,0,2018,2018,TX,AZ
v63_source_repair_return_guarded_repair,incumbent_cvar_relaxed_source_lp,138631135,127582382,1000.0,1000.0,-168.68250574568688,-205.52183833714096,36.83933259145408,1775.0901511736179,842400.0,True,True,6.907218559226713e-06,0.8992165242165242,0,,,61290.80069484719,95786.63096684075,True,True,post_v181_one_drop_one_add_whole_loan_swap,post-v181 one-swap pricing only; not multi-swap or global proof,E,D,2,2,3,3,0,0,2018,2018,TX,CA
v63_source_repair_return_guarded_repair,incumbent_cvar_relaxed_source_lp,138631135,126827839,1000.0,1000.0,-168.68250574568688,-175.77898463113021,7.096478885443332,1745.3472974676072,842400.0,True,True,6.907218559226713e-06,0.8992165242165242,0,,,61272.57432624463,95755.27433843279,True,True,post_v181_one_drop_one_add_whole_loan_swap,post-v181 one-swap pricing only; not multi-swap or global proof,E,E,2,2,3,0,0,4,2018,2018,TX,other
v63_source_repair_return_guarded_repair,incumbent_cvar_relaxed_source_lp,138631135,126820122,1000.0,1000.0,-168.68250574568688,-201.89545162414464,33.21294587845776,1771.4637644606216,842400.0,True,True,6.907218559226713e-06,0.8992165242165242,0,,,61334.09519102797,95848.69440498884,True,True,post_v181_one_drop_one_add_whole_loan_swap,post-v181 one-swap pricing only; not multi-swap or global proof,E,C,2,1,3,0,0,1,2018,2018,TX,other
v63_source_repair_return_guarded_repair,incumbent_cvar_relaxed_source_lp,138631135,126733849,1000.0,1000.0,-168.68250574568688,-186.9469746106631,18.26446886497621,1756.51528744714,842400.0,True,True,6.907218559226713e-06,0.8980294396961064,0,,,61405.78464501457,95941.43523823284,True,True,post_v181_one_drop_one_add_whole_loan_swap,post-v181 one-swap pricing only; not multi-swap or global proof,E,B,2,0,3,4,0,3,2018,2018,TX,NJ
v63_source_repair_return_guarded_repair,incumbent_cvar_relaxed_source_lp,138631135,126652025,1000.0,1000.0,-168.68250574568688,-206.92821374328602,38.24570799759914,1776.496526579763,842400.0,True,True,6.907218559226713e-06,0.8992165242165242,0,,,61348.7847490257,95864.96290109026,True,True,post_v181_one_drop_one_add_whole_loan_swap,post-v181 one-swap pricing only; not multi-swap or global proof,E,C,2,1,3,3,0,1,2018,2018,TX,FL
v63_source_repair_return_guarded_repair,incumbent_cvar_relaxed_source_lp,138631135,126468092,1000.0,1000.0,-168.68250574568688,-169.50590883596908,0.8234030902821985,1739.0742216724461,842400.0,True,True,6.907218559226713e-06,0.8980294396961064,0,,,61428.68886757196,95972.66864020553,True,True,post_v181_one_drop_one_add_whole_loan_swap,post-v181 one-swap pricing only; not multi-swap or global proof,E,B,2,0,3,1,0,2,2018,2018,TX,other
v63_source_repair_return_guarded_repair,incumbent_cvar_relaxed_source_lp,138631135,126419064,1000.0,1000.0,-168.68250574568688,-198.85427993768698,30.1717741920001,1768.422592774164,842400.0,True,True,6.907218559226713e-06,0.8992165242165242,0,,,61307.4886675976,95806.0259989282,True,True,post_v181_one_drop_one_add_whole_loan_swap,post-v181 one-swap pricing only; not multi-swap or global proof,E,D,2,2,3,4,0,1,2018,2018,TX,other
v63_source_repair_return_guarded_repair,incumbent_cvar_relaxed_source_lp,138631135,168701788,1000.0,1000.0,-168.68250574568688,-178.5860397151734,9.903533969486517,1748.1543525516504,842400.0,True,True,6.907218559226713e-06,0.8992165242165242,0,,,61326.36382928179,95815.72372494524,True,True,post_v181_one_drop_one_add_whole_loan_swap,post-v181 one-swap pricing only; not multi-swap or global proof,E,C,2,1,3,3,0,1,2018,2020,TX,TX
v63_source_repair_return_guarded_repair,incumbent_cvar_relaxed_source_lp,138631135,169358871,1000.0,1000.0,-168.68250574568688,-177.86634212741987,9.183836381732988,1747.434654963897,842400.0,True,True,6.907218559226713e-06,0.8992165242165242,0,,,61336.13484661454,95803.29868990541,True,True,post_v181_one_drop_one_add_whole_loan_swap,post-v181 one-swap pricing only; not multi-swap or global proof,E,C,2,1,3,3,0,0,2018,2020,TX,VA
v63_source_repair_return_guarded_repair,incumbent_cvar_relaxed_source_lp,138631135,139506195,1000.0,1000.0,-168.68250574568688,-177.67809625327766,8.995590507590776,1747.2464090897547,842400.0,True,True,6.907218559226713e-06,0.8992165242165242,0,,,61310.30016656312,95749.51706478496,True,True,post_v181_one_drop_one_add_whole_loan_swap,post-v181 one-swap pricing only; not multi-swap or global proof,E,D,2,2,3,2,0,0,2018,2018,TX,CA
v63_source_repair_return_guarded_repair,incumbent_cvar_relaxed_source_lp,138631135,156823754,1000.0,1000.0,-168.68250574568688,-183.46022770133698,14.777721955650094,1753.028540537814,842400.0,True,True,6.907218559226713e-06,0.8992165242165242,0,,,61307.90194746373,95728.6123014043,True,True,post_v181_one_drop_one_add_whole_loan_swap,post-v181 one-swap pricing only; not multi-swap or global proof,E,D,2,2,3,3,0,1,2018,2019,TX,CA
v63_source_repair_return_guarded_repair,incumbent_cvar_relaxed_source_lp,138631135,156807668,1000.0,1000.0,-168.68250574568688,-175.85010442413147,7.167598678444591,1745.4184172606085,842400.0,True,True,6.907218559226713e-06,0.8992165242165242,0,,,61335.33544182242,95756.88866178197,True,True,post_v181_one_drop_one_add_whole_loan_swap,post-v181 one-swap pricing only; not multi-swap or global proof,E,D,2,2,3,0,0,0,2018,2019,TX,TX
v63_source_repair_return_guarded_repair,incumbent_cvar_relaxed_source_lp,138929757,127874931,1000.0,1000.0,-173.65518401987842,-186.9469746106631,13.291790590784672,1751.5426091729487,842400.0,True,True,6.907218559226713e-06,0.8992165242165242,0,,,61284.856031673844,95755.40169570908,True,True,post_v181_one_drop_one_add_whole_loan_swap,post-v181 one-swap pricing only; not multi-swap or global proof,B,B,0,0,4,0,0,0,2018,2018,CO,MN
v63_source_repair_return_guarded_repair,incumbent_cvar_relaxed_source_lp,138929757,126733849,1000.0,1000.0,-173.65518401987842,-186.9469746106631,13.291790590784672,1751.5426091729487,842400.0,True,True,6.907218559226713e-06,0.8992165242165242,0,,,61284.856031673844,95755.40169570908,True,True,post_v181_one_drop_one_add_whole_loan_swap,post-v181 one-swap pricing only; not multi-swap or global proof,B,B,0,0,4,4,0,3,2018,2018,CO,NJ
v63_source_repair_return_guarded_repair,incumbent_cvar_relaxed_source_lp,138754571,127874931,1000.0,1000.0,-180.60322385083467,-186.9469746106631,6.343750759828424,1744.5945693419924,842400.0,True,True,6.907218559226713e-06,0.8980294396961064,0,,,61353.58433242155,95863.79575401709,True,True,post_v181_one_drop_one_add_whole_loan_swap,post-v181 one-swap pricing only; not multi-swap or global proof,D,B,1,0,1,0,0,0,2018,2018,CA,MN
v63_source_repair_return_guarded_repair,incumbent_cvar_relaxed_source_lp,138754571,127672145,1000.0,1000.0,-180.60322385083467,-196.20083323856994,15.597609387735275,1753.8484279698991,842400.0,True,True,6.907218559226713e-06,0.8992165242165242,0,,,61322.47691739685,95819.42543513185,True,True,post_v181_one_drop_one_add_whole_loan_swap,post-v181 one-swap pricing only; not multi-swap or global proof,D,C,1,1,1,0,0,2,2018,2018,CA,other
v63_source_repair_return_guarded_repair,incumbent_cvar_relaxed_source_lp,138754571,127475725,1000.0,1000.0,-180.60322385083467,-211.8282137432861,31.224989892451447,1769.4758084746154,842400.0,True,True,6.907218559226713e-06,0.8992165242165242,0,,,61296.58443643268,95787.32341687454,True,True,post_v181_one_drop_one_add_whole_loan_swap,post-v181 one-swap pricing only; not multi-swap or global proof,D,C,1,1,1,4,0,0,2018,2018,CA,AZ
v63_source_repair_return_guarded_repair,incumbent_cvar_relaxed_source_lp,138754571,127582382,1000.0,1000.0,-180.60322385083467,-205.52183833714096,24.918614486306296,1763.1694330684702,842400.0,True,True,6.907218559226713e-06,0.8992165242165242,0,,,61238.60038225417,95708.99148262502,True,True,post_v181_one_drop_one_add_whole_loan_swap,post-v181 one-swap pricing only; not multi-swap or global proof,D,D,1,2,1,3,0,0,2018,2018,CA,CA
v63_source_repair_return_guarded_repair,incumbent_cvar_relaxed_source_lp,138754571,126820122,1000.0,1000.0,-180.60322385083467,-201.89545162414464,21.292227773309975,1759.543046355474,842400.0,True,True,6.907218559226713e-06,0.8992165242165242,0,,,61281.89487843495,95771.05492077311,True,True,post_v181_one_drop_one_add_whole_loan_swap,post-v181 one-swap pricing only; not multi-swap or global proof,D,C,1,1,1,0,0,1,2018,2018,CA,other
v63_source_repair_return_guarded_repair,incumbent_cvar_relaxed_source_lp,138754571,126733849,1000.0,1000.0,-180.60322385083467,-186.9469746106631,6.343750759828424,1744.5945693419924,842400.0,True,True,6.907218559226713e-06,0.8980294396961064,0,,,61353.58433242155,95863.79575401709,True,True,post_v181_one_drop_one_add_whole_loan_swap,post-v181 one-swap pricing only; not multi-swap or global proof,D,B,1,0,1,4,0,3,2018,2018,CA,NJ
v63_source_repair_return_guarded_repair,incumbent_cvar_relaxed_source_lp,138754571,126652025,1000.0,1000.0,-180.60322385083467,-206.92821374328602,26.324989892451356,1764.5758084746153,842400.0,True,True,6.907218559226713e-06,0.8992165242165242,0,,,61296.58443643268,95787.32341687454,True,True,post_v181_one_drop_one_add_whole_loan_swap,post-v181 one-swap pricing only; not multi-swap or global proof,D,C,1,1,1,3,0,1,2018,2018,CA,FL
v63_source_repair_return_guarded_repair,incumbent_cvar_relaxed_source_lp,138754571,126419064,1000.0,1000.0,-180.60322385083467,-198.85427993768698,18.251056086852316,1756.5018746690162,842400.0,True,True,6.907218559226713e-06,0.8992165242165242,0,,,61255.28835500458,95728.38651471246,True,True,post_v181_one_drop_one_add_whole_loan_swap,post-v181 one-swap pricing only; not multi-swap or global proof,D,D,1,2,1,4,0,1,2018,2018,CA,other
v63_source_repair_return_guarded_repair,incumbent_cvar_relaxed_source_lp,138754571,156823754,1000.0,1000.0,-180.60322385083467,-183.46022770133698,2.857003850502309,1741.1078224326661,842400.0,True,True,6.907218559226713e-06,0.8992165242165242,0,,,61255.7016348707,95650.97281718858,True,True,post_v181_one_drop_one_add_whole_loan_swap,post-v181 one-swap pricing only; not multi-swap or global proof,D,D,1,2,1,3,0,1,2018,2019,CA,CA
v63_source_repair_return_guarded_repair,incumbent_cvar_relaxed_source_lp,138239745,127874931,1000.0,1000.0,-166.10731042945866,-186.9469746106631,20.839664181204427,1759.0904827633683,842400.0,True,True,6.907218559226713e-06,0.8980294396961064,0,,,61284.786456705086,95763.67201181767,True,True,post_v181_one_drop_one_add_whole_loan_swap,post-v181 one-swap pricing only; not multi-swap or global proof,C,B,1,0,4,0,2,0,2018,2018,MI,MN
v63_source_repair_return_guarded_repair,incumbent_cvar_relaxed_source_lp,138239745,127672145,1000.0,1000.0,-166.10731042945866,-196.20083323856994,30.093522809111278,1768.344341391275,842400.0,True,True,6.907218559226713e-06,0.8992165242165242,0,,,61253.67904168039,95719.30169293244,True,True,post_v181_one_drop_one_add_whole_loan_swap,post-v181 one-swap pricing only; not multi-swap or global proof,C,C,1,1,4,0,2,2,2018,2018,MI,other
v63_source_repair_return_guarded_repair,incumbent_cvar_relaxed_source_lp,138239745,127475725,1000.0,1000.0,-166.10731042945866,-211.8282137432861,45.72090331382745,1783.9717218959913,842400.0,True,True,6.907218559226713e-06,0.8992165242165242,0,,,61227.78656071621,95687.19967467514,True,True,post_v181_one_drop_one_add_whole_loan_swap,post-v181 one-swap pricing only; not multi-swap or global proof,C,C,1,1,4,4,2,0,2018,2018,MI,AZ
v63_source_repair_return_guarded_repair,incumbent_cvar_relaxed_source_lp,138239745,127582382,1000.0,1000.0,-166.10731042945866,-205.52183833714096,39.4145279076823,1777.6653464898461,842400.0,True,True,6.907218559226713e-06,0.8992165242165242,0,,,61169.80250653771,95608.8677404256,True,True,post_v181_one_drop_one_add_whole_loan_swap,post-v181 one-swap pricing only; not multi-swap or global proof,C,D,1,2,4,3,2,0,2018,2018,MI,CA
v63_source_repair_return_guarded_repair,incumbent_cvar_relaxed_source_lp,138239745,126827839,1000.0,1000.0,-166.10731042945866,-175.77898463113021,9.67167420167155,1747.9224927838354,842400.0,True,True,6.907218559226713e-06,0.8992165242165242,0,,,61151.576137935146,95577.51111201764,True,True,post_v181_one_drop_one_add_whole_loan_swap,post-v181 one-swap pricing only; not multi-swap or global proof,C,E,1,2,4,0,2,4,2018,2018,MI,other
v63_source_repair_return_guarded_repair,incumbent_cvar_relaxed_source_lp,138239745,126820122,1000.0,1000.0,-166.10731042945866,-201.89545162414464,35.78814119468598,1774.0389597768499,842400.0,True,True,6.907218559226713e-06,0.8992165242165242,0,,,61213.09700271848,95670.93117857372,True,True,post_v181_one_drop_one_add_whole_loan_swap,post-v181 one-swap pricing only; not multi-swap or global proof,C,C,1,1,4,0,2,1,2018,2018,MI,other
v63_source_repair_return_guarded_repair,incumbent_cvar_relaxed_source_lp,138239745,126733849,1000.0,1000.0,-166.10731042945866,-186.9469746106631,20.839664181204427,1759.0904827633683,842400.0,True,True,6.907218559226713e-06,0.8980294396961064,0,,,61284.786456705086,95763.67201181767,True,True,post_v181_one_drop_one_add_whole_loan_swap,post-v181 one-swap pricing only; not multi-swap or global proof,C,B,1,0,4,4,2,3,2018,2018,MI,NJ
v63_source_repair_return_guarded_repair,incumbent_cvar_relaxed_source_lp,138239745,126652025,1000.0,1000.0,-166.10731042945866,-206.92821374328602,40.82090331382736,1779.0717218959912,842400.0,True,True,6.907218559226713e-06,0.8992165242165242,0,,,61227.78656071621,95687.19967467514,True,True,post_v181_one_drop_one_add_whole_loan_swap,post-v181 one-swap pricing only; not multi-swap or global proof,C,C,1,1,4,3,2,1,2018,2018,MI,FL
v63_source_repair_return_guarded_repair,incumbent_cvar_relaxed_source_lp,138239745,126468092,1000.0,1000.0,-166.10731042945866,-169.50590883596908,3.3985984065104162,1741.6494169886744,842400.0,True,True,6.907218559226713e-06,0.8980294396961064,0,,,61307.69067926248,95794.9054137904,True,True,post_v181_one_drop_one_add_whole_loan_swap,post-v181 one-swap pricing only; not multi-swap or global proof,C,B,1,0,4,1,2,2,2018,2018,MI,other
v63_source_repair_return_guarded_repair,incumbent_cvar_relaxed_source_lp,138239745,126419064,1000.0,1000.0,-166.10731042945866,-198.85427993768698,32.74696950822832,1770.9977880903923,842400.0,True,True,6.907218559226713e-06,0.8992165242165242,0,,,61186.49047928812,95628.26277251306,True,True,post_v181_one_drop_one_add_whole_loan_swap,post-v181 one-swap pricing only; not multi-swap or global proof,C,D,1,2,4,4,2,1,2018,2018,MI,other
v63_source_repair_return_guarded_repair,incumbent_cvar_relaxed_source_lp,138239745,168701788,1000.0,1000.0,-166.10731042945866,-178.5860397151734,12.478729285714735,1750.7295478678786,842400.0,True,True,6.907218559226713e-06,0.8992165242165242,0,,,61205.36564097232,95637.96049853011,True,True,post_v181_one_drop_one_add_whole_loan_swap,post-v181 one-swap pricing only; not multi-swap or global proof,C,C,1,1,4,3,2,1,2018,2020,MI,TX
v63_source_repair_return_guarded_repair,incumbent_cvar_relaxed_source_lp,138239745,169358871,1000.0,1000.0,-166.10731042945866,-177.86634212741987,11.759031697961206,1750.0098502801252,842400.0,True,True,6.907218559226713e-06,0.8992165242165242,0,,,61215.13665830504,95625.53546349028,True,True,post_v181_one_drop_one_add_whole_loan_swap,post-v181 one-swap pricing only; not multi-swap or global proof,C,C,1,1,4,3,2,0,2018,2020,MI,VA
v63_source_repair_return_guarded_repair,incumbent_cvar_relaxed_source_lp,138239745,139506195,1000.0,1000.0,-166.10731042945866,-177.67809625327766,11.570785823818994,1749.821604405983,842400.0,True,True,6.907218559226713e-06,0.8992165242165242,0,,,61189.30197825364,95571.75383836983,True,True,post_v181_one_drop_one_add_whole_loan_swap,post-v181 one-swap pricing only; not multi-swap or global proof,C,D,1,2,4,2,2,0,2018,2018,MI,CA
v63_source_repair_return_guarded_repair,incumbent_cvar_relaxed_source_lp,138239745,156823754,1000.0,1000.0,-166.10731042945866,-183.46022770133698,17.35291727187831,1755.6037358540423,842400.0,True,True,6.907218559226713e-06,0.8992165242165242,0,,,61186.90375915424,95550.84907498918,True,True,post_v181_one_drop_one_add_whole_loan_swap,post-v181 one-swap pricing only; not multi-swap or global proof,C,D,1,2,4,3,2,1,2018,2019,MI,CA
v63_source_repair_return_guarded_repair,incumbent_cvar_relaxed_source_lp,138239745,156807668,1000.0,1000.0,-166.10731042945866,-175.85010442413147,9.742793994672809,1747.9936125768368,842400.0,True,True,6.907218559226713e-06,0.8992165242165242,0,,,61214.33725351294,95579.12543536686,True,True,post_v181_one_drop_one_add_whole_loan_swap,post-v181 one-swap pricing only; not multi-swap or global proof,C,D,1,2,4,0,2,0,2018,2019,MI,TX
v63_source_repair_return_guarded_repair,incumbent_cvar_relaxed_source_lp,136969540,127475725,1000.0,1000.0,-203.78533000932222,-211.8282137432861,8.04288373396389,1746.2937023161278,842400.0,True,True,6.907218559226713e-06,0.8992165242165242,0,,,61292.63416596109,95760.37209383893,True,True,post_v181_one_drop_one_add_whole_loan_swap,post-v181 one-swap pricing only; not multi-swap or global proof,C,C,1,1,1,4,3,0,2018,2018,other,AZ
v63_source_repair_return_guarded_repair,incumbent_cvar_relaxed_source_lp,136969540,127582382,1000.0,1000.0,-203.78533000932222,-205.52183833714096,1.7365083278187399,1739.9873269099826,842400.0,True,True,6.907218559226713e-06,0.8992165242165242,0,,,61234.65011178258,95682.04015958939,True,True,post_v181_one_drop_one_add_whole_loan_swap,post-v181 one-swap pricing only; not multi-swap or global proof,C,D,1,2,1,3,3,0,2018,2018,other,CA
v63_source_repair_return_guarded_repair,incumbent_cvar_relaxed_source_lp,136969540,126652025,1000.0,1000.0,-203.78533000932222,-206.92821374328602,3.1428837339637994,1741.3937023161277,842400.0,True,True,6.907218559226713e-06,0.8992165242165242,0,,,61292.63416596109,95760.37209383893,True,True,post_v181_one_drop_one_add_whole_loan_swap,post-v181 one-swap pricing only; not multi-swap or global proof,C,C,1,1,1,3,3,1,2018,2018,other,FL
v63_source_repair_return_guarded_repair,incumbent_cvar_relaxed_source_lp,137994575,127874931,1000.0,1000.0,-167.81258224857336,-186.9469746106631,19.134392362089727,1757.3852109442537,842400.0,True,True,6.907218559226713e-06,0.8992165242165242,0,,,61261.764699996405,95726.40270285125,True,True,post_v181_one_drop_one_add_whole_loan_swap,post-v181 one-swap pricing only; not multi-swap or global proof,B,B,0,0,2,0,0,0,2018,2018,NC,MN
v63_source_repair_return_guarded_repair,incumbent_cvar_relaxed_source_lp,137994575,126733849,1000.0,1000.0,-167.81258224857336,-186.9469746106631,19.134392362089727,1757.3852109442537,842400.0,True,True,6.907218559226713e-06,0.8992165242165242,0,,,61261.764699996405,95726.40270285125,True,True,post_v181_one_drop_one_add_whole_loan_swap,post-v181 one-swap pricing only; not multi-swap or global proof,B,B,0,0,2,4,0,3,2018,2018,NC,NJ
v63_source_repair_return_guarded_repair,incumbent_cvar_relaxed_source_lp,137994575,126468092,1000.0,1000.0,-167.81258224857336,-169.50590883596908,1.6933265873957168,1739.9441451695595,842400.0,True,True,6.907218559226713e-06,0.8992165242165242,0,,,61284.6689225538,95757.63610482396,True,True,post_v181_one_drop_one_add_whole_loan_swap,post-v181 one-swap pricing only; not multi-swap or global proof,B,B,0,0,2,1,0,2,2018,2018,NC,other
v63_source_repair_return_guarded_repair,incumbent_cvar_relaxed_source_lp,137668715,127672145,1000.0,1000.0,-191.08030640729243,-196.20083323856994,5.120526831277516,1743.3713454134413,842400.0,True,True,6.907218559226713e-06,0.8992165242165242,0,,,61353.07628975928,95874.15252378382,True,True,post_v181_one_drop_one_add_whole_loan_swap,post-v181 one-swap pricing only; not multi-swap or global proof,D,C,2,1,4,0,2,2,2018,2018,NC,other
v63_source_repair_return_guarded_repair,incumbent_cvar_relaxed_source_lp,137668715,127475725,1000.0,1000.0,-191.08030640729243,-211.8282137432861,20.747907335993688,1758.9987259181576,842400.0,True,True,6.907218559226713e-06,0.8992165242165242,0,,,61327.183808795104,95842.05050552654,True,True,post_v181_one_drop_one_add_whole_loan_swap,post-v181 one-swap pricing only; not multi-swap or global proof,D,C,2,1,4,4,2,0,2018,2018,NC,AZ
v63_source_repair_return_guarded_repair,incumbent_cvar_relaxed_source_lp,137668715,127582382,1000.0,1000.0,-191.08030640729243,-205.52183833714096,14.441531929848537,1752.6923505120124,842400.0,True,True,6.907218559226713e-06,0.8992165242165242,0,,,61269.19975461659,95763.71857127703,True,True,post_v181_one_drop_one_add_whole_loan_swap,post-v181 one-swap pricing only; not multi-swap or global proof,D,D,2,2,4,3,2,0,2018,2018,NC,CA
v63_source_repair_return_guarded_repair,incumbent_cvar_relaxed_source_lp,137668715,126820122,1000.0,1000.0,-191.08030640729243,-201.89545162414464,10.815145216852216,1749.0659637990161,842400.0,True,True,6.907218559226713e-06,0.8992165242165242,0,,,61312.49425079736,95825.78200942512,True,True,post_v181_one_drop_one_add_whole_loan_swap,post-v181 one-swap pricing only; not multi-swap or global proof,D,C,2,1,4,0,2,1,2018,2018,NC,other
v63_source_repair_return_guarded_repair,incumbent_cvar_relaxed_source_lp,137668715,126652025,1000.0,1000.0,-191.08030640729243,-206.92821374328602,15.847907335993597,1754.0987259181575,842400.0,True,True,6.907218559226713e-06,0.8992165242165242,0,,,61327.183808795104,95842.05050552654,True,True,post_v181_one_drop_one_add_whole_loan_swap,post-v181 one-swap pricing only; not multi-swap or global proof,D,C,2,1,4,3,2,1,2018,2018,NC,FL
v63_source_repair_return_guarded_repair,incumbent_cvar_relaxed_source_lp,137668715,126419064,1000.0,1000.0,-191.08030640729243,-198.85427993768698,7.7739735303945565,1746.0247921125585,842400.0,True,True,6.907218559226713e-06,0.8992165242165242,0,,,61285.88772736701,95783.11360336447,True,True,post_v181_one_drop_one_add_whole_loan_swap,post-v181 one-swap pricing only; not multi-swap or global proof,D,D,2,2,4,4,2,1,2018,2018,NC,other
v63_source_repair_return_guarded_repair,incumbent_cvar_relaxed_source_lp,137677350,127874931,1000.0,1000.0,-171.87891215652908,-186.9469746106631,15.068062454134008,1753.3188810362979,842400.0,True,True,6.907218559226713e-06,0.8980294396961064,0,,,61452.54329246443,96038.29466483663,True,True,post_v181_one_drop_one_add_whole_loan_swap,post-v181 one-swap pricing only; not multi-swap or global proof,F,B,2,0,2,0,2,0,2018,2018,WA,MN
v63_source_repair_return_guarded_repair,incumbent_cvar_relaxed_source_lp,137677350,127672145,1000.0,1000.0,-171.87891215652908,-196.20083323856994,24.32192108204086,1762.5727396642048,842400.0,True,True,6.907218559226713e-06,0.8992165242165242,0,,,61421.435877439726,95993.92434595137,True,True,post_v181_one_drop_one_add_whole_loan_swap,post-v181 one-swap pricing only; not multi-swap or global proof,F,C,2,1,2,0,2,2,2018,2018,WA,other
v63_source_repair_return_guarded_repair,incumbent_cvar_relaxed_source_lp,137677350,127475725,1000.0,1000.0,-171.87891215652908,-211.8282137432861,39.94930158675703,1778.2001201689209,842400.0,True,True,6.907218559226713e-06,0.8992165242165242,0,,,61395.54339647555,95961.82232769407,True,True,post_v181_one_drop_one_add_whole_loan_swap,post-v181 one-swap pricing only; not multi-swap or global proof,F,C,2,1,2,4,2,0,2018,2018,WA,AZ
v63_source_repair_return_guarded_repair,incumbent_cvar_relaxed_source_lp,137677350,127582382,1000.0,1000.0,-171.87891215652908,-205.52183833714096,33.64292618061188,1771.893744762776,842400.0,True,True,6.907218559226713e-06,0.8992165242165242,0,,,61337.55934229704,95883.49039344456,True,True,post_v181_one_drop_one_add_whole_loan_swap,post-v181 one-swap pricing only; not multi-swap or global proof,F,D,2,2,2,3,2,0,2018,2018,WA,CA
v63_source_repair_return_guarded_repair,incumbent_cvar_relaxed_source_lp,137677350,126827839,1000.0,1000.0,-171.87891215652908,-175.77898463113021,3.9000724746011315,1742.150891056765,842400.0,True,True,6.907218559226713e-06,0.8992165242165242,0,,,61319.33297369448,95852.13376503657,True,True,post_v181_one_drop_one_add_whole_loan_swap,post-v181 one-swap pricing only; not multi-swap or global proof,F,E,2,2,2,0,2,4,2018,2018,WA,other
v63_source_repair_return_guarded_repair,incumbent_cvar_relaxed_source_lp,137677350,126820122,1000.0,1000.0,-171.87891215652908,-201.89545162414464,30.01653946761556,1768.2673580497794,842400.0,True,True,6.907218559226713e-06,0.8992165242165242,0,,,61380.85383847781,95945.55383159265,True,True,post_v181_one_drop_one_add_whole_loan_swap,post-v181 one-swap pricing only; not multi-swap or global proof,F,C,2,1,2,0,2,1,2018,2018,WA,other
v63_source_repair_return_guarded_repair,incumbent_cvar_relaxed_source_lp,137677350,126733849,1000.0,1000.0,-171.87891215652908,-186.9469746106631,15.068062454134008,1753.3188810362979,842400.0,True,True,6.907218559226713e-06,0.8980294396961064,0,,,61452.54329246443,96038.29466483663,True,True,post_v181_one_drop_one_add_whole_loan_swap,post-v181 one-swap pricing only; not multi-swap or global proof,F,B,2,0,2,4,2,3,2018,2018,WA,NJ
v63_source_repair_return_guarded_repair,incumbent_cvar_relaxed_source_lp,137677350,126652025,1000.0,1000.0,-171.87891215652908,-206.92821374328602,35.04930158675694,1773.3001201689208,842400.0,True,True,6.907218559226713e-06,0.8992165242165242,0,,,61395.54339647555,95961.82232769407,True,True,post_v181_one_drop_one_add_whole_loan_swap,post-v181 one-swap pricing only; not multi-swap or global proof,F,C,2,1,2,3,2,1,2018,2018,WA,FL
v63_source_repair_return_guarded_repair,incumbent_cvar_relaxed_source_lp,137677350,126419064,1000.0,1000.0,-171.87891215652908,-198.85427993768698,26.9753677811579,1765.2261863633219,842400.0,True,True,6.907218559226713e-06,0.8992165242165242,0,,,61354.24731504745,95902.885425532,True,True,post_v181_one_drop_one_add_whole_loan_swap,post-v181 one-swap pricing only; not multi-swap or global proof,F,D,2,2,2,4,2,1,2018,2018,WA,other
v63_source_repair_return_guarded_repair,incumbent_cvar_relaxed_source_lp,137677350,168701788,1000.0,1000.0,-171.87891215652908,-178.5860397151734,6.707127558644316,1744.9579461408082,842400.0,True,True,6.907218559226713e-06,0.8992165242165242,0,,,61373.12247673166,95912.58315154907,True,True,post_v181_one_drop_one_add_whole_loan_swap,post-v181 one-swap pricing only; not multi-swap or global proof,F,C,2,1,2,3,2,1,2018,2020,WA,TX
v63_source_repair_return_guarded_repair,incumbent_cvar_relaxed_source_lp,137677350,169358871,1000.0,1000.0,-171.87891215652908,-177.86634212741987,5.987429970890787,1744.2382485530547,842400.0,True,True,6.907218559226713e-06,0.8992165242165242,0,,,61382.89349406438,95900.15811650924,True,True,post_v181_one_drop_one_add_whole_loan_swap,post-v181 one-swap pricing only; not multi-swap or global proof,F,C,2,1,2,3,2,0,2018,2020,WA,VA
v63_source_repair_return_guarded_repair,incumbent_cvar_relaxed_source_lp,137677350,139506195,1000.0,1000.0,-171.87891215652908,-177.67809625327766,5.799184096748576,1744.0500026789125,842400.0,True,True,6.907218559226713e-06,0.8992165242165242,0,,,61357.05881401297,95846.37649138879,True,True,post_v181_one_drop_one_add_whole_loan_swap,post-v181 one-swap pricing only; not multi-swap or global proof,F,D,2,2,2,2,2,0,2018,2018,WA,CA
v63_source_repair_return_guarded_repair,incumbent_cvar_relaxed_source_lp,137677350,156823754,1000.0,1000.0,-171.87891215652908,-183.46022770133698,11.581315544807893,1749.8321341269718,842400.0,True,True,6.907218559226713e-06,0.8992165242165242,0,,,61354.66059491357,95825.47172800811,True,True,post_v181_one_drop_one_add_whole_loan_swap,post-v181 one-swap pricing only; not multi-swap or global proof,F,D,2,2,2,3,2,1,2018,2019,WA,CA
v63_source_repair_return_guarded_repair,incumbent_cvar_relaxed_source_lp,137677350,156807668,1000.0,1000.0,-171.87891215652908,-175.85010442413147,3.9711922676023903,1742.2220108497663,842400.0,True,True,6.907218559226713e-06,0.8992165242165242,0,,,61382.09408927227,95853.74808838581,True,True,post_v181_one_drop_one_add_whole_loan_swap,post-v181 one-swap pricing only; not multi-swap or global proof,F,D,2,2,2,0,2,0,2018,2019,WA,TX
v63_source_repair_return_guarded_repair,incumbent_cvar_relaxed_source_lp,137522335,127874931,1000.0,1000.0,-169.11147457733486,-186.9469746106631,17.83550003332823,1756.086318615492,842400.0,True,True,6.907218559226713e-06,0.8992165242165242,0,,,61253.09488163014,95727.92943083917,True,True,post_v181_one_drop_one_add_whole_loan_swap,post-v181 one-swap pricing only; not multi-swap or global proof,B,B,0,0,2,0,1,0,2018,2018,other,MN
v63_source_repair_return_guarded_repair,incumbent_cvar_relaxed_source_lp,137522335,126733849,1000.0,1000.0,-169.11147457733486,-186.9469746106631,17.83550003332823,1756.086318615492,842400.0,True,True,6.907218559226713e-06,0.8992165242165242,0,,,61253.09488163014,95727.92943083917,True,True,post_v181_one_drop_one_add_whole_loan_swap,post-v181 one-swap pricing only; not multi-swap or global proof,B,B,0,0,2,4,1,3,2018,2018,other,NJ
v63_source_repair_return_guarded_repair,incumbent_cvar_relaxed_source_lp,137522335,126468092,1000.0,1000.0,-169.11147457733486,-169.50590883596908,0.3944342586342202,1738.645252840798,842400.0,True,True,6.907218559226713e-06,0.8992165242165242,0,,,61275.99910418753,95759.16283281188,True,True,post_v181_one_drop_one_add_whole_loan_swap,post-v181 one-swap pricing only; not multi-swap or global proof,B,B,0,0,2,1,1,2,2018,2018,other,other
v63_source_repair_return_guarded_repair,incumbent_cvar_relaxed_source_lp,137380434,127874931,1000.0,1000.0,-156.95404774473053,-186.9469746106631,29.99292686593256,1768.2437454480964,842400.0,True,True,6.907218559226713e-06,0.8980294396961064,0,,,61393.903297985016,95948.49989399643,True,True,post_v181_one_drop_one_add_whole_loan_swap,post-v181 one-swap pricing only; not multi-swap or global proof,E,B,2,0,2,0,3,0,2018,2018,VA,MN
v63_source_repair_return_guarded_repair,incumbent_cvar_relaxed_source_lp,137380434,127672145,1000.0,1000.0,-156.95404774473053,-196.20083323856994,39.24678549383941,1777.4976040760034,842400.0,True,True,6.907218559226713e-06,0.8992165242165242,0,,,61362.79588296032,95904.12957511118,True,True,post_v181_one_drop_one_add_whole_loan_swap,post-v181 one-swap pricing only; not multi-swap or global proof,E,C,2,1,2,0,3,2,2018,2018,VA,other
v63_source_repair_return_guarded_repair,incumbent_cvar_relaxed_source_lp,137380434,127475725,1000.0,1000.0,-156.95404774473053,-211.8282137432861,54.87416599855558,1793.1249845807195,842400.0,True,True,6.907218559226713e-06,0.8992165242165242,0,,,61336.90340199614,95872.02755685386,True,True,post_v181_one_drop_one_add_whole_loan_swap,post-v181 one-swap pricing only; not multi-swap or global proof,E,C,2,1,2,4,3,0,2018,2018,VA,AZ
v63_source_repair_return_guarded_repair,incumbent_cvar_relaxed_source_lp,137380434,127582382,1000.0,1000.0,-156.95404774473053,-205.52183833714096,48.56779059241043,1786.8186091745742,842400.0,True,True,6.907218559226713e-06,0.8992165242165242,0,,,61278.91934781763,95793.69562260435,True,True,post_v181_one_drop_one_add_whole_loan_swap,post-v181 one-swap pricing only; not multi-swap or global proof,E,D,2,2,2,3,3,0,2018,2018,VA,CA
v63_source_repair_return_guarded_repair,incumbent_cvar_relaxed_source_lp,137380434,126827839,1000.0,1000.0,-156.95404774473053,-175.77898463113021,18.824936886399684,1757.0757554685636,842400.0,True,True,6.907218559226713e-06,0.8992165242165242,0,,,61260.69297921507,95762.33899419638,True,True,post_v181_one_drop_one_add_whole_loan_swap,post-v181 one-swap pricing only; not multi-swap or global proof,E,E,2,2,2,0,3,4,2018,2018,VA,other
v63_source_repair_return_guarded_repair,incumbent_cvar_relaxed_source_lp,137380434,126820122,1000.0,1000.0,-156.95404774473053,-201.89545162414464,44.94140387941411,1783.192222461578,842400.0,True,True,6.907218559226713e-06,0.8992165242165242,0,,,61322.213843998405,95855.75906075243,True,True,post_v181_one_drop_one_add_whole_loan_swap,post-v181 one-swap pricing only; not multi-swap or global proof,E,C,2,1,2,0,3,1,2018,2018,VA,other
v63_source_repair_return_guarded_repair,incumbent_cvar_relaxed_source_lp,137380434,126733849,1000.0,1000.0,-156.95404774473053,-186.9469746106631,29.99292686593256,1768.2437454480964,842400.0,True,True,6.907218559226713e-06,0.8980294396961064,0,,,61393.903297985016,95948.49989399643,True,True,post_v181_one_drop_one_add_whole_loan_swap,post-v181 one-swap pricing only; not multi-swap or global proof,E,B,2,0,2,4,3,3,2018,2018,VA,NJ
v63_source_repair_return_guarded_repair,incumbent_cvar_relaxed_source_lp,137380434,126652025,1000.0,1000.0,-156.95404774473053,-206.92821374328602,49.97416599855549,1788.2249845807194,842400.0,True,True,6.907218559226713e-06,0.8992165242165242,0,,,61336.90340199614,95872.02755685386,True,True,post_v181_one_drop_one_add_whole_loan_swap,post-v181 one-swap pricing only; not multi-swap or global proof,E,C,2,1,2,3,3,1,2018,2018,VA,FL
v63_source_repair_return_guarded_repair,incumbent_cvar_relaxed_source_lp,137380434,126468092,1000.0,1000.0,-156.95404774473053,-169.50590883596908,12.55186109123855,1750.8026796734025,842400.0,True,True,6.907218559226713e-06,0.8980294396961064,0,,,61416.8075205424,95979.73329596914,True,True,post_v181_one_drop_one_add_whole_loan_swap,post-v181 one-swap pricing only; not multi-swap or global proof,E,B,2,0,2,1,3,2,2018,2018,VA,other
v63_source_repair_return_guarded_repair,incumbent_cvar_relaxed_source_lp,137380434,126419064,1000.0,1000.0,-156.95404774473053,-198.85427993768698,41.90023219295645,1780.1510507751204,842400.0,True,True,6.907218559226713e-06,0.8992165242165242,0,,,61295.607320568044,95813.09065469181,True,True,post_v181_one_drop_one_add_whole_loan_swap,post-v181 one-swap pricing only; not multi-swap or global proof,E,D,2,2,2,4,3,1,2018,2018,VA,other
v63_source_repair_return_guarded_repair,incumbent_cvar_relaxed_source_lp,137380434,168701788,1000.0,1000.0,-156.95404774473053,-178.5860397151734,21.63199197044287,1759.8828105526068,842400.0,True,True,6.907218559226713e-06,0.8992165242165242,0,,,61314.48248225224,95822.78838070885,True,True,post_v181_one_drop_one_add_whole_loan_swap,post-v181 one-swap pricing only; not multi-swap or global proof,E,C,2,1,2,3,3,1,2018,2020,VA,TX
v63_source_repair_return_guarded_repair,incumbent_cvar_relaxed_source_lp,137380434,169358871,1000.0,1000.0,-156.95404774473053,-177.86634212741987,20.91229438268934,1759.1631129648533,842400.0,True,True,6.907218559226713e-06,0.8992165242165242,0,,,61324.253499584986,95810.36334566904,True,True,post_v181_one_drop_one_add_whole_loan_swap,post-v181 one-swap pricing only; not multi-swap or global proof,E,C,2,1,2,3,3,0,2018,2020,VA,VA
v63_source_repair_return_guarded_repair,incumbent_cvar_relaxed_source_lp,137380434,139506195,1000.0,1000.0,-156.95404774473053,-177.67809625327766,20.724048508547128,1758.974867090711,842400.0,True,True,6.907218559226713e-06,0.8992165242165242,0,,,61298.41881953357,95756.58172054855,True,True,post_v181_one_drop_one_add_whole_loan_swap,post-v181 one-swap pricing only; not multi-swap or global proof,E,D,2,2,2,2,3,0,2018,2018,VA,CA
v63_source_repair_return_guarded_repair,incumbent_cvar_relaxed_source_lp,137380434,156823754,1000.0,1000.0,-156.95404774473053,-183.46022770133698,26.506179956606445,1764.7569985387704,842400.0,True,True,6.907218559226713e-06,0.8992165242165242,0,,,61296.02060043416,95735.67695716792,True,True,post_v181_one_drop_one_add_whole_loan_swap,post-v181 one-swap pricing only; not multi-swap or global proof,E,D,2,2,2,3,3,1,2018,2019,VA,CA
v63_source_repair_return_guarded_repair,incumbent_cvar_relaxed_source_lp,137380434,156807668,1000.0,1000.0,-156.95404774473053,-175.85010442413147,18.896056679400942,1757.146875261565,842400.0,True,True,6.907218559226713e-06,0.8992165242165242,0,,,61323.45409479287,95763.9533175456,True,True,post_v181_one_drop_one_add_whole_loan_swap,post-v181 one-swap pricing only; not multi-swap or global proof,E,D,2,2,2,0,3,0,2018,2019,VA,TX
v63_source_repair_return_guarded_repair,incumbent_cvar_relaxed_source_lp,137380434,156707196,1000.0,1000.0,-156.95404774473053,-158.460227701337,1.5061799566064735,1739.7569985387704,842400.0,True,True,6.907218559226713e-06,0.8992165242165242,0,,,61296.02060043416,95735.67695716792,True,True,post_v181_one_drop_one_add_whole_loan_swap,post-v181 one-swap pricing only; not multi-swap or global proof,E,D,2,2,2,2,3,0,2018,2019,VA,other
v63_source_repair_return_guarded_repair,incumbent_cvar_relaxed_source_lp,137378784,127874931,1000.0,1000.0,-159.31147457733482,-186.9469746106631,27.63550003332827,1765.8863186154922,842400.0,True,True,6.907218559226713e-06,0.8992165242165242,0,,,61253.09488163014,95727.92943083917,True,True,post_v181_one_drop_one_add_whole_loan_swap,post-v181 one-swap pricing only; not multi-swap or global proof,B,B,0,0,4,0,0,0,2018,2018,TX,MN
v63_source_repair_return_guarded_repair,incumbent_cvar_relaxed_source_lp,137378784,126733849,1000.0,1000.0,-159.31147457733482,-186.9469746106631,27.63550003332827,1765.8863186154922,842400.0,True,True,6.907218559226713e-06,0.8992165242165242,0,,,61253.09488163014,95727.92943083917,True,True,post_v181_one_drop_one_add_whole_loan_swap,post-v181 one-swap pricing only; not multi-swap or global proof,B,B,0,0,4,4,0,3,2018,2018,TX,NJ
v63_source_repair_return_guarded_repair,incumbent_cvar_relaxed_source_lp,137378784,126468092,1000.0,1000.0,-159.31147457733482,-169.50590883596908,10.19443425863426,1748.4452528407983,842400.0,True,True,6.907218559226713e-06,0.8992165242165242,0,,,61275.99910418753,95759.16283281188,True,True,post_v181_one_drop_one_add_whole_loan_swap,post-v181 one-swap pricing only; not multi-swap or global proof,B,B,0,0,4,1,0,2,2018,2018,TX,other
v63_source_repair_return_guarded_repair,incumbent_cvar_relaxed_source_lp,137291932,168841753,1000.0,1000.0,-15.179922424950899,-15.58411172619063,0.4041893012397306,1738.6550078834036,842400.0,True,True,6.907218559226713e-06,0.8992165242165242,0,,,61250.50332646244,95674.92792576992,True,True,post_v181_one_drop_one_add_whole_loan_swap,post-v181 one-swap pricing only; not multi-swap or global proof,A,A,1,1,4,1,1,0,2018,2020,other,NY
v63_source_repair_return_guarded_repair,incumbent_cvar_relaxed_source_lp,137291932,168678809,1000.0,1000.0,-15.179922424950899,-25.935876492202276,10.755954067251377,1749.0067726494153,842400.0,True,True,6.907218559226713e-06,0.8992165242165242,0,,,61264.01718336063,95695.90428516298,True,True,post_v181_one_drop_one_add_whole_loan_swap,post-v181 one-swap pricing only; not multi-swap or global proof,A,A,1,1,4,1,1,0,2018,2020,other,IN
v63_source_repair_return_guarded_repair,incumbent_cvar_relaxed_source_lp,137291932,170390171,1000.0,1000.0,-15.179922424950899,-23.632377345499286,8.452454920548387,1746.7032735027124,842400.0,True,True,6.907218559226713e-06,0.8992165242165242,0,,,61260.61169381907,95688.9714849779,True,True,post_v181_one_drop_one_add_whole_loan_swap,post-v181 one-swap pricing only; not multi-swap or global proof,A,A,1,1,4,0,1,0,2018,2020,other,other
v63_source_repair_return_guarded_repair,incumbent_cvar_relaxed_source_lp,137291932,169450190,1000.0,1000.0,-15.179922424950899,-22.58050328415853,7.400580859207633,1745.6513994413715,842400.0,True,True,6.907218559226713e-06,0.8992165242165242,0,,,61243.29696933052,95653.96345165209,True,True,post_v181_one_drop_one_add_whole_loan_swap,post-v181 one-swap pricing only; not multi-swap or global proof,A,A,1,1,4,0,1,0,2018,2020,other,AZ
v63_source_repair_return_guarded_repair,incumbent_cvar_relaxed_source_lp,137133894,127475725,1000.0,1000.0,-201.80699715302984,-211.8282137432861,10.021216590256273,1748.2720351724201,842400.0,True,True,6.907218559226713e-06,0.8992165242165242,0,,,61290.6774804474,95773.2594390031,True,True,post_v181_one_drop_one_add_whole_loan_swap,post-v181 one-swap pricing only; not multi-swap or global proof,C,C,1,1,0,4,1,0,2018,2018,other,AZ
v63_source_repair_return_guarded_repair,incumbent_cvar_relaxed_source_lp,137133894,127582382,1000.0,1000.0,-201.80699715302984,-205.52183833714096,3.7148411841111226,1741.965659766275,842400.0,True,True,6.907218559226713e-06,0.8992165242165242,0,,,61232.69342626889,95694.92750475356,True,True,post_v181_one_drop_one_add_whole_loan_swap,post-v181 one-swap pricing only; not multi-swap or global proof,C,D,1,2,0,3,1,0,2018,2018,other,CA
v63_source_repair_return_guarded_repair,incumbent_cvar_relaxed_source_lp,137133894,126820122,1000.0,1000.0,-201.80699715302984,-201.89545162414464,0.08845447111480098,1738.3392730532787,842400.0,True,True,6.907218559226713e-06,0.8992165242165242,0,,,61275.98792244966,95756.99094290168,True,True,post_v181_one_drop_one_add_whole_loan_swap,post-v181 one-swap pricing only; not multi-swap or global proof,C,C,1,1,0,0,1,1,2018,2018,other,other
v63_source_repair_return_guarded_repair,incumbent_cvar_relaxed_source_lp,137133894,126652025,1000.0,1000.0,-201.80699715302984,-206.92821374328602,5.121216590256182,1743.37203517242,842400.0,True,True,6.907218559226713e-06,0.8992165242165242,0,,,61290.6774804474,95773.2594390031,True,True,post_v181_one_drop_one_add_whole_loan_swap,post-v181 one-swap pricing only; not multi-swap or global proof,C,C,1,1,0,3,1,1,2018,2018,other,FL
v63_source_repair_return_guarded_repair,incumbent_cvar_relaxed_source_lp,137151950,127874931,1250.0,1000.0,-183.48123809685012,-186.9469746106631,3.4657365138129705,1741.716555095977,842650.0,True,True,0.0002600158543247799,0.8992464249688483,0,,,61290.89435727798,95789.17444936621,True,True,post_v181_one_drop_one_add_whole_loan_swap,post-v181 one-swap pricing only; not multi-swap or global proof,B,B,0,0,3,0,3,0,2018,2018,other,MN
v63_source_repair_return_guarded_repair,incumbent_cvar_relaxed_source_lp,137151950,126733849,1250.0,1000.0,-183.48123809685012,-186.9469746106631,3.4657365138129705,1741.716555095977,842650.0,True,True,0.0002600158543247799,0.8992464249688483,0,,,61290.89435727798,95789.17444936621,True,True,post_v181_one_drop_one_add_whole_loan_swap,post-v181 one-swap pricing only; not multi-swap or global proof,B,B,0,0,3,4,3,3,2018,2018,other,NJ
v63_source_repair_return_guarded_repair,incumbent_cvar_relaxed_source_lp,137151950,126483031,1250.0,1200.0,-183.48123809685012,-200.480236756332,16.998998659481884,1755.2498172416458,842450.0,True,True,5.754096345278459e-05,0.8992225057866936,0,,,61269.909932938455,95758.7554987645,True,True,post_v181_one_drop_one_add_whole_loan_swap,post-v181 one-swap pricing only; not multi-swap or global proof,B,B,0,0,3,2,3,0,2018,2018,other,FL
v63_source_repair_return_guarded_repair,incumbent_cvar_relaxed_source_lp,136782181,127874931,1000.0,1000.0,-172.62914068708602,-186.9469746106631,14.31783392357707,1752.568652505741,842400.0,True,True,6.907218559226713e-06,0.8992165242165242,0,,,61283.85512082253,95770.21322907614,True,True,post_v181_one_drop_one_add_whole_loan_swap,post-v181 one-swap pricing only; not multi-swap or global proof,B,B,0,0,1,0,0,0,2018,2018,WA,MN
v63_source_repair_return_guarded_repair,incumbent_cvar_relaxed_source_lp,136782181,126733849,1000.0,1000.0,-172.62914068708602,-186.9469746106631,14.31783392357707,1752.568652505741,842400.0,True,True,6.907218559226713e-06,0.8992165242165242,0,,,61283.85512082253,95770.21322907614,True,True,post_v181_one_drop_one_add_whole_loan_swap,post-v181 one-swap pricing only; not multi-swap or global proof,B,B,0,0,1,4,0,3,2018,2018,WA,NJ
v63_source_repair_return_guarded_repair,incumbent_cvar_relaxed_source_lp,136916643,127874931,1000.0,1000.0,-173.75965426338382,-186.9469746106631,13.187320347279268,1751.438138929443,842400.0,True,True,6.907218559226713e-06,0.8980294396961064,0,,,61420.860892429235,95982.05773826929,True,True,post_v181_one_drop_one_add_whole_loan_swap,post-v181 one-swap pricing only; not multi-swap or global proof,E,B,2,0,3,0,1,0,2018,2018,PA,MN
v63_source_repair_return_guarded_repair,incumbent_cvar_relaxed_source_lp,136916643,127672145,1000.0,1000.0,-173.75965426338382,-196.20083323856994,22.44117897518612,1760.69199755735,842400.0,True,True,6.907218559226713e-06,0.8992165242165242,0,,,61389.75347740454,95937.68741938403,True,True,post_v181_one_drop_one_add_whole_loan_swap,post-v181 one-swap pricing only; not multi-swap or global proof,E,C,2,1,3,0,1,2,2018,2018,PA,other
v63_source_repair_return_guarded_repair,incumbent_cvar_relaxed_source_lp,136916643,127475725,1000.0,1000.0,-173.75965426338382,-211.8282137432861,38.06855947990229,1776.319378062066,842400.0,True,True,6.907218559226713e-06,0.8992165242165242,0,,,61363.86099644036,95905.58540112674,True,True,post_v181_one_drop_one_add_whole_loan_swap,post-v181 one-swap pricing only; not multi-swap or global proof,E,C,2,1,3,4,1,0,2018,2018,PA,AZ
v63_source_repair_return_guarded_repair,incumbent_cvar_relaxed_source_lp,136916643,127582382,1000.0,1000.0,-173.75965426338382,-205.52183833714096,31.76218407375714,1770.0130026559211,842400.0,True,True,6.907218559226713e-06,0.8992165242165242,0,,,61305.87694226186,95827.25346687721,True,True,post_v181_one_drop_one_add_whole_loan_swap,post-v181 one-swap pricing only; not multi-swap or global proof,E,D,2,2,3,3,1,0,2018,2018,PA,CA
v63_source_repair_return_guarded_repair,incumbent_cvar_relaxed_source_lp,136916643,126827839,1000.0,1000.0,-173.75965426338382,-175.77898463113021,2.0193303677463916,1740.2701489499102,842400.0,True,True,6.907218559226713e-06,0.8992165242165242,0,,,61287.650573659295,95795.89683846926,True,True,post_v181_one_drop_one_add_whole_loan_swap,post-v181 one-swap pricing only; not multi-swap or global proof,E,E,2,2,3,0,1,4,2018,2018,PA,other
v63_source_repair_return_guarded_repair,incumbent_cvar_relaxed_source_lp,136916643,126820122,1000.0,1000.0,-173.75965426338382,-201.89545162414464,28.13579736076082,1766.3866159429247,842400.0,True,True,6.907218559226713e-06,0.8992165242165242,0,,,61349.17143844262,95889.3169050253,True,True,post_v181_one_drop_one_add_whole_loan_swap,post-v181 one-swap pricing only; not multi-swap or global proof,E,C,2,1,3,0,1,1,2018,2018,PA,other
v63_source_repair_return_guarded_repair,incumbent_cvar_relaxed_source_lp,136916643,126733849,1000.0,1000.0,-173.75965426338382,-186.9469746106631,13.187320347279268,1751.438138929443,842400.0,True,True,6.907218559226713e-06,0.8980294396961064,0,,,61420.860892429235,95982.05773826929,True,True,post_v181_one_drop_one_add_whole_loan_swap,post-v181 one-swap pricing only; not multi-swap or global proof,E,B,2,0,3,4,1,3,2018,2018,PA,NJ
v63_source_repair_return_guarded_repair,incumbent_cvar_relaxed_source_lp,136916643,126652025,1000.0,1000.0,-173.75965426338382,-206.92821374328602,33.1685594799022,1771.419378062066,842400.0,True,True,6.907218559226713e-06,0.8992165242165242,0,,,61363.86099644036,95905.58540112674,True,True,post_v181_one_drop_one_add_whole_loan_swap,post-v181 one-swap pricing only; not multi-swap or global proof,E,C,2,1,3,3,1,1,2018,2018,PA,FL
v63_source_repair_return_guarded_repair,incumbent_cvar_relaxed_source_lp,136916643,126419064,1000.0,1000.0,-173.75965426338382,-198.85427993768698,25.09462567430316,1763.345444256467,842400.0,True,True,6.907218559226713e-06,0.8992165242165242,0,,,61322.56491501227,95846.64849896467,True,True,post_v181_one_drop_one_add_whole_loan_swap,post-v181 one-swap pricing only; not multi-swap or global proof,E,D,2,2,3,4,1,1,2018,2018,PA,other
v63_source_repair_return_guarded_repair,incumbent_cvar_relaxed_source_lp,136916643,168701788,1000.0,1000.0,-173.75965426338382,-178.5860397151734,4.826385451789577,1743.0772040339534,842400.0,True,True,6.907218559226713e-06,0.8992165242165242,0,,,61341.44007669646,95856.3462249817,True,True,post_v181_one_drop_one_add_whole_loan_swap,post-v181 one-swap pricing only; not multi-swap or global proof,E,C,2,1,3,3,1,1,2018,2020,PA,TX
v63_source_repair_return_guarded_repair,incumbent_cvar_relaxed_source_lp,136916643,169358871,1000.0,1000.0,-173.75965426338382,-177.86634212741987,4.106687864036047,1742.3575064462,842400.0,True,True,6.907218559226713e-06,0.8992165242165242,0,,,61351.2110940292,95843.9211899419,True,True,post_v181_one_drop_one_add_whole_loan_swap,post-v181 one-swap pricing only; not multi-swap or global proof,E,C,2,1,3,3,1,0,2018,2020,PA,VA
v63_source_repair_return_guarded_repair,incumbent_cvar_relaxed_source_lp,136916643,139506195,1000.0,1000.0,-173.75965426338382,-177.67809625327766,3.918441989893836,1742.1692605720577,842400.0,True,True,6.907218559226713e-06,0.8992165242165242,0,,,61325.376413977785,95790.13956482144,True,True,post_v181_one_drop_one_add_whole_loan_swap,post-v181 one-swap pricing only; not multi-swap or global proof,E,D,2,2,3,2,1,0,2018,2018,PA,CA
v63_source_repair_return_guarded_repair,incumbent_cvar_relaxed_source_lp,136916643,156823754,1000.0,1000.0,-173.75965426338382,-183.46022770133698,9.700573437953153,1747.951392020117,842400.0,True,True,6.907218559226713e-06,0.8992165242165242,0,,,61322.97819487838,95769.23480144079,True,True,post_v181_one_drop_one_add_whole_loan_swap,post-v181 one-swap pricing only; not multi-swap or global proof,E,D,2,2,3,3,1,1,2018,2019,PA,CA
v63_source_repair_return_guarded_repair,incumbent_cvar_relaxed_source_lp,136916643,156807668,1000.0,1000.0,-173.75965426338382,-175.85010442413147,2.0904501607476504,1740.3412687429116,842400.0,True,True,6.907218559226713e-06,0.8992165242165242,0,,,61350.411689237095,95797.51116181847,True,True,post_v181_one_drop_one_add_whole_loan_swap,post-v181 one-swap pricing only; not multi-swap or global proof,E,D,2,2,3,0,1,0,2018,2019,PA,TX
v63_source_repair_return_guarded_repair,incumbent_cvar_relaxed_source_lp,136528893,168678809,1000.0,1000.0,-23.117370829184896,-25.935876492202276,2.8185056630173797,1741.0693242451812,842400.0,True,True,6.907218559226713e-06,0.8992165242165242,0,,,61272.172684479985,95708.87960678969,True,True,post_v181_one_drop_one_add_whole_loan_swap,post-v181 one-swap pricing only; not multi-swap or global proof,A,A,1,1,2,1,2,0,2018,2020,NY,IN
v63_source_repair_return_guarded_repair,incumbent_cvar_relaxed_source_lp,136528893,170390171,1000.0,1000.0,-23.117370829184896,-23.632377345499286,0.51500651631439,1738.7658250984782,842400.0,True,True,6.907218559226713e-06,0.8992165242165242,0,,,61268.767194938424,95701.94680660464,True,True,post_v181_one_drop_one_add_whole_loan_swap,post-v181 one-swap pricing only; not multi-swap or global proof,A,A,1,1,2,0,2,0,2018,2020,NY,other
v63_source_repair_return_guarded_repair,incumbent_cvar_relaxed_source_lp,136607660,127672145,1000.0,1000.0,-189.1129927177471,-196.20083323856994,7.087840520822851,1745.3386591029866,842400.0,True,True,6.907218559226713e-06,0.8992165242165242,0,,,61321.307922636035,95838.23754145834,True,True,post_v181_one_drop_one_add_whole_loan_swap,post-v181 one-swap pricing only; not multi-swap or global proof,D,C,1,1,2,0,1,2,2018,2018,MI,other
v63_source_repair_return_guarded_repair,incumbent_cvar_relaxed_source_lp,136607660,127475725,1000.0,1000.0,-189.1129927177471,-211.8282137432861,22.715221025539023,1760.966039607703,842400.0,True,True,6.907218559226713e-06,0.8992165242165242,0,,,61295.41544167185,95806.13552320104,True,True,post_v181_one_drop_one_add_whole_loan_swap,post-v181 one-swap pricing only; not multi-swap or global proof,D,C,1,1,2,4,1,0,2018,2018,MI,AZ
v63_source_repair_return_guarded_repair,incumbent_cvar_relaxed_source_lp,136607660,127582382,1000.0,1000.0,-189.1129927177471,-205.52183833714096,16.408845619393873,1754.6596642015577,842400.0,True,True,6.907218559226713e-06,0.8992165242165242,0,,,61237.43138749336,95727.80358895153,True,True,post_v181_one_drop_one_add_whole_loan_swap,post-v181 one-swap pricing only; not multi-swap or global proof,D,D,1,2,2,3,1,0,2018,2018,MI,CA
v63_source_repair_return_guarded_repair,incumbent_cvar_relaxed_source_lp,136607660,126820122,1000.0,1000.0,-189.1129927177471,-201.89545162414464,12.782458906397551,1751.0332774885615,842400.0,True,True,6.907218559226713e-06,0.8992165242165242,0,,,61280.725883674124,95789.86702709962,True,True,post_v181_one_drop_one_add_whole_loan_swap,post-v181 one-swap pricing only; not multi-swap or global proof,D,C,1,1,2,0,1,1,2018,2018,MI,other
v63_source_repair_return_guarded_repair,incumbent_cvar_relaxed_source_lp,136607660,126652025,1000.0,1000.0,-189.1129927177471,-206.92821374328602,17.815221025538932,1756.0660396077028,842400.0,True,True,6.907218559226713e-06,0.8992165242165242,0,,,61295.41544167185,95806.13552320104,True,True,post_v181_one_drop_one_add_whole_loan_swap,post-v181 one-swap pricing only; not multi-swap or global proof,D,C,1,1,2,3,1,1,2018,2018,MI,FL
v63_source_repair_return_guarded_repair,incumbent_cvar_relaxed_source_lp,136607660,126419064,1000.0,1000.0,-189.1129927177471,-198.85427993768698,9.741287219939892,1747.9921058021039,842400.0,True,True,6.907218559226713e-06,0.8992165242165242,0,,,61254.119360243756,95747.19862103897,True,True,post_v181_one_drop_one_add_whole_loan_swap,post-v181 one-swap pricing only; not multi-swap or global proof,D,D,1,2,2,4,1,1,2018,2018,MI,other
v63_source_repair_return_guarded_repair,incumbent_cvar_relaxed_source_lp,136424787,127874931,1000.0,1000.0,-165.07561840669072,-186.9469746106631,21.87135620397237,1760.1221747861364,842400.0,True,True,6.907218559226713e-06,0.8992165242165242,0,,,61252.95567489514,95727.72668012198,True,True,post_v181_one_drop_one_add_whole_loan_swap,post-v181 one-swap pricing only; not multi-swap or global proof,B,B,0,0,0,0,0,0,2018,2018,MN,MN
v63_source_repair_return_guarded_repair,incumbent_cvar_relaxed_source_lp,136424787,126733849,1000.0,1000.0,-165.07561840669072,-186.9469746106631,21.87135620397237,1760.1221747861364,842400.0,True,True,6.907218559226713e-06,0.8992165242165242,0,,,61252.95567489514,95727.72668012198,True,True,post_v181_one_drop_one_add_whole_loan_swap,post-v181 one-swap pricing only; not multi-swap or global proof,B,B,0,0,0,4,0,3,2018,2018,MN,NJ
v63_source_repair_return_guarded_repair,incumbent_cvar_relaxed_source_lp,136424787,126468092,1000.0,1000.0,-165.07561840669072,-169.50590883596908,4.430290429278358,1742.6811090114422,842400.0,True,True,6.907218559226713e-06,0.8992165242165242,0,,,61275.85989745252,95758.96008209471,True,True,post_v181_one_drop_one_add_whole_loan_swap,post-v181 one-swap pricing only; not multi-swap or global proof,B,B,0,0,0,1,0,2,2018,2018,MN,other
v63_source_repair_return_guarded_repair,incumbent_cvar_relaxed_source_lp,136315166,127874931,1000.0,1000.0,-159.31147457733482,-186.9469746106631,27.63550003332827,1765.8863186154922,842400.0,True,True,6.907218559226713e-06,0.8992165242165242,0,,,61253.09488163014,95727.92943083917,True,True,post_v181_one_drop_one_add_whole_loan_swap,post-v181 one-swap pricing only; not multi-swap or global proof,B,B,0,0,0,0,0,0,2018,2018,AZ,MN
v63_source_repair_return_guarded_repair,incumbent_cvar_relaxed_source_lp,136315166,126733849,1000.0,1000.0,-159.31147457733482,-186.9469746106631,27.63550003332827,1765.8863186154922,842400.0,True,True,6.907218559226713e-06,0.8992165242165242,0,,,61253.09488163014,95727.92943083917,True,True,post_v181_one_drop_one_add_whole_loan_swap,post-v181 one-swap pricing only; not multi-swap or global proof,B,B,0,0,0,4,0,3,2018,2018,AZ,NJ
v63_source_repair_return_guarded_repair,incumbent_cvar_relaxed_source_lp,136315166,126468092,1000.0,1000.0,-159.31147457733482,-169.50590883596908,10.19443425863426,1748.4452528407983,842400.0,True,True,6.907218559226713e-06,0.8992165242165242,0,,,61275.99910418753,95759.16283281188,True,True,post_v181_one_drop_one_add_whole_loan_swap,post-v181 one-swap pricing only; not multi-swap or global proof,B,B,0,0,0,1,0,2,2018,2018,AZ,other
v63_source_repair_return_guarded_repair,incumbent_cvar_relaxed_source_lp,136288831,127874931,1000.0,1000.0,-159.91299271774713,-186.9469746106631,27.03398189291596,1765.28480047508,842400.0,True,True,6.907218559226713e-06,0.8980294396961064,0,,,61352.41533766073,95882.6078603436,True,True,post_v181_one_drop_one_add_whole_loan_swap,post-v181 one-swap pricing only; not multi-swap or global proof,D,B,1,0,2,0,3,0,2018,2018,other,MN
v63_source_repair_return_guarded_repair,incumbent_cvar_relaxed_source_lp,136288831,127672145,1000.0,1000.0,-159.91299271774713,-196.20083323856994,36.28784052082281,1774.5386591029867,842400.0,True,True,6.907218559226713e-06,0.8992165242165242,0,,,61321.307922636035,95838.23754145834,True,True,post_v181_one_drop_one_add_whole_loan_swap,post-v181 one-swap pricing only; not multi-swap or global proof,D,C,1,1,2,0,3,2,2018,2018,other,other
v63_source_repair_return_guarded_repair,incumbent_cvar_relaxed_source_lp,136288831,127475725,1000.0,1000.0,-159.91299271774713,-211.8282137432861,51.91522102553898,1790.166039607703,842400.0,True,True,6.907218559226713e-06,0.8992165242165242,0,,,61295.41544167185,95806.13552320104,True,True,post_v181_one_drop_one_add_whole_loan_swap,post-v181 one-swap pricing only; not multi-swap or global proof,D,C,1,1,2,4,3,0,2018,2018,other,AZ
v63_source_repair_return_guarded_repair,incumbent_cvar_relaxed_source_lp,136288831,127582382,1000.0,1000.0,-159.91299271774713,-205.52183833714096,45.60884561939383,1783.8596642015577,842400.0,True,True,6.907218559226713e-06,0.8992165242165242,0,,,61237.43138749336,95727.80358895153,True,True,post_v181_one_drop_one_add_whole_loan_swap,post-v181 one-swap pricing only; not multi-swap or global proof,D,D,1,2,2,3,3,0,2018,2018,other,CA
v63_source_repair_return_guarded_repair,incumbent_cvar_relaxed_source_lp,136288831,126827839,1000.0,1000.0,-159.91299271774713,-175.77898463113021,15.865991913383084,1754.116810495547,842400.0,True,True,6.907218559226713e-06,0.8992165242165242,0,,,61219.20501889079,95696.44696054357,True,True,post_v181_one_drop_one_add_whole_loan_swap,post-v181 one-swap pricing only; not multi-swap or global proof,D,E,1,2,2,0,3,4,2018,2018,other,other
v63_source_repair_return_guarded_repair,incumbent_cvar_relaxed_source_lp,136288831,126820122,1000.0,1000.0,-159.91299271774713,-201.89545162414464,41.98245890639751,1780.2332774885615,842400.0,True,True,6.907218559226713e-06,0.8992165242165242,0,,,61280.725883674124,95789.86702709962,True,True,post_v181_one_drop_one_add_whole_loan_swap,post-v181 one-swap pricing only; not multi-swap or global proof,D,C,1,1,2,0,3,1,2018,2018,other,other
v63_source_repair_return_guarded_repair,incumbent_cvar_relaxed_source_lp,136288831,126733849,1000.0,1000.0,-159.91299271774713,-186.9469746106631,27.03398189291596,1765.28480047508,842400.0,True,True,6.907218559226713e-06,0.8980294396961064,0,,,61352.41533766073,95882.6078603436,True,True,post_v181_one_drop_one_add_whole_loan_swap,post-v181 one-swap pricing only; not multi-swap or global proof,D,B,1,0,2,4,3,3,2018,2018,other,NJ
v63_source_repair_return_guarded_repair,incumbent_cvar_relaxed_source_lp,136288831,126652025,1000.0,1000.0,-159.91299271774713,-206.92821374328602,47.01522102553889,1785.2660396077029,842400.0,True,True,6.907218559226713e-06,0.8992165242165242,0,,,61295.41544167185,95806.13552320104,True,True,post_v181_one_drop_one_add_whole_loan_swap,post-v181 one-swap pricing only; not multi-swap or global proof,D,C,1,1,2,3,3,1,2018,2018,other,FL
v63_source_repair_return_guarded_repair,incumbent_cvar_relaxed_source_lp,136288831,126468092,1000.0,1000.0,-159.91299271774713,-169.50590883596908,9.59291611822195,1747.8437347003858,842400.0,True,True,6.907218559226713e-06,0.8980294396961064,0,,,61375.31956021811,95913.84126231632,True,True,post_v181_one_drop_one_add_whole_loan_swap,post-v181 one-swap pricing only; not multi-swap or global proof,D,B,1,0,2,1,3,2,2018,2018,other,other
v63_source_repair_return_guarded_repair,incumbent_cvar_relaxed_source_lp,136288831,126419064,1000.0,1000.0,-159.91299271774713,-198.85427993768698,38.94128721993985,1777.1921058021037,842400.0,True,True,6.907218559226713e-06,0.8992165242165242,0,,,61254.119360243756,95747.19862103897,True,True,post_v181_one_drop_one_add_whole_loan_swap,post-v181 one-swap pricing only; not multi-swap or global proof,D,D,1,2,2,4,3,1,2018,2018,other,other
v63_source_repair_return_guarded_repair,incumbent_cvar_relaxed_source_lp,136288831,168701788,1000.0,1000.0,-159.91299271774713,-178.5860397151734,18.67304699742627,1756.9238655795903,842400.0,True,True,6.907218559226713e-06,0.8992165242165242,0,,,61272.99452192796,95756.896347056,True,True,post_v181_one_drop_one_add_whole_loan_swap,post-v181 one-swap pricing only; not multi-swap or global proof,D,C,1,1,2,3,3,1,2018,2020,other,TX
v63_source_repair_return_guarded_repair,incumbent_cvar_relaxed_source_lp,136288831,169358871,1000.0,1000.0,-159.91299271774713,-177.86634212741987,17.95334940967274,1756.2041679918366,842400.0,True,True,6.907218559226713e-06,0.8992165242165242,0,,,61282.7655392607,95744.47131201618,True,True,post_v181_one_drop_one_add_whole_loan_swap,post-v181 one-swap pricing only; not multi-swap or global proof,D,C,1,1,2,3,3,0,2018,2020,other,VA
v63_source_repair_return_guarded_repair,incumbent_cvar_relaxed_source_lp,136288831,139506195,1000.0,1000.0,-159.91299271774713,-177.67809625327766,17.76510353553053,1756.0159221176943,842400.0,True,True,6.907218559226713e-06,0.8992165242165242,0,,,61256.93085920928,95690.68968689574,True,True,post_v181_one_drop_one_add_whole_loan_swap,post-v181 one-swap pricing only; not multi-swap or global proof,D,D,1,2,2,2,3,0,2018,2018,other,CA
v63_source_repair_return_guarded_repair,incumbent_cvar_relaxed_source_lp,136288831,156823754,1000.0,1000.0,-159.91299271774713,-183.46022770133698,23.547234983589846,1761.7980535657537,842400.0,True,True,6.907218559226713e-06,0.8992165242165242,0,,,61254.53264010988,95669.78492351508,True,True,post_v181_one_drop_one_add_whole_loan_swap,post-v181 one-swap pricing only; not multi-swap or global proof,D,D,1,2,2,3,3,1,2018,2019,other,CA
v63_source_repair_return_guarded_repair,incumbent_cvar_relaxed_source_lp,136288831,156807668,1000.0,1000.0,-159.91299271774713,-175.85010442413147,15.937111706384343,1754.1879302885482,842400.0,True,True,6.907218559226713e-06,0.8992165242165242,0,,,61281.96613446859,95698.06128389278,True,True,post_v181_one_drop_one_add_whole_loan_swap,post-v181 one-swap pricing only; not multi-swap or global proof,D,D,1,2,2,0,3,0,2018,2019,other,TX
v63_source_repair_return_guarded_repair,incumbent_cvar_relaxed_source_lp,136272811,126523487,2000.0,2000.0,-346.7105103503359,-350.42656531605377,3.7160549657178876,1741.9668735478817,842400.0,True,True,6.907218559226713e-06,0.8992165242165242,0,,,61225.19926260399,95735.01769184825,True,True,post_v181_one_drop_one_add_whole_loan_swap,post-v181 one-swap pricing only; not multi-swap or global proof,B,C,1,1,4,4,1,1,2018,2018,MD,CA
v63_source_repair_return_guarded_repair,incumbent_cvar_relaxed_source_lp,145631603,127011905,1500.0,1500.0,-299.8429465613246,-310.3923206149292,10.549374053604595,1748.8001926357686,842400.0,True,True,6.907218559226713e-06,0.8992165242165242,0,,,61322.10928581619,95872.98512239382,True,True,post_v181_one_drop_one_add_whole_loan_swap,post-v181 one-swap pricing only; not multi-swap or global proof,D,C,2,1,1,2,3,2,2018,2018,MD,other
v63_source_repair_return_guarded_repair,incumbent_cvar_relaxed_source_lp,145493981,127672145,1000.0,1000.0,-188.86243065820042,-196.20083323856994,7.338402580369518,1745.5892211625335,842400.0,True,True,6.907218559226713e-06,0.8992165242165242,0,,,61375.522454876416,95919.3813857347,True,True,post_v181_one_drop_one_add_whole_loan_swap,post-v181 one-swap pricing only; not multi-swap or global proof,E,C,2,1,2,0,2,2,2018,2018,other,other
v63_source_repair_return_guarded_repair,incumbent_cvar_relaxed_source_lp,145493981,127475725,1000.0,1000.0,-188.86243065820042,-211.8282137432861,22.96578308508569,1761.2166016672495,842400.0,True,True,6.907218559226713e-06,0.8992165242165242,0,,,61349.62997391223,95887.27936747741,True,True,post_v181_one_drop_one_add_whole_loan_swap,post-v181 one-swap pricing only; not multi-swap or global proof,E,C,2,1,2,4,2,0,2018,2018,other,AZ
v63_source_repair_return_guarded_repair,incumbent_cvar_relaxed_source_lp,145493981,127582382,1000.0,1000.0,-188.86243065820042,-205.52183833714096,16.65940767894054,1754.9102262611045,842400.0,True,True,6.907218559226713e-06,0.8992165242165242,0,,,61291.645919733724,95808.94743322789,True,True,post_v181_one_drop_one_add_whole_loan_swap,post-v181 one-swap pricing only; not multi-swap or global proof,E,D,2,2,2,3,2,0,2018,2018,other,CA
v63_source_repair_return_guarded_repair,incumbent_cvar_relaxed_source_lp,145493981,126820122,1000.0,1000.0,-188.86243065820042,-201.89545162414464,13.033020965944218,1751.283839548108,842400.0,True,True,6.907218559226713e-06,0.8992165242165242,0,,,61334.940415914505,95871.01087137598,True,True,post_v181_one_drop_one_add_whole_loan_swap,post-v181 one-swap pricing only; not multi-swap or global proof,E,C,2,1,2,0,2,1,2018,2018,other,other
v63_source_repair_return_guarded_repair,incumbent_cvar_relaxed_source_lp,145493981,126652025,1000.0,1000.0,-188.86243065820042,-206.92821374328602,18.0657830850856,1756.3166016672494,842400.0,True,True,6.907218559226713e-06,0.8992165242165242,0,,,61349.62997391223,95887.27936747741,True,True,post_v181_one_drop_one_add_whole_loan_swap,post-v181 one-swap pricing only; not multi-swap or global proof,E,C,2,1,2,3,2,1,2018,2018,other,FL
v63_source_repair_return_guarded_repair,incumbent_cvar_relaxed_source_lp,145493981,126419064,1000.0,1000.0,-188.86243065820042,-198.85427993768698,9.991849279486559,1748.2426678616505,842400.0,True,True,6.907218559226713e-06,0.8992165242165242,0,,,61308.33389248414,95828.34246531533,True,True,post_v181_one_drop_one_add_whole_loan_swap,post-v181 one-swap pricing only; not multi-swap or global proof,E,D,2,2,2,4,2,1,2018,2018,other,other
v63_source_repair_return_guarded_repair,incumbent_cvar_relaxed_source_lp,145362947,127874931,1000.0,1000.0,-183.04925380724399,-186.9469746106631,3.897720803419105,1742.148539385583,842400.0,True,True,6.907218559226713e-06,0.8992165242165242,0,,,61273.94037063435,95756.15936605928,True,True,post_v181_one_drop_one_add_whole_loan_swap,post-v181 one-swap pricing only; not multi-swap or global proof,B,B,0,0,3,0,0,0,2018,2018,other,MN
v63_source_repair_return_guarded_repair,incumbent_cvar_relaxed_source_lp,145362947,126733849,1000.0,1000.0,-183.04925380724399,-186.9469746106631,3.897720803419105,1742.148539385583,842400.0,True,True,6.907218559226713e-06,0.8992165242165242,0,,,61273.94037063435,95756.15936605928,True,True,post_v181_one_drop_one_add_whole_loan_swap,post-v181 one-swap pricing only; not multi-swap or global proof,B,B,0,0,3,4,0,3,2018,2018,other,NJ
v63_source_repair_return_guarded_repair,incumbent_cvar_relaxed_source_lp,145331426,127475725,1000.0,1000.0,-204.9169466117999,-211.8282137432861,6.911267131486227,1745.1620857136502,842400.0,True,True,6.907218559226713e-06,0.8992165242165242,0,,,61385.704318273936,95913.2084729679,True,True,post_v181_one_drop_one_add_whole_loan_swap,post-v181 one-swap pricing only; not multi-swap or global proof,E,C,3,1,1,4,0,0,2018,2018,other,AZ
v63_source_repair_return_guarded_repair,incumbent_cvar_relaxed_source_lp,145331426,127582382,1000.0,1000.0,-204.9169466117999,-205.52183833714096,0.6048917253410764,1738.855710307505,842400.0,True,True,6.907218559226713e-06,0.8992165242165242,0,,,61327.720264095435,95834.87653871837,True,True,post_v181_one_drop_one_add_whole_loan_swap,post-v181 one-swap pricing only; not multi-swap or global proof,E,D,3,2,1,3,0,0,2018,2018,other,CA
v63_source_repair_return_guarded_repair,incumbent_cvar_relaxed_source_lp,145331426,126652025,1000.0,1000.0,-204.9169466117999,-206.92821374328602,2.011267131486136,1740.26208571365,842400.0,True,True,6.907218559226713e-06,0.8992165242165242,0,,,61385.704318273936,95913.2084729679,True,True,post_v181_one_drop_one_add_whole_loan_swap,post-v181 one-swap pricing only; not multi-swap or global proof,E,C,3,1,1,3,0,1,2018,2018,other,FL
v63_source_repair_return_guarded_repair,incumbent_cvar_relaxed_source_lp,145226217,127475725,1000.0,1000.0,-208.38787648824737,-211.8282137432861,3.4403372550387417,1741.6911558372026,842400.0,True,True,6.907218559226713e-06,0.8992165242165242,0,,,61305.304356244334,95768.61075271743,True,True,post_v181_one_drop_one_add_whole_loan_swap,post-v181 one-swap pricing only; not multi-swap or global proof,C,C,2,1,1,4,2,0,2018,2018,MD,AZ
v63_source_repair_return_guarded_repair,incumbent_cvar_relaxed_source_lp,145165788,127475725,1100.0,1000.0,-198.63301899901595,-211.8282137432861,13.195194744270168,1751.446013326434,842500.0,True,True,0.00010816869840624133,0.8991097922848664,0,,,61268.2810853742,95745.32579423128,True,True,post_v181_one_drop_one_add_whole_loan_swap,post-v181 one-swap pricing only; not multi-swap or global proof,B,C,1,1,4,4,2,0,2018,2018,CA,AZ
v63_source_repair_return_guarded_repair,incumbent_cvar_relaxed_source_lp,145165788,127582382,1100.0,1000.0,-198.63301899901595,-205.52183833714096,6.888819338125018,1745.1396379202888,842500.0,True,True,0.00010816869840624133,0.8991097922848664,0,,,61210.29703119569,95666.99385998175,True,True,post_v181_one_drop_one_add_whole_loan_swap,post-v181 one-swap pricing only; not multi-swap or global proof,B,D,1,2,4,3,2,0,2018,2018,CA,CA
v63_source_repair_return_guarded_repair,incumbent_cvar_relaxed_source_lp,145165788,126820122,1100.0,1000.0,-198.63301899901595,-201.89545162414464,3.262432625128696,1741.5132512072926,842500.0,True,True,0.00010816869840624133,0.8991097922848664,0,,,61253.591527376455,95729.05729812983,True,True,post_v181_one_drop_one_add_whole_loan_swap,post-v181 one-swap pricing only; not multi-swap or global proof,B,C,1,1,4,0,2,1,2018,2018,CA,other
v63_source_repair_return_guarded_repair,incumbent_cvar_relaxed_source_lp,145165788,126652025,1100.0,1000.0,-198.63301899901595,-206.92821374328602,8.295194744270077,1746.546013326434,842500.0,True,True,0.00010816869840624133,0.8991097922848664,0,,,61268.2810853742,95745.32579423128,True,True,post_v181_one_drop_one_add_whole_loan_swap,post-v181 one-swap pricing only; not multi-swap or global proof,B,C,1,1,4,3,2,1,2018,2018,CA,FL
v63_source_repair_return_guarded_repair,incumbent_cvar_relaxed_source_lp,145165788,126419064,1100.0,1000.0,-198.63301899901595,-198.85427993768698,0.2212609386710369,1738.472079520835,842500.0,True,True,0.00010816869840624133,0.8991097922848664,0,,,61226.9850039461,95686.38889206921,True,True,post_v181_one_drop_one_add_whole_loan_swap,post-v181 one-swap pricing only; not multi-swap or global proof,B,D,1,2,4,4,2,1,2018,2018,CA,other
v63_source_repair_return_guarded_repair,incumbent_cvar_relaxed_source_lp,145079878,127695160,1600.0,1500.0,-228.4979772708412,-235.90029594541494,7.402318674573735,1745.6531372567376,842500.0,True,True,0.00010816869840624133,0.8992284866468843,0,,,61299.42086359352,95814.68941051002,True,True,post_v181_one_drop_one_add_whole_loan_swap,post-v181 one-swap pricing only; not multi-swap or global proof,B,B,0,0,2,2,2,1,2018,2018,other,TX
v63_source_repair_return_guarded_repair,incumbent_cvar_relaxed_source_lp,145079878,126760355,1600.0,1500.0,-228.4979772708412,-250.40002765814089,21.90205038729968,1760.1528689694635,842500.0,True,True,0.00010816869840624133,0.8992284866468843,0,,,61299.62617211713,95814.97781660997,True,True,post_v181_one_drop_one_add_whole_loan_swap,post-v181 one-swap pricing only; not multi-swap or global proof,B,B,0,0,2,1,2,0,2018,2018,other,IL
v63_source_repair_return_guarded_repair,incumbent_cvar_relaxed_source_lp,145079878,126430923,1600.0,1500.0,-228.4979772708412,-243.25029594541493,14.75231867457373,1753.0031372567375,842500.0,True,True,0.00010816869840624133,0.8992284866468843,0,,,61299.42086359352,95814.68941051002,True,True,post_v181_one_drop_one_add_whole_loan_swap,post-v181 one-swap pricing only; not multi-swap or global proof,B,B,0,0,2,3,2,0,2018,2018,other,other
v63_source_repair_return_guarded_repair,incumbent_cvar_relaxed_source_lp,145085915,127475725,1200.0,1000.0,-205.42499551977616,-211.8282137432861,6.403218223509953,1744.654036805674,842600.0,True,True,0.00020940614277265013,0.8990030856871588,0,,,61311.418114601605,95828.95021315364,True,True,post_v181_one_drop_one_add_whole_loan_swap,post-v181 one-swap pricing only; not multi-swap or global proof,C,C,1,1,0,4,0,0,2018,2018,CA,AZ
v63_source_repair_return_guarded_repair,incumbent_cvar_relaxed_source_lp,145085915,127582382,1200.0,1000.0,-205.42499551977616,-205.52183833714096,0.09684281736480216,1738.3476613995288,842600.0,True,True,0.00020940614277265013,0.8990030856871588,0,,,61253.43406042309,95750.61827890412,True,True,post_v181_one_drop_one_add_whole_loan_swap,post-v181 one-swap pricing only; not multi-swap or global proof,C,D,1,2,0,3,0,0,2018,2018,CA,CA
v63_source_repair_return_guarded_repair,incumbent_cvar_relaxed_source_lp,145085915,126652025,1200.0,1000.0,-205.42499551977616,-206.92821374328602,1.5032182235098617,1739.7540368056739,842600.0,True,True,0.00020940614277265013,0.8990030856871588,0,,,61311.418114601605,95828.95021315364,True,True,post_v181_one_drop_one_add_whole_loan_swap,post-v181 one-swap pricing only; not multi-swap or global proof,C,C,1,1,0,3,0,1,2018,2018,CA,FL
v63_source_repair_return_guarded_repair,incumbent_cvar_relaxed_source_lp,145085915,160806330,1200.0,1200.0,-205.42499551977616,-210.10403328668124,4.679037766905083,1742.929856349069,842400.0,True,True,6.907218559226713e-06,0.8992165242165242,0,,,61203.66849419253,95576.0199839889,True,True,post_v181_one_drop_one_add_whole_loan_swap,post-v181 one-swap pricing only; not multi-swap or global proof,C,D,1,2,0,2,0,2,2018,2019,CA,FL
v63_source_repair_return_guarded_repair,incumbent_cvar_relaxed_source_lp,145071977,127672145,1000.0,1000.0,-188.86243065820042,-196.20083323856994,7.338402580369518,1745.5892211625335,842400.0,True,True,6.907218559226713e-06,0.8992165242165242,0,,,61375.522454876416,95919.3813857347,True,True,post_v181_one_drop_one_add_whole_loan_swap,post-v181 one-swap pricing only; not multi-swap or global proof,E,C,2,1,4,0,2,2,2018,2018,other,other
v63_source_repair_return_guarded_repair,incumbent_cvar_relaxed_source_lp,145071977,127475725,1000.0,1000.0,-188.86243065820042,-211.8282137432861,22.96578308508569,1761.2166016672495,842400.0,True,True,6.907218559226713e-06,0.8992165242165242,0,,,61349.62997391223,95887.27936747741,True,True,post_v181_one_drop_one_add_whole_loan_swap,post-v181 one-swap pricing only; not multi-swap or global proof,E,C,2,1,4,4,2,0,2018,2018,other,AZ
v63_source_repair_return_guarded_repair,incumbent_cvar_relaxed_source_lp,145071977,127582382,1000.0,1000.0,-188.86243065820042,-205.52183833714096,16.65940767894054,1754.9102262611045,842400.0,True,True,6.907218559226713e-06,0.8992165242165242,0,,,61291.645919733724,95808.94743322789,True,True,post_v181_one_drop_one_add_whole_loan_swap,post-v181 one-swap pricing only; not multi-swap or global proof,E,D,2,2,4,3,2,0,2018,2018,other,CA
v63_source_repair_return_guarded_repair,incumbent_cvar_relaxed_source_lp,145071977,126820122,1000.0,1000.0,-188.86243065820042,-201.89545162414464,13.033020965944218,1751.283839548108,842400.0,True,True,6.907218559226713e-06,0.8992165242165242,0,,,61334.940415914505,95871.01087137598,True,True,post_v181_one_drop_one_add_whole_loan_swap,post-v181 one-swap pricing only; not multi-swap or global proof,E,C,2,1,4,0,2,1,2018,2018,other,other
v63_source_repair_return_guarded_repair,incumbent_cvar_relaxed_source_lp,145071977,126652025,1000.0,1000.0,-188.86243065820042,-206.92821374328602,18.0657830850856,1756.3166016672494,842400.0,True,True,6.907218559226713e-06,0.8992165242165242,0,,,61349.62997391223,95887.27936747741,True,True,post_v181_one_drop_one_add_whole_loan_swap,post-v181 one-swap pricing only; not multi-swap or global proof,E,C,2,1,4,3,2,1,2018,2018,other,FL
v63_source_repair_return_guarded_repair,incumbent_cvar_relaxed_source_lp,145071977,126419064,1000.0,1000.0,-188.86243065820042,-198.85427993768698,9.991849279486559,1748.2426678616505,842400.0,True,True,6.907218559226713e-06,0.8992165242165242,0,,,61308.33389248414,95828.34246531533,True,True,post_v181_one_drop_one_add_whole_loan_swap,post-v181 one-swap pricing only; not multi-swap or global proof,E,D,2,2,4,4,2,1,2018,2018,other,other
v63_source_repair_return_guarded_repair,incumbent_cvar_relaxed_source_lp,144526368,126483031,1200.0,1200.0,-189.01348295313088,-200.480236756332,11.46675380320113,1749.717572385365,842400.0,True,True,6.907218559226713e-06,0.8992165242165242,0,,,61274.03909038124,95761.28945498493,True,True,post_v181_one_drop_one_add_whole_loan_swap,post-v181 one-swap pricing only; not multi-swap or global proof,B,B,0,0,2,2,1,0,2018,2018,NJ,FL
v63_source_repair_return_guarded_repair,incumbent_cvar_relaxed_source_lp,144651364,127475725,1000.0,1000.0,-208.38787648824737,-211.8282137432861,3.4403372550387417,1741.6911558372026,842400.0,True,True,6.907218559226713e-06,0.8992165242165242,0,,,61305.304356244334,95768.61075271743,True,True,post_v181_one_drop_one_add_whole_loan_swap,post-v181 one-swap pricing only; not multi-swap or global proof,C,C,2,1,3,4,1,0,2018,2018,other,AZ
v63_source_repair_return_guarded_repair,incumbent_cvar_relaxed_source_lp,144589441,127011905,1500.0,1500.0,-301.66572655925194,-310.3923206149292,8.726594055677253,1746.977412637841,842400.0,True,True,6.907218559226713e-06,0.8992165242165242,0,,,61271.841937955716,95781.30401976616,True,True,post_v181_one_drop_one_add_whole_loan_swap,post-v181 one-swap pricing only; not multi-swap or global proof,C,C,1,1,2,2,2,2,2018,2018,MD,other
v63_source_repair_return_guarded_repair,incumbent_cvar_relaxed_source_lp,144322662,127011905,1600.0,1500.0,-296.15064241695194,-310.3923206149292,14.24167819797725,1752.4924967801412,842500.0,True,True,0.00010816869840624133,0.8991097922848664,0,,,61307.187652708366,95848.77802675328,True,True,post_v181_one_drop_one_add_whole_loan_swap,post-v181 one-swap pricing only; not multi-swap or global proof,C,C,1,1,2,2,1,2,2018,2018,other,other
v63_source_repair_return_guarded_repair,incumbent_cvar_relaxed_source_lp,144306607,127475725,1100.0,1000.0,-196.7269756687091,-211.8282137432861,15.101238074577026,1753.3520566567408,842500.0,True,True,0.00010816869840624133,0.8991097922848664,0,,,61380.32223846422,95950.24793450424,True,True,post_v181_one_drop_one_add_whole_loan_swap,post-v181 one-swap pricing only; not multi-swap or global proof,E,C,2,1,2,4,0,0,2018,2018,NY,AZ
v63_source_repair_return_guarded_repair,incumbent_cvar_relaxed_source_lp,144306607,127582382,1100.0,1000.0,-196.7269756687091,-205.52183833714096,8.794862668431875,1747.0456812505959,842500.0,True,True,0.00010816869840624133,0.8991097922848664,0,,,61322.33818428572,95871.91600025471,True,True,post_v181_one_drop_one_add_whole_loan_swap,post-v181 one-swap pricing only; not multi-swap or global proof,E,D,2,2,2,3,0,0,2018,2018,NY,CA
v63_source_repair_return_guarded_repair,incumbent_cvar_relaxed_source_lp,144306607,126820122,1100.0,1000.0,-196.7269756687091,-201.89545162414464,5.168475955435554,1743.4192945375994,842500.0,True,True,0.00010816869840624133,0.8991097922848664,0,,,61365.632680466486,95933.97943840279,True,True,post_v181_one_drop_one_add_whole_loan_swap,post-v181 one-swap pricing only; not multi-swap or global proof,E,C,2,1,2,0,0,1,2018,2018,NY,other
v63_source_repair_return_guarded_repair,incumbent_cvar_relaxed_source_lp,144306607,126652025,1100.0,1000.0,-196.7269756687091,-206.92821374328602,10.201238074576935,1748.4520566567408,842500.0,True,True,0.00010816869840624133,0.8991097922848664,0,,,61380.32223846422,95950.24793450424,True,True,post_v181_one_drop_one_add_whole_loan_swap,post-v181 one-swap pricing only; not multi-swap or global proof,E,C,2,1,2,3,0,1,2018,2018,NY,FL
v63_source_repair_return_guarded_repair,incumbent_cvar_relaxed_source_lp,144306607,126419064,1100.0,1000.0,-196.7269756687091,-198.85427993768698,2.1273042689778947,1740.3781228511418,842500.0,True,True,0.00010816869840624133,0.8991097922848664,0,,,61339.026157036125,95891.31103234217,True,True,post_v181_one_drop_one_add_whole_loan_swap,post-v181 one-swap pricing only; not multi-swap or global proof,E,D,2,2,2,4,0,1,2018,2018,NY,other
v63_source_repair_return_guarded_repair,incumbent_cvar_relaxed_source_lp,144248829,168841753,1000.0,1000.0,-14.62747078447996,-15.58411172619063,0.9566409417106687,1739.2074595238746,842400.0,True,True,6.907218559226713e-06,0.8992165242165242,0,,,61253.50234036146,95682.67060379466,True,True,post_v181_one_drop_one_add_whole_loan_swap,post-v181 one-swap pricing only; not multi-swap or global proof,A,A,1,1,2,1,3,0,2018,2020,NC,NY
v63_source_repair_return_guarded_repair,incumbent_cvar_relaxed_source_lp,144248829,168678809,1000.0,1000.0,-14.62747078447996,-25.935876492202276,11.308405707722315,1749.5592242898863,842400.0,True,True,6.907218559226713e-06,0.8992165242165242,0,,,61267.016197259654,95703.6469631877,True,True,post_v181_one_drop_one_add_whole_loan_swap,post-v181 one-swap pricing only; not multi-swap or global proof,A,A,1,1,2,1,3,0,2018,2020,NC,IN
v63_source_repair_return_guarded_repair,incumbent_cvar_relaxed_source_lp,144248829,170390171,1000.0,1000.0,-14.62747078447996,-23.632377345499286,9.004906561019325,1747.2557251431833,842400.0,True,True,6.907218559226713e-06,0.8992165242165242,0,,,61263.61070771809,95696.71416300262,True,True,post_v181_one_drop_one_add_whole_loan_swap,post-v181 one-swap pricing only; not multi-swap or global proof,A,A,1,1,2,0,3,0,2018,2020,NC,other
v63_source_repair_return_guarded_repair,incumbent_cvar_relaxed_source_lp,144248829,169450190,1000.0,1000.0,-14.62747078447996,-22.58050328415853,7.953032499678571,1746.2038510818425,842400.0,True,True,6.907218559226713e-06,0.8992165242165242,0,,,61246.295983229546,95661.70612967684,True,True,post_v181_one_drop_one_add_whole_loan_swap,post-v181 one-swap pricing only; not multi-swap or global proof,A,A,1,1,2,0,3,0,2018,2020,NC,AZ
v63_source_repair_return_guarded_repair,incumbent_cvar_relaxed_source_lp,144016649,127011905,1500.0,1500.0,-268.05191607604837,-310.3923206149292,42.34040453888082,1780.5912231210448,842400.0,True,True,6.907218559226713e-06,0.8992165242165242,0,,,61181.20797449107,95667.84654942372,True,True,post_v181_one_drop_one_add_whole_loan_swap,post-v181 one-swap pricing only; not multi-swap or global proof,B,C,1,1,2,2,0,2,2018,2018,other,other
v63_source_repair_return_guarded_repair,incumbent_cvar_relaxed_source_lp,144136832,127672145,1000.0,1000.0,-189.73252834202836,-196.20083323856994,6.468304896541582,1744.7191234787056,842400.0,True,True,6.907218559226713e-06,0.8992165242165242,0,,,61292.77520007687,95792.86745326743,True,True,post_v181_one_drop_one_add_whole_loan_swap,post-v181 one-swap pricing only; not multi-swap or global proof,C,C,1,1,0,0,0,2,2018,2018,other,other
v63_source_repair_return_guarded_repair,incumbent_cvar_relaxed_source_lp,144136832,127475725,1000.0,1000.0,-189.73252834202836,-211.8282137432861,22.095685401257754,1760.3465039834216,842400.0,True,True,6.907218559226713e-06,0.8992165242165242,0,,,61266.882719112684,95760.76543501017,True,True,post_v181_one_drop_one_add_whole_loan_swap,post-v181 one-swap pricing only; not multi-swap or global proof,C,C,1,1,0,4,0,0,2018,2018,other,AZ
v63_source_repair_return_guarded_repair,incumbent_cvar_relaxed_source_lp,144136832,127582382,1000.0,1000.0,-189.73252834202836,-205.52183833714096,15.789309995112603,1754.0401285772764,842400.0,True,True,6.907218559226713e-06,0.8992165242165242,0,,,61208.898664934175,95682.43350076061,True,True,post_v181_one_drop_one_add_whole_loan_swap,post-v181 one-swap pricing only; not multi-swap or global proof,C,D,1,2,0,3,0,0,2018,2018,other,CA
v63_source_repair_return_guarded_repair,incumbent_cvar_relaxed_source_lp,144136832,126820122,1000.0,1000.0,-189.73252834202836,-201.89545162414464,12.162923282116282,1750.4137418642802,842400.0,True,True,6.907218559226713e-06,0.8992165242165242,0,,,61252.19316111495,95744.49693890873,True,True,post_v181_one_drop_one_add_whole_loan_swap,post-v181 one-swap pricing only; not multi-swap or global proof,C,C,1,1,0,0,0,1,2018,2018,other,other
v63_source_repair_return_guarded_repair,incumbent_cvar_relaxed_source_lp,144136832,126652025,1000.0,1000.0,-189.73252834202836,-206.92821374328602,17.195685401257663,1755.4465039834215,842400.0,True,True,6.907218559226713e-06,0.8992165242165242,0,,,61266.882719112684,95760.76543501017,True,True,post_v181_one_drop_one_add_whole_loan_swap,post-v181 one-swap pricing only; not multi-swap or global proof,C,C,1,1,0,3,0,1,2018,2018,other,FL
v63_source_repair_return_guarded_repair,incumbent_cvar_relaxed_source_lp,144136832,126419064,1000.0,1000.0,-189.73252834202836,-198.85427993768698,9.121751595658623,1747.3725701778226,842400.0,True,True,6.907218559226713e-06,0.8992165242165242,0,,,61225.58663768458,95701.82853284807,True,True,post_v181_one_drop_one_add_whole_loan_swap,post-v181 one-swap pricing only; not multi-swap or global proof,C,D,1,2,0,4,0,1,2018,2018,other,other
v63_source_repair_return_guarded_repair,incumbent_cvar_relaxed_source_lp,143942005,127475725,1000.0,1000.0,-201.79415151059513,-211.8282137432861,10.034062232690985,1748.284880814855,842400.0,True,True,6.907218559226713e-06,0.8992165242165242,0,,,61273.591304356734,95766.5580197557,True,True,post_v181_one_drop_one_add_whole_loan_swap,post-v181 one-swap pricing only; not multi-swap or global proof,C,C,1,1,3,4,2,0,2018,2018,NY,AZ
v63_source_repair_return_guarded_repair,incumbent_cvar_relaxed_source_lp,143942005,127582382,1000.0,1000.0,-201.79415151059513,-205.52183833714096,3.7276868265458347,1741.9785054087097,842400.0,True,True,6.907218559226713e-06,0.8992165242165242,0,,,61215.60725017822,95688.22608550616,True,True,post_v181_one_drop_one_add_whole_loan_swap,post-v181 one-swap pricing only; not multi-swap or global proof,C,D,1,2,3,3,2,0,2018,2018,NY,CA
v63_source_repair_return_guarded_repair,incumbent_cvar_relaxed_source_lp,143942005,126820122,1000.0,1000.0,-201.79415151059513,-201.89545162414464,0.10130011354951307,1738.3521186957134,842400.0,True,True,6.907218559226713e-06,0.8992165242165242,0,,,61258.901746359,95750.28952365425,True,True,post_v181_one_drop_one_add_whole_loan_swap,post-v181 one-swap pricing only; not multi-swap or global proof,C,C,1,1,3,0,2,1,2018,2018,NY,other
v63_source_repair_return_guarded_repair,incumbent_cvar_relaxed_source_lp,143942005,126652025,1000.0,1000.0,-201.79415151059513,-206.92821374328602,5.134062232690894,1743.3848808148548,842400.0,True,True,6.907218559226713e-06,0.8992165242165242,0,,,61273.591304356734,95766.5580197557,True,True,post_v181_one_drop_one_add_whole_loan_swap,post-v181 one-swap pricing only; not multi-swap or global proof,C,C,1,1,3,3,2,1,2018,2018,NY,FL
v63_source_repair_return_guarded_repair,incumbent_cvar_relaxed_source_lp,143873022,127475725,1000.0,1000.0,-206.51598895319688,-211.8282137432861,5.312224790089232,1743.563043372253,842400.0,True,True,6.907218559226713e-06,0.8992165242165242,0,,,61252.0760959529,95712.90465177668,True,True,post_v181_one_drop_one_add_whole_loan_swap,post-v181 one-swap pricing only; not multi-swap or global proof,B,C,1,1,2,4,4,0,2018,2018,CA,AZ
v63_source_repair_return_guarded_repair,incumbent_cvar_relaxed_source_lp,143873022,126652025,1000.0,1000.0,-206.51598895319688,-206.92821374328602,0.4122247900891409,1738.663043372253,842400.0,True,True,6.907218559226713e-06,0.8992165242165242,0,,,61252.0760959529,95712.90465177668,True,True,post_v181_one_drop_one_add_whole_loan_swap,post-v181 one-swap pricing only; not multi-swap or global proof,B,C,1,1,2,3,4,1,2018,2018,CA,FL
v63_source_repair_return_guarded_repair,incumbent_cvar_relaxed_source_lp,142830014,126483031,1200.0,1200.0,-189.4715102152384,-200.480236756332,11.008726541093608,1749.2595451232576,842400.0,True,True,6.907218559226713e-06,0.8992165242165242,0,,,61304.01096554169,95817.016346095,True,True,post_v181_one_drop_one_add_whole_loan_swap,post-v181 one-swap pricing only; not multi-swap or global proof,B,B,0,0,1,2,0,0,2018,2018,IL,FL
v63_source_repair_return_guarded_repair,incumbent_cvar_relaxed_source_lp,143858157,127874931,1100.0,1000.0,-168.6715367259671,-186.9469746106631,18.275437884696004,1756.5262564668599,842500.0,True,True,0.00010816869840624133,0.8992284866468843,0,,,61264.68136829012,95756.18126369883,True,True,post_v181_one_drop_one_add_whole_loan_swap,post-v181 one-swap pricing only; not multi-swap or global proof,B,B,0,0,1,0,0,0,2018,2018,other,MN
v63_source_repair_return_guarded_repair,incumbent_cvar_relaxed_source_lp,143858157,126733849,1100.0,1000.0,-168.6715367259671,-186.9469746106631,18.275437884696004,1756.5262564668599,842500.0,True,True,0.00010816869840624133,0.8992284866468843,0,,,61264.68136829012,95756.18126369883,True,True,post_v181_one_drop_one_add_whole_loan_swap,post-v181 one-swap pricing only; not multi-swap or global proof,B,B,0,0,1,4,0,3,2018,2018,other,NJ
v63_source_repair_return_guarded_repair,incumbent_cvar_relaxed_source_lp,143858157,126468092,1100.0,1000.0,-168.6715367259671,-169.50590883596908,0.8343721100019934,1739.085190692166,842500.0,True,True,0.00010816869840624133,0.8992284866468843,0,,,61287.585590847506,95787.41466567155,True,True,post_v181_one_drop_one_add_whole_loan_swap,post-v181 one-swap pricing only; not multi-swap or global proof,B,B,0,0,1,1,0,2,2018,2018,other,other
v63_source_repair_return_guarded_repair,incumbent_cvar_relaxed_source_lp,143738130,127695160,2000.0,1500.0,-234.68765251493338,-235.90029594541494,1.2126434304815632,1739.4634620126456,842900.0,True,True,0.0005129743485339233,0.8992763079843398,0,,,61349.70718449945,95914.54247404101,True,True,post_v181_one_drop_one_add_whole_loan_swap,post-v181 one-swap pricing only; not multi-swap or global proof,B,B,0,0,3,2,0,1,2018,2018,other,TX
v63_source_repair_return_guarded_repair,incumbent_cvar_relaxed_source_lp,143738130,127281432,2000.0,2000.0,-234.68765251493338,-271.1059581396894,36.418305624756016,1774.6691242069198,842400.0,True,True,6.907218559226713e-06,0.8992165242165242,0,,,61265.696927752884,95796.52949494479,True,True,post_v181_one_drop_one_add_whole_loan_swap,post-v181 one-swap pricing only; not multi-swap or global proof,B,B,0,0,3,4,0,0,2018,2018,other,other
v63_source_repair_return_guarded_repair,incumbent_cvar_relaxed_source_lp,143738130,126760355,2000.0,1500.0,-234.68765251493338,-250.40002765814089,15.71237514320751,1753.9631937253714,842900.0,True,True,0.0005129743485339233,0.8992763079843398,0,,,61349.912493023076,95914.83088014096,True,True,post_v181_one_drop_one_add_whole_loan_swap,post-v181 one-swap pricing only; not multi-swap or global proof,B,B,0,0,3,1,0,0,2018,2018,other,IL
v63_source_repair_return_guarded_repair,incumbent_cvar_relaxed_source_lp,143738130,126430923,2000.0,1500.0,-234.68765251493338,-243.25029594541493,8.562643430481558,1746.8134620126455,842900.0,True,True,0.0005129743485339233,0.8992763079843398,0,,,61349.70718449945,95914.54247404101,True,True,post_v181_one_drop_one_add_whole_loan_swap,post-v181 one-swap pricing only; not multi-swap or global proof,B,B,0,0,3,3,0,0,2018,2018,other,other
v63_source_repair_return_guarded_repair,incumbent_cvar_relaxed_source_lp,143665074,127874931,1000.0,1000.0,-186.8834468242459,-186.9469746106631,0.0635277864171826,1738.314346368581,842400.0,True,True,6.907218559226713e-06,0.8980294396961064,0,,,61379.90850489802,95918.98954738879,True,True,post_v181_one_drop_one_add_whole_loan_swap,post-v181 one-swap pricing only; not multi-swap or global proof,D,B,2,0,2,0,0,0,2018,2018,WA,MN
v63_source_repair_return_guarded_repair,incumbent_cvar_relaxed_source_lp,143665074,127672145,1000.0,1000.0,-186.8834468242459,-196.20083323856994,9.317386414324034,1747.568204996488,842400.0,True,True,6.907218559226713e-06,0.8992165242165242,0,,,61348.801089873334,95874.61922850352,True,True,post_v181_one_drop_one_add_whole_loan_swap,post-v181 one-swap pricing only; not multi-swap or global proof,D,C,2,1,2,0,0,2,2018,2018,WA,other
v63_source_repair_return_guarded_repair,incumbent_cvar_relaxed_source_lp,143665074,127475725,1000.0,1000.0,-186.8834468242459,-211.8282137432861,24.944766919040205,1763.195585501204,842400.0,True,True,6.907218559226713e-06,0.8992165242165242,0,,,61322.90860890915,95842.51721024622,True,True,post_v181_one_drop_one_add_whole_loan_swap,post-v181 one-swap pricing only; not multi-swap or global proof,D,C,2,1,2,4,0,0,2018,2018,WA,AZ
v63_source_repair_return_guarded_repair,incumbent_cvar_relaxed_source_lp,143665074,127582382,1000.0,1000.0,-186.8834468242459,-205.52183833714096,18.638391512895055,1756.8892100950588,842400.0,True,True,6.907218559226713e-06,0.8992165242165242,0,,,61264.924554730635,95764.1852759967,True,True,post_v181_one_drop_one_add_whole_loan_swap,post-v181 one-swap pricing only; not multi-swap or global proof,D,D,2,2,2,3,0,0,2018,2018,WA,CA
v63_source_repair_return_guarded_repair,incumbent_cvar_relaxed_source_lp,143665074,126820122,1000.0,1000.0,-186.8834468242459,-201.89545162414464,15.012004799898733,1753.2628233820626,842400.0,True,True,6.907218559226713e-06,0.8992165242165242,0,,,61308.219050911415,95826.24871414481,True,True,post_v181_one_drop_one_add_whole_loan_swap,post-v181 one-swap pricing only; not multi-swap or global proof,D,C,2,1,2,0,0,1,2018,2018,WA,other
v63_source_repair_return_guarded_repair,incumbent_cvar_relaxed_source_lp,143665074,126733849,1000.0,1000.0,-186.8834468242459,-186.9469746106631,0.0635277864171826,1738.314346368581,842400.0,True,True,6.907218559226713e-06,0.8980294396961064,0,,,61379.90850489802,95918.98954738879,True,True,post_v181_one_drop_one_add_whole_loan_swap,post-v181 one-swap pricing only; not multi-swap or global proof,D,B,2,0,2,4,0,3,2018,2018,WA,NJ
v63_source_repair_return_guarded_repair,incumbent_cvar_relaxed_source_lp,143665074,126652025,1000.0,1000.0,-186.8834468242459,-206.92821374328602,20.044766919040114,1758.295585501204,842400.0,True,True,6.907218559226713e-06,0.8992165242165242,0,,,61322.90860890915,95842.51721024622,True,True,post_v181_one_drop_one_add_whole_loan_swap,post-v181 one-swap pricing only; not multi-swap or global proof,D,C,2,1,2,3,0,1,2018,2018,WA,FL
v63_source_repair_return_guarded_repair,incumbent_cvar_relaxed_source_lp,143665074,126419064,1000.0,1000.0,-186.8834468242459,-198.85427993768698,11.970833113441074,1750.221651695605,842400.0,True,True,6.907218559226713e-06,0.8992165242165242,0,,,61281.61252748106,95783.58030808416,True,True,post_v181_one_drop_one_add_whole_loan_swap,post-v181 one-swap pricing only; not multi-swap or global proof,D,D,2,2,2,4,0,1,2018,2018,WA,other
v63_source_repair_return_guarded_repair,incumbent_cvar_relaxed_source_lp,143574491,168803640,1500.0,1500.0,-19.952608974833005,-30.498264963412808,10.545655988579803,1748.7964745707436,842400.0,True,True,6.907218559226713e-06,0.8992165242165242,0,,,61233.38531252176,95653.94884013826,True,True,post_v181_one_drop_one_add_whole_loan_swap,post-v181 one-swap pricing only; not multi-swap or global proof,A,A,1,1,3,3,1,3,2018,2020,WA,IL
v63_source_repair_return_guarded_repair,incumbent_cvar_relaxed_source_lp,143524090,127011905,1500.0,1500.0,-273.9019160760482,-310.3923206149292,36.490404538880966,1774.7412231210449,842400.0,True,True,6.907218559226713e-06,0.8992165242165242,0,,,61181.20797449107,95667.84654942372,True,True,post_v181_one_drop_one_add_whole_loan_swap,post-v181 one-swap pricing only; not multi-swap or global proof,B,C,1,1,3,2,2,2,2018,2018,VA,other
v63_source_repair_return_guarded_repair,incumbent_cvar_relaxed_source_lp,143270876,127475725,1000.0,1000.0,-206.68655033930824,-211.8282137432861,5.141663403977873,1743.3924819861418,842400.0,True,True,6.907218559226713e-06,0.8992165242165242,0,,,61397.372059923255,95929.1610050701,True,True,post_v181_one_drop_one_add_whole_loan_swap,post-v181 one-swap pricing only; not multi-swap or global proof,E,C,3,1,1,4,2,0,2018,2018,other,AZ
v63_source_repair_return_guarded_repair,incumbent_cvar_relaxed_source_lp,143270876,126652025,1000.0,1000.0,-206.68655033930824,-206.92821374328602,0.24166340397778185,1738.4924819861417,842400.0,True,True,6.907218559226713e-06,0.8992165242165242,0,,,61397.372059923255,95929.1610050701,True,True,post_v181_one_drop_one_add_whole_loan_swap,post-v181 one-swap pricing only; not multi-swap or global proof,E,C,3,1,1,3,2,1,2018,2018,other,FL
v63_source_repair_return_guarded_repair,incumbent_cvar_relaxed_source_lp,143384974,127874931,1000.0,1000.0,-169.12746621153562,-186.9469746106631,17.81950839912747,1756.0703269812914,842400.0,True,True,6.907218559226713e-06,0.8980294396961064,0,,,61302.82106582646,95812.97590427281,True,True,post_v181_one_drop_one_add_whole_loan_swap,post-v181 one-swap pricing only; not multi-swap or global proof,C,B,1,0,1,0,0,0,2018,2018,NY,MN
v63_source_repair_return_guarded_repair,incumbent_cvar_relaxed_source_lp,143384974,127672145,1000.0,1000.0,-169.12746621153562,-196.20083323856994,27.073367027034323,1765.3241856091981,842400.0,True,True,6.907218559226713e-06,0.8992165242165242,0,,,61271.71365080177,95768.60558538754,True,True,post_v181_one_drop_one_add_whole_loan_swap,post-v181 one-swap pricing only; not multi-swap or global proof,C,C,1,1,1,0,0,2,2018,2018,NY,other
v63_source_repair_return_guarded_repair,incumbent_cvar_relaxed_source_lp,143384974,127475725,1000.0,1000.0,-169.12746621153562,-211.8282137432861,42.700747531750494,1780.9515661139144,842400.0,True,True,6.907218559226713e-06,0.8992165242165242,0,,,61245.82116983759,95736.50356713028,True,True,post_v181_one_drop_one_add_whole_loan_swap,post-v181 one-swap pricing only; not multi-swap or global proof,C,C,1,1,1,4,0,0,2018,2018,NY,AZ
v63_source_repair_return_guarded_repair,incumbent_cvar_relaxed_source_lp,143384974,127582382,1000.0,1000.0,-169.12746621153562,-205.52183833714096,36.394372125605344,1774.6451907077692,842400.0,True,True,6.907218559226713e-06,0.8992165242165242,0,,,61187.83711565908,95658.17163288074,True,True,post_v181_one_drop_one_add_whole_loan_swap,post-v181 one-swap pricing only; not multi-swap or global proof,C,D,1,2,1,3,0,0,2018,2018,NY,CA
v63_source_repair_return_guarded_repair,incumbent_cvar_relaxed_source_lp,143384974,126827839,1000.0,1000.0,-169.12746621153562,-175.77898463113021,6.651518419594595,1744.9023370017585,842400.0,True,True,6.907218559226713e-06,0.8992165242165242,0,,,61169.61074705652,95626.81500447278,True,True,post_v181_one_drop_one_add_whole_loan_swap,post-v181 one-swap pricing only; not multi-swap or global proof,C,E,1,2,1,0,0,4,2018,2018,NY,other
v63_source_repair_return_guarded_repair,incumbent_cvar_relaxed_source_lp,143384974,126820122,1000.0,1000.0,-169.12746621153562,-201.89545162414464,32.76798541260902,1771.018803994773,842400.0,True,True,6.907218559226713e-06,0.8992165242165242,0,,,61231.13161183985,95720.23507102884,True,True,post_v181_one_drop_one_add_whole_loan_swap,post-v181 one-swap pricing only; not multi-swap or global proof,C,C,1,1,1,0,0,1,2018,2018,NY,other
v63_source_repair_return_guarded_repair,incumbent_cvar_relaxed_source_lp,143384974,126733849,1000.0,1000.0,-169.12746621153562,-186.9469746106631,17.81950839912747,1756.0703269812914,842400.0,True,True,6.907218559226713e-06,0.8980294396961064,0,,,61302.82106582646,95812.97590427281,True,True,post_v181_one_drop_one_add_whole_loan_swap,post-v181 one-swap pricing only; not multi-swap or global proof,C,B,1,0,1,4,0,3,2018,2018,NY,NJ
v63_source_repair_return_guarded_repair,incumbent_cvar_relaxed_source_lp,143384974,126652025,1000.0,1000.0,-169.12746621153562,-206.92821374328602,37.8007475317504,1776.0515661139143,842400.0,True,True,6.907218559226713e-06,0.8992165242165242,0,,,61245.82116983759,95736.50356713028,True,True,post_v181_one_drop_one_add_whole_loan_swap,post-v181 one-swap pricing only; not multi-swap or global proof,C,C,1,1,1,3,0,1,2018,2018,NY,FL
v63_source_repair_return_guarded_repair,incumbent_cvar_relaxed_source_lp,143384974,126468092,1000.0,1000.0,-169.12746621153562,-169.50590883596908,0.3784426244334611,1738.6292612065974,842400.0,True,True,6.907218559226713e-06,0.8980294396961064,0,,,61325.725288383845,95844.20930624554,True,True,post_v181_one_drop_one_add_whole_loan_swap,post-v181 one-swap pricing only; not multi-swap or global proof,C,B,1,0,1,1,0,2,2018,2018,NY,other
v63_source_repair_return_guarded_repair,incumbent_cvar_relaxed_source_lp,143384974,126419064,1000.0,1000.0,-169.12746621153562,-198.85427993768698,29.726813726151363,1767.9776323083152,842400.0,True,True,6.907218559226713e-06,0.8992165242165242,0,,,61204.525088409486,95677.56666496818,True,True,post_v181_one_drop_one_add_whole_loan_swap,post-v181 one-swap pricing only; not multi-swap or global proof,C,D,1,2,1,4,0,1,2018,2018,NY,other
v63_source_repair_return_guarded_repair,incumbent_cvar_relaxed_source_lp,143384974,168701788,1000.0,1000.0,-169.12746621153562,-178.5860397151734,9.45857350363778,1747.7093920858017,842400.0,True,True,6.907218559226713e-06,0.8992165242165242,0,,,61223.400250093684,95687.26439098525,True,True,post_v181_one_drop_one_add_whole_loan_swap,post-v181 one-swap pricing only; not multi-swap or global proof,C,C,1,1,1,3,0,1,2018,2020,NY,TX
v63_source_repair_return_guarded_repair,incumbent_cvar_relaxed_source_lp,143384974,169358871,1000.0,1000.0,-169.12746621153562,-177.86634212741987,8.73887591588425,1746.9896944980483,842400.0,True,True,6.907218559226713e-06,0.8992165242165242,0,,,61233.17126742642,95674.83935594543,True,True,post_v181_one_drop_one_add_whole_loan_swap,post-v181 one-swap pricing only; not multi-swap or global proof,C,C,1,1,1,3,0,0,2018,2020,NY,VA
v63_source_repair_return_guarded_repair,incumbent_cvar_relaxed_source_lp,143384974,139506195,1000.0,1000.0,-169.12746621153562,-177.67809625327766,8.550630041742039,1746.801448623906,842400.0,True,True,6.907218559226713e-06,0.8992165242165242,0,,,61207.33658737501,95621.05773082498,True,True,post_v181_one_drop_one_add_whole_loan_swap,post-v181 one-swap pricing only; not multi-swap or global proof,C,D,1,2,1,2,0,0,2018,2018,NY,CA
v63_source_repair_return_guarded_repair,incumbent_cvar_relaxed_source_lp,143384974,156823754,1000.0,1000.0,-169.12746621153562,-183.46022770133698,14.332761489801356,1752.5835800719653,842400.0,True,True,6.907218559226713e-06,0.8992165242165242,0,,,61204.9383682756,95600.1529674443,True,True,post_v181_one_drop_one_add_whole_loan_swap,post-v181 one-swap pricing only; not multi-swap or global proof,C,D,1,2,1,3,0,1,2018,2019,NY,CA
v63_source_repair_return_guarded_repair,incumbent_cvar_relaxed_source_lp,143384974,156807668,1000.0,1000.0,-169.12746621153562,-175.85010442413147,6.722638212595854,1744.9734567947598,842400.0,True,True,6.907218559226713e-06,0.8992165242165242,0,,,61232.37186263432,95628.42932782198,True,True,post_v181_one_drop_one_add_whole_loan_swap,post-v181 one-swap pricing only; not multi-swap or global proof,C,D,1,2,1,0,0,0,2018,2019,NY,TX
v63_source_repair_return_guarded_repair,incumbent_cvar_relaxed_source_lp,143298636,127874931,1000.0,1000.0,-170.8325283420283,-186.9469746106631,16.114446268634794,1754.3652648507987,842400.0,True,True,6.907218559226713e-06,0.8980294396961064,0,,,61323.88261510155,95837.2377721527,True,True,post_v181_one_drop_one_add_whole_loan_swap,post-v181 one-swap pricing only; not multi-swap or global proof,C,B,1,0,1,0,2,0,2018,2018,other,MN
v63_source_repair_return_guarded_repair,incumbent_cvar_relaxed_source_lp,143298636,127672145,1000.0,1000.0,-170.8325283420283,-196.20083323856994,25.368304896541645,1763.6191234787057,842400.0,True,True,6.907218559226713e-06,0.8992165242165242,0,,,61292.77520007687,95792.86745326743,True,True,post_v181_one_drop_one_add_whole_loan_swap,post-v181 one-swap pricing only; not multi-swap or global proof,C,C,1,1,1,0,2,2,2018,2018,other,other
v63_source_repair_return_guarded_repair,incumbent_cvar_relaxed_source_lp,143298636,127475725,1000.0,1000.0,-170.8325283420283,-211.8282137432861,40.995685401257816,1779.2465039834217,842400.0,True,True,6.907218559226713e-06,0.8992165242165242,0,,,61266.882719112684,95760.76543501017,True,True,post_v181_one_drop_one_add_whole_loan_swap,post-v181 one-swap pricing only; not multi-swap or global proof,C,C,1,1,1,4,2,0,2018,2018,other,AZ
v63_source_repair_return_guarded_repair,incumbent_cvar_relaxed_source_lp,143298636,127582382,1000.0,1000.0,-170.8325283420283,-205.52183833714096,34.689309995112666,1772.9401285772765,842400.0,True,True,6.907218559226713e-06,0.8992165242165242,0,,,61208.898664934175,95682.43350076061,True,True,post_v181_one_drop_one_add_whole_loan_swap,post-v181 one-swap pricing only; not multi-swap or global proof,C,D,1,2,1,3,2,0,2018,2018,other,CA
v63_source_repair_return_guarded_repair,incumbent_cvar_relaxed_source_lp,143298636,126827839,1000.0,1000.0,-170.8325283420283,-175.77898463113021,4.946456289101917,1743.1972748712658,842400.0,True,True,6.907218559226713e-06,0.8992165242165242,0,,,61190.67229633161,95651.07687235267,True,True,post_v181_one_drop_one_add_whole_loan_swap,post-v181 one-swap pricing only; not multi-swap or global proof,C,E,1,2,1,0,2,4,2018,2018,other,other
v63_source_repair_return_guarded_repair,incumbent_cvar_relaxed_source_lp,143298636,126820122,1000.0,1000.0,-170.8325283420283,-201.89545162414464,31.062923282116344,1769.3137418642802,842400.0,True,True,6.907218559226713e-06,0.8992165242165242,0,,,61252.19316111495,95744.49693890873,True,True,post_v181_one_drop_one_add_whole_loan_swap,post-v181 one-swap pricing only; not multi-swap or global proof,C,C,1,1,1,0,2,1,2018,2018,other,other
v63_source_repair_return_guarded_repair,incumbent_cvar_relaxed_source_lp,143298636,126733849,1000.0,1000.0,-170.8325283420283,-186.9469746106631,16.114446268634794,1754.3652648507987,842400.0,True,True,6.907218559226713e-06,0.8980294396961064,0,,,61323.88261510155,95837.2377721527,True,True,post_v181_one_drop_one_add_whole_loan_swap,post-v181 one-swap pricing only; not multi-swap or global proof,C,B,1,0,1,4,2,3,2018,2018,other,NJ
v63_source_repair_return_guarded_repair,incumbent_cvar_relaxed_source_lp,143298636,126652025,1000.0,1000.0,-170.8325283420283,-206.92821374328602,36.095685401257725,1774.3465039834216,842400.0,True,True,6.907218559226713e-06,0.8992165242165242,0,,,61266.882719112684,95760.76543501017,True,True,post_v181_one_drop_one_add_whole_loan_swap,post-v181 one-swap pricing only; not multi-swap or global proof,C,C,1,1,1,3,2,1,2018,2018,other,FL
v63_source_repair_return_guarded_repair,incumbent_cvar_relaxed_source_lp,143298636,126419064,1000.0,1000.0,-170.8325283420283,-198.85427993768698,28.021751595658685,1766.2725701778227,842400.0,True,True,6.907218559226713e-06,0.8992165242165242,0,,,61225.58663768458,95701.82853284807,True,True,post_v181_one_drop_one_add_whole_loan_swap,post-v181 one-swap pricing only; not multi-swap or global proof,C,D,1,2,1,4,2,1,2018,2018,other,other
v63_source_repair_return_guarded_repair,incumbent_cvar_relaxed_source_lp,143298636,168701788,1000.0,1000.0,-170.8325283420283,-178.5860397151734,7.753511373145102,1746.004329955309,842400.0,True,True,6.907218559226713e-06,0.8992165242165242,0,,,61244.461799368786,95711.52625886514,True,True,post_v181_one_drop_one_add_whole_loan_swap,post-v181 one-swap pricing only; not multi-swap or global proof,C,C,1,1,1,3,2,1,2018,2020,other,TX
v63_source_repair_return_guarded_repair,incumbent_cvar_relaxed_source_lp,143298636,169358871,1000.0,1000.0,-170.8325283420283,-177.86634212741987,7.0338137853915725,1745.2846323675556,842400.0,True,True,6.907218559226713e-06,0.8992165242165242,0,,,61254.23281670152,95699.10122382532,True,True,post_v181_one_drop_one_add_whole_loan_swap,post-v181 one-swap pricing only; not multi-swap or global proof,C,C,1,1,1,3,2,0,2018,2020,other,VA
v63_source_repair_return_guarded_repair,incumbent_cvar_relaxed_source_lp,143298636,139506195,1000.0,1000.0,-170.8325283420283,-177.67809625327766,6.845567911249361,1745.0963864934133,842400.0,True,True,6.907218559226713e-06,0.8992165242165242,0,,,61228.39813665011,95645.31959870484,True,True,post_v181_one_drop_one_add_whole_loan_swap,post-v181 one-swap pricing only; not multi-swap or global proof,C,D,1,2,1,2,2,0,2018,2018,other,CA
v63_source_repair_return_guarded_repair,incumbent_cvar_relaxed_source_lp,143298636,156823754,1000.0,1000.0,-170.8325283420283,-183.46022770133698,12.627699359308679,1750.8785179414726,842400.0,True,True,6.907218559226713e-06,0.8992165242165242,0,,,61225.999917550704,95624.41483532419,True,True,post_v181_one_drop_one_add_whole_loan_swap,post-v181 one-swap pricing only; not multi-swap or global proof,C,D,1,2,1,3,2,1,2018,2019,other,CA
v63_source_repair_return_guarded_repair,incumbent_cvar_relaxed_source_lp,143298636,156807668,1000.0,1000.0,-170.8325283420283,-175.85010442413147,5.017576082103176,1743.2683946642671,842400.0,True,True,6.907218559226713e-06,0.8992165242165242,0,,,61253.433411909406,95652.69119570186,True,True,post_v181_one_drop_one_add_whole_loan_swap,post-v181 one-swap pricing only; not multi-swap or global proof,C,D,1,2,1,0,2,0,2018,2019,other,TX
v63_source_repair_return_guarded_repair,incumbent_cvar_relaxed_source_lp,143284918,127011905,1500.0,1500.0,-289.6719454959282,-310.3923206149292,20.720375119001005,1758.9711937011648,842400.0,True,True,6.907218559226713e-06,0.8992165242165242,0,,,61311.73173257067,95873.6765871056,True,True,post_v181_one_drop_one_add_whole_loan_swap,post-v181 one-swap pricing only; not multi-swap or global proof,D,C,2,1,0,2,0,2,2018,2018,PA,other
v63_source_repair_return_guarded_repair,incumbent_cvar_relaxed_source_lp,143278940,127695160,1500.0,1500.0,-223.96024592785653,-235.90029594541494,11.940050017558406,1750.1908685997223,842400.0,True,True,6.907218559226713e-06,0.8992165242165242,0,,,61267.16218879918,95780.61971932411,True,True,post_v181_one_drop_one_add_whole_loan_swap,post-v181 one-swap pricing only; not multi-swap or global proof,B,B,0,0,4,2,0,1,2018,2018,MD,TX
v63_source_repair_return_guarded_repair,incumbent_cvar_relaxed_source_lp,143278940,126760355,1500.0,1500.0,-223.96024592785653,-250.40002765814089,26.439781730284352,1764.6906003124482,842400.0,True,True,6.907218559226713e-06,0.8992165242165242,0,,,61267.367497322775,95780.90812542404,True,True,post_v181_one_drop_one_add_whole_loan_swap,post-v181 one-swap pricing only; not multi-swap or global proof,B,B,0,0,4,1,0,0,2018,2018,MD,IL
v63_source_repair_return_guarded_repair,incumbent_cvar_relaxed_source_lp,143278940,126430923,1500.0,1500.0,-223.96024592785653,-243.25029594541493,19.2900500175584,1757.5408685997222,842400.0,True,True,6.907218559226713e-06,0.8992165242165242,0,,,61267.16218879918,95780.61971932411,True,True,post_v181_one_drop_one_add_whole_loan_swap,post-v181 one-swap pricing only; not multi-swap or global proof,B,B,0,0,4,3,0,0,2018,2018,MD,other
v63_source_repair_return_guarded_repair,incumbent_cvar_relaxed_source_lp,142458634,127011905,1500.0,1500.0,-292.8487925130425,-310.3923206149292,17.543528101886693,1755.7943466840507,842400.0,True,True,6.907218559226713e-06,0.8992165242165242,0,,,61262.81789584502,95786.43738215018,True,True,post_v181_one_drop_one_add_whole_loan_swap,post-v181 one-swap pricing only; not multi-swap or global proof,C,C,1,1,1,2,2,2,2018,2018,WA,other
v63_source_repair_return_guarded_repair,incumbent_cvar_relaxed_source_lp,142458562,127011905,1500.0,1500.0,-304.6466216200544,-310.3923206149292,5.745698994874772,1743.9965175770387,842400.0,True,True,6.907218559226713e-06,0.8992165242165242,0,,,61394.003494863064,95925.9932150184,True,True,post_v181_one_drop_one_add_whole_loan_swap,post-v181 one-swap pricing only; not multi-swap or global proof,D,C,3,1,1,2,0,2,2018,2018,other,other
v63_source_repair_return_guarded_repair,incumbent_cvar_relaxed_source_lp,142973413,127874931,1000.0,1000.0,-179.69170236503285,-186.9469746106631,7.255272245630238,1745.5060908277942,842400.0,True,True,6.907218559226713e-06,0.8980294396961064,0,,,61397.294837672656,95962.31213174568,True,True,post_v181_one_drop_one_add_whole_loan_swap,post-v181 one-swap pricing only; not multi-swap or global proof,E,B,2,0,0,0,0,0,2018,2018,PA,MN
v63_source_repair_return_guarded_repair,incumbent_cvar_relaxed_source_lp,142973413,127672145,1000.0,1000.0,-179.69170236503285,-196.20083323856994,16.50913087353709,1754.759949455701,842400.0,True,True,6.907218559226713e-06,0.8992165242165242,0,,,61366.187422647956,95917.9418128604,True,True,post_v181_one_drop_one_add_whole_loan_swap,post-v181 one-swap pricing only; not multi-swap or global proof,E,C,2,1,0,0,0,2,2018,2018,PA,other
v63_source_repair_return_guarded_repair,incumbent_cvar_relaxed_source_lp,142973413,127475725,1000.0,1000.0,-179.69170236503285,-211.8282137432861,32.13651137825326,1770.3873299604172,842400.0,True,True,6.907218559226713e-06,0.8992165242165242,0,,,61340.29494168377,95885.8397946031,True,True,post_v181_one_drop_one_add_whole_loan_swap,post-v181 one-swap pricing only; not multi-swap or global proof,E,C,2,1,0,4,0,0,2018,2018,PA,AZ
v63_source_repair_return_guarded_repair,incumbent_cvar_relaxed_source_lp,142973413,127582382,1000.0,1000.0,-179.69170236503285,-205.52183833714096,25.83013597210811,1764.080954554272,842400.0,True,True,6.907218559226713e-06,0.8992165242165242,0,,,61282.31088750527,95807.50786035361,True,True,post_v181_one_drop_one_add_whole_loan_swap,post-v181 one-swap pricing only; not multi-swap or global proof,E,D,2,2,0,3,0,0,2018,2018,PA,CA
v63_source_repair_return_guarded_repair,incumbent_cvar_relaxed_source_lp,142973413,126820122,1000.0,1000.0,-179.69170236503285,-201.89545162414464,22.203749259111788,1760.4545678412758,842400.0,True,True,6.907218559226713e-06,0.8992165242165242,0,,,61325.605383686045,95869.57129850169,True,True,post_v181_one_drop_one_add_whole_loan_swap,post-v181 one-swap pricing only; not multi-swap or global proof,E,C,2,1,0,0,0,1,2018,2018,PA,other
v63_source_repair_return_guarded_repair,incumbent_cvar_relaxed_source_lp,142973413,126733849,1000.0,1000.0,-179.69170236503285,-186.9469746106631,7.255272245630238,1745.5060908277942,842400.0,True,True,6.907218559226713e-06,0.8980294396961064,0,,,61397.294837672656,95962.31213174568,True,True,post_v181_one_drop_one_add_whole_loan_swap,post-v181 one-swap pricing only; not multi-swap or global proof,E,B,2,0,0,4,0,3,2018,2018,PA,NJ
v63_source_repair_return_guarded_repair,incumbent_cvar_relaxed_source_lp,142973413,126652025,1000.0,1000.0,-179.69170236503285,-206.92821374328602,27.23651137825317,1765.4873299604171,842400.0,True,True,6.907218559226713e-06,0.8992165242165242,0,,,61340.29494168377,95885.8397946031,True,True,post_v181_one_drop_one_add_whole_loan_swap,post-v181 one-swap pricing only; not multi-swap or global proof,E,C,2,1,0,3,0,1,2018,2018,PA,FL
v63_source_repair_return_guarded_repair,incumbent_cvar_relaxed_source_lp,142973413,126419064,1000.0,1000.0,-179.69170236503285,-198.85427993768698,19.16257757265413,1757.413396154818,842400.0,True,True,6.907218559226713e-06,0.8992165242165242,0,,,61298.998860255684,95826.90289244108,True,True,post_v181_one_drop_one_add_whole_loan_swap,post-v181 one-swap pricing only; not multi-swap or global proof,E,D,2,2,0,4,0,1,2018,2018,PA,other
v63_source_repair_return_guarded_repair,incumbent_cvar_relaxed_source_lp,142973413,156823754,1000.0,1000.0,-179.69170236503285,-183.46022770133698,3.7685253363041227,1742.019343918468,842400.0,True,True,6.907218559226713e-06,0.8992165242165242,0,,,61299.4121401218,95749.48919491717,True,True,post_v181_one_drop_one_add_whole_loan_swap,post-v181 one-swap pricing only; not multi-swap or global proof,E,D,2,2,0,3,0,1,2018,2019,PA,CA
v63_source_repair_return_guarded_repair,incumbent_cvar_relaxed_source_lp,143157007,127475725,1000.0,1000.0,-207.2466798003709,-211.8282137432861,4.5815339429152,1742.8323525250792,842400.0,True,True,6.907218559226713e-06,0.8992165242165242,0,,,61378.19700845874,95922.39144627877,True,True,post_v181_one_drop_one_add_whole_loan_swap,post-v181 one-swap pricing only; not multi-swap or global proof,E,C,3,1,2,4,3,0,2018,2018,other,AZ
v63_source_repair_return_guarded_repair,incumbent_cvar_relaxed_source_lp,143136725,127874931,1000.0,1000.0,-177.5369868619323,-186.9469746106631,9.4099877487308,1747.6608063308947,842400.0,True,True,6.907218559226713e-06,0.8980294396961064,0,,,61469.054195729346,96063.73622595392,True,True,post_v181_one_drop_one_add_whole_loan_swap,post-v181 one-swap pricing only; not multi-swap or global proof,F,B,3,0,1,0,3,0,2018,2018,OH,MN
v63_source_repair_return_guarded_repair,incumbent_cvar_relaxed_source_lp,143136725,127672145,1000.0,1000.0,-177.5369868619323,-196.20083323856994,18.66384637663765,1756.9146649588015,842400.0,True,True,6.907218559226713e-06,0.8992165242165242,0,,,61437.94678070466,96019.36590706863,True,True,post_v181_one_drop_one_add_whole_loan_swap,post-v181 one-swap pricing only; not multi-swap or global proof,F,C,3,1,1,0,3,2,2018,2018,OH,other
v63_source_repair_return_guarded_repair,incumbent_cvar_relaxed_source_lp,143136725,127475725,1000.0,1000.0,-177.5369868619323,-211.8282137432861,34.29122688135382,1772.5420454635178,842400.0,True,True,6.907218559226713e-06,0.8992165242165242,0,,,61412.05429974047,95987.26388881136,True,True,post_v181_one_drop_one_add_whole_loan_swap,post-v181 one-swap pricing only; not multi-swap or global proof,F,C,3,1,1,4,3,0,2018,2018,OH,AZ
v63_source_repair_return_guarded_repair,incumbent_cvar_relaxed_source_lp,143136725,127582382,1000.0,1000.0,-177.5369868619323,-205.52183833714096,27.98485147520867,1766.2356700573725,842400.0,True,True,6.907218559226713e-06,0.8992165242165242,0,,,61354.07024556196,95908.93195456182,True,True,post_v181_one_drop_one_add_whole_loan_swap,post-v181 one-swap pricing only; not multi-swap or global proof,F,D,3,2,1,3,3,0,2018,2018,OH,CA
v63_source_repair_return_guarded_repair,incumbent_cvar_relaxed_source_lp,143136725,126820122,1000.0,1000.0,-177.5369868619323,-201.89545162414464,24.35846476221235,1762.6092833443763,842400.0,True,True,6.907218559226713e-06,0.8992165242165242,0,,,61397.36474174274,95970.99539270994,True,True,post_v181_one_drop_one_add_whole_loan_swap,post-v181 one-swap pricing only; not multi-swap or global proof,F,C,3,1,1,0,3,1,2018,2018,OH,other
v63_source_repair_return_guarded_repair,incumbent_cvar_relaxed_source_lp,143136725,126733849,1000.0,1000.0,-177.5369868619323,-186.9469746106631,9.4099877487308,1747.6608063308947,842400.0,True,True,6.907218559226713e-06,0.8980294396961064,0,,,61469.054195729346,96063.73622595392,True,True,post_v181_one_drop_one_add_whole_loan_swap,post-v181 one-swap pricing only; not multi-swap or global proof,F,B,3,0,1,4,3,3,2018,2018,OH,NJ
v63_source_repair_return_guarded_repair,incumbent_cvar_relaxed_source_lp,143136725,126652025,1000.0,1000.0,-177.5369868619323,-206.92821374328602,29.39122688135373,1767.6420454635177,842400.0,True,True,6.907218559226713e-06,0.8992165242165242,0,,,61412.05429974047,95987.26388881136,True,True,post_v181_one_drop_one_add_whole_loan_swap,post-v181 one-swap pricing only; not multi-swap or global proof,F,C,3,1,1,3,3,1,2018,2018,OH,FL
v63_source_repair_return_guarded_repair,incumbent_cvar_relaxed_source_lp,143136725,126419064,1000.0,1000.0,-177.5369868619323,-198.85427993768698,21.31729307575469,1759.5681116579185,842400.0,True,True,6.907218559226713e-06,0.8992165242165242,0,,,61370.758218312374,95928.32698664928,True,True,post_v181_one_drop_one_add_whole_loan_swap,post-v181 one-swap pricing only; not multi-swap or global proof,F,D,3,2,1,4,3,1,2018,2018,OH,other
v63_source_repair_return_guarded_repair,incumbent_cvar_relaxed_source_lp,143136725,168701788,1000.0,1000.0,-177.5369868619323,-178.5860397151734,1.0490528532411076,1739.299871435405,842400.0,True,True,6.907218559226713e-06,0.8992165242165242,0,,,61389.633379996565,95938.02471266635,True,True,post_v181_one_drop_one_add_whole_loan_swap,post-v181 one-swap pricing only; not multi-swap or global proof,F,C,3,1,1,3,3,1,2018,2020,OH,TX
v63_source_repair_return_guarded_repair,incumbent_cvar_relaxed_source_lp,143136725,169358871,1000.0,1000.0,-177.5369868619323,-177.86634212741987,0.3293552654875782,1738.5801738476514,842400.0,True,True,6.907218559226713e-06,0.8992165242165242,0,,,61399.40439732931,95925.59967762651,True,True,post_v181_one_drop_one_add_whole_loan_swap,post-v181 one-swap pricing only; not multi-swap or global proof,F,C,3,1,1,3,3,0,2018,2020,OH,VA
v63_source_repair_return_guarded_repair,incumbent_cvar_relaxed_source_lp,143136725,139506195,1000.0,1000.0,-177.5369868619323,-177.67809625327766,0.14110939134536693,1738.3919279735092,842400.0,True,True,6.907218559226713e-06,0.8992165242165242,0,,,61373.5697172779,95871.81805250606,True,True,post_v181_one_drop_one_add_whole_loan_swap,post-v181 one-swap pricing only; not multi-swap or global proof,F,D,3,2,1,2,3,0,2018,2018,OH,CA
v63_source_repair_return_guarded_repair,incumbent_cvar_relaxed_source_lp,143136725,156823754,1000.0,1000.0,-177.5369868619323,-183.46022770133698,5.923240839404684,1744.1740594215685,842400.0,True,True,6.907218559226713e-06,0.8992165242165242,0,,,61371.17149817849,95850.9132891254,True,True,post_v181_one_drop_one_add_whole_loan_swap,post-v181 one-swap pricing only; not multi-swap or global proof,F,D,3,2,1,3,3,1,2018,2019,OH,CA
v63_source_repair_return_guarded_repair,incumbent_cvar_relaxed_source_lp,143029391,127874931,1000.0,1000.0,-170.8325283420283,-186.9469746106631,16.114446268634794,1754.3652648507987,842400.0,True,True,6.907218559226713e-06,0.8980294396961064,0,,,61323.88261510155,95837.2377721527,True,True,post_v181_one_drop_one_add_whole_loan_swap,post-v181 one-swap pricing only; not multi-swap or global proof,C,B,1,0,2,0,0,0,2018,2018,IL,MN
v63_source_repair_return_guarded_repair,incumbent_cvar_relaxed_source_lp,143029391,127672145,1000.0,1000.0,-170.8325283420283,-196.20083323856994,25.368304896541645,1763.6191234787057,842400.0,True,True,6.907218559226713e-06,0.8992165242165242,0,,,61292.77520007687,95792.86745326743,True,True,post_v181_one_drop_one_add_whole_loan_swap,post-v181 one-swap pricing only; not multi-swap or global proof,C,C,1,1,2,0,0,2,2018,2018,IL,other
v63_source_repair_return_guarded_repair,incumbent_cvar_relaxed_source_lp,143029391,127475725,1000.0,1000.0,-170.8325283420283,-211.8282137432861,40.995685401257816,1779.2465039834217,842400.0,True,True,6.907218559226713e-06,0.8992165242165242,0,,,61266.882719112684,95760.76543501017,True,True,post_v181_one_drop_one_add_whole_loan_swap,post-v181 one-swap pricing only; not multi-swap or global proof,C,C,1,1,2,4,0,0,2018,2018,IL,AZ
v63_source_repair_return_guarded_repair,incumbent_cvar_relaxed_source_lp,143029391,127582382,1000.0,1000.0,-170.8325283420283,-205.52183833714096,34.689309995112666,1772.9401285772765,842400.0,True,True,6.907218559226713e-06,0.8992165242165242,0,,,61208.898664934175,95682.43350076061,True,True,post_v181_one_drop_one_add_whole_loan_swap,post-v181 one-swap pricing only; not multi-swap or global proof,C,D,1,2,2,3,0,0,2018,2018,IL,CA
v63_source_repair_return_guarded_repair,incumbent_cvar_relaxed_source_lp,143029391,126827839,1000.0,1000.0,-170.8325283420283,-175.77898463113021,4.946456289101917,1743.1972748712658,842400.0,True,True,6.907218559226713e-06,0.8992165242165242,0,,,61190.67229633161,95651.07687235267,True,True,post_v181_one_drop_one_add_whole_loan_swap,post-v181 one-swap pricing only; not multi-swap or global proof,C,E,1,2,2,0,0,4,2018,2018,IL,other
v63_source_repair_return_guarded_repair,incumbent_cvar_relaxed_source_lp,143029391,126820122,1000.0,1000.0,-170.8325283420283,-201.89545162414464,31.062923282116344,1769.3137418642802,842400.0,True,True,6.907218559226713e-06,0.8992165242165242,0,,,61252.19316111495,95744.49693890873,True,True,post_v181_one_drop_one_add_whole_loan_swap,post-v181 one-swap pricing only; not multi-swap or global proof,C,C,1,1,2,0,0,1,2018,2018,IL,other
v63_source_repair_return_guarded_repair,incumbent_cvar_relaxed_source_lp,143029391,126733849,1000.0,1000.0,-170.8325283420283,-186.9469746106631,16.114446268634794,1754.3652648507987,842400.0,True,True,6.907218559226713e-06,0.8980294396961064,0,,,61323.88261510155,95837.2377721527,True,True,post_v181_one_drop_one_add_whole_loan_swap,post-v181 one-swap pricing only; not multi-swap or global proof,C,B,1,0,2,4,0,3,2018,2018,IL,NJ
v63_source_repair_return_guarded_repair,incumbent_cvar_relaxed_source_lp,143029391,126652025,1000.0,1000.0,-170.8325283420283,-206.92821374328602,36.095685401257725,1774.3465039834216,842400.0,True,True,6.907218559226713e-06,0.8992165242165242,0,,,61266.882719112684,95760.76543501017,True,True,post_v181_one_drop_one_add_whole_loan_swap,post-v181 one-swap pricing only; not multi-swap or global proof,C,C,1,1,2,3,0,1,2018,2018,IL,FL
v63_source_repair_return_guarded_repair,incumbent_cvar_relaxed_source_lp,143029391,126419064,1000.0,1000.0,-170.8325283420283,-198.85427993768698,28.021751595658685,1766.2725701778227,842400.0,True,True,6.907218559226713e-06,0.8992165242165242,0,,,61225.58663768458,95701.82853284807,True,True,post_v181_one_drop_one_add_whole_loan_swap,post-v181 one-swap pricing only; not multi-swap or global proof,C,D,1,2,2,4,0,1,2018,2018,IL,other
v63_source_repair_return_guarded_repair,incumbent_cvar_relaxed_source_lp,143029391,168701788,1000.0,1000.0,-170.8325283420283,-178.5860397151734,7.753511373145102,1746.004329955309,842400.0,True,True,6.907218559226713e-06,0.8992165242165242,0,,,61244.461799368786,95711.52625886514,True,True,post_v181_one_drop_one_add_whole_loan_swap,post-v181 one-swap pricing only; not multi-swap or global proof,C,C,1,1,2,3,0,1,2018,2020,IL,TX
v63_source_repair_return_guarded_repair,incumbent_cvar_relaxed_source_lp,143029391,169358871,1000.0,1000.0,-170.8325283420283,-177.86634212741987,7.0338137853915725,1745.2846323675556,842400.0,True,True,6.907218559226713e-06,0.8992165242165242,0,,,61254.23281670152,95699.10122382532,True,True,post_v181_one_drop_one_add_whole_loan_swap,post-v181 one-swap pricing only; not multi-swap or global proof,C,C,1,1,2,3,0,0,2018,2020,IL,VA
v63_source_repair_return_guarded_repair,incumbent_cvar_relaxed_source_lp,143029391,139506195,1000.0,1000.0,-170.8325283420283,-177.67809625327766,6.845567911249361,1745.0963864934133,842400.0,True,True,6.907218559226713e-06,0.8992165242165242,0,,,61228.39813665011,95645.31959870484,True,True,post_v181_one_drop_one_add_whole_loan_swap,post-v181 one-swap pricing only; not multi-swap or global proof,C,D,1,2,2,2,0,0,2018,2018,IL,CA
v63_source_repair_return_guarded_repair,incumbent_cvar_relaxed_source_lp,143029391,156823754,1000.0,1000.0,-170.8325283420283,-183.46022770133698,12.627699359308679,1750.8785179414726,842400.0,True,True,6.907218559226713e-06,0.8992165242165242,0,,,61225.999917550704,95624.41483532419,True,True,post_v181_one_drop_one_add_whole_loan_swap,post-v181 one-swap pricing only; not multi-swap or global proof,C,D,1,2,2,3,0,1,2018,2019,IL,CA
v63_source_repair_return_guarded_repair,incumbent_cvar_relaxed_source_lp,143029391,156807668,1000.0,1000.0,-170.8325283420283,-175.85010442413147,5.017576082103176,1743.2683946642671,842400.0,True,True,6.907218559226713e-06,0.8992165242165242,0,,,61253.433411909406,95652.69119570186,True,True,post_v181_one_drop_one_add_whole_loan_swap,post-v181 one-swap pricing only; not multi-swap or global proof,C,D,1,2,2,0,0,0,2018,2019,IL,TX
v63_source_repair_return_guarded_repair,incumbent_cvar_relaxed_source_lp,143126474,168841753,1000.0,1000.0,-10.601739316555324,-15.58411172619063,4.982372409635305,1743.2331909917991,842400.0,True,True,6.907218559226713e-06,0.8992165242165242,0,,,61245.768686895084,95670.12336010704,True,True,post_v181_one_drop_one_add_whole_loan_swap,post-v181 one-swap pricing only; not multi-swap or global proof,A,A,1,1,2,1,4,0,2018,2020,TX,NY
v63_source_repair_return_guarded_repair,incumbent_cvar_relaxed_source_lp,143126474,168678809,1000.0,1000.0,-10.601739316555324,-25.935876492202276,15.334137175646951,1753.5849557578108,842400.0,True,True,6.907218559226713e-06,0.8992165242165242,0,,,61259.28254379328,95691.0997195001,True,True,post_v181_one_drop_one_add_whole_loan_swap,post-v181 one-swap pricing only; not multi-swap or global proof,A,A,1,1,2,1,4,0,2018,2020,TX,IN
v63_source_repair_return_guarded_repair,incumbent_cvar_relaxed_source_lp,143126474,170390171,1000.0,1000.0,-10.601739316555324,-23.632377345499286,13.030638028943962,1751.2814566111078,842400.0,True,True,6.907218559226713e-06,0.8992165242165242,0,,,61255.877054251716,95684.16691931502,True,True,post_v181_one_drop_one_add_whole_loan_swap,post-v181 one-swap pricing only; not multi-swap or global proof,A,A,1,1,2,0,4,0,2018,2020,TX,other
v63_source_repair_return_guarded_repair,incumbent_cvar_relaxed_source_lp,143126474,169450190,1000.0,1000.0,-10.601739316555324,-22.58050328415853,11.978763967603207,1750.2295825497672,842400.0,True,True,6.907218559226713e-06,0.8992165242165242,0,,,61238.56232976317,95649.1588859892,True,True,post_v181_one_drop_one_add_whole_loan_swap,post-v181 one-swap pricing only; not multi-swap or global proof,A,A,1,1,2,0,4,0,2018,2020,TX,AZ
v63_source_repair_return_guarded_repair,incumbent_cvar_relaxed_source_lp,143078336,127874931,1000.0,1000.0,-185.09415151059494,-186.9469746106631,1.85282310006815,1740.1036416822321,842400.0,True,True,6.907218559226713e-06,0.8980294396961064,0,,,61330.5912003456,95843.03035689822,True,True,post_v181_one_drop_one_add_whole_loan_swap,post-v181 one-swap pricing only; not multi-swap or global proof,C,B,1,0,0,0,0,0,2018,2018,CO,MN
v63_source_repair_return_guarded_repair,incumbent_cvar_relaxed_source_lp,143078336,127672145,1000.0,1000.0,-185.09415151059494,-196.20083323856994,11.106681727975001,1749.357500310139,842400.0,True,True,6.907218559226713e-06,0.8992165242165242,0,,,61299.48378532091,95798.66003801298,True,True,post_v181_one_drop_one_add_whole_loan_swap,post-v181 one-swap pricing only; not multi-swap or global proof,C,C,1,1,0,0,0,2,2018,2018,CO,other
v63_source_repair_return_guarded_repair,incumbent_cvar_relaxed_source_lp,143078336,127475725,1000.0,1000.0,-185.09415151059494,-211.8282137432861,26.734062232691173,1764.9848808148552,842400.0,True,True,6.907218559226713e-06,0.8992165242165242,0,,,61273.591304356734,95766.5580197557,True,True,post_v181_one_drop_one_add_whole_loan_swap,post-v181 one-swap pricing only; not multi-swap or global proof,C,C,1,1,0,4,0,0,2018,2018,CO,AZ
v63_source_repair_return_guarded_repair,incumbent_cvar_relaxed_source_lp,143078336,127582382,1000.0,1000.0,-185.09415151059494,-205.52183833714096,20.427686826546022,1758.67850540871,842400.0,True,True,6.907218559226713e-06,0.8992165242165242,0,,,61215.60725017822,95688.22608550616,True,True,post_v181_one_drop_one_add_whole_loan_swap,post-v181 one-swap pricing only; not multi-swap or global proof,C,D,1,2,0,3,0,0,2018,2018,CO,CA
v63_source_repair_return_guarded_repair,incumbent_cvar_relaxed_source_lp,143078336,126820122,1000.0,1000.0,-185.09415151059494,-201.89545162414464,16.8013001135497,1755.0521186957135,842400.0,True,True,6.907218559226713e-06,0.8992165242165242,0,,,61258.901746359,95750.28952365425,True,True,post_v181_one_drop_one_add_whole_loan_swap,post-v181 one-swap pricing only; not multi-swap or global proof,C,C,1,1,0,0,0,1,2018,2018,CO,other
v63_source_repair_return_guarded_repair,incumbent_cvar_relaxed_source_lp,143078336,126733849,1000.0,1000.0,-185.09415151059494,-186.9469746106631,1.85282310006815,1740.1036416822321,842400.0,True,True,6.907218559226713e-06,0.8980294396961064,0,,,61330.5912003456,95843.03035689822,True,True,post_v181_one_drop_one_add_whole_loan_swap,post-v181 one-swap pricing only; not multi-swap or global proof,C,B,1,0,0,4,0,3,2018,2018,CO,NJ
v63_source_repair_return_guarded_repair,incumbent_cvar_relaxed_source_lp,143078336,126652025,1000.0,1000.0,-185.09415151059494,-206.92821374328602,21.834062232691082,1760.084880814855,842400.0,True,True,6.907218559226713e-06,0.8992165242165242,0,,,61273.591304356734,95766.5580197557,True,True,post_v181_one_drop_one_add_whole_loan_swap,post-v181 one-swap pricing only; not multi-swap or global proof,C,C,1,1,0,3,0,1,2018,2018,CO,FL
v63_source_repair_return_guarded_repair,incumbent_cvar_relaxed_source_lp,143078336,126419064,1000.0,1000.0,-185.09415151059494,-198.85427993768698,13.760128427092042,1752.010947009256,842400.0,True,True,6.907218559226713e-06,0.8992165242165242,0,,,61232.29522292863,95707.62111759362,True,True,post_v181_one_drop_one_add_whole_loan_swap,post-v181 one-swap pricing only; not multi-swap or global proof,C,D,1,2,0,4,0,1,2018,2018,CO,other
v63_source_repair_return_guarded_repair,incumbent_cvar_relaxed_source_lp,142821489,126523487,2000.0,2000.0,-340.8025547680644,-350.42656531605377,9.624010547989371,1747.8748291301533,842400.0,True,True,6.907218559226713e-06,0.8992165242165242,0,,,61194.952324530765,95709.48101647828,True,True,post_v181_one_drop_one_add_whole_loan_swap,post-v181 one-swap pricing only; not multi-swap or global proof,B,C,1,1,3,4,1,1,2018,2018,VA,CA
v63_source_repair_return_guarded_repair,incumbent_cvar_relaxed_source_lp,142915519,127475725,1000.0,1000.0,-203.41089900797834,-211.8282137432861,8.41731473530777,1746.6681333174718,842400.0,True,True,6.907218559226713e-06,0.8992165242165242,0,,,61265.94675471846,95760.28926702261,True,True,post_v181_one_drop_one_add_whole_loan_swap,post-v181 one-swap pricing only; not multi-swap or global proof,C,C,1,1,2,4,0,0,2018,2018,CA,AZ
v63_source_repair_return_guarded_repair,incumbent_cvar_relaxed_source_lp,142915519,127582382,1000.0,1000.0,-203.41089900797834,-205.52183833714096,2.110939329162619,1740.3617579113265,842400.0,True,True,6.907218559226713e-06,0.8992165242165242,0,,,61207.962700539945,95681.9573327731,True,True,post_v181_one_drop_one_add_whole_loan_swap,post-v181 one-swap pricing only; not multi-swap or global proof,C,D,1,2,2,3,0,0,2018,2018,CA,CA
v63_source_repair_return_guarded_repair,incumbent_cvar_relaxed_source_lp,142915519,126652025,1000.0,1000.0,-203.41089900797834,-206.92821374328602,3.5173147353076786,1741.7681333174717,842400.0,True,True,6.907218559226713e-06,0.8992165242165242,0,,,61265.94675471846,95760.28926702261,True,True,post_v181_one_drop_one_add_whole_loan_swap,post-v181 one-swap pricing only; not multi-swap or global proof,C,C,1,1,2,3,0,1,2018,2018,CA,FL
v63_source_repair_return_guarded_repair,incumbent_cvar_relaxed_source_lp,142788126,127475725,1000.0,1000.0,-202.2889332751966,-211.8282137432861,9.539280468089515,1747.7900990502535,842400.0,True,True,6.907218559226713e-06,0.8992165242165242,0,,,61279.725219917964,95773.09257046397,True,True,post_v181_one_drop_one_add_whole_loan_swap,post-v181 one-swap pricing only; not multi-swap or global proof,C,C,2,1,3,4,3,0,2018,2018,other,AZ
v63_source_repair_return_guarded_repair,incumbent_cvar_relaxed_source_lp,142788126,127582382,1000.0,1000.0,-202.2889332751966,-205.52183833714096,3.232905061944365,1741.4837236441083,842400.0,True,True,6.907218559226713e-06,0.8992165242165242,0,,,61221.741165739455,95694.76063621443,True,True,post_v181_one_drop_one_add_whole_loan_swap,post-v181 one-swap pricing only; not multi-swap or global proof,C,D,2,2,3,3,3,0,2018,2018,other,CA
v63_source_repair_return_guarded_repair,incumbent_cvar_relaxed_source_lp,142788126,126652025,1000.0,1000.0,-202.2889332751966,-206.92821374328602,4.639280468089424,1742.8900990502534,842400.0,True,True,6.907218559226713e-06,0.8992165242165242,0,,,61279.725219917964,95773.09257046397,True,True,post_v181_one_drop_one_add_whole_loan_swap,post-v181 one-swap pricing only; not multi-swap or global proof,C,C,2,1,3,3,3,1,2018,2018,other,FL
v63_source_repair_return_guarded_repair,incumbent_cvar_relaxed_source_lp,142547301,127874931,1000.0,1000.0,-171.39694085680853,-186.9469746106631,15.550033753854564,1753.8008523360186,842400.0,True,True,6.907218559226713e-06,0.8980294396961064,0,,,61379.00955978078,95919.87738251803,True,True,post_v181_one_drop_one_add_whole_loan_swap,post-v181 one-swap pricing only; not multi-swap or global proof,D,B,2,0,2,0,2,0,2018,2018,MN,MN
v63_source_repair_return_guarded_repair,incumbent_cvar_relaxed_source_lp,142547301,127672145,1000.0,1000.0,-171.39694085680853,-196.20083323856994,24.803892381761415,1763.0547109639253,842400.0,True,True,6.907218559226713e-06,0.8992165242165242,0,,,61347.902144756095,95875.50706363274,True,True,post_v181_one_drop_one_add_whole_loan_swap,post-v181 one-swap pricing only; not multi-swap or global proof,D,C,2,1,2,0,2,2,2018,2018,MN,other
v63_source_repair_return_guarded_repair,incumbent_cvar_relaxed_source_lp,142547301,127475725,1000.0,1000.0,-171.39694085680853,-211.8282137432861,40.431272886477586,1778.6820914686414,842400.0,True,True,6.907218559226713e-06,0.8992165242165242,0,,,61322.009663791905,95843.40504537546,True,True,post_v181_one_drop_one_add_whole_loan_swap,post-v181 one-swap pricing only; not multi-swap or global proof,D,C,2,1,2,4,2,0,2018,2018,MN,AZ
v63_source_repair_return_guarded_repair,incumbent_cvar_relaxed_source_lp,142547301,127582382,1000.0,1000.0,-171.39694085680853,-205.52183833714096,34.124897480332436,1772.3757160624964,842400.0,True,True,6.907218559226713e-06,0.8992165242165242,0,,,61264.02560961341,95765.07311112595,True,True,post_v181_one_drop_one_add_whole_loan_swap,post-v181 one-swap pricing only; not multi-swap or global proof,D,D,2,2,2,3,2,0,2018,2018,MN,CA
v63_source_repair_return_guarded_repair,incumbent_cvar_relaxed_source_lp,142547301,126827839,1000.0,1000.0,-171.39694085680853,-175.77898463113021,4.382043774321687,1742.6328623564855,842400.0,True,True,6.907218559226713e-06,0.8992165242165242,0,,,61245.799241010835,95733.71648271798,True,True,post_v181_one_drop_one_add_whole_loan_swap,post-v181 one-swap pricing only; not multi-swap or global proof,D,E,2,2,2,0,2,4,2018,2018,MN,other
v63_source_repair_return_guarded_repair,incumbent_cvar_relaxed_source_lp,142547301,126820122,1000.0,1000.0,-171.39694085680853,-201.89545162414464,30.498510767336114,1768.7493293495,842400.0,True,True,6.907218559226713e-06,0.8992165242165242,0,,,61307.32010579417,95827.13654927403,True,True,post_v181_one_drop_one_add_whole_loan_swap,post-v181 one-swap pricing only; not multi-swap or global proof,D,C,2,1,2,0,2,1,2018,2018,MN,other
v63_source_repair_return_guarded_repair,incumbent_cvar_relaxed_source_lp,142547301,126733849,1000.0,1000.0,-171.39694085680853,-186.9469746106631,15.550033753854564,1753.8008523360186,842400.0,True,True,6.907218559226713e-06,0.8980294396961064,0,,,61379.00955978078,95919.87738251803,True,True,post_v181_one_drop_one_add_whole_loan_swap,post-v181 one-swap pricing only; not multi-swap or global proof,D,B,2,0,2,4,2,3,2018,2018,MN,NJ
v63_source_repair_return_guarded_repair,incumbent_cvar_relaxed_source_lp,142547301,126652025,1000.0,1000.0,-171.39694085680853,-206.92821374328602,35.531272886477495,1773.7820914686413,842400.0,True,True,6.907218559226713e-06,0.8992165242165242,0,,,61322.009663791905,95843.40504537546,True,True,post_v181_one_drop_one_add_whole_loan_swap,post-v181 one-swap pricing only; not multi-swap or global proof,D,C,2,1,2,3,2,1,2018,2018,MN,FL
v63_source_repair_return_guarded_repair,incumbent_cvar_relaxed_source_lp,142547301,126419064,1000.0,1000.0,-171.39694085680853,-198.85427993768698,27.457339080878455,1765.7081576630424,842400.0,True,True,6.907218559226713e-06,0.8992165242165242,0,,,61280.71358236381,95784.4681432134,True,True,post_v181_one_drop_one_add_whole_loan_swap,post-v181 one-swap pricing only; not multi-swap or global proof,D,D,2,2,2,4,2,1,2018,2018,MN,other
v63_source_repair_return_guarded_repair,incumbent_cvar_relaxed_source_lp,142547301,168701788,1000.0,1000.0,-171.39694085680853,-178.5860397151734,7.189098858364872,1745.4399174405287,842400.0,True,True,6.907218559226713e-06,0.8992165242165242,0,,,61299.588744048,95794.16586923043,True,True,post_v181_one_drop_one_add_whole_loan_swap,post-v181 one-swap pricing only; not multi-swap or global proof,D,C,2,1,2,3,2,1,2018,2020,MN,TX
v63_source_repair_return_guarded_repair,incumbent_cvar_relaxed_source_lp,142547301,169358871,1000.0,1000.0,-171.39694085680853,-177.86634212741987,6.469401270611343,1744.7202198527752,842400.0,True,True,6.907218559226713e-06,0.8992165242165242,0,,,61309.359761380736,95781.7408341906,True,True,post_v181_one_drop_one_add_whole_loan_swap,post-v181 one-swap pricing only; not multi-swap or global proof,D,C,2,1,2,3,2,0,2018,2020,MN,VA
v63_source_repair_return_guarded_repair,incumbent_cvar_relaxed_source_lp,142547301,139506195,1000.0,1000.0,-171.39694085680853,-177.67809625327766,6.281155396469131,1744.531973978633,842400.0,True,True,6.907218559226713e-06,0.8992165242165242,0,,,61283.52508132933,95727.95920907015,True,True,post_v181_one_drop_one_add_whole_loan_swap,post-v181 one-swap pricing only; not multi-swap or global proof,D,D,2,2,2,2,2,0,2018,2018,MN,CA
v63_source_repair_return_guarded_repair,incumbent_cvar_relaxed_source_lp,142547301,156823754,1000.0,1000.0,-171.39694085680853,-183.46022770133698,12.063286844528449,1750.3141054266923,842400.0,True,True,6.907218559226713e-06,0.8992165242165242,0,,,61281.126862229925,95707.05444568951,True,True,post_v181_one_drop_one_add_whole_loan_swap,post-v181 one-swap pricing only; not multi-swap or global proof,D,D,2,2,2,3,2,1,2018,2019,MN,CA
v63_source_repair_return_guarded_repair,incumbent_cvar_relaxed_source_lp,142547301,156807668,1000.0,1000.0,-171.39694085680853,-175.85010442413147,4.453163567322946,1742.7039821494868,842400.0,True,True,6.907218559226713e-06,0.8992165242165242,0,,,61308.560356588634,95735.33080606718,True,True,post_v181_one_drop_one_add_whole_loan_swap,post-v181 one-swap pricing only; not multi-swap or global proof,D,D,2,2,2,0,2,0,2018,2019,MN,TX
v63_source_repair_return_guarded_repair,incumbent_cvar_relaxed_source_lp,142448559,127874931,1200.0,1000.0,-174.68738765590132,-186.9469746106631,12.259586954761772,1750.5104055369256,842600.0,True,True,0.00020940614277265013,0.8992404462378353,0,,,61289.31311623855,95799.31546156251,True,True,post_v181_one_drop_one_add_whole_loan_swap,post-v181 one-swap pricing only; not multi-swap or global proof,B,B,0,0,1,0,2,0,2018,2018,IL,MN
v63_source_repair_return_guarded_repair,incumbent_cvar_relaxed_source_lp,142448559,126733849,1200.0,1000.0,-174.68738765590132,-186.9469746106631,12.259586954761772,1750.5104055369256,842600.0,True,True,0.00020940614277265013,0.8992404462378353,0,,,61289.31311623855,95799.31546156251,True,True,post_v181_one_drop_one_add_whole_loan_swap,post-v181 one-swap pricing only; not multi-swap or global proof,B,B,0,0,1,4,2,3,2018,2018,IL,NJ
v63_source_repair_return_guarded_repair,incumbent_cvar_relaxed_source_lp,142448559,126483031,1200.0,1200.0,-174.68738765590132,-200.480236756332,25.792849100430686,1764.0436676825946,842400.0,True,True,6.907218559226713e-06,0.8992165242165242,0,,,61268.32869189902,95768.89651096083,True,True,post_v181_one_drop_one_add_whole_loan_swap,post-v181 one-swap pricing only; not multi-swap or global proof,B,B,0,0,1,2,2,0,2018,2018,IL,FL
v63_source_repair_return_guarded_repair,incumbent_cvar_relaxed_source_lp,141969831,127475725,1000.0,1000.0,-198.6946879530038,-211.8282137432861,13.133525790282306,1751.3843443724463,842400.0,True,True,6.907218559226713e-06,0.8992165242165242,0,,,61349.85039290403,95855.9960867435,True,True,post_v181_one_drop_one_add_whole_loan_swap,post-v181 one-swap pricing only; not multi-swap or global proof,D,C,2,1,3,4,0,0,2018,2018,MN,AZ
v63_source_repair_return_guarded_repair,incumbent_cvar_relaxed_source_lp,141969831,127582382,1000.0,1000.0,-198.6946879530038,-205.52183833714096,6.8271503841371555,1745.0779689663011,842400.0,True,True,6.907218559226713e-06,0.8992165242165242,0,,,61291.86633872552,95777.66415249399,True,True,post_v181_one_drop_one_add_whole_loan_swap,post-v181 one-swap pricing only; not multi-swap or global proof,D,D,2,2,3,3,0,0,2018,2018,MN,CA
v63_source_repair_return_guarded_repair,incumbent_cvar_relaxed_source_lp,141969831,126820122,1000.0,1000.0,-198.6946879530038,-201.89545162414464,3.200763671140834,1741.4515822533047,842400.0,True,True,6.907218559226713e-06,0.8992165242165242,0,,,61335.1608349063,95839.72759064208,True,True,post_v181_one_drop_one_add_whole_loan_swap,post-v181 one-swap pricing only; not multi-swap or global proof,D,C,2,1,3,0,0,1,2018,2018,MN,other
v63_source_repair_return_guarded_repair,incumbent_cvar_relaxed_source_lp,141969831,126652025,1000.0,1000.0,-198.6946879530038,-206.92821374328602,8.233525790282215,1746.4843443724462,842400.0,True,True,6.907218559226713e-06,0.8992165242165242,0,,,61349.85039290403,95855.9960867435,True,True,post_v181_one_drop_one_add_whole_loan_swap,post-v181 one-swap pricing only; not multi-swap or global proof,D,C,2,1,3,3,0,1,2018,2018,MN,FL
v63_source_repair_return_guarded_repair,incumbent_cvar_relaxed_source_lp,141969831,126419064,1000.0,1000.0,-198.6946879530038,-198.85427993768698,0.15959198468317481,1738.410410566847,842400.0,True,True,6.907218559226713e-06,0.8992165242165242,0,,,61308.554311475935,95797.05918458143,True,True,post_v181_one_drop_one_add_whole_loan_swap,post-v181 one-swap pricing only; not multi-swap or global proof,D,D,2,2,3,4,0,1,2018,2018,MN,other
v63_source_repair_return_guarded_repair,incumbent_cvar_relaxed_source_lp,141589684,127475725,1000.0,1000.0,-210.06986238776113,-211.8282137432861,1.7583513555249795,1740.009169937689,842400.0,True,True,6.907218559226713e-06,0.8992165242165242,0,,,61272.75388467217,95766.9993793605,True,True,post_v181_one_drop_one_add_whole_loan_swap,post-v181 one-swap pricing only; not multi-swap or global proof,C,C,1,1,3,4,0,0,2018,2018,CA,AZ
v63_source_repair_return_guarded_repair,incumbent_cvar_relaxed_source_lp,142191288,126483031,1300.0,1200.0,-196.74476771496595,-200.480236756332,3.735469041366059,1741.98628762353,842500.0,True,True,0.00010816869840624133,0.8992284866468843,0,,,61293.30383860774,95809.67915097445,True,True,post_v181_one_drop_one_add_whole_loan_swap,post-v181 one-swap pricing only; not multi-swap or global proof,B,B,0,0,2,2,1,0,2018,2018,IL,FL
v63_source_repair_return_guarded_repair,incumbent_cvar_relaxed_source_lp,142158597,127475725,1000.0,1000.0,-198.6946879530038,-211.8282137432861,13.133525790282306,1751.3843443724463,842400.0,True,True,6.907218559226713e-06,0.8992165242165242,0,,,61349.85039290403,95855.9960867435,True,True,post_v181_one_drop_one_add_whole_loan_swap,post-v181 one-swap pricing only; not multi-swap or global proof,D,C,2,1,2,4,2,0,2018,2018,other,AZ
v63_source_repair_return_guarded_repair,incumbent_cvar_relaxed_source_lp,142158597,127582382,1000.0,1000.0,-198.6946879530038,-205.52183833714096,6.8271503841371555,1745.0779689663011,842400.0,True,True,6.907218559226713e-06,0.8992165242165242,0,,,61291.86633872552,95777.66415249399,True,True,post_v181_one_drop_one_add_whole_loan_swap,post-v181 one-swap pricing only; not multi-swap or global proof,D,D,2,2,2,3,2,0,2018,2018,other,CA
v63_source_repair_return_guarded_repair,incumbent_cvar_relaxed_source_lp,142158597,126820122,1000.0,1000.0,-198.6946879530038,-201.89545162414464,3.200763671140834,1741.4515822533047,842400.0,True,True,6.907218559226713e-06,0.8992165242165242,0,,,61335.1608349063,95839.72759064208,True,True,post_v181_one_drop_one_add_whole_loan_swap,post-v181 one-swap pricing only; not multi-swap or global proof,D,C,2,1,2,0,2,1,2018,2018,other,other
v63_source_repair_return_guarded_repair,incumbent_cvar_relaxed_source_lp,142158597,126652025,1000.0,1000.0,-198.6946879530038,-206.92821374328602,8.233525790282215,1746.4843443724462,842400.0,True,True,6.907218559226713e-06,0.8992165242165242,0,,,61349.85039290403,95855.9960867435,True,True,post_v181_one_drop_one_add_whole_loan_swap,post-v181 one-swap pricing only; not multi-swap or global proof,D,C,2,1,2,3,2,1,2018,2018,other,FL
v63_source_repair_return_guarded_repair,incumbent_cvar_relaxed_source_lp,142158597,126419064,1000.0,1000.0,-198.6946879530038,-198.85427993768698,0.15959198468317481,1738.410410566847,842400.0,True,True,6.907218559226713e-06,0.8992165242165242,0,,,61308.554311475935,95797.05918458143,True,True,post_v181_one_drop_one_add_whole_loan_swap,post-v181 one-swap pricing only; not multi-swap or global proof,D,D,2,2,2,4,2,1,2018,2018,other,other
v63_source_repair_return_guarded_repair,incumbent_cvar_relaxed_source_lp,142054292,127874931,1000.0,1000.0,-182.663633648734,-186.9469746106631,4.283340961929099,1742.534159544093,842400.0,True,True,6.907218559226713e-06,0.8980294396961064,0,,,61429.92710127717,95997.67169894105,True,True,post_v181_one_drop_one_add_whole_loan_swap,post-v181 one-swap pricing only; not multi-swap or global proof,E,B,2,0,2,0,0,0,2018,2018,MD,MN
v63_source_repair_return_guarded_repair,incumbent_cvar_relaxed_source_lp,142054292,127672145,1000.0,1000.0,-182.663633648734,-196.20083323856994,13.53719958983595,1751.7880181719997,842400.0,True,True,6.907218559226713e-06,0.8992165242165242,0,,,61398.81968625249,95953.30138005575,True,True,post_v181_one_drop_one_add_whole_loan_swap,post-v181 one-swap pricing only; not multi-swap or global proof,E,C,2,1,2,0,0,2,2018,2018,MD,other
v63_source_repair_return_guarded_repair,incumbent_cvar_relaxed_source_lp,142054292,127475725,1000.0,1000.0,-182.663633648734,-211.8282137432861,29.16458009455212,1767.415398676716,842400.0,True,True,6.907218559226713e-06,0.8992165242165242,0,,,61372.9272052883,95921.19936179848,True,True,post_v181_one_drop_one_add_whole_loan_swap,post-v181 one-swap pricing only; not multi-swap or global proof,E,C,2,1,2,4,0,0,2018,2018,MD,AZ
v63_source_repair_return_guarded_repair,incumbent_cvar_relaxed_source_lp,142054292,127582382,1000.0,1000.0,-182.663633648734,-205.52183833714096,22.85820468840697,1761.1090232705708,842400.0,True,True,6.907218559226713e-06,0.8992165242165242,0,,,61314.9431511098,95842.86742754896,True,True,post_v181_one_drop_one_add_whole_loan_swap,post-v181 one-swap pricing only; not multi-swap or global proof,E,D,2,2,2,3,0,0,2018,2018,MD,CA
v63_source_repair_return_guarded_repair,incumbent_cvar_relaxed_source_lp,142054292,126820122,1000.0,1000.0,-182.663633648734,-201.89545162414464,19.23181797541065,1757.4826365575746,842400.0,True,True,6.907218559226713e-06,0.8992165242165242,0,,,61358.23764729057,95904.93086569704,True,True,post_v181_one_drop_one_add_whole_loan_swap,post-v181 one-swap pricing only; not multi-swap or global proof,E,C,2,1,2,0,0,1,2018,2018,MD,other
v63_source_repair_return_guarded_repair,incumbent_cvar_relaxed_source_lp,142054292,126733849,1000.0,1000.0,-182.663633648734,-186.9469746106631,4.283340961929099,1742.534159544093,842400.0,True,True,6.907218559226713e-06,0.8980294396961064,0,,,61429.92710127717,95997.67169894105,True,True,post_v181_one_drop_one_add_whole_loan_swap,post-v181 one-swap pricing only; not multi-swap or global proof,E,B,2,0,2,4,0,3,2018,2018,MD,NJ
v63_source_repair_return_guarded_repair,incumbent_cvar_relaxed_source_lp,142054292,126652025,1000.0,1000.0,-182.663633648734,-206.92821374328602,24.26458009455203,1762.515398676716,842400.0,True,True,6.907218559226713e-06,0.8992165242165242,0,,,61372.9272052883,95921.19936179848,True,True,post_v181_one_drop_one_add_whole_loan_swap,post-v181 one-swap pricing only; not multi-swap or global proof,E,C,2,1,2,3,0,1,2018,2018,MD,FL
v63_source_repair_return_guarded_repair,incumbent_cvar_relaxed_source_lp,142054292,126419064,1000.0,1000.0,-182.663633648734,-198.85427993768698,16.19064628895299,1754.441464871117,842400.0,True,True,6.907218559226713e-06,0.8992165242165242,0,,,61331.63112386021,95862.26245963642,True,True,post_v181_one_drop_one_add_whole_loan_swap,post-v181 one-swap pricing only; not multi-swap or global proof,E,D,2,2,2,4,0,1,2018,2018,MD,other
v63_source_repair_return_guarded_repair,incumbent_cvar_relaxed_source_lp,142054292,156823754,1000.0,1000.0,-182.663633648734,-183.46022770133698,0.796594052602984,1739.047412634767,842400.0,True,True,6.907218559226713e-06,0.8992165242165242,0,,,61332.04440372632,95784.84876211252,True,True,post_v181_one_drop_one_add_whole_loan_swap,post-v181 one-swap pricing only; not multi-swap or global proof,E,D,2,2,2,3,0,1,2018,2019,MD,CA
v63_source_repair_return_guarded_repair,incumbent_cvar_relaxed_source_lp,141926636,127475725,1000.0,1000.0,-207.97021425935694,-211.8282137432861,3.857999483929177,1742.1088180660931,842400.0,True,True,6.907218559226713e-06,0.8992165242165242,0,,,61398.68155023485,95932.31540907461,True,True,post_v181_one_drop_one_add_whole_loan_swap,post-v181 one-swap pricing only; not multi-swap or global proof,E,C,3,1,1,4,4,0,2018,2018,FL,AZ
v63_source_repair_return_guarded_repair,incumbent_cvar_relaxed_source_lp,141837838,127475725,1000.0,1000.0,-204.75034038432315,-211.8282137432861,7.077873358962961,1745.3286919411269,842400.0,True,True,6.907218559226713e-06,0.8992165242165242,0,,,61259.81115138457,95715.58691990213,True,True,post_v181_one_drop_one_add_whole_loan_swap,post-v181 one-swap pricing only; not multi-swap or global proof,B,C,1,1,4,4,3,0,2018,2018,TX,AZ
v63_source_repair_return_guarded_repair,incumbent_cvar_relaxed_source_lp,141837838,127582382,1000.0,1000.0,-204.75034038432315,-205.52183833714096,0.7714979528178105,1739.0223165349817,842400.0,True,True,6.907218559226713e-06,0.8992165242165242,0,,,61201.827097206056,95637.2549856526,True,True,post_v181_one_drop_one_add_whole_loan_swap,post-v181 one-swap pricing only; not multi-swap or global proof,B,D,1,2,4,3,3,0,2018,2018,TX,CA
v63_source_repair_return_guarded_repair,incumbent_cvar_relaxed_source_lp,141837838,126652025,1000.0,1000.0,-204.75034038432315,-206.92821374328602,2.17787335896287,1740.4286919411268,842400.0,True,True,6.907218559226713e-06,0.8992165242165242,0,,,61259.81115138457,95715.58691990213,True,True,post_v181_one_drop_one_add_whole_loan_swap,post-v181 one-swap pricing only; not multi-swap or global proof,B,C,1,1,4,3,3,1,2018,2018,TX,FL
v63_source_repair_return_guarded_repair,incumbent_cvar_relaxed_source_lp,141665611,127011905,1600.0,1500.0,-264.10266005877247,-310.3923206149292,46.28966055615672,1784.5404791383207,842500.0,True,True,0.00010816869840624133,0.8991097922848664,0,,,61256.119898515666,95795.74680878034,True,True,post_v181_one_drop_one_add_whole_loan_swap,post-v181 one-swap pricing only; not multi-swap or global proof,C,C,1,1,2,2,1,2,2018,2018,other,other
v63_source_repair_return_guarded_repair,incumbent_cvar_relaxed_source_lp,141614025,127475725,1000.0,1000.0,-206.4719053620936,-211.8282137432861,5.35630838119252,1743.6071269633564,842400.0,True,True,6.907218559226713e-06,0.8992165242165242,0,,,61377.41223708407,95924.78886967147,True,True,post_v181_one_drop_one_add_whole_loan_swap,post-v181 one-swap pricing only; not multi-swap or global proof,E,C,3,1,1,4,3,0,2018,2018,FL,AZ
v63_source_repair_return_guarded_repair,incumbent_cvar_relaxed_source_lp,141614025,126652025,1000.0,1000.0,-206.4719053620936,-206.92821374328602,0.45630838119242867,1738.7071269633564,842400.0,True,True,6.907218559226713e-06,0.8992165242165242,0,,,61377.41223708407,95924.78886967147,True,True,post_v181_one_drop_one_add_whole_loan_swap,post-v181 one-swap pricing only; not multi-swap or global proof,E,C,3,1,1,3,3,1,2018,2018,FL,FL
v63_source_repair_return_guarded_repair,incumbent_cvar_relaxed_source_lp,141564677,127475725,1000.0,1000.0,-209.02340032965716,-211.8282137432861,2.804813413628949,1741.0556319957927,842400.0,True,True,6.907218559226713e-06,0.8992165242165242,0,,,61305.94825563824,95779.47462713825,True,True,post_v181_one_drop_one_add_whole_loan_swap,post-v181 one-swap pricing only; not multi-swap or global proof,C,C,2,1,3,4,2,0,2018,2018,TX,AZ
v63_source_repair_return_guarded_repair,incumbent_cvar_relaxed_source_lp,141524082,127874931,1000.0,1000.0,-179.84696271822858,-186.9469746106631,7.100011892434509,1745.3508304745983,842400.0,True,True,6.907218559226713e-06,0.8992165242165242,0,,,61268.09348441772,95758.10331362925,True,True,post_v181_one_drop_one_add_whole_loan_swap,post-v181 one-swap pricing only; not multi-swap or global proof,B,B,0,0,3,0,0,0,2018,2018,NJ,MN
v63_source_repair_return_guarded_repair,incumbent_cvar_relaxed_source_lp,141524082,126733849,1000.0,1000.0,-179.84696271822858,-186.9469746106631,7.100011892434509,1745.3508304745983,842400.0,True,True,6.907218559226713e-06,0.8992165242165242,0,,,61268.09348441772,95758.10331362925,True,True,post_v181_one_drop_one_add_whole_loan_swap,post-v181 one-swap pricing only; not multi-swap or global proof,B,B,0,0,3,4,0,3,2018,2018,NJ,NJ
v63_source_repair_return_guarded_repair,incumbent_cvar_relaxed_source_lp,140277690,127475725,1000.0,1000.0,-206.4719053620936,-211.8282137432861,5.35630838119252,1743.6071269633564,842400.0,True,True,6.907218559226713e-06,0.8992165242165242,0,,,61377.41223708407,95924.78886967147,True,True,post_v181_one_drop_one_add_whole_loan_swap,post-v181 one-swap pricing only; not multi-swap or global proof,E,C,3,1,4,4,2,0,2018,2018,FL,AZ
v63_source_repair_return_guarded_repair,incumbent_cvar_relaxed_source_lp,140277690,126652025,1000.0,1000.0,-206.4719053620936,-206.92821374328602,0.45630838119242867,1738.7071269633564,842400.0,True,True,6.907218559226713e-06,0.8992165242165242,0,,,61377.41223708407,95924.78886967147,True,True,post_v181_one_drop_one_add_whole_loan_swap,post-v181 one-swap pricing only; not multi-swap or global proof,E,C,3,1,4,3,2,1,2018,2018,FL,FL
v63_source_repair_return_guarded_repair,incumbent_cvar_relaxed_source_lp,141184113,127281432,2000.0,2000.0,-248.63454352438842,-271.1059581396894,22.471414615300972,1760.722233197465,842400.0,True,True,6.907218559226713e-06,0.8992165242165242,0,,,61264.83753429519,95799.96273327457,True,True,post_v181_one_drop_one_add_whole_loan_swap,post-v181 one-swap pricing only; not multi-swap or global proof,B,B,0,0,4,4,0,0,2018,2018,NY,other
v63_source_repair_return_guarded_repair,incumbent_cvar_relaxed_source_lp,141184113,126760355,2000.0,1500.0,-248.63454352438842,-250.40002765814089,1.7654841337524658,1740.0163027159165,842900.0,True,True,0.0005129743485339233,0.8992763079843398,0,,,61349.05309956538,95918.26411847073,True,True,post_v181_one_drop_one_add_whole_loan_swap,post-v181 one-swap pricing only; not multi-swap or global proof,B,B,0,0,4,1,0,0,2018,2018,NY,IL
v63_source_repair_return_guarded_repair,incumbent_cvar_relaxed_source_lp,149461606,127874931,1000.0,1000.0,-164.00156784304872,-186.9469746106631,22.945406767614372,1761.1962253497782,842400.0,True,True,6.907218559226713e-06,0.8992165242165242,0,,,61264.53602511951,95750.69299668953,True,True,post_v181_one_drop_one_add_whole_loan_swap,post-v181 one-swap pricing only; not multi-swap or global proof,B,B,0,0,3,0,0,0,2019,2018,NC,MN
v63_source_repair_return_guarded_repair,incumbent_cvar_relaxed_source_lp,149461606,126733849,1000.0,1000.0,-164.00156784304872,-186.9469746106631,22.945406767614372,1761.1962253497782,842400.0,True,True,6.907218559226713e-06,0.8992165242165242,0,,,61264.53602511951,95750.69299668953,True,True,post_v181_one_drop_one_add_whole_loan_swap,post-v181 one-swap pricing only; not multi-swap or global proof,B,B,0,0,3,4,0,3,2019,2018,NC,NJ
v63_source_repair_return_guarded_repair,incumbent_cvar_relaxed_source_lp,149461606,126468092,1000.0,1000.0,-164.00156784304872,-169.50590883596908,5.504340992920362,1743.7551595750842,842400.0,True,True,6.907218559226713e-06,0.8992165242165242,0,,,61287.4402476769,95781.92639866225,True,True,post_v181_one_drop_one_add_whole_loan_swap,post-v181 one-swap pricing only; not multi-swap or global proof,B,B,0,0,3,1,0,2,2019,2018,NC,other
v63_source_repair_return_guarded_repair,incumbent_cvar_relaxed_source_lp,149234001,168678809,1000.0,1000.0,-21.926866965281548,-25.935876492202276,4.009009526920728,1742.2598281090845,842400.0,True,True,6.907218559226713e-06,0.8992165242165242,0,,,61268.15542905709,95705.6844536618,True,True,post_v181_one_drop_one_add_whole_loan_swap,post-v181 one-swap pricing only; not multi-swap or global proof,A,A,1,1,2,1,2,0,2019,2020,NC,IN
v63_source_repair_return_guarded_repair,incumbent_cvar_relaxed_source_lp,149234001,170390171,1000.0,1000.0,-21.926866965281548,-23.632377345499286,1.7055103802177385,1739.9563289623816,842400.0,True,True,6.907218559226713e-06,0.8992165242165242,0,,,61264.74993951554,95698.75165347672,True,True,post_v181_one_drop_one_add_whole_loan_swap,post-v181 one-swap pricing only; not multi-swap or global proof,A,A,1,1,2,0,2,0,2019,2020,NC,other
v63_source_repair_return_guarded_repair,incumbent_cvar_relaxed_source_lp,149234001,169450190,1000.0,1000.0,-21.926866965281548,-22.58050328415853,0.653636318876984,1738.904454901041,842400.0,True,True,6.907218559226713e-06,0.8992165242165242,0,,,61247.43521502699,95663.74362015094,True,True,post_v181_one_drop_one_add_whole_loan_swap,post-v181 one-swap pricing only; not multi-swap or global proof,A,A,1,1,2,0,2,0,2019,2020,NC,AZ
v63_source_repair_return_guarded_repair,incumbent_cvar_relaxed_source_lp,149245627,127475725,1000.0,1000.0,-205.12162381509287,-211.8282137432861,6.706589928193239,1744.9574085103573,842400.0,True,True,6.907218559226713e-06,0.8992165242165242,0,,,61422.2984424794,95856.4701585438,True,True,post_v181_one_drop_one_add_whole_loan_swap,post-v181 one-swap pricing only; not multi-swap or global proof,D,C,4,1,1,4,3,0,2019,2018,NJ,AZ
v63_source_repair_return_guarded_repair,incumbent_cvar_relaxed_source_lp,149245627,127582382,1000.0,1000.0,-205.12162381509287,-205.52183833714096,0.4002145220480884,1738.651033104212,842400.0,True,True,6.907218559226713e-06,0.8992165242165242,0,,,61364.31438830089,95778.13822429428,True,True,post_v181_one_drop_one_add_whole_loan_swap,post-v181 one-swap pricing only; not multi-swap or global proof,D,D,4,2,1,3,3,0,2019,2018,NJ,CA
v63_source_repair_return_guarded_repair,incumbent_cvar_relaxed_source_lp,149245627,126652025,1000.0,1000.0,-205.12162381509287,-206.92821374328602,1.806589928193148,1740.0574085103572,842400.0,True,True,6.907218559226713e-06,0.8992165242165242,0,,,61422.2984424794,95856.4701585438,True,True,post_v181_one_drop_one_add_whole_loan_swap,post-v181 one-swap pricing only; not multi-swap or global proof,D,C,4,1,1,3,3,1,2019,2018,NJ,FL
v63_source_repair_return_guarded_repair,incumbent_cvar_relaxed_source_lp,149155031,127874931,1000.0,1000.0,-180.4847285023466,-186.9469746106631,6.462246108316492,1744.7130646904805,842400.0,True,True,6.907218559226713e-06,0.8980294396961064,0,,,61454.09529303483,95932.94249568637,True,True,post_v181_one_drop_one_add_whole_loan_swap,post-v181 one-swap pricing only; not multi-swap or global proof,D,B,3,0,3,0,2,0,2019,2018,TX,MN
v63_source_repair_return_guarded_repair,incumbent_cvar_relaxed_source_lp,149155031,127672145,1000.0,1000.0,-180.4847285023466,-196.20083323856994,15.716104736223343,1753.9669233183872,842400.0,True,True,6.907218559226713e-06,0.8992165242165242,0,,,61422.98787801014,95888.5721768011,True,True,post_v181_one_drop_one_add_whole_loan_swap,post-v181 one-swap pricing only; not multi-swap or global proof,D,C,3,1,3,0,2,2,2019,2018,TX,other
v63_source_repair_return_guarded_repair,incumbent_cvar_relaxed_source_lp,149155031,127475725,1000.0,1000.0,-180.4847285023466,-211.8282137432861,31.343485240939515,1769.5943038231035,842400.0,True,True,6.907218559226713e-06,0.8992165242165242,0,,,61397.09539704596,95856.4701585438,True,True,post_v181_one_drop_one_add_whole_loan_swap,post-v181 one-swap pricing only; not multi-swap or global proof,D,C,3,1,3,4,2,0,2019,2018,TX,AZ
v63_source_repair_return_guarded_repair,incumbent_cvar_relaxed_source_lp,149155031,127582382,1000.0,1000.0,-180.4847285023466,-205.52183833714096,25.037109834794364,1763.2879284169583,842400.0,True,True,6.907218559226713e-06,0.8992165242165242,0,,,61339.11134286745,95778.13822429428,True,True,post_v181_one_drop_one_add_whole_loan_swap,post-v181 one-swap pricing only; not multi-swap or global proof,D,D,3,2,3,3,2,0,2019,2018,TX,CA
v63_source_repair_return_guarded_repair,incumbent_cvar_relaxed_source_lp,149155031,126820122,1000.0,1000.0,-180.4847285023466,-201.89545162414464,21.410723121798043,1759.661541703962,842400.0,True,True,6.907218559226713e-06,0.8992165242165242,0,,,61382.405839048224,95840.20166244238,True,True,post_v181_one_drop_one_add_whole_loan_swap,post-v181 one-swap pricing only; not multi-swap or global proof,D,C,3,1,3,0,2,1,2019,2018,TX,other
v63_source_repair_return_guarded_repair,incumbent_cvar_relaxed_source_lp,149155031,126733849,1000.0,1000.0,-180.4847285023466,-186.9469746106631,6.462246108316492,1744.7130646904805,842400.0,True,True,6.907218559226713e-06,0.8980294396961064,0,,,61454.09529303483,95932.94249568637,True,True,post_v181_one_drop_one_add_whole_loan_swap,post-v181 one-swap pricing only; not multi-swap or global proof,D,B,3,0,3,4,2,3,2019,2018,TX,NJ
v63_source_repair_return_guarded_repair,incumbent_cvar_relaxed_source_lp,149155031,126652025,1000.0,1000.0,-180.4847285023466,-206.92821374328602,26.443485240939424,1764.6943038231034,842400.0,True,True,6.907218559226713e-06,0.8992165242165242,0,,,61397.09539704596,95856.4701585438,True,True,post_v181_one_drop_one_add_whole_loan_swap,post-v181 one-swap pricing only; not multi-swap or global proof,D,C,3,1,3,3,2,1,2019,2018,TX,FL
v63_source_repair_return_guarded_repair,incumbent_cvar_relaxed_source_lp,149155031,126419064,1000.0,1000.0,-180.4847285023466,-198.85427993768698,18.369551435340384,1756.6203700175042,842400.0,True,True,6.907218559226713e-06,0.8992165242165242,0,,,61355.799315617856,95797.53325638174,True,True,post_v181_one_drop_one_add_whole_loan_swap,post-v181 one-swap pricing only; not multi-swap or global proof,D,D,3,2,3,4,2,1,2019,2018,TX,other
v63_source_repair_return_guarded_repair,incumbent_cvar_relaxed_source_lp,149155031,156823754,1000.0,1000.0,-180.4847285023466,-183.46022770133698,2.975499198990377,1741.2263177811542,842400.0,True,True,6.907218559226713e-06,0.8992165242165242,0,,,61356.21259548398,95720.11955885784,True,True,post_v181_one_drop_one_add_whole_loan_swap,post-v181 one-swap pricing only; not multi-swap or global proof,D,D,3,2,3,3,2,1,2019,2019,TX,CA
v63_source_repair_return_guarded_repair,incumbent_cvar_relaxed_source_lp,149149014,168678809,1000.0,1000.0,-24.023651160233186,-25.935876492202276,1.9122253319690898,1740.163043914133,842400.0,True,True,6.907218559226713e-06,0.8992165242165242,0,,,61276.67964023552,95719.53117026344,True,True,post_v181_one_drop_one_add_whole_loan_swap,post-v181 one-swap pricing only; not multi-swap or global proof,A,A,1,1,3,1,2,0,2019,2020,FL,IN
v63_source_repair_return_guarded_repair,incumbent_cvar_relaxed_source_lp,148756705,127475725,1000.0,1000.0,-205.8597787194831,-211.8282137432861,5.968435023803011,1744.219253605967,842400.0,True,True,6.907218559226713e-06,0.8992165242165242,0,,,61271.89787130202,95765.93957622393,True,True,post_v181_one_drop_one_add_whole_loan_swap,post-v181 one-swap pricing only; not multi-swap or global proof,C,C,1,1,4,4,1,0,2019,2018,PA,AZ
v63_source_repair_return_guarded_repair,incumbent_cvar_relaxed_source_lp,148756705,126652025,1000.0,1000.0,-205.8597787194831,-206.92821374328602,1.0684350238029197,1739.3192536059669,842400.0,True,True,6.907218559226713e-06,0.8992165242165242,0,,,61271.89787130202,95765.93957622393,True,True,post_v181_one_drop_one_add_whole_loan_swap,post-v181 one-swap pricing only; not multi-swap or global proof,C,C,1,1,4,3,1,1,2019,2018,PA,FL
v63_source_repair_return_guarded_repair,incumbent_cvar_relaxed_source_lp,148588666,127874931,1000.0,1000.0,-180.4847285023466,-186.9469746106631,6.462246108316492,1744.7130646904805,842400.0,True,True,6.907218559226713e-06,0.8980294396961064,0,,,61454.09529303483,95932.94249568637,True,True,post_v181_one_drop_one_add_whole_loan_swap,post-v181 one-swap pricing only; not multi-swap or global proof,D,B,3,0,2,0,2,0,2019,2018,VA,MN
v63_source_repair_return_guarded_repair,incumbent_cvar_relaxed_source_lp,148588666,127672145,1000.0,1000.0,-180.4847285023466,-196.20083323856994,15.716104736223343,1753.9669233183872,842400.0,True,True,6.907218559226713e-06,0.8992165242165242,0,,,61422.98787801014,95888.5721768011,True,True,post_v181_one_drop_one_add_whole_loan_swap,post-v181 one-swap pricing only; not multi-swap or global proof,D,C,3,1,2,0,2,2,2019,2018,VA,other
v63_source_repair_return_guarded_repair,incumbent_cvar_relaxed_source_lp,148588666,127475725,1000.0,1000.0,-180.4847285023466,-211.8282137432861,31.343485240939515,1769.5943038231035,842400.0,True,True,6.907218559226713e-06,0.8992165242165242,0,,,61397.09539704596,95856.4701585438,True,True,post_v181_one_drop_one_add_whole_loan_swap,post-v181 one-swap pricing only; not multi-swap or global proof,D,C,3,1,2,4,2,0,2019,2018,VA,AZ
v63_source_repair_return_guarded_repair,incumbent_cvar_relaxed_source_lp,148588666,127582382,1000.0,1000.0,-180.4847285023466,-205.52183833714096,25.037109834794364,1763.2879284169583,842400.0,True,True,6.907218559226713e-06,0.8992165242165242,0,,,61339.11134286745,95778.13822429428,True,True,post_v181_one_drop_one_add_whole_loan_swap,post-v181 one-swap pricing only; not multi-swap or global proof,D,D,3,2,2,3,2,0,2019,2018,VA,CA
v63_source_repair_return_guarded_repair,incumbent_cvar_relaxed_source_lp,148588666,126820122,1000.0,1000.0,-180.4847285023466,-201.89545162414464,21.410723121798043,1759.661541703962,842400.0,True,True,6.907218559226713e-06,0.8992165242165242,0,,,61382.405839048224,95840.20166244238,True,True,post_v181_one_drop_one_add_whole_loan_swap,post-v181 one-swap pricing only; not multi-swap or global proof,D,C,3,1,2,0,2,1,2019,2018,VA,other
v63_source_repair_return_guarded_repair,incumbent_cvar_relaxed_source_lp,148588666,126733849,1000.0,1000.0,-180.4847285023466,-186.9469746106631,6.462246108316492,1744.7130646904805,842400.0,True,True,6.907218559226713e-06,0.8980294396961064,0,,,61454.09529303483,95932.94249568637,True,True,post_v181_one_drop_one_add_whole_loan_swap,post-v181 one-swap pricing only; not multi-swap or global proof,D,B,3,0,2,4,2,3,2019,2018,VA,NJ
v63_source_repair_return_guarded_repair,incumbent_cvar_relaxed_source_lp,148588666,126652025,1000.0,1000.0,-180.4847285023466,-206.92821374328602,26.443485240939424,1764.6943038231034,842400.0,True,True,6.907218559226713e-06,0.8992165242165242,0,,,61397.09539704596,95856.4701585438,True,True,post_v181_one_drop_one_add_whole_loan_swap,post-v181 one-swap pricing only; not multi-swap or global proof,D,C,3,1,2,3,2,1,2019,2018,VA,FL
v63_source_repair_return_guarded_repair,incumbent_cvar_relaxed_source_lp,148588666,126419064,1000.0,1000.0,-180.4847285023466,-198.85427993768698,18.369551435340384,1756.6203700175042,842400.0,True,True,6.907218559226713e-06,0.8992165242165242,0,,,61355.799315617856,95797.53325638174,True,True,post_v181_one_drop_one_add_whole_loan_swap,post-v181 one-swap pricing only; not multi-swap or global proof,D,D,3,2,2,4,2,1,2019,2018,VA,other
v63_source_repair_return_guarded_repair,incumbent_cvar_relaxed_source_lp,148588666,156823754,1000.0,1000.0,-180.4847285023466,-183.46022770133698,2.975499198990377,1741.2263177811542,842400.0,True,True,6.907218559226713e-06,0.8992165242165242,0,,,61356.21259548398,95720.11955885784,True,True,post_v181_one_drop_one_add_whole_loan_swap,post-v181 one-swap pricing only; not multi-swap or global proof,D,D,3,2,2,3,2,1,2019,2019,VA,CA
v63_source_repair_return_guarded_repair,incumbent_cvar_relaxed_source_lp,148488907,168803640,1500.0,1500.0,-23.590300447922335,-30.498264963412808,6.907964515490473,1745.1587830976544,842400.0,True,True,6.907218559226713e-06,0.8992165242165242,0,,,61246.694640417496,95675.8259413808,True,True,post_v181_one_drop_one_add_whole_loan_swap,post-v181 one-swap pricing only; not multi-swap or global proof,A,A,1,1,3,3,4,3,2019,2020,other,IL
v63_source_repair_return_guarded_repair,incumbent_cvar_relaxed_source_lp,148266260,127874931,1000.0,1000.0,-181.8913939597021,-186.9469746106631,5.055580650960991,1743.306399233125,842400.0,True,True,6.907218559226713e-06,0.8980294396961064,0,,,61455.54074461843,95929.46979184393,True,True,post_v181_one_drop_one_add_whole_loan_swap,post-v181 one-swap pricing only; not multi-swap or global proof,D,B,3,0,3,0,1,0,2019,2018,TX,MN
v63_source_repair_return_guarded_repair,incumbent_cvar_relaxed_source_lp,148266260,127672145,1000.0,1000.0,-181.8913939597021,-196.20083323856994,14.309439278867842,1752.5602578610317,842400.0,True,True,6.907218559226713e-06,0.8992165242165242,0,,,61424.43332959375,95885.09947295867,True,True,post_v181_one_drop_one_add_whole_loan_swap,post-v181 one-swap pricing only; not multi-swap or global proof,D,C,3,1,3,0,1,2,2019,2018,TX,other
v63_source_repair_return_guarded_repair,incumbent_cvar_relaxed_source_lp,148266260,127475725,1000.0,1000.0,-181.8913939597021,-211.8282137432861,29.936819783584014,1768.187638365748,842400.0,True,True,6.907218559226713e-06,0.8992165242165242,0,,,61398.540848629564,95852.99745470137,True,True,post_v181_one_drop_one_add_whole_loan_swap,post-v181 one-swap pricing only; not multi-swap or global proof,D,C,3,1,3,4,1,0,2019,2018,TX,AZ
v63_source_repair_return_guarded_repair,incumbent_cvar_relaxed_source_lp,148266260,127582382,1000.0,1000.0,-181.8913939597021,-205.52183833714096,23.630444377438863,1761.8812629596027,842400.0,True,True,6.907218559226713e-06,0.8992165242165242,0,,,61340.556794451055,95774.66552045186,True,True,post_v181_one_drop_one_add_whole_loan_swap,post-v181 one-swap pricing only; not multi-swap or global proof,D,D,3,2,3,3,1,0,2019,2018,TX,CA
v63_source_repair_return_guarded_repair,incumbent_cvar_relaxed_source_lp,148266260,126820122,1000.0,1000.0,-181.8913939597021,-201.89545162414464,20.00405766444254,1758.2548762466065,842400.0,True,True,6.907218559226713e-06,0.8992165242165242,0,,,61383.85129063183,95836.72895859994,True,True,post_v181_one_drop_one_add_whole_loan_swap,post-v181 one-swap pricing only; not multi-swap or global proof,D,C,3,1,3,0,1,1,2019,2018,TX,other
v63_source_repair_return_guarded_repair,incumbent_cvar_relaxed_source_lp,148266260,126733849,1000.0,1000.0,-181.8913939597021,-186.9469746106631,5.055580650960991,1743.306399233125,842400.0,True,True,6.907218559226713e-06,0.8980294396961064,0,,,61455.54074461843,95929.46979184393,True,True,post_v181_one_drop_one_add_whole_loan_swap,post-v181 one-swap pricing only; not multi-swap or global proof,D,B,3,0,3,4,1,3,2019,2018,TX,NJ
v63_source_repair_return_guarded_repair,incumbent_cvar_relaxed_source_lp,148266260,126652025,1000.0,1000.0,-181.8913939597021,-206.92821374328602,25.036819783583923,1763.2876383657479,842400.0,True,True,6.907218559226713e-06,0.8992165242165242,0,,,61398.540848629564,95852.99745470137,True,True,post_v181_one_drop_one_add_whole_loan_swap,post-v181 one-swap pricing only; not multi-swap or global proof,D,C,3,1,3,3,1,1,2019,2018,TX,FL
v63_source_repair_return_guarded_repair,incumbent_cvar_relaxed_source_lp,148266260,126419064,1000.0,1000.0,-181.8913939597021,-198.85427993768698,16.962885977984882,1755.2137045601487,842400.0,True,True,6.907218559226713e-06,0.8992165242165242,0,,,61357.24476720147,95794.0605525393,True,True,post_v181_one_drop_one_add_whole_loan_swap,post-v181 one-swap pricing only; not multi-swap or global proof,D,D,3,2,3,4,1,1,2019,2018,TX,other
v63_source_repair_return_guarded_repair,incumbent_cvar_relaxed_source_lp,148266260,156823754,1000.0,1000.0,-181.8913939597021,-183.46022770133698,1.5688337416348759,1739.819652323799,842400.0,True,True,6.907218559226713e-06,0.8992165242165242,0,,,61357.65804706758,95716.64685501541,True,True,post_v181_one_drop_one_add_whole_loan_swap,post-v181 one-swap pricing only; not multi-swap or global proof,D,D,3,2,3,3,1,1,2019,2019,TX,CA
v63_source_repair_return_guarded_repair,incumbent_cvar_relaxed_source_lp,147989812,127672145,1000.0,1000.0,-190.0117523232195,-196.20083323856994,6.189080915350445,1744.4398994975143,842400.0,True,True,6.907218559226713e-06,0.8992165242165242,0,,,61290.154785238985,95787.64257421826,True,True,post_v181_one_drop_one_add_whole_loan_swap,post-v181 one-swap pricing only; not multi-swap or global proof,C,C,1,1,0,0,0,2,2019,2018,CA,other
v63_source_repair_return_guarded_repair,incumbent_cvar_relaxed_source_lp,147989812,127475725,1000.0,1000.0,-190.0117523232195,-211.8282137432861,21.816461420066616,1760.0672800022305,842400.0,True,True,6.907218559226713e-06,0.8992165242165242,0,,,61264.26230427482,95755.54055596098,True,True,post_v181_one_drop_one_add_whole_loan_swap,post-v181 one-swap pricing only; not multi-swap or global proof,C,C,1,1,0,4,0,0,2019,2018,CA,AZ
v63_source_repair_return_guarded_repair,incumbent_cvar_relaxed_source_lp,147989812,127582382,1000.0,1000.0,-190.0117523232195,-205.52183833714096,15.510086013921466,1753.7609045960853,842400.0,True,True,6.907218559226713e-06,0.8992165242165242,0,,,61206.27825009631,95677.20862171148,True,True,post_v181_one_drop_one_add_whole_loan_swap,post-v181 one-swap pricing only; not multi-swap or global proof,C,D,1,2,0,3,0,0,2019,2018,CA,CA
v63_source_repair_return_guarded_repair,incumbent_cvar_relaxed_source_lp,147989812,126820122,1000.0,1000.0,-190.0117523232195,-201.89545162414464,11.883699300925144,1750.134517883089,842400.0,True,True,6.907218559226713e-06,0.8992165242165242,0,,,61249.572746277074,95739.27205985955,True,True,post_v181_one_drop_one_add_whole_loan_swap,post-v181 one-swap pricing only; not multi-swap or global proof,C,C,1,1,0,0,0,1,2019,2018,CA,other
v63_source_repair_return_guarded_repair,incumbent_cvar_relaxed_source_lp,147989812,126652025,1000.0,1000.0,-190.0117523232195,-206.92821374328602,16.916461420066526,1755.1672800022304,842400.0,True,True,6.907218559226713e-06,0.8992165242165242,0,,,61264.26230427482,95755.54055596098,True,True,post_v181_one_drop_one_add_whole_loan_swap,post-v181 one-swap pricing only; not multi-swap or global proof,C,C,1,1,0,3,0,1,2019,2018,CA,FL
v63_source_repair_return_guarded_repair,incumbent_cvar_relaxed_source_lp,147989812,126419064,1000.0,1000.0,-190.0117523232195,-198.85427993768698,8.842527614467485,1747.0933461966315,842400.0,True,True,6.907218559226713e-06,0.8992165242165242,0,,,61222.966222846706,95696.60365379891,True,True,post_v181_one_drop_one_add_whole_loan_swap,post-v181 one-swap pricing only; not multi-swap or global proof,C,D,1,2,0,4,0,1,2019,2018,CA,other
v63_source_repair_return_guarded_repair,incumbent_cvar_relaxed_source_lp,147899491,126760355,1500.0,1500.0,-247.13756401386254,-250.40002765814089,3.2624636442783412,1741.5132822264422,842400.0,True,True,6.907218559226713e-06,0.8992165242165242,0,,,61295.664375145716,95818.78970922623,True,True,post_v181_one_drop_one_add_whole_loan_swap,post-v181 one-swap pricing only; not multi-swap or global proof,B,B,0,0,2,1,0,0,2019,2018,other,IL
v63_source_repair_return_guarded_repair,incumbent_cvar_relaxed_source_lp,147720593,127011905,1500.0,1500.0,-275.29947449128576,-310.3923206149292,35.092846123643426,1773.3436647058074,842400.0,True,True,6.907218559226713e-06,0.8992165242165242,0,,,61378.72955790287,95978.34692755491,True,True,post_v181_one_drop_one_add_whole_loan_swap,post-v181 one-swap pricing only; not multi-swap or global proof,E,C,2,1,4,2,1,2,2019,2018,TX,other
v63_source_repair_return_guarded_repair,incumbent_cvar_relaxed_source_lp,147597555,127874931,1000.0,1000.0,-171.65837600924158,-186.9469746106631,15.288598601421512,1753.5394171835853,842400.0,True,True,6.907218559226713e-06,0.8992165242165242,0,,,61258.21552736783,95740.33903138232,True,True,post_v181_one_drop_one_add_whole_loan_swap,post-v181 one-swap pricing only; not multi-swap or global proof,B,B,0,0,2,0,3,0,2019,2018,WA,MN
v63_source_repair_return_guarded_repair,incumbent_cvar_relaxed_source_lp,147597555,126733849,1000.0,1000.0,-171.65837600924158,-186.9469746106631,15.288598601421512,1753.5394171835853,842400.0,True,True,6.907218559226713e-06,0.8992165242165242,0,,,61258.21552736783,95740.33903138232,True,True,post_v181_one_drop_one_add_whole_loan_swap,post-v181 one-swap pricing only; not multi-swap or global proof,B,B,0,0,2,4,3,3,2019,2018,WA,NJ
v63_source_repair_return_guarded_repair,incumbent_cvar_relaxed_source_lp,147310699,127475725,1000.0,1000.0,-198.973191549881,-211.8282137432861,12.85502219340512,1751.105840775569,842400.0,True,True,6.907218559226713e-06,0.8992165242165242,0,,,61369.737026591756,95911.53373886226,True,True,post_v181_one_drop_one_add_whole_loan_swap,post-v181 one-swap pricing only; not multi-swap or global proof,E,C,2,1,2,4,1,0,2019,2018,CA,AZ
v63_source_repair_return_guarded_repair,incumbent_cvar_relaxed_source_lp,147310699,127582382,1000.0,1000.0,-198.973191549881,-205.52183833714096,6.548646787259969,1744.7994653694238,842400.0,True,True,6.907218559226713e-06,0.8992165242165242,0,,,61311.75297241325,95833.20180461275,True,True,post_v181_one_drop_one_add_whole_loan_swap,post-v181 one-swap pricing only; not multi-swap or global proof,E,D,2,2,2,3,1,0,2019,2018,CA,CA
v63_source_repair_return_guarded_repair,incumbent_cvar_relaxed_source_lp,147310699,126820122,1000.0,1000.0,-198.973191549881,-201.89545162414464,2.9222600742636473,1741.1730786564276,842400.0,True,True,6.907218559226713e-06,0.8992165242165242,0,,,61355.04746859402,95895.26524276084,True,True,post_v181_one_drop_one_add_whole_loan_swap,post-v181 one-swap pricing only; not multi-swap or global proof,E,C,2,1,2,0,1,1,2019,2018,CA,other
v63_source_repair_return_guarded_repair,incumbent_cvar_relaxed_source_lp,147310699,126652025,1000.0,1000.0,-198.973191549881,-206.92821374328602,7.9550221934050285,1746.205840775569,842400.0,True,True,6.907218559226713e-06,0.8992165242165242,0,,,61369.737026591756,95911.53373886226,True,True,post_v181_one_drop_one_add_whole_loan_swap,post-v181 one-swap pricing only; not multi-swap or global proof,E,C,2,1,2,3,1,1,2019,2018,CA,FL
v63_source_repair_return_guarded_repair,incumbent_cvar_relaxed_source_lp,147201845,127475725,1000.0,1000.0,-207.74385731594327,-211.8282137432861,4.08435642734284,1742.3351750095067,842400.0,True,True,6.907218559226713e-06,0.8992165242165242,0,,,61324.25489044505,95839.02185635426,True,True,post_v181_one_drop_one_add_whole_loan_swap,post-v181 one-swap pricing only; not multi-swap or global proof,D,C,2,1,2,4,0,0,2019,2018,CA,AZ
v63_source_repair_return_guarded_repair,incumbent_cvar_relaxed_source_lp,147206447,127011905,1500.0,1500.0,-308.09345056929453,-310.3923206149292,2.298870045634658,1740.5496886277986,842400.0,True,True,6.907218559226713e-06,0.8992165242165242,0,,,61303.970432677204,95806.3361908352,True,True,post_v181_one_drop_one_add_whole_loan_swap,post-v181 one-swap pricing only; not multi-swap or global proof,C,C,1,1,0,2,0,2,2019,2018,NY,other
v63_source_repair_return_guarded_repair,incumbent_cvar_relaxed_source_lp,146311060,127672145,1000.0,1000.0,-187.1570637652536,-196.20083323856994,9.043769473316331,1747.2945880554803,842400.0,True,True,6.907218559226713e-06,0.8992165242165242,0,,,61309.43631131342,95804.30020386315,True,True,post_v181_one_drop_one_add_whole_loan_swap,post-v181 one-swap pricing only; not multi-swap or global proof,C,C,1,1,1,0,0,2,2019,2018,NC,other
v63_source_repair_return_guarded_repair,incumbent_cvar_relaxed_source_lp,146311060,127475725,1000.0,1000.0,-187.1570637652536,-211.8282137432861,24.671149978032503,1762.9219685601963,842400.0,True,True,6.907218559226713e-06,0.8992165242165242,0,,,61283.543830349234,95772.19818560587,True,True,post_v181_one_drop_one_add_whole_loan_swap,post-v181 one-swap pricing only; not multi-swap or global proof,C,C,1,1,1,4,0,0,2019,2018,NC,AZ
v63_source_repair_return_guarded_repair,incumbent_cvar_relaxed_source_lp,146311060,127582382,1000.0,1000.0,-187.1570637652536,-205.52183833714096,18.364774571887352,1756.6155931540513,842400.0,True,True,6.907218559226713e-06,0.8992165242165242,0,,,61225.559776170725,95693.86625135636,True,True,post_v181_one_drop_one_add_whole_loan_swap,post-v181 one-swap pricing only; not multi-swap or global proof,C,D,1,2,1,3,0,0,2019,2018,NC,CA
v63_source_repair_return_guarded_repair,incumbent_cvar_relaxed_source_lp,146311060,126820122,1000.0,1000.0,-187.1570637652536,-201.89545162414464,14.73838785889103,1752.9892064410549,842400.0,True,True,6.907218559226713e-06,0.8992165242165242,0,,,61268.8542723515,95755.92968950445,True,True,post_v181_one_drop_one_add_whole_loan_swap,post-v181 one-swap pricing only; not multi-swap or global proof,C,C,1,1,1,0,0,1,2019,2018,NC,other
v63_source_repair_return_guarded_repair,incumbent_cvar_relaxed_source_lp,146311060,126652025,1000.0,1000.0,-187.1570637652536,-206.92821374328602,19.771149978032412,1758.0219685601962,842400.0,True,True,6.907218559226713e-06,0.8992165242165242,0,,,61283.543830349234,95772.19818560587,True,True,post_v181_one_drop_one_add_whole_loan_swap,post-v181 one-swap pricing only; not multi-swap or global proof,C,C,1,1,1,3,0,1,2019,2018,NC,FL
v63_source_repair_return_guarded_repair,incumbent_cvar_relaxed_source_lp,146311060,126419064,1000.0,1000.0,-187.1570637652536,-198.85427993768698,11.697216172433372,1749.9480347545973,842400.0,True,True,6.907218559226713e-06,0.8992165242165242,0,,,61242.24774892113,95713.2612834438,True,True,post_v181_one_drop_one_add_whole_loan_swap,post-v181 one-swap pricing only; not multi-swap or global proof,C,D,1,2,1,4,0,1,2019,2018,NC,other
v63_source_repair_return_guarded_repair,incumbent_cvar_relaxed_source_lp,146930237,127011905,1500.0,1500.0,-303.4087091221335,-310.3923206149292,6.983611492795717,1745.2344300749596,842400.0,True,True,6.907218559226713e-06,0.8992165242165242,0,,,61340.523944416986,95903.63287188386,True,True,post_v181_one_drop_one_add_whole_loan_swap,post-v181 one-swap pricing only; not multi-swap or global proof,D,C,2,1,4,2,1,2,2019,2018,CA,other
v63_source_repair_return_guarded_repair,incumbent_cvar_relaxed_source_lp,146674957,127672145,1000.0,1000.0,-190.46948618264764,-196.20083323856994,5.731347055922299,1743.9821656380861,842400.0,True,True,6.907218559226713e-06,0.8992165242165242,0,,,61352.427434604084,95876.5051537711,True,True,post_v181_one_drop_one_add_whole_loan_swap,post-v181 one-swap pricing only; not multi-swap or global proof,D,C,2,1,4,0,0,2,2019,2018,VA,other
v63_source_repair_return_guarded_repair,incumbent_cvar_relaxed_source_lp,146674957,127475725,1000.0,1000.0,-190.46948618264764,-211.8282137432861,21.35872756063847,1759.6095461428024,842400.0,True,True,6.907218559226713e-06,0.8992165242165242,0,,,61326.5349536399,95844.40313551381,True,True,post_v181_one_drop_one_add_whole_loan_swap,post-v181 one-swap pricing only; not multi-swap or global proof,D,C,2,1,4,4,0,0,2019,2018,VA,AZ
v63_source_repair_return_guarded_repair,incumbent_cvar_relaxed_source_lp,146674957,127582382,1000.0,1000.0,-190.46948618264764,-205.52183833714096,15.05235215449332,1753.3031707366572,842400.0,True,True,6.907218559226713e-06,0.8992165242165242,0,,,61268.55089946139,95766.0712012643,True,True,post_v181_one_drop_one_add_whole_loan_swap,post-v181 one-swap pricing only; not multi-swap or global proof,D,D,2,2,4,3,0,0,2019,2018,VA,CA
v63_source_repair_return_guarded_repair,incumbent_cvar_relaxed_source_lp,146674957,126820122,1000.0,1000.0,-190.46948618264764,-201.89545162414464,11.425965441496999,1749.676784023661,842400.0,True,True,6.907218559226713e-06,0.8992165242165242,0,,,61311.845395642165,95828.1346394124,True,True,post_v181_one_drop_one_add_whole_loan_swap,post-v181 one-swap pricing only; not multi-swap or global proof,D,C,2,1,4,0,0,1,2019,2018,VA,other
v63_source_repair_return_guarded_repair,incumbent_cvar_relaxed_source_lp,146674957,126652025,1000.0,1000.0,-190.46948618264764,-206.92821374328602,16.45872756063838,1754.7095461428023,842400.0,True,True,6.907218559226713e-06,0.8992165242165242,0,,,61326.5349536399,95844.40313551381,True,True,post_v181_one_drop_one_add_whole_loan_swap,post-v181 one-swap pricing only; not multi-swap or global proof,D,C,2,1,4,3,0,1,2019,2018,VA,FL
v63_source_repair_return_guarded_repair,incumbent_cvar_relaxed_source_lp,146674957,126419064,1000.0,1000.0,-190.46948618264764,-198.85427993768698,8.38479375503934,1746.6356123372032,842400.0,True,True,6.907218559226713e-06,0.8992165242165242,0,,,61285.238872211805,95785.46623335175,True,True,post_v181_one_drop_one_add_whole_loan_swap,post-v181 one-swap pricing only; not multi-swap or global proof,D,D,2,2,4,4,0,1,2019,2018,VA,other
v63_source_repair_return_guarded_repair,incumbent_cvar_relaxed_source_lp,146255415,127475725,1250.0,1000.0,-204.78232472676117,-211.8282137432861,7.045889016524939,1745.296707598689,842650.0,True,True,0.0002600158543247799,0.8989497418857176,0,,,61471.7361844656,96081.78028292426,True,True,post_v181_one_drop_one_add_whole_loan_swap,post-v181 one-swap pricing only; not multi-swap or global proof,E,C,2,1,4,4,0,0,2019,2018,other,AZ
v63_source_repair_return_guarded_repair,incumbent_cvar_relaxed_source_lp,146255415,127582382,1250.0,1000.0,-204.78232472676117,-205.52183833714096,0.7395136103797881,1738.9903321925437,842650.0,True,True,0.0002600158543247799,0.8989497418857176,0,,,61413.75213028708,96003.44834867472,True,True,post_v181_one_drop_one_add_whole_loan_swap,post-v181 one-swap pricing only; not multi-swap or global proof,E,D,2,2,4,3,0,0,2019,2018,other,CA
v63_source_repair_return_guarded_repair,incumbent_cvar_relaxed_source_lp,146255415,126652025,1250.0,1000.0,-204.78232472676117,-206.92821374328602,2.1458890165248476,1740.3967075986889,842650.0,True,True,0.0002600158543247799,0.8989497418857176,0,,,61471.7361844656,96081.78028292426,True,True,post_v181_one_drop_one_add_whole_loan_swap,post-v181 one-swap pricing only; not multi-swap or global proof,E,C,2,1,4,3,0,1,2019,2018,other,FL
v63_source_repair_return_guarded_repair,incumbent_cvar_relaxed_source_lp,146255415,160806330,1250.0,1200.0,-204.78232472676117,-210.10403328668124,5.321708559920069,1743.572527142084,842450.0,True,True,5.754096345278459e-05,0.8991631550833877,0,,,61363.98656405652,95828.85005375951,True,True,post_v181_one_drop_one_add_whole_loan_swap,post-v181 one-swap pricing only; not multi-swap or global proof,E,D,2,2,4,2,0,2,2019,2019,other,FL
v63_source_repair_return_guarded_repair,incumbent_cvar_relaxed_source_lp,146676176,127475725,1000.0,1000.0,-206.47372838293077,-211.8282137432861,5.354485360355341,1743.6053039425192,842400.0,True,True,6.907218559226713e-06,0.8992165242165242,0,,,61246.97280865848,95711.31512952464,True,True,post_v181_one_drop_one_add_whole_loan_swap,post-v181 one-swap pricing only; not multi-swap or global proof,B,C,1,1,2,4,1,0,2019,2018,CA,AZ
v63_source_repair_return_guarded_repair,incumbent_cvar_relaxed_source_lp,146676176,126652025,1000.0,1000.0,-206.47372838293077,-206.92821374328602,0.45448536035524967,1738.705303942519,842400.0,True,True,6.907218559226713e-06,0.8992165242165242,0,,,61246.97280865848,95711.31512952464,True,True,post_v181_one_drop_one_add_whole_loan_swap,post-v181 one-swap pricing only; not multi-swap or global proof,B,C,1,1,2,3,1,1,2019,2018,CA,FL
v63_source_repair_return_guarded_repair,incumbent_cvar_relaxed_source_lp,145803826,127874931,1000.0,1000.0,-183.12585978140902,-186.9469746106631,3.8211148292540713,1742.071933411418,842400.0,True,True,6.907218559226713e-06,0.8980294396961064,0,,,61420.49334643815,95987.9046324635,True,True,post_v181_one_drop_one_add_whole_loan_swap,post-v181 one-swap pricing only; not multi-swap or global proof,E,B,2,0,3,0,0,0,2019,2018,MI,MN
v63_source_repair_return_guarded_repair,incumbent_cvar_relaxed_source_lp,145803826,127672145,1000.0,1000.0,-183.12585978140902,-196.20083323856994,13.074973457160922,1751.3257920393248,842400.0,True,True,6.907218559226713e-06,0.8992165242165242,0,,,61389.38593141347,95943.53431357822,True,True,post_v181_one_drop_one_add_whole_loan_swap,post-v181 one-swap pricing only; not multi-swap or global proof,E,C,2,1,3,0,0,2,2019,2018,MI,other
v63_source_repair_return_guarded_repair,incumbent_cvar_relaxed_source_lp,145803826,127475725,1000.0,1000.0,-183.12585978140902,-211.8282137432861,28.702353961877094,1766.953172544041,842400.0,True,True,6.907218559226713e-06,0.8992165242165242,0,,,61363.493450449285,95911.43229532092,True,True,post_v181_one_drop_one_add_whole_loan_swap,post-v181 one-swap pricing only; not multi-swap or global proof,E,C,2,1,3,4,0,0,2019,2018,MI,AZ
v63_source_repair_return_guarded_repair,incumbent_cvar_relaxed_source_lp,145803826,127582382,1000.0,1000.0,-183.12585978140902,-205.52183833714096,22.395978555731944,1760.6467971378959,842400.0,True,True,6.907218559226713e-06,0.8992165242165242,0,,,61305.509396270776,95833.10036107138,True,True,post_v181_one_drop_one_add_whole_loan_swap,post-v181 one-swap pricing only; not multi-swap or global proof,E,D,2,2,3,3,0,0,2019,2018,MI,CA
v63_source_repair_return_guarded_repair,incumbent_cvar_relaxed_source_lp,145803826,126820122,1000.0,1000.0,-183.12585978140902,-201.89545162414464,18.769591842735622,1757.0204104248996,842400.0,True,True,6.907218559226713e-06,0.8992165242165242,0,,,61348.80389245154,95895.16379921952,True,True,post_v181_one_drop_one_add_whole_loan_swap,post-v181 one-swap pricing only; not multi-swap or global proof,E,C,2,1,3,0,0,1,2019,2018,MI,other
v63_source_repair_return_guarded_repair,incumbent_cvar_relaxed_source_lp,145803826,126733849,1000.0,1000.0,-183.12585978140902,-186.9469746106631,3.8211148292540713,1742.071933411418,842400.0,True,True,6.907218559226713e-06,0.8980294396961064,0,,,61420.49334643815,95987.9046324635,True,True,post_v181_one_drop_one_add_whole_loan_swap,post-v181 one-swap pricing only; not multi-swap or global proof,E,B,2,0,3,4,0,3,2019,2018,MI,NJ
v63_source_repair_return_guarded_repair,incumbent_cvar_relaxed_source_lp,145803826,126652025,1000.0,1000.0,-183.12585978140902,-206.92821374328602,23.802353961877003,1762.053172544041,842400.0,True,True,6.907218559226713e-06,0.8992165242165242,0,,,61363.493450449285,95911.43229532092,True,True,post_v181_one_drop_one_add_whole_loan_swap,post-v181 one-swap pricing only; not multi-swap or global proof,E,C,2,1,3,3,0,1,2019,2018,MI,FL
v63_source_repair_return_guarded_repair,incumbent_cvar_relaxed_source_lp,145803826,126419064,1000.0,1000.0,-183.12585978140902,-198.85427993768698,15.728420156277963,1753.9792387384418,842400.0,True,True,6.907218559226713e-06,0.8992165242165242,0,,,61322.19736902119,95852.49539315887,True,True,post_v181_one_drop_one_add_whole_loan_swap,post-v181 one-swap pricing only; not multi-swap or global proof,E,D,2,2,3,4,0,1,2019,2018,MI,other
v63_source_repair_return_guarded_repair,incumbent_cvar_relaxed_source_lp,145803826,156823754,1000.0,1000.0,-183.12585978140902,-183.46022770133698,0.33436791992795634,1738.5851865020918,842400.0,True,True,6.907218559226713e-06,0.8992165242165242,0,,,61322.610648887305,95775.08169563496,True,True,post_v181_one_drop_one_add_whole_loan_swap,post-v181 one-swap pricing only; not multi-swap or global proof,E,D,2,2,3,3,0,1,2019,2019,MI,CA
v63_source_repair_return_guarded_repair,incumbent_cvar_relaxed_source_lp,145824687,127672145,1000.0,1000.0,-189.60565177320717,-196.20083323856994,6.595181465362771,1744.8460000475266,842400.0,True,True,6.907218559226713e-06,0.8992165242165242,0,,,61321.7775897068,95849.59534665664,True,True,post_v181_one_drop_one_add_whole_loan_swap,post-v181 one-swap pricing only; not multi-swap or global proof,D,C,2,1,1,0,0,2,2019,2018,other,other
v63_source_repair_return_guarded_repair,incumbent_cvar_relaxed_source_lp,145824687,127475725,1000.0,1000.0,-189.60565177320717,-211.8282137432861,22.222561970078942,1760.4733805522428,842400.0,True,True,6.907218559226713e-06,0.8992165242165242,0,,,61295.885108742616,95817.49332839936,True,True,post_v181_one_drop_one_add_whole_loan_swap,post-v181 one-swap pricing only; not multi-swap or global proof,D,C,2,1,1,4,0,0,2019,2018,other,AZ
v63_source_repair_return_guarded_repair,incumbent_cvar_relaxed_source_lp,145824687,127582382,1000.0,1000.0,-189.60565177320717,-205.52183833714096,15.916186563933792,1754.1670051460976,842400.0,True,True,6.907218559226713e-06,0.8992165242165242,0,,,61237.90105456411,95739.16139414984,True,True,post_v181_one_drop_one_add_whole_loan_swap,post-v181 one-swap pricing only; not multi-swap or global proof,D,D,2,2,1,3,0,0,2019,2018,other,CA
v63_source_repair_return_guarded_repair,incumbent_cvar_relaxed_source_lp,145824687,126820122,1000.0,1000.0,-189.60565177320717,-201.89545162414464,12.28979985093747,1750.5406184331014,842400.0,True,True,6.907218559226713e-06,0.8992165242165242,0,,,61281.19555074487,95801.22483229793,True,True,post_v181_one_drop_one_add_whole_loan_swap,post-v181 one-swap pricing only; not multi-swap or global proof,D,C,2,1,1,0,0,1,2019,2018,other,other
v63_source_repair_return_guarded_repair,incumbent_cvar_relaxed_source_lp,145824687,126652025,1000.0,1000.0,-189.60565177320717,-206.92821374328602,17.32256197007885,1755.5733805522427,842400.0,True,True,6.907218559226713e-06,0.8992165242165242,0,,,61295.885108742616,95817.49332839936,True,True,post_v181_one_drop_one_add_whole_loan_swap,post-v181 one-swap pricing only; not multi-swap or global proof,D,C,2,1,1,3,0,1,2019,2018,other,FL
v63_source_repair_return_guarded_repair,incumbent_cvar_relaxed_source_lp,145824687,126419064,1000.0,1000.0,-189.60565177320717,-198.85427993768698,9.248628164479811,1747.4994467466438,842400.0,True,True,6.907218559226713e-06,0.8992165242165242,0,,,61254.58902731451,95758.55642623728,True,True,post_v181_one_drop_one_add_whole_loan_swap,post-v181 one-swap pricing only; not multi-swap or global proof,D,D,2,2,1,4,0,1,2019,2018,other,other
v63_source_repair_return_guarded_repair,incumbent_cvar_relaxed_source_lp,146107119,126737687,3625.0,3300.0,-433.75214293310364,-479.6648309304875,45.91268799738384,1784.1635065795476,842725.0,True,True,0.00033591916137121203,0.8992553917351449,0,,,61324.75686022103,95966.89512519847,True,True,post_v181_one_drop_one_add_whole_loan_swap,post-v181 one-swap pricing only; not multi-swap or global proof,B,B,0,0,4,3,0,0,2019,2018,GA,VA
v63_source_repair_return_guarded_repair,incumbent_cvar_relaxed_source_lp,146002169,127475725,1000.0,1000.0,-208.45907078025746,-211.8282137432861,3.3691429630286507,1741.6199615451926,842400.0,True,True,6.907218559226713e-06,0.8992165242165242,0,,,61399.143900537056,95930.23554781612,True,True,post_v181_one_drop_one_add_whole_loan_swap,post-v181 one-swap pricing only; not multi-swap or global proof,E,C,3,1,1,4,1,0,2019,2018,CA,AZ
v63_source_repair_return_guarded_repair,incumbent_cvar_relaxed_source_lp,146058451,127874931,1000.0,1000.0,-162.5963102886178,-186.9469746106631,24.350664322045304,1762.6014829042092,842400.0,True,True,6.907218559226713e-06,0.8980294396961064,0,,,61452.83442658177,96049.7476218055,True,True,post_v181_one_drop_one_add_whole_loan_swap,post-v181 one-swap pricing only; not multi-swap or global proof,F,B,2,0,1,0,2,0,2019,2018,NY,MN
v63_source_repair_return_guarded_repair,incumbent_cvar_relaxed_source_lp,146058451,127672145,1000.0,1000.0,-162.5963102886178,-196.20083323856994,33.604522949952155,1771.855341532116,842400.0,True,True,6.907218559226713e-06,0.8992165242165242,0,,,61421.72701155709,96005.37730292021,True,True,post_v181_one_drop_one_add_whole_loan_swap,post-v181 one-swap pricing only; not multi-swap or global proof,F,C,2,1,1,0,2,2,2019,2018,NY,other
v63_source_repair_return_guarded_repair,incumbent_cvar_relaxed_source_lp,146058451,127475725,1000.0,1000.0,-162.5963102886178,-211.8282137432861,49.23190345466833,1787.4827220368322,842400.0,True,True,6.907218559226713e-06,0.8992165242165242,0,,,61395.83453059291,95973.27528466293,True,True,post_v181_one_drop_one_add_whole_loan_swap,post-v181 one-swap pricing only; not multi-swap or global proof,F,C,2,1,1,4,2,0,2019,2018,NY,AZ
v63_source_repair_return_guarded_repair,incumbent_cvar_relaxed_source_lp,146058451,127582382,1000.0,1000.0,-162.5963102886178,-205.52183833714096,42.92552804852318,1781.176346630687,842400.0,True,True,6.907218559226713e-06,0.8992165242165242,0,,,61337.85047641439,95894.9433504134,True,True,post_v181_one_drop_one_add_whole_loan_swap,post-v181 one-swap pricing only; not multi-swap or global proof,F,D,2,2,1,3,2,0,2019,2018,NY,CA
v63_source_repair_return_guarded_repair,incumbent_cvar_relaxed_source_lp,146058451,126827839,1000.0,1000.0,-162.5963102886178,-175.77898463113021,13.182674342512428,1751.4334929246763,842400.0,True,True,6.907218559226713e-06,0.8992165242165242,0,,,61319.62410781183,95863.58672200545,True,True,post_v181_one_drop_one_add_whole_loan_swap,post-v181 one-swap pricing only; not multi-swap or global proof,F,E,2,2,1,0,2,4,2019,2018,NY,other
v63_source_repair_return_guarded_repair,incumbent_cvar_relaxed_source_lp,146058451,126820122,1000.0,1000.0,-162.5963102886178,-201.89545162414464,39.299141335526855,1777.5499599176908,842400.0,True,True,6.907218559226713e-06,0.8992165242165242,0,,,61381.14497259517,95957.0067885615,True,True,post_v181_one_drop_one_add_whole_loan_swap,post-v181 one-swap pricing only; not multi-swap or global proof,F,C,2,1,1,0,2,1,2019,2018,NY,other
v63_source_repair_return_guarded_repair,incumbent_cvar_relaxed_source_lp,146058451,126733849,1000.0,1000.0,-162.5963102886178,-186.9469746106631,24.350664322045304,1762.6014829042092,842400.0,True,True,6.907218559226713e-06,0.8980294396961064,0,,,61452.83442658177,96049.7476218055,True,True,post_v181_one_drop_one_add_whole_loan_swap,post-v181 one-swap pricing only; not multi-swap or global proof,F,B,2,0,1,4,2,3,2019,2018,NY,NJ
v63_source_repair_return_guarded_repair,incumbent_cvar_relaxed_source_lp,146058451,126652025,1000.0,1000.0,-162.5963102886178,-206.92821374328602,44.331903454668236,1782.5827220368321,842400.0,True,True,6.907218559226713e-06,0.8992165242165242,0,,,61395.83453059291,95973.27528466293,True,True,post_v181_one_drop_one_add_whole_loan_swap,post-v181 one-swap pricing only; not multi-swap or global proof,F,C,2,1,1,3,2,1,2019,2018,NY,FL
v63_source_repair_return_guarded_repair,incumbent_cvar_relaxed_source_lp,146058451,126468092,1000.0,1000.0,-162.5963102886178,-169.50590883596908,6.909598547351294,1745.1604171295153,842400.0,True,True,6.907218559226713e-06,0.8980294396961064,0,,,61475.738649139166,96080.9810237782,True,True,post_v181_one_drop_one_add_whole_loan_swap,post-v181 one-swap pricing only; not multi-swap or global proof,F,B,2,0,1,1,2,2,2019,2018,NY,other
v63_source_repair_return_guarded_repair,incumbent_cvar_relaxed_source_lp,146058451,126419064,1000.0,1000.0,-162.5963102886178,-198.85427993768698,36.257969649069196,1774.5087882312332,842400.0,True,True,6.907218559226713e-06,0.8992165242165242,0,,,61354.53844916481,95914.33838250086,True,True,post_v181_one_drop_one_add_whole_loan_swap,post-v181 one-swap pricing only; not multi-swap or global proof,F,D,2,2,1,4,2,1,2019,2018,NY,other
v63_source_repair_return_guarded_repair,incumbent_cvar_relaxed_source_lp,146058451,168701788,1000.0,1000.0,-162.5963102886178,-178.5860397151734,15.989729426555613,1754.2405480087195,842400.0,True,True,6.907218559226713e-06,0.8992165242165242,0,,,61373.413610849006,95924.03610851789,True,True,post_v181_one_drop_one_add_whole_loan_swap,post-v181 one-swap pricing only; not multi-swap or global proof,F,C,2,1,1,3,2,1,2019,2020,NY,TX
v63_source_repair_return_guarded_repair,incumbent_cvar_relaxed_source_lp,146058451,169358871,1000.0,1000.0,-162.5963102886178,-177.86634212741987,15.270031838802083,1753.5208504209659,842400.0,True,True,6.907218559226713e-06,0.8992165242165242,0,,,61383.18462818174,95911.61107347807,True,True,post_v181_one_drop_one_add_whole_loan_swap,post-v181 one-swap pricing only; not multi-swap or global proof,F,C,2,1,1,3,2,0,2019,2020,NY,VA
v63_source_repair_return_guarded_repair,incumbent_cvar_relaxed_source_lp,146058451,139506195,1000.0,1000.0,-162.5963102886178,-177.67809625327766,15.081785964659872,1753.3326045468239,842400.0,True,True,6.907218559226713e-06,0.8992165242165242,0,,,61357.34994813033,95857.82944835762,True,True,post_v181_one_drop_one_add_whole_loan_swap,post-v181 one-swap pricing only; not multi-swap or global proof,F,D,2,2,1,2,2,0,2019,2018,NY,CA
v63_source_repair_return_guarded_repair,incumbent_cvar_relaxed_source_lp,146058451,156823754,1000.0,1000.0,-162.5963102886178,-183.46022770133698,20.86391741271919,1759.1147359948832,842400.0,True,True,6.907218559226713e-06,0.8992165242165242,0,,,61354.951729030916,95836.92468497698,True,True,post_v181_one_drop_one_add_whole_loan_swap,post-v181 one-swap pricing only; not multi-swap or global proof,F,D,2,2,1,3,2,1,2019,2019,NY,CA
v63_source_repair_return_guarded_repair,incumbent_cvar_relaxed_source_lp,146058451,156807668,1000.0,1000.0,-162.5963102886178,-175.85010442413147,13.253794135513687,1751.5046127176777,842400.0,True,True,6.907218559226713e-06,0.8992165242165242,0,,,61382.38522338963,95865.20104535467,True,True,post_v181_one_drop_one_add_whole_loan_swap,post-v181 one-swap pricing only; not multi-swap or global proof,F,D,2,2,1,0,2,0,2019,2019,NY,TX
v63_source_repair_return_guarded_repair,incumbent_cvar_relaxed_source_lp,146047525,127874931,1000.0,1000.0,-158.0343653049946,-186.9469746106631,28.912609305668497,1767.1634278878323,842400.0,True,True,6.907218559226713e-06,0.8980294396961064,0,,,61404.8347550888,95974.44443381001,True,True,post_v181_one_drop_one_add_whole_loan_swap,post-v181 one-swap pricing only; not multi-swap or global proof,E,B,2,0,4,0,0,0,2019,2018,MD,MN
v63_source_repair_return_guarded_repair,incumbent_cvar_relaxed_source_lp,146047525,127672145,1000.0,1000.0,-158.0343653049946,-196.20083323856994,38.16646793357535,1776.4172865157393,842400.0,True,True,6.907218559226713e-06,0.8992165242165242,0,,,61373.727340064106,95930.07411492473,True,True,post_v181_one_drop_one_add_whole_loan_swap,post-v181 one-swap pricing only; not multi-swap or global proof,E,C,2,1,4,0,0,2,2019,2018,MD,other
v63_source_repair_return_guarded_repair,incumbent_cvar_relaxed_source_lp,146047525,127475725,1000.0,1000.0,-158.0343653049946,-211.8282137432861,53.79384843829152,1792.0446670204553,842400.0,True,True,6.907218559226713e-06,0.8992165242165242,0,,,61347.83485909992,95897.97209666742,True,True,post_v181_one_drop_one_add_whole_loan_swap,post-v181 one-swap pricing only; not multi-swap or global proof,E,C,2,1,4,4,0,0,2019,2018,MD,AZ
v63_source_repair_return_guarded_repair,incumbent_cvar_relaxed_source_lp,146047525,127582382,1000.0,1000.0,-158.0343653049946,-205.52183833714096,47.48747303214637,1785.7382916143104,842400.0,True,True,6.907218559226713e-06,0.8992165242165242,0,,,61289.85080492141,95819.64016241791,True,True,post_v181_one_drop_one_add_whole_loan_swap,post-v181 one-swap pricing only; not multi-swap or global proof,E,D,2,2,4,3,0,0,2019,2018,MD,CA
v63_source_repair_return_guarded_repair,incumbent_cvar_relaxed_source_lp,146047525,126827839,1000.0,1000.0,-158.0343653049946,-175.77898463113021,17.74461932613562,1755.9954379082994,842400.0,True,True,6.907218559226713e-06,0.8992165242165242,0,,,61271.62443631885,95788.28353400996,True,True,post_v181_one_drop_one_add_whole_loan_swap,post-v181 one-swap pricing only; not multi-swap or global proof,E,E,2,2,4,0,0,4,2019,2018,MD,other
v63_source_repair_return_guarded_repair,incumbent_cvar_relaxed_source_lp,146047525,126820122,1000.0,1000.0,-158.0343653049946,-201.89545162414464,43.86108631915005,1782.111904901314,842400.0,True,True,6.907218559226713e-06,0.8992165242165242,0,,,61333.14530110219,95881.703600566,True,True,post_v181_one_drop_one_add_whole_loan_swap,post-v181 one-swap pricing only; not multi-swap or global proof,E,C,2,1,4,0,0,1,2019,2018,MD,other
v63_source_repair_return_guarded_repair,incumbent_cvar_relaxed_source_lp,146047525,126733849,1000.0,1000.0,-158.0343653049946,-186.9469746106631,28.912609305668497,1767.1634278878323,842400.0,True,True,6.907218559226713e-06,0.8980294396961064,0,,,61404.8347550888,95974.44443381001,True,True,post_v181_one_drop_one_add_whole_loan_swap,post-v181 one-swap pricing only; not multi-swap or global proof,E,B,2,0,4,4,0,3,2019,2018,MD,NJ
v63_source_repair_return_guarded_repair,incumbent_cvar_relaxed_source_lp,146047525,126652025,1000.0,1000.0,-158.0343653049946,-206.92821374328602,48.89384843829143,1787.1446670204552,842400.0,True,True,6.907218559226713e-06,0.8992165242165242,0,,,61347.83485909992,95897.97209666742,True,True,post_v181_one_drop_one_add_whole_loan_swap,post-v181 one-swap pricing only; not multi-swap or global proof,E,C,2,1,4,3,0,1,2019,2018,MD,FL
v63_source_repair_return_guarded_repair,incumbent_cvar_relaxed_source_lp,146047525,126468092,1000.0,1000.0,-158.0343653049946,-169.50590883596908,11.471543530974486,1749.7223621131384,842400.0,True,True,6.907218559226713e-06,0.8980294396961064,0,,,61427.73897764618,96005.6778357827,True,True,post_v181_one_drop_one_add_whole_loan_swap,post-v181 one-swap pricing only; not multi-swap or global proof,E,B,2,0,4,1,0,2,2019,2018,MD,other
v63_source_repair_return_guarded_repair,incumbent_cvar_relaxed_source_lp,146047525,126419064,1000.0,1000.0,-158.0343653049946,-198.85427993768698,40.81991463269239,1779.0707332148563,842400.0,True,True,6.907218559226713e-06,0.8992165242165242,0,,,61306.53877767183,95839.03519450537,True,True,post_v181_one_drop_one_add_whole_loan_swap,post-v181 one-swap pricing only; not multi-swap or global proof,E,D,2,2,4,4,0,1,2019,2018,MD,other
v63_source_repair_return_guarded_repair,incumbent_cvar_relaxed_source_lp,146047525,168701788,1000.0,1000.0,-158.0343653049946,-178.5860397151734,20.551674410178805,1758.8024929923426,842400.0,True,True,6.907218559226713e-06,0.8992165242165242,0,,,61325.41393935602,95848.73292052241,True,True,post_v181_one_drop_one_add_whole_loan_swap,post-v181 one-swap pricing only; not multi-swap or global proof,E,C,2,1,4,3,0,1,2019,2020,MD,TX
v63_source_repair_return_guarded_repair,incumbent_cvar_relaxed_source_lp,146047525,169358871,1000.0,1000.0,-158.0343653049946,-177.86634212741987,19.831976822425275,1758.0827954045892,842400.0,True,True,6.907218559226713e-06,0.8992165242165242,0,,,61335.18495668876,95836.30788548259,True,True,post_v181_one_drop_one_add_whole_loan_swap,post-v181 one-swap pricing only; not multi-swap or global proof,E,C,2,1,4,3,0,0,2019,2020,MD,VA
v63_source_repair_return_guarded_repair,incumbent_cvar_relaxed_source_lp,146047525,139506195,1000.0,1000.0,-158.0343653049946,-177.67809625327766,19.643730948283064,1757.894549530447,842400.0,True,True,6.907218559226713e-06,0.8992165242165242,0,,,61309.35027663734,95782.52626036211,True,True,post_v181_one_drop_one_add_whole_loan_swap,post-v181 one-swap pricing only; not multi-swap or global proof,E,D,2,2,4,2,0,0,2019,2018,MD,CA
v63_source_repair_return_guarded_repair,incumbent_cvar_relaxed_source_lp,146047525,156823754,1000.0,1000.0,-158.0343653049946,-183.46022770133698,25.42586239634238,1763.6766809785063,842400.0,True,True,6.907218559226713e-06,0.8992165242165242,0,,,61306.95205753794,95761.62149698148,True,True,post_v181_one_drop_one_add_whole_loan_swap,post-v181 one-swap pricing only; not multi-swap or global proof,E,D,2,2,4,3,0,1,2019,2019,MD,CA
v63_source_repair_return_guarded_repair,incumbent_cvar_relaxed_source_lp,146047525,156807668,1000.0,1000.0,-158.0343653049946,-175.85010442413147,17.81573911913688,1756.0665577013008,842400.0,True,True,6.907218559226713e-06,0.8992165242165242,0,,,61334.385551896645,95789.89785735916,True,True,post_v181_one_drop_one_add_whole_loan_swap,post-v181 one-swap pricing only; not multi-swap or global proof,E,D,2,2,4,0,0,0,2019,2019,MD,TX
v63_source_repair_return_guarded_repair,incumbent_cvar_relaxed_source_lp,146047525,156707196,1000.0,1000.0,-158.0343653049946,-158.460227701337,0.42586239634240997,1738.6766809785063,842400.0,True,True,6.907218559226713e-06,0.8992165242165242,0,,,61306.95205753794,95761.62149698148,True,True,post_v181_one_drop_one_add_whole_loan_swap,post-v181 one-swap pricing only; not multi-swap or global proof,E,D,2,2,4,2,0,0,2019,2019,MD,other
v63_source_repair_return_guarded_repair,incumbent_cvar_relaxed_source_lp,145950014,127475725,1000.0,1000.0,-197.20586899379578,-211.8282137432861,14.622344749490338,1752.8731633316543,842400.0,True,True,6.907218559226713e-06,0.8992165242165242,0,,,61227.417675382865,95699.15501000664,True,True,post_v181_one_drop_one_add_whole_loan_swap,post-v181 one-swap pricing only; not multi-swap or global proof,B,C,1,1,2,4,3,0,2019,2018,PA,AZ
v63_source_repair_return_guarded_repair,incumbent_cvar_relaxed_source_lp,145950014,127582382,1000.0,1000.0,-197.20586899379578,-205.52183833714096,8.315969343345188,1746.566787925509,842400.0,True,True,6.907218559226713e-06,0.8992165242165242,0,,,61169.433621204356,95620.82307575711,True,True,post_v181_one_drop_one_add_whole_loan_swap,post-v181 one-swap pricing only; not multi-swap or global proof,B,D,1,2,2,3,3,0,2019,2018,PA,CA
v63_source_repair_return_guarded_repair,incumbent_cvar_relaxed_source_lp,145950014,126820122,1000.0,1000.0,-197.20586899379578,-201.89545162414464,4.689582630348866,1742.9404012125128,842400.0,True,True,6.907218559226713e-06,0.8992165242165242,0,,,61212.72811738512,95682.8865139052,True,True,post_v181_one_drop_one_add_whole_loan_swap,post-v181 one-swap pricing only; not multi-swap or global proof,B,C,1,1,2,0,3,1,2019,2018,PA,other
v63_source_repair_return_guarded_repair,incumbent_cvar_relaxed_source_lp,145950014,126652025,1000.0,1000.0,-197.20586899379578,-206.92821374328602,9.722344749490247,1747.9731633316542,842400.0,True,True,6.907218559226713e-06,0.8992165242165242,0,,,61227.417675382865,95699.15501000664,True,True,post_v181_one_drop_one_add_whole_loan_swap,post-v181 one-swap pricing only; not multi-swap or global proof,B,C,1,1,2,3,3,1,2019,2018,PA,FL
v63_source_repair_return_guarded_repair,incumbent_cvar_relaxed_source_lp,145950014,126419064,1000.0,1000.0,-197.20586899379578,-198.85427993768698,1.6484109438912071,1739.899229526055,842400.0,True,True,6.907218559226713e-06,0.8992165242165242,0,,,61186.12159395477,95640.21810784456,True,True,post_v181_one_drop_one_add_whole_loan_swap,post-v181 one-swap pricing only; not multi-swap or global proof,B,D,1,2,2,4,3,1,2019,2018,PA,other
v63_source_repair_return_guarded_repair,incumbent_cvar_relaxed_source_lp,145693319,127874931,1000.0,1000.0,-185.7950112813479,-186.9469746106631,1.1519633293151799,1739.402781911479,842400.0,True,True,6.907218559226713e-06,0.8980294396961064,0,,,61403.47238675399,95973.06950916885,True,True,post_v181_one_drop_one_add_whole_loan_swap,post-v181 one-swap pricing only; not multi-swap or global proof,E,B,2,0,0,0,1,0,2019,2018,MI,MN
v63_source_repair_return_guarded_repair,incumbent_cvar_relaxed_source_lp,145693319,127672145,1000.0,1000.0,-185.7950112813479,-196.20083323856994,10.405821957222031,1748.656640539386,842400.0,True,True,6.907218559226713e-06,0.8992165242165242,0,,,61372.3649717293,95928.69919028356,True,True,post_v181_one_drop_one_add_whole_loan_swap,post-v181 one-swap pricing only; not multi-swap or global proof,E,C,2,1,0,0,1,2,2019,2018,MI,other
v63_source_repair_return_guarded_repair,incumbent_cvar_relaxed_source_lp,145693319,127475725,1000.0,1000.0,-185.7950112813479,-211.8282137432861,26.033202461938203,1764.284021044102,842400.0,True,True,6.907218559226713e-06,0.8992165242165242,0,,,61346.47249076512,95896.59717202628,True,True,post_v181_one_drop_one_add_whole_loan_swap,post-v181 one-swap pricing only; not multi-swap or global proof,E,C,2,1,0,4,1,0,2019,2018,MI,AZ
v63_source_repair_return_guarded_repair,incumbent_cvar_relaxed_source_lp,145693319,127582382,1000.0,1000.0,-185.7950112813479,-205.52183833714096,19.726827055793052,1757.977645637957,842400.0,True,True,6.907218559226713e-06,0.8992165242165242,0,,,61288.48843658661,95818.26523777678,True,True,post_v181_one_drop_one_add_whole_loan_swap,post-v181 one-swap pricing only; not multi-swap or global proof,E,D,2,2,0,3,1,0,2019,2018,MI,CA
v63_source_repair_return_guarded_repair,incumbent_cvar_relaxed_source_lp,145693319,126820122,1000.0,1000.0,-185.7950112813479,-201.89545162414464,16.10044034279673,1754.3512589249606,842400.0,True,True,6.907218559226713e-06,0.8992165242165242,0,,,61331.78293276738,95880.32867592486,True,True,post_v181_one_drop_one_add_whole_loan_swap,post-v181 one-swap pricing only; not multi-swap or global proof,E,C,2,1,0,0,1,1,2019,2018,MI,other
v63_source_repair_return_guarded_repair,incumbent_cvar_relaxed_source_lp,145693319,126733849,1000.0,1000.0,-185.7950112813479,-186.9469746106631,1.1519633293151799,1739.402781911479,842400.0,True,True,6.907218559226713e-06,0.8980294396961064,0,,,61403.47238675399,95973.06950916885,True,True,post_v181_one_drop_one_add_whole_loan_swap,post-v181 one-swap pricing only; not multi-swap or global proof,E,B,2,0,0,4,1,3,2019,2018,MI,NJ
v63_source_repair_return_guarded_repair,incumbent_cvar_relaxed_source_lp,145693319,126652025,1000.0,1000.0,-185.7950112813479,-206.92821374328602,21.13320246193811,1759.384021044102,842400.0,True,True,6.907218559226713e-06,0.8992165242165242,0,,,61346.47249076512,95896.59717202628,True,True,post_v181_one_drop_one_add_whole_loan_swap,post-v181 one-swap pricing only; not multi-swap or global proof,E,C,2,1,0,3,1,1,2019,2018,MI,FL
v63_source_repair_return_guarded_repair,incumbent_cvar_relaxed_source_lp,145693319,126419064,1000.0,1000.0,-185.7950112813479,-198.85427993768698,13.059268656339071,1751.310087238503,842400.0,True,True,6.907218559226713e-06,0.8992165242165242,0,,,61305.17640933702,95837.66026986422,True,True,post_v181_one_drop_one_add_whole_loan_swap,post-v181 one-swap pricing only; not multi-swap or global proof,E,D,2,2,0,4,1,1,2019,2018,MI,other
v63_source_repair_return_guarded_repair,incumbent_cvar_relaxed_source_lp,154341738,168678809,1000.0,1000.0,-19.715403175880347,-25.935876492202276,6.220473316321929,1744.4712918984858,842400.0,True,True,6.907218559226713e-06,0.8992165242165242,0,,,61265.86949576183,95701.42734121352,True,True,post_v181_one_drop_one_add_whole_loan_swap,post-v181 one-swap pricing only; not multi-swap or global proof,A,A,1,1,2,1,2,0,2019,2020,other,IN
v63_source_repair_return_guarded_repair,incumbent_cvar_relaxed_source_lp,154341738,170390171,1000.0,1000.0,-19.715403175880347,-23.632377345499286,3.916974169618939,1742.1677927517828,842400.0,True,True,6.907218559226713e-06,0.8992165242165242,0,,,61262.46400622027,95694.49454102844,True,True,post_v181_one_drop_one_add_whole_loan_swap,post-v181 one-swap pricing only; not multi-swap or global proof,A,A,1,1,2,0,2,0,2019,2020,other,other
v63_source_repair_return_guarded_repair,incumbent_cvar_relaxed_source_lp,154341738,169450190,1000.0,1000.0,-19.715403175880347,-22.58050328415853,2.8651001082781846,1741.1159186904422,842400.0,True,True,6.907218559226713e-06,0.8992165242165242,0,,,61245.149281731734,95659.48650770265,True,True,post_v181_one_drop_one_add_whole_loan_swap,post-v181 one-swap pricing only; not multi-swap or global proof,A,A,1,1,2,0,2,0,2019,2020,other,AZ
v63_source_repair_return_guarded_repair,incumbent_cvar_relaxed_source_lp,153939446,127874931,1000.0,1000.0,-158.5530158334477,-186.9469746106631,28.393958777215403,1766.6447773593793,842400.0,True,True,6.907218559226713e-06,0.8980294396961064,0,,,61431.70362037391,95930.93267564112,True,True,post_v181_one_drop_one_add_whole_loan_swap,post-v181 one-swap pricing only; not multi-swap or global proof,D,B,3,0,0,0,4,0,2019,2018,other,MN
v63_source_repair_return_guarded_repair,incumbent_cvar_relaxed_source_lp,153939446,127672145,1000.0,1000.0,-158.5530158334477,-196.20083323856994,37.647817405122254,1775.898635987286,842400.0,True,True,6.907218559226713e-06,0.8992165242165242,0,,,61400.59620534923,95886.56235675587,True,True,post_v181_one_drop_one_add_whole_loan_swap,post-v181 one-swap pricing only; not multi-swap or global proof,D,C,3,1,0,0,4,2,2019,2018,other,other
v63_source_repair_return_guarded_repair,incumbent_cvar_relaxed_source_lp,153939446,127475725,1000.0,1000.0,-158.5530158334477,-211.8282137432861,53.275197909838425,1791.5260164920023,842400.0,True,True,6.907218559226713e-06,0.8992165242165242,0,,,61374.70372438504,95854.46033849855,True,True,post_v181_one_drop_one_add_whole_loan_swap,post-v181 one-swap pricing only; not multi-swap or global proof,D,C,3,1,0,4,4,0,2019,2018,other,AZ
v63_source_repair_return_guarded_repair,incumbent_cvar_relaxed_source_lp,153939446,127582382,1000.0,1000.0,-158.5530158334477,-205.52183833714096,46.968822503693275,1785.2196410858571,842400.0,True,True,6.907218559226713e-06,0.8992165242165242,0,,,61316.71967020654,95776.12840424904,True,True,post_v181_one_drop_one_add_whole_loan_swap,post-v181 one-swap pricing only; not multi-swap or global proof,D,D,3,2,0,3,4,0,2019,2018,other,CA
v63_source_repair_return_guarded_repair,incumbent_cvar_relaxed_source_lp,153939446,126827839,1000.0,1000.0,-158.5530158334477,-175.77898463113021,17.225968797682526,1755.4767873798464,842400.0,True,True,6.907218559226713e-06,0.8992165242165242,0,,,61298.49330160397,95744.77177584109,True,True,post_v181_one_drop_one_add_whole_loan_swap,post-v181 one-swap pricing only; not multi-swap or global proof,D,E,3,2,0,0,4,4,2019,2018,other,other
v63_source_repair_return_guarded_repair,incumbent_cvar_relaxed_source_lp,153939446,126820122,1000.0,1000.0,-158.5530158334477,-201.89545162414464,43.34243579069695,1781.5932543728609,842400.0,True,True,6.907218559226713e-06,0.8992165242165242,0,,,61360.01416638731,95838.19184239714,True,True,post_v181_one_drop_one_add_whole_loan_swap,post-v181 one-swap pricing only; not multi-swap or global proof,D,C,3,1,0,0,4,1,2019,2018,other,other
v63_source_repair_return_guarded_repair,incumbent_cvar_relaxed_source_lp,153939446,126733849,1000.0,1000.0,-158.5530158334477,-186.9469746106631,28.393958777215403,1766.6447773593793,842400.0,True,True,6.907218559226713e-06,0.8980294396961064,0,,,61431.70362037391,95930.93267564112,True,True,post_v181_one_drop_one_add_whole_loan_swap,post-v181 one-swap pricing only; not multi-swap or global proof,D,B,3,0,0,4,4,3,2019,2018,other,NJ
v63_source_repair_return_guarded_repair,incumbent_cvar_relaxed_source_lp,153939446,126652025,1000.0,1000.0,-158.5530158334477,-206.92821374328602,48.375197909838334,1786.6260164920022,842400.0,True,True,6.907218559226713e-06,0.8992165242165242,0,,,61374.70372438504,95854.46033849855,True,True,post_v181_one_drop_one_add_whole_loan_swap,post-v181 one-swap pricing only; not multi-swap or global proof,D,C,3,1,0,3,4,1,2019,2018,other,FL
v63_source_repair_return_guarded_repair,incumbent_cvar_relaxed_source_lp,153939446,126468092,1000.0,1000.0,-158.5530158334477,-169.50590883596908,10.952893002521392,1749.2037115846854,842400.0,True,True,6.907218559226713e-06,0.8980294396961064,0,,,61454.607842931306,95962.16607761383,True,True,post_v181_one_drop_one_add_whole_loan_swap,post-v181 one-swap pricing only; not multi-swap or global proof,D,B,3,0,0,1,4,2,2019,2018,other,other
v63_source_repair_return_guarded_repair,incumbent_cvar_relaxed_source_lp,153939446,126419064,1000.0,1000.0,-158.5530158334477,-198.85427993768698,40.301264104239294,1778.552082686403,842400.0,True,True,6.907218559226713e-06,0.8992165242165242,0,,,61333.407642956954,95795.52343633652,True,True,post_v181_one_drop_one_add_whole_loan_swap,post-v181 one-swap pricing only; not multi-swap or global proof,D,D,3,2,0,4,4,1,2019,2018,other,other
v63_source_repair_return_guarded_repair,incumbent_cvar_relaxed_source_lp,153939446,168701788,1000.0,1000.0,-158.5530158334477,-178.5860397151734,20.03302388172571,1758.2838424638896,842400.0,True,True,6.907218559226713e-06,0.8992165242165242,0,,,61352.282804641145,95805.22116235355,True,True,post_v181_one_drop_one_add_whole_loan_swap,post-v181 one-swap pricing only; not multi-swap or global proof,D,C,3,1,0,3,4,1,2019,2020,other,TX
v63_source_repair_return_guarded_repair,incumbent_cvar_relaxed_source_lp,153939446,169358871,1000.0,1000.0,-158.5530158334477,-177.86634212741987,19.31332629397218,1757.5641448761362,842400.0,True,True,6.907218559226713e-06,0.8992165242165242,0,,,61362.05382197388,95792.79612731372,True,True,post_v181_one_drop_one_add_whole_loan_swap,post-v181 one-swap pricing only; not multi-swap or global proof,D,C,3,1,0,3,4,0,2019,2020,other,VA
v63_source_repair_return_guarded_repair,incumbent_cvar_relaxed_source_lp,153939446,139506195,1000.0,1000.0,-158.5530158334477,-177.67809625327766,19.12508041982997,1757.375899001994,842400.0,True,True,6.907218559226713e-06,0.8992165242165242,0,,,61336.21914192247,95739.01450219325,True,True,post_v181_one_drop_one_add_whole_loan_swap,post-v181 one-swap pricing only; not multi-swap or global proof,D,D,3,2,0,2,4,0,2019,2018,other,CA
v63_source_repair_return_guarded_repair,incumbent_cvar_relaxed_source_lp,153939446,156823754,1000.0,1000.0,-158.5530158334477,-183.46022770133698,24.907211867889288,1763.1580304500533,842400.0,True,True,6.907218559226713e-06,0.8992165242165242,0,,,61333.82092282307,95718.10973881262,True,True,post_v181_one_drop_one_add_whole_loan_swap,post-v181 one-swap pricing only; not multi-swap or global proof,D,D,3,2,0,3,4,1,2019,2019,other,CA
v63_source_repair_return_guarded_repair,incumbent_cvar_relaxed_source_lp,153939446,156807668,1000.0,1000.0,-158.5530158334477,-175.85010442413147,17.297088590683785,1755.5479071728478,842400.0,True,True,6.907218559226713e-06,0.8992165242165242,0,,,61361.25441718177,95746.38609919029,True,True,post_v181_one_drop_one_add_whole_loan_swap,post-v181 one-swap pricing only; not multi-swap or global proof,D,D,3,2,0,0,4,0,2019,2019,other,TX
v63_source_repair_return_guarded_repair,incumbent_cvar_relaxed_source_lp,153597655,127475725,1000.0,1000.0,-205.4688648010169,-211.8282137432861,6.359348942269207,1744.610167524433,842400.0,True,True,6.907218559226713e-06,0.8992165242165242,0,,,61332.76499824043,95846.96029947241,True,True,post_v181_one_drop_one_add_whole_loan_swap,post-v181 one-swap pricing only; not multi-swap or global proof,D,C,2,1,0,4,0,0,2019,2018,MI,AZ
v63_source_repair_return_guarded_repair,incumbent_cvar_relaxed_source_lp,153597655,127582382,1000.0,1000.0,-205.4688648010169,-205.52183833714096,0.052973536124056864,1738.303792118288,842400.0,True,True,6.907218559226713e-06,0.8992165242165242,0,,,61274.78094406192,95768.6283652229,True,True,post_v181_one_drop_one_add_whole_loan_swap,post-v181 one-swap pricing only; not multi-swap or global proof,D,D,2,2,0,3,0,0,2019,2018,MI,CA
v63_source_repair_return_guarded_repair,incumbent_cvar_relaxed_source_lp,153597655,126652025,1000.0,1000.0,-205.4688648010169,-206.92821374328602,1.4593489422691164,1739.710167524433,842400.0,True,True,6.907218559226713e-06,0.8992165242165242,0,,,61332.76499824043,95846.96029947241,True,True,post_v181_one_drop_one_add_whole_loan_swap,post-v181 one-swap pricing only; not multi-swap or global proof,D,C,2,1,0,3,0,1,2019,2018,MI,FL
v63_source_repair_return_guarded_repair,incumbent_cvar_relaxed_source_lp,152021170,127011905,1500.0,1500.0,-294.82952375017175,-310.3923206149292,15.562796864757445,1753.8136154469214,842400.0,True,True,6.907218559226713e-06,0.8992165242165242,0,,,61424.549403753575,95926.97973738279,True,True,post_v181_one_drop_one_add_whole_loan_swap,post-v181 one-swap pricing only; not multi-swap or global proof,D,C,3,1,2,2,1,2,2019,2018,IL,other
v63_source_repair_return_guarded_repair,incumbent_cvar_relaxed_source_lp,153077076,127874931,1200.0,1000.0,-186.56263776122043,-186.9469746106631,0.38433684944266133,1738.6351554316066,842600.0,True,True,0.00020940614277265013,0.8978162829337764,0,,,61470.21339100058,96046.81662752792,True,True,post_v181_one_drop_one_add_whole_loan_swap,post-v181 one-swap pricing only; not multi-swap or global proof,D,B,2,0,0,0,0,0,2019,2018,IL,MN
v63_source_repair_return_guarded_repair,incumbent_cvar_relaxed_source_lp,153077076,127672145,1200.0,1000.0,-186.56263776122043,-196.20083323856994,9.638195477349512,1747.8890140595133,842600.0,True,True,0.00020940614277265013,0.8990030856871588,0,,,61439.105975975894,96002.44630864265,True,True,post_v181_one_drop_one_add_whole_loan_swap,post-v181 one-swap pricing only; not multi-swap or global proof,D,C,2,1,0,0,0,2,2019,2018,IL,other
v63_source_repair_return_guarded_repair,incumbent_cvar_relaxed_source_lp,153077076,127475725,1200.0,1000.0,-186.56263776122043,-211.8282137432861,25.265575982065684,1763.5163945642296,842600.0,True,True,0.00020940614277265013,0.8990030856871588,0,,,61413.21349501172,95970.34429038536,True,True,post_v181_one_drop_one_add_whole_loan_swap,post-v181 one-swap pricing only; not multi-swap or global proof,D,C,2,1,0,4,0,0,2019,2018,IL,AZ
v63_source_repair_return_guarded_repair,incumbent_cvar_relaxed_source_lp,153077076,127582382,1200.0,1000.0,-186.56263776122043,-205.52183833714096,18.959200575920534,1757.2100191580844,842600.0,True,True,0.00020940614277265013,0.8990030856871588,0,,,61355.2294408332,95892.01235613583,True,True,post_v181_one_drop_one_add_whole_loan_swap,post-v181 one-swap pricing only; not multi-swap or global proof,D,D,2,2,0,3,0,0,2019,2018,IL,CA
v63_source_repair_return_guarded_repair,incumbent_cvar_relaxed_source_lp,153077076,126820122,1200.0,1000.0,-186.56263776122043,-201.89545162414464,15.332813862924212,1753.5836324450881,842600.0,True,True,0.00020940614277265013,0.8990030856871588,0,,,61398.523937013975,95954.07579428393,True,True,post_v181_one_drop_one_add_whole_loan_swap,post-v181 one-swap pricing only; not multi-swap or global proof,D,C,2,1,0,0,0,1,2019,2018,IL,other
v63_source_repair_return_guarded_repair,incumbent_cvar_relaxed_source_lp,153077076,126733849,1200.0,1000.0,-186.56263776122043,-186.9469746106631,0.38433684944266133,1738.6351554316066,842600.0,True,True,0.00020940614277265013,0.8978162829337764,0,,,61470.21339100058,96046.81662752792,True,True,post_v181_one_drop_one_add_whole_loan_swap,post-v181 one-swap pricing only; not multi-swap or global proof,D,B,2,0,0,4,0,3,2019,2018,IL,NJ
v63_source_repair_return_guarded_repair,incumbent_cvar_relaxed_source_lp,153077076,126652025,1200.0,1000.0,-186.56263776122043,-206.92821374328602,20.365575982065593,1758.6163945642295,842600.0,True,True,0.00020940614277265013,0.8990030856871588,0,,,61413.21349501172,95970.34429038536,True,True,post_v181_one_drop_one_add_whole_loan_swap,post-v181 one-swap pricing only; not multi-swap or global proof,D,C,2,1,0,3,0,1,2019,2018,IL,FL
v63_source_repair_return_guarded_repair,incumbent_cvar_relaxed_source_lp,153077076,126483031,1200.0,1200.0,-186.56263776122043,-200.480236756332,13.917598995111575,1752.1684175772755,842400.0,True,True,6.907218559226713e-06,0.8977920227920227,0,,,61449.22896666106,96016.39767692621,True,True,post_v181_one_drop_one_add_whole_loan_swap,post-v181 one-swap pricing only; not multi-swap or global proof,D,B,2,0,0,2,0,0,2019,2018,IL,FL
v63_source_repair_return_guarded_repair,incumbent_cvar_relaxed_source_lp,153077076,126419064,1200.0,1000.0,-186.56263776122043,-198.85427993768698,12.291642176466553,1750.5424607586306,842600.0,True,True,0.00020940614277265013,0.8990030856871588,0,,,61371.917413583615,95911.4073882233,True,True,post_v181_one_drop_one_add_whole_loan_swap,post-v181 one-swap pricing only; not multi-swap or global proof,D,D,2,2,0,4,0,1,2019,2018,IL,other
v63_source_repair_return_guarded_repair,incumbent_cvar_relaxed_source_lp,153077076,165985906,1200.0,1200.0,-186.56263776122043,-203.72482836822385,17.162190607003424,1755.4130091891673,842400.0,True,True,6.907218559226713e-06,0.8992165242165242,0,,,61354.90116354982,95846.03777192612,True,True,post_v181_one_drop_one_add_whole_loan_swap,post-v181 one-swap pricing only; not multi-swap or global proof,D,C,2,1,0,3,0,4,2019,2020,IL,VA
v63_source_repair_return_guarded_repair,incumbent_cvar_relaxed_source_lp,153077076,160806330,1200.0,1200.0,-186.56263776122043,-210.10403328668124,23.541395525460814,1761.7922141076247,842400.0,True,True,6.907218559226713e-06,0.8992165242165242,0,,,61305.46387460263,95717.41406122061,True,True,post_v181_one_drop_one_add_whole_loan_swap,post-v181 one-swap pricing only; not multi-swap or global proof,D,D,2,2,0,2,0,2,2019,2019,IL,FL
v63_source_repair_return_guarded_repair,incumbent_cvar_relaxed_source_lp,152767295,126760355,1500.0,1500.0,-247.11732418395934,-250.40002765814089,3.2827034741815453,1741.5335220563454,842400.0,True,True,6.907218559226713e-06,0.8992165242165242,0,,,61295.680196367844,95820.59461207778,True,True,post_v181_one_drop_one_add_whole_loan_swap,post-v181 one-swap pricing only; not multi-swap or global proof,B,B,0,0,2,1,1,0,2019,2018,OH,IL
v63_source_repair_return_guarded_repair,incumbent_cvar_relaxed_source_lp,152762134,168841753,1000.0,1000.0,-13.515403175880348,-15.58411172619063,2.068708550310282,1740.3195271324741,842400.0,True,True,6.907218559226713e-06,0.8992165242165242,0,,,61252.35563886364,95680.45098182047,True,True,post_v181_one_drop_one_add_whole_loan_swap,post-v181 one-swap pricing only; not multi-swap or global proof,A,A,1,1,0,1,1,0,2019,2020,OH,NY
v63_source_repair_return_guarded_repair,incumbent_cvar_relaxed_source_lp,152762134,168678809,1000.0,1000.0,-13.515403175880348,-25.935876492202276,12.420473316321928,1750.6712918984858,842400.0,True,True,6.907218559226713e-06,0.8992165242165242,0,,,61265.86949576183,95701.42734121352,True,True,post_v181_one_drop_one_add_whole_loan_swap,post-v181 one-swap pricing only; not multi-swap or global proof,A,A,1,1,0,1,1,0,2019,2020,OH,IN
v63_source_repair_return_guarded_repair,incumbent_cvar_relaxed_source_lp,152762134,170390171,1000.0,1000.0,-13.515403175880348,-23.632377345499286,10.116974169618938,1748.3677927517829,842400.0,True,True,6.907218559226713e-06,0.8992165242165242,0,,,61262.46400622027,95694.49454102844,True,True,post_v181_one_drop_one_add_whole_loan_swap,post-v181 one-swap pricing only; not multi-swap or global proof,A,A,1,1,0,0,1,0,2019,2020,OH,other
v63_source_repair_return_guarded_repair,incumbent_cvar_relaxed_source_lp,152762134,169450190,1000.0,1000.0,-13.515403175880348,-22.58050328415853,9.065100108278184,1747.315918690442,842400.0,True,True,6.907218559226713e-06,0.8992165242165242,0,,,61245.149281731734,95659.48650770265,True,True,post_v181_one_drop_one_add_whole_loan_swap,post-v181 one-swap pricing only; not multi-swap or global proof,A,A,1,1,0,0,1,0,2019,2020,OH,AZ
v63_source_repair_return_guarded_repair,incumbent_cvar_relaxed_source_lp,151946957,127695160,1500.0,1500.0,-229.6106251322233,-235.90029594541494,6.289670813191634,1744.5404893953555,842400.0,True,True,6.907218559226713e-06,0.8992165242165242,0,,,61309.167582074384,95840.6338458817,True,True,post_v181_one_drop_one_add_whole_loan_swap,post-v181 one-swap pricing only; not multi-swap or global proof,B,B,0,0,2,2,1,1,2019,2018,other,TX
v63_source_repair_return_guarded_repair,incumbent_cvar_relaxed_source_lp,151946957,126760355,1500.0,1500.0,-229.6106251322233,-250.40002765814089,20.78940252591758,1759.0402211080814,842400.0,True,True,6.907218559226713e-06,0.8992165242165242,0,,,61309.37289059798,95840.92225198167,True,True,post_v181_one_drop_one_add_whole_loan_swap,post-v181 one-swap pricing only; not multi-swap or global proof,B,B,0,0,2,1,1,0,2019,2018,other,IL
v63_source_repair_return_guarded_repair,incumbent_cvar_relaxed_source_lp,151946957,126430923,1500.0,1500.0,-229.6106251322233,-243.25029594541493,13.639670813191628,1751.8904893953554,842400.0,True,True,6.907218559226713e-06,0.8992165242165242,0,,,61309.167582074384,95840.6338458817,True,True,post_v181_one_drop_one_add_whole_loan_swap,post-v181 one-swap pricing only; not multi-swap or global proof,B,B,0,0,2,3,1,0,2019,2018,other,other
v63_source_repair_return_guarded_repair,incumbent_cvar_relaxed_source_lp,151372310,127874931,1100.0,1000.0,-165.41575767263927,-186.9469746106631,21.531216938023817,1759.7820355201877,842500.0,True,True,0.00010816869840624133,0.8992284866468843,0,,,61269.08542863313,95761.19112552724,True,True,post_v181_one_drop_one_add_whole_loan_swap,post-v181 one-swap pricing only; not multi-swap or global proof,B,B,0,0,4,0,0,0,2019,2018,NY,MN
v63_source_repair_return_guarded_repair,incumbent_cvar_relaxed_source_lp,151372310,126733849,1100.0,1000.0,-165.41575767263927,-186.9469746106631,21.531216938023817,1759.7820355201877,842500.0,True,True,0.00010816869840624133,0.8992284866468843,0,,,61269.08542863313,95761.19112552724,True,True,post_v181_one_drop_one_add_whole_loan_swap,post-v181 one-swap pricing only; not multi-swap or global proof,B,B,0,0,4,4,0,3,2019,2018,NY,NJ
v63_source_repair_return_guarded_repair,incumbent_cvar_relaxed_source_lp,151372310,126468092,1100.0,1000.0,-165.41575767263927,-169.50590883596908,4.090151163329807,1742.3409697454938,842500.0,True,True,0.00010816869840624133,0.8992284866468843,0,,,61291.98965119052,95792.42452749996,True,True,post_v181_one_drop_one_add_whole_loan_swap,post-v181 one-swap pricing only; not multi-swap or global proof,B,B,0,0,4,1,0,2,2019,2018,NY,other
v63_source_repair_return_guarded_repair,incumbent_cvar_relaxed_source_lp,150773698,127475725,1000.0,1000.0,-198.98394577538747,-211.8282137432861,12.844267967898645,1751.0950865500627,842400.0,True,True,6.907218559226713e-06,0.8992165242165242,0,,,61298.49521046146,95783.477246585,True,True,post_v181_one_drop_one_add_whole_loan_swap,post-v181 one-swap pricing only; not multi-swap or global proof,C,C,1,1,4,4,4,0,2019,2018,VA,AZ
v63_source_repair_return_guarded_repair,incumbent_cvar_relaxed_source_lp,150773698,127582382,1000.0,1000.0,-198.98394577538747,-205.52183833714096,6.537892561753495,1744.7887111439175,842400.0,True,True,6.907218559226713e-06,0.8992165242165242,0,,,61240.511156282955,95705.14531233549,True,True,post_v181_one_drop_one_add_whole_loan_swap,post-v181 one-swap pricing only; not multi-swap or global proof,C,D,1,2,4,3,4,0,2019,2018,VA,CA
v63_source_repair_return_guarded_repair,incumbent_cvar_relaxed_source_lp,150773698,126820122,1000.0,1000.0,-198.98394577538747,-201.89545162414464,2.911505848757173,1741.162324430921,842400.0,True,True,6.907218559226713e-06,0.8992165242165242,0,,,61283.805652463714,95767.20875048357,True,True,post_v181_one_drop_one_add_whole_loan_swap,post-v181 one-swap pricing only; not multi-swap or global proof,C,C,1,1,4,0,4,1,2019,2018,VA,other
v63_source_repair_return_guarded_repair,incumbent_cvar_relaxed_source_lp,150773698,126652025,1000.0,1000.0,-198.98394577538747,-206.92821374328602,7.944267967898554,1746.1950865500626,842400.0,True,True,6.907218559226713e-06,0.8992165242165242,0,,,61298.49521046146,95783.477246585,True,True,post_v181_one_drop_one_add_whole_loan_swap,post-v181 one-swap pricing only; not multi-swap or global proof,C,C,1,1,4,3,4,1,2019,2018,VA,FL
v63_source_repair_return_guarded_repair,incumbent_cvar_relaxed_source_lp,150701330,127672145,1000.0,1000.0,-194.73729436734638,-196.20083323856994,1.4635388712235624,1739.7143574533875,842400.0,True,True,6.907218559226713e-06,0.8992165242165242,0,,,61437.55265186521,95894.5283286667,True,True,post_v181_one_drop_one_add_whole_loan_swap,post-v181 one-swap pricing only; not multi-swap or global proof,D,C,4,1,1,0,4,2,2019,2018,WA,other
v63_source_repair_return_guarded_repair,incumbent_cvar_relaxed_source_lp,150701330,127475725,1000.0,1000.0,-194.73729436734638,-211.8282137432861,17.090919375939734,1755.3417379581037,842400.0,True,True,6.907218559226713e-06,0.8992165242165242,0,,,61411.66017090103,95862.42631040941,True,True,post_v181_one_drop_one_add_whole_loan_swap,post-v181 one-swap pricing only; not multi-swap or global proof,D,C,4,1,1,4,4,0,2019,2018,WA,AZ
v63_source_repair_return_guarded_repair,incumbent_cvar_relaxed_source_lp,150701330,127582382,1000.0,1000.0,-194.73729436734638,-205.52183833714096,10.784543969794584,1749.0353625519585,842400.0,True,True,6.907218559226713e-06,0.8992165242165242,0,,,61353.67611672251,95784.0943761599,True,True,post_v181_one_drop_one_add_whole_loan_swap,post-v181 one-swap pricing only; not multi-swap or global proof,D,D,4,2,1,3,4,0,2019,2018,WA,CA
v63_source_repair_return_guarded_repair,incumbent_cvar_relaxed_source_lp,150701330,126820122,1000.0,1000.0,-194.73729436734638,-201.89545162414464,7.158157256798262,1745.408975838962,842400.0,True,True,6.907218559226713e-06,0.8992165242165242,0,,,61396.97061290329,95846.157814308,True,True,post_v181_one_drop_one_add_whole_loan_swap,post-v181 one-swap pricing only; not multi-swap or global proof,D,C,4,1,1,0,4,1,2019,2018,WA,other
v63_source_repair_return_guarded_repair,incumbent_cvar_relaxed_source_lp,150701330,126652025,1000.0,1000.0,-194.73729436734638,-206.92821374328602,12.190919375939643,1750.4417379581037,842400.0,True,True,6.907218559226713e-06,0.8992165242165242,0,,,61411.66017090103,95862.42631040941,True,True,post_v181_one_drop_one_add_whole_loan_swap,post-v181 one-swap pricing only; not multi-swap or global proof,D,C,4,1,1,3,4,1,2019,2018,WA,FL
v63_source_repair_return_guarded_repair,incumbent_cvar_relaxed_source_lp,150701330,126419064,1000.0,1000.0,-194.73729436734638,-198.85427993768698,4.116985570340603,1742.3678041525045,842400.0,True,True,6.907218559226713e-06,0.8992165242165242,0,,,61370.36408947293,95803.48940824733,True,True,post_v181_one_drop_one_add_whole_loan_swap,post-v181 one-swap pricing only; not multi-swap or global proof,D,D,4,2,1,4,4,1,2019,2018,WA,other
v63_source_repair_return_guarded_repair,incumbent_cvar_relaxed_source_lp,150205172,127874931,1000.0,1000.0,-173.60780374449374,-186.9469746106631,13.339170866169354,1751.5899894483332,842400.0,True,True,6.907218559226713e-06,0.8992165242165242,0,,,61267.28870309224,95762.52100210295,True,True,post_v181_one_drop_one_add_whole_loan_swap,post-v181 one-swap pricing only; not multi-swap or global proof,B,B,0,0,1,0,0,0,2019,2018,CA,MN
v63_source_repair_return_guarded_repair,incumbent_cvar_relaxed_source_lp,150205172,126733849,1000.0,1000.0,-173.60780374449374,-186.9469746106631,13.339170866169354,1751.5899894483332,842400.0,True,True,6.907218559226713e-06,0.8992165242165242,0,,,61267.28870309224,95762.52100210295,True,True,post_v181_one_drop_one_add_whole_loan_swap,post-v181 one-swap pricing only; not multi-swap or global proof,B,B,0,0,1,4,0,3,2019,2018,CA,NJ
v63_source_repair_return_guarded_repair,incumbent_cvar_relaxed_source_lp,150003863,127874931,1000.0,1000.0,-181.82074383711605,-186.9469746106631,5.126230773547036,1743.3770493557108,842400.0,True,True,6.907218559226713e-06,0.8980294396961064,0,,,61455.44685213926,95938.89864755196,True,True,post_v181_one_drop_one_add_whole_loan_swap,post-v181 one-swap pricing only; not multi-swap or global proof,D,B,3,0,3,0,2,0,2019,2018,WA,MN
v63_source_repair_return_guarded_repair,incumbent_cvar_relaxed_source_lp,150003863,127672145,1000.0,1000.0,-181.82074383711605,-196.20083323856994,14.380089401453887,1752.6309079836178,842400.0,True,True,6.907218559226713e-06,0.8992165242165242,0,,,61424.339437114584,95894.5283286667,True,True,post_v181_one_drop_one_add_whole_loan_swap,post-v181 one-swap pricing only; not multi-swap or global proof,D,C,3,1,3,0,2,2,2019,2018,WA,other
v63_source_repair_return_guarded_repair,incumbent_cvar_relaxed_source_lp,150003863,127475725,1000.0,1000.0,-181.82074383711605,-211.8282137432861,30.00746990617006,1768.258288488334,842400.0,True,True,6.907218559226713e-06,0.8992165242165242,0,,,61398.446956150394,95862.42631040941,True,True,post_v181_one_drop_one_add_whole_loan_swap,post-v181 one-swap pricing only; not multi-swap or global proof,D,C,3,1,3,4,2,0,2019,2018,WA,AZ
v63_source_repair_return_guarded_repair,incumbent_cvar_relaxed_source_lp,150003863,127582382,1000.0,1000.0,-181.82074383711605,-205.52183833714096,23.701094500024908,1761.9519130821889,842400.0,True,True,6.907218559226713e-06,0.8992165242165242,0,,,61340.462901971885,95784.0943761599,True,True,post_v181_one_drop_one_add_whole_loan_swap,post-v181 one-swap pricing only; not multi-swap or global proof,D,D,3,2,3,3,2,0,2019,2018,WA,CA
v63_source_repair_return_guarded_repair,incumbent_cvar_relaxed_source_lp,150003863,126820122,1000.0,1000.0,-181.82074383711605,-201.89545162414464,20.074707787028586,1758.3255263691924,842400.0,True,True,6.907218559226713e-06,0.8992165242165242,0,,,61383.757398152666,95846.157814308,True,True,post_v181_one_drop_one_add_whole_loan_swap,post-v181 one-swap pricing only; not multi-swap or global proof,D,C,3,1,3,0,2,1,2019,2018,WA,other
v63_source_repair_return_guarded_repair,incumbent_cvar_relaxed_source_lp,150003863,126733849,1000.0,1000.0,-181.82074383711605,-186.9469746106631,5.126230773547036,1743.3770493557108,842400.0,True,True,6.907218559226713e-06,0.8980294396961064,0,,,61455.44685213926,95938.89864755196,True,True,post_v181_one_drop_one_add_whole_loan_swap,post-v181 one-swap pricing only; not multi-swap or global proof,D,B,3,0,3,4,2,3,2019,2018,WA,NJ
v63_source_repair_return_guarded_repair,incumbent_cvar_relaxed_source_lp,150003863,126652025,1000.0,1000.0,-181.82074383711605,-206.92821374328602,25.107469906169968,1763.358288488334,842400.0,True,True,6.907218559226713e-06,0.8992165242165242,0,,,61398.446956150394,95862.42631040941,True,True,post_v181_one_drop_one_add_whole_loan_swap,post-v181 one-swap pricing only; not multi-swap or global proof,D,C,3,1,3,3,2,1,2019,2018,WA,FL
v63_source_repair_return_guarded_repair,incumbent_cvar_relaxed_source_lp,150003863,126419064,1000.0,1000.0,-181.82074383711605,-198.85427993768698,17.033536100570927,1755.2843546827348,842400.0,True,True,6.907218559226713e-06,0.8992165242165242,0,,,61357.1508747223,95803.48940824733,True,True,post_v181_one_drop_one_add_whole_loan_swap,post-v181 one-swap pricing only; not multi-swap or global proof,D,D,3,2,3,4,2,1,2019,2018,WA,other
v63_source_repair_return_guarded_repair,incumbent_cvar_relaxed_source_lp,150003863,156823754,1000.0,1000.0,-181.82074383711605,-183.46022770133698,1.6394838642209209,1739.8903024463848,842400.0,True,True,6.907218559226713e-06,0.8992165242165242,0,,,61357.564154588414,95726.07571072344,True,True,post_v181_one_drop_one_add_whole_loan_swap,post-v181 one-swap pricing only; not multi-swap or global proof,D,D,3,2,3,3,2,1,2019,2019,WA,CA
v63_source_repair_return_guarded_repair,incumbent_cvar_relaxed_source_lp,159223884,127672145,1000.0,1000.0,-195.66693007698728,-196.20083323856994,0.533903161582657,1738.7847217437466,842400.0,True,True,6.907218559226713e-06,0.8992165242165242,0,,,61258.804993178885,95743.3947041893,True,True,post_v181_one_drop_one_add_whole_loan_swap,post-v181 one-swap pricing only; not multi-swap or global proof,B,C,1,1,1,0,1,2,2019,2018,other,other
v63_source_repair_return_guarded_repair,incumbent_cvar_relaxed_source_lp,159223884,127475725,1000.0,1000.0,-195.66693007698728,-211.8282137432861,16.16128366629883,1754.4121022484628,842400.0,True,True,6.907218559226713e-06,0.8992165242165242,0,,,61232.912512214694,95711.29268593201,True,True,post_v181_one_drop_one_add_whole_loan_swap,post-v181 one-swap pricing only; not multi-swap or global proof,B,C,1,1,1,4,1,0,2019,2018,other,AZ
v63_source_repair_return_guarded_repair,incumbent_cvar_relaxed_source_lp,159223884,127582382,1000.0,1000.0,-195.66693007698728,-205.52183833714096,9.854908260153678,1748.1057268423176,842400.0,True,True,6.907218559226713e-06,0.8992165242165242,0,,,61174.928458036185,95632.96075168249,True,True,post_v181_one_drop_one_add_whole_loan_swap,post-v181 one-swap pricing only; not multi-swap or global proof,B,D,1,2,1,3,1,0,2019,2018,other,CA
v63_source_repair_return_guarded_repair,incumbent_cvar_relaxed_source_lp,159223884,126820122,1000.0,1000.0,-195.66693007698728,-201.89545162414464,6.2285215471573565,1744.4793401293214,842400.0,True,True,6.907218559226713e-06,0.8992165242165242,0,,,61218.222954216966,95695.0241898306,True,True,post_v181_one_drop_one_add_whole_loan_swap,post-v181 one-swap pricing only; not multi-swap or global proof,B,C,1,1,1,0,1,1,2019,2018,other,other
v63_source_repair_return_guarded_repair,incumbent_cvar_relaxed_source_lp,159223884,126652025,1000.0,1000.0,-195.66693007698728,-206.92821374328602,11.261283666298738,1749.5121022484627,842400.0,True,True,6.907218559226713e-06,0.8992165242165242,0,,,61232.912512214694,95711.29268593201,True,True,post_v181_one_drop_one_add_whole_loan_swap,post-v181 one-swap pricing only; not multi-swap or global proof,B,C,1,1,1,3,1,1,2019,2018,other,FL
v63_source_repair_return_guarded_repair,incumbent_cvar_relaxed_source_lp,159223884,126419064,1000.0,1000.0,-195.66693007698728,-198.85427993768698,3.1873498606996975,1741.4381684428636,842400.0,True,True,6.907218559226713e-06,0.8992165242165242,0,,,61191.6164307866,95652.35578376995,True,True,post_v181_one_drop_one_add_whole_loan_swap,post-v181 one-swap pricing only; not multi-swap or global proof,B,D,1,2,1,4,1,1,2019,2018,other,other
v63_source_repair_return_guarded_repair,incumbent_cvar_relaxed_source_lp,157596187,168841753,1000.0,1000.0,-13.892977484146389,-15.58411172619063,1.6911342420442406,1739.941952824208,842400.0,True,True,6.907218559226713e-06,0.8992165242165242,0,,,61246.35706042778,95676.31589525967,True,True,post_v181_one_drop_one_add_whole_loan_swap,post-v181 one-swap pricing only; not multi-swap or global proof,A,A,1,1,0,1,4,0,2019,2020,other,NY
v63_source_repair_return_guarded_repair,incumbent_cvar_relaxed_source_lp,157596187,168678809,1000.0,1000.0,-13.892977484146389,-25.935876492202276,12.042899008055887,1750.2937175902198,842400.0,True,True,6.907218559226713e-06,0.8992165242165242,0,,,61259.870917325956,95697.29225465273,True,True,post_v181_one_drop_one_add_whole_loan_swap,post-v181 one-swap pricing only; not multi-swap or global proof,A,A,1,1,0,1,4,0,2019,2020,other,IN
v63_source_repair_return_guarded_repair,incumbent_cvar_relaxed_source_lp,157596187,170390171,1000.0,1000.0,-13.892977484146389,-23.632377345499286,9.739399861352897,1747.9902184435168,842400.0,True,True,6.907218559226713e-06,0.8992165242165242,0,,,61256.465427784395,95690.35945446765,True,True,post_v181_one_drop_one_add_whole_loan_swap,post-v181 one-swap pricing only; not multi-swap or global proof,A,A,1,1,0,0,4,0,2019,2020,other,other
v63_source_repair_return_guarded_repair,incumbent_cvar_relaxed_source_lp,157596187,169450190,1000.0,1000.0,-13.892977484146389,-22.58050328415853,8.687525800012143,1746.938344382176,842400.0,True,True,6.907218559226713e-06,0.8992165242165242,0,,,61239.150703295854,95655.35142114187,True,True,post_v181_one_drop_one_add_whole_loan_swap,post-v181 one-swap pricing only; not multi-swap or global proof,A,A,1,1,0,0,4,0,2019,2020,other,AZ
v63_source_repair_return_guarded_repair,incumbent_cvar_relaxed_source_lp,158847648,127874931,1000.0,1000.0,-168.65177128913533,-186.9469746106631,18.295203321527765,1756.5460219036918,842400.0,True,True,6.907218559226713e-06,0.8992165242165242,0,,,61269.291259085076,95763.9087588984,True,True,post_v181_one_drop_one_add_whole_loan_swap,post-v181 one-swap pricing only; not multi-swap or global proof,B,B,0,0,4,0,0,0,2019,2018,NJ,MN
v63_source_repair_return_guarded_repair,incumbent_cvar_relaxed_source_lp,158847648,126733849,1000.0,1000.0,-168.65177128913533,-186.9469746106631,18.295203321527765,1756.5460219036918,842400.0,True,True,6.907218559226713e-06,0.8992165242165242,0,,,61269.291259085076,95763.9087588984,True,True,post_v181_one_drop_one_add_whole_loan_swap,post-v181 one-swap pricing only; not multi-swap or global proof,B,B,0,0,4,4,0,3,2019,2018,NJ,NJ
v63_source_repair_return_guarded_repair,incumbent_cvar_relaxed_source_lp,158847648,126468092,1000.0,1000.0,-168.65177128913533,-169.50590883596908,0.8541375468337549,1739.1049561289976,842400.0,True,True,6.907218559226713e-06,0.8992165242165242,0,,,61292.195481642455,95795.1421608711,True,True,post_v181_one_drop_one_add_whole_loan_swap,post-v181 one-swap pricing only; not multi-swap or global proof,B,B,0,0,4,1,0,2,2019,2018,NJ,other
v63_source_repair_return_guarded_repair,incumbent_cvar_relaxed_source_lp,158776308,127874931,1200.0,1000.0,-182.70950551320306,-186.9469746106631,4.2374690974600355,1742.488287679624,842600.0,True,True,0.00020940614277265013,0.8978162829337764,0,,,61512.81290429334,96064.78186146378,True,True,post_v181_one_drop_one_add_whole_loan_swap,post-v181 one-swap pricing only; not multi-swap or global proof,D,B,3,0,4,0,4,0,2019,2018,CA,MN
v63_source_repair_return_guarded_repair,incumbent_cvar_relaxed_source_lp,158776308,127672145,1200.0,1000.0,-182.70950551320306,-196.20083323856994,13.491327725366887,1751.7421463075307,842600.0,True,True,0.00020940614277265013,0.8990030856871588,0,,,61481.70548926865,96020.4115425785,True,True,post_v181_one_drop_one_add_whole_loan_swap,post-v181 one-swap pricing only; not multi-swap or global proof,D,C,3,1,4,0,4,2,2019,2018,CA,other
v63_source_repair_return_guarded_repair,incumbent_cvar_relaxed_source_lp,158776308,127475725,1200.0,1000.0,-182.70950551320306,-211.8282137432861,29.118708230083058,1767.369526812247,842600.0,True,True,0.00020940614277265013,0.8990030856871588,0,,,61455.81300830447,95988.30952432122,True,True,post_v181_one_drop_one_add_whole_loan_swap,post-v181 one-swap pricing only; not multi-swap or global proof,D,C,3,1,4,4,4,0,2019,2018,CA,AZ
v63_source_repair_return_guarded_repair,incumbent_cvar_relaxed_source_lp,158776308,127582382,1200.0,1000.0,-182.70950551320306,-205.52183833714096,22.812332823937908,1761.0631514061017,842600.0,True,True,0.00020940614277265013,0.8990030856871588,0,,,61397.82895412596,95909.97759007166,True,True,post_v181_one_drop_one_add_whole_loan_swap,post-v181 one-swap pricing only; not multi-swap or global proof,D,D,3,2,4,3,4,0,2019,2018,CA,CA
v63_source_repair_return_guarded_repair,incumbent_cvar_relaxed_source_lp,158776308,126820122,1200.0,1000.0,-182.70950551320306,-201.89545162414464,19.185946110941586,1757.4367646931055,842600.0,True,True,0.00020940614277265013,0.8990030856871588,0,,,61441.12345030674,95972.0410282198,True,True,post_v181_one_drop_one_add_whole_loan_swap,post-v181 one-swap pricing only; not multi-swap or global proof,D,C,3,1,4,0,4,1,2019,2018,CA,other
v63_source_repair_return_guarded_repair,incumbent_cvar_relaxed_source_lp,158776308,126733849,1200.0,1000.0,-182.70950551320306,-186.9469746106631,4.2374690974600355,1742.488287679624,842600.0,True,True,0.00020940614277265013,0.8978162829337764,0,,,61512.81290429334,96064.78186146378,True,True,post_v181_one_drop_one_add_whole_loan_swap,post-v181 one-swap pricing only; not multi-swap or global proof,D,B,3,0,4,4,4,3,2019,2018,CA,NJ
v63_source_repair_return_guarded_repair,incumbent_cvar_relaxed_source_lp,158776308,126652025,1200.0,1000.0,-182.70950551320306,-206.92821374328602,24.218708230082967,1762.4695268122468,842600.0,True,True,0.00020940614277265013,0.8990030856871588,0,,,61455.81300830447,95988.30952432122,True,True,post_v181_one_drop_one_add_whole_loan_swap,post-v181 one-swap pricing only; not multi-swap or global proof,D,C,3,1,4,3,4,1,2019,2018,CA,FL
v63_source_repair_return_guarded_repair,incumbent_cvar_relaxed_source_lp,158776308,126483031,1200.0,1200.0,-182.70950551320306,-200.480236756332,17.77073124312895,1756.0215498252928,842400.0,True,True,6.907218559226713e-06,0.8977920227920227,0,,,61491.828479953816,96034.36291086207,True,True,post_v181_one_drop_one_add_whole_loan_swap,post-v181 one-swap pricing only; not multi-swap or global proof,D,B,3,0,4,2,4,0,2019,2018,CA,FL
v63_source_repair_return_guarded_repair,incumbent_cvar_relaxed_source_lp,158776308,126419064,1200.0,1000.0,-182.70950551320306,-198.85427993768698,16.144774424483927,1754.395593006648,842600.0,True,True,0.00020940614277265013,0.8990030856871588,0,,,61414.51692687637,95929.37262215914,True,True,post_v181_one_drop_one_add_whole_loan_swap,post-v181 one-swap pricing only; not multi-swap or global proof,D,D,3,2,4,4,4,1,2019,2018,CA,other
v63_source_repair_return_guarded_repair,incumbent_cvar_relaxed_source_lp,158776308,165985906,1200.0,1200.0,-182.70950551320306,-203.72482836822385,21.0153228550208,1759.2661414371846,842400.0,True,True,6.907218559226713e-06,0.8992165242165242,0,,,61397.500676842574,95864.00300586197,True,True,post_v181_one_drop_one_add_whole_loan_swap,post-v181 one-swap pricing only; not multi-swap or global proof,D,C,3,1,4,3,4,4,2019,2020,CA,VA
v63_source_repair_return_guarded_repair,incumbent_cvar_relaxed_source_lp,158776308,156823754,1200.0,1000.0,-182.70950551320306,-183.46022770133698,0.7507221881339206,1739.0015407702979,842600.0,True,True,0.00020940614277265013,0.8990030856871588,0,,,61414.93020674249,95851.95892463524,True,True,post_v181_one_drop_one_add_whole_loan_swap,post-v181 one-swap pricing only; not multi-swap or global proof,D,D,3,2,4,3,4,1,2019,2019,CA,CA
v63_source_repair_return_guarded_repair,incumbent_cvar_relaxed_source_lp,158776308,160806330,1200.0,1200.0,-182.70950551320306,-210.10403328668124,27.39452777347819,1765.645346355642,842400.0,True,True,6.907218559226713e-06,0.8992165242165242,0,,,61348.063387895396,95735.37929515644,True,True,post_v181_one_drop_one_add_whole_loan_swap,post-v181 one-swap pricing only; not multi-swap or global proof,D,D,3,2,4,2,4,2,2019,2019,CA,FL
v63_source_repair_return_guarded_repair,incumbent_cvar_relaxed_source_lp,158701181,126523487,2400.0,2000.0,-349.8253300497582,-350.42656531605377,0.6012352662955891,1738.8520538484595,842800.0,True,True,0.000411808959286053,0.8987897484575226,0,,,61463.7699109709,96169.67902094295,True,True,post_v181_one_drop_one_add_whole_loan_swap,post-v181 one-swap pricing only; not multi-swap or global proof,D,C,2,1,4,4,2,1,2019,2018,NJ,CA
v63_source_repair_return_guarded_repair,incumbent_cvar_relaxed_source_lp,158536370,127011905,1500.0,1500.0,-303.26611521381125,-310.3923206149292,7.126205401117943,1745.3770239832818,842400.0,True,True,6.907218559226713e-06,0.8992165242165242,0,,,61311.481309152165,95821.92962118985,True,True,post_v181_one_drop_one_add_whole_loan_swap,post-v181 one-swap pricing only; not multi-swap or global proof,C,C,2,1,4,2,0,2,2019,2018,other,other
v63_source_repair_return_guarded_repair,incumbent_cvar_relaxed_source_lp,158549707,127672145,1000.0,1000.0,-190.92185028549454,-196.20083323856994,5.278982953075399,1743.5298015352394,842400.0,True,True,6.907218559226713e-06,0.8992165242165242,0,,,61349.42019578405,95884.7285262042,True,True,post_v181_one_drop_one_add_whole_loan_swap,post-v181 one-swap pricing only; not multi-swap or global proof,D,C,2,1,2,0,3,2,2019,2018,NC,other
v63_source_repair_return_guarded_repair,incumbent_cvar_relaxed_source_lp,158549707,127475725,1000.0,1000.0,-190.92185028549454,-211.8282137432861,20.90636345779157,1759.1571820399554,842400.0,True,True,6.907218559226713e-06,0.8992165242165242,0,,,61323.52771481986,95852.62650794692,True,True,post_v181_one_drop_one_add_whole_loan_swap,post-v181 one-swap pricing only; not multi-swap or global proof,D,C,2,1,2,4,3,0,2019,2018,NC,AZ
v63_source_repair_return_guarded_repair,incumbent_cvar_relaxed_source_lp,158549707,127582382,1000.0,1000.0,-190.92185028549454,-205.52183833714096,14.59998805164642,1752.8508066338104,842400.0,True,True,6.907218559226713e-06,0.8992165242165242,0,,,61265.54366064136,95774.2945736974,True,True,post_v181_one_drop_one_add_whole_loan_swap,post-v181 one-swap pricing only; not multi-swap or global proof,D,D,2,2,2,3,3,0,2019,2018,NC,CA
v63_source_repair_return_guarded_repair,incumbent_cvar_relaxed_source_lp,158549707,126820122,1000.0,1000.0,-190.92185028549454,-201.89545162414464,10.973601338650099,1749.224419920814,842400.0,True,True,6.907218559226713e-06,0.8992165242165242,0,,,61308.83815682212,95836.35801184548,True,True,post_v181_one_drop_one_add_whole_loan_swap,post-v181 one-swap pricing only; not multi-swap or global proof,D,C,2,1,2,0,3,1,2019,2018,NC,other
v63_source_repair_return_guarded_repair,incumbent_cvar_relaxed_source_lp,158549707,126652025,1000.0,1000.0,-190.92185028549454,-206.92821374328602,16.00636345779148,1754.2571820399553,842400.0,True,True,6.907218559226713e-06,0.8992165242165242,0,,,61323.52771481986,95852.62650794692,True,True,post_v181_one_drop_one_add_whole_loan_swap,post-v181 one-swap pricing only; not multi-swap or global proof,D,C,2,1,2,3,3,1,2019,2018,NC,FL
v63_source_repair_return_guarded_repair,incumbent_cvar_relaxed_source_lp,158549707,126419064,1000.0,1000.0,-190.92185028549454,-198.85427993768698,7.93242965219244,1746.1832482343564,842400.0,True,True,6.907218559226713e-06,0.8992165242165242,0,,,61282.23163339176,95793.68960578485,True,True,post_v181_one_drop_one_add_whole_loan_swap,post-v181 one-swap pricing only; not multi-swap or global proof,D,D,2,2,2,4,3,1,2019,2018,NC,other
v63_source_repair_return_guarded_repair,incumbent_cvar_relaxed_source_lp,158269673,127874931,1000.0,1000.0,-140.27221683294624,-186.9469746106631,46.67475777771685,1784.9255763598808,842400.0,True,True,6.907218559226713e-06,0.8992165242165242,0,,,61240.20549701097,95723.55459859726,True,True,post_v181_one_drop_one_add_whole_loan_swap,post-v181 one-swap pricing only; not multi-swap or global proof,B,B,0,0,0,0,0,0,2019,2018,IN,MN
v63_source_repair_return_guarded_repair,incumbent_cvar_relaxed_source_lp,158269673,126733849,1000.0,1000.0,-140.27221683294624,-186.9469746106631,46.67475777771685,1784.9255763598808,842400.0,True,True,6.907218559226713e-06,0.8992165242165242,0,,,61240.20549701097,95723.55459859726,True,True,post_v181_one_drop_one_add_whole_loan_swap,post-v181 one-swap pricing only; not multi-swap or global proof,B,B,0,0,0,4,0,3,2019,2018,IN,NJ
v63_source_repair_return_guarded_repair,incumbent_cvar_relaxed_source_lp,158269673,126468092,1000.0,1000.0,-140.27221683294624,-169.50590883596908,29.23369200302284,1767.4845105851869,842400.0,True,True,6.907218559226713e-06,0.8992165242165242,0,,,61263.109719568354,95754.78800056998,True,True,post_v181_one_drop_one_add_whole_loan_swap,post-v181 one-swap pricing only; not multi-swap or global proof,B,B,0,0,0,1,0,2,2019,2018,IN,other
v63_source_repair_return_guarded_repair,incumbent_cvar_relaxed_source_lp,158316010,127695160,1500.0,1500.0,-220.5649967146192,-235.90029594541494,15.335299230795727,1753.5861178129596,842400.0,True,True,6.907218559226713e-06,0.8992165242165242,0,,,61268.2459052068,95793.02795858495,True,True,post_v181_one_drop_one_add_whole_loan_swap,post-v181 one-swap pricing only; not multi-swap or global proof,B,B,0,0,3,2,1,1,2019,2018,MD,TX
v63_source_repair_return_guarded_repair,incumbent_cvar_relaxed_source_lp,158316010,126760355,1500.0,1500.0,-220.5649967146192,-250.40002765814089,29.835030943521673,1768.0858495256855,842400.0,True,True,6.907218559226713e-06,0.8992165242165242,0,,,61268.451213730405,95793.3163646849,True,True,post_v181_one_drop_one_add_whole_loan_swap,post-v181 one-swap pricing only; not multi-swap or global proof,B,B,0,0,3,1,1,0,2019,2018,MD,IL
v63_source_repair_return_guarded_repair,incumbent_cvar_relaxed_source_lp,158316010,126430923,1500.0,1500.0,-220.5649967146192,-243.25029594541493,22.68529923079572,1760.9361178129595,842400.0,True,True,6.907218559226713e-06,0.8992165242165242,0,,,61268.2459052068,95793.02795858495,True,True,post_v181_one_drop_one_add_whole_loan_swap,post-v181 one-swap pricing only; not multi-swap or global proof,B,B,0,0,3,3,1,0,2019,2018,MD,other
v63_source_repair_return_guarded_repair,incumbent_cvar_relaxed_source_lp,158315350,127695160,1500.0,1500.0,-231.1083252494193,-235.90029594541494,4.791970695995644,1743.0427892781595,842400.0,True,True,6.907218559226713e-06,0.8992165242165242,0,,,61268.444021086805,95793.32465394872,True,True,post_v181_one_drop_one_add_whole_loan_swap,post-v181 one-swap pricing only; not multi-swap or global proof,B,B,0,0,2,2,4,1,2019,2018,TX,TX
v63_source_repair_return_guarded_repair,incumbent_cvar_relaxed_source_lp,158315350,126760355,1500.0,1500.0,-231.1083252494193,-250.40002765814089,19.29170240872159,1757.5425209908856,842400.0,True,True,6.907218559226713e-06,0.8992165242165242,0,,,61268.649329610416,95793.61306004864,True,True,post_v181_one_drop_one_add_whole_loan_swap,post-v181 one-swap pricing only; not multi-swap or global proof,B,B,0,0,2,1,4,0,2019,2018,TX,IL
v63_source_repair_return_guarded_repair,incumbent_cvar_relaxed_source_lp,158315350,126430923,1500.0,1500.0,-231.1083252494193,-243.25029594541493,12.141970695995639,1750.3927892781596,842400.0,True,True,6.907218559226713e-06,0.8992165242165242,0,,,61268.444021086805,95793.32465394872,True,True,post_v181_one_drop_one_add_whole_loan_swap,post-v181 one-swap pricing only; not multi-swap or global proof,B,B,0,0,2,3,4,0,2019,2018,TX,other
v63_source_repair_return_guarded_repair,incumbent_cvar_relaxed_source_lp,158205133,127475725,1000.0,1000.0,-210.22185028549458,-211.8282137432861,1.606363457791531,1739.8571820399554,842400.0,True,True,6.907218559226713e-06,0.8992165242165242,0,,,61323.52771481986,95852.62650794692,True,True,post_v181_one_drop_one_add_whole_loan_swap,post-v181 one-swap pricing only; not multi-swap or global proof,D,C,2,1,1,4,1,0,2019,2018,TX,AZ
v63_source_repair_return_guarded_repair,incumbent_cvar_relaxed_source_lp,157537618,127475725,1000.0,1000.0,-202.7602277013369,-211.8282137432861,9.067986041949212,1747.318804624113,842400.0,True,True,6.907218559226713e-06,0.8992165242165242,0,,,61315.89516720999,95845.77214041607,True,True,post_v181_one_drop_one_add_whole_loan_swap,post-v181 one-swap pricing only; not multi-swap or global proof,D,C,2,1,0,4,2,0,2019,2018,IN,AZ
v63_source_repair_return_guarded_repair,incumbent_cvar_relaxed_source_lp,157537618,127582382,1000.0,1000.0,-202.7602277013369,-205.52183833714096,2.761610635804061,1741.012429217968,842400.0,True,True,6.907218559226713e-06,0.8992165242165242,0,,,61257.91111303147,95767.44020616656,True,True,post_v181_one_drop_one_add_whole_loan_swap,post-v181 one-swap pricing only; not multi-swap or global proof,D,D,2,2,0,3,2,0,2019,2018,IN,CA
v63_source_repair_return_guarded_repair,incumbent_cvar_relaxed_source_lp,157537618,126652025,1000.0,1000.0,-202.7602277013369,-206.92821374328602,4.167986041949121,1742.418804624113,842400.0,True,True,6.907218559226713e-06,0.8992165242165242,0,,,61315.89516720999,95845.77214041607,True,True,post_v181_one_drop_one_add_whole_loan_swap,post-v181 one-swap pricing only; not multi-swap or global proof,D,C,2,1,0,3,2,1,2019,2018,IN,FL
v63_source_repair_return_guarded_repair,incumbent_cvar_relaxed_source_lp,157560196,127874931,1300.0,1000.0,-181.11178871668363,-186.9469746106631,5.835185893979457,1744.0860044761434,842700.0,True,True,0.000310619560215053,0.899252402990388,0,,,61323.89753676749,95865.32151365353,True,True,post_v181_one_drop_one_add_whole_loan_swap,post-v181 one-swap pricing only; not multi-swap or global proof,B,B,0,0,3,0,1,0,2019,2018,NY,MN
v63_source_repair_return_guarded_repair,incumbent_cvar_relaxed_source_lp,157560196,126733849,1300.0,1000.0,-181.11178871668363,-186.9469746106631,5.835185893979457,1744.0860044761434,842700.0,True,True,0.000310619560215053,0.899252402990388,0,,,61323.89753676749,95865.32151365353,True,True,post_v181_one_drop_one_add_whole_loan_swap,post-v181 one-swap pricing only; not multi-swap or global proof,B,B,0,0,3,4,1,3,2019,2018,NY,NJ
v63_source_repair_return_guarded_repair,incumbent_cvar_relaxed_source_lp,157560196,126483031,1300.0,1200.0,-181.11178871668363,-200.480236756332,19.36844803964837,1757.6192666218124,842500.0,True,True,0.00010816869840624133,0.8992284866468843,0,,,61302.91311242796,95834.90256305182,True,True,post_v181_one_drop_one_add_whole_loan_swap,post-v181 one-swap pricing only; not multi-swap or global proof,B,B,0,0,3,2,1,0,2019,2018,NY,FL
v63_source_repair_return_guarded_repair,incumbent_cvar_relaxed_source_lp,157058382,127874931,1000.0,1000.0,-185.23911665390278,-186.9469746106631,1.7078579567603072,1739.9586765389242,842400.0,True,True,6.907218559226713e-06,0.8980294396961064,0,,,61458.96322702157,95939.18601426731,True,True,post_v181_one_drop_one_add_whole_loan_swap,post-v181 one-swap pricing only; not multi-swap or global proof,D,B,4,0,1,0,4,0,2019,2018,NC,MN
v63_source_repair_return_guarded_repair,incumbent_cvar_relaxed_source_lp,157058382,127672145,1000.0,1000.0,-185.23911665390278,-196.20083323856994,10.961716584667158,1749.212535166831,842400.0,True,True,6.907218559226713e-06,0.8992165242165242,0,,,61427.85581199688,95894.81569538203,True,True,post_v181_one_drop_one_add_whole_loan_swap,post-v181 one-swap pricing only; not multi-swap or global proof,D,C,4,1,1,0,4,2,2019,2018,NC,other
v63_source_repair_return_guarded_repair,incumbent_cvar_relaxed_source_lp,157058382,127475725,1000.0,1000.0,-185.23911665390278,-211.8282137432861,26.58909708938333,1764.8399156715473,842400.0,True,True,6.907218559226713e-06,0.8992165242165242,0,,,61401.963331032704,95862.71367712473,True,True,post_v181_one_drop_one_add_whole_loan_swap,post-v181 one-swap pricing only; not multi-swap or global proof,D,C,4,1,1,4,4,0,2019,2018,NC,AZ
v63_source_repair_return_guarded_repair,incumbent_cvar_relaxed_source_lp,157058382,127582382,1000.0,1000.0,-185.23911665390278,-205.52183833714096,20.28272168323818,1758.533540265402,842400.0,True,True,6.907218559226713e-06,0.8992165242165242,0,,,61343.979276854196,95784.38174287522,True,True,post_v181_one_drop_one_add_whole_loan_swap,post-v181 one-swap pricing only; not multi-swap or global proof,D,D,4,2,1,3,4,0,2019,2018,NC,CA
v63_source_repair_return_guarded_repair,incumbent_cvar_relaxed_source_lp,157058382,126820122,1000.0,1000.0,-185.23911665390278,-201.89545162414464,16.656334970241858,1754.9071535524058,842400.0,True,True,6.907218559226713e-06,0.8992165242165242,0,,,61387.27377303496,95846.44518102331,True,True,post_v181_one_drop_one_add_whole_loan_swap,post-v181 one-swap pricing only; not multi-swap or global proof,D,C,4,1,1,0,4,1,2019,2018,NC,other
v63_source_repair_return_guarded_repair,incumbent_cvar_relaxed_source_lp,157058382,126733849,1000.0,1000.0,-185.23911665390278,-186.9469746106631,1.7078579567603072,1739.9586765389242,842400.0,True,True,6.907218559226713e-06,0.8980294396961064,0,,,61458.96322702157,95939.18601426731,True,True,post_v181_one_drop_one_add_whole_loan_swap,post-v181 one-swap pricing only; not multi-swap or global proof,D,B,4,0,1,4,4,3,2019,2018,NC,NJ
v63_source_repair_return_guarded_repair,incumbent_cvar_relaxed_source_lp,157058382,126652025,1000.0,1000.0,-185.23911665390278,-206.92821374328602,21.68909708938324,1759.9399156715472,842400.0,True,True,6.907218559226713e-06,0.8992165242165242,0,,,61401.963331032704,95862.71367712473,True,True,post_v181_one_drop_one_add_whole_loan_swap,post-v181 one-swap pricing only; not multi-swap or global proof,D,C,4,1,1,3,4,1,2019,2018,NC,FL
v63_source_repair_return_guarded_repair,incumbent_cvar_relaxed_source_lp,157058382,126419064,1000.0,1000.0,-185.23911665390278,-198.85427993768698,13.615163283784199,1751.865981865948,842400.0,True,True,6.907218559226713e-06,0.8992165242165242,0,,,61360.66724960461,95803.77677496267,True,True,post_v181_one_drop_one_add_whole_loan_swap,post-v181 one-swap pricing only; not multi-swap or global proof,D,D,4,2,1,4,4,1,2019,2018,NC,other
v63_source_repair_return_guarded_repair,incumbent_cvar_relaxed_source_lp,157051049,126760355,1500.0,1500.0,-239.82682840151188,-250.40002765814089,10.57319925662901,1748.824017838793,842400.0,True,True,6.907218559226713e-06,0.8992165242165242,0,,,61277.54665043533,95812.52037886949,True,True,post_v181_one_drop_one_add_whole_loan_swap,post-v181 one-swap pricing only; not multi-swap or global proof,B,B,0,0,0,1,4,0,2019,2018,IL,IL
v63_source_repair_return_guarded_repair,incumbent_cvar_relaxed_source_lp,157051049,126430923,1500.0,1500.0,-239.82682840151188,-243.25029594541493,3.423467543903058,1741.674286126067,842400.0,True,True,6.907218559226713e-06,0.8992165242165242,0,,,61277.341341911735,95812.23197276957,True,True,post_v181_one_drop_one_add_whole_loan_swap,post-v181 one-swap pricing only; not multi-swap or global proof,B,B,0,0,0,3,4,0,2019,2018,IL,other
v63_source_repair_return_guarded_repair,incumbent_cvar_relaxed_source_lp,156872543,127475725,1000.0,1000.0,-202.99915325719445,-211.8282137432861,8.829060486091663,1747.0798790682557,842400.0,True,True,6.907218559226713e-06,0.8992165242165242,0,,,61420.14490597147,95862.71367712473,True,True,post_v181_one_drop_one_add_whole_loan_swap,post-v181 one-swap pricing only; not multi-swap or global proof,D,C,5,1,1,4,4,0,2019,2018,other,AZ
v63_source_repair_return_guarded_repair,incumbent_cvar_relaxed_source_lp,156872543,127582382,1000.0,1000.0,-202.99915325719445,-205.52183833714096,2.5226850799465126,1740.7735036621104,842400.0,True,True,6.907218559226713e-06,0.8992165242165242,0,,,61362.16085179297,95784.38174287522,True,True,post_v181_one_drop_one_add_whole_loan_swap,post-v181 one-swap pricing only; not multi-swap or global proof,D,D,5,2,1,3,4,0,2019,2018,other,CA
v63_source_repair_return_guarded_repair,incumbent_cvar_relaxed_source_lp,156872543,126652025,1000.0,1000.0,-202.99915325719445,-206.92821374328602,3.929060486091572,1742.1798790682556,842400.0,True,True,6.907218559226713e-06,0.8992165242165242,0,,,61420.14490597147,95862.71367712473,True,True,post_v181_one_drop_one_add_whole_loan_swap,post-v181 one-swap pricing only; not multi-swap or global proof,D,C,5,1,1,3,4,1,2019,2018,other,FL
v63_source_repair_return_guarded_repair,incumbent_cvar_relaxed_source_lp,156718315,127011905,1500.0,1500.0,-308.48244738548647,-310.3923206149292,1.9098732294427236,1740.1606918116067,842400.0,True,True,6.907218559226713e-06,0.8992165242165242,0,,,61258.92570137617,95726.31668447345,True,True,post_v181_one_drop_one_add_whole_loan_swap,post-v181 one-swap pricing only; not multi-swap or global proof,B,C,1,1,0,2,0,2,2019,2018,TX,other
v63_source_repair_return_guarded_repair,incumbent_cvar_relaxed_source_lp,156012439,127874931,1200.0,1000.0,-183.74011266155404,-186.9469746106631,3.2068619491090544,1741.457680531273,842600.0,True,True,0.00020940614277265013,0.8992404462378353,0,,,61298.02252704482,95822.33621891482,True,True,post_v181_one_drop_one_add_whole_loan_swap,post-v181 one-swap pricing only; not multi-swap or global proof,B,B,0,0,3,0,2,0,2019,2018,CA,MN
v63_source_repair_return_guarded_repair,incumbent_cvar_relaxed_source_lp,156012439,126733849,1200.0,1000.0,-183.74011266155404,-186.9469746106631,3.2068619491090544,1741.457680531273,842600.0,True,True,0.00020940614277265013,0.8992404462378353,0,,,61298.02252704482,95822.33621891482,True,True,post_v181_one_drop_one_add_whole_loan_swap,post-v181 one-swap pricing only; not multi-swap or global proof,B,B,0,0,3,4,2,3,2019,2018,CA,NJ
v63_source_repair_return_guarded_repair,incumbent_cvar_relaxed_source_lp,156012439,126483031,1200.0,1200.0,-183.74011266155404,-200.480236756332,16.74012409477797,1754.9909426769418,842400.0,True,True,6.907218559226713e-06,0.8992165242165242,0,,,61277.0381027053,95791.91726831309,True,True,post_v181_one_drop_one_add_whole_loan_swap,post-v181 one-swap pricing only; not multi-swap or global proof,B,B,0,0,3,2,2,0,2019,2018,CA,FL
v63_source_repair_return_guarded_repair,incumbent_cvar_relaxed_source_lp,156192909,127475725,1200.0,1000.0,-202.72802520962668,-211.8282137432861,9.100188533659434,1747.3510071158234,842600.0,True,True,0.00020940614277265013,0.8990030856871588,0,,,61476.21224787567,95987.34837455697,True,True,post_v181_one_drop_one_add_whole_loan_swap,post-v181 one-swap pricing only; not multi-swap or global proof,D,C,3,1,4,4,2,0,2019,2018,other,AZ
v63_source_repair_return_guarded_repair,incumbent_cvar_relaxed_source_lp,156192909,127582382,1200.0,1000.0,-202.72802520962668,-205.52183833714096,2.7938131275142837,1741.0446317096782,842600.0,True,True,0.00020940614277265013,0.8990030856871588,0,,,61418.22819369716,95909.01644030746,True,True,post_v181_one_drop_one_add_whole_loan_swap,post-v181 one-swap pricing only; not multi-swap or global proof,D,D,3,2,4,3,2,0,2019,2018,other,CA
v63_source_repair_return_guarded_repair,incumbent_cvar_relaxed_source_lp,156192909,126652025,1200.0,1000.0,-202.72802520962668,-206.92821374328602,4.200188533659343,1742.4510071158234,842600.0,True,True,0.00020940614277265013,0.8990030856871588,0,,,61476.21224787567,95987.34837455697,True,True,post_v181_one_drop_one_add_whole_loan_swap,post-v181 one-swap pricing only; not multi-swap or global proof,D,C,3,1,4,3,2,1,2019,2018,other,FL
v63_source_repair_return_guarded_repair,incumbent_cvar_relaxed_source_lp,156192909,165985906,1200.0,1200.0,-202.72802520962668,-203.72482836822385,0.9968031585971744,1739.2476217407611,842400.0,True,True,6.907218559226713e-06,0.8992165242165242,0,,,61417.89991641378,95863.04185609776,True,True,post_v181_one_drop_one_add_whole_loan_swap,post-v181 one-swap pricing only; not multi-swap or global proof,D,C,3,1,4,3,2,4,2019,2020,other,VA
v63_source_repair_return_guarded_repair,incumbent_cvar_relaxed_source_lp,156192909,160806330,1200.0,1200.0,-202.72802520962668,-210.10403328668124,7.376008077054564,1745.6268266592185,842400.0,True,True,6.907218559226713e-06,0.8992165242165242,0,,,61368.46262746659,95734.41814539224,True,True,post_v181_one_drop_one_add_whole_loan_swap,post-v181 one-swap pricing only; not multi-swap or global proof,D,D,3,2,4,2,2,2,2019,2019,other,FL
v63_source_repair_return_guarded_repair,incumbent_cvar_relaxed_source_lp,156106401,127874931,1100.0,1000.0,-185.36313076505434,-186.9469746106631,1.5838438456087545,1739.8346624277726,842500.0,True,True,0.00010816869840624133,0.8992284866468843,0,,,61281.72724812798,95786.50347308836,True,True,post_v181_one_drop_one_add_whole_loan_swap,post-v181 one-swap pricing only; not multi-swap or global proof,B,B,0,0,1,0,0,0,2019,2018,TX,MN
v63_source_repair_return_guarded_repair,incumbent_cvar_relaxed_source_lp,156106401,126733849,1100.0,1000.0,-185.36313076505434,-186.9469746106631,1.5838438456087545,1739.8346624277726,842500.0,True,True,0.00010816869840624133,0.8992284866468843,0,,,61281.72724812798,95786.50347308836,True,True,post_v181_one_drop_one_add_whole_loan_swap,post-v181 one-swap pricing only; not multi-swap or global proof,B,B,0,0,1,4,0,3,2019,2018,TX,NJ
v63_source_repair_return_guarded_repair,incumbent_cvar_relaxed_source_lp,155777609,127874931,1000.0,1000.0,-183.99229773466166,-186.9469746106631,2.954676876001429,1741.2054954581654,842400.0,True,True,6.907218559226713e-06,0.8992165242165242,0,,,61284.989415223405,95779.0790952426,True,True,post_v181_one_drop_one_add_whole_loan_swap,post-v181 one-swap pricing only; not multi-swap or global proof,B,B,0,0,2,0,0,0,2019,2018,other,MN
v63_source_repair_return_guarded_repair,incumbent_cvar_relaxed_source_lp,155777609,126733849,1000.0,1000.0,-183.99229773466166,-186.9469746106631,2.954676876001429,1741.2054954581654,842400.0,True,True,6.907218559226713e-06,0.8992165242165242,0,,,61284.989415223405,95779.0790952426,True,True,post_v181_one_drop_one_add_whole_loan_swap,post-v181 one-swap pricing only; not multi-swap or global proof,B,B,0,0,2,4,0,3,2019,2018,other,NJ
v63_source_repair_return_guarded_repair,incumbent_cvar_relaxed_source_lp,155686800,127874931,1000.0,1000.0,-183.34513347006404,-186.9469746106631,3.601841140599049,1741.8526597227628,842400.0,True,True,6.907218559226713e-06,0.8980294396961064,0,,,61456.98951330831,95937.88422967965,True,True,post_v181_one_drop_one_add_whole_loan_swap,post-v181 one-swap pricing only; not multi-swap or global proof,D,B,4,0,2,0,4,0,2019,2018,FL,MN
v63_source_repair_return_guarded_repair,incumbent_cvar_relaxed_source_lp,155686800,127672145,1000.0,1000.0,-183.34513347006404,-196.20083323856994,12.8556997685059,1751.1065183506698,842400.0,True,True,6.907218559226713e-06,0.8992165242165242,0,,,61425.882098283626,95893.51391079434,True,True,post_v181_one_drop_one_add_whole_loan_swap,post-v181 one-swap pricing only; not multi-swap or global proof,D,C,4,1,2,0,4,2,2019,2018,FL,other
v63_source_repair_return_guarded_repair,incumbent_cvar_relaxed_source_lp,155686800,127475725,1000.0,1000.0,-183.34513347006404,-211.8282137432861,28.483080273222072,1766.733898855386,842400.0,True,True,6.907218559226713e-06,0.8992165242165242,0,,,61399.98961731944,95861.41189253709,True,True,post_v181_one_drop_one_add_whole_loan_swap,post-v181 one-swap pricing only; not multi-swap or global proof,D,C,4,1,2,4,4,0,2019,2018,FL,AZ
v63_source_repair_return_guarded_repair,incumbent_cvar_relaxed_source_lp,155686800,127582382,1000.0,1000.0,-183.34513347006404,-205.52183833714096,22.17670486707692,1760.4275234492409,842400.0,True,True,6.907218559226713e-06,0.8992165242165242,0,,,61342.005563140934,95783.07995828755,True,True,post_v181_one_drop_one_add_whole_loan_swap,post-v181 one-swap pricing only; not multi-swap or global proof,D,D,4,2,2,3,4,0,2019,2018,FL,CA
v63_source_repair_return_guarded_repair,incumbent_cvar_relaxed_source_lp,155686800,126820122,1000.0,1000.0,-183.34513347006404,-201.89545162414464,18.5503181540806,1756.8011367362444,842400.0,True,True,6.907218559226713e-06,0.8992165242165242,0,,,61385.300059321715,95845.14339643567,True,True,post_v181_one_drop_one_add_whole_loan_swap,post-v181 one-swap pricing only; not multi-swap or global proof,D,C,4,1,2,0,4,1,2019,2018,FL,other
v63_source_repair_return_guarded_repair,incumbent_cvar_relaxed_source_lp,155686800,126733849,1000.0,1000.0,-183.34513347006404,-186.9469746106631,3.601841140599049,1741.8526597227628,842400.0,True,True,6.907218559226713e-06,0.8980294396961064,0,,,61456.98951330831,95937.88422967965,True,True,post_v181_one_drop_one_add_whole_loan_swap,post-v181 one-swap pricing only; not multi-swap or global proof,D,B,4,0,2,4,4,3,2019,2018,FL,NJ
v63_source_repair_return_guarded_repair,incumbent_cvar_relaxed_source_lp,155686800,126652025,1000.0,1000.0,-183.34513347006404,-206.92821374328602,23.58308027322198,1761.833898855386,842400.0,True,True,6.907218559226713e-06,0.8992165242165242,0,,,61399.98961731944,95861.41189253709,True,True,post_v181_one_drop_one_add_whole_loan_swap,post-v181 one-swap pricing only; not multi-swap or global proof,D,C,4,1,2,3,4,1,2019,2018,FL,FL
v63_source_repair_return_guarded_repair,incumbent_cvar_relaxed_source_lp,155686800,126419064,1000.0,1000.0,-183.34513347006404,-198.85427993768698,15.50914646762294,1753.7599650497868,842400.0,True,True,6.907218559226713e-06,0.8992165242165242,0,,,61358.69353589135,95802.47499037502,True,True,post_v181_one_drop_one_add_whole_loan_swap,post-v181 one-swap pricing only; not multi-swap or global proof,D,D,4,2,2,4,4,1,2019,2018,FL,other
v63_source_repair_return_guarded_repair,incumbent_cvar_relaxed_source_lp,155686800,156823754,1000.0,1000.0,-183.34513347006404,-183.46022770133698,0.11509423127293417,1738.3659128134368,842400.0,True,True,6.907218559226713e-06,0.8992165242165242,0,,,61359.10681575746,95725.06129285113,True,True,post_v181_one_drop_one_add_whole_loan_swap,post-v181 one-swap pricing only; not multi-swap or global proof,D,D,4,2,2,3,4,1,2019,2019,FL,CA
v63_source_repair_return_guarded_repair,incumbent_cvar_relaxed_source_lp,155606642,126523487,2000.0,2000.0,-341.7434053200198,-350.42656531605377,8.683159996033964,1746.9339785781979,842400.0,True,True,6.907218559226713e-06,0.8992165242165242,0,,,61364.90737868637,95988.47770274895,True,True,post_v181_one_drop_one_add_whole_loan_swap,post-v181 one-swap pricing only; not multi-swap or global proof,D,C,2,1,4,4,0,1,2019,2018,other,CA
v63_source_repair_return_guarded_repair,incumbent_cvar_relaxed_source_lp,155539228,127672145,1000.0,1000.0,-194.48426320525675,-196.20083323856994,1.7165700333131895,1739.9673886154771,842400.0,True,True,6.907218559226713e-06,0.8992165242165242,0,,,61317.30889575172,95810.37303006252,True,True,post_v181_one_drop_one_add_whole_loan_swap,post-v181 one-swap pricing only; not multi-swap or global proof,C,C,1,1,2,0,0,2,2019,2018,other,other
v63_source_repair_return_guarded_repair,incumbent_cvar_relaxed_source_lp,155539228,127475725,1000.0,1000.0,-194.48426320525675,-211.8282137432861,17.34395053802936,1755.5947691201932,842400.0,True,True,6.907218559226713e-06,0.8992165242165242,0,,,61291.41641478753,95778.27101180523,True,True,post_v181_one_drop_one_add_whole_loan_swap,post-v181 one-swap pricing only; not multi-swap or global proof,C,C,1,1,2,4,0,0,2019,2018,other,AZ
v63_source_repair_return_guarded_repair,incumbent_cvar_relaxed_source_lp,155539228,127582382,1000.0,1000.0,-194.48426320525675,-205.52183833714096,11.03757513188421,1749.2883937140482,842400.0,True,True,6.907218559226713e-06,0.8992165242165242,0,,,61233.432360609026,95699.9390775557,True,True,post_v181_one_drop_one_add_whole_loan_swap,post-v181 one-swap pricing only; not multi-swap or global proof,C,D,1,2,2,3,0,0,2019,2018,other,CA
v63_source_repair_return_guarded_repair,incumbent_cvar_relaxed_source_lp,155539228,126820122,1000.0,1000.0,-194.48426320525675,-201.89545162414464,7.411188418887889,1745.6620070010517,842400.0,True,True,6.907218559226713e-06,0.8992165242165242,0,,,61276.7268567898,95762.0025157038,True,True,post_v181_one_drop_one_add_whole_loan_swap,post-v181 one-swap pricing only; not multi-swap or global proof,C,C,1,1,2,0,0,1,2019,2018,other,other
v63_source_repair_return_guarded_repair,incumbent_cvar_relaxed_source_lp,155539228,126652025,1000.0,1000.0,-194.48426320525675,-206.92821374328602,12.44395053802927,1750.694769120193,842400.0,True,True,6.907218559226713e-06,0.8992165242165242,0,,,61291.41641478753,95778.27101180523,True,True,post_v181_one_drop_one_add_whole_loan_swap,post-v181 one-swap pricing only; not multi-swap or global proof,C,C,1,1,2,3,0,1,2019,2018,other,FL
v63_source_repair_return_guarded_repair,incumbent_cvar_relaxed_source_lp,155539228,126419064,1000.0,1000.0,-194.48426320525675,-198.85427993768698,4.37001673243023,1742.6208353145942,842400.0,True,True,6.907218559226713e-06,0.8992165242165242,0,,,61250.12033335943,95719.33410964317,True,True,post_v181_one_drop_one_add_whole_loan_swap,post-v181 one-swap pricing only; not multi-swap or global proof,C,D,1,2,2,4,0,1,2019,2018,other,other
v63_source_repair_return_guarded_repair,incumbent_cvar_relaxed_source_lp,155329047,126483031,1200.0,1200.0,-193.93432447096833,-200.480236756332,6.54591228536367,1744.7967308675275,842400.0,True,True,6.907218559226713e-06,0.8992165242165242,0,,,61287.48871812982,95799.72004894464,True,True,post_v181_one_drop_one_add_whole_loan_swap,post-v181 one-swap pricing only; not multi-swap or global proof,B,B,0,0,4,2,2,0,2019,2018,other,FL
v63_source_repair_return_guarded_repair,incumbent_cvar_relaxed_source_lp,155252343,127874931,1000.0,1000.0,-170.8717026600099,-186.9469746106631,16.07527195065319,1754.326090532817,842400.0,True,True,6.907218559226713e-06,0.8980294396961064,0,,,61354.45352794339,95897.67556013708,True,True,post_v181_one_drop_one_add_whole_loan_swap,post-v181 one-swap pricing only; not multi-swap or global proof,D,B,2,0,3,0,3,0,2019,2018,other,MN
v63_source_repair_return_guarded_repair,incumbent_cvar_relaxed_source_lp,155252343,127672145,1000.0,1000.0,-170.8717026600099,-196.20083323856994,25.32913057856004,1763.579949160724,842400.0,True,True,6.907218559226713e-06,0.8992165242165242,0,,,61323.3461129187,95853.3052412518,True,True,post_v181_one_drop_one_add_whole_loan_swap,post-v181 one-swap pricing only; not multi-swap or global proof,D,C,2,1,3,0,3,2,2019,2018,other,other
v63_source_repair_return_guarded_repair,incumbent_cvar_relaxed_source_lp,155252343,127475725,1000.0,1000.0,-170.8717026600099,-211.8282137432861,40.95651108327621,1779.20732966544,842400.0,True,True,6.907218559226713e-06,0.8992165242165242,0,,,61297.45363195453,95821.20322299452,True,True,post_v181_one_drop_one_add_whole_loan_swap,post-v181 one-swap pricing only; not multi-swap or global proof,D,C,2,1,3,4,3,0,2019,2018,other,AZ
v63_source_repair_return_guarded_repair,incumbent_cvar_relaxed_source_lp,155252343,127582382,1000.0,1000.0,-170.8717026600099,-205.52183833714096,34.65013567713106,1772.9009542592948,842400.0,True,True,6.907218559226713e-06,0.8992165242165242,0,,,61239.46957777602,95742.871288745,True,True,post_v181_one_drop_one_add_whole_loan_swap,post-v181 one-swap pricing only; not multi-swap or global proof,D,D,2,2,3,3,3,0,2019,2018,other,CA
v63_source_repair_return_guarded_repair,incumbent_cvar_relaxed_source_lp,155252343,126827839,1000.0,1000.0,-170.8717026600099,-175.77898463113021,4.907281971120312,1743.1581005532842,842400.0,True,True,6.907218559226713e-06,0.8992165242165242,0,,,61221.24320917345,95711.51466033704,True,True,post_v181_one_drop_one_add_whole_loan_swap,post-v181 one-swap pricing only; not multi-swap or global proof,D,E,2,2,3,0,3,4,2019,2018,other,other
v63_source_repair_return_guarded_repair,incumbent_cvar_relaxed_source_lp,155252343,126820122,1000.0,1000.0,-170.8717026600099,-201.89545162414464,31.02374896413474,1769.2745675462986,842400.0,True,True,6.907218559226713e-06,0.8992165242165242,0,,,61282.76407395679,95804.9347268931,True,True,post_v181_one_drop_one_add_whole_loan_swap,post-v181 one-swap pricing only; not multi-swap or global proof,D,C,2,1,3,0,3,1,2019,2018,other,other
v63_source_repair_return_guarded_repair,incumbent_cvar_relaxed_source_lp,155252343,126733849,1000.0,1000.0,-170.8717026600099,-186.9469746106631,16.07527195065319,1754.326090532817,842400.0,True,True,6.907218559226713e-06,0.8980294396961064,0,,,61354.45352794339,95897.67556013708,True,True,post_v181_one_drop_one_add_whole_loan_swap,post-v181 one-swap pricing only; not multi-swap or global proof,D,B,2,0,3,4,3,3,2019,2018,other,NJ
v63_source_repair_return_guarded_repair,incumbent_cvar_relaxed_source_lp,155252343,126652025,1000.0,1000.0,-170.8717026600099,-206.92821374328602,36.05651108327612,1774.30732966544,842400.0,True,True,6.907218559226713e-06,0.8992165242165242,0,,,61297.45363195453,95821.20322299452,True,True,post_v181_one_drop_one_add_whole_loan_swap,post-v181 one-swap pricing only; not multi-swap or global proof,D,C,2,1,3,3,3,1,2019,2018,other,FL
v63_source_repair_return_guarded_repair,incumbent_cvar_relaxed_source_lp,155252343,126419064,1000.0,1000.0,-170.8717026600099,-198.85427993768698,27.98257727767708,1766.233395859841,842400.0,True,True,6.907218559226713e-06,0.8992165242165242,0,,,61256.15755052642,95762.26632083247,True,True,post_v181_one_drop_one_add_whole_loan_swap,post-v181 one-swap pricing only; not multi-swap or global proof,D,D,2,2,3,4,3,1,2019,2018,other,other
v63_source_repair_return_guarded_repair,incumbent_cvar_relaxed_source_lp,155252343,168701788,1000.0,1000.0,-170.8717026600099,-178.5860397151734,7.714337055163497,1745.9651556373274,842400.0,True,True,6.907218559226713e-06,0.8992165242165242,0,,,61275.032712210625,95771.9640468495,True,True,post_v181_one_drop_one_add_whole_loan_swap,post-v181 one-swap pricing only; not multi-swap or global proof,D,C,2,1,3,3,3,1,2019,2020,other,TX
v63_source_repair_return_guarded_repair,incumbent_cvar_relaxed_source_lp,155252343,169358871,1000.0,1000.0,-170.8717026600099,-177.86634212741987,6.994639467409968,1745.245458049574,842400.0,True,True,6.907218559226713e-06,0.8992165242165242,0,,,61284.80372954335,95759.53901180967,True,True,post_v181_one_drop_one_add_whole_loan_swap,post-v181 one-swap pricing only; not multi-swap or global proof,D,C,2,1,3,3,3,0,2019,2020,other,VA
v63_source_repair_return_guarded_repair,incumbent_cvar_relaxed_source_lp,155252343,139506195,1000.0,1000.0,-170.8717026600099,-177.67809625327766,6.806393593267757,1745.0572121754317,842400.0,True,True,6.907218559226713e-06,0.8992165242165242,0,,,61258.96904949195,95705.75738668922,True,True,post_v181_one_drop_one_add_whole_loan_swap,post-v181 one-swap pricing only; not multi-swap or global proof,D,D,2,2,3,2,3,0,2019,2018,other,CA
v63_source_repair_return_guarded_repair,incumbent_cvar_relaxed_source_lp,155252343,156823754,1000.0,1000.0,-170.8717026600099,-183.46022770133698,12.588525041327074,1750.839343623491,842400.0,True,True,6.907218559226713e-06,0.8992165242165242,0,,,61256.570830392535,95684.85262330857,True,True,post_v181_one_drop_one_add_whole_loan_swap,post-v181 one-swap pricing only; not multi-swap or global proof,D,D,2,2,3,3,3,1,2019,2019,other,CA
v63_source_repair_return_guarded_repair,incumbent_cvar_relaxed_source_lp,155252343,156807668,1000.0,1000.0,-170.8717026600099,-175.85010442413147,4.978401764121571,1743.2292203462855,842400.0,True,True,6.907218559226713e-06,0.8992165242165242,0,,,61284.004324751244,95713.12898368624,True,True,post_v181_one_drop_one_add_whole_loan_swap,post-v181 one-swap pricing only; not multi-swap or global proof,D,D,2,2,3,0,3,0,2019,2019,other,TX
v63_source_repair_return_guarded_repair,incumbent_cvar_relaxed_source_lp,155156578,127475725,1000.0,1000.0,-205.94148606357396,-211.8282137432861,5.886727679712152,1744.137546261876,842400.0,True,True,6.907218559226713e-06,0.8992165242165242,0,,,61311.22814521831,95781.29620688313,True,True,post_v181_one_drop_one_add_whole_loan_swap,post-v181 one-swap pricing only; not multi-swap or global proof,C,C,2,1,4,4,0,0,2019,2018,VA,AZ
v63_source_repair_return_guarded_repair,incumbent_cvar_relaxed_source_lp,155156578,126652025,1000.0,1000.0,-205.94148606357396,-206.92821374328602,0.986727679712061,1739.2375462618759,842400.0,True,True,6.907218559226713e-06,0.8992165242165242,0,,,61311.22814521831,95781.29620688313,True,True,post_v181_one_drop_one_add_whole_loan_swap,post-v181 one-swap pricing only; not multi-swap or global proof,C,C,2,1,4,3,0,1,2019,2018,VA,FL
v63_source_repair_return_guarded_repair,incumbent_cvar_relaxed_source_lp,153948584,127011905,1500.0,1500.0,-309.583504095352,-310.3923206149292,0.8088165195771921,1739.0596351017412,842400.0,True,True,6.907218559226713e-06,0.8992165242165242,0,,,61277.22839368087,95805.01420749606,True,True,post_v181_one_drop_one_add_whole_loan_swap,post-v181 one-swap pricing only; not multi-swap or global proof,C,C,1,1,3,2,0,2,2019,2018,other,other
v63_source_repair_return_guarded_repair,incumbent_cvar_relaxed_source_lp,154899738,127874931,1000.0,1000.0,-171.01136866654105,-186.9469746106631,15.935605944122045,1754.186424526286,842400.0,True,True,6.907218559226713e-06,0.8980294396961064,0,,,61285.72655715946,95779.81710473432,True,True,post_v181_one_drop_one_add_whole_loan_swap,post-v181 one-swap pricing only; not multi-swap or global proof,B,B,1,0,0,0,0,0,2019,2018,other,MN
v63_source_repair_return_guarded_repair,incumbent_cvar_relaxed_source_lp,154899738,127672145,1000.0,1000.0,-171.01136866654105,-196.20083323856994,25.189464572028896,1763.440283154193,842400.0,True,True,6.907218559226713e-06,0.8992165242165242,0,,,61254.61914213477,95735.44678584904,True,True,post_v181_one_drop_one_add_whole_loan_swap,post-v181 one-swap pricing only; not multi-swap or global proof,B,C,1,1,0,0,0,2,2019,2018,other,other
v63_source_repair_return_guarded_repair,incumbent_cvar_relaxed_source_lp,154899738,127475725,1000.0,1000.0,-171.01136866654105,-211.8282137432861,40.81684507674507,1779.067663658909,842400.0,True,True,6.907218559226713e-06,0.8992165242165242,0,,,61228.72666117059,95703.34476759174,True,True,post_v181_one_drop_one_add_whole_loan_swap,post-v181 one-swap pricing only; not multi-swap or global proof,B,C,1,1,0,4,0,0,2019,2018,other,AZ
v63_source_repair_return_guarded_repair,incumbent_cvar_relaxed_source_lp,154899738,127582382,1000.0,1000.0,-171.01136866654105,-205.52183833714096,34.51046967059992,1772.7612882527637,842400.0,True,True,6.907218559226713e-06,0.8992165242165242,0,,,61170.742606992084,95625.01283334225,True,True,post_v181_one_drop_one_add_whole_loan_swap,post-v181 one-swap pricing only; not multi-swap or global proof,B,D,1,2,0,3,0,0,2019,2018,other,CA
v63_source_repair_return_guarded_repair,incumbent_cvar_relaxed_source_lp,154899738,126827839,1000.0,1000.0,-171.01136866654105,-175.77898463113021,4.767615964589169,1743.018434546753,842400.0,True,True,6.907218559226713e-06,0.8992165242165242,0,,,61152.51623838952,95593.65620493426,True,True,post_v181_one_drop_one_add_whole_loan_swap,post-v181 one-swap pricing only; not multi-swap or global proof,B,E,1,2,0,0,0,4,2019,2018,other,other
v63_source_repair_return_guarded_repair,incumbent_cvar_relaxed_source_lp,154899738,126820122,1000.0,1000.0,-171.01136866654105,-201.89545162414464,30.884082957603596,1769.1349015397675,842400.0,True,True,6.907218559226713e-06,0.8992165242165242,0,,,61214.03710317286,95687.07627149032,True,True,post_v181_one_drop_one_add_whole_loan_swap,post-v181 one-swap pricing only; not multi-swap or global proof,B,C,1,1,0,0,0,1,2019,2018,other,other
v63_source_repair_return_guarded_repair,incumbent_cvar_relaxed_source_lp,154899738,126733849,1000.0,1000.0,-171.01136866654105,-186.9469746106631,15.935605944122045,1754.186424526286,842400.0,True,True,6.907218559226713e-06,0.8980294396961064,0,,,61285.72655715946,95779.81710473432,True,True,post_v181_one_drop_one_add_whole_loan_swap,post-v181 one-swap pricing only; not multi-swap or global proof,B,B,1,0,0,4,0,3,2019,2018,other,NJ
v63_source_repair_return_guarded_repair,incumbent_cvar_relaxed_source_lp,154899738,126652025,1000.0,1000.0,-171.01136866654105,-206.92821374328602,35.91684507674498,1774.1676636589089,842400.0,True,True,6.907218559226713e-06,0.8992165242165242,0,,,61228.72666117059,95703.34476759174,True,True,post_v181_one_drop_one_add_whole_loan_swap,post-v181 one-swap pricing only; not multi-swap or global proof,B,C,1,1,0,3,0,1,2019,2018,other,FL
v63_source_repair_return_guarded_repair,incumbent_cvar_relaxed_source_lp,154899738,126419064,1000.0,1000.0,-171.01136866654105,-198.85427993768698,27.842911271145937,1766.09372985331,842400.0,True,True,6.907218559226713e-06,0.8992165242165242,0,,,61187.43057974249,95644.4078654297,True,True,post_v181_one_drop_one_add_whole_loan_swap,post-v181 one-swap pricing only; not multi-swap or global proof,B,D,1,2,0,4,0,1,2019,2018,other,other
v63_source_repair_return_guarded_repair,incumbent_cvar_relaxed_source_lp,154899738,168701788,1000.0,1000.0,-171.01136866654105,-178.5860397151734,7.574671048632354,1745.8254896307963,842400.0,True,True,6.907218559226713e-06,0.8992165242165242,0,,,61206.305741426695,95654.10559144673,True,True,post_v181_one_drop_one_add_whole_loan_swap,post-v181 one-swap pricing only; not multi-swap or global proof,B,C,1,1,0,3,0,1,2019,2020,other,TX
v63_source_repair_return_guarded_repair,incumbent_cvar_relaxed_source_lp,154899738,169358871,1000.0,1000.0,-171.01136866654105,-177.86634212741987,6.854973460878824,1745.1057920430428,842400.0,True,True,6.907218559226713e-06,0.8992165242165242,0,,,61216.07675875942,95641.6805564069,True,True,post_v181_one_drop_one_add_whole_loan_swap,post-v181 one-swap pricing only; not multi-swap or global proof,B,C,1,1,0,3,0,0,2019,2020,other,VA
v63_source_repair_return_guarded_repair,incumbent_cvar_relaxed_source_lp,154899738,139506195,1000.0,1000.0,-171.01136866654105,-177.67809625327766,6.666727586736613,1744.9175461689006,842400.0,True,True,6.907218559226713e-06,0.8992165242165242,0,,,61190.24207870801,95587.89893128644,True,True,post_v181_one_drop_one_add_whole_loan_swap,post-v181 one-swap pricing only; not multi-swap or global proof,B,D,1,2,0,2,0,0,2019,2018,other,CA
v63_source_repair_return_guarded_repair,incumbent_cvar_relaxed_source_lp,154899738,156823754,1000.0,1000.0,-171.01136866654105,-183.46022770133698,12.44885903479593,1750.69967761696,842400.0,True,True,6.907218559226713e-06,0.8992165242165242,0,,,61187.843859608605,95566.9941679058,True,True,post_v181_one_drop_one_add_whole_loan_swap,post-v181 one-swap pricing only; not multi-swap or global proof,B,D,1,2,0,3,0,1,2019,2019,other,CA
v63_source_repair_return_guarded_repair,incumbent_cvar_relaxed_source_lp,154899738,156807668,1000.0,1000.0,-171.01136866654105,-175.85010442413147,4.8387357575904275,1743.0895543397544,842400.0,True,True,6.907218559226713e-06,0.8992165242165242,0,,,61215.27735396731,95595.2705282835,True,True,post_v181_one_drop_one_add_whole_loan_swap,post-v181 one-swap pricing only; not multi-swap or global proof,B,D,1,2,0,0,0,0,2019,2019,other,TX
v63_source_repair_return_guarded_repair,incumbent_cvar_relaxed_source_lp,154756272,127011905,1600.0,1500.0,-260.2259489812721,-310.3923206149292,50.16637163365709,1788.417190215821,842500.0,True,True,0.00010816869840624133,0.8991097922848664,0,,,61296.53628504591,95845.63016142756,True,True,post_v181_one_drop_one_add_whole_loan_swap,post-v181 one-swap pricing only; not multi-swap or global proof,C,C,1,1,2,2,1,2,2019,2018,NC,other
v63_source_repair_return_guarded_repair,incumbent_cvar_relaxed_source_lp,154174938,127011905,1500.0,1500.0,-290.2695076691866,-310.3923206149292,20.122812945742567,1758.3736315279066,842400.0,True,True,6.907218559226713e-06,0.8992165242165242,0,,,61343.29279559845,95913.82208353105,True,True,post_v181_one_drop_one_add_whole_loan_swap,post-v181 one-swap pricing only; not multi-swap or global proof,D,C,2,1,3,2,2,2,2019,2018,TX,other
v63_source_repair_return_guarded_repair,incumbent_cvar_relaxed_source_lp,164134237,127011905,1500.0,1500.0,-297.0108358511359,-310.3923206149292,13.38148476379331,1751.632303345957,842400.0,True,True,6.907218559226713e-06,0.8992165242165242,0,,,61358.6518220607,95924.70206867816,True,True,post_v181_one_drop_one_add_whole_loan_swap,post-v181 one-swap pricing only; not multi-swap or global proof,D,C,2,1,3,2,3,2,2019,2018,other,other
v63_source_repair_return_guarded_repair,incumbent_cvar_relaxed_source_lp,163978066,127011905,1600.0,1500.0,-307.89318093231816,-310.3923206149292,2.4991396826110304,1740.749958264775,842500.0,True,True,0.00010816869840624133,0.8991097922848664,0,,,61332.43269671171,95867.86139489684,True,True,post_v181_one_drop_one_add_whole_loan_swap,post-v181 one-swap pricing only; not multi-swap or global proof,C,C,2,1,4,2,1,2,2019,2018,CA,other
v63_source_repair_return_guarded_repair,incumbent_cvar_relaxed_source_lp,163529459,127011905,1500.0,1500.0,-300.56741452436427,-310.3923206149292,9.824906090564923,1748.075724672729,842400.0,True,True,6.907218559226713e-06,0.8992165242165242,0,,,61488.66476377763,95938.16390774919,True,True,post_v181_one_drop_one_add_whole_loan_swap,post-v181 one-swap pricing only; not multi-swap or global proof,D,C,5,1,4,2,3,2,2019,2018,WA,other
v63_source_repair_return_guarded_repair,incumbent_cvar_relaxed_source_lp,163383289,168841753,1000.0,1000.0,-9.457214357682766,-15.58411172619063,6.126897368507864,1744.3777159506717,842400.0,True,True,6.907218559226713e-06,0.8992165242165242,0,,,61248.19503595206,95678.52656968398,True,True,post_v181_one_drop_one_add_whole_loan_swap,post-v181 one-swap pricing only; not multi-swap or global proof,A,A,1,1,0,1,2,0,2019,2020,other,NY
v63_source_repair_return_guarded_repair,incumbent_cvar_relaxed_source_lp,163383289,168678809,1000.0,1000.0,-9.457214357682766,-25.935876492202276,16.47866213451951,1754.7294807166834,842400.0,True,True,6.907218559226713e-06,0.8992165242165242,0,,,61261.70889285025,95699.50292907705,True,True,post_v181_one_drop_one_add_whole_loan_swap,post-v181 one-swap pricing only; not multi-swap or global proof,A,A,1,1,0,1,2,0,2019,2020,other,IN
v63_source_repair_return_guarded_repair,incumbent_cvar_relaxed_source_lp,163383289,170390171,1000.0,1000.0,-9.457214357682766,-23.632377345499286,14.17516298781652,1752.4259815699804,842400.0,True,True,6.907218559226713e-06,0.8992165242165242,0,,,61258.30340330869,95692.57012889195,True,True,post_v181_one_drop_one_add_whole_loan_swap,post-v181 one-swap pricing only; not multi-swap or global proof,A,A,1,1,0,0,2,0,2019,2020,other,other
v63_source_repair_return_guarded_repair,incumbent_cvar_relaxed_source_lp,163383289,169450190,1000.0,1000.0,-9.457214357682766,-22.58050328415853,13.123288926475766,1751.3741075086396,842400.0,True,True,6.907218559226713e-06,0.8992165242165242,0,,,61240.98867882015,95657.56209556619,True,True,post_v181_one_drop_one_add_whole_loan_swap,post-v181 one-swap pricing only; not multi-swap or global proof,A,A,1,1,0,0,2,0,2019,2020,other,AZ
v63_source_repair_return_guarded_repair,incumbent_cvar_relaxed_source_lp,162968064,127011905,1600.0,1500.0,-291.6535714215414,-310.3923206149292,18.738749193387775,1756.9895677755517,842500.0,True,True,0.00010816869840624133,0.8991097922848664,0,,,61220.17267212935,95738.35754169553,True,True,post_v181_one_drop_one_add_whole_loan_swap,post-v181 one-swap pricing only; not multi-swap or global proof,B,C,1,1,1,2,2,2,2019,2018,CA,other
v63_source_repair_return_guarded_repair,incumbent_cvar_relaxed_source_lp,162936322,126523487,2000.0,2000.0,-335.18594736331687,-350.42656531605377,15.240617952736898,1753.491436534901,842400.0,True,True,6.907218559226713e-06,0.8992165242165242,0,,,61262.97161827454,95837.65789226818,True,True,post_v181_one_drop_one_add_whole_loan_swap,post-v181 one-swap pricing only; not multi-swap or global proof,C,C,1,1,4,4,1,1,2019,2018,NC,CA
v63_source_repair_return_guarded_repair,incumbent_cvar_relaxed_source_lp,162604995,127672145,1200.0,1000.0,-190.38488193037946,-196.20083323856994,5.815951308190478,1744.0667698903544,842600.0,True,True,0.00020940614277265013,0.8990030856871588,0,,,61419.14672499732,96001.6210880953,True,True,post_v181_one_drop_one_add_whole_loan_swap,post-v181 one-swap pricing only; not multi-swap or global proof,D,C,2,1,2,0,1,2,2019,2018,TX,other
v63_source_repair_return_guarded_repair,incumbent_cvar_relaxed_source_lp,162604995,127475725,1200.0,1000.0,-190.38488193037946,-211.8282137432861,21.44333181290665,1759.6941503950707,842600.0,True,True,0.00020940614277265013,0.8990030856871588,0,,,61393.25424403313,95969.51906983802,True,True,post_v181_one_drop_one_add_whole_loan_swap,post-v181 one-swap pricing only; not multi-swap or global proof,D,C,2,1,2,4,1,0,2019,2018,TX,AZ
v63_source_repair_return_guarded_repair,incumbent_cvar_relaxed_source_lp,162604995,127582382,1200.0,1000.0,-190.38488193037946,-205.52183833714096,15.136956406761499,1753.3877749889255,842600.0,True,True,0.00020940614277265013,0.8990030856871588,0,,,61335.270189854615,95891.18713558851,True,True,post_v181_one_drop_one_add_whole_loan_swap,post-v181 one-swap pricing only; not multi-swap or global proof,D,D,2,2,2,3,1,0,2019,2018,TX,CA
v63_source_repair_return_guarded_repair,incumbent_cvar_relaxed_source_lp,162604995,126820122,1200.0,1000.0,-190.38488193037946,-201.89545162414464,11.510569693765177,1749.761388275929,842600.0,True,True,0.00020940614277265013,0.8990030856871588,0,,,61378.56468603539,95953.25057373659,True,True,post_v181_one_drop_one_add_whole_loan_swap,post-v181 one-swap pricing only; not multi-swap or global proof,D,C,2,1,2,0,1,1,2019,2018,TX,other
v63_source_repair_return_guarded_repair,incumbent_cvar_relaxed_source_lp,162604995,126652025,1200.0,1000.0,-190.38488193037946,-206.92821374328602,16.54333181290656,1754.7941503950706,842600.0,True,True,0.00020940614277265013,0.8990030856871588,0,,,61393.25424403313,95969.51906983802,True,True,post_v181_one_drop_one_add_whole_loan_swap,post-v181 one-swap pricing only; not multi-swap or global proof,D,C,2,1,2,3,1,1,2019,2018,TX,FL
v63_source_repair_return_guarded_repair,incumbent_cvar_relaxed_source_lp,162604995,126483031,1200.0,1200.0,-190.38488193037946,-200.480236756332,10.09535482595254,1748.3461734081166,842400.0,True,True,6.907218559226713e-06,0.8977920227920227,0,,,61429.26971568247,96015.57245637887,True,True,post_v181_one_drop_one_add_whole_loan_swap,post-v181 one-swap pricing only; not multi-swap or global proof,D,B,2,0,2,2,1,0,2019,2018,TX,FL
v63_source_repair_return_guarded_repair,incumbent_cvar_relaxed_source_lp,162604995,126419064,1200.0,1000.0,-190.38488193037946,-198.85427993768698,8.469398007307518,1746.7202165894714,842600.0,True,True,0.00020940614277265013,0.8990030856871588,0,,,61351.95816260503,95910.58216767595,True,True,post_v181_one_drop_one_add_whole_loan_swap,post-v181 one-swap pricing only; not multi-swap or global proof,D,D,2,2,2,4,1,1,2019,2018,TX,other
v63_source_repair_return_guarded_repair,incumbent_cvar_relaxed_source_lp,162604995,165985906,1200.0,1200.0,-190.38488193037946,-203.72482836822385,13.33994643784439,1751.5907650200083,842400.0,True,True,6.907218559226713e-06,0.8992165242165242,0,,,61334.941912571245,95845.21255137878,True,True,post_v181_one_drop_one_add_whole_loan_swap,post-v181 one-swap pricing only; not multi-swap or global proof,D,C,2,1,2,3,1,4,2019,2020,TX,VA
v63_source_repair_return_guarded_repair,incumbent_cvar_relaxed_source_lp,162604995,160806330,1200.0,1200.0,-190.38488193037946,-210.10403328668124,19.71915135630178,1757.9699699384657,842400.0,True,True,6.907218559226713e-06,0.8992165242165242,0,,,61285.504623624045,95716.58884067328,True,True,post_v181_one_drop_one_add_whole_loan_swap,post-v181 one-swap pricing only; not multi-swap or global proof,D,D,2,2,2,2,1,2,2019,2019,TX,FL
v63_source_repair_return_guarded_repair,incumbent_cvar_relaxed_source_lp,162720393,127011905,1500.0,1500.0,-275.4811024129743,-310.3923206149292,34.91121820195491,1773.1620367841188,842400.0,True,True,6.907218559226713e-06,0.8992165242165242,0,,,61336.692250813416,95914.69815315938,True,True,post_v181_one_drop_one_add_whole_loan_swap,post-v181 one-swap pricing only; not multi-swap or global proof,D,C,2,1,1,2,4,2,2019,2018,NJ,other
v63_source_repair_return_guarded_repair,incumbent_cvar_relaxed_source_lp,162654393,127695160,1500.0,1500.0,-228.9567046794011,-235.90029594541494,6.94359126601384,1745.1944098481777,842400.0,True,True,6.907218559226713e-06,0.8992165242165242,0,,,61276.869969783635,95808.80596387827,True,True,post_v181_one_drop_one_add_whole_loan_swap,post-v181 one-swap pricing only; not multi-swap or global proof,B,B,0,0,3,2,0,1,2019,2018,MI,TX
v63_source_repair_return_guarded_repair,incumbent_cvar_relaxed_source_lp,162654393,126760355,1500.0,1500.0,-228.9567046794011,-250.40002765814089,21.443322978739786,1759.6941415609037,842400.0,True,True,6.907218559226713e-06,0.8992165242165242,0,,,61277.075278307224,95809.09436997824,True,True,post_v181_one_drop_one_add_whole_loan_swap,post-v181 one-swap pricing only; not multi-swap or global proof,B,B,0,0,3,1,0,0,2019,2018,MI,IL
v63_source_repair_return_guarded_repair,incumbent_cvar_relaxed_source_lp,162654393,126430923,1500.0,1500.0,-228.9567046794011,-243.25029594541493,14.293591266013834,1752.5444098481778,842400.0,True,True,6.907218559226713e-06,0.8992165242165242,0,,,61276.869969783635,95808.80596387827,True,True,post_v181_one_drop_one_add_whole_loan_swap,post-v181 one-swap pricing only; not multi-swap or global proof,B,B,0,0,3,3,0,0,2019,2018,MI,other
v63_source_repair_return_guarded_repair,incumbent_cvar_relaxed_source_lp,162605401,127874931,1000.0,1000.0,-160.8152043628769,-186.9469746106631,26.131770247786193,1764.38258882995,842400.0,True,True,6.907218559226713e-06,0.8980294396961064,0,,,61434.00641102232,95938.38878921872,True,True,post_v181_one_drop_one_add_whole_loan_swap,post-v181 one-swap pricing only; not multi-swap or global proof,D,B,3,0,2,0,1,0,2019,2018,MD,MN
v63_source_repair_return_guarded_repair,incumbent_cvar_relaxed_source_lp,162605401,127672145,1000.0,1000.0,-160.8152043628769,-196.20083323856994,35.385628875693044,1773.636447457857,842400.0,True,True,6.907218559226713e-06,0.8992165242165242,0,,,61402.89899599762,95894.01847033344,True,True,post_v181_one_drop_one_add_whole_loan_swap,post-v181 one-swap pricing only; not multi-swap or global proof,D,C,3,1,2,0,1,2,2019,2018,MD,other
v63_source_repair_return_guarded_repair,incumbent_cvar_relaxed_source_lp,162605401,127475725,1000.0,1000.0,-160.8152043628769,-211.8282137432861,51.013009380409216,1789.263827962573,842400.0,True,True,6.907218559226713e-06,0.8992165242165242,0,,,61377.00651503344,95861.91645207616,True,True,post_v181_one_drop_one_add_whole_loan_swap,post-v181 one-swap pricing only; not multi-swap or global proof,D,C,3,1,2,4,1,0,2019,2018,MD,AZ
v63_source_repair_return_guarded_repair,incumbent_cvar_relaxed_source_lp,162605401,127582382,1000.0,1000.0,-160.8152043628769,-205.52183833714096,44.706633974264065,1782.957452556428,842400.0,True,True,6.907218559226713e-06,0.8992165242165242,0,,,61319.02246085493,95783.58451782665,True,True,post_v181_one_drop_one_add_whole_loan_swap,post-v181 one-swap pricing only; not multi-swap or global proof,D,D,3,2,2,3,1,0,2019,2018,MD,CA
v63_source_repair_return_guarded_repair,incumbent_cvar_relaxed_source_lp,162605401,126827839,1000.0,1000.0,-160.8152043628769,-175.77898463113021,14.963780268253316,1753.2145988504171,842400.0,True,True,6.907218559226713e-06,0.8992165242165242,0,,,61300.79609225237,95752.22788941867,True,True,post_v181_one_drop_one_add_whole_loan_swap,post-v181 one-swap pricing only; not multi-swap or global proof,D,E,3,2,2,0,1,4,2019,2018,MD,other
v63_source_repair_return_guarded_repair,incumbent_cvar_relaxed_source_lp,162605401,126820122,1000.0,1000.0,-160.8152043628769,-201.89545162414464,41.08024726126774,1779.3310658434316,842400.0,True,True,6.907218559226713e-06,0.8992165242165242,0,,,61362.31695703571,95845.64795597474,True,True,post_v181_one_drop_one_add_whole_loan_swap,post-v181 one-swap pricing only; not multi-swap or global proof,D,C,3,1,2,0,1,1,2019,2018,MD,other
v63_source_repair_return_guarded_repair,incumbent_cvar_relaxed_source_lp,162605401,126733849,1000.0,1000.0,-160.8152043628769,-186.9469746106631,26.131770247786193,1764.38258882995,842400.0,True,True,6.907218559226713e-06,0.8980294396961064,0,,,61434.00641102232,95938.38878921872,True,True,post_v181_one_drop_one_add_whole_loan_swap,post-v181 one-swap pricing only; not multi-swap or global proof,D,B,3,0,2,4,1,3,2019,2018,MD,NJ
v63_source_repair_return_guarded_repair,incumbent_cvar_relaxed_source_lp,162605401,126652025,1000.0,1000.0,-160.8152043628769,-206.92821374328602,46.113009380409125,1784.363827962573,842400.0,True,True,6.907218559226713e-06,0.8992165242165242,0,,,61377.00651503344,95861.91645207616,True,True,post_v181_one_drop_one_add_whole_loan_swap,post-v181 one-swap pricing only; not multi-swap or global proof,D,C,3,1,2,3,1,1,2019,2018,MD,FL
v63_source_repair_return_guarded_repair,incumbent_cvar_relaxed_source_lp,162605401,126468092,1000.0,1000.0,-160.8152043628769,-169.50590883596908,8.690704473092183,1746.941523055256,842400.0,True,True,6.907218559226713e-06,0.8980294396961064,0,,,61456.910633579704,95969.62219119143,True,True,post_v181_one_drop_one_add_whole_loan_swap,post-v181 one-swap pricing only; not multi-swap or global proof,D,B,3,0,2,1,1,2,2019,2018,MD,other
v63_source_repair_return_guarded_repair,incumbent_cvar_relaxed_source_lp,162605401,126419064,1000.0,1000.0,-160.8152043628769,-198.85427993768698,38.039075574810084,1776.289894156974,842400.0,True,True,6.907218559226713e-06,0.8992165242165242,0,,,61335.710433605345,95802.9795499141,True,True,post_v181_one_drop_one_add_whole_loan_swap,post-v181 one-swap pricing only; not multi-swap or global proof,D,D,3,2,2,4,1,1,2019,2018,MD,other
v63_source_repair_return_guarded_repair,incumbent_cvar_relaxed_source_lp,162605401,168701788,1000.0,1000.0,-160.8152043628769,-178.5860397151734,17.7708353522965,1756.0216539344603,842400.0,True,True,6.907218559226713e-06,0.8992165242165242,0,,,61354.585595289536,95812.67727593116,True,True,post_v181_one_drop_one_add_whole_loan_swap,post-v181 one-swap pricing only; not multi-swap or global proof,D,C,3,1,2,3,1,1,2019,2020,MD,TX
v63_source_repair_return_guarded_repair,incumbent_cvar_relaxed_source_lp,162605401,169358871,1000.0,1000.0,-160.8152043628769,-177.86634212741987,17.051137764542972,1755.301956346707,842400.0,True,True,6.907218559226713e-06,0.8992165242165242,0,,,61364.35661262229,95800.25224089132,True,True,post_v181_one_drop_one_add_whole_loan_swap,post-v181 one-swap pricing only; not multi-swap or global proof,D,C,3,1,2,3,1,0,2019,2020,MD,VA
v63_source_repair_return_guarded_repair,incumbent_cvar_relaxed_source_lp,162605401,139506195,1000.0,1000.0,-160.8152043628769,-177.67809625327766,16.86289189040076,1755.1137104725647,842400.0,True,True,6.907218559226713e-06,0.8992165242165242,0,,,61338.52193257086,95746.47061577089,True,True,post_v181_one_drop_one_add_whole_loan_swap,post-v181 one-swap pricing only; not multi-swap or global proof,D,D,3,2,2,2,1,0,2019,2018,MD,CA
v63_source_repair_return_guarded_repair,incumbent_cvar_relaxed_source_lp,162605401,156823754,1000.0,1000.0,-160.8152043628769,-183.46022770133698,22.645023338460078,1760.895841920624,842400.0,True,True,6.907218559226713e-06,0.8992165242165242,0,,,61336.12371347146,95725.56585239021,True,True,post_v181_one_drop_one_add_whole_loan_swap,post-v181 one-swap pricing only; not multi-swap or global proof,D,D,3,2,2,3,1,1,2019,2019,MD,CA
v63_source_repair_return_guarded_repair,incumbent_cvar_relaxed_source_lp,162605401,156807668,1000.0,1000.0,-160.8152043628769,-175.85010442413147,15.034900061254575,1753.2857186434185,842400.0,True,True,6.907218559226713e-06,0.8992165242165242,0,,,61363.55720783016,95753.8422127679,True,True,post_v181_one_drop_one_add_whole_loan_swap,post-v181 one-swap pricing only; not multi-swap or global proof,D,D,3,2,2,0,1,0,2019,2019,MD,TX
v63_source_repair_return_guarded_repair,incumbent_cvar_relaxed_source_lp,162590887,168841753,1000.0,1000.0,-7.297262801488124,-15.58411172619063,8.286848924702506,1746.5376675068665,842400.0,True,True,6.907218559226713e-06,0.8992165242165242,0,,,61245.960436064976,95673.84650349502,True,True,post_v181_one_drop_one_add_whole_loan_swap,post-v181 one-swap pricing only; not multi-swap or global proof,A,A,1,1,1,1,0,0,2019,2020,TX,NY
v63_source_repair_return_guarded_repair,incumbent_cvar_relaxed_source_lp,162590887,168678809,1000.0,1000.0,-7.297262801488124,-25.935876492202276,18.638613690714152,1756.8894322728781,842400.0,True,True,6.907218559226713e-06,0.8992165242165242,0,,,61259.47429296316,95694.82286288809,True,True,post_v181_one_drop_one_add_whole_loan_swap,post-v181 one-swap pricing only; not multi-swap or global proof,A,A,1,1,1,1,0,0,2019,2020,TX,IN
v63_source_repair_return_guarded_repair,incumbent_cvar_relaxed_source_lp,162590887,170390171,1000.0,1000.0,-7.297262801488124,-23.632377345499286,16.335114544011162,1754.585933126175,842400.0,True,True,6.907218559226713e-06,0.8992165242165242,0,,,61256.0688034216,95687.890062703,True,True,post_v181_one_drop_one_add_whole_loan_swap,post-v181 one-swap pricing only; not multi-swap or global proof,A,A,1,1,1,0,0,0,2019,2020,TX,other
v63_source_repair_return_guarded_repair,incumbent_cvar_relaxed_source_lp,162590887,169450190,1000.0,1000.0,-7.297262801488124,-22.58050328415853,15.283240482670408,1753.5340590648343,842400.0,True,True,6.907218559226713e-06,0.8992165242165242,0,,,61238.75407893305,95652.88202937719,True,True,post_v181_one_drop_one_add_whole_loan_swap,post-v181 one-swap pricing only; not multi-swap or global proof,A,A,1,1,1,0,0,0,2019,2020,TX,AZ
v63_source_repair_return_guarded_repair,incumbent_cvar_relaxed_source_lp,162528420,127874931,1200.0,1000.0,-183.7368131210446,-186.9469746106631,3.2101614896184856,1741.4609800717824,842600.0,True,True,0.00020940614277265013,0.8978162829337764,0,,,61513.88043355289,96060.3171228502,True,True,post_v181_one_drop_one_add_whole_loan_swap,post-v181 one-swap pricing only; not multi-swap or global proof,D,B,3,0,2,0,2,0,2019,2018,MD,MN
v63_source_repair_return_guarded_repair,incumbent_cvar_relaxed_source_lp,162528420,127672145,1200.0,1000.0,-183.7368131210446,-196.20083323856994,12.464020117525337,1750.7148386996892,842600.0,True,True,0.00020940614277265013,0.8990030856871588,0,,,61482.7730185282,96015.94680396497,True,True,post_v181_one_drop_one_add_whole_loan_swap,post-v181 one-swap pricing only; not multi-swap or global proof,D,C,3,1,2,0,2,2,2019,2018,MD,other
v63_source_repair_return_guarded_repair,incumbent_cvar_relaxed_source_lp,162528420,127475725,1200.0,1000.0,-183.7368131210446,-211.8282137432861,28.09140062224151,1766.3422192044054,842600.0,True,True,0.00020940614277265013,0.8990030856871588,0,,,61456.880537564015,95983.84478570767,True,True,post_v181_one_drop_one_add_whole_loan_swap,post-v181 one-swap pricing only; not multi-swap or global proof,D,C,3,1,2,4,2,0,2019,2018,MD,AZ
v63_source_repair_return_guarded_repair,incumbent_cvar_relaxed_source_lp,162528420,127582382,1200.0,1000.0,-183.7368131210446,-205.52183833714096,21.785025216096358,1760.0358437982602,842600.0,True,True,0.00020940614277265013,0.8990030856871588,0,,,61398.89648338551,95905.51285145813,True,True,post_v181_one_drop_one_add_whole_loan_swap,post-v181 one-swap pricing only; not multi-swap or global proof,D,D,3,2,2,3,2,0,2019,2018,MD,CA
v63_source_repair_return_guarded_repair,incumbent_cvar_relaxed_source_lp,162528420,126820122,1200.0,1000.0,-183.7368131210446,-201.89545162414464,18.158638503100036,1756.409457085264,842600.0,True,True,0.00020940614277265013,0.8990030856871588,0,,,61442.19097956628,95967.57628960622,True,True,post_v181_one_drop_one_add_whole_loan_swap,post-v181 one-swap pricing only; not multi-swap or global proof,D,C,3,1,2,0,2,1,2019,2018,MD,other
v63_source_repair_return_guarded_repair,incumbent_cvar_relaxed_source_lp,162528420,126733849,1200.0,1000.0,-183.7368131210446,-186.9469746106631,3.2101614896184856,1741.4609800717824,842600.0,True,True,0.00020940614277265013,0.8978162829337764,0,,,61513.88043355289,96060.3171228502,True,True,post_v181_one_drop_one_add_whole_loan_swap,post-v181 one-swap pricing only; not multi-swap or global proof,D,B,3,0,2,4,2,3,2019,2018,MD,NJ
v63_source_repair_return_guarded_repair,incumbent_cvar_relaxed_source_lp,162528420,126652025,1200.0,1000.0,-183.7368131210446,-206.92821374328602,23.191400622241417,1761.4422192044053,842600.0,True,True,0.00020940614277265013,0.8990030856871588,0,,,61456.880537564015,95983.84478570767,True,True,post_v181_one_drop_one_add_whole_loan_swap,post-v181 one-swap pricing only; not multi-swap or global proof,D,C,3,1,2,3,2,1,2019,2018,MD,FL
v63_source_repair_return_guarded_repair,incumbent_cvar_relaxed_source_lp,162528420,126483031,1200.0,1200.0,-183.7368131210446,-200.480236756332,16.7434236352874,1754.9942422174513,842400.0,True,True,6.907218559226713e-06,0.8977920227920227,0,,,61492.89600921336,96029.89817224849,True,True,post_v181_one_drop_one_add_whole_loan_swap,post-v181 one-swap pricing only; not multi-swap or global proof,D,B,3,0,2,2,2,0,2019,2018,MD,FL
v63_source_repair_return_guarded_repair,incumbent_cvar_relaxed_source_lp,162528420,126419064,1200.0,1000.0,-183.7368131210446,-198.85427993768698,15.117466816642377,1753.3682853988062,842600.0,True,True,0.00020940614277265013,0.8990030856871588,0,,,61415.58445613591,95924.90788354559,True,True,post_v181_one_drop_one_add_whole_loan_swap,post-v181 one-swap pricing only; not multi-swap or global proof,D,D,3,2,2,4,2,1,2019,2018,MD,other
v63_source_repair_return_guarded_repair,incumbent_cvar_relaxed_source_lp,162528420,165985906,1200.0,1200.0,-183.7368131210446,-203.72482836822385,19.98801524717925,1758.238833829343,842400.0,True,True,6.907218559226713e-06,0.8992165242165242,0,,,61398.56820610212,95859.5382672484,True,True,post_v181_one_drop_one_add_whole_loan_swap,post-v181 one-swap pricing only; not multi-swap or global proof,D,C,3,1,2,3,2,4,2019,2020,MD,VA
v63_source_repair_return_guarded_repair,incumbent_cvar_relaxed_source_lp,162528420,160806330,1200.0,1200.0,-183.7368131210446,-210.10403328668124,26.36722016563664,1764.6180387478005,842400.0,True,True,6.907218559226713e-06,0.8992165242165242,0,,,61349.13091715494,95730.9145565429,True,True,post_v181_one_drop_one_add_whole_loan_swap,post-v181 one-swap pricing only; not multi-swap or global proof,D,D,3,2,2,2,2,2,2019,2019,MD,FL
v63_source_repair_return_guarded_repair,incumbent_cvar_relaxed_source_lp,162083390,127874931,1000.0,1000.0,-168.4682188833758,-186.9469746106631,18.47875572728728,1756.7295743094512,842400.0,True,True,6.907218559226713e-06,0.8980294396961064,0,,,61329.94629626076,95844.10888206003,True,True,post_v181_one_drop_one_add_whole_loan_swap,post-v181 one-swap pricing only; not multi-swap or global proof,C,B,1,0,2,0,1,0,2019,2018,other,MN
v63_source_repair_return_guarded_repair,incumbent_cvar_relaxed_source_lp,162083390,127672145,1000.0,1000.0,-168.4682188833758,-196.20083323856994,27.73261435519413,1765.983432937358,842400.0,True,True,6.907218559226713e-06,0.8992165242165242,0,,,61298.838881236064,95799.73856317477,True,True,post_v181_one_drop_one_add_whole_loan_swap,post-v181 one-swap pricing only; not multi-swap or global proof,C,C,1,1,2,0,1,2,2019,2018,other,other
v63_source_repair_return_guarded_repair,incumbent_cvar_relaxed_source_lp,162083390,127475725,1000.0,1000.0,-168.4682188833758,-211.8282137432861,43.3599948599103,1781.6108134420742,842400.0,True,True,6.907218559226713e-06,0.8992165242165242,0,,,61272.94640027189,95767.63654491748,True,True,post_v181_one_drop_one_add_whole_loan_swap,post-v181 one-swap pricing only; not multi-swap or global proof,C,C,1,1,2,4,1,0,2019,2018,other,AZ
v63_source_repair_return_guarded_repair,incumbent_cvar_relaxed_source_lp,162083390,127582382,1000.0,1000.0,-168.4682188833758,-205.52183833714096,37.05361945376515,1775.304438035929,842400.0,True,True,6.907218559226713e-06,0.8992165242165242,0,,,61214.96234609338,95689.30461066797,True,True,post_v181_one_drop_one_add_whole_loan_swap,post-v181 one-swap pricing only; not multi-swap or global proof,C,D,1,2,2,3,1,0,2019,2018,other,CA
v63_source_repair_return_guarded_repair,incumbent_cvar_relaxed_source_lp,162083390,126827839,1000.0,1000.0,-168.4682188833758,-175.77898463113021,7.310765747754402,1745.5615843299183,842400.0,True,True,6.907218559226713e-06,0.8992165242165242,0,,,61196.73597749081,95657.94798226,True,True,post_v181_one_drop_one_add_whole_loan_swap,post-v181 one-swap pricing only; not multi-swap or global proof,C,E,1,2,2,0,1,4,2019,2018,other,other
v63_source_repair_return_guarded_repair,incumbent_cvar_relaxed_source_lp,162083390,126820122,1000.0,1000.0,-168.4682188833758,-201.89545162414464,33.42723274076883,1771.6780513229328,842400.0,True,True,6.907218559226713e-06,0.8992165242165242,0,,,61258.25684227415,95751.36804881606,True,True,post_v181_one_drop_one_add_whole_loan_swap,post-v181 one-swap pricing only; not multi-swap or global proof,C,C,1,1,2,0,1,1,2019,2018,other,other
v63_source_repair_return_guarded_repair,incumbent_cvar_relaxed_source_lp,162083390,126733849,1000.0,1000.0,-168.4682188833758,-186.9469746106631,18.47875572728728,1756.7295743094512,842400.0,True,True,6.907218559226713e-06,0.8980294396961064,0,,,61329.94629626076,95844.10888206003,True,True,post_v181_one_drop_one_add_whole_loan_swap,post-v181 one-swap pricing only; not multi-swap or global proof,C,B,1,0,2,4,1,3,2019,2018,other,NJ
v63_source_repair_return_guarded_repair,incumbent_cvar_relaxed_source_lp,162083390,126652025,1000.0,1000.0,-168.4682188833758,-206.92821374328602,38.45999485991021,1776.7108134420741,842400.0,True,True,6.907218559226713e-06,0.8992165242165242,0,,,61272.94640027189,95767.63654491748,True,True,post_v181_one_drop_one_add_whole_loan_swap,post-v181 one-swap pricing only; not multi-swap or global proof,C,C,1,1,2,3,1,1,2019,2018,other,FL
v63_source_repair_return_guarded_repair,incumbent_cvar_relaxed_source_lp,162083390,126468092,1000.0,1000.0,-168.4682188833758,-169.50590883596908,1.0376899525932686,1739.288508534757,842400.0,True,True,6.907218559226713e-06,0.8980294396961064,0,,,61352.85051881815,95875.34228403275,True,True,post_v181_one_drop_one_add_whole_loan_swap,post-v181 one-swap pricing only; not multi-swap or global proof,C,B,1,0,2,1,1,2,2019,2018,other,other
v63_source_repair_return_guarded_repair,incumbent_cvar_relaxed_source_lp,162083390,126419064,1000.0,1000.0,-168.4682188833758,-198.85427993768698,30.38606105431117,1768.636879636475,842400.0,True,True,6.907218559226713e-06,0.8992165242165242,0,,,61231.65031884379,95708.6996427554,True,True,post_v181_one_drop_one_add_whole_loan_swap,post-v181 one-swap pricing only; not multi-swap or global proof,C,D,1,2,2,4,1,1,2019,2018,other,other
v63_source_repair_return_guarded_repair,incumbent_cvar_relaxed_source_lp,162083390,168701788,1000.0,1000.0,-168.4682188833758,-178.5860397151734,10.117820831797587,1748.3686394139615,842400.0,True,True,6.907218559226713e-06,0.8992165242165242,0,,,61250.52548052799,95718.39736877248,True,True,post_v181_one_drop_one_add_whole_loan_swap,post-v181 one-swap pricing only; not multi-swap or global proof,C,C,1,1,2,3,1,1,2019,2020,other,TX
v63_source_repair_return_guarded_repair,incumbent_cvar_relaxed_source_lp,162083390,169358871,1000.0,1000.0,-168.4682188833758,-177.86634212741987,9.398123244044058,1747.6489418262079,842400.0,True,True,6.907218559226713e-06,0.8992165242165242,0,,,61260.29649786072,95705.97233373263,True,True,post_v181_one_drop_one_add_whole_loan_swap,post-v181 one-swap pricing only; not multi-swap or global proof,C,C,1,1,2,3,1,0,2019,2020,other,VA
v63_source_repair_return_guarded_repair,incumbent_cvar_relaxed_source_lp,162083390,139506195,1000.0,1000.0,-168.4682188833758,-177.67809625327766,9.209877369901847,1747.4606959520656,842400.0,True,True,6.907218559226713e-06,0.8992165242165242,0,,,61234.46181780931,95652.19070861216,True,True,post_v181_one_drop_one_add_whole_loan_swap,post-v181 one-swap pricing only; not multi-swap or global proof,C,D,1,2,2,2,1,0,2019,2018,other,CA
v63_source_repair_return_guarded_repair,incumbent_cvar_relaxed_source_lp,162083390,156823754,1000.0,1000.0,-168.4682188833758,-183.46022770133698,14.992008817961164,1753.242827400125,842400.0,True,True,6.907218559226713e-06,0.8992165242165242,0,,,61232.06359870991,95631.2859452315,True,True,post_v181_one_drop_one_add_whole_loan_swap,post-v181 one-swap pricing only; not multi-swap or global proof,C,D,1,2,2,3,1,1,2019,2019,other,CA
v63_source_repair_return_guarded_repair,incumbent_cvar_relaxed_source_lp,162083390,156807668,1000.0,1000.0,-168.4682188833758,-175.85010442413147,7.381885540755661,1745.6327041229197,842400.0,True,True,6.907218559226713e-06,0.8992165242165242,0,,,61259.49709306862,95659.5623056092,True,True,post_v181_one_drop_one_add_whole_loan_swap,post-v181 one-swap pricing only; not multi-swap or global proof,C,D,1,2,2,0,1,0,2019,2019,other,TX
v63_source_repair_return_guarded_repair,incumbent_cvar_relaxed_source_lp,161639068,127011905,1500.0,1500.0,-279.2887678857127,-310.3923206149292,31.103552729216517,1769.3543713113804,842400.0,True,True,6.907218559226713e-06,0.8992165242165242,0,,,61418.643019602576,95932.60529799643,True,True,post_v181_one_drop_one_add_whole_loan_swap,post-v181 one-swap pricing only; not multi-swap or global proof,D,C,3,1,3,2,4,2,2019,2018,NC,other
v63_source_repair_return_guarded_repair,incumbent_cvar_relaxed_source_lp,161131808,127475725,1000.0,1000.0,-200.73394359450347,-211.8282137432861,11.094270148782641,1749.3450887309466,842400.0,True,True,6.907218559226713e-06,0.8992165242165242,0,,,61305.95280003252,95781.10276188396,True,True,post_v181_one_drop_one_add_whole_loan_swap,post-v181 one-swap pricing only; not multi-swap or global proof,C,C,2,1,2,4,2,0,2019,2018,other,AZ
v63_source_repair_return_guarded_repair,incumbent_cvar_relaxed_source_lp,161131808,127582382,1000.0,1000.0,-200.73394359450347,-205.52183833714096,4.787894742637491,1743.0387133248014,842400.0,True,True,6.907218559226713e-06,0.8992165242165242,0,,,61247.96874585401,95702.77082763442,True,True,post_v181_one_drop_one_add_whole_loan_swap,post-v181 one-swap pricing only; not multi-swap or global proof,C,D,2,2,2,3,2,0,2019,2018,other,CA
v63_source_repair_return_guarded_repair,incumbent_cvar_relaxed_source_lp,161131808,126820122,1000.0,1000.0,-200.73394359450347,-201.89545162414464,1.161508029641169,1739.4123266118052,842400.0,True,True,6.907218559226713e-06,0.8992165242165242,0,,,61291.263242034795,95764.83426578253,True,True,post_v181_one_drop_one_add_whole_loan_swap,post-v181 one-swap pricing only; not multi-swap or global proof,C,C,2,1,2,0,2,1,2019,2018,other,other
v63_source_repair_return_guarded_repair,incumbent_cvar_relaxed_source_lp,161131808,126652025,1000.0,1000.0,-200.73394359450347,-206.92821374328602,6.19427014878255,1744.4450887309465,842400.0,True,True,6.907218559226713e-06,0.8992165242165242,0,,,61305.95280003252,95781.10276188396,True,True,post_v181_one_drop_one_add_whole_loan_swap,post-v181 one-swap pricing only; not multi-swap or global proof,C,C,2,1,2,3,2,1,2019,2018,other,FL
v63_source_repair_return_guarded_repair,incumbent_cvar_relaxed_source_lp,161302636,127011905,1650.0,1500.0,-277.5585798885046,-310.3923206149292,32.833740726424594,1771.0845593085885,842550.0,True,True,0.0001587904244897409,0.8990564358198326,0,,,61222.50418820111,95735.64184731593,True,True,post_v181_one_drop_one_add_whole_loan_swap,post-v181 one-swap pricing only; not multi-swap or global proof,B,C,1,1,2,2,0,2,2019,2018,other,other
v63_source_repair_return_guarded_repair,incumbent_cvar_relaxed_source_lp,159079407,168803640,1400.0,1500.0,-29.962255599626843,-30.498264963412808,0.5360093637859649,1738.7868279459499,842300.0,True,True,2.4344240082352364e-05,0.8993232814911551,0,,,61236.35674485307,95669.98552450912,True,True,post_v181_one_drop_one_add_whole_loan_swap,post-v181 one-swap pricing only; not multi-swap or global proof,A,A,1,1,0,3,0,3,2019,2020,NY,IL
v63_source_repair_return_guarded_repair,incumbent_cvar_relaxed_source_lp,160400299,127672145,1000.0,1000.0,-190.1364102192376,-196.20083323856994,6.064423019332338,1744.3152416014962,842400.0,True,True,6.907218559226713e-06,0.8992165242165242,0,,,61348.625001532215,95885.66348661369,True,True,post_v181_one_drop_one_add_whole_loan_swap,post-v181 one-swap pricing only; not multi-swap or global proof,D,C,2,1,1,0,4,2,2019,2018,other,other
v63_source_repair_return_guarded_repair,incumbent_cvar_relaxed_source_lp,160400299,127475725,1000.0,1000.0,-190.1364102192376,-211.8282137432861,21.69180352404851,1759.9426221062124,842400.0,True,True,6.907218559226713e-06,0.8992165242165242,0,,,61322.732520568024,95853.56146835639,True,True,post_v181_one_drop_one_add_whole_loan_swap,post-v181 one-swap pricing only; not multi-swap or global proof,D,C,2,1,1,4,4,0,2019,2018,other,AZ
v63_source_repair_return_guarded_repair,incumbent_cvar_relaxed_source_lp,160400299,127582382,1000.0,1000.0,-190.1364102192376,-205.52183833714096,15.38542811790336,1753.6362467000672,842400.0,True,True,6.907218559226713e-06,0.8992165242165242,0,,,61264.74846638953,95775.22953410688,True,True,post_v181_one_drop_one_add_whole_loan_swap,post-v181 one-swap pricing only; not multi-swap or global proof,D,D,2,2,1,3,4,0,2019,2018,other,CA
v63_source_repair_return_guarded_repair,incumbent_cvar_relaxed_source_lp,160400299,126820122,1000.0,1000.0,-190.1364102192376,-201.89545162414464,11.759041404907038,1750.009859987071,842400.0,True,True,6.907218559226713e-06,0.8992165242165242,0,,,61308.0429625703,95837.29297225497,True,True,post_v181_one_drop_one_add_whole_loan_swap,post-v181 one-swap pricing only; not multi-swap or global proof,D,C,2,1,1,0,4,1,2019,2018,other,other
v63_source_repair_return_guarded_repair,incumbent_cvar_relaxed_source_lp,160400299,126652025,1000.0,1000.0,-190.1364102192376,-206.92821374328602,16.79180352404842,1755.0426221062123,842400.0,True,True,6.907218559226713e-06,0.8992165242165242,0,,,61322.732520568024,95853.56146835639,True,True,post_v181_one_drop_one_add_whole_loan_swap,post-v181 one-swap pricing only; not multi-swap or global proof,D,C,2,1,1,3,4,1,2019,2018,other,FL
v63_source_repair_return_guarded_repair,incumbent_cvar_relaxed_source_lp,160400299,126419064,1000.0,1000.0,-190.1364102192376,-198.85427993768698,8.717869718449379,1746.9686883006134,842400.0,True,True,6.907218559226713e-06,0.8992165242165242,0,,,61281.436439139936,95794.62456619434,True,True,post_v181_one_drop_one_add_whole_loan_swap,post-v181 one-swap pricing only; not multi-swap or global proof,D,D,2,2,1,4,4,1,2019,2018,other,other
v63_source_repair_return_guarded_repair,incumbent_cvar_relaxed_source_lp,159759852,126760355,1600.0,1500.0,-246.66666357534172,-250.40002765814089,3.73336408279917,1741.984182664963,842500.0,True,True,0.00010816869840624133,0.8992284866468843,0,,,61294.07769169754,95848.55536540931,True,True,post_v181_one_drop_one_add_whole_loan_swap,post-v181 one-swap pricing only; not multi-swap or global proof,B,B,0,0,3,1,0,0,2019,2018,TX,IL
v63_source_repair_return_guarded_repair,incumbent_cvar_relaxed_source_lp,159910290,127874931,1000.0,1000.0,-161.13672038679763,-186.9469746106631,25.810254223865456,1764.0610728060294,842400.0,True,True,6.907218559226713e-06,0.8992165242165242,0,,,61247.44858014696,95741.76130954461,True,True,post_v181_one_drop_one_add_whole_loan_swap,post-v181 one-swap pricing only; not multi-swap or global proof,B,B,0,0,0,0,0,0,2019,2018,other,MN
v63_source_repair_return_guarded_repair,incumbent_cvar_relaxed_source_lp,159910290,126733849,1000.0,1000.0,-161.13672038679763,-186.9469746106631,25.810254223865456,1764.0610728060294,842400.0,True,True,6.907218559226713e-06,0.8992165242165242,0,,,61247.44858014696,95741.76130954461,True,True,post_v181_one_drop_one_add_whole_loan_swap,post-v181 one-swap pricing only; not multi-swap or global proof,B,B,0,0,0,4,0,3,2019,2018,other,NJ
v63_source_repair_return_guarded_repair,incumbent_cvar_relaxed_source_lp,159910290,126468092,1000.0,1000.0,-161.13672038679763,-169.50590883596908,8.369188449171446,1746.6200070313353,842400.0,True,True,6.907218559226713e-06,0.8992165242165242,0,,,61270.352802704336,95772.99471151733,True,True,post_v181_one_drop_one_add_whole_loan_swap,post-v181 one-swap pricing only; not multi-swap or global proof,B,B,0,0,0,1,0,2,2019,2018,other,other
v63_source_repair_return_guarded_repair,incumbent_cvar_relaxed_source_lp,159599612,127874931,1000.0,1000.0,-182.1403341611855,-186.9469746106631,4.806640449477584,1743.0574590316414,842400.0,True,True,6.907218559226713e-06,0.8992165242165242,0,,,61268.97636139147,95768.96303758709,True,True,post_v181_one_drop_one_add_whole_loan_swap,post-v181 one-swap pricing only; not multi-swap or global proof,B,B,0,0,0,0,2,0,2019,2018,other,MN
v63_source_repair_return_guarded_repair,incumbent_cvar_relaxed_source_lp,159599612,126733849,1000.0,1000.0,-182.1403341611855,-186.9469746106631,4.806640449477584,1743.0574590316414,842400.0,True,True,6.907218559226713e-06,0.8992165242165242,0,,,61268.97636139147,95768.96303758709,True,True,post_v181_one_drop_one_add_whole_loan_swap,post-v181 one-swap pricing only; not multi-swap or global proof,B,B,0,0,0,4,2,3,2019,2018,other,NJ
v63_source_repair_return_guarded_repair,incumbent_cvar_relaxed_source_lp,166250976,127011905,1500.0,1500.0,-309.05270116750563,-310.3923206149292,1.3396194474235585,1739.5904380295874,842400.0,True,True,6.907218559226713e-06,0.8992165242165242,0,,,61449.09448301098,95906.70600035574,True,True,post_v181_one_drop_one_add_whole_loan_swap,post-v181 one-swap pricing only; not multi-swap or global proof,D,C,3,1,3,2,3,2,2020,2018,other,other
v63_source_repair_return_guarded_repair,incumbent_cvar_relaxed_source_lp,164456389,127392982,3000.0,2500.0,-386.4700038281736,-393.1671599090251,6.697156080851471,1744.9479746630154,842900.0,True,True,0.0005129743485339233,0.8957171669237157,0,,,61873.71537238202,96639.75291809926,True,True,post_v181_one_drop_one_add_whole_loan_swap,post-v181 one-swap pricing only; not multi-swap or global proof,D,B,2,0,4,1,2,3,2020,2018,CA,CA
v63_source_repair_return_guarded_repair,incumbent_cvar_relaxed_source_lp,164297639,127672145,1000.0,1000.0,-191.36724765437984,-196.20083323856994,4.833585584190104,1743.084404166354,842400.0,True,True,6.907218559226713e-06,0.8992165242165242,0,,,61287.035161625274,95775.17384850352,True,True,post_v181_one_drop_one_add_whole_loan_swap,post-v181 one-swap pricing only; not multi-swap or global proof,C,C,1,1,3,0,2,2,2020,2018,CA,other
v63_source_repair_return_guarded_repair,incumbent_cvar_relaxed_source_lp,164297639,127475725,1000.0,1000.0,-191.36724765437984,-211.8282137432861,20.460966088906275,1758.7117846710703,842400.0,True,True,6.907218559226713e-06,0.8992165242165242,0,,,61261.14268066108,95743.07183024623,True,True,post_v181_one_drop_one_add_whole_loan_swap,post-v181 one-swap pricing only; not multi-swap or global proof,C,C,1,1,3,4,2,0,2020,2018,CA,AZ
v63_source_repair_return_guarded_repair,incumbent_cvar_relaxed_source_lp,164297639,127582382,1000.0,1000.0,-191.36724765437984,-205.52183833714096,14.154590682761125,1752.405409264925,842400.0,True,True,6.907218559226713e-06,0.8992165242165242,0,,,61203.15862648258,95664.73989599671,True,True,post_v181_one_drop_one_add_whole_loan_swap,post-v181 one-swap pricing only; not multi-swap or global proof,C,D,1,2,3,3,2,0,2020,2018,CA,CA
v63_source_repair_return_guarded_repair,incumbent_cvar_relaxed_source_lp,164297639,126820122,1000.0,1000.0,-191.36724765437984,-201.89545162414464,10.528203969764803,1748.7790225519286,842400.0,True,True,6.907218559226713e-06,0.8992165242165242,0,,,61246.45312266334,95726.8033341448,True,True,post_v181_one_drop_one_add_whole_loan_swap,post-v181 one-swap pricing only; not multi-swap or global proof,C,C,1,1,3,0,2,1,2020,2018,CA,other
v63_source_repair_return_guarded_repair,incumbent_cvar_relaxed_source_lp,164297639,126652025,1000.0,1000.0,-191.36724765437984,-206.92821374328602,15.560966088906184,1753.8117846710702,842400.0,True,True,6.907218559226713e-06,0.8992165242165242,0,,,61261.14268066108,95743.07183024623,True,True,post_v181_one_drop_one_add_whole_loan_swap,post-v181 one-swap pricing only; not multi-swap or global proof,C,C,1,1,3,3,2,1,2020,2018,CA,FL
v63_source_repair_return_guarded_repair,incumbent_cvar_relaxed_source_lp,164297639,126419064,1000.0,1000.0,-191.36724765437984,-198.85427993768698,7.487032283307144,1745.737850865471,842400.0,True,True,6.907218559226713e-06,0.8992165242165242,0,,,61219.846599232995,95684.13492808415,True,True,post_v181_one_drop_one_add_whole_loan_swap,post-v181 one-swap pricing only; not multi-swap or global proof,C,D,1,2,3,4,2,1,2020,2018,CA,other
