path,kind,version,action,reason,retained_replacement
reports/paper_material/paper4/notes/paper4_v364_goal_prompt.md,note_md,364,delete,generated Paper 4 loop artifact retired; not read by Quarto after closure,paper4_deep_cleanup_manifest_2026-05-18.csv; Paper 4 Quarto chapters; v467-v478 curated export artifacts
reports/paper_material/paper4/notes/paper4_v368_publishable_claim_scope_update.md,note_md,368,delete,generated Paper 4 loop artifact retired; not read by Quarto after closure,paper4_deep_cleanup_manifest_2026-05-18.csv; Paper 4 Quarto chapters; v467-v478 curated export artifacts
reports/paper_material/paper4/notes/paper4_v370_goal_prompt.md,note_md,370,delete,generated Paper 4 loop artifact retired; not read by Quarto after closure,paper4_deep_cleanup_manifest_2026-05-18.csv; Paper 4 Quarto chapters; v467-v478 curated export artifacts
reports/paper_material/paper4/notes/paper4_v374_paper4_claim_language_section_draft.md,note_md,374,delete,generated Paper 4 loop artifact retired; not read by Quarto after closure,paper4_deep_cleanup_manifest_2026-05-18.csv; Paper 4 Quarto chapters; v467-v478 curated export artifacts
reports/paper_material/paper4/notes/paper4_v376_publication_integration_patch.md,note_md,376,delete,generated Paper 4 loop artifact retired; not read by Quarto after closure,paper4_deep_cleanup_manifest_2026-05-18.csv; Paper 4 Quarto chapters; v467-v478 curated export artifacts
reports/paper_material/paper4/notes/paper4_v380_manuscript_section_scaffold.md,note_md,380,delete,generated Paper 4 loop artifact retired; not read by Quarto after closure,paper4_deep_cleanup_manifest_2026-05-18.csv; Paper 4 Quarto chapters; v467-v478 curated export artifacts
reports/paper_material/paper4/notes/paper4_v381_verified_literature_source_log.md,note_md,381,delete,generated Paper 4 loop artifact retired; not read by Quarto after closure,paper4_deep_cleanup_manifest_2026-05-18.csv; Paper 4 Quarto chapters; v467-v478 curated export artifacts
reports/paper_material/paper4/notes/paper4_v382_global_solver_scope_decision.md,note_md,382,delete,generated Paper 4 loop artifact retired; not read by Quarto after closure,paper4_deep_cleanup_manifest_2026-05-18.csv; Paper 4 Quarto chapters; v467-v478 curated export artifacts
reports/paper_material/paper4/notes/paper4_v383_source_governance_audit_plan.md,note_md,383,delete,generated Paper 4 loop artifact retired; not read by Quarto after closure,paper4_deep_cleanup_manifest_2026-05-18.csv; Paper 4 Quarto chapters; v467-v478 curated export artifacts
reports/paper_material/paper4/notes/paper4_v384_formal_spo_dla_review_packet.md,note_md,384,delete,generated Paper 4 loop artifact retired; not read by Quarto after closure,paper4_deep_cleanup_manifest_2026-05-18.csv; Paper 4 Quarto chapters; v467-v478 curated export artifacts
reports/paper_material/paper4/notes/paper4_v385_validation_gap_triage.md,note_md,385,delete,generated Paper 4 loop artifact retired; not read by Quarto after closure,paper4_deep_cleanup_manifest_2026-05-18.csv; Paper 4 Quarto chapters; v467-v478 curated export artifacts
reports/paper_material/paper4/notes/paper4_v386_quarto_registration_gap_decision.md,note_md,386,delete,generated Paper 4 loop artifact retired; not read by Quarto after closure,paper4_deep_cleanup_manifest_2026-05-18.csv; Paper 4 Quarto chapters; v467-v478 curated export artifacts
reports/paper_material/paper4/notes/paper4_v387_quarto_archive_guardrail_patch.md,note_md,387,delete,generated Paper 4 loop artifact retired; not read by Quarto after closure,paper4_deep_cleanup_manifest_2026-05-18.csv; Paper 4 Quarto chapters; v467-v478 curated export artifacts
reports/paper_material/paper4/notes/paper4_v388_full_regression_probe_plan.md,note_md,388,delete,generated Paper 4 loop artifact retired; not read by Quarto after closure,paper4_deep_cleanup_manifest_2026-05-18.csv; Paper 4 Quarto chapters; v467-v478 curated export artifacts
reports/paper_material/paper4/notes/paper4_v389_full_repository_pytest_probe.md,note_md,389,delete,generated Paper 4 loop artifact retired; not read by Quarto after closure,paper4_deep_cleanup_manifest_2026-05-18.csv; Paper 4 Quarto chapters; v467-v478 curated export artifacts
reports/paper_material/paper4/notes/paper4_v390_repository_lint_frontier.md,note_md,390,delete,generated Paper 4 loop artifact retired; not read by Quarto after closure,paper4_deep_cleanup_manifest_2026-05-18.csv; Paper 4 Quarto chapters; v467-v478 curated export artifacts
reports/paper_material/paper4/notes/paper4_v391_targeted_lint_repair_batch.md,note_md,391,delete,generated Paper 4 loop artifact retired; not read by Quarto after closure,paper4_deep_cleanup_manifest_2026-05-18.csv; Paper 4 Quarto chapters; v467-v478 curated export artifacts
reports/paper_material/paper4/notes/paper4_v392_notebook_lint_policy.md,note_md,392,delete,generated Paper 4 loop artifact retired; not read by Quarto after closure,paper4_deep_cleanup_manifest_2026-05-18.csv; Paper 4 Quarto chapters; v467-v478 curated export artifacts
reports/paper_material/paper4/notes/paper4_v393_notebook_lint_dry_run_manifest.md,note_md,393,delete,generated Paper 4 loop artifact retired; not read by Quarto after closure,paper4_deep_cleanup_manifest_2026-05-18.csv; Paper 4 Quarto chapters; v467-v478 curated export artifacts
reports/paper_material/paper4/notes/paper4_v394_notebook_safe_fix_roundtrip_batch.md,note_md,394,delete,generated Paper 4 loop artifact retired; not read by Quarto after closure,paper4_deep_cleanup_manifest_2026-05-18.csv; Paper 4 Quarto chapters; v467-v478 curated export artifacts
reports/paper_material/paper4/notes/paper4_v395_notebook_unsafe_fix_review.md,note_md,395,delete,generated Paper 4 loop artifact retired; not read by Quarto after closure,paper4_deep_cleanup_manifest_2026-05-18.csv; Paper 4 Quarto chapters; v467-v478 curated export artifacts
reports/paper_material/paper4/notes/paper4_v396_notebook_unsafe_fix_roundtrip_application.md,note_md,396,delete,generated Paper 4 loop artifact retired; not read by Quarto after closure,paper4_deep_cleanup_manifest_2026-05-18.csv; Paper 4 Quarto chapters; v467-v478 curated export artifacts
reports/paper_material/paper4/notes/paper4_v397_notebook_import_side_effect_and_sim115_patch.md,note_md,397,delete,generated Paper 4 loop artifact retired; not read by Quarto after closure,paper4_deep_cleanup_manifest_2026-05-18.csv; Paper 4 Quarto chapters; v467-v478 curated export artifacts
reports/paper_material/paper4/notes/paper4_v398_notebook_historical_e402_policy.md,note_md,398,delete,generated Paper 4 loop artifact retired; not read by Quarto after closure,paper4_deep_cleanup_manifest_2026-05-18.csv; Paper 4 Quarto chapters; v467-v478 curated export artifacts
reports/paper_material/paper4/notes/paper4_v399_notebook_e402_cell_refactor_plan.md,note_md,399,delete,generated Paper 4 loop artifact retired; not read by Quarto after closure,paper4_deep_cleanup_manifest_2026-05-18.csv; Paper 4 Quarto chapters; v467-v478 curated export artifacts
reports/paper_material/paper4/notes/paper4_v39_v40_documentation_cleanup.md,note_md,39,delete,generated Paper 4 loop artifact retired; not read by Quarto after closure,paper4_deep_cleanup_manifest_2026-05-18.csv; Paper 4 Quarto chapters; v467-v478 curated export artifacts
reports/paper_material/paper4/notes/paper4_v400_notebook_e402_local_import_hoist_batch.md,note_md,400,delete,generated Paper 4 loop artifact retired; not read by Quarto after closure,paper4_deep_cleanup_manifest_2026-05-18.csv; Paper 4 Quarto chapters; v467-v478 curated export artifacts
reports/paper_material/paper4/notes/paper4_v401_notebook_e402_setup_warning_refactor_plan.md,note_md,401,delete,generated Paper 4 loop artifact retired; not read by Quarto after closure,paper4_deep_cleanup_manifest_2026-05-18.csv; Paper 4 Quarto chapters; v467-v478 curated export artifacts
reports/paper_material/paper4/notes/paper4_v402_notebook_warning_filter_only_reorder_batch.md,note_md,402,delete,generated Paper 4 loop artifact retired; not read by Quarto after closure,paper4_deep_cleanup_manifest_2026-05-18.csv; Paper 4 Quarto chapters; v467-v478 curated export artifacts
reports/paper_material/paper4/notes/paper4_v403_post_notebook_mutation_pytest_probe.md,note_md,403,delete,generated Paper 4 loop artifact retired; not read by Quarto after closure,paper4_deep_cleanup_manifest_2026-05-18.csv; Paper 4 Quarto chapters; v467-v478 curated export artifacts
reports/paper_material/paper4/notes/paper4_v404_notebook_sys_path_project_import_refactor_plan.md,note_md,404,delete,generated Paper 4 loop artifact retired; not read by Quarto after closure,paper4_deep_cleanup_manifest_2026-05-18.csv; Paper 4 Quarto chapters; v467-v478 curated export artifacts
reports/paper_material/paper4/notes/paper4_v405_notebook_sys_path_project_import_refactor_batch.md,note_md,405,delete,generated Paper 4 loop artifact retired; not read by Quarto after closure,paper4_deep_cleanup_manifest_2026-05-18.csv; Paper 4 Quarto chapters; v467-v478 curated export artifacts
reports/paper_material/paper4/notes/paper4_v406_post_sys_path_refactor_pytest_probe.md,note_md,406,delete,generated Paper 4 loop artifact retired; not read by Quarto after closure,paper4_deep_cleanup_manifest_2026-05-18.csv; Paper 4 Quarto chapters; v467-v478 curated export artifacts
reports/paper_material/paper4/notes/paper4_v407_notebook_non_e402_lint_triage.md,note_md,407,delete,generated Paper 4 loop artifact retired; not read by Quarto after closure,paper4_deep_cleanup_manifest_2026-05-18.csv; Paper 4 Quarto chapters; v467-v478 curated export artifacts
reports/paper_material/paper4/notes/paper4_v408_notebook_b007_loop_var_patch.md,note_md,408,delete,generated Paper 4 loop artifact retired; not read by Quarto after closure,paper4_deep_cleanup_manifest_2026-05-18.csv; Paper 4 Quarto chapters; v467-v478 curated export artifacts
reports/paper_material/paper4/notes/paper4_v409_notebook_b018_display_review.md,note_md,409,delete,generated Paper 4 loop artifact retired; not read by Quarto after closure,paper4_deep_cleanup_manifest_2026-05-18.csv; Paper 4 Quarto chapters; v467-v478 curated export artifacts
reports/paper_material/paper4/notes/paper4_v410_notebook_b018_fig_show_patch.md,note_md,410,delete,generated Paper 4 loop artifact retired; not read by Quarto after closure,paper4_deep_cleanup_manifest_2026-05-18.csv; Paper 4 Quarto chapters; v467-v478 curated export artifacts
reports/paper_material/paper4/notes/paper4_v411_notebook_b018_post_patch_pytest_probe.md,note_md,411,delete,generated Paper 4 loop artifact retired; not read by Quarto after closure,paper4_deep_cleanup_manifest_2026-05-18.csv; Paper 4 Quarto chapters; v467-v478 curated export artifacts
reports/paper_material/paper4/notes/paper4_v412_notebook_f821_execution_context_audit.md,note_md,412,delete,generated Paper 4 loop artifact retired; not read by Quarto after closure,paper4_deep_cleanup_manifest_2026-05-18.csv; Paper 4 Quarto chapters; v467-v478 curated export artifacts
reports/paper_material/paper4/notes/paper4_v413_notebook_f821_validation_target_patch.md,note_md,413,delete,generated Paper 4 loop artifact retired; not read by Quarto after closure,paper4_deep_cleanup_manifest_2026-05-18.csv; Paper 4 Quarto chapters; v467-v478 curated export artifacts
reports/paper_material/paper4/notes/paper4_v414_notebook_f821_post_patch_pytest_probe.md,note_md,414,delete,generated Paper 4 loop artifact retired; not read by Quarto after closure,paper4_deep_cleanup_manifest_2026-05-18.csv; Paper 4 Quarto chapters; v467-v478 curated export artifacts
reports/paper_material/paper4/notes/paper4_v415_notebook_remaining_style_lint_triage.md,note_md,415,delete,generated Paper 4 loop artifact retired; not read by Quarto after closure,paper4_deep_cleanup_manifest_2026-05-18.csv; Paper 4 Quarto chapters; v467-v478 curated export artifacts
reports/paper_material/paper4/notes/paper4_v416_notebook_e741_comprehension_var_patch.md,note_md,416,delete,generated Paper 4 loop artifact retired; not read by Quarto after closure,paper4_deep_cleanup_manifest_2026-05-18.csv; Paper 4 Quarto chapters; v467-v478 curated export artifacts
reports/paper_material/paper4/notes/paper4_v417_notebook_sim108_conditional_expr_review.md,note_md,417,delete,generated Paper 4 loop artifact retired; not read by Quarto after closure,paper4_deep_cleanup_manifest_2026-05-18.csv; Paper 4 Quarto chapters; v467-v478 curated export artifacts
reports/paper_material/paper4/notes/paper4_v418_notebook_sim108_conditional_expr_patch.md,note_md,418,delete,generated Paper 4 loop artifact retired; not read by Quarto after closure,paper4_deep_cleanup_manifest_2026-05-18.csv; Paper 4 Quarto chapters; v467-v478 curated export artifacts
reports/paper_material/paper4/notes/paper4_v419_notebook_sim108_post_patch_pytest_probe.md,note_md,419,delete,generated Paper 4 loop artifact retired; not read by Quarto after closure,paper4_deep_cleanup_manifest_2026-05-18.csv; Paper 4 Quarto chapters; v467-v478 curated export artifacts
reports/paper_material/paper4/notes/paper4_v420_notebook_gpu_style_lint_triage.md,note_md,420,delete,generated Paper 4 loop artifact retired; not read by Quarto after closure,paper4_deep_cleanup_manifest_2026-05-18.csv; Paper 4 Quarto chapters; v467-v478 curated export artifacts
reports/paper_material/paper4/notes/paper4_v421_notebook_gpu_style_lint_patch.md,note_md,421,delete,generated Paper 4 loop artifact retired; not read by Quarto after closure,paper4_deep_cleanup_manifest_2026-05-18.csv; Paper 4 Quarto chapters; v467-v478 curated export artifacts
reports/paper_material/paper4/notes/paper4_v422_notebook_gpu_style_post_patch_pytest_probe.md,note_md,422,delete,generated Paper 4 loop artifact retired; not read by Quarto after closure,paper4_deep_cleanup_manifest_2026-05-18.csv; Paper 4 Quarto chapters; v467-v478 curated export artifacts
reports/paper_material/paper4/notes/paper4_v423_repository_ruff_frontier_after_notebook_clean.md,note_md,423,delete,generated Paper 4 loop artifact retired; not read by Quarto after closure,paper4_deep_cleanup_manifest_2026-05-18.csv; Paper 4 Quarto chapters; v467-v478 curated export artifacts
reports/paper_material/paper4/notes/paper4_v424_targeted_repo_ruff_repair_batch.md,note_md,424,delete,generated Paper 4 loop artifact retired; not read by Quarto after closure,paper4_deep_cleanup_manifest_2026-05-18.csv; Paper 4 Quarto chapters; v467-v478 curated export artifacts
reports/paper_material/paper4/notes/paper4_v425_post_streamlit_ruff_repair_pytest_probe.md,note_md,425,delete,generated Paper 4 loop artifact retired; not read by Quarto after closure,paper4_deep_cleanup_manifest_2026-05-18.csv; Paper 4 Quarto chapters; v467-v478 curated export artifacts
reports/paper_material/paper4/notes/paper4_v426_targeted_scripts_ruff_repair_batch.md,note_md,426,delete,generated Paper 4 loop artifact retired; not read by Quarto after closure,paper4_deep_cleanup_manifest_2026-05-18.csv; Paper 4 Quarto chapters; v467-v478 curated export artifacts
reports/paper_material/paper4/notes/paper4_v427_post_scripts_ruff_repair_pytest_probe.md,note_md,427,delete,generated Paper 4 loop artifact retired; not read by Quarto after closure,paper4_deep_cleanup_manifest_2026-05-18.csv; Paper 4 Quarto chapters; v467-v478 curated export artifacts
reports/paper_material/paper4/notes/paper4_v428_streamlit_b905_c408_repair_batch.md,note_md,428,delete,generated Paper 4 loop artifact retired; not read by Quarto after closure,paper4_deep_cleanup_manifest_2026-05-18.csv; Paper 4 Quarto chapters; v467-v478 curated export artifacts
reports/paper_material/paper4/notes/paper4_v429_post_streamlit_b905_c408_repair_pytest_probe.md,note_md,429,delete,generated Paper 4 loop artifact retired; not read by Quarto after closure,paper4_deep_cleanup_manifest_2026-05-18.csv; Paper 4 Quarto chapters; v467-v478 curated export artifacts
reports/paper_material/paper4/notes/paper4_v430_scripts_b007_loop_variable_repair_batch.md,note_md,430,delete,generated Paper 4 loop artifact retired; not read by Quarto after closure,paper4_deep_cleanup_manifest_2026-05-18.csv; Paper 4 Quarto chapters; v467-v478 curated export artifacts
reports/paper_material/paper4/notes/paper4_v431_post_scripts_b007_repair_pytest_probe.md,note_md,431,delete,generated Paper 4 loop artifact retired; not read by Quarto after closure,paper4_deep_cleanup_manifest_2026-05-18.csv; Paper 4 Quarto chapters; v467-v478 curated export artifacts
reports/paper_material/paper4/notes/paper4_v432_scripts_f841_unused_variable_repair_batch.md,note_md,432,delete,generated Paper 4 loop artifact retired; not read by Quarto after closure,paper4_deep_cleanup_manifest_2026-05-18.csv; Paper 4 Quarto chapters; v467-v478 curated export artifacts
reports/paper_material/paper4/notes/paper4_v433_post_scripts_f841_repair_pytest_probe.md,note_md,433,delete,generated Paper 4 loop artifact retired; not read by Quarto after closure,paper4_deep_cleanup_manifest_2026-05-18.csv; Paper 4 Quarto chapters; v467-v478 curated export artifacts
reports/paper_material/paper4/notes/paper4_v434_scripts_i001_import_sort_repair_batch.md,note_md,434,delete,generated Paper 4 loop artifact retired; not read by Quarto after closure,paper4_deep_cleanup_manifest_2026-05-18.csv; Paper 4 Quarto chapters; v467-v478 curated export artifacts
reports/paper_material/paper4/notes/paper4_v435_post_scripts_i001_repair_pytest_probe.md,note_md,435,delete,generated Paper 4 loop artifact retired; not read by Quarto after closure,paper4_deep_cleanup_manifest_2026-05-18.csv; Paper 4 Quarto chapters; v467-v478 curated export artifacts
reports/paper_material/paper4/notes/paper4_v436_scripts_book_f401_unused_import_repair_batch.md,note_md,436,delete,generated Paper 4 loop artifact retired; not read by Quarto after closure,paper4_deep_cleanup_manifest_2026-05-18.csv; Paper 4 Quarto chapters; v467-v478 curated export artifacts
reports/paper_material/paper4/notes/paper4_v437_post_scripts_f401_repair_pytest_probe.md,note_md,437,delete,generated Paper 4 loop artifact retired; not read by Quarto after closure,paper4_deep_cleanup_manifest_2026-05-18.csv; Paper 4 Quarto chapters; v467-v478 curated export artifacts
reports/paper_material/paper4/notes/paper4_v438_scripts_up022_capture_output_repair_batch.md,note_md,438,delete,generated Paper 4 loop artifact retired; not read by Quarto after closure,paper4_deep_cleanup_manifest_2026-05-18.csv; Paper 4 Quarto chapters; v467-v478 curated export artifacts
reports/paper_material/paper4/notes/paper4_v439_post_scripts_up022_repair_pytest_probe.md,note_md,439,delete,generated Paper 4 loop artifact retired; not read by Quarto after closure,paper4_deep_cleanup_manifest_2026-05-18.csv; Paper 4 Quarto chapters; v467-v478 curated export artifacts
reports/paper_material/paper4/notes/paper4_v440_scripts_sim108_conditional_expr_repair_batch.md,note_md,440,delete,generated Paper 4 loop artifact retired; not read by Quarto after closure,paper4_deep_cleanup_manifest_2026-05-18.csv; Paper 4 Quarto chapters; v467-v478 curated export artifacts
reports/paper_material/paper4/notes/paper4_v441_post_scripts_sim108_repair_pytest_probe.md,note_md,441,delete,generated Paper 4 loop artifact retired; not read by Quarto after closure,paper4_deep_cleanup_manifest_2026-05-18.csv; Paper 4 Quarto chapters; v467-v478 curated export artifacts
reports/paper_material/paper4/notes/paper4_v442_scripts_c405_set_literal_repair_batch.md,note_md,442,delete,generated Paper 4 loop artifact retired; not read by Quarto after closure,paper4_deep_cleanup_manifest_2026-05-18.csv; Paper 4 Quarto chapters; v467-v478 curated export artifacts
reports/paper_material/paper4/notes/paper4_v443_post_scripts_c405_repair_pytest_probe.md,note_md,443,delete,generated Paper 4 loop artifact retired; not read by Quarto after closure,paper4_deep_cleanup_manifest_2026-05-18.csv; Paper 4 Quarto chapters; v467-v478 curated export artifacts
reports/paper_material/paper4/notes/paper4_v444_scripts_sim223_expr_and_false_repair_batch.md,note_md,444,delete,generated Paper 4 loop artifact retired; not read by Quarto after closure,paper4_deep_cleanup_manifest_2026-05-18.csv; Paper 4 Quarto chapters; v467-v478 curated export artifacts
reports/paper_material/paper4/notes/paper4_v445_post_scripts_sim223_repair_pytest_probe.md,note_md,445,delete,generated Paper 4 loop artifact retired; not read by Quarto after closure,paper4_deep_cleanup_manifest_2026-05-18.csv; Paper 4 Quarto chapters; v467-v478 curated export artifacts
reports/paper_material/paper4/notes/paper4_v446_scripts_b023_loop_binding_manual_repair_batch.md,note_md,446,delete,generated Paper 4 loop artifact retired; not read by Quarto after closure,paper4_deep_cleanup_manifest_2026-05-18.csv; Paper 4 Quarto chapters; v467-v478 curated export artifacts
reports/paper_material/paper4/notes/paper4_v447_post_scripts_b023_repair_pytest_probe.md,note_md,447,delete,generated Paper 4 loop artifact retired; not read by Quarto after closure,paper4_deep_cleanup_manifest_2026-05-18.csv; Paper 4 Quarto chapters; v467-v478 curated export artifacts
reports/paper_material/paper4/notes/paper4_v448_quarto_render_probe.md,note_md,448,delete,generated Paper 4 loop artifact retired; not read by Quarto after closure,paper4_deep_cleanup_manifest_2026-05-18.csv; Paper 4 Quarto chapters; v467-v478 curated export artifacts
reports/paper_material/paper4/notes/paper4_v449_full_book_render_probe.md,note_md,449,delete,generated Paper 4 loop artifact retired; not read by Quarto after closure,paper4_deep_cleanup_manifest_2026-05-18.csv; Paper 4 Quarto chapters; v467-v478 curated export artifacts
reports/paper_material/paper4/notes/paper4_v450_post_full_book_render_pytest_probe.md,note_md,450,delete,generated Paper 4 loop artifact retired; not read by Quarto after closure,paper4_deep_cleanup_manifest_2026-05-18.csv; Paper 4 Quarto chapters; v467-v478 curated export artifacts
reports/paper_material/paper4/notes/paper4_v451_release_readiness_synthesis.md,note_md,451,delete,generated Paper 4 loop artifact retired; not read by Quarto after closure,paper4_deep_cleanup_manifest_2026-05-18.csv; Paper 4 Quarto chapters; v467-v478 curated export artifacts
reports/paper_material/paper4/notes/paper4_v452_manuscript_extraction_scaffold.md,note_md,452,delete,generated Paper 4 loop artifact retired; not read by Quarto after closure,paper4_deep_cleanup_manifest_2026-05-18.csv; Paper 4 Quarto chapters; v467-v478 curated export artifacts
reports/paper_material/paper4/notes/paper4_v453_methods_results_draft.md,note_md,453,delete,generated Paper 4 loop artifact retired; not read by Quarto after closure,paper4_deep_cleanup_manifest_2026-05-18.csv; Paper 4 Quarto chapters; v467-v478 curated export artifacts
reports/paper_material/paper4/notes/paper4_v454_discussion_limitations_draft.md,note_md,454,delete,generated Paper 4 loop artifact retired; not read by Quarto after closure,paper4_deep_cleanup_manifest_2026-05-18.csv; Paper 4 Quarto chapters; v467-v478 curated export artifacts
reports/paper_material/paper4/notes/paper4_v455_abstract_conclusion_draft.md,note_md,455,delete,generated Paper 4 loop artifact retired; not read by Quarto after closure,paper4_deep_cleanup_manifest_2026-05-18.csv; Paper 4 Quarto chapters; v467-v478 curated export artifacts
reports/paper_material/paper4/notes/paper4_v456_goal_prompt.md,note_md,456,delete,generated Paper 4 loop artifact retired; not read by Quarto after closure,paper4_deep_cleanup_manifest_2026-05-18.csv; Paper 4 Quarto chapters; v467-v478 curated export artifacts
reports/paper_material/paper4/notes/paper4_v456_manuscript_assembly_packet.md,note_md,456,delete,generated Paper 4 loop artifact retired; not read by Quarto after closure,paper4_deep_cleanup_manifest_2026-05-18.csv; Paper 4 Quarto chapters; v467-v478 curated export artifacts
reports/paper_material/paper4/notes/paper4_v457_post_assembly_pytest_probe.md,note_md,457,delete,generated Paper 4 loop artifact retired; not read by Quarto after closure,paper4_deep_cleanup_manifest_2026-05-18.csv; Paper 4 Quarto chapters; v467-v478 curated export artifacts
reports/paper_material/paper4/notes/paper4_v458_post_assembly_render_decision.md,note_md,458,delete,generated Paper 4 loop artifact retired; not read by Quarto after closure,paper4_deep_cleanup_manifest_2026-05-18.csv; Paper 4 Quarto chapters; v467-v478 curated export artifacts
reports/paper_material/paper4/notes/paper4_v459_target_venue_structure_packet.md,note_md,459,delete,generated Paper 4 loop artifact retired; not read by Quarto after closure,paper4_deep_cleanup_manifest_2026-05-18.csv; Paper 4 Quarto chapters; v467-v478 curated export artifacts
reports/paper_material/paper4/notes/paper4_v460_related_work_citation_gap_audit.md,note_md,460,delete,generated Paper 4 loop artifact retired; not read by Quarto after closure,paper4_deep_cleanup_manifest_2026-05-18.csv; Paper 4 Quarto chapters; v467-v478 curated export artifacts
reports/paper_material/paper4/notes/paper4_v461_bounded_related_work_draft.md,note_md,461,delete,generated Paper 4 loop artifact retired; not read by Quarto after closure,paper4_deep_cleanup_manifest_2026-05-18.csv; Paper 4 Quarto chapters; v467-v478 curated export artifacts
reports/paper_material/paper4/notes/paper4_v462_manuscript_readiness_delta.md,note_md,462,delete,generated Paper 4 loop artifact retired; not read by Quarto after closure,paper4_deep_cleanup_manifest_2026-05-18.csv; Paper 4 Quarto chapters; v467-v478 curated export artifacts
reports/paper_material/paper4/notes/paper4_v463_paper_specific_bibliography_plan.md,note_md,463,delete,generated Paper 4 loop artifact retired; not read by Quarto after closure,paper4_deep_cleanup_manifest_2026-05-18.csv; Paper 4 Quarto chapters; v467-v478 curated export artifacts
reports/paper_material/paper4/notes/paper4_v464_bibliography_subset_dry_run.md,note_md,464,delete,generated Paper 4 loop artifact retired; not read by Quarto after closure,paper4_deep_cleanup_manifest_2026-05-18.csv; Paper 4 Quarto chapters; v467-v478 curated export artifacts
reports/paper_material/paper4/notes/paper4_v465_citation_integration_dry_run.md,note_md,465,delete,generated Paper 4 loop artifact retired; not read by Quarto after closure,paper4_deep_cleanup_manifest_2026-05-18.csv; Paper 4 Quarto chapters; v467-v478 curated export artifacts
reports/paper_material/paper4/notes/paper4_v466_domain_execution_backlog_refocus.md,note_md,466,delete,generated Paper 4 loop artifact retired; not read by Quarto after closure,paper4_deep_cleanup_manifest_2026-05-18.csv; Paper 4 Quarto chapters; v467-v478 curated export artifacts
reports/paper_material/paper4/notes/paper4_v479_stub_claim_consistency_audit.md,note_md,479,delete,generated Paper 4 loop artifact retired; not read by Quarto after closure,paper4_deep_cleanup_manifest_2026-05-18.csv; Paper 4 Quarto chapters; v467-v478 curated export artifacts
reports/paper_material/paper4/notes/paper4_v480_controlled_quarto_insertion_plan.md,note_md,480,delete,generated Paper 4 loop artifact retired; not read by Quarto after closure,paper4_deep_cleanup_manifest_2026-05-18.csv; Paper 4 Quarto chapters; v467-v478 curated export artifacts
reports/paper_material/paper4/notes/paper4_v481_manual_quarto_patch_decision.md,note_md,481,delete,generated Paper 4 loop artifact retired; not read by Quarto after closure,paper4_deep_cleanup_manifest_2026-05-18.csv; Paper 4 Quarto chapters; v467-v478 curated export artifacts
reports/paper_material/paper4/notes/paper4_v482_post_plan_synthesis_packet.md,note_md,482,delete,generated Paper 4 loop artifact retired; not read by Quarto after closure,paper4_deep_cleanup_manifest_2026-05-18.csv; Paper 4 Quarto chapters; v467-v478 curated export artifacts
reports/paper_material/paper4/notes/paper4_v483_manual_review_packet.md,note_md,483,delete,generated Paper 4 loop artifact retired; not read by Quarto after closure,paper4_deep_cleanup_manifest_2026-05-18.csv; Paper 4 Quarto chapters; v467-v478 curated export artifacts
reports/paper_material/paper4/notes/paper4_v484_caption_hardening_dry_run.md,note_md,484,delete,generated Paper 4 loop artifact retired; not read by Quarto after closure,paper4_deep_cleanup_manifest_2026-05-18.csv; Paper 4 Quarto chapters; v467-v478 curated export artifacts
reports/paper_material/paper4/notes/paper4_v485_caption_consistency_audit.md,note_md,485,delete,generated Paper 4 loop artifact retired; not read by Quarto after closure,paper4_deep_cleanup_manifest_2026-05-18.csv; Paper 4 Quarto chapters; v467-v478 curated export artifacts
reports/paper_material/paper4/notes/paper4_v486_caption_review_decision_matrix.md,note_md,486,delete,generated Paper 4 loop artifact retired; not read by Quarto after closure,paper4_deep_cleanup_manifest_2026-05-18.csv; Paper 4 Quarto chapters; v467-v478 curated export artifacts
reports/paper_material/paper4/notes/paper4_v487_caption_asset_pairing_packet.md,note_md,487,delete,generated Paper 4 loop artifact retired; not read by Quarto after closure,paper4_deep_cleanup_manifest_2026-05-18.csv; Paper 4 Quarto chapters; v467-v478 curated export artifacts
reports/paper_material/paper4/notes/paper4_v488_layout_dry_run_packet.md,note_md,488,delete,generated Paper 4 loop artifact retired; not read by Quarto after closure,paper4_deep_cleanup_manifest_2026-05-18.csv; Paper 4 Quarto chapters; v467-v478 curated export artifacts
reports/paper_material/paper4/notes/paper4_v489_layout_consistency_audit.md,note_md,489,delete,generated Paper 4 loop artifact retired; not read by Quarto after closure,paper4_deep_cleanup_manifest_2026-05-18.csv; Paper 4 Quarto chapters; v467-v478 curated export artifacts
reports/paper_material/paper4/status/paper4_v100_status.json,status_json,100,delete,generated Paper 4 loop artifact retired; not read by Quarto after closure,paper4_deep_cleanup_manifest_2026-05-18.csv; Paper 4 Quarto chapters; v467-v478 curated export artifacts
reports/paper_material/paper4/status/paper4_v101_status.json,status_json,101,delete,generated Paper 4 loop artifact retired; not read by Quarto after closure,paper4_deep_cleanup_manifest_2026-05-18.csv; Paper 4 Quarto chapters; v467-v478 curated export artifacts
reports/paper_material/paper4/status/paper4_v102_status.json,status_json,102,delete,generated Paper 4 loop artifact retired; not read by Quarto after closure,paper4_deep_cleanup_manifest_2026-05-18.csv; Paper 4 Quarto chapters; v467-v478 curated export artifacts
reports/paper_material/paper4/status/paper4_v103_status.json,status_json,103,delete,generated Paper 4 loop artifact retired; not read by Quarto after closure,paper4_deep_cleanup_manifest_2026-05-18.csv; Paper 4 Quarto chapters; v467-v478 curated export artifacts
reports/paper_material/paper4/status/paper4_v104_status.json,status_json,104,delete,generated Paper 4 loop artifact retired; not read by Quarto after closure,paper4_deep_cleanup_manifest_2026-05-18.csv; Paper 4 Quarto chapters; v467-v478 curated export artifacts
reports/paper_material/paper4/status/paper4_v105_status.json,status_json,105,delete,generated Paper 4 loop artifact retired; not read by Quarto after closure,paper4_deep_cleanup_manifest_2026-05-18.csv; Paper 4 Quarto chapters; v467-v478 curated export artifacts
reports/paper_material/paper4/status/paper4_v106_status.json,status_json,106,delete,generated Paper 4 loop artifact retired; not read by Quarto after closure,paper4_deep_cleanup_manifest_2026-05-18.csv; Paper 4 Quarto chapters; v467-v478 curated export artifacts
reports/paper_material/paper4/status/paper4_v107_status.json,status_json,107,delete,generated Paper 4 loop artifact retired; not read by Quarto after closure,paper4_deep_cleanup_manifest_2026-05-18.csv; Paper 4 Quarto chapters; v467-v478 curated export artifacts
reports/paper_material/paper4/status/paper4_v108_status.json,status_json,108,delete,generated Paper 4 loop artifact retired; not read by Quarto after closure,paper4_deep_cleanup_manifest_2026-05-18.csv; Paper 4 Quarto chapters; v467-v478 curated export artifacts
reports/paper_material/paper4/status/paper4_v109_status.json,status_json,109,delete,generated Paper 4 loop artifact retired; not read by Quarto after closure,paper4_deep_cleanup_manifest_2026-05-18.csv; Paper 4 Quarto chapters; v467-v478 curated export artifacts
reports/paper_material/paper4/status/paper4_v110_status.json,status_json,110,delete,generated Paper 4 loop artifact retired; not read by Quarto after closure,paper4_deep_cleanup_manifest_2026-05-18.csv; Paper 4 Quarto chapters; v467-v478 curated export artifacts
reports/paper_material/paper4/status/paper4_v111_status.json,status_json,111,delete,generated Paper 4 loop artifact retired; not read by Quarto after closure,paper4_deep_cleanup_manifest_2026-05-18.csv; Paper 4 Quarto chapters; v467-v478 curated export artifacts
reports/paper_material/paper4/status/paper4_v112_status.json,status_json,112,delete,generated Paper 4 loop artifact retired; not read by Quarto after closure,paper4_deep_cleanup_manifest_2026-05-18.csv; Paper 4 Quarto chapters; v467-v478 curated export artifacts
reports/paper_material/paper4/status/paper4_v113_status.json,status_json,113,delete,generated Paper 4 loop artifact retired; not read by Quarto after closure,paper4_deep_cleanup_manifest_2026-05-18.csv; Paper 4 Quarto chapters; v467-v478 curated export artifacts
reports/paper_material/paper4/status/paper4_v114_status.json,status_json,114,delete,generated Paper 4 loop artifact retired; not read by Quarto after closure,paper4_deep_cleanup_manifest_2026-05-18.csv; Paper 4 Quarto chapters; v467-v478 curated export artifacts
reports/paper_material/paper4/status/paper4_v115_status.json,status_json,115,delete,generated Paper 4 loop artifact retired; not read by Quarto after closure,paper4_deep_cleanup_manifest_2026-05-18.csv; Paper 4 Quarto chapters; v467-v478 curated export artifacts
reports/paper_material/paper4/status/paper4_v116_status.json,status_json,116,delete,generated Paper 4 loop artifact retired; not read by Quarto after closure,paper4_deep_cleanup_manifest_2026-05-18.csv; Paper 4 Quarto chapters; v467-v478 curated export artifacts
reports/paper_material/paper4/status/paper4_v117_status.json,status_json,117,delete,generated Paper 4 loop artifact retired; not read by Quarto after closure,paper4_deep_cleanup_manifest_2026-05-18.csv; Paper 4 Quarto chapters; v467-v478 curated export artifacts
reports/paper_material/paper4/status/paper4_v118_status.json,status_json,118,delete,generated Paper 4 loop artifact retired; not read by Quarto after closure,paper4_deep_cleanup_manifest_2026-05-18.csv; Paper 4 Quarto chapters; v467-v478 curated export artifacts
reports/paper_material/paper4/status/paper4_v119_status.json,status_json,119,delete,generated Paper 4 loop artifact retired; not read by Quarto after closure,paper4_deep_cleanup_manifest_2026-05-18.csv; Paper 4 Quarto chapters; v467-v478 curated export artifacts
reports/paper_material/paper4/status/paper4_v120_status.json,status_json,120,delete,generated Paper 4 loop artifact retired; not read by Quarto after closure,paper4_deep_cleanup_manifest_2026-05-18.csv; Paper 4 Quarto chapters; v467-v478 curated export artifacts
reports/paper_material/paper4/status/paper4_v121_status.json,status_json,121,delete,generated Paper 4 loop artifact retired; not read by Quarto after closure,paper4_deep_cleanup_manifest_2026-05-18.csv; Paper 4 Quarto chapters; v467-v478 curated export artifacts
reports/paper_material/paper4/status/paper4_v122_status.json,status_json,122,delete,generated Paper 4 loop artifact retired; not read by Quarto after closure,paper4_deep_cleanup_manifest_2026-05-18.csv; Paper 4 Quarto chapters; v467-v478 curated export artifacts
reports/paper_material/paper4/status/paper4_v123_status.json,status_json,123,delete,generated Paper 4 loop artifact retired; not read by Quarto after closure,paper4_deep_cleanup_manifest_2026-05-18.csv; Paper 4 Quarto chapters; v467-v478 curated export artifacts
reports/paper_material/paper4/status/paper4_v124_status.json,status_json,124,delete,generated Paper 4 loop artifact retired; not read by Quarto after closure,paper4_deep_cleanup_manifest_2026-05-18.csv; Paper 4 Quarto chapters; v467-v478 curated export artifacts
reports/paper_material/paper4/status/paper4_v125_status.json,status_json,125,delete,generated Paper 4 loop artifact retired; not read by Quarto after closure,paper4_deep_cleanup_manifest_2026-05-18.csv; Paper 4 Quarto chapters; v467-v478 curated export artifacts
reports/paper_material/paper4/status/paper4_v126_status.json,status_json,126,delete,generated Paper 4 loop artifact retired; not read by Quarto after closure,paper4_deep_cleanup_manifest_2026-05-18.csv; Paper 4 Quarto chapters; v467-v478 curated export artifacts
reports/paper_material/paper4/status/paper4_v127_status.json,status_json,127,delete,generated Paper 4 loop artifact retired; not read by Quarto after closure,paper4_deep_cleanup_manifest_2026-05-18.csv; Paper 4 Quarto chapters; v467-v478 curated export artifacts
reports/paper_material/paper4/status/paper4_v128_status.json,status_json,128,delete,generated Paper 4 loop artifact retired; not read by Quarto after closure,paper4_deep_cleanup_manifest_2026-05-18.csv; Paper 4 Quarto chapters; v467-v478 curated export artifacts
reports/paper_material/paper4/status/paper4_v129_status.json,status_json,129,delete,generated Paper 4 loop artifact retired; not read by Quarto after closure,paper4_deep_cleanup_manifest_2026-05-18.csv; Paper 4 Quarto chapters; v467-v478 curated export artifacts
reports/paper_material/paper4/status/paper4_v130_status.json,status_json,130,delete,generated Paper 4 loop artifact retired; not read by Quarto after closure,paper4_deep_cleanup_manifest_2026-05-18.csv; Paper 4 Quarto chapters; v467-v478 curated export artifacts
reports/paper_material/paper4/status/paper4_v131_status.json,status_json,131,delete,generated Paper 4 loop artifact retired; not read by Quarto after closure,paper4_deep_cleanup_manifest_2026-05-18.csv; Paper 4 Quarto chapters; v467-v478 curated export artifacts
reports/paper_material/paper4/status/paper4_v132_status.json,status_json,132,delete,generated Paper 4 loop artifact retired; not read by Quarto after closure,paper4_deep_cleanup_manifest_2026-05-18.csv; Paper 4 Quarto chapters; v467-v478 curated export artifacts
reports/paper_material/paper4/status/paper4_v133_status.json,status_json,133,delete,generated Paper 4 loop artifact retired; not read by Quarto after closure,paper4_deep_cleanup_manifest_2026-05-18.csv; Paper 4 Quarto chapters; v467-v478 curated export artifacts
reports/paper_material/paper4/status/paper4_v134_status.json,status_json,134,delete,generated Paper 4 loop artifact retired; not read by Quarto after closure,paper4_deep_cleanup_manifest_2026-05-18.csv; Paper 4 Quarto chapters; v467-v478 curated export artifacts
reports/paper_material/paper4/status/paper4_v135_status.json,status_json,135,delete,generated Paper 4 loop artifact retired; not read by Quarto after closure,paper4_deep_cleanup_manifest_2026-05-18.csv; Paper 4 Quarto chapters; v467-v478 curated export artifacts
reports/paper_material/paper4/status/paper4_v136_status.json,status_json,136,delete,generated Paper 4 loop artifact retired; not read by Quarto after closure,paper4_deep_cleanup_manifest_2026-05-18.csv; Paper 4 Quarto chapters; v467-v478 curated export artifacts
reports/paper_material/paper4/status/paper4_v137_status.json,status_json,137,delete,generated Paper 4 loop artifact retired; not read by Quarto after closure,paper4_deep_cleanup_manifest_2026-05-18.csv; Paper 4 Quarto chapters; v467-v478 curated export artifacts
reports/paper_material/paper4/status/paper4_v138_status.json,status_json,138,delete,generated Paper 4 loop artifact retired; not read by Quarto after closure,paper4_deep_cleanup_manifest_2026-05-18.csv; Paper 4 Quarto chapters; v467-v478 curated export artifacts
reports/paper_material/paper4/status/paper4_v139_status.json,status_json,139,delete,generated Paper 4 loop artifact retired; not read by Quarto after closure,paper4_deep_cleanup_manifest_2026-05-18.csv; Paper 4 Quarto chapters; v467-v478 curated export artifacts
reports/paper_material/paper4/status/paper4_v140_status.json,status_json,140,delete,generated Paper 4 loop artifact retired; not read by Quarto after closure,paper4_deep_cleanup_manifest_2026-05-18.csv; Paper 4 Quarto chapters; v467-v478 curated export artifacts
reports/paper_material/paper4/status/paper4_v141_status.json,status_json,141,delete,generated Paper 4 loop artifact retired; not read by Quarto after closure,paper4_deep_cleanup_manifest_2026-05-18.csv; Paper 4 Quarto chapters; v467-v478 curated export artifacts
reports/paper_material/paper4/status/paper4_v142_status.json,status_json,142,delete,generated Paper 4 loop artifact retired; not read by Quarto after closure,paper4_deep_cleanup_manifest_2026-05-18.csv; Paper 4 Quarto chapters; v467-v478 curated export artifacts
reports/paper_material/paper4/status/paper4_v143_status.json,status_json,143,delete,generated Paper 4 loop artifact retired; not read by Quarto after closure,paper4_deep_cleanup_manifest_2026-05-18.csv; Paper 4 Quarto chapters; v467-v478 curated export artifacts
reports/paper_material/paper4/status/paper4_v144_status.json,status_json,144,delete,generated Paper 4 loop artifact retired; not read by Quarto after closure,paper4_deep_cleanup_manifest_2026-05-18.csv; Paper 4 Quarto chapters; v467-v478 curated export artifacts
reports/paper_material/paper4/status/paper4_v145_status.json,status_json,145,delete,generated Paper 4 loop artifact retired; not read by Quarto after closure,paper4_deep_cleanup_manifest_2026-05-18.csv; Paper 4 Quarto chapters; v467-v478 curated export artifacts
reports/paper_material/paper4/status/paper4_v146_status.json,status_json,146,delete,generated Paper 4 loop artifact retired; not read by Quarto after closure,paper4_deep_cleanup_manifest_2026-05-18.csv; Paper 4 Quarto chapters; v467-v478 curated export artifacts
reports/paper_material/paper4/status/paper4_v147_status.json,status_json,147,delete,generated Paper 4 loop artifact retired; not read by Quarto after closure,paper4_deep_cleanup_manifest_2026-05-18.csv; Paper 4 Quarto chapters; v467-v478 curated export artifacts
reports/paper_material/paper4/status/paper4_v148_status.json,status_json,148,delete,generated Paper 4 loop artifact retired; not read by Quarto after closure,paper4_deep_cleanup_manifest_2026-05-18.csv; Paper 4 Quarto chapters; v467-v478 curated export artifacts
reports/paper_material/paper4/status/paper4_v149_status.json,status_json,149,delete,generated Paper 4 loop artifact retired; not read by Quarto after closure,paper4_deep_cleanup_manifest_2026-05-18.csv; Paper 4 Quarto chapters; v467-v478 curated export artifacts
reports/paper_material/paper4/status/paper4_v150_status.json,status_json,150,delete,generated Paper 4 loop artifact retired; not read by Quarto after closure,paper4_deep_cleanup_manifest_2026-05-18.csv; Paper 4 Quarto chapters; v467-v478 curated export artifacts
reports/paper_material/paper4/status/paper4_v151_status.json,status_json,151,delete,generated Paper 4 loop artifact retired; not read by Quarto after closure,paper4_deep_cleanup_manifest_2026-05-18.csv; Paper 4 Quarto chapters; v467-v478 curated export artifacts
reports/paper_material/paper4/status/paper4_v152_status.json,status_json,152,delete,generated Paper 4 loop artifact retired; not read by Quarto after closure,paper4_deep_cleanup_manifest_2026-05-18.csv; Paper 4 Quarto chapters; v467-v478 curated export artifacts
reports/paper_material/paper4/status/paper4_v153_status.json,status_json,153,delete,generated Paper 4 loop artifact retired; not read by Quarto after closure,paper4_deep_cleanup_manifest_2026-05-18.csv; Paper 4 Quarto chapters; v467-v478 curated export artifacts
reports/paper_material/paper4/status/paper4_v154_status.json,status_json,154,delete,generated Paper 4 loop artifact retired; not read by Quarto after closure,paper4_deep_cleanup_manifest_2026-05-18.csv; Paper 4 Quarto chapters; v467-v478 curated export artifacts
reports/paper_material/paper4/status/paper4_v155_status.json,status_json,155,delete,generated Paper 4 loop artifact retired; not read by Quarto after closure,paper4_deep_cleanup_manifest_2026-05-18.csv; Paper 4 Quarto chapters; v467-v478 curated export artifacts
reports/paper_material/paper4/status/paper4_v156_status.json,status_json,156,delete,generated Paper 4 loop artifact retired; not read by Quarto after closure,paper4_deep_cleanup_manifest_2026-05-18.csv; Paper 4 Quarto chapters; v467-v478 curated export artifacts
reports/paper_material/paper4/status/paper4_v157_status.json,status_json,157,delete,generated Paper 4 loop artifact retired; not read by Quarto after closure,paper4_deep_cleanup_manifest_2026-05-18.csv; Paper 4 Quarto chapters; v467-v478 curated export artifacts
reports/paper_material/paper4/status/paper4_v158_status.json,status_json,158,delete,generated Paper 4 loop artifact retired; not read by Quarto after closure,paper4_deep_cleanup_manifest_2026-05-18.csv; Paper 4 Quarto chapters; v467-v478 curated export artifacts
reports/paper_material/paper4/status/paper4_v159_status.json,status_json,159,delete,generated Paper 4 loop artifact retired; not read by Quarto after closure,paper4_deep_cleanup_manifest_2026-05-18.csv; Paper 4 Quarto chapters; v467-v478 curated export artifacts
reports/paper_material/paper4/status/paper4_v160_status.json,status_json,160,delete,generated Paper 4 loop artifact retired; not read by Quarto after closure,paper4_deep_cleanup_manifest_2026-05-18.csv; Paper 4 Quarto chapters; v467-v478 curated export artifacts
reports/paper_material/paper4/status/paper4_v161_status.json,status_json,161,delete,generated Paper 4 loop artifact retired; not read by Quarto after closure,paper4_deep_cleanup_manifest_2026-05-18.csv; Paper 4 Quarto chapters; v467-v478 curated export artifacts
reports/paper_material/paper4/status/paper4_v162_status.json,status_json,162,delete,generated Paper 4 loop artifact retired; not read by Quarto after closure,paper4_deep_cleanup_manifest_2026-05-18.csv; Paper 4 Quarto chapters; v467-v478 curated export artifacts
reports/paper_material/paper4/status/paper4_v163_status.json,status_json,163,delete,generated Paper 4 loop artifact retired; not read by Quarto after closure,paper4_deep_cleanup_manifest_2026-05-18.csv; Paper 4 Quarto chapters; v467-v478 curated export artifacts
reports/paper_material/paper4/status/paper4_v164_status.json,status_json,164,delete,generated Paper 4 loop artifact retired; not read by Quarto after closure,paper4_deep_cleanup_manifest_2026-05-18.csv; Paper 4 Quarto chapters; v467-v478 curated export artifacts
reports/paper_material/paper4/status/paper4_v165_status.json,status_json,165,delete,generated Paper 4 loop artifact retired; not read by Quarto after closure,paper4_deep_cleanup_manifest_2026-05-18.csv; Paper 4 Quarto chapters; v467-v478 curated export artifacts
reports/paper_material/paper4/status/paper4_v166_status.json,status_json,166,delete,generated Paper 4 loop artifact retired; not read by Quarto after closure,paper4_deep_cleanup_manifest_2026-05-18.csv; Paper 4 Quarto chapters; v467-v478 curated export artifacts
reports/paper_material/paper4/status/paper4_v167_status.json,status_json,167,delete,generated Paper 4 loop artifact retired; not read by Quarto after closure,paper4_deep_cleanup_manifest_2026-05-18.csv; Paper 4 Quarto chapters; v467-v478 curated export artifacts
reports/paper_material/paper4/status/paper4_v168_status.json,status_json,168,delete,generated Paper 4 loop artifact retired; not read by Quarto after closure,paper4_deep_cleanup_manifest_2026-05-18.csv; Paper 4 Quarto chapters; v467-v478 curated export artifacts
reports/paper_material/paper4/status/paper4_v169_status.json,status_json,169,delete,generated Paper 4 loop artifact retired; not read by Quarto after closure,paper4_deep_cleanup_manifest_2026-05-18.csv; Paper 4 Quarto chapters; v467-v478 curated export artifacts
reports/paper_material/paper4/status/paper4_v170_status.json,status_json,170,delete,generated Paper 4 loop artifact retired; not read by Quarto after closure,paper4_deep_cleanup_manifest_2026-05-18.csv; Paper 4 Quarto chapters; v467-v478 curated export artifacts
reports/paper_material/paper4/status/paper4_v171_status.json,status_json,171,delete,generated Paper 4 loop artifact retired; not read by Quarto after closure,paper4_deep_cleanup_manifest_2026-05-18.csv; Paper 4 Quarto chapters; v467-v478 curated export artifacts
reports/paper_material/paper4/status/paper4_v172_status.json,status_json,172,delete,generated Paper 4 loop artifact retired; not read by Quarto after closure,paper4_deep_cleanup_manifest_2026-05-18.csv; Paper 4 Quarto chapters; v467-v478 curated export artifacts
reports/paper_material/paper4/status/paper4_v173_status.json,status_json,173,delete,generated Paper 4 loop artifact retired; not read by Quarto after closure,paper4_deep_cleanup_manifest_2026-05-18.csv; Paper 4 Quarto chapters; v467-v478 curated export artifacts
reports/paper_material/paper4/status/paper4_v174_status.json,status_json,174,delete,generated Paper 4 loop artifact retired; not read by Quarto after closure,paper4_deep_cleanup_manifest_2026-05-18.csv; Paper 4 Quarto chapters; v467-v478 curated export artifacts
reports/paper_material/paper4/status/paper4_v175_status.json,status_json,175,delete,generated Paper 4 loop artifact retired; not read by Quarto after closure,paper4_deep_cleanup_manifest_2026-05-18.csv; Paper 4 Quarto chapters; v467-v478 curated export artifacts
reports/paper_material/paper4/status/paper4_v176_status.json,status_json,176,delete,generated Paper 4 loop artifact retired; not read by Quarto after closure,paper4_deep_cleanup_manifest_2026-05-18.csv; Paper 4 Quarto chapters; v467-v478 curated export artifacts
reports/paper_material/paper4/status/paper4_v177_status.json,status_json,177,delete,generated Paper 4 loop artifact retired; not read by Quarto after closure,paper4_deep_cleanup_manifest_2026-05-18.csv; Paper 4 Quarto chapters; v467-v478 curated export artifacts
reports/paper_material/paper4/status/paper4_v178_status.json,status_json,178,delete,generated Paper 4 loop artifact retired; not read by Quarto after closure,paper4_deep_cleanup_manifest_2026-05-18.csv; Paper 4 Quarto chapters; v467-v478 curated export artifacts
reports/paper_material/paper4/status/paper4_v179_status.json,status_json,179,delete,generated Paper 4 loop artifact retired; not read by Quarto after closure,paper4_deep_cleanup_manifest_2026-05-18.csv; Paper 4 Quarto chapters; v467-v478 curated export artifacts
reports/paper_material/paper4/status/paper4_v180_status.json,status_json,180,delete,generated Paper 4 loop artifact retired; not read by Quarto after closure,paper4_deep_cleanup_manifest_2026-05-18.csv; Paper 4 Quarto chapters; v467-v478 curated export artifacts
reports/paper_material/paper4/status/paper4_v181_status.json,status_json,181,delete,generated Paper 4 loop artifact retired; not read by Quarto after closure,paper4_deep_cleanup_manifest_2026-05-18.csv; Paper 4 Quarto chapters; v467-v478 curated export artifacts
reports/paper_material/paper4/status/paper4_v182_status.json,status_json,182,delete,generated Paper 4 loop artifact retired; not read by Quarto after closure,paper4_deep_cleanup_manifest_2026-05-18.csv; Paper 4 Quarto chapters; v467-v478 curated export artifacts
reports/paper_material/paper4/status/paper4_v183_status.json,status_json,183,delete,generated Paper 4 loop artifact retired; not read by Quarto after closure,paper4_deep_cleanup_manifest_2026-05-18.csv; Paper 4 Quarto chapters; v467-v478 curated export artifacts
reports/paper_material/paper4/status/paper4_v184_status.json,status_json,184,delete,generated Paper 4 loop artifact retired; not read by Quarto after closure,paper4_deep_cleanup_manifest_2026-05-18.csv; Paper 4 Quarto chapters; v467-v478 curated export artifacts
reports/paper_material/paper4/status/paper4_v185_status.json,status_json,185,delete,generated Paper 4 loop artifact retired; not read by Quarto after closure,paper4_deep_cleanup_manifest_2026-05-18.csv; Paper 4 Quarto chapters; v467-v478 curated export artifacts
reports/paper_material/paper4/status/paper4_v186_status.json,status_json,186,delete,generated Paper 4 loop artifact retired; not read by Quarto after closure,paper4_deep_cleanup_manifest_2026-05-18.csv; Paper 4 Quarto chapters; v467-v478 curated export artifacts
reports/paper_material/paper4/status/paper4_v187_status.json,status_json,187,delete,generated Paper 4 loop artifact retired; not read by Quarto after closure,paper4_deep_cleanup_manifest_2026-05-18.csv; Paper 4 Quarto chapters; v467-v478 curated export artifacts
reports/paper_material/paper4/status/paper4_v188_status.json,status_json,188,delete,generated Paper 4 loop artifact retired; not read by Quarto after closure,paper4_deep_cleanup_manifest_2026-05-18.csv; Paper 4 Quarto chapters; v467-v478 curated export artifacts
reports/paper_material/paper4/status/paper4_v189_status.json,status_json,189,delete,generated Paper 4 loop artifact retired; not read by Quarto after closure,paper4_deep_cleanup_manifest_2026-05-18.csv; Paper 4 Quarto chapters; v467-v478 curated export artifacts
reports/paper_material/paper4/status/paper4_v190_status.json,status_json,190,delete,generated Paper 4 loop artifact retired; not read by Quarto after closure,paper4_deep_cleanup_manifest_2026-05-18.csv; Paper 4 Quarto chapters; v467-v478 curated export artifacts
reports/paper_material/paper4/status/paper4_v191_status.json,status_json,191,delete,generated Paper 4 loop artifact retired; not read by Quarto after closure,paper4_deep_cleanup_manifest_2026-05-18.csv; Paper 4 Quarto chapters; v467-v478 curated export artifacts
reports/paper_material/paper4/status/paper4_v192_status.json,status_json,192,delete,generated Paper 4 loop artifact retired; not read by Quarto after closure,paper4_deep_cleanup_manifest_2026-05-18.csv; Paper 4 Quarto chapters; v467-v478 curated export artifacts
reports/paper_material/paper4/status/paper4_v193_status.json,status_json,193,delete,generated Paper 4 loop artifact retired; not read by Quarto after closure,paper4_deep_cleanup_manifest_2026-05-18.csv; Paper 4 Quarto chapters; v467-v478 curated export artifacts
reports/paper_material/paper4/status/paper4_v194_status.json,status_json,194,delete,generated Paper 4 loop artifact retired; not read by Quarto after closure,paper4_deep_cleanup_manifest_2026-05-18.csv; Paper 4 Quarto chapters; v467-v478 curated export artifacts
reports/paper_material/paper4/status/paper4_v195_status.json,status_json,195,delete,generated Paper 4 loop artifact retired; not read by Quarto after closure,paper4_deep_cleanup_manifest_2026-05-18.csv; Paper 4 Quarto chapters; v467-v478 curated export artifacts
reports/paper_material/paper4/status/paper4_v196_status.json,status_json,196,delete,generated Paper 4 loop artifact retired; not read by Quarto after closure,paper4_deep_cleanup_manifest_2026-05-18.csv; Paper 4 Quarto chapters; v467-v478 curated export artifacts
reports/paper_material/paper4/status/paper4_v197_status.json,status_json,197,delete,generated Paper 4 loop artifact retired; not read by Quarto after closure,paper4_deep_cleanup_manifest_2026-05-18.csv; Paper 4 Quarto chapters; v467-v478 curated export artifacts
reports/paper_material/paper4/status/paper4_v198_status.json,status_json,198,delete,generated Paper 4 loop artifact retired; not read by Quarto after closure,paper4_deep_cleanup_manifest_2026-05-18.csv; Paper 4 Quarto chapters; v467-v478 curated export artifacts
reports/paper_material/paper4/status/paper4_v199_status.json,status_json,199,delete,generated Paper 4 loop artifact retired; not read by Quarto after closure,paper4_deep_cleanup_manifest_2026-05-18.csv; Paper 4 Quarto chapters; v467-v478 curated export artifacts
reports/paper_material/paper4/status/paper4_v200_status.json,status_json,200,delete,generated Paper 4 loop artifact retired; not read by Quarto after closure,paper4_deep_cleanup_manifest_2026-05-18.csv; Paper 4 Quarto chapters; v467-v478 curated export artifacts
reports/paper_material/paper4/status/paper4_v201_status.json,status_json,201,delete,generated Paper 4 loop artifact retired; not read by Quarto after closure,paper4_deep_cleanup_manifest_2026-05-18.csv; Paper 4 Quarto chapters; v467-v478 curated export artifacts
reports/paper_material/paper4/status/paper4_v202_status.json,status_json,202,delete,generated Paper 4 loop artifact retired; not read by Quarto after closure,paper4_deep_cleanup_manifest_2026-05-18.csv; Paper 4 Quarto chapters; v467-v478 curated export artifacts
reports/paper_material/paper4/status/paper4_v203_status.json,status_json,203,delete,generated Paper 4 loop artifact retired; not read by Quarto after closure,paper4_deep_cleanup_manifest_2026-05-18.csv; Paper 4 Quarto chapters; v467-v478 curated export artifacts
reports/paper_material/paper4/status/paper4_v204_status.json,status_json,204,delete,generated Paper 4 loop artifact retired; not read by Quarto after closure,paper4_deep_cleanup_manifest_2026-05-18.csv; Paper 4 Quarto chapters; v467-v478 curated export artifacts
reports/paper_material/paper4/status/paper4_v205_status.json,status_json,205,delete,generated Paper 4 loop artifact retired; not read by Quarto after closure,paper4_deep_cleanup_manifest_2026-05-18.csv; Paper 4 Quarto chapters; v467-v478 curated export artifacts
reports/paper_material/paper4/status/paper4_v206_status.json,status_json,206,delete,generated Paper 4 loop artifact retired; not read by Quarto after closure,paper4_deep_cleanup_manifest_2026-05-18.csv; Paper 4 Quarto chapters; v467-v478 curated export artifacts
reports/paper_material/paper4/status/paper4_v207_status.json,status_json,207,delete,generated Paper 4 loop artifact retired; not read by Quarto after closure,paper4_deep_cleanup_manifest_2026-05-18.csv; Paper 4 Quarto chapters; v467-v478 curated export artifacts
reports/paper_material/paper4/status/paper4_v208_status.json,status_json,208,delete,generated Paper 4 loop artifact retired; not read by Quarto after closure,paper4_deep_cleanup_manifest_2026-05-18.csv; Paper 4 Quarto chapters; v467-v478 curated export artifacts
reports/paper_material/paper4/status/paper4_v209_status.json,status_json,209,delete,generated Paper 4 loop artifact retired; not read by Quarto after closure,paper4_deep_cleanup_manifest_2026-05-18.csv; Paper 4 Quarto chapters; v467-v478 curated export artifacts
reports/paper_material/paper4/status/paper4_v210_status.json,status_json,210,delete,generated Paper 4 loop artifact retired; not read by Quarto after closure,paper4_deep_cleanup_manifest_2026-05-18.csv; Paper 4 Quarto chapters; v467-v478 curated export artifacts
reports/paper_material/paper4/status/paper4_v211_status.json,status_json,211,delete,generated Paper 4 loop artifact retired; not read by Quarto after closure,paper4_deep_cleanup_manifest_2026-05-18.csv; Paper 4 Quarto chapters; v467-v478 curated export artifacts
reports/paper_material/paper4/status/paper4_v212_status.json,status_json,212,delete,generated Paper 4 loop artifact retired; not read by Quarto after closure,paper4_deep_cleanup_manifest_2026-05-18.csv; Paper 4 Quarto chapters; v467-v478 curated export artifacts
reports/paper_material/paper4/status/paper4_v213_status.json,status_json,213,delete,generated Paper 4 loop artifact retired; not read by Quarto after closure,paper4_deep_cleanup_manifest_2026-05-18.csv; Paper 4 Quarto chapters; v467-v478 curated export artifacts
reports/paper_material/paper4/status/paper4_v214_status.json,status_json,214,delete,generated Paper 4 loop artifact retired; not read by Quarto after closure,paper4_deep_cleanup_manifest_2026-05-18.csv; Paper 4 Quarto chapters; v467-v478 curated export artifacts
reports/paper_material/paper4/status/paper4_v215_status.json,status_json,215,delete,generated Paper 4 loop artifact retired; not read by Quarto after closure,paper4_deep_cleanup_manifest_2026-05-18.csv; Paper 4 Quarto chapters; v467-v478 curated export artifacts
reports/paper_material/paper4/status/paper4_v216_status.json,status_json,216,delete,generated Paper 4 loop artifact retired; not read by Quarto after closure,paper4_deep_cleanup_manifest_2026-05-18.csv; Paper 4 Quarto chapters; v467-v478 curated export artifacts
reports/paper_material/paper4/status/paper4_v217_status.json,status_json,217,delete,generated Paper 4 loop artifact retired; not read by Quarto after closure,paper4_deep_cleanup_manifest_2026-05-18.csv; Paper 4 Quarto chapters; v467-v478 curated export artifacts
reports/paper_material/paper4/status/paper4_v218_status.json,status_json,218,delete,generated Paper 4 loop artifact retired; not read by Quarto after closure,paper4_deep_cleanup_manifest_2026-05-18.csv; Paper 4 Quarto chapters; v467-v478 curated export artifacts
reports/paper_material/paper4/status/paper4_v219_status.json,status_json,219,delete,generated Paper 4 loop artifact retired; not read by Quarto after closure,paper4_deep_cleanup_manifest_2026-05-18.csv; Paper 4 Quarto chapters; v467-v478 curated export artifacts
reports/paper_material/paper4/status/paper4_v220_status.json,status_json,220,delete,generated Paper 4 loop artifact retired; not read by Quarto after closure,paper4_deep_cleanup_manifest_2026-05-18.csv; Paper 4 Quarto chapters; v467-v478 curated export artifacts
reports/paper_material/paper4/status/paper4_v221_status.json,status_json,221,delete,generated Paper 4 loop artifact retired; not read by Quarto after closure,paper4_deep_cleanup_manifest_2026-05-18.csv; Paper 4 Quarto chapters; v467-v478 curated export artifacts
reports/paper_material/paper4/status/paper4_v222_status.json,status_json,222,delete,generated Paper 4 loop artifact retired; not read by Quarto after closure,paper4_deep_cleanup_manifest_2026-05-18.csv; Paper 4 Quarto chapters; v467-v478 curated export artifacts
reports/paper_material/paper4/status/paper4_v223_status.json,status_json,223,delete,generated Paper 4 loop artifact retired; not read by Quarto after closure,paper4_deep_cleanup_manifest_2026-05-18.csv; Paper 4 Quarto chapters; v467-v478 curated export artifacts
reports/paper_material/paper4/status/paper4_v224_status.json,status_json,224,delete,generated Paper 4 loop artifact retired; not read by Quarto after closure,paper4_deep_cleanup_manifest_2026-05-18.csv; Paper 4 Quarto chapters; v467-v478 curated export artifacts
reports/paper_material/paper4/status/paper4_v225_status.json,status_json,225,delete,generated Paper 4 loop artifact retired; not read by Quarto after closure,paper4_deep_cleanup_manifest_2026-05-18.csv; Paper 4 Quarto chapters; v467-v478 curated export artifacts
reports/paper_material/paper4/status/paper4_v226_status.json,status_json,226,delete,generated Paper 4 loop artifact retired; not read by Quarto after closure,paper4_deep_cleanup_manifest_2026-05-18.csv; Paper 4 Quarto chapters; v467-v478 curated export artifacts
reports/paper_material/paper4/status/paper4_v227_status.json,status_json,227,delete,generated Paper 4 loop artifact retired; not read by Quarto after closure,paper4_deep_cleanup_manifest_2026-05-18.csv; Paper 4 Quarto chapters; v467-v478 curated export artifacts
reports/paper_material/paper4/status/paper4_v228_status.json,status_json,228,delete,generated Paper 4 loop artifact retired; not read by Quarto after closure,paper4_deep_cleanup_manifest_2026-05-18.csv; Paper 4 Quarto chapters; v467-v478 curated export artifacts
reports/paper_material/paper4/status/paper4_v229_status.json,status_json,229,delete,generated Paper 4 loop artifact retired; not read by Quarto after closure,paper4_deep_cleanup_manifest_2026-05-18.csv; Paper 4 Quarto chapters; v467-v478 curated export artifacts
reports/paper_material/paper4/status/paper4_v230_status.json,status_json,230,delete,generated Paper 4 loop artifact retired; not read by Quarto after closure,paper4_deep_cleanup_manifest_2026-05-18.csv; Paper 4 Quarto chapters; v467-v478 curated export artifacts
reports/paper_material/paper4/status/paper4_v231_status.json,status_json,231,delete,generated Paper 4 loop artifact retired; not read by Quarto after closure,paper4_deep_cleanup_manifest_2026-05-18.csv; Paper 4 Quarto chapters; v467-v478 curated export artifacts
reports/paper_material/paper4/status/paper4_v232_status.json,status_json,232,delete,generated Paper 4 loop artifact retired; not read by Quarto after closure,paper4_deep_cleanup_manifest_2026-05-18.csv; Paper 4 Quarto chapters; v467-v478 curated export artifacts
reports/paper_material/paper4/status/paper4_v233_status.json,status_json,233,delete,generated Paper 4 loop artifact retired; not read by Quarto after closure,paper4_deep_cleanup_manifest_2026-05-18.csv; Paper 4 Quarto chapters; v467-v478 curated export artifacts
reports/paper_material/paper4/status/paper4_v234_status.json,status_json,234,delete,generated Paper 4 loop artifact retired; not read by Quarto after closure,paper4_deep_cleanup_manifest_2026-05-18.csv; Paper 4 Quarto chapters; v467-v478 curated export artifacts
reports/paper_material/paper4/status/paper4_v235_status.json,status_json,235,delete,generated Paper 4 loop artifact retired; not read by Quarto after closure,paper4_deep_cleanup_manifest_2026-05-18.csv; Paper 4 Quarto chapters; v467-v478 curated export artifacts
reports/paper_material/paper4/status/paper4_v236_status.json,status_json,236,delete,generated Paper 4 loop artifact retired; not read by Quarto after closure,paper4_deep_cleanup_manifest_2026-05-18.csv; Paper 4 Quarto chapters; v467-v478 curated export artifacts
reports/paper_material/paper4/status/paper4_v237_status.json,status_json,237,delete,generated Paper 4 loop artifact retired; not read by Quarto after closure,paper4_deep_cleanup_manifest_2026-05-18.csv; Paper 4 Quarto chapters; v467-v478 curated export artifacts
reports/paper_material/paper4/status/paper4_v238_status.json,status_json,238,delete,generated Paper 4 loop artifact retired; not read by Quarto after closure,paper4_deep_cleanup_manifest_2026-05-18.csv; Paper 4 Quarto chapters; v467-v478 curated export artifacts
reports/paper_material/paper4/status/paper4_v239_status.json,status_json,239,delete,generated Paper 4 loop artifact retired; not read by Quarto after closure,paper4_deep_cleanup_manifest_2026-05-18.csv; Paper 4 Quarto chapters; v467-v478 curated export artifacts
reports/paper_material/paper4/status/paper4_v240_status.json,status_json,240,delete,generated Paper 4 loop artifact retired; not read by Quarto after closure,paper4_deep_cleanup_manifest_2026-05-18.csv; Paper 4 Quarto chapters; v467-v478 curated export artifacts
reports/paper_material/paper4/status/paper4_v241_status.json,status_json,241,delete,generated Paper 4 loop artifact retired; not read by Quarto after closure,paper4_deep_cleanup_manifest_2026-05-18.csv; Paper 4 Quarto chapters; v467-v478 curated export artifacts
reports/paper_material/paper4/status/paper4_v242_status.json,status_json,242,delete,generated Paper 4 loop artifact retired; not read by Quarto after closure,paper4_deep_cleanup_manifest_2026-05-18.csv; Paper 4 Quarto chapters; v467-v478 curated export artifacts
reports/paper_material/paper4/status/paper4_v243_status.json,status_json,243,delete,generated Paper 4 loop artifact retired; not read by Quarto after closure,paper4_deep_cleanup_manifest_2026-05-18.csv; Paper 4 Quarto chapters; v467-v478 curated export artifacts
reports/paper_material/paper4/status/paper4_v244_status.json,status_json,244,delete,generated Paper 4 loop artifact retired; not read by Quarto after closure,paper4_deep_cleanup_manifest_2026-05-18.csv; Paper 4 Quarto chapters; v467-v478 curated export artifacts
reports/paper_material/paper4/status/paper4_v245_status.json,status_json,245,delete,generated Paper 4 loop artifact retired; not read by Quarto after closure,paper4_deep_cleanup_manifest_2026-05-18.csv; Paper 4 Quarto chapters; v467-v478 curated export artifacts
reports/paper_material/paper4/status/paper4_v246_status.json,status_json,246,delete,generated Paper 4 loop artifact retired; not read by Quarto after closure,paper4_deep_cleanup_manifest_2026-05-18.csv; Paper 4 Quarto chapters; v467-v478 curated export artifacts
reports/paper_material/paper4/status/paper4_v247_status.json,status_json,247,delete,generated Paper 4 loop artifact retired; not read by Quarto after closure,paper4_deep_cleanup_manifest_2026-05-18.csv; Paper 4 Quarto chapters; v467-v478 curated export artifacts
reports/paper_material/paper4/status/paper4_v248_status.json,status_json,248,delete,generated Paper 4 loop artifact retired; not read by Quarto after closure,paper4_deep_cleanup_manifest_2026-05-18.csv; Paper 4 Quarto chapters; v467-v478 curated export artifacts
reports/paper_material/paper4/status/paper4_v249_status.json,status_json,249,delete,generated Paper 4 loop artifact retired; not read by Quarto after closure,paper4_deep_cleanup_manifest_2026-05-18.csv; Paper 4 Quarto chapters; v467-v478 curated export artifacts
reports/paper_material/paper4/status/paper4_v250_status.json,status_json,250,delete,generated Paper 4 loop artifact retired; not read by Quarto after closure,paper4_deep_cleanup_manifest_2026-05-18.csv; Paper 4 Quarto chapters; v467-v478 curated export artifacts
reports/paper_material/paper4/status/paper4_v251_status.json,status_json,251,delete,generated Paper 4 loop artifact retired; not read by Quarto after closure,paper4_deep_cleanup_manifest_2026-05-18.csv; Paper 4 Quarto chapters; v467-v478 curated export artifacts
reports/paper_material/paper4/status/paper4_v252_status.json,status_json,252,delete,generated Paper 4 loop artifact retired; not read by Quarto after closure,paper4_deep_cleanup_manifest_2026-05-18.csv; Paper 4 Quarto chapters; v467-v478 curated export artifacts
reports/paper_material/paper4/status/paper4_v253_status.json,status_json,253,delete,generated Paper 4 loop artifact retired; not read by Quarto after closure,paper4_deep_cleanup_manifest_2026-05-18.csv; Paper 4 Quarto chapters; v467-v478 curated export artifacts
reports/paper_material/paper4/status/paper4_v254_status.json,status_json,254,delete,generated Paper 4 loop artifact retired; not read by Quarto after closure,paper4_deep_cleanup_manifest_2026-05-18.csv; Paper 4 Quarto chapters; v467-v478 curated export artifacts
reports/paper_material/paper4/status/paper4_v255_status.json,status_json,255,delete,generated Paper 4 loop artifact retired; not read by Quarto after closure,paper4_deep_cleanup_manifest_2026-05-18.csv; Paper 4 Quarto chapters; v467-v478 curated export artifacts
reports/paper_material/paper4/status/paper4_v256_status.json,status_json,256,delete,generated Paper 4 loop artifact retired; not read by Quarto after closure,paper4_deep_cleanup_manifest_2026-05-18.csv; Paper 4 Quarto chapters; v467-v478 curated export artifacts
reports/paper_material/paper4/status/paper4_v257_status.json,status_json,257,delete,generated Paper 4 loop artifact retired; not read by Quarto after closure,paper4_deep_cleanup_manifest_2026-05-18.csv; Paper 4 Quarto chapters; v467-v478 curated export artifacts
reports/paper_material/paper4/status/paper4_v258_status.json,status_json,258,delete,generated Paper 4 loop artifact retired; not read by Quarto after closure,paper4_deep_cleanup_manifest_2026-05-18.csv; Paper 4 Quarto chapters; v467-v478 curated export artifacts
reports/paper_material/paper4/status/paper4_v259_status.json,status_json,259,delete,generated Paper 4 loop artifact retired; not read by Quarto after closure,paper4_deep_cleanup_manifest_2026-05-18.csv; Paper 4 Quarto chapters; v467-v478 curated export artifacts
reports/paper_material/paper4/status/paper4_v260_status.json,status_json,260,delete,generated Paper 4 loop artifact retired; not read by Quarto after closure,paper4_deep_cleanup_manifest_2026-05-18.csv; Paper 4 Quarto chapters; v467-v478 curated export artifacts
reports/paper_material/paper4/status/paper4_v261_status.json,status_json,261,delete,generated Paper 4 loop artifact retired; not read by Quarto after closure,paper4_deep_cleanup_manifest_2026-05-18.csv; Paper 4 Quarto chapters; v467-v478 curated export artifacts
reports/paper_material/paper4/status/paper4_v262_status.json,status_json,262,delete,generated Paper 4 loop artifact retired; not read by Quarto after closure,paper4_deep_cleanup_manifest_2026-05-18.csv; Paper 4 Quarto chapters; v467-v478 curated export artifacts
reports/paper_material/paper4/status/paper4_v263_status.json,status_json,263,delete,generated Paper 4 loop artifact retired; not read by Quarto after closure,paper4_deep_cleanup_manifest_2026-05-18.csv; Paper 4 Quarto chapters; v467-v478 curated export artifacts
reports/paper_material/paper4/status/paper4_v264_status.json,status_json,264,delete,generated Paper 4 loop artifact retired; not read by Quarto after closure,paper4_deep_cleanup_manifest_2026-05-18.csv; Paper 4 Quarto chapters; v467-v478 curated export artifacts
reports/paper_material/paper4/status/paper4_v265_status.json,status_json,265,delete,generated Paper 4 loop artifact retired; not read by Quarto after closure,paper4_deep_cleanup_manifest_2026-05-18.csv; Paper 4 Quarto chapters; v467-v478 curated export artifacts
reports/paper_material/paper4/status/paper4_v266_status.json,status_json,266,delete,generated Paper 4 loop artifact retired; not read by Quarto after closure,paper4_deep_cleanup_manifest_2026-05-18.csv; Paper 4 Quarto chapters; v467-v478 curated export artifacts
reports/paper_material/paper4/status/paper4_v267_status.json,status_json,267,delete,generated Paper 4 loop artifact retired; not read by Quarto after closure,paper4_deep_cleanup_manifest_2026-05-18.csv; Paper 4 Quarto chapters; v467-v478 curated export artifacts
reports/paper_material/paper4/status/paper4_v268_status.json,status_json,268,delete,generated Paper 4 loop artifact retired; not read by Quarto after closure,paper4_deep_cleanup_manifest_2026-05-18.csv; Paper 4 Quarto chapters; v467-v478 curated export artifacts
reports/paper_material/paper4/status/paper4_v269_status.json,status_json,269,delete,generated Paper 4 loop artifact retired; not read by Quarto after closure,paper4_deep_cleanup_manifest_2026-05-18.csv; Paper 4 Quarto chapters; v467-v478 curated export artifacts
reports/paper_material/paper4/status/paper4_v270_status.json,status_json,270,delete,generated Paper 4 loop artifact retired; not read by Quarto after closure,paper4_deep_cleanup_manifest_2026-05-18.csv; Paper 4 Quarto chapters; v467-v478 curated export artifacts
reports/paper_material/paper4/status/paper4_v271_status.json,status_json,271,delete,generated Paper 4 loop artifact retired; not read by Quarto after closure,paper4_deep_cleanup_manifest_2026-05-18.csv; Paper 4 Quarto chapters; v467-v478 curated export artifacts
reports/paper_material/paper4/status/paper4_v272_status.json,status_json,272,delete,generated Paper 4 loop artifact retired; not read by Quarto after closure,paper4_deep_cleanup_manifest_2026-05-18.csv; Paper 4 Quarto chapters; v467-v478 curated export artifacts
reports/paper_material/paper4/status/paper4_v273_status.json,status_json,273,delete,generated Paper 4 loop artifact retired; not read by Quarto after closure,paper4_deep_cleanup_manifest_2026-05-18.csv; Paper 4 Quarto chapters; v467-v478 curated export artifacts
reports/paper_material/paper4/status/paper4_v274_status.json,status_json,274,delete,generated Paper 4 loop artifact retired; not read by Quarto after closure,paper4_deep_cleanup_manifest_2026-05-18.csv; Paper 4 Quarto chapters; v467-v478 curated export artifacts
reports/paper_material/paper4/status/paper4_v275_status.json,status_json,275,delete,generated Paper 4 loop artifact retired; not read by Quarto after closure,paper4_deep_cleanup_manifest_2026-05-18.csv; Paper 4 Quarto chapters; v467-v478 curated export artifacts
reports/paper_material/paper4/status/paper4_v276_status.json,status_json,276,delete,generated Paper 4 loop artifact retired; not read by Quarto after closure,paper4_deep_cleanup_manifest_2026-05-18.csv; Paper 4 Quarto chapters; v467-v478 curated export artifacts
reports/paper_material/paper4/status/paper4_v277_status.json,status_json,277,delete,generated Paper 4 loop artifact retired; not read by Quarto after closure,paper4_deep_cleanup_manifest_2026-05-18.csv; Paper 4 Quarto chapters; v467-v478 curated export artifacts
reports/paper_material/paper4/status/paper4_v278_status.json,status_json,278,delete,generated Paper 4 loop artifact retired; not read by Quarto after closure,paper4_deep_cleanup_manifest_2026-05-18.csv; Paper 4 Quarto chapters; v467-v478 curated export artifacts
reports/paper_material/paper4/status/paper4_v279_status.json,status_json,279,delete,generated Paper 4 loop artifact retired; not read by Quarto after closure,paper4_deep_cleanup_manifest_2026-05-18.csv; Paper 4 Quarto chapters; v467-v478 curated export artifacts
reports/paper_material/paper4/status/paper4_v280_status.json,status_json,280,delete,generated Paper 4 loop artifact retired; not read by Quarto after closure,paper4_deep_cleanup_manifest_2026-05-18.csv; Paper 4 Quarto chapters; v467-v478 curated export artifacts
reports/paper_material/paper4/status/paper4_v281_status.json,status_json,281,delete,generated Paper 4 loop artifact retired; not read by Quarto after closure,paper4_deep_cleanup_manifest_2026-05-18.csv; Paper 4 Quarto chapters; v467-v478 curated export artifacts
reports/paper_material/paper4/status/paper4_v282_status.json,status_json,282,delete,generated Paper 4 loop artifact retired; not read by Quarto after closure,paper4_deep_cleanup_manifest_2026-05-18.csv; Paper 4 Quarto chapters; v467-v478 curated export artifacts
reports/paper_material/paper4/status/paper4_v283_status.json,status_json,283,delete,generated Paper 4 loop artifact retired; not read by Quarto after closure,paper4_deep_cleanup_manifest_2026-05-18.csv; Paper 4 Quarto chapters; v467-v478 curated export artifacts
reports/paper_material/paper4/status/paper4_v284_status.json,status_json,284,delete,generated Paper 4 loop artifact retired; not read by Quarto after closure,paper4_deep_cleanup_manifest_2026-05-18.csv; Paper 4 Quarto chapters; v467-v478 curated export artifacts
reports/paper_material/paper4/status/paper4_v285_status.json,status_json,285,delete,generated Paper 4 loop artifact retired; not read by Quarto after closure,paper4_deep_cleanup_manifest_2026-05-18.csv; Paper 4 Quarto chapters; v467-v478 curated export artifacts
reports/paper_material/paper4/status/paper4_v286_status.json,status_json,286,delete,generated Paper 4 loop artifact retired; not read by Quarto after closure,paper4_deep_cleanup_manifest_2026-05-18.csv; Paper 4 Quarto chapters; v467-v478 curated export artifacts
reports/paper_material/paper4/status/paper4_v287_status.json,status_json,287,delete,generated Paper 4 loop artifact retired; not read by Quarto after closure,paper4_deep_cleanup_manifest_2026-05-18.csv; Paper 4 Quarto chapters; v467-v478 curated export artifacts
reports/paper_material/paper4/status/paper4_v288_status.json,status_json,288,delete,generated Paper 4 loop artifact retired; not read by Quarto after closure,paper4_deep_cleanup_manifest_2026-05-18.csv; Paper 4 Quarto chapters; v467-v478 curated export artifacts
reports/paper_material/paper4/status/paper4_v289_status.json,status_json,289,delete,generated Paper 4 loop artifact retired; not read by Quarto after closure,paper4_deep_cleanup_manifest_2026-05-18.csv; Paper 4 Quarto chapters; v467-v478 curated export artifacts
reports/paper_material/paper4/status/paper4_v290_status.json,status_json,290,delete,generated Paper 4 loop artifact retired; not read by Quarto after closure,paper4_deep_cleanup_manifest_2026-05-18.csv; Paper 4 Quarto chapters; v467-v478 curated export artifacts
reports/paper_material/paper4/status/paper4_v291_status.json,status_json,291,delete,generated Paper 4 loop artifact retired; not read by Quarto after closure,paper4_deep_cleanup_manifest_2026-05-18.csv; Paper 4 Quarto chapters; v467-v478 curated export artifacts
reports/paper_material/paper4/status/paper4_v292_status.json,status_json,292,delete,generated Paper 4 loop artifact retired; not read by Quarto after closure,paper4_deep_cleanup_manifest_2026-05-18.csv; Paper 4 Quarto chapters; v467-v478 curated export artifacts
reports/paper_material/paper4/status/paper4_v293_status.json,status_json,293,delete,generated Paper 4 loop artifact retired; not read by Quarto after closure,paper4_deep_cleanup_manifest_2026-05-18.csv; Paper 4 Quarto chapters; v467-v478 curated export artifacts
reports/paper_material/paper4/status/paper4_v294_status.json,status_json,294,delete,generated Paper 4 loop artifact retired; not read by Quarto after closure,paper4_deep_cleanup_manifest_2026-05-18.csv; Paper 4 Quarto chapters; v467-v478 curated export artifacts
reports/paper_material/paper4/status/paper4_v295_status.json,status_json,295,delete,generated Paper 4 loop artifact retired; not read by Quarto after closure,paper4_deep_cleanup_manifest_2026-05-18.csv; Paper 4 Quarto chapters; v467-v478 curated export artifacts
reports/paper_material/paper4/status/paper4_v296_status.json,status_json,296,delete,generated Paper 4 loop artifact retired; not read by Quarto after closure,paper4_deep_cleanup_manifest_2026-05-18.csv; Paper 4 Quarto chapters; v467-v478 curated export artifacts
reports/paper_material/paper4/status/paper4_v297_status.json,status_json,297,delete,generated Paper 4 loop artifact retired; not read by Quarto after closure,paper4_deep_cleanup_manifest_2026-05-18.csv; Paper 4 Quarto chapters; v467-v478 curated export artifacts
reports/paper_material/paper4/status/paper4_v298_status.json,status_json,298,delete,generated Paper 4 loop artifact retired; not read by Quarto after closure,paper4_deep_cleanup_manifest_2026-05-18.csv; Paper 4 Quarto chapters; v467-v478 curated export artifacts
reports/paper_material/paper4/status/paper4_v299_status.json,status_json,299,delete,generated Paper 4 loop artifact retired; not read by Quarto after closure,paper4_deep_cleanup_manifest_2026-05-18.csv; Paper 4 Quarto chapters; v467-v478 curated export artifacts
reports/paper_material/paper4/status/paper4_v300_status.json,status_json,300,delete,generated Paper 4 loop artifact retired; not read by Quarto after closure,paper4_deep_cleanup_manifest_2026-05-18.csv; Paper 4 Quarto chapters; v467-v478 curated export artifacts
reports/paper_material/paper4/status/paper4_v301_status.json,status_json,301,delete,generated Paper 4 loop artifact retired; not read by Quarto after closure,paper4_deep_cleanup_manifest_2026-05-18.csv; Paper 4 Quarto chapters; v467-v478 curated export artifacts
reports/paper_material/paper4/status/paper4_v302_status.json,status_json,302,delete,generated Paper 4 loop artifact retired; not read by Quarto after closure,paper4_deep_cleanup_manifest_2026-05-18.csv; Paper 4 Quarto chapters; v467-v478 curated export artifacts
reports/paper_material/paper4/status/paper4_v303_status.json,status_json,303,delete,generated Paper 4 loop artifact retired; not read by Quarto after closure,paper4_deep_cleanup_manifest_2026-05-18.csv; Paper 4 Quarto chapters; v467-v478 curated export artifacts
reports/paper_material/paper4/status/paper4_v304_status.json,status_json,304,delete,generated Paper 4 loop artifact retired; not read by Quarto after closure,paper4_deep_cleanup_manifest_2026-05-18.csv; Paper 4 Quarto chapters; v467-v478 curated export artifacts
reports/paper_material/paper4/status/paper4_v305_status.json,status_json,305,delete,generated Paper 4 loop artifact retired; not read by Quarto after closure,paper4_deep_cleanup_manifest_2026-05-18.csv; Paper 4 Quarto chapters; v467-v478 curated export artifacts
reports/paper_material/paper4/status/paper4_v306_status.json,status_json,306,delete,generated Paper 4 loop artifact retired; not read by Quarto after closure,paper4_deep_cleanup_manifest_2026-05-18.csv; Paper 4 Quarto chapters; v467-v478 curated export artifacts
reports/paper_material/paper4/status/paper4_v307_status.json,status_json,307,delete,generated Paper 4 loop artifact retired; not read by Quarto after closure,paper4_deep_cleanup_manifest_2026-05-18.csv; Paper 4 Quarto chapters; v467-v478 curated export artifacts
reports/paper_material/paper4/status/paper4_v308_status.json,status_json,308,delete,generated Paper 4 loop artifact retired; not read by Quarto after closure,paper4_deep_cleanup_manifest_2026-05-18.csv; Paper 4 Quarto chapters; v467-v478 curated export artifacts
reports/paper_material/paper4/status/paper4_v309_status.json,status_json,309,delete,generated Paper 4 loop artifact retired; not read by Quarto after closure,paper4_deep_cleanup_manifest_2026-05-18.csv; Paper 4 Quarto chapters; v467-v478 curated export artifacts
reports/paper_material/paper4/status/paper4_v310_status.json,status_json,310,delete,generated Paper 4 loop artifact retired; not read by Quarto after closure,paper4_deep_cleanup_manifest_2026-05-18.csv; Paper 4 Quarto chapters; v467-v478 curated export artifacts
reports/paper_material/paper4/status/paper4_v311_status.json,status_json,311,delete,generated Paper 4 loop artifact retired; not read by Quarto after closure,paper4_deep_cleanup_manifest_2026-05-18.csv; Paper 4 Quarto chapters; v467-v478 curated export artifacts
reports/paper_material/paper4/status/paper4_v312_status.json,status_json,312,delete,generated Paper 4 loop artifact retired; not read by Quarto after closure,paper4_deep_cleanup_manifest_2026-05-18.csv; Paper 4 Quarto chapters; v467-v478 curated export artifacts
reports/paper_material/paper4/status/paper4_v313_status.json,status_json,313,delete,generated Paper 4 loop artifact retired; not read by Quarto after closure,paper4_deep_cleanup_manifest_2026-05-18.csv; Paper 4 Quarto chapters; v467-v478 curated export artifacts
reports/paper_material/paper4/status/paper4_v314_status.json,status_json,314,delete,generated Paper 4 loop artifact retired; not read by Quarto after closure,paper4_deep_cleanup_manifest_2026-05-18.csv; Paper 4 Quarto chapters; v467-v478 curated export artifacts
reports/paper_material/paper4/status/paper4_v315_status.json,status_json,315,delete,generated Paper 4 loop artifact retired; not read by Quarto after closure,paper4_deep_cleanup_manifest_2026-05-18.csv; Paper 4 Quarto chapters; v467-v478 curated export artifacts
reports/paper_material/paper4/status/paper4_v316_status.json,status_json,316,delete,generated Paper 4 loop artifact retired; not read by Quarto after closure,paper4_deep_cleanup_manifest_2026-05-18.csv; Paper 4 Quarto chapters; v467-v478 curated export artifacts
reports/paper_material/paper4/status/paper4_v317_status.json,status_json,317,delete,generated Paper 4 loop artifact retired; not read by Quarto after closure,paper4_deep_cleanup_manifest_2026-05-18.csv; Paper 4 Quarto chapters; v467-v478 curated export artifacts
reports/paper_material/paper4/status/paper4_v318_status.json,status_json,318,delete,generated Paper 4 loop artifact retired; not read by Quarto after closure,paper4_deep_cleanup_manifest_2026-05-18.csv; Paper 4 Quarto chapters; v467-v478 curated export artifacts
reports/paper_material/paper4/status/paper4_v319_status.json,status_json,319,delete,generated Paper 4 loop artifact retired; not read by Quarto after closure,paper4_deep_cleanup_manifest_2026-05-18.csv; Paper 4 Quarto chapters; v467-v478 curated export artifacts
reports/paper_material/paper4/status/paper4_v320_status.json,status_json,320,delete,generated Paper 4 loop artifact retired; not read by Quarto after closure,paper4_deep_cleanup_manifest_2026-05-18.csv; Paper 4 Quarto chapters; v467-v478 curated export artifacts
reports/paper_material/paper4/status/paper4_v321_status.json,status_json,321,delete,generated Paper 4 loop artifact retired; not read by Quarto after closure,paper4_deep_cleanup_manifest_2026-05-18.csv; Paper 4 Quarto chapters; v467-v478 curated export artifacts
reports/paper_material/paper4/status/paper4_v322_status.json,status_json,322,delete,generated Paper 4 loop artifact retired; not read by Quarto after closure,paper4_deep_cleanup_manifest_2026-05-18.csv; Paper 4 Quarto chapters; v467-v478 curated export artifacts
reports/paper_material/paper4/status/paper4_v323_status.json,status_json,323,delete,generated Paper 4 loop artifact retired; not read by Quarto after closure,paper4_deep_cleanup_manifest_2026-05-18.csv; Paper 4 Quarto chapters; v467-v478 curated export artifacts
reports/paper_material/paper4/status/paper4_v324_status.json,status_json,324,delete,generated Paper 4 loop artifact retired; not read by Quarto after closure,paper4_deep_cleanup_manifest_2026-05-18.csv; Paper 4 Quarto chapters; v467-v478 curated export artifacts
reports/paper_material/paper4/status/paper4_v325_status.json,status_json,325,delete,generated Paper 4 loop artifact retired; not read by Quarto after closure,paper4_deep_cleanup_manifest_2026-05-18.csv; Paper 4 Quarto chapters; v467-v478 curated export artifacts
reports/paper_material/paper4/status/paper4_v326_status.json,status_json,326,delete,generated Paper 4 loop artifact retired; not read by Quarto after closure,paper4_deep_cleanup_manifest_2026-05-18.csv; Paper 4 Quarto chapters; v467-v478 curated export artifacts
reports/paper_material/paper4/status/paper4_v327_status.json,status_json,327,delete,generated Paper 4 loop artifact retired; not read by Quarto after closure,paper4_deep_cleanup_manifest_2026-05-18.csv; Paper 4 Quarto chapters; v467-v478 curated export artifacts
reports/paper_material/paper4/status/paper4_v328_status.json,status_json,328,delete,generated Paper 4 loop artifact retired; not read by Quarto after closure,paper4_deep_cleanup_manifest_2026-05-18.csv; Paper 4 Quarto chapters; v467-v478 curated export artifacts
reports/paper_material/paper4/status/paper4_v329_status.json,status_json,329,delete,generated Paper 4 loop artifact retired; not read by Quarto after closure,paper4_deep_cleanup_manifest_2026-05-18.csv; Paper 4 Quarto chapters; v467-v478 curated export artifacts
reports/paper_material/paper4/status/paper4_v330_status.json,status_json,330,delete,generated Paper 4 loop artifact retired; not read by Quarto after closure,paper4_deep_cleanup_manifest_2026-05-18.csv; Paper 4 Quarto chapters; v467-v478 curated export artifacts
reports/paper_material/paper4/status/paper4_v331_status.json,status_json,331,delete,generated Paper 4 loop artifact retired; not read by Quarto after closure,paper4_deep_cleanup_manifest_2026-05-18.csv; Paper 4 Quarto chapters; v467-v478 curated export artifacts
reports/paper_material/paper4/status/paper4_v332_status.json,status_json,332,delete,generated Paper 4 loop artifact retired; not read by Quarto after closure,paper4_deep_cleanup_manifest_2026-05-18.csv; Paper 4 Quarto chapters; v467-v478 curated export artifacts
reports/paper_material/paper4/status/paper4_v333_status.json,status_json,333,delete,generated Paper 4 loop artifact retired; not read by Quarto after closure,paper4_deep_cleanup_manifest_2026-05-18.csv; Paper 4 Quarto chapters; v467-v478 curated export artifacts
reports/paper_material/paper4/status/paper4_v334_status.json,status_json,334,delete,generated Paper 4 loop artifact retired; not read by Quarto after closure,paper4_deep_cleanup_manifest_2026-05-18.csv; Paper 4 Quarto chapters; v467-v478 curated export artifacts
reports/paper_material/paper4/status/paper4_v335_status.json,status_json,335,delete,generated Paper 4 loop artifact retired; not read by Quarto after closure,paper4_deep_cleanup_manifest_2026-05-18.csv; Paper 4 Quarto chapters; v467-v478 curated export artifacts
reports/paper_material/paper4/status/paper4_v336_status.json,status_json,336,delete,generated Paper 4 loop artifact retired; not read by Quarto after closure,paper4_deep_cleanup_manifest_2026-05-18.csv; Paper 4 Quarto chapters; v467-v478 curated export artifacts
reports/paper_material/paper4/status/paper4_v337_status.json,status_json,337,delete,generated Paper 4 loop artifact retired; not read by Quarto after closure,paper4_deep_cleanup_manifest_2026-05-18.csv; Paper 4 Quarto chapters; v467-v478 curated export artifacts
reports/paper_material/paper4/status/paper4_v338_status.json,status_json,338,delete,generated Paper 4 loop artifact retired; not read by Quarto after closure,paper4_deep_cleanup_manifest_2026-05-18.csv; Paper 4 Quarto chapters; v467-v478 curated export artifacts
reports/paper_material/paper4/status/paper4_v339_status.json,status_json,339,delete,generated Paper 4 loop artifact retired; not read by Quarto after closure,paper4_deep_cleanup_manifest_2026-05-18.csv; Paper 4 Quarto chapters; v467-v478 curated export artifacts
reports/paper_material/paper4/status/paper4_v340_status.json,status_json,340,delete,generated Paper 4 loop artifact retired; not read by Quarto after closure,paper4_deep_cleanup_manifest_2026-05-18.csv; Paper 4 Quarto chapters; v467-v478 curated export artifacts
reports/paper_material/paper4/status/paper4_v341_status.json,status_json,341,delete,generated Paper 4 loop artifact retired; not read by Quarto after closure,paper4_deep_cleanup_manifest_2026-05-18.csv; Paper 4 Quarto chapters; v467-v478 curated export artifacts
reports/paper_material/paper4/status/paper4_v342_status.json,status_json,342,delete,generated Paper 4 loop artifact retired; not read by Quarto after closure,paper4_deep_cleanup_manifest_2026-05-18.csv; Paper 4 Quarto chapters; v467-v478 curated export artifacts
reports/paper_material/paper4/status/paper4_v343_status.json,status_json,343,delete,generated Paper 4 loop artifact retired; not read by Quarto after closure,paper4_deep_cleanup_manifest_2026-05-18.csv; Paper 4 Quarto chapters; v467-v478 curated export artifacts
reports/paper_material/paper4/status/paper4_v344_status.json,status_json,344,delete,generated Paper 4 loop artifact retired; not read by Quarto after closure,paper4_deep_cleanup_manifest_2026-05-18.csv; Paper 4 Quarto chapters; v467-v478 curated export artifacts
reports/paper_material/paper4/status/paper4_v345_status.json,status_json,345,delete,generated Paper 4 loop artifact retired; not read by Quarto after closure,paper4_deep_cleanup_manifest_2026-05-18.csv; Paper 4 Quarto chapters; v467-v478 curated export artifacts
reports/paper_material/paper4/status/paper4_v346_status.json,status_json,346,delete,generated Paper 4 loop artifact retired; not read by Quarto after closure,paper4_deep_cleanup_manifest_2026-05-18.csv; Paper 4 Quarto chapters; v467-v478 curated export artifacts
reports/paper_material/paper4/status/paper4_v347_status.json,status_json,347,delete,generated Paper 4 loop artifact retired; not read by Quarto after closure,paper4_deep_cleanup_manifest_2026-05-18.csv; Paper 4 Quarto chapters; v467-v478 curated export artifacts
reports/paper_material/paper4/status/paper4_v348_status.json,status_json,348,delete,generated Paper 4 loop artifact retired; not read by Quarto after closure,paper4_deep_cleanup_manifest_2026-05-18.csv; Paper 4 Quarto chapters; v467-v478 curated export artifacts
reports/paper_material/paper4/status/paper4_v349_status.json,status_json,349,delete,generated Paper 4 loop artifact retired; not read by Quarto after closure,paper4_deep_cleanup_manifest_2026-05-18.csv; Paper 4 Quarto chapters; v467-v478 curated export artifacts
reports/paper_material/paper4/status/paper4_v350_status.json,status_json,350,delete,generated Paper 4 loop artifact retired; not read by Quarto after closure,paper4_deep_cleanup_manifest_2026-05-18.csv; Paper 4 Quarto chapters; v467-v478 curated export artifacts
reports/paper_material/paper4/status/paper4_v351_status.json,status_json,351,delete,generated Paper 4 loop artifact retired; not read by Quarto after closure,paper4_deep_cleanup_manifest_2026-05-18.csv; Paper 4 Quarto chapters; v467-v478 curated export artifacts
reports/paper_material/paper4/status/paper4_v352_status.json,status_json,352,delete,generated Paper 4 loop artifact retired; not read by Quarto after closure,paper4_deep_cleanup_manifest_2026-05-18.csv; Paper 4 Quarto chapters; v467-v478 curated export artifacts
reports/paper_material/paper4/status/paper4_v353_status.json,status_json,353,delete,generated Paper 4 loop artifact retired; not read by Quarto after closure,paper4_deep_cleanup_manifest_2026-05-18.csv; Paper 4 Quarto chapters; v467-v478 curated export artifacts
reports/paper_material/paper4/status/paper4_v354_status.json,status_json,354,delete,generated Paper 4 loop artifact retired; not read by Quarto after closure,paper4_deep_cleanup_manifest_2026-05-18.csv; Paper 4 Quarto chapters; v467-v478 curated export artifacts
reports/paper_material/paper4/status/paper4_v355_status.json,status_json,355,delete,generated Paper 4 loop artifact retired; not read by Quarto after closure,paper4_deep_cleanup_manifest_2026-05-18.csv; Paper 4 Quarto chapters; v467-v478 curated export artifacts
reports/paper_material/paper4/status/paper4_v356_status.json,status_json,356,delete,generated Paper 4 loop artifact retired; not read by Quarto after closure,paper4_deep_cleanup_manifest_2026-05-18.csv; Paper 4 Quarto chapters; v467-v478 curated export artifacts
reports/paper_material/paper4/status/paper4_v357_status.json,status_json,357,delete,generated Paper 4 loop artifact retired; not read by Quarto after closure,paper4_deep_cleanup_manifest_2026-05-18.csv; Paper 4 Quarto chapters; v467-v478 curated export artifacts
reports/paper_material/paper4/status/paper4_v358_status.json,status_json,358,delete,generated Paper 4 loop artifact retired; not read by Quarto after closure,paper4_deep_cleanup_manifest_2026-05-18.csv; Paper 4 Quarto chapters; v467-v478 curated export artifacts
reports/paper_material/paper4/status/paper4_v359_status.json,status_json,359,delete,generated Paper 4 loop artifact retired; not read by Quarto after closure,paper4_deep_cleanup_manifest_2026-05-18.csv; Paper 4 Quarto chapters; v467-v478 curated export artifacts
reports/paper_material/paper4/status/paper4_v360_status.json,status_json,360,delete,generated Paper 4 loop artifact retired; not read by Quarto after closure,paper4_deep_cleanup_manifest_2026-05-18.csv; Paper 4 Quarto chapters; v467-v478 curated export artifacts
reports/paper_material/paper4/status/paper4_v361_status.json,status_json,361,delete,generated Paper 4 loop artifact retired; not read by Quarto after closure,paper4_deep_cleanup_manifest_2026-05-18.csv; Paper 4 Quarto chapters; v467-v478 curated export artifacts
reports/paper_material/paper4/status/paper4_v362_status.json,status_json,362,delete,generated Paper 4 loop artifact retired; not read by Quarto after closure,paper4_deep_cleanup_manifest_2026-05-18.csv; Paper 4 Quarto chapters; v467-v478 curated export artifacts
reports/paper_material/paper4/status/paper4_v363_status.json,status_json,363,delete,generated Paper 4 loop artifact retired; not read by Quarto after closure,paper4_deep_cleanup_manifest_2026-05-18.csv; Paper 4 Quarto chapters; v467-v478 curated export artifacts
reports/paper_material/paper4/status/paper4_v364_status.json,status_json,364,delete,generated Paper 4 loop artifact retired; not read by Quarto after closure,paper4_deep_cleanup_manifest_2026-05-18.csv; Paper 4 Quarto chapters; v467-v478 curated export artifacts
reports/paper_material/paper4/status/paper4_v365_status.json,status_json,365,delete,generated Paper 4 loop artifact retired; not read by Quarto after closure,paper4_deep_cleanup_manifest_2026-05-18.csv; Paper 4 Quarto chapters; v467-v478 curated export artifacts
reports/paper_material/paper4/status/paper4_v366_status.json,status_json,366,delete,generated Paper 4 loop artifact retired; not read by Quarto after closure,paper4_deep_cleanup_manifest_2026-05-18.csv; Paper 4 Quarto chapters; v467-v478 curated export artifacts
reports/paper_material/paper4/status/paper4_v367_status.json,status_json,367,delete,generated Paper 4 loop artifact retired; not read by Quarto after closure,paper4_deep_cleanup_manifest_2026-05-18.csv; Paper 4 Quarto chapters; v467-v478 curated export artifacts
reports/paper_material/paper4/status/paper4_v368_status.json,status_json,368,delete,generated Paper 4 loop artifact retired; not read by Quarto after closure,paper4_deep_cleanup_manifest_2026-05-18.csv; Paper 4 Quarto chapters; v467-v478 curated export artifacts
reports/paper_material/paper4/status/paper4_v369_status.json,status_json,369,delete,generated Paper 4 loop artifact retired; not read by Quarto after closure,paper4_deep_cleanup_manifest_2026-05-18.csv; Paper 4 Quarto chapters; v467-v478 curated export artifacts
reports/paper_material/paper4/status/paper4_v370_status.json,status_json,370,delete,generated Paper 4 loop artifact retired; not read by Quarto after closure,paper4_deep_cleanup_manifest_2026-05-18.csv; Paper 4 Quarto chapters; v467-v478 curated export artifacts
reports/paper_material/paper4/status/paper4_v371_status.json,status_json,371,delete,generated Paper 4 loop artifact retired; not read by Quarto after closure,paper4_deep_cleanup_manifest_2026-05-18.csv; Paper 4 Quarto chapters; v467-v478 curated export artifacts
reports/paper_material/paper4/status/paper4_v372_status.json,status_json,372,delete,generated Paper 4 loop artifact retired; not read by Quarto after closure,paper4_deep_cleanup_manifest_2026-05-18.csv; Paper 4 Quarto chapters; v467-v478 curated export artifacts
reports/paper_material/paper4/status/paper4_v373_status.json,status_json,373,delete,generated Paper 4 loop artifact retired; not read by Quarto after closure,paper4_deep_cleanup_manifest_2026-05-18.csv; Paper 4 Quarto chapters; v467-v478 curated export artifacts
reports/paper_material/paper4/status/paper4_v374_status.json,status_json,374,delete,generated Paper 4 loop artifact retired; not read by Quarto after closure,paper4_deep_cleanup_manifest_2026-05-18.csv; Paper 4 Quarto chapters; v467-v478 curated export artifacts
reports/paper_material/paper4/status/paper4_v375_status.json,status_json,375,delete,generated Paper 4 loop artifact retired; not read by Quarto after closure,paper4_deep_cleanup_manifest_2026-05-18.csv; Paper 4 Quarto chapters; v467-v478 curated export artifacts
reports/paper_material/paper4/status/paper4_v376_status.json,status_json,376,delete,generated Paper 4 loop artifact retired; not read by Quarto after closure,paper4_deep_cleanup_manifest_2026-05-18.csv; Paper 4 Quarto chapters; v467-v478 curated export artifacts
reports/paper_material/paper4/status/paper4_v377_status.json,status_json,377,delete,generated Paper 4 loop artifact retired; not read by Quarto after closure,paper4_deep_cleanup_manifest_2026-05-18.csv; Paper 4 Quarto chapters; v467-v478 curated export artifacts
reports/paper_material/paper4/status/paper4_v378_status.json,status_json,378,delete,generated Paper 4 loop artifact retired; not read by Quarto after closure,paper4_deep_cleanup_manifest_2026-05-18.csv; Paper 4 Quarto chapters; v467-v478 curated export artifacts
reports/paper_material/paper4/status/paper4_v379_status.json,status_json,379,delete,generated Paper 4 loop artifact retired; not read by Quarto after closure,paper4_deep_cleanup_manifest_2026-05-18.csv; Paper 4 Quarto chapters; v467-v478 curated export artifacts
reports/paper_material/paper4/status/paper4_v380_status.json,status_json,380,delete,generated Paper 4 loop artifact retired; not read by Quarto after closure,paper4_deep_cleanup_manifest_2026-05-18.csv; Paper 4 Quarto chapters; v467-v478 curated export artifacts
reports/paper_material/paper4/status/paper4_v381_status.json,status_json,381,delete,generated Paper 4 loop artifact retired; not read by Quarto after closure,paper4_deep_cleanup_manifest_2026-05-18.csv; Paper 4 Quarto chapters; v467-v478 curated export artifacts
reports/paper_material/paper4/status/paper4_v382_status.json,status_json,382,delete,generated Paper 4 loop artifact retired; not read by Quarto after closure,paper4_deep_cleanup_manifest_2026-05-18.csv; Paper 4 Quarto chapters; v467-v478 curated export artifacts
reports/paper_material/paper4/status/paper4_v383_status.json,status_json,383,delete,generated Paper 4 loop artifact retired; not read by Quarto after closure,paper4_deep_cleanup_manifest_2026-05-18.csv; Paper 4 Quarto chapters; v467-v478 curated export artifacts
reports/paper_material/paper4/status/paper4_v384_status.json,status_json,384,delete,generated Paper 4 loop artifact retired; not read by Quarto after closure,paper4_deep_cleanup_manifest_2026-05-18.csv; Paper 4 Quarto chapters; v467-v478 curated export artifacts
reports/paper_material/paper4/status/paper4_v385_status.json,status_json,385,delete,generated Paper 4 loop artifact retired; not read by Quarto after closure,paper4_deep_cleanup_manifest_2026-05-18.csv; Paper 4 Quarto chapters; v467-v478 curated export artifacts
reports/paper_material/paper4/status/paper4_v386_status.json,status_json,386,delete,generated Paper 4 loop artifact retired; not read by Quarto after closure,paper4_deep_cleanup_manifest_2026-05-18.csv; Paper 4 Quarto chapters; v467-v478 curated export artifacts
reports/paper_material/paper4/status/paper4_v387_status.json,status_json,387,delete,generated Paper 4 loop artifact retired; not read by Quarto after closure,paper4_deep_cleanup_manifest_2026-05-18.csv; Paper 4 Quarto chapters; v467-v478 curated export artifacts
reports/paper_material/paper4/status/paper4_v388_status.json,status_json,388,delete,generated Paper 4 loop artifact retired; not read by Quarto after closure,paper4_deep_cleanup_manifest_2026-05-18.csv; Paper 4 Quarto chapters; v467-v478 curated export artifacts
reports/paper_material/paper4/status/paper4_v389_status.json,status_json,389,delete,generated Paper 4 loop artifact retired; not read by Quarto after closure,paper4_deep_cleanup_manifest_2026-05-18.csv; Paper 4 Quarto chapters; v467-v478 curated export artifacts
reports/paper_material/paper4/status/paper4_v390_status.json,status_json,390,delete,generated Paper 4 loop artifact retired; not read by Quarto after closure,paper4_deep_cleanup_manifest_2026-05-18.csv; Paper 4 Quarto chapters; v467-v478 curated export artifacts
reports/paper_material/paper4/status/paper4_v391_status.json,status_json,391,delete,generated Paper 4 loop artifact retired; not read by Quarto after closure,paper4_deep_cleanup_manifest_2026-05-18.csv; Paper 4 Quarto chapters; v467-v478 curated export artifacts
reports/paper_material/paper4/status/paper4_v392_status.json,status_json,392,delete,generated Paper 4 loop artifact retired; not read by Quarto after closure,paper4_deep_cleanup_manifest_2026-05-18.csv; Paper 4 Quarto chapters; v467-v478 curated export artifacts
reports/paper_material/paper4/status/paper4_v393_status.json,status_json,393,delete,generated Paper 4 loop artifact retired; not read by Quarto after closure,paper4_deep_cleanup_manifest_2026-05-18.csv; Paper 4 Quarto chapters; v467-v478 curated export artifacts
reports/paper_material/paper4/status/paper4_v394_status.json,status_json,394,delete,generated Paper 4 loop artifact retired; not read by Quarto after closure,paper4_deep_cleanup_manifest_2026-05-18.csv; Paper 4 Quarto chapters; v467-v478 curated export artifacts
reports/paper_material/paper4/status/paper4_v395_status.json,status_json,395,delete,generated Paper 4 loop artifact retired; not read by Quarto after closure,paper4_deep_cleanup_manifest_2026-05-18.csv; Paper 4 Quarto chapters; v467-v478 curated export artifacts
reports/paper_material/paper4/status/paper4_v396_status.json,status_json,396,delete,generated Paper 4 loop artifact retired; not read by Quarto after closure,paper4_deep_cleanup_manifest_2026-05-18.csv; Paper 4 Quarto chapters; v467-v478 curated export artifacts
reports/paper_material/paper4/status/paper4_v397_status.json,status_json,397,delete,generated Paper 4 loop artifact retired; not read by Quarto after closure,paper4_deep_cleanup_manifest_2026-05-18.csv; Paper 4 Quarto chapters; v467-v478 curated export artifacts
reports/paper_material/paper4/status/paper4_v398_status.json,status_json,398,delete,generated Paper 4 loop artifact retired; not read by Quarto after closure,paper4_deep_cleanup_manifest_2026-05-18.csv; Paper 4 Quarto chapters; v467-v478 curated export artifacts
reports/paper_material/paper4/status/paper4_v399_status.json,status_json,399,delete,generated Paper 4 loop artifact retired; not read by Quarto after closure,paper4_deep_cleanup_manifest_2026-05-18.csv; Paper 4 Quarto chapters; v467-v478 curated export artifacts
reports/paper_material/paper4/status/paper4_v39_status.json,status_json,39,delete,generated Paper 4 loop artifact retired; not read by Quarto after closure,paper4_deep_cleanup_manifest_2026-05-18.csv; Paper 4 Quarto chapters; v467-v478 curated export artifacts
reports/paper_material/paper4/status/paper4_v400_status.json,status_json,400,delete,generated Paper 4 loop artifact retired; not read by Quarto after closure,paper4_deep_cleanup_manifest_2026-05-18.csv; Paper 4 Quarto chapters; v467-v478 curated export artifacts
reports/paper_material/paper4/status/paper4_v401_status.json,status_json,401,delete,generated Paper 4 loop artifact retired; not read by Quarto after closure,paper4_deep_cleanup_manifest_2026-05-18.csv; Paper 4 Quarto chapters; v467-v478 curated export artifacts
reports/paper_material/paper4/status/paper4_v402_status.json,status_json,402,delete,generated Paper 4 loop artifact retired; not read by Quarto after closure,paper4_deep_cleanup_manifest_2026-05-18.csv; Paper 4 Quarto chapters; v467-v478 curated export artifacts
reports/paper_material/paper4/status/paper4_v403_status.json,status_json,403,delete,generated Paper 4 loop artifact retired; not read by Quarto after closure,paper4_deep_cleanup_manifest_2026-05-18.csv; Paper 4 Quarto chapters; v467-v478 curated export artifacts
reports/paper_material/paper4/status/paper4_v404_status.json,status_json,404,delete,generated Paper 4 loop artifact retired; not read by Quarto after closure,paper4_deep_cleanup_manifest_2026-05-18.csv; Paper 4 Quarto chapters; v467-v478 curated export artifacts
reports/paper_material/paper4/status/paper4_v405_status.json,status_json,405,delete,generated Paper 4 loop artifact retired; not read by Quarto after closure,paper4_deep_cleanup_manifest_2026-05-18.csv; Paper 4 Quarto chapters; v467-v478 curated export artifacts
reports/paper_material/paper4/status/paper4_v406_status.json,status_json,406,delete,generated Paper 4 loop artifact retired; not read by Quarto after closure,paper4_deep_cleanup_manifest_2026-05-18.csv; Paper 4 Quarto chapters; v467-v478 curated export artifacts
reports/paper_material/paper4/status/paper4_v407_status.json,status_json,407,delete,generated Paper 4 loop artifact retired; not read by Quarto after closure,paper4_deep_cleanup_manifest_2026-05-18.csv; Paper 4 Quarto chapters; v467-v478 curated export artifacts
reports/paper_material/paper4/status/paper4_v408_status.json,status_json,408,delete,generated Paper 4 loop artifact retired; not read by Quarto after closure,paper4_deep_cleanup_manifest_2026-05-18.csv; Paper 4 Quarto chapters; v467-v478 curated export artifacts
reports/paper_material/paper4/status/paper4_v409_status.json,status_json,409,delete,generated Paper 4 loop artifact retired; not read by Quarto after closure,paper4_deep_cleanup_manifest_2026-05-18.csv; Paper 4 Quarto chapters; v467-v478 curated export artifacts
reports/paper_material/paper4/status/paper4_v40_status.json,status_json,40,delete,generated Paper 4 loop artifact retired; not read by Quarto after closure,paper4_deep_cleanup_manifest_2026-05-18.csv; Paper 4 Quarto chapters; v467-v478 curated export artifacts
reports/paper_material/paper4/status/paper4_v410_status.json,status_json,410,delete,generated Paper 4 loop artifact retired; not read by Quarto after closure,paper4_deep_cleanup_manifest_2026-05-18.csv; Paper 4 Quarto chapters; v467-v478 curated export artifacts
reports/paper_material/paper4/status/paper4_v411_status.json,status_json,411,delete,generated Paper 4 loop artifact retired; not read by Quarto after closure,paper4_deep_cleanup_manifest_2026-05-18.csv; Paper 4 Quarto chapters; v467-v478 curated export artifacts
reports/paper_material/paper4/status/paper4_v412_status.json,status_json,412,delete,generated Paper 4 loop artifact retired; not read by Quarto after closure,paper4_deep_cleanup_manifest_2026-05-18.csv; Paper 4 Quarto chapters; v467-v478 curated export artifacts
reports/paper_material/paper4/status/paper4_v413_status.json,status_json,413,delete,generated Paper 4 loop artifact retired; not read by Quarto after closure,paper4_deep_cleanup_manifest_2026-05-18.csv; Paper 4 Quarto chapters; v467-v478 curated export artifacts
reports/paper_material/paper4/status/paper4_v414_status.json,status_json,414,delete,generated Paper 4 loop artifact retired; not read by Quarto after closure,paper4_deep_cleanup_manifest_2026-05-18.csv; Paper 4 Quarto chapters; v467-v478 curated export artifacts
reports/paper_material/paper4/status/paper4_v415_status.json,status_json,415,delete,generated Paper 4 loop artifact retired; not read by Quarto after closure,paper4_deep_cleanup_manifest_2026-05-18.csv; Paper 4 Quarto chapters; v467-v478 curated export artifacts
reports/paper_material/paper4/status/paper4_v416_status.json,status_json,416,delete,generated Paper 4 loop artifact retired; not read by Quarto after closure,paper4_deep_cleanup_manifest_2026-05-18.csv; Paper 4 Quarto chapters; v467-v478 curated export artifacts
reports/paper_material/paper4/status/paper4_v417_status.json,status_json,417,delete,generated Paper 4 loop artifact retired; not read by Quarto after closure,paper4_deep_cleanup_manifest_2026-05-18.csv; Paper 4 Quarto chapters; v467-v478 curated export artifacts
reports/paper_material/paper4/status/paper4_v418_status.json,status_json,418,delete,generated Paper 4 loop artifact retired; not read by Quarto after closure,paper4_deep_cleanup_manifest_2026-05-18.csv; Paper 4 Quarto chapters; v467-v478 curated export artifacts
reports/paper_material/paper4/status/paper4_v419_status.json,status_json,419,delete,generated Paper 4 loop artifact retired; not read by Quarto after closure,paper4_deep_cleanup_manifest_2026-05-18.csv; Paper 4 Quarto chapters; v467-v478 curated export artifacts
reports/paper_material/paper4/status/paper4_v41_status.json,status_json,41,delete,generated Paper 4 loop artifact retired; not read by Quarto after closure,paper4_deep_cleanup_manifest_2026-05-18.csv; Paper 4 Quarto chapters; v467-v478 curated export artifacts
reports/paper_material/paper4/status/paper4_v420_status.json,status_json,420,delete,generated Paper 4 loop artifact retired; not read by Quarto after closure,paper4_deep_cleanup_manifest_2026-05-18.csv; Paper 4 Quarto chapters; v467-v478 curated export artifacts
reports/paper_material/paper4/status/paper4_v421_status.json,status_json,421,delete,generated Paper 4 loop artifact retired; not read by Quarto after closure,paper4_deep_cleanup_manifest_2026-05-18.csv; Paper 4 Quarto chapters; v467-v478 curated export artifacts
reports/paper_material/paper4/status/paper4_v422_status.json,status_json,422,delete,generated Paper 4 loop artifact retired; not read by Quarto after closure,paper4_deep_cleanup_manifest_2026-05-18.csv; Paper 4 Quarto chapters; v467-v478 curated export artifacts
reports/paper_material/paper4/status/paper4_v423_status.json,status_json,423,delete,generated Paper 4 loop artifact retired; not read by Quarto after closure,paper4_deep_cleanup_manifest_2026-05-18.csv; Paper 4 Quarto chapters; v467-v478 curated export artifacts
reports/paper_material/paper4/status/paper4_v424_status.json,status_json,424,delete,generated Paper 4 loop artifact retired; not read by Quarto after closure,paper4_deep_cleanup_manifest_2026-05-18.csv; Paper 4 Quarto chapters; v467-v478 curated export artifacts
reports/paper_material/paper4/status/paper4_v425_status.json,status_json,425,delete,generated Paper 4 loop artifact retired; not read by Quarto after closure,paper4_deep_cleanup_manifest_2026-05-18.csv; Paper 4 Quarto chapters; v467-v478 curated export artifacts
reports/paper_material/paper4/status/paper4_v426_status.json,status_json,426,delete,generated Paper 4 loop artifact retired; not read by Quarto after closure,paper4_deep_cleanup_manifest_2026-05-18.csv; Paper 4 Quarto chapters; v467-v478 curated export artifacts
reports/paper_material/paper4/status/paper4_v427_status.json,status_json,427,delete,generated Paper 4 loop artifact retired; not read by Quarto after closure,paper4_deep_cleanup_manifest_2026-05-18.csv; Paper 4 Quarto chapters; v467-v478 curated export artifacts
reports/paper_material/paper4/status/paper4_v428_status.json,status_json,428,delete,generated Paper 4 loop artifact retired; not read by Quarto after closure,paper4_deep_cleanup_manifest_2026-05-18.csv; Paper 4 Quarto chapters; v467-v478 curated export artifacts
reports/paper_material/paper4/status/paper4_v429_status.json,status_json,429,delete,generated Paper 4 loop artifact retired; not read by Quarto after closure,paper4_deep_cleanup_manifest_2026-05-18.csv; Paper 4 Quarto chapters; v467-v478 curated export artifacts
reports/paper_material/paper4/status/paper4_v42_status.json,status_json,42,delete,generated Paper 4 loop artifact retired; not read by Quarto after closure,paper4_deep_cleanup_manifest_2026-05-18.csv; Paper 4 Quarto chapters; v467-v478 curated export artifacts
reports/paper_material/paper4/status/paper4_v430_status.json,status_json,430,delete,generated Paper 4 loop artifact retired; not read by Quarto after closure,paper4_deep_cleanup_manifest_2026-05-18.csv; Paper 4 Quarto chapters; v467-v478 curated export artifacts
reports/paper_material/paper4/status/paper4_v431_status.json,status_json,431,delete,generated Paper 4 loop artifact retired; not read by Quarto after closure,paper4_deep_cleanup_manifest_2026-05-18.csv; Paper 4 Quarto chapters; v467-v478 curated export artifacts
reports/paper_material/paper4/status/paper4_v432_status.json,status_json,432,delete,generated Paper 4 loop artifact retired; not read by Quarto after closure,paper4_deep_cleanup_manifest_2026-05-18.csv; Paper 4 Quarto chapters; v467-v478 curated export artifacts
reports/paper_material/paper4/status/paper4_v433_status.json,status_json,433,delete,generated Paper 4 loop artifact retired; not read by Quarto after closure,paper4_deep_cleanup_manifest_2026-05-18.csv; Paper 4 Quarto chapters; v467-v478 curated export artifacts
reports/paper_material/paper4/status/paper4_v434_status.json,status_json,434,delete,generated Paper 4 loop artifact retired; not read by Quarto after closure,paper4_deep_cleanup_manifest_2026-05-18.csv; Paper 4 Quarto chapters; v467-v478 curated export artifacts
reports/paper_material/paper4/status/paper4_v435_status.json,status_json,435,delete,generated Paper 4 loop artifact retired; not read by Quarto after closure,paper4_deep_cleanup_manifest_2026-05-18.csv; Paper 4 Quarto chapters; v467-v478 curated export artifacts
reports/paper_material/paper4/status/paper4_v436_status.json,status_json,436,delete,generated Paper 4 loop artifact retired; not read by Quarto after closure,paper4_deep_cleanup_manifest_2026-05-18.csv; Paper 4 Quarto chapters; v467-v478 curated export artifacts
reports/paper_material/paper4/status/paper4_v437_status.json,status_json,437,delete,generated Paper 4 loop artifact retired; not read by Quarto after closure,paper4_deep_cleanup_manifest_2026-05-18.csv; Paper 4 Quarto chapters; v467-v478 curated export artifacts
reports/paper_material/paper4/status/paper4_v438_status.json,status_json,438,delete,generated Paper 4 loop artifact retired; not read by Quarto after closure,paper4_deep_cleanup_manifest_2026-05-18.csv; Paper 4 Quarto chapters; v467-v478 curated export artifacts
reports/paper_material/paper4/status/paper4_v439_status.json,status_json,439,delete,generated Paper 4 loop artifact retired; not read by Quarto after closure,paper4_deep_cleanup_manifest_2026-05-18.csv; Paper 4 Quarto chapters; v467-v478 curated export artifacts
reports/paper_material/paper4/status/paper4_v43_status.json,status_json,43,delete,generated Paper 4 loop artifact retired; not read by Quarto after closure,paper4_deep_cleanup_manifest_2026-05-18.csv; Paper 4 Quarto chapters; v467-v478 curated export artifacts
reports/paper_material/paper4/status/paper4_v440_status.json,status_json,440,delete,generated Paper 4 loop artifact retired; not read by Quarto after closure,paper4_deep_cleanup_manifest_2026-05-18.csv; Paper 4 Quarto chapters; v467-v478 curated export artifacts
reports/paper_material/paper4/status/paper4_v441_status.json,status_json,441,delete,generated Paper 4 loop artifact retired; not read by Quarto after closure,paper4_deep_cleanup_manifest_2026-05-18.csv; Paper 4 Quarto chapters; v467-v478 curated export artifacts
reports/paper_material/paper4/status/paper4_v442_status.json,status_json,442,delete,generated Paper 4 loop artifact retired; not read by Quarto after closure,paper4_deep_cleanup_manifest_2026-05-18.csv; Paper 4 Quarto chapters; v467-v478 curated export artifacts
reports/paper_material/paper4/status/paper4_v443_status.json,status_json,443,delete,generated Paper 4 loop artifact retired; not read by Quarto after closure,paper4_deep_cleanup_manifest_2026-05-18.csv; Paper 4 Quarto chapters; v467-v478 curated export artifacts
reports/paper_material/paper4/status/paper4_v444_status.json,status_json,444,delete,generated Paper 4 loop artifact retired; not read by Quarto after closure,paper4_deep_cleanup_manifest_2026-05-18.csv; Paper 4 Quarto chapters; v467-v478 curated export artifacts
reports/paper_material/paper4/status/paper4_v445_status.json,status_json,445,delete,generated Paper 4 loop artifact retired; not read by Quarto after closure,paper4_deep_cleanup_manifest_2026-05-18.csv; Paper 4 Quarto chapters; v467-v478 curated export artifacts
reports/paper_material/paper4/status/paper4_v446_status.json,status_json,446,delete,generated Paper 4 loop artifact retired; not read by Quarto after closure,paper4_deep_cleanup_manifest_2026-05-18.csv; Paper 4 Quarto chapters; v467-v478 curated export artifacts
reports/paper_material/paper4/status/paper4_v447_status.json,status_json,447,delete,generated Paper 4 loop artifact retired; not read by Quarto after closure,paper4_deep_cleanup_manifest_2026-05-18.csv; Paper 4 Quarto chapters; v467-v478 curated export artifacts
reports/paper_material/paper4/status/paper4_v448_status.json,status_json,448,delete,generated Paper 4 loop artifact retired; not read by Quarto after closure,paper4_deep_cleanup_manifest_2026-05-18.csv; Paper 4 Quarto chapters; v467-v478 curated export artifacts
reports/paper_material/paper4/status/paper4_v449_status.json,status_json,449,delete,generated Paper 4 loop artifact retired; not read by Quarto after closure,paper4_deep_cleanup_manifest_2026-05-18.csv; Paper 4 Quarto chapters; v467-v478 curated export artifacts
reports/paper_material/paper4/status/paper4_v44_status.json,status_json,44,delete,generated Paper 4 loop artifact retired; not read by Quarto after closure,paper4_deep_cleanup_manifest_2026-05-18.csv; Paper 4 Quarto chapters; v467-v478 curated export artifacts
reports/paper_material/paper4/status/paper4_v450_status.json,status_json,450,delete,generated Paper 4 loop artifact retired; not read by Quarto after closure,paper4_deep_cleanup_manifest_2026-05-18.csv; Paper 4 Quarto chapters; v467-v478 curated export artifacts
reports/paper_material/paper4/status/paper4_v451_status.json,status_json,451,delete,generated Paper 4 loop artifact retired; not read by Quarto after closure,paper4_deep_cleanup_manifest_2026-05-18.csv; Paper 4 Quarto chapters; v467-v478 curated export artifacts
reports/paper_material/paper4/status/paper4_v452_status.json,status_json,452,delete,generated Paper 4 loop artifact retired; not read by Quarto after closure,paper4_deep_cleanup_manifest_2026-05-18.csv; Paper 4 Quarto chapters; v467-v478 curated export artifacts
reports/paper_material/paper4/status/paper4_v453_status.json,status_json,453,delete,generated Paper 4 loop artifact retired; not read by Quarto after closure,paper4_deep_cleanup_manifest_2026-05-18.csv; Paper 4 Quarto chapters; v467-v478 curated export artifacts
reports/paper_material/paper4/status/paper4_v454_status.json,status_json,454,delete,generated Paper 4 loop artifact retired; not read by Quarto after closure,paper4_deep_cleanup_manifest_2026-05-18.csv; Paper 4 Quarto chapters; v467-v478 curated export artifacts
reports/paper_material/paper4/status/paper4_v455_status.json,status_json,455,delete,generated Paper 4 loop artifact retired; not read by Quarto after closure,paper4_deep_cleanup_manifest_2026-05-18.csv; Paper 4 Quarto chapters; v467-v478 curated export artifacts
reports/paper_material/paper4/status/paper4_v456_status.json,status_json,456,delete,generated Paper 4 loop artifact retired; not read by Quarto after closure,paper4_deep_cleanup_manifest_2026-05-18.csv; Paper 4 Quarto chapters; v467-v478 curated export artifacts
reports/paper_material/paper4/status/paper4_v457_status.json,status_json,457,delete,generated Paper 4 loop artifact retired; not read by Quarto after closure,paper4_deep_cleanup_manifest_2026-05-18.csv; Paper 4 Quarto chapters; v467-v478 curated export artifacts
reports/paper_material/paper4/status/paper4_v458_status.json,status_json,458,delete,generated Paper 4 loop artifact retired; not read by Quarto after closure,paper4_deep_cleanup_manifest_2026-05-18.csv; Paper 4 Quarto chapters; v467-v478 curated export artifacts
reports/paper_material/paper4/status/paper4_v459_status.json,status_json,459,delete,generated Paper 4 loop artifact retired; not read by Quarto after closure,paper4_deep_cleanup_manifest_2026-05-18.csv; Paper 4 Quarto chapters; v467-v478 curated export artifacts
reports/paper_material/paper4/status/paper4_v45_status.json,status_json,45,delete,generated Paper 4 loop artifact retired; not read by Quarto after closure,paper4_deep_cleanup_manifest_2026-05-18.csv; Paper 4 Quarto chapters; v467-v478 curated export artifacts
reports/paper_material/paper4/status/paper4_v460_status.json,status_json,460,delete,generated Paper 4 loop artifact retired; not read by Quarto after closure,paper4_deep_cleanup_manifest_2026-05-18.csv; Paper 4 Quarto chapters; v467-v478 curated export artifacts
reports/paper_material/paper4/status/paper4_v461_status.json,status_json,461,delete,generated Paper 4 loop artifact retired; not read by Quarto after closure,paper4_deep_cleanup_manifest_2026-05-18.csv; Paper 4 Quarto chapters; v467-v478 curated export artifacts
reports/paper_material/paper4/status/paper4_v462_status.json,status_json,462,delete,generated Paper 4 loop artifact retired; not read by Quarto after closure,paper4_deep_cleanup_manifest_2026-05-18.csv; Paper 4 Quarto chapters; v467-v478 curated export artifacts
reports/paper_material/paper4/status/paper4_v463_status.json,status_json,463,delete,generated Paper 4 loop artifact retired; not read by Quarto after closure,paper4_deep_cleanup_manifest_2026-05-18.csv; Paper 4 Quarto chapters; v467-v478 curated export artifacts
reports/paper_material/paper4/status/paper4_v464_status.json,status_json,464,delete,generated Paper 4 loop artifact retired; not read by Quarto after closure,paper4_deep_cleanup_manifest_2026-05-18.csv; Paper 4 Quarto chapters; v467-v478 curated export artifacts
reports/paper_material/paper4/status/paper4_v465_status.json,status_json,465,delete,generated Paper 4 loop artifact retired; not read by Quarto after closure,paper4_deep_cleanup_manifest_2026-05-18.csv; Paper 4 Quarto chapters; v467-v478 curated export artifacts
reports/paper_material/paper4/status/paper4_v466_status.json,status_json,466,delete,generated Paper 4 loop artifact retired; not read by Quarto after closure,paper4_deep_cleanup_manifest_2026-05-18.csv; Paper 4 Quarto chapters; v467-v478 curated export artifacts
reports/paper_material/paper4/status/paper4_v46_status.json,status_json,46,delete,generated Paper 4 loop artifact retired; not read by Quarto after closure,paper4_deep_cleanup_manifest_2026-05-18.csv; Paper 4 Quarto chapters; v467-v478 curated export artifacts
reports/paper_material/paper4/status/paper4_v479_status.json,status_json,479,delete,generated Paper 4 loop artifact retired; not read by Quarto after closure,paper4_deep_cleanup_manifest_2026-05-18.csv; Paper 4 Quarto chapters; v467-v478 curated export artifacts
reports/paper_material/paper4/status/paper4_v47_status.json,status_json,47,delete,generated Paper 4 loop artifact retired; not read by Quarto after closure,paper4_deep_cleanup_manifest_2026-05-18.csv; Paper 4 Quarto chapters; v467-v478 curated export artifacts
reports/paper_material/paper4/status/paper4_v480_status.json,status_json,480,delete,generated Paper 4 loop artifact retired; not read by Quarto after closure,paper4_deep_cleanup_manifest_2026-05-18.csv; Paper 4 Quarto chapters; v467-v478 curated export artifacts
reports/paper_material/paper4/status/paper4_v481_status.json,status_json,481,delete,generated Paper 4 loop artifact retired; not read by Quarto after closure,paper4_deep_cleanup_manifest_2026-05-18.csv; Paper 4 Quarto chapters; v467-v478 curated export artifacts
reports/paper_material/paper4/status/paper4_v482_status.json,status_json,482,delete,generated Paper 4 loop artifact retired; not read by Quarto after closure,paper4_deep_cleanup_manifest_2026-05-18.csv; Paper 4 Quarto chapters; v467-v478 curated export artifacts
reports/paper_material/paper4/status/paper4_v483_status.json,status_json,483,delete,generated Paper 4 loop artifact retired; not read by Quarto after closure,paper4_deep_cleanup_manifest_2026-05-18.csv; Paper 4 Quarto chapters; v467-v478 curated export artifacts
reports/paper_material/paper4/status/paper4_v484_status.json,status_json,484,delete,generated Paper 4 loop artifact retired; not read by Quarto after closure,paper4_deep_cleanup_manifest_2026-05-18.csv; Paper 4 Quarto chapters; v467-v478 curated export artifacts
reports/paper_material/paper4/status/paper4_v485_status.json,status_json,485,delete,generated Paper 4 loop artifact retired; not read by Quarto after closure,paper4_deep_cleanup_manifest_2026-05-18.csv; Paper 4 Quarto chapters; v467-v478 curated export artifacts
reports/paper_material/paper4/status/paper4_v486_status.json,status_json,486,delete,generated Paper 4 loop artifact retired; not read by Quarto after closure,paper4_deep_cleanup_manifest_2026-05-18.csv; Paper 4 Quarto chapters; v467-v478 curated export artifacts
reports/paper_material/paper4/status/paper4_v487_status.json,status_json,487,delete,generated Paper 4 loop artifact retired; not read by Quarto after closure,paper4_deep_cleanup_manifest_2026-05-18.csv; Paper 4 Quarto chapters; v467-v478 curated export artifacts
reports/paper_material/paper4/status/paper4_v488_status.json,status_json,488,delete,generated Paper 4 loop artifact retired; not read by Quarto after closure,paper4_deep_cleanup_manifest_2026-05-18.csv; Paper 4 Quarto chapters; v467-v478 curated export artifacts
reports/paper_material/paper4/status/paper4_v489_status.json,status_json,489,delete,generated Paper 4 loop artifact retired; not read by Quarto after closure,paper4_deep_cleanup_manifest_2026-05-18.csv; Paper 4 Quarto chapters; v467-v478 curated export artifacts
reports/paper_material/paper4/status/paper4_v48_status.json,status_json,48,delete,generated Paper 4 loop artifact retired; not read by Quarto after closure,paper4_deep_cleanup_manifest_2026-05-18.csv; Paper 4 Quarto chapters; v467-v478 curated export artifacts
reports/paper_material/paper4/status/paper4_v49_status.json,status_json,49,delete,generated Paper 4 loop artifact retired; not read by Quarto after closure,paper4_deep_cleanup_manifest_2026-05-18.csv; Paper 4 Quarto chapters; v467-v478 curated export artifacts
reports/paper_material/paper4/status/paper4_v50_status.json,status_json,50,delete,generated Paper 4 loop artifact retired; not read by Quarto after closure,paper4_deep_cleanup_manifest_2026-05-18.csv; Paper 4 Quarto chapters; v467-v478 curated export artifacts
reports/paper_material/paper4/status/paper4_v51_status.json,status_json,51,delete,generated Paper 4 loop artifact retired; not read by Quarto after closure,paper4_deep_cleanup_manifest_2026-05-18.csv; Paper 4 Quarto chapters; v467-v478 curated export artifacts
reports/paper_material/paper4/status/paper4_v52_status.json,status_json,52,delete,generated Paper 4 loop artifact retired; not read by Quarto after closure,paper4_deep_cleanup_manifest_2026-05-18.csv; Paper 4 Quarto chapters; v467-v478 curated export artifacts
reports/paper_material/paper4/status/paper4_v53_status.json,status_json,53,delete,generated Paper 4 loop artifact retired; not read by Quarto after closure,paper4_deep_cleanup_manifest_2026-05-18.csv; Paper 4 Quarto chapters; v467-v478 curated export artifacts
reports/paper_material/paper4/status/paper4_v54_status.json,status_json,54,delete,generated Paper 4 loop artifact retired; not read by Quarto after closure,paper4_deep_cleanup_manifest_2026-05-18.csv; Paper 4 Quarto chapters; v467-v478 curated export artifacts
reports/paper_material/paper4/status/paper4_v55_status.json,status_json,55,delete,generated Paper 4 loop artifact retired; not read by Quarto after closure,paper4_deep_cleanup_manifest_2026-05-18.csv; Paper 4 Quarto chapters; v467-v478 curated export artifacts
reports/paper_material/paper4/status/paper4_v56_status.json,status_json,56,delete,generated Paper 4 loop artifact retired; not read by Quarto after closure,paper4_deep_cleanup_manifest_2026-05-18.csv; Paper 4 Quarto chapters; v467-v478 curated export artifacts
reports/paper_material/paper4/status/paper4_v57_status.json,status_json,57,delete,generated Paper 4 loop artifact retired; not read by Quarto after closure,paper4_deep_cleanup_manifest_2026-05-18.csv; Paper 4 Quarto chapters; v467-v478 curated export artifacts
reports/paper_material/paper4/status/paper4_v58_status.json,status_json,58,delete,generated Paper 4 loop artifact retired; not read by Quarto after closure,paper4_deep_cleanup_manifest_2026-05-18.csv; Paper 4 Quarto chapters; v467-v478 curated export artifacts
reports/paper_material/paper4/status/paper4_v59_status.json,status_json,59,delete,generated Paper 4 loop artifact retired; not read by Quarto after closure,paper4_deep_cleanup_manifest_2026-05-18.csv; Paper 4 Quarto chapters; v467-v478 curated export artifacts
reports/paper_material/paper4/status/paper4_v60_status.json,status_json,60,delete,generated Paper 4 loop artifact retired; not read by Quarto after closure,paper4_deep_cleanup_manifest_2026-05-18.csv; Paper 4 Quarto chapters; v467-v478 curated export artifacts
reports/paper_material/paper4/status/paper4_v61_status.json,status_json,61,delete,generated Paper 4 loop artifact retired; not read by Quarto after closure,paper4_deep_cleanup_manifest_2026-05-18.csv; Paper 4 Quarto chapters; v467-v478 curated export artifacts
reports/paper_material/paper4/status/paper4_v62_status.json,status_json,62,delete,generated Paper 4 loop artifact retired; not read by Quarto after closure,paper4_deep_cleanup_manifest_2026-05-18.csv; Paper 4 Quarto chapters; v467-v478 curated export artifacts
reports/paper_material/paper4/status/paper4_v63_status.json,status_json,63,delete,generated Paper 4 loop artifact retired; not read by Quarto after closure,paper4_deep_cleanup_manifest_2026-05-18.csv; Paper 4 Quarto chapters; v467-v478 curated export artifacts
reports/paper_material/paper4/status/paper4_v64_status.json,status_json,64,delete,generated Paper 4 loop artifact retired; not read by Quarto after closure,paper4_deep_cleanup_manifest_2026-05-18.csv; Paper 4 Quarto chapters; v467-v478 curated export artifacts
reports/paper_material/paper4/status/paper4_v65_status.json,status_json,65,delete,generated Paper 4 loop artifact retired; not read by Quarto after closure,paper4_deep_cleanup_manifest_2026-05-18.csv; Paper 4 Quarto chapters; v467-v478 curated export artifacts
reports/paper_material/paper4/status/paper4_v66_status.json,status_json,66,delete,generated Paper 4 loop artifact retired; not read by Quarto after closure,paper4_deep_cleanup_manifest_2026-05-18.csv; Paper 4 Quarto chapters; v467-v478 curated export artifacts
reports/paper_material/paper4/status/paper4_v67_status.json,status_json,67,delete,generated Paper 4 loop artifact retired; not read by Quarto after closure,paper4_deep_cleanup_manifest_2026-05-18.csv; Paper 4 Quarto chapters; v467-v478 curated export artifacts
reports/paper_material/paper4/status/paper4_v68_status.json,status_json,68,delete,generated Paper 4 loop artifact retired; not read by Quarto after closure,paper4_deep_cleanup_manifest_2026-05-18.csv; Paper 4 Quarto chapters; v467-v478 curated export artifacts
reports/paper_material/paper4/status/paper4_v69_status.json,status_json,69,delete,generated Paper 4 loop artifact retired; not read by Quarto after closure,paper4_deep_cleanup_manifest_2026-05-18.csv; Paper 4 Quarto chapters; v467-v478 curated export artifacts
reports/paper_material/paper4/status/paper4_v70_status.json,status_json,70,delete,generated Paper 4 loop artifact retired; not read by Quarto after closure,paper4_deep_cleanup_manifest_2026-05-18.csv; Paper 4 Quarto chapters; v467-v478 curated export artifacts
reports/paper_material/paper4/status/paper4_v71_status.json,status_json,71,delete,generated Paper 4 loop artifact retired; not read by Quarto after closure,paper4_deep_cleanup_manifest_2026-05-18.csv; Paper 4 Quarto chapters; v467-v478 curated export artifacts
reports/paper_material/paper4/status/paper4_v72_status.json,status_json,72,delete,generated Paper 4 loop artifact retired; not read by Quarto after closure,paper4_deep_cleanup_manifest_2026-05-18.csv; Paper 4 Quarto chapters; v467-v478 curated export artifacts
reports/paper_material/paper4/status/paper4_v73_status.json,status_json,73,delete,generated Paper 4 loop artifact retired; not read by Quarto after closure,paper4_deep_cleanup_manifest_2026-05-18.csv; Paper 4 Quarto chapters; v467-v478 curated export artifacts
reports/paper_material/paper4/status/paper4_v74_status.json,status_json,74,delete,generated Paper 4 loop artifact retired; not read by Quarto after closure,paper4_deep_cleanup_manifest_2026-05-18.csv; Paper 4 Quarto chapters; v467-v478 curated export artifacts
reports/paper_material/paper4/status/paper4_v75_status.json,status_json,75,delete,generated Paper 4 loop artifact retired; not read by Quarto after closure,paper4_deep_cleanup_manifest_2026-05-18.csv; Paper 4 Quarto chapters; v467-v478 curated export artifacts
reports/paper_material/paper4/status/paper4_v76_status.json,status_json,76,delete,generated Paper 4 loop artifact retired; not read by Quarto after closure,paper4_deep_cleanup_manifest_2026-05-18.csv; Paper 4 Quarto chapters; v467-v478 curated export artifacts
reports/paper_material/paper4/status/paper4_v77_status.json,status_json,77,delete,generated Paper 4 loop artifact retired; not read by Quarto after closure,paper4_deep_cleanup_manifest_2026-05-18.csv; Paper 4 Quarto chapters; v467-v478 curated export artifacts
reports/paper_material/paper4/status/paper4_v78_status.json,status_json,78,delete,generated Paper 4 loop artifact retired; not read by Quarto after closure,paper4_deep_cleanup_manifest_2026-05-18.csv; Paper 4 Quarto chapters; v467-v478 curated export artifacts
reports/paper_material/paper4/status/paper4_v79_status.json,status_json,79,delete,generated Paper 4 loop artifact retired; not read by Quarto after closure,paper4_deep_cleanup_manifest_2026-05-18.csv; Paper 4 Quarto chapters; v467-v478 curated export artifacts
reports/paper_material/paper4/status/paper4_v80_status.json,status_json,80,delete,generated Paper 4 loop artifact retired; not read by Quarto after closure,paper4_deep_cleanup_manifest_2026-05-18.csv; Paper 4 Quarto chapters; v467-v478 curated export artifacts
reports/paper_material/paper4/status/paper4_v81_status.json,status_json,81,delete,generated Paper 4 loop artifact retired; not read by Quarto after closure,paper4_deep_cleanup_manifest_2026-05-18.csv; Paper 4 Quarto chapters; v467-v478 curated export artifacts
reports/paper_material/paper4/status/paper4_v82_status.json,status_json,82,delete,generated Paper 4 loop artifact retired; not read by Quarto after closure,paper4_deep_cleanup_manifest_2026-05-18.csv; Paper 4 Quarto chapters; v467-v478 curated export artifacts
reports/paper_material/paper4/status/paper4_v83_status.json,status_json,83,delete,generated Paper 4 loop artifact retired; not read by Quarto after closure,paper4_deep_cleanup_manifest_2026-05-18.csv; Paper 4 Quarto chapters; v467-v478 curated export artifacts
reports/paper_material/paper4/status/paper4_v84_status.json,status_json,84,delete,generated Paper 4 loop artifact retired; not read by Quarto after closure,paper4_deep_cleanup_manifest_2026-05-18.csv; Paper 4 Quarto chapters; v467-v478 curated export artifacts
reports/paper_material/paper4/status/paper4_v85_status.json,status_json,85,delete,generated Paper 4 loop artifact retired; not read by Quarto after closure,paper4_deep_cleanup_manifest_2026-05-18.csv; Paper 4 Quarto chapters; v467-v478 curated export artifacts
reports/paper_material/paper4/status/paper4_v86_status.json,status_json,86,delete,generated Paper 4 loop artifact retired; not read by Quarto after closure,paper4_deep_cleanup_manifest_2026-05-18.csv; Paper 4 Quarto chapters; v467-v478 curated export artifacts
reports/paper_material/paper4/status/paper4_v87_status.json,status_json,87,delete,generated Paper 4 loop artifact retired; not read by Quarto after closure,paper4_deep_cleanup_manifest_2026-05-18.csv; Paper 4 Quarto chapters; v467-v478 curated export artifacts
reports/paper_material/paper4/status/paper4_v88_status.json,status_json,88,delete,generated Paper 4 loop artifact retired; not read by Quarto after closure,paper4_deep_cleanup_manifest_2026-05-18.csv; Paper 4 Quarto chapters; v467-v478 curated export artifacts
reports/paper_material/paper4/status/paper4_v89_status.json,status_json,89,delete,generated Paper 4 loop artifact retired; not read by Quarto after closure,paper4_deep_cleanup_manifest_2026-05-18.csv; Paper 4 Quarto chapters; v467-v478 curated export artifacts
reports/paper_material/paper4/status/paper4_v90_status.json,status_json,90,delete,generated Paper 4 loop artifact retired; not read by Quarto after closure,paper4_deep_cleanup_manifest_2026-05-18.csv; Paper 4 Quarto chapters; v467-v478 curated export artifacts
reports/paper_material/paper4/status/paper4_v91_status.json,status_json,91,delete,generated Paper 4 loop artifact retired; not read by Quarto after closure,paper4_deep_cleanup_manifest_2026-05-18.csv; Paper 4 Quarto chapters; v467-v478 curated export artifacts
reports/paper_material/paper4/status/paper4_v92_status.json,status_json,92,delete,generated Paper 4 loop artifact retired; not read by Quarto after closure,paper4_deep_cleanup_manifest_2026-05-18.csv; Paper 4 Quarto chapters; v467-v478 curated export artifacts
reports/paper_material/paper4/status/paper4_v93_status.json,status_json,93,delete,generated Paper 4 loop artifact retired; not read by Quarto after closure,paper4_deep_cleanup_manifest_2026-05-18.csv; Paper 4 Quarto chapters; v467-v478 curated export artifacts
reports/paper_material/paper4/status/paper4_v94_status.json,status_json,94,delete,generated Paper 4 loop artifact retired; not read by Quarto after closure,paper4_deep_cleanup_manifest_2026-05-18.csv; Paper 4 Quarto chapters; v467-v478 curated export artifacts
reports/paper_material/paper4/status/paper4_v95_status.json,status_json,95,delete,generated Paper 4 loop artifact retired; not read by Quarto after closure,paper4_deep_cleanup_manifest_2026-05-18.csv; Paper 4 Quarto chapters; v467-v478 curated export artifacts
reports/paper_material/paper4/status/paper4_v96_status.json,status_json,96,delete,generated Paper 4 loop artifact retired; not read by Quarto after closure,paper4_deep_cleanup_manifest_2026-05-18.csv; Paper 4 Quarto chapters; v467-v478 curated export artifacts
reports/paper_material/paper4/status/paper4_v97_status.json,status_json,97,delete,generated Paper 4 loop artifact retired; not read by Quarto after closure,paper4_deep_cleanup_manifest_2026-05-18.csv; Paper 4 Quarto chapters; v467-v478 curated export artifacts
reports/paper_material/paper4/status/paper4_v98_status.json,status_json,98,delete,generated Paper 4 loop artifact retired; not read by Quarto after closure,paper4_deep_cleanup_manifest_2026-05-18.csv; Paper 4 Quarto chapters; v467-v478 curated export artifacts
reports/paper_material/paper4/status/paper4_v99_status.json,status_json,99,delete,generated Paper 4 loop artifact retired; not read by Quarto after closure,paper4_deep_cleanup_manifest_2026-05-18.csv; Paper 4 Quarto chapters; v467-v478 curated export artifacts
reports/paper_material/paper4/tables/paper4_v100_claim_blockers.csv,table_csv,100,delete,generated Paper 4 loop artifact retired; not read by Quarto after closure,paper4_deep_cleanup_manifest_2026-05-18.csv; Paper 4 Quarto chapters; v467-v478 curated export artifacts
reports/paper_material/paper4/tables/paper4_v100_claim_matrix_delta.csv,table_csv,100,delete,generated Paper 4 loop artifact retired; not read by Quarto after closure,paper4_deep_cleanup_manifest_2026-05-18.csv; Paper 4 Quarto chapters; v467-v478 curated export artifacts
reports/paper_material/paper4/tables/paper4_v100_post_repair_one_swap_reprice.csv,table_csv,100,delete,generated Paper 4 loop artifact retired; not read by Quarto after closure,paper4_deep_cleanup_manifest_2026-05-18.csv; Paper 4 Quarto chapters; v467-v478 curated export artifacts
reports/paper_material/paper4/tables/paper4_v100_post_repair_one_swap_stage_summary.csv,table_csv,100,delete,generated Paper 4 loop artifact retired; not read by Quarto after closure,paper4_deep_cleanup_manifest_2026-05-18.csv; Paper 4 Quarto chapters; v467-v478 curated export artifacts
reports/paper_material/paper4/tables/paper4_v100_post_repair_one_swap_summary.csv,table_csv,100,delete,generated Paper 4 loop artifact retired; not read by Quarto after closure,paper4_deep_cleanup_manifest_2026-05-18.csv; Paper 4 Quarto chapters; v467-v478 curated export artifacts
reports/paper_material/paper4/tables/paper4_v100_post_repair_one_swap_top_candidates.csv,table_csv,100,delete,generated Paper 4 loop artifact retired; not read by Quarto after closure,paper4_deep_cleanup_manifest_2026-05-18.csv; Paper 4 Quarto chapters; v467-v478 curated export artifacts
reports/paper_material/paper4/tables/paper4_v101_claim_blockers.csv,table_csv,101,delete,generated Paper 4 loop artifact retired; not read by Quarto after closure,paper4_deep_cleanup_manifest_2026-05-18.csv; Paper 4 Quarto chapters; v467-v478 curated export artifacts
reports/paper_material/paper4/tables/paper4_v101_claim_matrix_delta.csv,table_csv,101,delete,generated Paper 4 loop artifact retired; not read by Quarto after closure,paper4_deep_cleanup_manifest_2026-05-18.csv; Paper 4 Quarto chapters; v467-v478 curated export artifacts
reports/paper_material/paper4/tables/paper4_v101_next_one_swap_repair_action.csv,table_csv,101,delete,generated Paper 4 loop artifact retired; not read by Quarto after closure,paper4_deep_cleanup_manifest_2026-05-18.csv; Paper 4 Quarto chapters; v467-v478 curated export artifacts
reports/paper_material/paper4/tables/paper4_v101_next_one_swap_repair_source_summary.csv,table_csv,101,delete,generated Paper 4 loop artifact retired; not read by Quarto after closure,paper4_deep_cleanup_manifest_2026-05-18.csv; Paper 4 Quarto chapters; v467-v478 curated export artifacts
reports/paper_material/paper4/tables/paper4_v101_next_one_swap_repair_summary.csv,table_csv,101,delete,generated Paper 4 loop artifact retired; not read by Quarto after closure,paper4_deep_cleanup_manifest_2026-05-18.csv; Paper 4 Quarto chapters; v467-v478 curated export artifacts
reports/paper_material/paper4/tables/paper4_v102_claim_blockers.csv,table_csv,102,delete,generated Paper 4 loop artifact retired; not read by Quarto after closure,paper4_deep_cleanup_manifest_2026-05-18.csv; Paper 4 Quarto chapters; v467-v478 curated export artifacts
reports/paper_material/paper4/tables/paper4_v102_claim_matrix_delta.csv,table_csv,102,delete,generated Paper 4 loop artifact retired; not read by Quarto after closure,paper4_deep_cleanup_manifest_2026-05-18.csv; Paper 4 Quarto chapters; v467-v478 curated export artifacts
reports/paper_material/paper4/tables/paper4_v102_post_repair_one_swap_reprice.csv,table_csv,102,delete,generated Paper 4 loop artifact retired; not read by Quarto after closure,paper4_deep_cleanup_manifest_2026-05-18.csv; Paper 4 Quarto chapters; v467-v478 curated export artifacts
reports/paper_material/paper4/tables/paper4_v102_post_repair_one_swap_stage_summary.csv,table_csv,102,delete,generated Paper 4 loop artifact retired; not read by Quarto after closure,paper4_deep_cleanup_manifest_2026-05-18.csv; Paper 4 Quarto chapters; v467-v478 curated export artifacts
reports/paper_material/paper4/tables/paper4_v102_post_repair_one_swap_summary.csv,table_csv,102,delete,generated Paper 4 loop artifact retired; not read by Quarto after closure,paper4_deep_cleanup_manifest_2026-05-18.csv; Paper 4 Quarto chapters; v467-v478 curated export artifacts
reports/paper_material/paper4/tables/paper4_v102_post_repair_one_swap_top_candidates.csv,table_csv,102,delete,generated Paper 4 loop artifact retired; not read by Quarto after closure,paper4_deep_cleanup_manifest_2026-05-18.csv; Paper 4 Quarto chapters; v467-v478 curated export artifacts
reports/paper_material/paper4/tables/paper4_v103_claim_blockers.csv,table_csv,103,delete,generated Paper 4 loop artifact retired; not read by Quarto after closure,paper4_deep_cleanup_manifest_2026-05-18.csv; Paper 4 Quarto chapters; v467-v478 curated export artifacts
reports/paper_material/paper4/tables/paper4_v103_claim_matrix_delta.csv,table_csv,103,delete,generated Paper 4 loop artifact retired; not read by Quarto after closure,paper4_deep_cleanup_manifest_2026-05-18.csv; Paper 4 Quarto chapters; v467-v478 curated export artifacts
reports/paper_material/paper4/tables/paper4_v103_next_one_swap_repair_action.csv,table_csv,103,delete,generated Paper 4 loop artifact retired; not read by Quarto after closure,paper4_deep_cleanup_manifest_2026-05-18.csv; Paper 4 Quarto chapters; v467-v478 curated export artifacts
reports/paper_material/paper4/tables/paper4_v103_next_one_swap_repair_source_summary.csv,table_csv,103,delete,generated Paper 4 loop artifact retired; not read by Quarto after closure,paper4_deep_cleanup_manifest_2026-05-18.csv; Paper 4 Quarto chapters; v467-v478 curated export artifacts
reports/paper_material/paper4/tables/paper4_v103_next_one_swap_repair_summary.csv,table_csv,103,delete,generated Paper 4 loop artifact retired; not read by Quarto after closure,paper4_deep_cleanup_manifest_2026-05-18.csv; Paper 4 Quarto chapters; v467-v478 curated export artifacts
reports/paper_material/paper4/tables/paper4_v104_claim_blockers.csv,table_csv,104,delete,generated Paper 4 loop artifact retired; not read by Quarto after closure,paper4_deep_cleanup_manifest_2026-05-18.csv; Paper 4 Quarto chapters; v467-v478 curated export artifacts
reports/paper_material/paper4/tables/paper4_v104_claim_matrix_delta.csv,table_csv,104,delete,generated Paper 4 loop artifact retired; not read by Quarto after closure,paper4_deep_cleanup_manifest_2026-05-18.csv; Paper 4 Quarto chapters; v467-v478 curated export artifacts
reports/paper_material/paper4/tables/paper4_v104_post_repair_one_swap_reprice.csv,table_csv,104,delete,generated Paper 4 loop artifact retired; not read by Quarto after closure,paper4_deep_cleanup_manifest_2026-05-18.csv; Paper 4 Quarto chapters; v467-v478 curated export artifacts
reports/paper_material/paper4/tables/paper4_v104_post_repair_one_swap_stage_summary.csv,table_csv,104,delete,generated Paper 4 loop artifact retired; not read by Quarto after closure,paper4_deep_cleanup_manifest_2026-05-18.csv; Paper 4 Quarto chapters; v467-v478 curated export artifacts
reports/paper_material/paper4/tables/paper4_v104_post_repair_one_swap_summary.csv,table_csv,104,delete,generated Paper 4 loop artifact retired; not read by Quarto after closure,paper4_deep_cleanup_manifest_2026-05-18.csv; Paper 4 Quarto chapters; v467-v478 curated export artifacts
reports/paper_material/paper4/tables/paper4_v104_post_repair_one_swap_top_candidates.csv,table_csv,104,delete,generated Paper 4 loop artifact retired; not read by Quarto after closure,paper4_deep_cleanup_manifest_2026-05-18.csv; Paper 4 Quarto chapters; v467-v478 curated export artifacts
reports/paper_material/paper4/tables/paper4_v105_claim_blockers.csv,table_csv,105,delete,generated Paper 4 loop artifact retired; not read by Quarto after closure,paper4_deep_cleanup_manifest_2026-05-18.csv; Paper 4 Quarto chapters; v467-v478 curated export artifacts
reports/paper_material/paper4/tables/paper4_v105_claim_matrix_delta.csv,table_csv,105,delete,generated Paper 4 loop artifact retired; not read by Quarto after closure,paper4_deep_cleanup_manifest_2026-05-18.csv; Paper 4 Quarto chapters; v467-v478 curated export artifacts
reports/paper_material/paper4/tables/paper4_v105_next_one_swap_repair_action.csv,table_csv,105,delete,generated Paper 4 loop artifact retired; not read by Quarto after closure,paper4_deep_cleanup_manifest_2026-05-18.csv; Paper 4 Quarto chapters; v467-v478 curated export artifacts
reports/paper_material/paper4/tables/paper4_v105_next_one_swap_repair_source_summary.csv,table_csv,105,delete,generated Paper 4 loop artifact retired; not read by Quarto after closure,paper4_deep_cleanup_manifest_2026-05-18.csv; Paper 4 Quarto chapters; v467-v478 curated export artifacts
reports/paper_material/paper4/tables/paper4_v105_next_one_swap_repair_summary.csv,table_csv,105,delete,generated Paper 4 loop artifact retired; not read by Quarto after closure,paper4_deep_cleanup_manifest_2026-05-18.csv; Paper 4 Quarto chapters; v467-v478 curated export artifacts
reports/paper_material/paper4/tables/paper4_v106_claim_blockers.csv,table_csv,106,delete,generated Paper 4 loop artifact retired; not read by Quarto after closure,paper4_deep_cleanup_manifest_2026-05-18.csv; Paper 4 Quarto chapters; v467-v478 curated export artifacts
reports/paper_material/paper4/tables/paper4_v106_claim_matrix_delta.csv,table_csv,106,delete,generated Paper 4 loop artifact retired; not read by Quarto after closure,paper4_deep_cleanup_manifest_2026-05-18.csv; Paper 4 Quarto chapters; v467-v478 curated export artifacts
reports/paper_material/paper4/tables/paper4_v106_post_repair_one_swap_reprice.csv,table_csv,106,delete,generated Paper 4 loop artifact retired; not read by Quarto after closure,paper4_deep_cleanup_manifest_2026-05-18.csv; Paper 4 Quarto chapters; v467-v478 curated export artifacts
reports/paper_material/paper4/tables/paper4_v106_post_repair_one_swap_stage_summary.csv,table_csv,106,delete,generated Paper 4 loop artifact retired; not read by Quarto after closure,paper4_deep_cleanup_manifest_2026-05-18.csv; Paper 4 Quarto chapters; v467-v478 curated export artifacts
reports/paper_material/paper4/tables/paper4_v106_post_repair_one_swap_summary.csv,table_csv,106,delete,generated Paper 4 loop artifact retired; not read by Quarto after closure,paper4_deep_cleanup_manifest_2026-05-18.csv; Paper 4 Quarto chapters; v467-v478 curated export artifacts
reports/paper_material/paper4/tables/paper4_v106_post_repair_one_swap_top_candidates.csv,table_csv,106,delete,generated Paper 4 loop artifact retired; not read by Quarto after closure,paper4_deep_cleanup_manifest_2026-05-18.csv; Paper 4 Quarto chapters; v467-v478 curated export artifacts
reports/paper_material/paper4/tables/paper4_v107_claim_blockers.csv,table_csv,107,delete,generated Paper 4 loop artifact retired; not read by Quarto after closure,paper4_deep_cleanup_manifest_2026-05-18.csv; Paper 4 Quarto chapters; v467-v478 curated export artifacts
reports/paper_material/paper4/tables/paper4_v107_claim_matrix_delta.csv,table_csv,107,delete,generated Paper 4 loop artifact retired; not read by Quarto after closure,paper4_deep_cleanup_manifest_2026-05-18.csv; Paper 4 Quarto chapters; v467-v478 curated export artifacts
reports/paper_material/paper4/tables/paper4_v107_next_one_swap_repair_action.csv,table_csv,107,delete,generated Paper 4 loop artifact retired; not read by Quarto after closure,paper4_deep_cleanup_manifest_2026-05-18.csv; Paper 4 Quarto chapters; v467-v478 curated export artifacts
reports/paper_material/paper4/tables/paper4_v107_next_one_swap_repair_source_summary.csv,table_csv,107,delete,generated Paper 4 loop artifact retired; not read by Quarto after closure,paper4_deep_cleanup_manifest_2026-05-18.csv; Paper 4 Quarto chapters; v467-v478 curated export artifacts
reports/paper_material/paper4/tables/paper4_v107_next_one_swap_repair_summary.csv,table_csv,107,delete,generated Paper 4 loop artifact retired; not read by Quarto after closure,paper4_deep_cleanup_manifest_2026-05-18.csv; Paper 4 Quarto chapters; v467-v478 curated export artifacts
reports/paper_material/paper4/tables/paper4_v108_claim_blockers.csv,table_csv,108,delete,generated Paper 4 loop artifact retired; not read by Quarto after closure,paper4_deep_cleanup_manifest_2026-05-18.csv; Paper 4 Quarto chapters; v467-v478 curated export artifacts
reports/paper_material/paper4/tables/paper4_v108_claim_matrix_delta.csv,table_csv,108,delete,generated Paper 4 loop artifact retired; not read by Quarto after closure,paper4_deep_cleanup_manifest_2026-05-18.csv; Paper 4 Quarto chapters; v467-v478 curated export artifacts
reports/paper_material/paper4/tables/paper4_v108_post_repair_one_swap_reprice.csv,table_csv,108,delete,generated Paper 4 loop artifact retired; not read by Quarto after closure,paper4_deep_cleanup_manifest_2026-05-18.csv; Paper 4 Quarto chapters; v467-v478 curated export artifacts
reports/paper_material/paper4/tables/paper4_v108_post_repair_one_swap_stage_summary.csv,table_csv,108,delete,generated Paper 4 loop artifact retired; not read by Quarto after closure,paper4_deep_cleanup_manifest_2026-05-18.csv; Paper 4 Quarto chapters; v467-v478 curated export artifacts
reports/paper_material/paper4/tables/paper4_v108_post_repair_one_swap_summary.csv,table_csv,108,delete,generated Paper 4 loop artifact retired; not read by Quarto after closure,paper4_deep_cleanup_manifest_2026-05-18.csv; Paper 4 Quarto chapters; v467-v478 curated export artifacts
reports/paper_material/paper4/tables/paper4_v108_post_repair_one_swap_top_candidates.csv,table_csv,108,delete,generated Paper 4 loop artifact retired; not read by Quarto after closure,paper4_deep_cleanup_manifest_2026-05-18.csv; Paper 4 Quarto chapters; v467-v478 curated export artifacts
reports/paper_material/paper4/tables/paper4_v109_claim_blockers.csv,table_csv,109,delete,generated Paper 4 loop artifact retired; not read by Quarto after closure,paper4_deep_cleanup_manifest_2026-05-18.csv; Paper 4 Quarto chapters; v467-v478 curated export artifacts
reports/paper_material/paper4/tables/paper4_v109_claim_matrix_delta.csv,table_csv,109,delete,generated Paper 4 loop artifact retired; not read by Quarto after closure,paper4_deep_cleanup_manifest_2026-05-18.csv; Paper 4 Quarto chapters; v467-v478 curated export artifacts
reports/paper_material/paper4/tables/paper4_v109_next_one_swap_repair_action.csv,table_csv,109,delete,generated Paper 4 loop artifact retired; not read by Quarto after closure,paper4_deep_cleanup_manifest_2026-05-18.csv; Paper 4 Quarto chapters; v467-v478 curated export artifacts
reports/paper_material/paper4/tables/paper4_v109_next_one_swap_repair_source_summary.csv,table_csv,109,delete,generated Paper 4 loop artifact retired; not read by Quarto after closure,paper4_deep_cleanup_manifest_2026-05-18.csv; Paper 4 Quarto chapters; v467-v478 curated export artifacts
reports/paper_material/paper4/tables/paper4_v109_next_one_swap_repair_summary.csv,table_csv,109,delete,generated Paper 4 loop artifact retired; not read by Quarto after closure,paper4_deep_cleanup_manifest_2026-05-18.csv; Paper 4 Quarto chapters; v467-v478 curated export artifacts
reports/paper_material/paper4/tables/paper4_v110_claim_blockers.csv,table_csv,110,delete,generated Paper 4 loop artifact retired; not read by Quarto after closure,paper4_deep_cleanup_manifest_2026-05-18.csv; Paper 4 Quarto chapters; v467-v478 curated export artifacts
reports/paper_material/paper4/tables/paper4_v110_claim_matrix_delta.csv,table_csv,110,delete,generated Paper 4 loop artifact retired; not read by Quarto after closure,paper4_deep_cleanup_manifest_2026-05-18.csv; Paper 4 Quarto chapters; v467-v478 curated export artifacts
reports/paper_material/paper4/tables/paper4_v110_post_repair_one_swap_reprice.csv,table_csv,110,delete,generated Paper 4 loop artifact retired; not read by Quarto after closure,paper4_deep_cleanup_manifest_2026-05-18.csv; Paper 4 Quarto chapters; v467-v478 curated export artifacts
reports/paper_material/paper4/tables/paper4_v110_post_repair_one_swap_stage_summary.csv,table_csv,110,delete,generated Paper 4 loop artifact retired; not read by Quarto after closure,paper4_deep_cleanup_manifest_2026-05-18.csv; Paper 4 Quarto chapters; v467-v478 curated export artifacts
reports/paper_material/paper4/tables/paper4_v110_post_repair_one_swap_summary.csv,table_csv,110,delete,generated Paper 4 loop artifact retired; not read by Quarto after closure,paper4_deep_cleanup_manifest_2026-05-18.csv; Paper 4 Quarto chapters; v467-v478 curated export artifacts
reports/paper_material/paper4/tables/paper4_v110_post_repair_one_swap_top_candidates.csv,table_csv,110,delete,generated Paper 4 loop artifact retired; not read by Quarto after closure,paper4_deep_cleanup_manifest_2026-05-18.csv; Paper 4 Quarto chapters; v467-v478 curated export artifacts
reports/paper_material/paper4/tables/paper4_v111_claim_blockers.csv,table_csv,111,delete,generated Paper 4 loop artifact retired; not read by Quarto after closure,paper4_deep_cleanup_manifest_2026-05-18.csv; Paper 4 Quarto chapters; v467-v478 curated export artifacts
reports/paper_material/paper4/tables/paper4_v111_claim_matrix_delta.csv,table_csv,111,delete,generated Paper 4 loop artifact retired; not read by Quarto after closure,paper4_deep_cleanup_manifest_2026-05-18.csv; Paper 4 Quarto chapters; v467-v478 curated export artifacts
reports/paper_material/paper4/tables/paper4_v111_next_one_swap_repair_action.csv,table_csv,111,delete,generated Paper 4 loop artifact retired; not read by Quarto after closure,paper4_deep_cleanup_manifest_2026-05-18.csv; Paper 4 Quarto chapters; v467-v478 curated export artifacts
reports/paper_material/paper4/tables/paper4_v111_next_one_swap_repair_source_summary.csv,table_csv,111,delete,generated Paper 4 loop artifact retired; not read by Quarto after closure,paper4_deep_cleanup_manifest_2026-05-18.csv; Paper 4 Quarto chapters; v467-v478 curated export artifacts
reports/paper_material/paper4/tables/paper4_v111_next_one_swap_repair_summary.csv,table_csv,111,delete,generated Paper 4 loop artifact retired; not read by Quarto after closure,paper4_deep_cleanup_manifest_2026-05-18.csv; Paper 4 Quarto chapters; v467-v478 curated export artifacts
reports/paper_material/paper4/tables/paper4_v112_claim_blockers.csv,table_csv,112,delete,generated Paper 4 loop artifact retired; not read by Quarto after closure,paper4_deep_cleanup_manifest_2026-05-18.csv; Paper 4 Quarto chapters; v467-v478 curated export artifacts
reports/paper_material/paper4/tables/paper4_v112_claim_matrix_delta.csv,table_csv,112,delete,generated Paper 4 loop artifact retired; not read by Quarto after closure,paper4_deep_cleanup_manifest_2026-05-18.csv; Paper 4 Quarto chapters; v467-v478 curated export artifacts
reports/paper_material/paper4/tables/paper4_v112_post_repair_one_swap_reprice.csv,table_csv,112,delete,generated Paper 4 loop artifact retired; not read by Quarto after closure,paper4_deep_cleanup_manifest_2026-05-18.csv; Paper 4 Quarto chapters; v467-v478 curated export artifacts
reports/paper_material/paper4/tables/paper4_v112_post_repair_one_swap_stage_summary.csv,table_csv,112,delete,generated Paper 4 loop artifact retired; not read by Quarto after closure,paper4_deep_cleanup_manifest_2026-05-18.csv; Paper 4 Quarto chapters; v467-v478 curated export artifacts
reports/paper_material/paper4/tables/paper4_v112_post_repair_one_swap_summary.csv,table_csv,112,delete,generated Paper 4 loop artifact retired; not read by Quarto after closure,paper4_deep_cleanup_manifest_2026-05-18.csv; Paper 4 Quarto chapters; v467-v478 curated export artifacts
reports/paper_material/paper4/tables/paper4_v112_post_repair_one_swap_top_candidates.csv,table_csv,112,delete,generated Paper 4 loop artifact retired; not read by Quarto after closure,paper4_deep_cleanup_manifest_2026-05-18.csv; Paper 4 Quarto chapters; v467-v478 curated export artifacts
reports/paper_material/paper4/tables/paper4_v113_claim_blockers.csv,table_csv,113,delete,generated Paper 4 loop artifact retired; not read by Quarto after closure,paper4_deep_cleanup_manifest_2026-05-18.csv; Paper 4 Quarto chapters; v467-v478 curated export artifacts
reports/paper_material/paper4/tables/paper4_v113_claim_matrix_delta.csv,table_csv,113,delete,generated Paper 4 loop artifact retired; not read by Quarto after closure,paper4_deep_cleanup_manifest_2026-05-18.csv; Paper 4 Quarto chapters; v467-v478 curated export artifacts
reports/paper_material/paper4/tables/paper4_v113_next_one_swap_repair_action.csv,table_csv,113,delete,generated Paper 4 loop artifact retired; not read by Quarto after closure,paper4_deep_cleanup_manifest_2026-05-18.csv; Paper 4 Quarto chapters; v467-v478 curated export artifacts
reports/paper_material/paper4/tables/paper4_v113_next_one_swap_repair_source_summary.csv,table_csv,113,delete,generated Paper 4 loop artifact retired; not read by Quarto after closure,paper4_deep_cleanup_manifest_2026-05-18.csv; Paper 4 Quarto chapters; v467-v478 curated export artifacts
reports/paper_material/paper4/tables/paper4_v113_next_one_swap_repair_summary.csv,table_csv,113,delete,generated Paper 4 loop artifact retired; not read by Quarto after closure,paper4_deep_cleanup_manifest_2026-05-18.csv; Paper 4 Quarto chapters; v467-v478 curated export artifacts
reports/paper_material/paper4/tables/paper4_v114_claim_blockers.csv,table_csv,114,delete,generated Paper 4 loop artifact retired; not read by Quarto after closure,paper4_deep_cleanup_manifest_2026-05-18.csv; Paper 4 Quarto chapters; v467-v478 curated export artifacts
reports/paper_material/paper4/tables/paper4_v114_claim_matrix_delta.csv,table_csv,114,delete,generated Paper 4 loop artifact retired; not read by Quarto after closure,paper4_deep_cleanup_manifest_2026-05-18.csv; Paper 4 Quarto chapters; v467-v478 curated export artifacts
reports/paper_material/paper4/tables/paper4_v114_post_repair_one_swap_reprice.csv,table_csv,114,delete,generated Paper 4 loop artifact retired; not read by Quarto after closure,paper4_deep_cleanup_manifest_2026-05-18.csv; Paper 4 Quarto chapters; v467-v478 curated export artifacts
reports/paper_material/paper4/tables/paper4_v114_post_repair_one_swap_stage_summary.csv,table_csv,114,delete,generated Paper 4 loop artifact retired; not read by Quarto after closure,paper4_deep_cleanup_manifest_2026-05-18.csv; Paper 4 Quarto chapters; v467-v478 curated export artifacts
reports/paper_material/paper4/tables/paper4_v114_post_repair_one_swap_summary.csv,table_csv,114,delete,generated Paper 4 loop artifact retired; not read by Quarto after closure,paper4_deep_cleanup_manifest_2026-05-18.csv; Paper 4 Quarto chapters; v467-v478 curated export artifacts
reports/paper_material/paper4/tables/paper4_v114_post_repair_one_swap_top_candidates.csv,table_csv,114,delete,generated Paper 4 loop artifact retired; not read by Quarto after closure,paper4_deep_cleanup_manifest_2026-05-18.csv; Paper 4 Quarto chapters; v467-v478 curated export artifacts
reports/paper_material/paper4/tables/paper4_v115_claim_blockers.csv,table_csv,115,delete,generated Paper 4 loop artifact retired; not read by Quarto after closure,paper4_deep_cleanup_manifest_2026-05-18.csv; Paper 4 Quarto chapters; v467-v478 curated export artifacts
reports/paper_material/paper4/tables/paper4_v115_claim_matrix_delta.csv,table_csv,115,delete,generated Paper 4 loop artifact retired; not read by Quarto after closure,paper4_deep_cleanup_manifest_2026-05-18.csv; Paper 4 Quarto chapters; v467-v478 curated export artifacts
reports/paper_material/paper4/tables/paper4_v115_next_one_swap_repair_action.csv,table_csv,115,delete,generated Paper 4 loop artifact retired; not read by Quarto after closure,paper4_deep_cleanup_manifest_2026-05-18.csv; Paper 4 Quarto chapters; v467-v478 curated export artifacts
reports/paper_material/paper4/tables/paper4_v115_next_one_swap_repair_source_summary.csv,table_csv,115,delete,generated Paper 4 loop artifact retired; not read by Quarto after closure,paper4_deep_cleanup_manifest_2026-05-18.csv; Paper 4 Quarto chapters; v467-v478 curated export artifacts
reports/paper_material/paper4/tables/paper4_v115_next_one_swap_repair_summary.csv,table_csv,115,delete,generated Paper 4 loop artifact retired; not read by Quarto after closure,paper4_deep_cleanup_manifest_2026-05-18.csv; Paper 4 Quarto chapters; v467-v478 curated export artifacts
reports/paper_material/paper4/tables/paper4_v116_claim_blockers.csv,table_csv,116,delete,generated Paper 4 loop artifact retired; not read by Quarto after closure,paper4_deep_cleanup_manifest_2026-05-18.csv; Paper 4 Quarto chapters; v467-v478 curated export artifacts
reports/paper_material/paper4/tables/paper4_v116_claim_matrix_delta.csv,table_csv,116,delete,generated Paper 4 loop artifact retired; not read by Quarto after closure,paper4_deep_cleanup_manifest_2026-05-18.csv; Paper 4 Quarto chapters; v467-v478 curated export artifacts
reports/paper_material/paper4/tables/paper4_v116_post_repair_one_swap_reprice.csv,table_csv,116,delete,generated Paper 4 loop artifact retired; not read by Quarto after closure,paper4_deep_cleanup_manifest_2026-05-18.csv; Paper 4 Quarto chapters; v467-v478 curated export artifacts
reports/paper_material/paper4/tables/paper4_v116_post_repair_one_swap_stage_summary.csv,table_csv,116,delete,generated Paper 4 loop artifact retired; not read by Quarto after closure,paper4_deep_cleanup_manifest_2026-05-18.csv; Paper 4 Quarto chapters; v467-v478 curated export artifacts
reports/paper_material/paper4/tables/paper4_v116_post_repair_one_swap_summary.csv,table_csv,116,delete,generated Paper 4 loop artifact retired; not read by Quarto after closure,paper4_deep_cleanup_manifest_2026-05-18.csv; Paper 4 Quarto chapters; v467-v478 curated export artifacts
reports/paper_material/paper4/tables/paper4_v116_post_repair_one_swap_top_candidates.csv,table_csv,116,delete,generated Paper 4 loop artifact retired; not read by Quarto after closure,paper4_deep_cleanup_manifest_2026-05-18.csv; Paper 4 Quarto chapters; v467-v478 curated export artifacts
reports/paper_material/paper4/tables/paper4_v117_claim_blockers.csv,table_csv,117,delete,generated Paper 4 loop artifact retired; not read by Quarto after closure,paper4_deep_cleanup_manifest_2026-05-18.csv; Paper 4 Quarto chapters; v467-v478 curated export artifacts
reports/paper_material/paper4/tables/paper4_v117_claim_matrix_delta.csv,table_csv,117,delete,generated Paper 4 loop artifact retired; not read by Quarto after closure,paper4_deep_cleanup_manifest_2026-05-18.csv; Paper 4 Quarto chapters; v467-v478 curated export artifacts
reports/paper_material/paper4/tables/paper4_v117_next_one_swap_repair_action.csv,table_csv,117,delete,generated Paper 4 loop artifact retired; not read by Quarto after closure,paper4_deep_cleanup_manifest_2026-05-18.csv; Paper 4 Quarto chapters; v467-v478 curated export artifacts
reports/paper_material/paper4/tables/paper4_v117_next_one_swap_repair_source_summary.csv,table_csv,117,delete,generated Paper 4 loop artifact retired; not read by Quarto after closure,paper4_deep_cleanup_manifest_2026-05-18.csv; Paper 4 Quarto chapters; v467-v478 curated export artifacts
reports/paper_material/paper4/tables/paper4_v117_next_one_swap_repair_summary.csv,table_csv,117,delete,generated Paper 4 loop artifact retired; not read by Quarto after closure,paper4_deep_cleanup_manifest_2026-05-18.csv; Paper 4 Quarto chapters; v467-v478 curated export artifacts
reports/paper_material/paper4/tables/paper4_v118_claim_blockers.csv,table_csv,118,delete,generated Paper 4 loop artifact retired; not read by Quarto after closure,paper4_deep_cleanup_manifest_2026-05-18.csv; Paper 4 Quarto chapters; v467-v478 curated export artifacts
reports/paper_material/paper4/tables/paper4_v118_claim_matrix_delta.csv,table_csv,118,delete,generated Paper 4 loop artifact retired; not read by Quarto after closure,paper4_deep_cleanup_manifest_2026-05-18.csv; Paper 4 Quarto chapters; v467-v478 curated export artifacts
reports/paper_material/paper4/tables/paper4_v118_post_repair_one_swap_reprice.csv,table_csv,118,delete,generated Paper 4 loop artifact retired; not read by Quarto after closure,paper4_deep_cleanup_manifest_2026-05-18.csv; Paper 4 Quarto chapters; v467-v478 curated export artifacts
reports/paper_material/paper4/tables/paper4_v118_post_repair_one_swap_stage_summary.csv,table_csv,118,delete,generated Paper 4 loop artifact retired; not read by Quarto after closure,paper4_deep_cleanup_manifest_2026-05-18.csv; Paper 4 Quarto chapters; v467-v478 curated export artifacts
reports/paper_material/paper4/tables/paper4_v118_post_repair_one_swap_summary.csv,table_csv,118,delete,generated Paper 4 loop artifact retired; not read by Quarto after closure,paper4_deep_cleanup_manifest_2026-05-18.csv; Paper 4 Quarto chapters; v467-v478 curated export artifacts
reports/paper_material/paper4/tables/paper4_v118_post_repair_one_swap_top_candidates.csv,table_csv,118,delete,generated Paper 4 loop artifact retired; not read by Quarto after closure,paper4_deep_cleanup_manifest_2026-05-18.csv; Paper 4 Quarto chapters; v467-v478 curated export artifacts
reports/paper_material/paper4/tables/paper4_v119_claim_blockers.csv,table_csv,119,delete,generated Paper 4 loop artifact retired; not read by Quarto after closure,paper4_deep_cleanup_manifest_2026-05-18.csv; Paper 4 Quarto chapters; v467-v478 curated export artifacts
reports/paper_material/paper4/tables/paper4_v119_claim_matrix_delta.csv,table_csv,119,delete,generated Paper 4 loop artifact retired; not read by Quarto after closure,paper4_deep_cleanup_manifest_2026-05-18.csv; Paper 4 Quarto chapters; v467-v478 curated export artifacts
reports/paper_material/paper4/tables/paper4_v119_next_one_swap_repair_action.csv,table_csv,119,delete,generated Paper 4 loop artifact retired; not read by Quarto after closure,paper4_deep_cleanup_manifest_2026-05-18.csv; Paper 4 Quarto chapters; v467-v478 curated export artifacts
reports/paper_material/paper4/tables/paper4_v119_next_one_swap_repair_source_summary.csv,table_csv,119,delete,generated Paper 4 loop artifact retired; not read by Quarto after closure,paper4_deep_cleanup_manifest_2026-05-18.csv; Paper 4 Quarto chapters; v467-v478 curated export artifacts
reports/paper_material/paper4/tables/paper4_v119_next_one_swap_repair_summary.csv,table_csv,119,delete,generated Paper 4 loop artifact retired; not read by Quarto after closure,paper4_deep_cleanup_manifest_2026-05-18.csv; Paper 4 Quarto chapters; v467-v478 curated export artifacts
reports/paper_material/paper4/tables/paper4_v120_claim_blockers.csv,table_csv,120,delete,generated Paper 4 loop artifact retired; not read by Quarto after closure,paper4_deep_cleanup_manifest_2026-05-18.csv; Paper 4 Quarto chapters; v467-v478 curated export artifacts
reports/paper_material/paper4/tables/paper4_v120_claim_matrix_delta.csv,table_csv,120,delete,generated Paper 4 loop artifact retired; not read by Quarto after closure,paper4_deep_cleanup_manifest_2026-05-18.csv; Paper 4 Quarto chapters; v467-v478 curated export artifacts
reports/paper_material/paper4/tables/paper4_v120_post_repair_one_swap_reprice.csv,table_csv,120,delete,generated Paper 4 loop artifact retired; not read by Quarto after closure,paper4_deep_cleanup_manifest_2026-05-18.csv; Paper 4 Quarto chapters; v467-v478 curated export artifacts
reports/paper_material/paper4/tables/paper4_v120_post_repair_one_swap_stage_summary.csv,table_csv,120,delete,generated Paper 4 loop artifact retired; not read by Quarto after closure,paper4_deep_cleanup_manifest_2026-05-18.csv; Paper 4 Quarto chapters; v467-v478 curated export artifacts
reports/paper_material/paper4/tables/paper4_v120_post_repair_one_swap_summary.csv,table_csv,120,delete,generated Paper 4 loop artifact retired; not read by Quarto after closure,paper4_deep_cleanup_manifest_2026-05-18.csv; Paper 4 Quarto chapters; v467-v478 curated export artifacts
reports/paper_material/paper4/tables/paper4_v120_post_repair_one_swap_top_candidates.csv,table_csv,120,delete,generated Paper 4 loop artifact retired; not read by Quarto after closure,paper4_deep_cleanup_manifest_2026-05-18.csv; Paper 4 Quarto chapters; v467-v478 curated export artifacts
reports/paper_material/paper4/tables/paper4_v121_claim_blockers.csv,table_csv,121,delete,generated Paper 4 loop artifact retired; not read by Quarto after closure,paper4_deep_cleanup_manifest_2026-05-18.csv; Paper 4 Quarto chapters; v467-v478 curated export artifacts
reports/paper_material/paper4/tables/paper4_v121_claim_matrix_delta.csv,table_csv,121,delete,generated Paper 4 loop artifact retired; not read by Quarto after closure,paper4_deep_cleanup_manifest_2026-05-18.csv; Paper 4 Quarto chapters; v467-v478 curated export artifacts
reports/paper_material/paper4/tables/paper4_v121_next_one_swap_repair_action.csv,table_csv,121,delete,generated Paper 4 loop artifact retired; not read by Quarto after closure,paper4_deep_cleanup_manifest_2026-05-18.csv; Paper 4 Quarto chapters; v467-v478 curated export artifacts
reports/paper_material/paper4/tables/paper4_v121_next_one_swap_repair_source_summary.csv,table_csv,121,delete,generated Paper 4 loop artifact retired; not read by Quarto after closure,paper4_deep_cleanup_manifest_2026-05-18.csv; Paper 4 Quarto chapters; v467-v478 curated export artifacts
reports/paper_material/paper4/tables/paper4_v121_next_one_swap_repair_summary.csv,table_csv,121,delete,generated Paper 4 loop artifact retired; not read by Quarto after closure,paper4_deep_cleanup_manifest_2026-05-18.csv; Paper 4 Quarto chapters; v467-v478 curated export artifacts
reports/paper_material/paper4/tables/paper4_v122_claim_blockers.csv,table_csv,122,delete,generated Paper 4 loop artifact retired; not read by Quarto after closure,paper4_deep_cleanup_manifest_2026-05-18.csv; Paper 4 Quarto chapters; v467-v478 curated export artifacts
reports/paper_material/paper4/tables/paper4_v122_claim_matrix_delta.csv,table_csv,122,delete,generated Paper 4 loop artifact retired; not read by Quarto after closure,paper4_deep_cleanup_manifest_2026-05-18.csv; Paper 4 Quarto chapters; v467-v478 curated export artifacts
reports/paper_material/paper4/tables/paper4_v122_post_repair_one_swap_reprice.csv,table_csv,122,delete,generated Paper 4 loop artifact retired; not read by Quarto after closure,paper4_deep_cleanup_manifest_2026-05-18.csv; Paper 4 Quarto chapters; v467-v478 curated export artifacts
reports/paper_material/paper4/tables/paper4_v122_post_repair_one_swap_stage_summary.csv,table_csv,122,delete,generated Paper 4 loop artifact retired; not read by Quarto after closure,paper4_deep_cleanup_manifest_2026-05-18.csv; Paper 4 Quarto chapters; v467-v478 curated export artifacts
reports/paper_material/paper4/tables/paper4_v122_post_repair_one_swap_summary.csv,table_csv,122,delete,generated Paper 4 loop artifact retired; not read by Quarto after closure,paper4_deep_cleanup_manifest_2026-05-18.csv; Paper 4 Quarto chapters; v467-v478 curated export artifacts
reports/paper_material/paper4/tables/paper4_v122_post_repair_one_swap_top_candidates.csv,table_csv,122,delete,generated Paper 4 loop artifact retired; not read by Quarto after closure,paper4_deep_cleanup_manifest_2026-05-18.csv; Paper 4 Quarto chapters; v467-v478 curated export artifacts
reports/paper_material/paper4/tables/paper4_v123_claim_blockers.csv,table_csv,123,delete,generated Paper 4 loop artifact retired; not read by Quarto after closure,paper4_deep_cleanup_manifest_2026-05-18.csv; Paper 4 Quarto chapters; v467-v478 curated export artifacts
reports/paper_material/paper4/tables/paper4_v123_claim_matrix_delta.csv,table_csv,123,delete,generated Paper 4 loop artifact retired; not read by Quarto after closure,paper4_deep_cleanup_manifest_2026-05-18.csv; Paper 4 Quarto chapters; v467-v478 curated export artifacts
reports/paper_material/paper4/tables/paper4_v123_next_one_swap_repair_action.csv,table_csv,123,delete,generated Paper 4 loop artifact retired; not read by Quarto after closure,paper4_deep_cleanup_manifest_2026-05-18.csv; Paper 4 Quarto chapters; v467-v478 curated export artifacts
reports/paper_material/paper4/tables/paper4_v123_next_one_swap_repair_source_summary.csv,table_csv,123,delete,generated Paper 4 loop artifact retired; not read by Quarto after closure,paper4_deep_cleanup_manifest_2026-05-18.csv; Paper 4 Quarto chapters; v467-v478 curated export artifacts
reports/paper_material/paper4/tables/paper4_v123_next_one_swap_repair_summary.csv,table_csv,123,delete,generated Paper 4 loop artifact retired; not read by Quarto after closure,paper4_deep_cleanup_manifest_2026-05-18.csv; Paper 4 Quarto chapters; v467-v478 curated export artifacts
reports/paper_material/paper4/tables/paper4_v124_claim_blockers.csv,table_csv,124,delete,generated Paper 4 loop artifact retired; not read by Quarto after closure,paper4_deep_cleanup_manifest_2026-05-18.csv; Paper 4 Quarto chapters; v467-v478 curated export artifacts
reports/paper_material/paper4/tables/paper4_v124_claim_matrix_delta.csv,table_csv,124,delete,generated Paper 4 loop artifact retired; not read by Quarto after closure,paper4_deep_cleanup_manifest_2026-05-18.csv; Paper 4 Quarto chapters; v467-v478 curated export artifacts
reports/paper_material/paper4/tables/paper4_v124_post_repair_one_swap_reprice.csv,table_csv,124,delete,generated Paper 4 loop artifact retired; not read by Quarto after closure,paper4_deep_cleanup_manifest_2026-05-18.csv; Paper 4 Quarto chapters; v467-v478 curated export artifacts
reports/paper_material/paper4/tables/paper4_v124_post_repair_one_swap_stage_summary.csv,table_csv,124,delete,generated Paper 4 loop artifact retired; not read by Quarto after closure,paper4_deep_cleanup_manifest_2026-05-18.csv; Paper 4 Quarto chapters; v467-v478 curated export artifacts
reports/paper_material/paper4/tables/paper4_v124_post_repair_one_swap_summary.csv,table_csv,124,delete,generated Paper 4 loop artifact retired; not read by Quarto after closure,paper4_deep_cleanup_manifest_2026-05-18.csv; Paper 4 Quarto chapters; v467-v478 curated export artifacts
reports/paper_material/paper4/tables/paper4_v124_post_repair_one_swap_top_candidates.csv,table_csv,124,delete,generated Paper 4 loop artifact retired; not read by Quarto after closure,paper4_deep_cleanup_manifest_2026-05-18.csv; Paper 4 Quarto chapters; v467-v478 curated export artifacts
reports/paper_material/paper4/tables/paper4_v125_claim_blockers.csv,table_csv,125,delete,generated Paper 4 loop artifact retired; not read by Quarto after closure,paper4_deep_cleanup_manifest_2026-05-18.csv; Paper 4 Quarto chapters; v467-v478 curated export artifacts
reports/paper_material/paper4/tables/paper4_v125_claim_matrix_delta.csv,table_csv,125,delete,generated Paper 4 loop artifact retired; not read by Quarto after closure,paper4_deep_cleanup_manifest_2026-05-18.csv; Paper 4 Quarto chapters; v467-v478 curated export artifacts
reports/paper_material/paper4/tables/paper4_v125_next_one_swap_repair_action.csv,table_csv,125,delete,generated Paper 4 loop artifact retired; not read by Quarto after closure,paper4_deep_cleanup_manifest_2026-05-18.csv; Paper 4 Quarto chapters; v467-v478 curated export artifacts
reports/paper_material/paper4/tables/paper4_v125_next_one_swap_repair_source_summary.csv,table_csv,125,delete,generated Paper 4 loop artifact retired; not read by Quarto after closure,paper4_deep_cleanup_manifest_2026-05-18.csv; Paper 4 Quarto chapters; v467-v478 curated export artifacts
reports/paper_material/paper4/tables/paper4_v125_next_one_swap_repair_summary.csv,table_csv,125,delete,generated Paper 4 loop artifact retired; not read by Quarto after closure,paper4_deep_cleanup_manifest_2026-05-18.csv; Paper 4 Quarto chapters; v467-v478 curated export artifacts
reports/paper_material/paper4/tables/paper4_v126_claim_blockers.csv,table_csv,126,delete,generated Paper 4 loop artifact retired; not read by Quarto after closure,paper4_deep_cleanup_manifest_2026-05-18.csv; Paper 4 Quarto chapters; v467-v478 curated export artifacts
reports/paper_material/paper4/tables/paper4_v126_claim_matrix_delta.csv,table_csv,126,delete,generated Paper 4 loop artifact retired; not read by Quarto after closure,paper4_deep_cleanup_manifest_2026-05-18.csv; Paper 4 Quarto chapters; v467-v478 curated export artifacts
reports/paper_material/paper4/tables/paper4_v126_post_repair_one_swap_reprice.csv,table_csv,126,delete,generated Paper 4 loop artifact retired; not read by Quarto after closure,paper4_deep_cleanup_manifest_2026-05-18.csv; Paper 4 Quarto chapters; v467-v478 curated export artifacts
reports/paper_material/paper4/tables/paper4_v126_post_repair_one_swap_stage_summary.csv,table_csv,126,delete,generated Paper 4 loop artifact retired; not read by Quarto after closure,paper4_deep_cleanup_manifest_2026-05-18.csv; Paper 4 Quarto chapters; v467-v478 curated export artifacts
reports/paper_material/paper4/tables/paper4_v126_post_repair_one_swap_summary.csv,table_csv,126,delete,generated Paper 4 loop artifact retired; not read by Quarto after closure,paper4_deep_cleanup_manifest_2026-05-18.csv; Paper 4 Quarto chapters; v467-v478 curated export artifacts
reports/paper_material/paper4/tables/paper4_v126_post_repair_one_swap_top_candidates.csv,table_csv,126,delete,generated Paper 4 loop artifact retired; not read by Quarto after closure,paper4_deep_cleanup_manifest_2026-05-18.csv; Paper 4 Quarto chapters; v467-v478 curated export artifacts
reports/paper_material/paper4/tables/paper4_v127_claim_blockers.csv,table_csv,127,delete,generated Paper 4 loop artifact retired; not read by Quarto after closure,paper4_deep_cleanup_manifest_2026-05-18.csv; Paper 4 Quarto chapters; v467-v478 curated export artifacts
reports/paper_material/paper4/tables/paper4_v127_claim_matrix_delta.csv,table_csv,127,delete,generated Paper 4 loop artifact retired; not read by Quarto after closure,paper4_deep_cleanup_manifest_2026-05-18.csv; Paper 4 Quarto chapters; v467-v478 curated export artifacts
reports/paper_material/paper4/tables/paper4_v127_next_one_swap_repair_action.csv,table_csv,127,delete,generated Paper 4 loop artifact retired; not read by Quarto after closure,paper4_deep_cleanup_manifest_2026-05-18.csv; Paper 4 Quarto chapters; v467-v478 curated export artifacts
reports/paper_material/paper4/tables/paper4_v127_next_one_swap_repair_source_summary.csv,table_csv,127,delete,generated Paper 4 loop artifact retired; not read by Quarto after closure,paper4_deep_cleanup_manifest_2026-05-18.csv; Paper 4 Quarto chapters; v467-v478 curated export artifacts
reports/paper_material/paper4/tables/paper4_v127_next_one_swap_repair_summary.csv,table_csv,127,delete,generated Paper 4 loop artifact retired; not read by Quarto after closure,paper4_deep_cleanup_manifest_2026-05-18.csv; Paper 4 Quarto chapters; v467-v478 curated export artifacts
reports/paper_material/paper4/tables/paper4_v128_claim_blockers.csv,table_csv,128,delete,generated Paper 4 loop artifact retired; not read by Quarto after closure,paper4_deep_cleanup_manifest_2026-05-18.csv; Paper 4 Quarto chapters; v467-v478 curated export artifacts
reports/paper_material/paper4/tables/paper4_v128_claim_matrix_delta.csv,table_csv,128,delete,generated Paper 4 loop artifact retired; not read by Quarto after closure,paper4_deep_cleanup_manifest_2026-05-18.csv; Paper 4 Quarto chapters; v467-v478 curated export artifacts
reports/paper_material/paper4/tables/paper4_v128_post_repair_one_swap_reprice.csv,table_csv,128,delete,generated Paper 4 loop artifact retired; not read by Quarto after closure,paper4_deep_cleanup_manifest_2026-05-18.csv; Paper 4 Quarto chapters; v467-v478 curated export artifacts
reports/paper_material/paper4/tables/paper4_v128_post_repair_one_swap_stage_summary.csv,table_csv,128,delete,generated Paper 4 loop artifact retired; not read by Quarto after closure,paper4_deep_cleanup_manifest_2026-05-18.csv; Paper 4 Quarto chapters; v467-v478 curated export artifacts
reports/paper_material/paper4/tables/paper4_v128_post_repair_one_swap_summary.csv,table_csv,128,delete,generated Paper 4 loop artifact retired; not read by Quarto after closure,paper4_deep_cleanup_manifest_2026-05-18.csv; Paper 4 Quarto chapters; v467-v478 curated export artifacts
reports/paper_material/paper4/tables/paper4_v128_post_repair_one_swap_top_candidates.csv,table_csv,128,delete,generated Paper 4 loop artifact retired; not read by Quarto after closure,paper4_deep_cleanup_manifest_2026-05-18.csv; Paper 4 Quarto chapters; v467-v478 curated export artifacts
reports/paper_material/paper4/tables/paper4_v129_claim_blockers.csv,table_csv,129,delete,generated Paper 4 loop artifact retired; not read by Quarto after closure,paper4_deep_cleanup_manifest_2026-05-18.csv; Paper 4 Quarto chapters; v467-v478 curated export artifacts
reports/paper_material/paper4/tables/paper4_v129_claim_matrix_delta.csv,table_csv,129,delete,generated Paper 4 loop artifact retired; not read by Quarto after closure,paper4_deep_cleanup_manifest_2026-05-18.csv; Paper 4 Quarto chapters; v467-v478 curated export artifacts
reports/paper_material/paper4/tables/paper4_v129_next_one_swap_repair_action.csv,table_csv,129,delete,generated Paper 4 loop artifact retired; not read by Quarto after closure,paper4_deep_cleanup_manifest_2026-05-18.csv; Paper 4 Quarto chapters; v467-v478 curated export artifacts
reports/paper_material/paper4/tables/paper4_v129_next_one_swap_repair_source_summary.csv,table_csv,129,delete,generated Paper 4 loop artifact retired; not read by Quarto after closure,paper4_deep_cleanup_manifest_2026-05-18.csv; Paper 4 Quarto chapters; v467-v478 curated export artifacts
reports/paper_material/paper4/tables/paper4_v129_next_one_swap_repair_summary.csv,table_csv,129,delete,generated Paper 4 loop artifact retired; not read by Quarto after closure,paper4_deep_cleanup_manifest_2026-05-18.csv; Paper 4 Quarto chapters; v467-v478 curated export artifacts
reports/paper_material/paper4/tables/paper4_v130_claim_blockers.csv,table_csv,130,delete,generated Paper 4 loop artifact retired; not read by Quarto after closure,paper4_deep_cleanup_manifest_2026-05-18.csv; Paper 4 Quarto chapters; v467-v478 curated export artifacts
reports/paper_material/paper4/tables/paper4_v130_claim_matrix_delta.csv,table_csv,130,delete,generated Paper 4 loop artifact retired; not read by Quarto after closure,paper4_deep_cleanup_manifest_2026-05-18.csv; Paper 4 Quarto chapters; v467-v478 curated export artifacts
reports/paper_material/paper4/tables/paper4_v130_post_repair_one_swap_reprice.csv,table_csv,130,delete,generated Paper 4 loop artifact retired; not read by Quarto after closure,paper4_deep_cleanup_manifest_2026-05-18.csv; Paper 4 Quarto chapters; v467-v478 curated export artifacts
reports/paper_material/paper4/tables/paper4_v130_post_repair_one_swap_stage_summary.csv,table_csv,130,delete,generated Paper 4 loop artifact retired; not read by Quarto after closure,paper4_deep_cleanup_manifest_2026-05-18.csv; Paper 4 Quarto chapters; v467-v478 curated export artifacts
reports/paper_material/paper4/tables/paper4_v130_post_repair_one_swap_summary.csv,table_csv,130,delete,generated Paper 4 loop artifact retired; not read by Quarto after closure,paper4_deep_cleanup_manifest_2026-05-18.csv; Paper 4 Quarto chapters; v467-v478 curated export artifacts
reports/paper_material/paper4/tables/paper4_v130_post_repair_one_swap_top_candidates.csv,table_csv,130,delete,generated Paper 4 loop artifact retired; not read by Quarto after closure,paper4_deep_cleanup_manifest_2026-05-18.csv; Paper 4 Quarto chapters; v467-v478 curated export artifacts
reports/paper_material/paper4/tables/paper4_v131_claim_blockers.csv,table_csv,131,delete,generated Paper 4 loop artifact retired; not read by Quarto after closure,paper4_deep_cleanup_manifest_2026-05-18.csv; Paper 4 Quarto chapters; v467-v478 curated export artifacts
reports/paper_material/paper4/tables/paper4_v131_claim_matrix_delta.csv,table_csv,131,delete,generated Paper 4 loop artifact retired; not read by Quarto after closure,paper4_deep_cleanup_manifest_2026-05-18.csv; Paper 4 Quarto chapters; v467-v478 curated export artifacts
reports/paper_material/paper4/tables/paper4_v131_next_one_swap_repair_action.csv,table_csv,131,delete,generated Paper 4 loop artifact retired; not read by Quarto after closure,paper4_deep_cleanup_manifest_2026-05-18.csv; Paper 4 Quarto chapters; v467-v478 curated export artifacts
reports/paper_material/paper4/tables/paper4_v131_next_one_swap_repair_source_summary.csv,table_csv,131,delete,generated Paper 4 loop artifact retired; not read by Quarto after closure,paper4_deep_cleanup_manifest_2026-05-18.csv; Paper 4 Quarto chapters; v467-v478 curated export artifacts
reports/paper_material/paper4/tables/paper4_v131_next_one_swap_repair_summary.csv,table_csv,131,delete,generated Paper 4 loop artifact retired; not read by Quarto after closure,paper4_deep_cleanup_manifest_2026-05-18.csv; Paper 4 Quarto chapters; v467-v478 curated export artifacts
reports/paper_material/paper4/tables/paper4_v132_claim_blockers.csv,table_csv,132,delete,generated Paper 4 loop artifact retired; not read by Quarto after closure,paper4_deep_cleanup_manifest_2026-05-18.csv; Paper 4 Quarto chapters; v467-v478 curated export artifacts
reports/paper_material/paper4/tables/paper4_v132_claim_matrix_delta.csv,table_csv,132,delete,generated Paper 4 loop artifact retired; not read by Quarto after closure,paper4_deep_cleanup_manifest_2026-05-18.csv; Paper 4 Quarto chapters; v467-v478 curated export artifacts
reports/paper_material/paper4/tables/paper4_v132_post_repair_one_swap_reprice.csv,table_csv,132,delete,generated Paper 4 loop artifact retired; not read by Quarto after closure,paper4_deep_cleanup_manifest_2026-05-18.csv; Paper 4 Quarto chapters; v467-v478 curated export artifacts
reports/paper_material/paper4/tables/paper4_v132_post_repair_one_swap_stage_summary.csv,table_csv,132,delete,generated Paper 4 loop artifact retired; not read by Quarto after closure,paper4_deep_cleanup_manifest_2026-05-18.csv; Paper 4 Quarto chapters; v467-v478 curated export artifacts
reports/paper_material/paper4/tables/paper4_v132_post_repair_one_swap_summary.csv,table_csv,132,delete,generated Paper 4 loop artifact retired; not read by Quarto after closure,paper4_deep_cleanup_manifest_2026-05-18.csv; Paper 4 Quarto chapters; v467-v478 curated export artifacts
reports/paper_material/paper4/tables/paper4_v132_post_repair_one_swap_top_candidates.csv,table_csv,132,delete,generated Paper 4 loop artifact retired; not read by Quarto after closure,paper4_deep_cleanup_manifest_2026-05-18.csv; Paper 4 Quarto chapters; v467-v478 curated export artifacts
reports/paper_material/paper4/tables/paper4_v133_claim_blockers.csv,table_csv,133,delete,generated Paper 4 loop artifact retired; not read by Quarto after closure,paper4_deep_cleanup_manifest_2026-05-18.csv; Paper 4 Quarto chapters; v467-v478 curated export artifacts
reports/paper_material/paper4/tables/paper4_v133_claim_matrix_delta.csv,table_csv,133,delete,generated Paper 4 loop artifact retired; not read by Quarto after closure,paper4_deep_cleanup_manifest_2026-05-18.csv; Paper 4 Quarto chapters; v467-v478 curated export artifacts
reports/paper_material/paper4/tables/paper4_v133_next_one_swap_repair_action.csv,table_csv,133,delete,generated Paper 4 loop artifact retired; not read by Quarto after closure,paper4_deep_cleanup_manifest_2026-05-18.csv; Paper 4 Quarto chapters; v467-v478 curated export artifacts
reports/paper_material/paper4/tables/paper4_v133_next_one_swap_repair_source_summary.csv,table_csv,133,delete,generated Paper 4 loop artifact retired; not read by Quarto after closure,paper4_deep_cleanup_manifest_2026-05-18.csv; Paper 4 Quarto chapters; v467-v478 curated export artifacts
reports/paper_material/paper4/tables/paper4_v133_next_one_swap_repair_summary.csv,table_csv,133,delete,generated Paper 4 loop artifact retired; not read by Quarto after closure,paper4_deep_cleanup_manifest_2026-05-18.csv; Paper 4 Quarto chapters; v467-v478 curated export artifacts
reports/paper_material/paper4/tables/paper4_v134_claim_blockers.csv,table_csv,134,delete,generated Paper 4 loop artifact retired; not read by Quarto after closure,paper4_deep_cleanup_manifest_2026-05-18.csv; Paper 4 Quarto chapters; v467-v478 curated export artifacts
reports/paper_material/paper4/tables/paper4_v134_claim_matrix_delta.csv,table_csv,134,delete,generated Paper 4 loop artifact retired; not read by Quarto after closure,paper4_deep_cleanup_manifest_2026-05-18.csv; Paper 4 Quarto chapters; v467-v478 curated export artifacts
reports/paper_material/paper4/tables/paper4_v134_post_repair_one_swap_reprice.csv,table_csv,134,delete,generated Paper 4 loop artifact retired; not read by Quarto after closure,paper4_deep_cleanup_manifest_2026-05-18.csv; Paper 4 Quarto chapters; v467-v478 curated export artifacts
reports/paper_material/paper4/tables/paper4_v134_post_repair_one_swap_stage_summary.csv,table_csv,134,delete,generated Paper 4 loop artifact retired; not read by Quarto after closure,paper4_deep_cleanup_manifest_2026-05-18.csv; Paper 4 Quarto chapters; v467-v478 curated export artifacts
reports/paper_material/paper4/tables/paper4_v134_post_repair_one_swap_summary.csv,table_csv,134,delete,generated Paper 4 loop artifact retired; not read by Quarto after closure,paper4_deep_cleanup_manifest_2026-05-18.csv; Paper 4 Quarto chapters; v467-v478 curated export artifacts
reports/paper_material/paper4/tables/paper4_v134_post_repair_one_swap_top_candidates.csv,table_csv,134,delete,generated Paper 4 loop artifact retired; not read by Quarto after closure,paper4_deep_cleanup_manifest_2026-05-18.csv; Paper 4 Quarto chapters; v467-v478 curated export artifacts
reports/paper_material/paper4/tables/paper4_v135_claim_blockers.csv,table_csv,135,delete,generated Paper 4 loop artifact retired; not read by Quarto after closure,paper4_deep_cleanup_manifest_2026-05-18.csv; Paper 4 Quarto chapters; v467-v478 curated export artifacts
reports/paper_material/paper4/tables/paper4_v135_claim_matrix_delta.csv,table_csv,135,delete,generated Paper 4 loop artifact retired; not read by Quarto after closure,paper4_deep_cleanup_manifest_2026-05-18.csv; Paper 4 Quarto chapters; v467-v478 curated export artifacts
reports/paper_material/paper4/tables/paper4_v135_next_one_swap_repair_action.csv,table_csv,135,delete,generated Paper 4 loop artifact retired; not read by Quarto after closure,paper4_deep_cleanup_manifest_2026-05-18.csv; Paper 4 Quarto chapters; v467-v478 curated export artifacts
reports/paper_material/paper4/tables/paper4_v135_next_one_swap_repair_source_summary.csv,table_csv,135,delete,generated Paper 4 loop artifact retired; not read by Quarto after closure,paper4_deep_cleanup_manifest_2026-05-18.csv; Paper 4 Quarto chapters; v467-v478 curated export artifacts
reports/paper_material/paper4/tables/paper4_v135_next_one_swap_repair_summary.csv,table_csv,135,delete,generated Paper 4 loop artifact retired; not read by Quarto after closure,paper4_deep_cleanup_manifest_2026-05-18.csv; Paper 4 Quarto chapters; v467-v478 curated export artifacts
reports/paper_material/paper4/tables/paper4_v136_claim_blockers.csv,table_csv,136,delete,generated Paper 4 loop artifact retired; not read by Quarto after closure,paper4_deep_cleanup_manifest_2026-05-18.csv; Paper 4 Quarto chapters; v467-v478 curated export artifacts
reports/paper_material/paper4/tables/paper4_v136_claim_matrix_delta.csv,table_csv,136,delete,generated Paper 4 loop artifact retired; not read by Quarto after closure,paper4_deep_cleanup_manifest_2026-05-18.csv; Paper 4 Quarto chapters; v467-v478 curated export artifacts
reports/paper_material/paper4/tables/paper4_v136_post_repair_one_swap_reprice.csv,table_csv,136,delete,generated Paper 4 loop artifact retired; not read by Quarto after closure,paper4_deep_cleanup_manifest_2026-05-18.csv; Paper 4 Quarto chapters; v467-v478 curated export artifacts
reports/paper_material/paper4/tables/paper4_v136_post_repair_one_swap_stage_summary.csv,table_csv,136,delete,generated Paper 4 loop artifact retired; not read by Quarto after closure,paper4_deep_cleanup_manifest_2026-05-18.csv; Paper 4 Quarto chapters; v467-v478 curated export artifacts
reports/paper_material/paper4/tables/paper4_v136_post_repair_one_swap_summary.csv,table_csv,136,delete,generated Paper 4 loop artifact retired; not read by Quarto after closure,paper4_deep_cleanup_manifest_2026-05-18.csv; Paper 4 Quarto chapters; v467-v478 curated export artifacts
reports/paper_material/paper4/tables/paper4_v136_post_repair_one_swap_top_candidates.csv,table_csv,136,delete,generated Paper 4 loop artifact retired; not read by Quarto after closure,paper4_deep_cleanup_manifest_2026-05-18.csv; Paper 4 Quarto chapters; v467-v478 curated export artifacts
reports/paper_material/paper4/tables/paper4_v137_claim_blockers.csv,table_csv,137,delete,generated Paper 4 loop artifact retired; not read by Quarto after closure,paper4_deep_cleanup_manifest_2026-05-18.csv; Paper 4 Quarto chapters; v467-v478 curated export artifacts
reports/paper_material/paper4/tables/paper4_v137_claim_matrix_delta.csv,table_csv,137,delete,generated Paper 4 loop artifact retired; not read by Quarto after closure,paper4_deep_cleanup_manifest_2026-05-18.csv; Paper 4 Quarto chapters; v467-v478 curated export artifacts
reports/paper_material/paper4/tables/paper4_v137_next_one_swap_repair_action.csv,table_csv,137,delete,generated Paper 4 loop artifact retired; not read by Quarto after closure,paper4_deep_cleanup_manifest_2026-05-18.csv; Paper 4 Quarto chapters; v467-v478 curated export artifacts
reports/paper_material/paper4/tables/paper4_v137_next_one_swap_repair_source_summary.csv,table_csv,137,delete,generated Paper 4 loop artifact retired; not read by Quarto after closure,paper4_deep_cleanup_manifest_2026-05-18.csv; Paper 4 Quarto chapters; v467-v478 curated export artifacts
reports/paper_material/paper4/tables/paper4_v137_next_one_swap_repair_summary.csv,table_csv,137,delete,generated Paper 4 loop artifact retired; not read by Quarto after closure,paper4_deep_cleanup_manifest_2026-05-18.csv; Paper 4 Quarto chapters; v467-v478 curated export artifacts
reports/paper_material/paper4/tables/paper4_v138_claim_blockers.csv,table_csv,138,delete,generated Paper 4 loop artifact retired; not read by Quarto after closure,paper4_deep_cleanup_manifest_2026-05-18.csv; Paper 4 Quarto chapters; v467-v478 curated export artifacts
reports/paper_material/paper4/tables/paper4_v138_claim_matrix_delta.csv,table_csv,138,delete,generated Paper 4 loop artifact retired; not read by Quarto after closure,paper4_deep_cleanup_manifest_2026-05-18.csv; Paper 4 Quarto chapters; v467-v478 curated export artifacts
reports/paper_material/paper4/tables/paper4_v138_post_repair_one_swap_reprice.csv,table_csv,138,delete,generated Paper 4 loop artifact retired; not read by Quarto after closure,paper4_deep_cleanup_manifest_2026-05-18.csv; Paper 4 Quarto chapters; v467-v478 curated export artifacts
reports/paper_material/paper4/tables/paper4_v138_post_repair_one_swap_stage_summary.csv,table_csv,138,delete,generated Paper 4 loop artifact retired; not read by Quarto after closure,paper4_deep_cleanup_manifest_2026-05-18.csv; Paper 4 Quarto chapters; v467-v478 curated export artifacts
reports/paper_material/paper4/tables/paper4_v138_post_repair_one_swap_summary.csv,table_csv,138,delete,generated Paper 4 loop artifact retired; not read by Quarto after closure,paper4_deep_cleanup_manifest_2026-05-18.csv; Paper 4 Quarto chapters; v467-v478 curated export artifacts
reports/paper_material/paper4/tables/paper4_v138_post_repair_one_swap_top_candidates.csv,table_csv,138,delete,generated Paper 4 loop artifact retired; not read by Quarto after closure,paper4_deep_cleanup_manifest_2026-05-18.csv; Paper 4 Quarto chapters; v467-v478 curated export artifacts
reports/paper_material/paper4/tables/paper4_v139_claim_blockers.csv,table_csv,139,delete,generated Paper 4 loop artifact retired; not read by Quarto after closure,paper4_deep_cleanup_manifest_2026-05-18.csv; Paper 4 Quarto chapters; v467-v478 curated export artifacts
reports/paper_material/paper4/tables/paper4_v139_claim_matrix_delta.csv,table_csv,139,delete,generated Paper 4 loop artifact retired; not read by Quarto after closure,paper4_deep_cleanup_manifest_2026-05-18.csv; Paper 4 Quarto chapters; v467-v478 curated export artifacts
reports/paper_material/paper4/tables/paper4_v139_next_one_swap_repair_action.csv,table_csv,139,delete,generated Paper 4 loop artifact retired; not read by Quarto after closure,paper4_deep_cleanup_manifest_2026-05-18.csv; Paper 4 Quarto chapters; v467-v478 curated export artifacts
reports/paper_material/paper4/tables/paper4_v139_next_one_swap_repair_source_summary.csv,table_csv,139,delete,generated Paper 4 loop artifact retired; not read by Quarto after closure,paper4_deep_cleanup_manifest_2026-05-18.csv; Paper 4 Quarto chapters; v467-v478 curated export artifacts
reports/paper_material/paper4/tables/paper4_v139_next_one_swap_repair_summary.csv,table_csv,139,delete,generated Paper 4 loop artifact retired; not read by Quarto after closure,paper4_deep_cleanup_manifest_2026-05-18.csv; Paper 4 Quarto chapters; v467-v478 curated export artifacts
reports/paper_material/paper4/tables/paper4_v140_claim_blockers.csv,table_csv,140,delete,generated Paper 4 loop artifact retired; not read by Quarto after closure,paper4_deep_cleanup_manifest_2026-05-18.csv; Paper 4 Quarto chapters; v467-v478 curated export artifacts
reports/paper_material/paper4/tables/paper4_v140_claim_matrix_delta.csv,table_csv,140,delete,generated Paper 4 loop artifact retired; not read by Quarto after closure,paper4_deep_cleanup_manifest_2026-05-18.csv; Paper 4 Quarto chapters; v467-v478 curated export artifacts
reports/paper_material/paper4/tables/paper4_v140_post_repair_one_swap_reprice.csv,table_csv,140,delete,generated Paper 4 loop artifact retired; not read by Quarto after closure,paper4_deep_cleanup_manifest_2026-05-18.csv; Paper 4 Quarto chapters; v467-v478 curated export artifacts
reports/paper_material/paper4/tables/paper4_v140_post_repair_one_swap_stage_summary.csv,table_csv,140,delete,generated Paper 4 loop artifact retired; not read by Quarto after closure,paper4_deep_cleanup_manifest_2026-05-18.csv; Paper 4 Quarto chapters; v467-v478 curated export artifacts
reports/paper_material/paper4/tables/paper4_v140_post_repair_one_swap_summary.csv,table_csv,140,delete,generated Paper 4 loop artifact retired; not read by Quarto after closure,paper4_deep_cleanup_manifest_2026-05-18.csv; Paper 4 Quarto chapters; v467-v478 curated export artifacts
reports/paper_material/paper4/tables/paper4_v140_post_repair_one_swap_top_candidates.csv,table_csv,140,delete,generated Paper 4 loop artifact retired; not read by Quarto after closure,paper4_deep_cleanup_manifest_2026-05-18.csv; Paper 4 Quarto chapters; v467-v478 curated export artifacts
reports/paper_material/paper4/tables/paper4_v141_claim_blockers.csv,table_csv,141,delete,generated Paper 4 loop artifact retired; not read by Quarto after closure,paper4_deep_cleanup_manifest_2026-05-18.csv; Paper 4 Quarto chapters; v467-v478 curated export artifacts
reports/paper_material/paper4/tables/paper4_v141_claim_matrix_delta.csv,table_csv,141,delete,generated Paper 4 loop artifact retired; not read by Quarto after closure,paper4_deep_cleanup_manifest_2026-05-18.csv; Paper 4 Quarto chapters; v467-v478 curated export artifacts
reports/paper_material/paper4/tables/paper4_v141_next_one_swap_repair_action.csv,table_csv,141,delete,generated Paper 4 loop artifact retired; not read by Quarto after closure,paper4_deep_cleanup_manifest_2026-05-18.csv; Paper 4 Quarto chapters; v467-v478 curated export artifacts
reports/paper_material/paper4/tables/paper4_v141_next_one_swap_repair_source_summary.csv,table_csv,141,delete,generated Paper 4 loop artifact retired; not read by Quarto after closure,paper4_deep_cleanup_manifest_2026-05-18.csv; Paper 4 Quarto chapters; v467-v478 curated export artifacts
reports/paper_material/paper4/tables/paper4_v141_next_one_swap_repair_summary.csv,table_csv,141,delete,generated Paper 4 loop artifact retired; not read by Quarto after closure,paper4_deep_cleanup_manifest_2026-05-18.csv; Paper 4 Quarto chapters; v467-v478 curated export artifacts
reports/paper_material/paper4/tables/paper4_v142_claim_blockers.csv,table_csv,142,delete,generated Paper 4 loop artifact retired; not read by Quarto after closure,paper4_deep_cleanup_manifest_2026-05-18.csv; Paper 4 Quarto chapters; v467-v478 curated export artifacts
reports/paper_material/paper4/tables/paper4_v142_claim_matrix_delta.csv,table_csv,142,delete,generated Paper 4 loop artifact retired; not read by Quarto after closure,paper4_deep_cleanup_manifest_2026-05-18.csv; Paper 4 Quarto chapters; v467-v478 curated export artifacts
reports/paper_material/paper4/tables/paper4_v142_post_repair_one_swap_reprice.csv,table_csv,142,delete,generated Paper 4 loop artifact retired; not read by Quarto after closure,paper4_deep_cleanup_manifest_2026-05-18.csv; Paper 4 Quarto chapters; v467-v478 curated export artifacts
reports/paper_material/paper4/tables/paper4_v142_post_repair_one_swap_stage_summary.csv,table_csv,142,delete,generated Paper 4 loop artifact retired; not read by Quarto after closure,paper4_deep_cleanup_manifest_2026-05-18.csv; Paper 4 Quarto chapters; v467-v478 curated export artifacts
reports/paper_material/paper4/tables/paper4_v142_post_repair_one_swap_summary.csv,table_csv,142,delete,generated Paper 4 loop artifact retired; not read by Quarto after closure,paper4_deep_cleanup_manifest_2026-05-18.csv; Paper 4 Quarto chapters; v467-v478 curated export artifacts
reports/paper_material/paper4/tables/paper4_v142_post_repair_one_swap_top_candidates.csv,table_csv,142,delete,generated Paper 4 loop artifact retired; not read by Quarto after closure,paper4_deep_cleanup_manifest_2026-05-18.csv; Paper 4 Quarto chapters; v467-v478 curated export artifacts
reports/paper_material/paper4/tables/paper4_v143_claim_blockers.csv,table_csv,143,delete,generated Paper 4 loop artifact retired; not read by Quarto after closure,paper4_deep_cleanup_manifest_2026-05-18.csv; Paper 4 Quarto chapters; v467-v478 curated export artifacts
reports/paper_material/paper4/tables/paper4_v143_claim_matrix_delta.csv,table_csv,143,delete,generated Paper 4 loop artifact retired; not read by Quarto after closure,paper4_deep_cleanup_manifest_2026-05-18.csv; Paper 4 Quarto chapters; v467-v478 curated export artifacts
reports/paper_material/paper4/tables/paper4_v143_next_one_swap_repair_action.csv,table_csv,143,delete,generated Paper 4 loop artifact retired; not read by Quarto after closure,paper4_deep_cleanup_manifest_2026-05-18.csv; Paper 4 Quarto chapters; v467-v478 curated export artifacts
reports/paper_material/paper4/tables/paper4_v143_next_one_swap_repair_source_summary.csv,table_csv,143,delete,generated Paper 4 loop artifact retired; not read by Quarto after closure,paper4_deep_cleanup_manifest_2026-05-18.csv; Paper 4 Quarto chapters; v467-v478 curated export artifacts
reports/paper_material/paper4/tables/paper4_v143_next_one_swap_repair_summary.csv,table_csv,143,delete,generated Paper 4 loop artifact retired; not read by Quarto after closure,paper4_deep_cleanup_manifest_2026-05-18.csv; Paper 4 Quarto chapters; v467-v478 curated export artifacts
reports/paper_material/paper4/tables/paper4_v144_claim_blockers.csv,table_csv,144,delete,generated Paper 4 loop artifact retired; not read by Quarto after closure,paper4_deep_cleanup_manifest_2026-05-18.csv; Paper 4 Quarto chapters; v467-v478 curated export artifacts
reports/paper_material/paper4/tables/paper4_v144_claim_matrix_delta.csv,table_csv,144,delete,generated Paper 4 loop artifact retired; not read by Quarto after closure,paper4_deep_cleanup_manifest_2026-05-18.csv; Paper 4 Quarto chapters; v467-v478 curated export artifacts
reports/paper_material/paper4/tables/paper4_v144_post_repair_one_swap_reprice.csv,table_csv,144,delete,generated Paper 4 loop artifact retired; not read by Quarto after closure,paper4_deep_cleanup_manifest_2026-05-18.csv; Paper 4 Quarto chapters; v467-v478 curated export artifacts
reports/paper_material/paper4/tables/paper4_v144_post_repair_one_swap_stage_summary.csv,table_csv,144,delete,generated Paper 4 loop artifact retired; not read by Quarto after closure,paper4_deep_cleanup_manifest_2026-05-18.csv; Paper 4 Quarto chapters; v467-v478 curated export artifacts
reports/paper_material/paper4/tables/paper4_v144_post_repair_one_swap_summary.csv,table_csv,144,delete,generated Paper 4 loop artifact retired; not read by Quarto after closure,paper4_deep_cleanup_manifest_2026-05-18.csv; Paper 4 Quarto chapters; v467-v478 curated export artifacts
reports/paper_material/paper4/tables/paper4_v144_post_repair_one_swap_top_candidates.csv,table_csv,144,delete,generated Paper 4 loop artifact retired; not read by Quarto after closure,paper4_deep_cleanup_manifest_2026-05-18.csv; Paper 4 Quarto chapters; v467-v478 curated export artifacts
reports/paper_material/paper4/tables/paper4_v145_claim_blockers.csv,table_csv,145,delete,generated Paper 4 loop artifact retired; not read by Quarto after closure,paper4_deep_cleanup_manifest_2026-05-18.csv; Paper 4 Quarto chapters; v467-v478 curated export artifacts
reports/paper_material/paper4/tables/paper4_v145_claim_matrix_delta.csv,table_csv,145,delete,generated Paper 4 loop artifact retired; not read by Quarto after closure,paper4_deep_cleanup_manifest_2026-05-18.csv; Paper 4 Quarto chapters; v467-v478 curated export artifacts
reports/paper_material/paper4/tables/paper4_v145_next_one_swap_repair_action.csv,table_csv,145,delete,generated Paper 4 loop artifact retired; not read by Quarto after closure,paper4_deep_cleanup_manifest_2026-05-18.csv; Paper 4 Quarto chapters; v467-v478 curated export artifacts
reports/paper_material/paper4/tables/paper4_v145_next_one_swap_repair_source_summary.csv,table_csv,145,delete,generated Paper 4 loop artifact retired; not read by Quarto after closure,paper4_deep_cleanup_manifest_2026-05-18.csv; Paper 4 Quarto chapters; v467-v478 curated export artifacts
reports/paper_material/paper4/tables/paper4_v145_next_one_swap_repair_summary.csv,table_csv,145,delete,generated Paper 4 loop artifact retired; not read by Quarto after closure,paper4_deep_cleanup_manifest_2026-05-18.csv; Paper 4 Quarto chapters; v467-v478 curated export artifacts
reports/paper_material/paper4/tables/paper4_v146_claim_blockers.csv,table_csv,146,delete,generated Paper 4 loop artifact retired; not read by Quarto after closure,paper4_deep_cleanup_manifest_2026-05-18.csv; Paper 4 Quarto chapters; v467-v478 curated export artifacts
reports/paper_material/paper4/tables/paper4_v146_claim_matrix_delta.csv,table_csv,146,delete,generated Paper 4 loop artifact retired; not read by Quarto after closure,paper4_deep_cleanup_manifest_2026-05-18.csv; Paper 4 Quarto chapters; v467-v478 curated export artifacts
reports/paper_material/paper4/tables/paper4_v146_post_repair_one_swap_reprice.csv,table_csv,146,delete,generated Paper 4 loop artifact retired; not read by Quarto after closure,paper4_deep_cleanup_manifest_2026-05-18.csv; Paper 4 Quarto chapters; v467-v478 curated export artifacts
reports/paper_material/paper4/tables/paper4_v146_post_repair_one_swap_stage_summary.csv,table_csv,146,delete,generated Paper 4 loop artifact retired; not read by Quarto after closure,paper4_deep_cleanup_manifest_2026-05-18.csv; Paper 4 Quarto chapters; v467-v478 curated export artifacts
reports/paper_material/paper4/tables/paper4_v146_post_repair_one_swap_summary.csv,table_csv,146,delete,generated Paper 4 loop artifact retired; not read by Quarto after closure,paper4_deep_cleanup_manifest_2026-05-18.csv; Paper 4 Quarto chapters; v467-v478 curated export artifacts
reports/paper_material/paper4/tables/paper4_v146_post_repair_one_swap_top_candidates.csv,table_csv,146,delete,generated Paper 4 loop artifact retired; not read by Quarto after closure,paper4_deep_cleanup_manifest_2026-05-18.csv; Paper 4 Quarto chapters; v467-v478 curated export artifacts
reports/paper_material/paper4/tables/paper4_v147_claim_blockers.csv,table_csv,147,delete,generated Paper 4 loop artifact retired; not read by Quarto after closure,paper4_deep_cleanup_manifest_2026-05-18.csv; Paper 4 Quarto chapters; v467-v478 curated export artifacts
reports/paper_material/paper4/tables/paper4_v147_claim_matrix_delta.csv,table_csv,147,delete,generated Paper 4 loop artifact retired; not read by Quarto after closure,paper4_deep_cleanup_manifest_2026-05-18.csv; Paper 4 Quarto chapters; v467-v478 curated export artifacts
reports/paper_material/paper4/tables/paper4_v147_next_one_swap_repair_action.csv,table_csv,147,delete,generated Paper 4 loop artifact retired; not read by Quarto after closure,paper4_deep_cleanup_manifest_2026-05-18.csv; Paper 4 Quarto chapters; v467-v478 curated export artifacts
reports/paper_material/paper4/tables/paper4_v147_next_one_swap_repair_source_summary.csv,table_csv,147,delete,generated Paper 4 loop artifact retired; not read by Quarto after closure,paper4_deep_cleanup_manifest_2026-05-18.csv; Paper 4 Quarto chapters; v467-v478 curated export artifacts
reports/paper_material/paper4/tables/paper4_v147_next_one_swap_repair_summary.csv,table_csv,147,delete,generated Paper 4 loop artifact retired; not read by Quarto after closure,paper4_deep_cleanup_manifest_2026-05-18.csv; Paper 4 Quarto chapters; v467-v478 curated export artifacts
reports/paper_material/paper4/tables/paper4_v148_claim_blockers.csv,table_csv,148,delete,generated Paper 4 loop artifact retired; not read by Quarto after closure,paper4_deep_cleanup_manifest_2026-05-18.csv; Paper 4 Quarto chapters; v467-v478 curated export artifacts
reports/paper_material/paper4/tables/paper4_v148_claim_matrix_delta.csv,table_csv,148,delete,generated Paper 4 loop artifact retired; not read by Quarto after closure,paper4_deep_cleanup_manifest_2026-05-18.csv; Paper 4 Quarto chapters; v467-v478 curated export artifacts
reports/paper_material/paper4/tables/paper4_v148_post_repair_one_swap_reprice.csv,table_csv,148,delete,generated Paper 4 loop artifact retired; not read by Quarto after closure,paper4_deep_cleanup_manifest_2026-05-18.csv; Paper 4 Quarto chapters; v467-v478 curated export artifacts
reports/paper_material/paper4/tables/paper4_v148_post_repair_one_swap_stage_summary.csv,table_csv,148,delete,generated Paper 4 loop artifact retired; not read by Quarto after closure,paper4_deep_cleanup_manifest_2026-05-18.csv; Paper 4 Quarto chapters; v467-v478 curated export artifacts
reports/paper_material/paper4/tables/paper4_v148_post_repair_one_swap_summary.csv,table_csv,148,delete,generated Paper 4 loop artifact retired; not read by Quarto after closure,paper4_deep_cleanup_manifest_2026-05-18.csv; Paper 4 Quarto chapters; v467-v478 curated export artifacts
reports/paper_material/paper4/tables/paper4_v148_post_repair_one_swap_top_candidates.csv,table_csv,148,delete,generated Paper 4 loop artifact retired; not read by Quarto after closure,paper4_deep_cleanup_manifest_2026-05-18.csv; Paper 4 Quarto chapters; v467-v478 curated export artifacts
reports/paper_material/paper4/tables/paper4_v149_claim_blockers.csv,table_csv,149,delete,generated Paper 4 loop artifact retired; not read by Quarto after closure,paper4_deep_cleanup_manifest_2026-05-18.csv; Paper 4 Quarto chapters; v467-v478 curated export artifacts
reports/paper_material/paper4/tables/paper4_v149_claim_matrix_delta.csv,table_csv,149,delete,generated Paper 4 loop artifact retired; not read by Quarto after closure,paper4_deep_cleanup_manifest_2026-05-18.csv; Paper 4 Quarto chapters; v467-v478 curated export artifacts
reports/paper_material/paper4/tables/paper4_v149_next_one_swap_repair_action.csv,table_csv,149,delete,generated Paper 4 loop artifact retired; not read by Quarto after closure,paper4_deep_cleanup_manifest_2026-05-18.csv; Paper 4 Quarto chapters; v467-v478 curated export artifacts
reports/paper_material/paper4/tables/paper4_v149_next_one_swap_repair_source_summary.csv,table_csv,149,delete,generated Paper 4 loop artifact retired; not read by Quarto after closure,paper4_deep_cleanup_manifest_2026-05-18.csv; Paper 4 Quarto chapters; v467-v478 curated export artifacts
reports/paper_material/paper4/tables/paper4_v149_next_one_swap_repair_summary.csv,table_csv,149,delete,generated Paper 4 loop artifact retired; not read by Quarto after closure,paper4_deep_cleanup_manifest_2026-05-18.csv; Paper 4 Quarto chapters; v467-v478 curated export artifacts
reports/paper_material/paper4/tables/paper4_v150_claim_blockers.csv,table_csv,150,delete,generated Paper 4 loop artifact retired; not read by Quarto after closure,paper4_deep_cleanup_manifest_2026-05-18.csv; Paper 4 Quarto chapters; v467-v478 curated export artifacts
reports/paper_material/paper4/tables/paper4_v150_claim_matrix_delta.csv,table_csv,150,delete,generated Paper 4 loop artifact retired; not read by Quarto after closure,paper4_deep_cleanup_manifest_2026-05-18.csv; Paper 4 Quarto chapters; v467-v478 curated export artifacts
reports/paper_material/paper4/tables/paper4_v150_post_repair_one_swap_reprice.csv,table_csv,150,delete,generated Paper 4 loop artifact retired; not read by Quarto after closure,paper4_deep_cleanup_manifest_2026-05-18.csv; Paper 4 Quarto chapters; v467-v478 curated export artifacts
reports/paper_material/paper4/tables/paper4_v150_post_repair_one_swap_stage_summary.csv,table_csv,150,delete,generated Paper 4 loop artifact retired; not read by Quarto after closure,paper4_deep_cleanup_manifest_2026-05-18.csv; Paper 4 Quarto chapters; v467-v478 curated export artifacts
reports/paper_material/paper4/tables/paper4_v150_post_repair_one_swap_summary.csv,table_csv,150,delete,generated Paper 4 loop artifact retired; not read by Quarto after closure,paper4_deep_cleanup_manifest_2026-05-18.csv; Paper 4 Quarto chapters; v467-v478 curated export artifacts
reports/paper_material/paper4/tables/paper4_v150_post_repair_one_swap_top_candidates.csv,table_csv,150,delete,generated Paper 4 loop artifact retired; not read by Quarto after closure,paper4_deep_cleanup_manifest_2026-05-18.csv; Paper 4 Quarto chapters; v467-v478 curated export artifacts
reports/paper_material/paper4/tables/paper4_v151_claim_blockers.csv,table_csv,151,delete,generated Paper 4 loop artifact retired; not read by Quarto after closure,paper4_deep_cleanup_manifest_2026-05-18.csv; Paper 4 Quarto chapters; v467-v478 curated export artifacts
reports/paper_material/paper4/tables/paper4_v151_claim_matrix_delta.csv,table_csv,151,delete,generated Paper 4 loop artifact retired; not read by Quarto after closure,paper4_deep_cleanup_manifest_2026-05-18.csv; Paper 4 Quarto chapters; v467-v478 curated export artifacts
reports/paper_material/paper4/tables/paper4_v151_next_one_swap_repair_action.csv,table_csv,151,delete,generated Paper 4 loop artifact retired; not read by Quarto after closure,paper4_deep_cleanup_manifest_2026-05-18.csv; Paper 4 Quarto chapters; v467-v478 curated export artifacts
reports/paper_material/paper4/tables/paper4_v151_next_one_swap_repair_source_summary.csv,table_csv,151,delete,generated Paper 4 loop artifact retired; not read by Quarto after closure,paper4_deep_cleanup_manifest_2026-05-18.csv; Paper 4 Quarto chapters; v467-v478 curated export artifacts
reports/paper_material/paper4/tables/paper4_v151_next_one_swap_repair_summary.csv,table_csv,151,delete,generated Paper 4 loop artifact retired; not read by Quarto after closure,paper4_deep_cleanup_manifest_2026-05-18.csv; Paper 4 Quarto chapters; v467-v478 curated export artifacts
reports/paper_material/paper4/tables/paper4_v152_claim_blockers.csv,table_csv,152,delete,generated Paper 4 loop artifact retired; not read by Quarto after closure,paper4_deep_cleanup_manifest_2026-05-18.csv; Paper 4 Quarto chapters; v467-v478 curated export artifacts
reports/paper_material/paper4/tables/paper4_v152_claim_matrix_delta.csv,table_csv,152,delete,generated Paper 4 loop artifact retired; not read by Quarto after closure,paper4_deep_cleanup_manifest_2026-05-18.csv; Paper 4 Quarto chapters; v467-v478 curated export artifacts
reports/paper_material/paper4/tables/paper4_v152_post_repair_one_swap_reprice.csv,table_csv,152,delete,generated Paper 4 loop artifact retired; not read by Quarto after closure,paper4_deep_cleanup_manifest_2026-05-18.csv; Paper 4 Quarto chapters; v467-v478 curated export artifacts
reports/paper_material/paper4/tables/paper4_v152_post_repair_one_swap_stage_summary.csv,table_csv,152,delete,generated Paper 4 loop artifact retired; not read by Quarto after closure,paper4_deep_cleanup_manifest_2026-05-18.csv; Paper 4 Quarto chapters; v467-v478 curated export artifacts
reports/paper_material/paper4/tables/paper4_v152_post_repair_one_swap_summary.csv,table_csv,152,delete,generated Paper 4 loop artifact retired; not read by Quarto after closure,paper4_deep_cleanup_manifest_2026-05-18.csv; Paper 4 Quarto chapters; v467-v478 curated export artifacts
reports/paper_material/paper4/tables/paper4_v152_post_repair_one_swap_top_candidates.csv,table_csv,152,delete,generated Paper 4 loop artifact retired; not read by Quarto after closure,paper4_deep_cleanup_manifest_2026-05-18.csv; Paper 4 Quarto chapters; v467-v478 curated export artifacts
reports/paper_material/paper4/tables/paper4_v153_claim_blockers.csv,table_csv,153,delete,generated Paper 4 loop artifact retired; not read by Quarto after closure,paper4_deep_cleanup_manifest_2026-05-18.csv; Paper 4 Quarto chapters; v467-v478 curated export artifacts
reports/paper_material/paper4/tables/paper4_v153_claim_matrix_delta.csv,table_csv,153,delete,generated Paper 4 loop artifact retired; not read by Quarto after closure,paper4_deep_cleanup_manifest_2026-05-18.csv; Paper 4 Quarto chapters; v467-v478 curated export artifacts
reports/paper_material/paper4/tables/paper4_v153_next_one_swap_repair_action.csv,table_csv,153,delete,generated Paper 4 loop artifact retired; not read by Quarto after closure,paper4_deep_cleanup_manifest_2026-05-18.csv; Paper 4 Quarto chapters; v467-v478 curated export artifacts
reports/paper_material/paper4/tables/paper4_v153_next_one_swap_repair_source_summary.csv,table_csv,153,delete,generated Paper 4 loop artifact retired; not read by Quarto after closure,paper4_deep_cleanup_manifest_2026-05-18.csv; Paper 4 Quarto chapters; v467-v478 curated export artifacts
reports/paper_material/paper4/tables/paper4_v153_next_one_swap_repair_summary.csv,table_csv,153,delete,generated Paper 4 loop artifact retired; not read by Quarto after closure,paper4_deep_cleanup_manifest_2026-05-18.csv; Paper 4 Quarto chapters; v467-v478 curated export artifacts
reports/paper_material/paper4/tables/paper4_v154_claim_blockers.csv,table_csv,154,delete,generated Paper 4 loop artifact retired; not read by Quarto after closure,paper4_deep_cleanup_manifest_2026-05-18.csv; Paper 4 Quarto chapters; v467-v478 curated export artifacts
reports/paper_material/paper4/tables/paper4_v154_claim_matrix_delta.csv,table_csv,154,delete,generated Paper 4 loop artifact retired; not read by Quarto after closure,paper4_deep_cleanup_manifest_2026-05-18.csv; Paper 4 Quarto chapters; v467-v478 curated export artifacts
reports/paper_material/paper4/tables/paper4_v154_post_repair_one_swap_reprice.csv,table_csv,154,delete,generated Paper 4 loop artifact retired; not read by Quarto after closure,paper4_deep_cleanup_manifest_2026-05-18.csv; Paper 4 Quarto chapters; v467-v478 curated export artifacts
reports/paper_material/paper4/tables/paper4_v154_post_repair_one_swap_stage_summary.csv,table_csv,154,delete,generated Paper 4 loop artifact retired; not read by Quarto after closure,paper4_deep_cleanup_manifest_2026-05-18.csv; Paper 4 Quarto chapters; v467-v478 curated export artifacts
reports/paper_material/paper4/tables/paper4_v154_post_repair_one_swap_summary.csv,table_csv,154,delete,generated Paper 4 loop artifact retired; not read by Quarto after closure,paper4_deep_cleanup_manifest_2026-05-18.csv; Paper 4 Quarto chapters; v467-v478 curated export artifacts
reports/paper_material/paper4/tables/paper4_v154_post_repair_one_swap_top_candidates.csv,table_csv,154,delete,generated Paper 4 loop artifact retired; not read by Quarto after closure,paper4_deep_cleanup_manifest_2026-05-18.csv; Paper 4 Quarto chapters; v467-v478 curated export artifacts
reports/paper_material/paper4/tables/paper4_v155_claim_blockers.csv,table_csv,155,delete,generated Paper 4 loop artifact retired; not read by Quarto after closure,paper4_deep_cleanup_manifest_2026-05-18.csv; Paper 4 Quarto chapters; v467-v478 curated export artifacts
reports/paper_material/paper4/tables/paper4_v155_claim_matrix_delta.csv,table_csv,155,delete,generated Paper 4 loop artifact retired; not read by Quarto after closure,paper4_deep_cleanup_manifest_2026-05-18.csv; Paper 4 Quarto chapters; v467-v478 curated export artifacts
reports/paper_material/paper4/tables/paper4_v155_next_one_swap_repair_action.csv,table_csv,155,delete,generated Paper 4 loop artifact retired; not read by Quarto after closure,paper4_deep_cleanup_manifest_2026-05-18.csv; Paper 4 Quarto chapters; v467-v478 curated export artifacts
reports/paper_material/paper4/tables/paper4_v155_next_one_swap_repair_source_summary.csv,table_csv,155,delete,generated Paper 4 loop artifact retired; not read by Quarto after closure,paper4_deep_cleanup_manifest_2026-05-18.csv; Paper 4 Quarto chapters; v467-v478 curated export artifacts
reports/paper_material/paper4/tables/paper4_v155_next_one_swap_repair_summary.csv,table_csv,155,delete,generated Paper 4 loop artifact retired; not read by Quarto after closure,paper4_deep_cleanup_manifest_2026-05-18.csv; Paper 4 Quarto chapters; v467-v478 curated export artifacts
reports/paper_material/paper4/tables/paper4_v156_claim_blockers.csv,table_csv,156,delete,generated Paper 4 loop artifact retired; not read by Quarto after closure,paper4_deep_cleanup_manifest_2026-05-18.csv; Paper 4 Quarto chapters; v467-v478 curated export artifacts
reports/paper_material/paper4/tables/paper4_v156_claim_matrix_delta.csv,table_csv,156,delete,generated Paper 4 loop artifact retired; not read by Quarto after closure,paper4_deep_cleanup_manifest_2026-05-18.csv; Paper 4 Quarto chapters; v467-v478 curated export artifacts
reports/paper_material/paper4/tables/paper4_v156_post_repair_one_swap_reprice.csv,table_csv,156,delete,generated Paper 4 loop artifact retired; not read by Quarto after closure,paper4_deep_cleanup_manifest_2026-05-18.csv; Paper 4 Quarto chapters; v467-v478 curated export artifacts
reports/paper_material/paper4/tables/paper4_v156_post_repair_one_swap_stage_summary.csv,table_csv,156,delete,generated Paper 4 loop artifact retired; not read by Quarto after closure,paper4_deep_cleanup_manifest_2026-05-18.csv; Paper 4 Quarto chapters; v467-v478 curated export artifacts
reports/paper_material/paper4/tables/paper4_v156_post_repair_one_swap_summary.csv,table_csv,156,delete,generated Paper 4 loop artifact retired; not read by Quarto after closure,paper4_deep_cleanup_manifest_2026-05-18.csv; Paper 4 Quarto chapters; v467-v478 curated export artifacts
reports/paper_material/paper4/tables/paper4_v156_post_repair_one_swap_top_candidates.csv,table_csv,156,delete,generated Paper 4 loop artifact retired; not read by Quarto after closure,paper4_deep_cleanup_manifest_2026-05-18.csv; Paper 4 Quarto chapters; v467-v478 curated export artifacts
reports/paper_material/paper4/tables/paper4_v157_claim_blockers.csv,table_csv,157,delete,generated Paper 4 loop artifact retired; not read by Quarto after closure,paper4_deep_cleanup_manifest_2026-05-18.csv; Paper 4 Quarto chapters; v467-v478 curated export artifacts
reports/paper_material/paper4/tables/paper4_v157_claim_matrix_delta.csv,table_csv,157,delete,generated Paper 4 loop artifact retired; not read by Quarto after closure,paper4_deep_cleanup_manifest_2026-05-18.csv; Paper 4 Quarto chapters; v467-v478 curated export artifacts
reports/paper_material/paper4/tables/paper4_v157_next_one_swap_repair_action.csv,table_csv,157,delete,generated Paper 4 loop artifact retired; not read by Quarto after closure,paper4_deep_cleanup_manifest_2026-05-18.csv; Paper 4 Quarto chapters; v467-v478 curated export artifacts
reports/paper_material/paper4/tables/paper4_v157_next_one_swap_repair_source_summary.csv,table_csv,157,delete,generated Paper 4 loop artifact retired; not read by Quarto after closure,paper4_deep_cleanup_manifest_2026-05-18.csv; Paper 4 Quarto chapters; v467-v478 curated export artifacts
reports/paper_material/paper4/tables/paper4_v157_next_one_swap_repair_summary.csv,table_csv,157,delete,generated Paper 4 loop artifact retired; not read by Quarto after closure,paper4_deep_cleanup_manifest_2026-05-18.csv; Paper 4 Quarto chapters; v467-v478 curated export artifacts
reports/paper_material/paper4/tables/paper4_v158_claim_blockers.csv,table_csv,158,delete,generated Paper 4 loop artifact retired; not read by Quarto after closure,paper4_deep_cleanup_manifest_2026-05-18.csv; Paper 4 Quarto chapters; v467-v478 curated export artifacts
reports/paper_material/paper4/tables/paper4_v158_claim_matrix_delta.csv,table_csv,158,delete,generated Paper 4 loop artifact retired; not read by Quarto after closure,paper4_deep_cleanup_manifest_2026-05-18.csv; Paper 4 Quarto chapters; v467-v478 curated export artifacts
reports/paper_material/paper4/tables/paper4_v158_post_repair_one_swap_reprice.csv,table_csv,158,delete,generated Paper 4 loop artifact retired; not read by Quarto after closure,paper4_deep_cleanup_manifest_2026-05-18.csv; Paper 4 Quarto chapters; v467-v478 curated export artifacts
reports/paper_material/paper4/tables/paper4_v158_post_repair_one_swap_stage_summary.csv,table_csv,158,delete,generated Paper 4 loop artifact retired; not read by Quarto after closure,paper4_deep_cleanup_manifest_2026-05-18.csv; Paper 4 Quarto chapters; v467-v478 curated export artifacts
reports/paper_material/paper4/tables/paper4_v158_post_repair_one_swap_summary.csv,table_csv,158,delete,generated Paper 4 loop artifact retired; not read by Quarto after closure,paper4_deep_cleanup_manifest_2026-05-18.csv; Paper 4 Quarto chapters; v467-v478 curated export artifacts
reports/paper_material/paper4/tables/paper4_v158_post_repair_one_swap_top_candidates.csv,table_csv,158,delete,generated Paper 4 loop artifact retired; not read by Quarto after closure,paper4_deep_cleanup_manifest_2026-05-18.csv; Paper 4 Quarto chapters; v467-v478 curated export artifacts
reports/paper_material/paper4/tables/paper4_v159_claim_blockers.csv,table_csv,159,delete,generated Paper 4 loop artifact retired; not read by Quarto after closure,paper4_deep_cleanup_manifest_2026-05-18.csv; Paper 4 Quarto chapters; v467-v478 curated export artifacts
reports/paper_material/paper4/tables/paper4_v159_claim_matrix_delta.csv,table_csv,159,delete,generated Paper 4 loop artifact retired; not read by Quarto after closure,paper4_deep_cleanup_manifest_2026-05-18.csv; Paper 4 Quarto chapters; v467-v478 curated export artifacts
reports/paper_material/paper4/tables/paper4_v159_next_one_swap_repair_action.csv,table_csv,159,delete,generated Paper 4 loop artifact retired; not read by Quarto after closure,paper4_deep_cleanup_manifest_2026-05-18.csv; Paper 4 Quarto chapters; v467-v478 curated export artifacts
reports/paper_material/paper4/tables/paper4_v159_next_one_swap_repair_source_summary.csv,table_csv,159,delete,generated Paper 4 loop artifact retired; not read by Quarto after closure,paper4_deep_cleanup_manifest_2026-05-18.csv; Paper 4 Quarto chapters; v467-v478 curated export artifacts
reports/paper_material/paper4/tables/paper4_v159_next_one_swap_repair_summary.csv,table_csv,159,delete,generated Paper 4 loop artifact retired; not read by Quarto after closure,paper4_deep_cleanup_manifest_2026-05-18.csv; Paper 4 Quarto chapters; v467-v478 curated export artifacts
reports/paper_material/paper4/tables/paper4_v160_claim_blockers.csv,table_csv,160,delete,generated Paper 4 loop artifact retired; not read by Quarto after closure,paper4_deep_cleanup_manifest_2026-05-18.csv; Paper 4 Quarto chapters; v467-v478 curated export artifacts
reports/paper_material/paper4/tables/paper4_v160_claim_matrix_delta.csv,table_csv,160,delete,generated Paper 4 loop artifact retired; not read by Quarto after closure,paper4_deep_cleanup_manifest_2026-05-18.csv; Paper 4 Quarto chapters; v467-v478 curated export artifacts
reports/paper_material/paper4/tables/paper4_v160_post_repair_one_swap_reprice.csv,table_csv,160,delete,generated Paper 4 loop artifact retired; not read by Quarto after closure,paper4_deep_cleanup_manifest_2026-05-18.csv; Paper 4 Quarto chapters; v467-v478 curated export artifacts
reports/paper_material/paper4/tables/paper4_v160_post_repair_one_swap_stage_summary.csv,table_csv,160,delete,generated Paper 4 loop artifact retired; not read by Quarto after closure,paper4_deep_cleanup_manifest_2026-05-18.csv; Paper 4 Quarto chapters; v467-v478 curated export artifacts
reports/paper_material/paper4/tables/paper4_v160_post_repair_one_swap_summary.csv,table_csv,160,delete,generated Paper 4 loop artifact retired; not read by Quarto after closure,paper4_deep_cleanup_manifest_2026-05-18.csv; Paper 4 Quarto chapters; v467-v478 curated export artifacts
reports/paper_material/paper4/tables/paper4_v160_post_repair_one_swap_top_candidates.csv,table_csv,160,delete,generated Paper 4 loop artifact retired; not read by Quarto after closure,paper4_deep_cleanup_manifest_2026-05-18.csv; Paper 4 Quarto chapters; v467-v478 curated export artifacts
reports/paper_material/paper4/tables/paper4_v161_claim_blockers.csv,table_csv,161,delete,generated Paper 4 loop artifact retired; not read by Quarto after closure,paper4_deep_cleanup_manifest_2026-05-18.csv; Paper 4 Quarto chapters; v467-v478 curated export artifacts
reports/paper_material/paper4/tables/paper4_v161_claim_matrix_delta.csv,table_csv,161,delete,generated Paper 4 loop artifact retired; not read by Quarto after closure,paper4_deep_cleanup_manifest_2026-05-18.csv; Paper 4 Quarto chapters; v467-v478 curated export artifacts
reports/paper_material/paper4/tables/paper4_v161_next_one_swap_repair_action.csv,table_csv,161,delete,generated Paper 4 loop artifact retired; not read by Quarto after closure,paper4_deep_cleanup_manifest_2026-05-18.csv; Paper 4 Quarto chapters; v467-v478 curated export artifacts
reports/paper_material/paper4/tables/paper4_v161_next_one_swap_repair_source_summary.csv,table_csv,161,delete,generated Paper 4 loop artifact retired; not read by Quarto after closure,paper4_deep_cleanup_manifest_2026-05-18.csv; Paper 4 Quarto chapters; v467-v478 curated export artifacts
reports/paper_material/paper4/tables/paper4_v161_next_one_swap_repair_summary.csv,table_csv,161,delete,generated Paper 4 loop artifact retired; not read by Quarto after closure,paper4_deep_cleanup_manifest_2026-05-18.csv; Paper 4 Quarto chapters; v467-v478 curated export artifacts
reports/paper_material/paper4/tables/paper4_v162_claim_blockers.csv,table_csv,162,delete,generated Paper 4 loop artifact retired; not read by Quarto after closure,paper4_deep_cleanup_manifest_2026-05-18.csv; Paper 4 Quarto chapters; v467-v478 curated export artifacts
reports/paper_material/paper4/tables/paper4_v162_claim_matrix_delta.csv,table_csv,162,delete,generated Paper 4 loop artifact retired; not read by Quarto after closure,paper4_deep_cleanup_manifest_2026-05-18.csv; Paper 4 Quarto chapters; v467-v478 curated export artifacts
reports/paper_material/paper4/tables/paper4_v162_post_repair_one_swap_reprice.csv,table_csv,162,delete,generated Paper 4 loop artifact retired; not read by Quarto after closure,paper4_deep_cleanup_manifest_2026-05-18.csv; Paper 4 Quarto chapters; v467-v478 curated export artifacts
reports/paper_material/paper4/tables/paper4_v162_post_repair_one_swap_stage_summary.csv,table_csv,162,delete,generated Paper 4 loop artifact retired; not read by Quarto after closure,paper4_deep_cleanup_manifest_2026-05-18.csv; Paper 4 Quarto chapters; v467-v478 curated export artifacts
reports/paper_material/paper4/tables/paper4_v162_post_repair_one_swap_summary.csv,table_csv,162,delete,generated Paper 4 loop artifact retired; not read by Quarto after closure,paper4_deep_cleanup_manifest_2026-05-18.csv; Paper 4 Quarto chapters; v467-v478 curated export artifacts
reports/paper_material/paper4/tables/paper4_v162_post_repair_one_swap_top_candidates.csv,table_csv,162,delete,generated Paper 4 loop artifact retired; not read by Quarto after closure,paper4_deep_cleanup_manifest_2026-05-18.csv; Paper 4 Quarto chapters; v467-v478 curated export artifacts
reports/paper_material/paper4/tables/paper4_v163_claim_blockers.csv,table_csv,163,delete,generated Paper 4 loop artifact retired; not read by Quarto after closure,paper4_deep_cleanup_manifest_2026-05-18.csv; Paper 4 Quarto chapters; v467-v478 curated export artifacts
reports/paper_material/paper4/tables/paper4_v163_claim_matrix_delta.csv,table_csv,163,delete,generated Paper 4 loop artifact retired; not read by Quarto after closure,paper4_deep_cleanup_manifest_2026-05-18.csv; Paper 4 Quarto chapters; v467-v478 curated export artifacts
reports/paper_material/paper4/tables/paper4_v163_next_one_swap_repair_action.csv,table_csv,163,delete,generated Paper 4 loop artifact retired; not read by Quarto after closure,paper4_deep_cleanup_manifest_2026-05-18.csv; Paper 4 Quarto chapters; v467-v478 curated export artifacts
reports/paper_material/paper4/tables/paper4_v163_next_one_swap_repair_source_summary.csv,table_csv,163,delete,generated Paper 4 loop artifact retired; not read by Quarto after closure,paper4_deep_cleanup_manifest_2026-05-18.csv; Paper 4 Quarto chapters; v467-v478 curated export artifacts
reports/paper_material/paper4/tables/paper4_v163_next_one_swap_repair_summary.csv,table_csv,163,delete,generated Paper 4 loop artifact retired; not read by Quarto after closure,paper4_deep_cleanup_manifest_2026-05-18.csv; Paper 4 Quarto chapters; v467-v478 curated export artifacts
reports/paper_material/paper4/tables/paper4_v164_claim_blockers.csv,table_csv,164,delete,generated Paper 4 loop artifact retired; not read by Quarto after closure,paper4_deep_cleanup_manifest_2026-05-18.csv; Paper 4 Quarto chapters; v467-v478 curated export artifacts
reports/paper_material/paper4/tables/paper4_v164_claim_matrix_delta.csv,table_csv,164,delete,generated Paper 4 loop artifact retired; not read by Quarto after closure,paper4_deep_cleanup_manifest_2026-05-18.csv; Paper 4 Quarto chapters; v467-v478 curated export artifacts
reports/paper_material/paper4/tables/paper4_v164_post_repair_one_swap_reprice.csv,table_csv,164,delete,generated Paper 4 loop artifact retired; not read by Quarto after closure,paper4_deep_cleanup_manifest_2026-05-18.csv; Paper 4 Quarto chapters; v467-v478 curated export artifacts
reports/paper_material/paper4/tables/paper4_v164_post_repair_one_swap_stage_summary.csv,table_csv,164,delete,generated Paper 4 loop artifact retired; not read by Quarto after closure,paper4_deep_cleanup_manifest_2026-05-18.csv; Paper 4 Quarto chapters; v467-v478 curated export artifacts
reports/paper_material/paper4/tables/paper4_v164_post_repair_one_swap_summary.csv,table_csv,164,delete,generated Paper 4 loop artifact retired; not read by Quarto after closure,paper4_deep_cleanup_manifest_2026-05-18.csv; Paper 4 Quarto chapters; v467-v478 curated export artifacts
reports/paper_material/paper4/tables/paper4_v164_post_repair_one_swap_top_candidates.csv,table_csv,164,delete,generated Paper 4 loop artifact retired; not read by Quarto after closure,paper4_deep_cleanup_manifest_2026-05-18.csv; Paper 4 Quarto chapters; v467-v478 curated export artifacts
reports/paper_material/paper4/tables/paper4_v165_claim_blockers.csv,table_csv,165,delete,generated Paper 4 loop artifact retired; not read by Quarto after closure,paper4_deep_cleanup_manifest_2026-05-18.csv; Paper 4 Quarto chapters; v467-v478 curated export artifacts
reports/paper_material/paper4/tables/paper4_v165_claim_matrix_delta.csv,table_csv,165,delete,generated Paper 4 loop artifact retired; not read by Quarto after closure,paper4_deep_cleanup_manifest_2026-05-18.csv; Paper 4 Quarto chapters; v467-v478 curated export artifacts
reports/paper_material/paper4/tables/paper4_v165_next_one_swap_repair_action.csv,table_csv,165,delete,generated Paper 4 loop artifact retired; not read by Quarto after closure,paper4_deep_cleanup_manifest_2026-05-18.csv; Paper 4 Quarto chapters; v467-v478 curated export artifacts
reports/paper_material/paper4/tables/paper4_v165_next_one_swap_repair_source_summary.csv,table_csv,165,delete,generated Paper 4 loop artifact retired; not read by Quarto after closure,paper4_deep_cleanup_manifest_2026-05-18.csv; Paper 4 Quarto chapters; v467-v478 curated export artifacts
reports/paper_material/paper4/tables/paper4_v165_next_one_swap_repair_summary.csv,table_csv,165,delete,generated Paper 4 loop artifact retired; not read by Quarto after closure,paper4_deep_cleanup_manifest_2026-05-18.csv; Paper 4 Quarto chapters; v467-v478 curated export artifacts
reports/paper_material/paper4/tables/paper4_v166_claim_blockers.csv,table_csv,166,delete,generated Paper 4 loop artifact retired; not read by Quarto after closure,paper4_deep_cleanup_manifest_2026-05-18.csv; Paper 4 Quarto chapters; v467-v478 curated export artifacts
reports/paper_material/paper4/tables/paper4_v166_claim_matrix_delta.csv,table_csv,166,delete,generated Paper 4 loop artifact retired; not read by Quarto after closure,paper4_deep_cleanup_manifest_2026-05-18.csv; Paper 4 Quarto chapters; v467-v478 curated export artifacts
reports/paper_material/paper4/tables/paper4_v166_post_repair_one_swap_reprice.csv,table_csv,166,delete,generated Paper 4 loop artifact retired; not read by Quarto after closure,paper4_deep_cleanup_manifest_2026-05-18.csv; Paper 4 Quarto chapters; v467-v478 curated export artifacts
reports/paper_material/paper4/tables/paper4_v166_post_repair_one_swap_stage_summary.csv,table_csv,166,delete,generated Paper 4 loop artifact retired; not read by Quarto after closure,paper4_deep_cleanup_manifest_2026-05-18.csv; Paper 4 Quarto chapters; v467-v478 curated export artifacts
reports/paper_material/paper4/tables/paper4_v166_post_repair_one_swap_summary.csv,table_csv,166,delete,generated Paper 4 loop artifact retired; not read by Quarto after closure,paper4_deep_cleanup_manifest_2026-05-18.csv; Paper 4 Quarto chapters; v467-v478 curated export artifacts
reports/paper_material/paper4/tables/paper4_v166_post_repair_one_swap_top_candidates.csv,table_csv,166,delete,generated Paper 4 loop artifact retired; not read by Quarto after closure,paper4_deep_cleanup_manifest_2026-05-18.csv; Paper 4 Quarto chapters; v467-v478 curated export artifacts
reports/paper_material/paper4/tables/paper4_v167_claim_blockers.csv,table_csv,167,delete,generated Paper 4 loop artifact retired; not read by Quarto after closure,paper4_deep_cleanup_manifest_2026-05-18.csv; Paper 4 Quarto chapters; v467-v478 curated export artifacts
reports/paper_material/paper4/tables/paper4_v167_claim_matrix_delta.csv,table_csv,167,delete,generated Paper 4 loop artifact retired; not read by Quarto after closure,paper4_deep_cleanup_manifest_2026-05-18.csv; Paper 4 Quarto chapters; v467-v478 curated export artifacts
reports/paper_material/paper4/tables/paper4_v167_next_one_swap_repair_action.csv,table_csv,167,delete,generated Paper 4 loop artifact retired; not read by Quarto after closure,paper4_deep_cleanup_manifest_2026-05-18.csv; Paper 4 Quarto chapters; v467-v478 curated export artifacts
reports/paper_material/paper4/tables/paper4_v167_next_one_swap_repair_source_summary.csv,table_csv,167,delete,generated Paper 4 loop artifact retired; not read by Quarto after closure,paper4_deep_cleanup_manifest_2026-05-18.csv; Paper 4 Quarto chapters; v467-v478 curated export artifacts
reports/paper_material/paper4/tables/paper4_v167_next_one_swap_repair_summary.csv,table_csv,167,delete,generated Paper 4 loop artifact retired; not read by Quarto after closure,paper4_deep_cleanup_manifest_2026-05-18.csv; Paper 4 Quarto chapters; v467-v478 curated export artifacts
reports/paper_material/paper4/tables/paper4_v168_claim_blockers.csv,table_csv,168,delete,generated Paper 4 loop artifact retired; not read by Quarto after closure,paper4_deep_cleanup_manifest_2026-05-18.csv; Paper 4 Quarto chapters; v467-v478 curated export artifacts
reports/paper_material/paper4/tables/paper4_v168_claim_matrix_delta.csv,table_csv,168,delete,generated Paper 4 loop artifact retired; not read by Quarto after closure,paper4_deep_cleanup_manifest_2026-05-18.csv; Paper 4 Quarto chapters; v467-v478 curated export artifacts
reports/paper_material/paper4/tables/paper4_v168_post_repair_one_swap_reprice.csv,table_csv,168,delete,generated Paper 4 loop artifact retired; not read by Quarto after closure,paper4_deep_cleanup_manifest_2026-05-18.csv; Paper 4 Quarto chapters; v467-v478 curated export artifacts
reports/paper_material/paper4/tables/paper4_v168_post_repair_one_swap_stage_summary.csv,table_csv,168,delete,generated Paper 4 loop artifact retired; not read by Quarto after closure,paper4_deep_cleanup_manifest_2026-05-18.csv; Paper 4 Quarto chapters; v467-v478 curated export artifacts
reports/paper_material/paper4/tables/paper4_v168_post_repair_one_swap_summary.csv,table_csv,168,delete,generated Paper 4 loop artifact retired; not read by Quarto after closure,paper4_deep_cleanup_manifest_2026-05-18.csv; Paper 4 Quarto chapters; v467-v478 curated export artifacts
reports/paper_material/paper4/tables/paper4_v168_post_repair_one_swap_top_candidates.csv,table_csv,168,delete,generated Paper 4 loop artifact retired; not read by Quarto after closure,paper4_deep_cleanup_manifest_2026-05-18.csv; Paper 4 Quarto chapters; v467-v478 curated export artifacts
reports/paper_material/paper4/tables/paper4_v169_claim_blockers.csv,table_csv,169,delete,generated Paper 4 loop artifact retired; not read by Quarto after closure,paper4_deep_cleanup_manifest_2026-05-18.csv; Paper 4 Quarto chapters; v467-v478 curated export artifacts
reports/paper_material/paper4/tables/paper4_v169_claim_matrix_delta.csv,table_csv,169,delete,generated Paper 4 loop artifact retired; not read by Quarto after closure,paper4_deep_cleanup_manifest_2026-05-18.csv; Paper 4 Quarto chapters; v467-v478 curated export artifacts
reports/paper_material/paper4/tables/paper4_v169_next_one_swap_repair_action.csv,table_csv,169,delete,generated Paper 4 loop artifact retired; not read by Quarto after closure,paper4_deep_cleanup_manifest_2026-05-18.csv; Paper 4 Quarto chapters; v467-v478 curated export artifacts
reports/paper_material/paper4/tables/paper4_v169_next_one_swap_repair_source_summary.csv,table_csv,169,delete,generated Paper 4 loop artifact retired; not read by Quarto after closure,paper4_deep_cleanup_manifest_2026-05-18.csv; Paper 4 Quarto chapters; v467-v478 curated export artifacts
reports/paper_material/paper4/tables/paper4_v169_next_one_swap_repair_summary.csv,table_csv,169,delete,generated Paper 4 loop artifact retired; not read by Quarto after closure,paper4_deep_cleanup_manifest_2026-05-18.csv; Paper 4 Quarto chapters; v467-v478 curated export artifacts
reports/paper_material/paper4/tables/paper4_v170_claim_blockers.csv,table_csv,170,delete,generated Paper 4 loop artifact retired; not read by Quarto after closure,paper4_deep_cleanup_manifest_2026-05-18.csv; Paper 4 Quarto chapters; v467-v478 curated export artifacts
reports/paper_material/paper4/tables/paper4_v170_claim_matrix_delta.csv,table_csv,170,delete,generated Paper 4 loop artifact retired; not read by Quarto after closure,paper4_deep_cleanup_manifest_2026-05-18.csv; Paper 4 Quarto chapters; v467-v478 curated export artifacts
reports/paper_material/paper4/tables/paper4_v170_post_repair_one_swap_reprice.csv,table_csv,170,delete,generated Paper 4 loop artifact retired; not read by Quarto after closure,paper4_deep_cleanup_manifest_2026-05-18.csv; Paper 4 Quarto chapters; v467-v478 curated export artifacts
reports/paper_material/paper4/tables/paper4_v170_post_repair_one_swap_stage_summary.csv,table_csv,170,delete,generated Paper 4 loop artifact retired; not read by Quarto after closure,paper4_deep_cleanup_manifest_2026-05-18.csv; Paper 4 Quarto chapters; v467-v478 curated export artifacts
reports/paper_material/paper4/tables/paper4_v170_post_repair_one_swap_summary.csv,table_csv,170,delete,generated Paper 4 loop artifact retired; not read by Quarto after closure,paper4_deep_cleanup_manifest_2026-05-18.csv; Paper 4 Quarto chapters; v467-v478 curated export artifacts
reports/paper_material/paper4/tables/paper4_v170_post_repair_one_swap_top_candidates.csv,table_csv,170,delete,generated Paper 4 loop artifact retired; not read by Quarto after closure,paper4_deep_cleanup_manifest_2026-05-18.csv; Paper 4 Quarto chapters; v467-v478 curated export artifacts
reports/paper_material/paper4/tables/paper4_v171_claim_blockers.csv,table_csv,171,delete,generated Paper 4 loop artifact retired; not read by Quarto after closure,paper4_deep_cleanup_manifest_2026-05-18.csv; Paper 4 Quarto chapters; v467-v478 curated export artifacts
reports/paper_material/paper4/tables/paper4_v171_claim_matrix_delta.csv,table_csv,171,delete,generated Paper 4 loop artifact retired; not read by Quarto after closure,paper4_deep_cleanup_manifest_2026-05-18.csv; Paper 4 Quarto chapters; v467-v478 curated export artifacts
reports/paper_material/paper4/tables/paper4_v171_next_one_swap_repair_action.csv,table_csv,171,delete,generated Paper 4 loop artifact retired; not read by Quarto after closure,paper4_deep_cleanup_manifest_2026-05-18.csv; Paper 4 Quarto chapters; v467-v478 curated export artifacts
reports/paper_material/paper4/tables/paper4_v171_next_one_swap_repair_source_summary.csv,table_csv,171,delete,generated Paper 4 loop artifact retired; not read by Quarto after closure,paper4_deep_cleanup_manifest_2026-05-18.csv; Paper 4 Quarto chapters; v467-v478 curated export artifacts
reports/paper_material/paper4/tables/paper4_v171_next_one_swap_repair_summary.csv,table_csv,171,delete,generated Paper 4 loop artifact retired; not read by Quarto after closure,paper4_deep_cleanup_manifest_2026-05-18.csv; Paper 4 Quarto chapters; v467-v478 curated export artifacts
reports/paper_material/paper4/tables/paper4_v172_claim_blockers.csv,table_csv,172,delete,generated Paper 4 loop artifact retired; not read by Quarto after closure,paper4_deep_cleanup_manifest_2026-05-18.csv; Paper 4 Quarto chapters; v467-v478 curated export artifacts
reports/paper_material/paper4/tables/paper4_v172_claim_matrix_delta.csv,table_csv,172,delete,generated Paper 4 loop artifact retired; not read by Quarto after closure,paper4_deep_cleanup_manifest_2026-05-18.csv; Paper 4 Quarto chapters; v467-v478 curated export artifacts
reports/paper_material/paper4/tables/paper4_v172_post_repair_one_swap_reprice.csv,table_csv,172,delete,generated Paper 4 loop artifact retired; not read by Quarto after closure,paper4_deep_cleanup_manifest_2026-05-18.csv; Paper 4 Quarto chapters; v467-v478 curated export artifacts
reports/paper_material/paper4/tables/paper4_v172_post_repair_one_swap_stage_summary.csv,table_csv,172,delete,generated Paper 4 loop artifact retired; not read by Quarto after closure,paper4_deep_cleanup_manifest_2026-05-18.csv; Paper 4 Quarto chapters; v467-v478 curated export artifacts
reports/paper_material/paper4/tables/paper4_v172_post_repair_one_swap_summary.csv,table_csv,172,delete,generated Paper 4 loop artifact retired; not read by Quarto after closure,paper4_deep_cleanup_manifest_2026-05-18.csv; Paper 4 Quarto chapters; v467-v478 curated export artifacts
reports/paper_material/paper4/tables/paper4_v172_post_repair_one_swap_top_candidates.csv,table_csv,172,delete,generated Paper 4 loop artifact retired; not read by Quarto after closure,paper4_deep_cleanup_manifest_2026-05-18.csv; Paper 4 Quarto chapters; v467-v478 curated export artifacts
reports/paper_material/paper4/tables/paper4_v173_claim_blockers.csv,table_csv,173,delete,generated Paper 4 loop artifact retired; not read by Quarto after closure,paper4_deep_cleanup_manifest_2026-05-18.csv; Paper 4 Quarto chapters; v467-v478 curated export artifacts
reports/paper_material/paper4/tables/paper4_v173_claim_matrix_delta.csv,table_csv,173,delete,generated Paper 4 loop artifact retired; not read by Quarto after closure,paper4_deep_cleanup_manifest_2026-05-18.csv; Paper 4 Quarto chapters; v467-v478 curated export artifacts
reports/paper_material/paper4/tables/paper4_v173_next_one_swap_repair_action.csv,table_csv,173,delete,generated Paper 4 loop artifact retired; not read by Quarto after closure,paper4_deep_cleanup_manifest_2026-05-18.csv; Paper 4 Quarto chapters; v467-v478 curated export artifacts
reports/paper_material/paper4/tables/paper4_v173_next_one_swap_repair_source_summary.csv,table_csv,173,delete,generated Paper 4 loop artifact retired; not read by Quarto after closure,paper4_deep_cleanup_manifest_2026-05-18.csv; Paper 4 Quarto chapters; v467-v478 curated export artifacts
reports/paper_material/paper4/tables/paper4_v173_next_one_swap_repair_summary.csv,table_csv,173,delete,generated Paper 4 loop artifact retired; not read by Quarto after closure,paper4_deep_cleanup_manifest_2026-05-18.csv; Paper 4 Quarto chapters; v467-v478 curated export artifacts
reports/paper_material/paper4/tables/paper4_v174_claim_blockers.csv,table_csv,174,delete,generated Paper 4 loop artifact retired; not read by Quarto after closure,paper4_deep_cleanup_manifest_2026-05-18.csv; Paper 4 Quarto chapters; v467-v478 curated export artifacts
reports/paper_material/paper4/tables/paper4_v174_claim_matrix_delta.csv,table_csv,174,delete,generated Paper 4 loop artifact retired; not read by Quarto after closure,paper4_deep_cleanup_manifest_2026-05-18.csv; Paper 4 Quarto chapters; v467-v478 curated export artifacts
reports/paper_material/paper4/tables/paper4_v174_post_repair_one_swap_reprice.csv,table_csv,174,delete,generated Paper 4 loop artifact retired; not read by Quarto after closure,paper4_deep_cleanup_manifest_2026-05-18.csv; Paper 4 Quarto chapters; v467-v478 curated export artifacts
reports/paper_material/paper4/tables/paper4_v174_post_repair_one_swap_stage_summary.csv,table_csv,174,delete,generated Paper 4 loop artifact retired; not read by Quarto after closure,paper4_deep_cleanup_manifest_2026-05-18.csv; Paper 4 Quarto chapters; v467-v478 curated export artifacts
reports/paper_material/paper4/tables/paper4_v174_post_repair_one_swap_summary.csv,table_csv,174,delete,generated Paper 4 loop artifact retired; not read by Quarto after closure,paper4_deep_cleanup_manifest_2026-05-18.csv; Paper 4 Quarto chapters; v467-v478 curated export artifacts
reports/paper_material/paper4/tables/paper4_v174_post_repair_one_swap_top_candidates.csv,table_csv,174,delete,generated Paper 4 loop artifact retired; not read by Quarto after closure,paper4_deep_cleanup_manifest_2026-05-18.csv; Paper 4 Quarto chapters; v467-v478 curated export artifacts
reports/paper_material/paper4/tables/paper4_v175_claim_blockers.csv,table_csv,175,delete,generated Paper 4 loop artifact retired; not read by Quarto after closure,paper4_deep_cleanup_manifest_2026-05-18.csv; Paper 4 Quarto chapters; v467-v478 curated export artifacts
reports/paper_material/paper4/tables/paper4_v175_claim_matrix_delta.csv,table_csv,175,delete,generated Paper 4 loop artifact retired; not read by Quarto after closure,paper4_deep_cleanup_manifest_2026-05-18.csv; Paper 4 Quarto chapters; v467-v478 curated export artifacts
reports/paper_material/paper4/tables/paper4_v175_next_one_swap_repair_action.csv,table_csv,175,delete,generated Paper 4 loop artifact retired; not read by Quarto after closure,paper4_deep_cleanup_manifest_2026-05-18.csv; Paper 4 Quarto chapters; v467-v478 curated export artifacts
reports/paper_material/paper4/tables/paper4_v175_next_one_swap_repair_source_summary.csv,table_csv,175,delete,generated Paper 4 loop artifact retired; not read by Quarto after closure,paper4_deep_cleanup_manifest_2026-05-18.csv; Paper 4 Quarto chapters; v467-v478 curated export artifacts
reports/paper_material/paper4/tables/paper4_v175_next_one_swap_repair_summary.csv,table_csv,175,delete,generated Paper 4 loop artifact retired; not read by Quarto after closure,paper4_deep_cleanup_manifest_2026-05-18.csv; Paper 4 Quarto chapters; v467-v478 curated export artifacts
reports/paper_material/paper4/tables/paper4_v176_claim_blockers.csv,table_csv,176,delete,generated Paper 4 loop artifact retired; not read by Quarto after closure,paper4_deep_cleanup_manifest_2026-05-18.csv; Paper 4 Quarto chapters; v467-v478 curated export artifacts
reports/paper_material/paper4/tables/paper4_v176_claim_matrix_delta.csv,table_csv,176,delete,generated Paper 4 loop artifact retired; not read by Quarto after closure,paper4_deep_cleanup_manifest_2026-05-18.csv; Paper 4 Quarto chapters; v467-v478 curated export artifacts
reports/paper_material/paper4/tables/paper4_v176_post_repair_one_swap_reprice.csv,table_csv,176,delete,generated Paper 4 loop artifact retired; not read by Quarto after closure,paper4_deep_cleanup_manifest_2026-05-18.csv; Paper 4 Quarto chapters; v467-v478 curated export artifacts
reports/paper_material/paper4/tables/paper4_v176_post_repair_one_swap_stage_summary.csv,table_csv,176,delete,generated Paper 4 loop artifact retired; not read by Quarto after closure,paper4_deep_cleanup_manifest_2026-05-18.csv; Paper 4 Quarto chapters; v467-v478 curated export artifacts
reports/paper_material/paper4/tables/paper4_v176_post_repair_one_swap_summary.csv,table_csv,176,delete,generated Paper 4 loop artifact retired; not read by Quarto after closure,paper4_deep_cleanup_manifest_2026-05-18.csv; Paper 4 Quarto chapters; v467-v478 curated export artifacts
reports/paper_material/paper4/tables/paper4_v176_post_repair_one_swap_top_candidates.csv,table_csv,176,delete,generated Paper 4 loop artifact retired; not read by Quarto after closure,paper4_deep_cleanup_manifest_2026-05-18.csv; Paper 4 Quarto chapters; v467-v478 curated export artifacts
reports/paper_material/paper4/tables/paper4_v177_claim_blockers.csv,table_csv,177,delete,generated Paper 4 loop artifact retired; not read by Quarto after closure,paper4_deep_cleanup_manifest_2026-05-18.csv; Paper 4 Quarto chapters; v467-v478 curated export artifacts
reports/paper_material/paper4/tables/paper4_v177_claim_matrix_delta.csv,table_csv,177,delete,generated Paper 4 loop artifact retired; not read by Quarto after closure,paper4_deep_cleanup_manifest_2026-05-18.csv; Paper 4 Quarto chapters; v467-v478 curated export artifacts
reports/paper_material/paper4/tables/paper4_v177_next_one_swap_repair_action.csv,table_csv,177,delete,generated Paper 4 loop artifact retired; not read by Quarto after closure,paper4_deep_cleanup_manifest_2026-05-18.csv; Paper 4 Quarto chapters; v467-v478 curated export artifacts
reports/paper_material/paper4/tables/paper4_v177_next_one_swap_repair_source_summary.csv,table_csv,177,delete,generated Paper 4 loop artifact retired; not read by Quarto after closure,paper4_deep_cleanup_manifest_2026-05-18.csv; Paper 4 Quarto chapters; v467-v478 curated export artifacts
reports/paper_material/paper4/tables/paper4_v177_next_one_swap_repair_summary.csv,table_csv,177,delete,generated Paper 4 loop artifact retired; not read by Quarto after closure,paper4_deep_cleanup_manifest_2026-05-18.csv; Paper 4 Quarto chapters; v467-v478 curated export artifacts
reports/paper_material/paper4/tables/paper4_v178_claim_blockers.csv,table_csv,178,delete,generated Paper 4 loop artifact retired; not read by Quarto after closure,paper4_deep_cleanup_manifest_2026-05-18.csv; Paper 4 Quarto chapters; v467-v478 curated export artifacts
reports/paper_material/paper4/tables/paper4_v178_claim_matrix_delta.csv,table_csv,178,delete,generated Paper 4 loop artifact retired; not read by Quarto after closure,paper4_deep_cleanup_manifest_2026-05-18.csv; Paper 4 Quarto chapters; v467-v478 curated export artifacts
reports/paper_material/paper4/tables/paper4_v178_post_repair_one_swap_reprice.csv,table_csv,178,delete,generated Paper 4 loop artifact retired; not read by Quarto after closure,paper4_deep_cleanup_manifest_2026-05-18.csv; Paper 4 Quarto chapters; v467-v478 curated export artifacts
reports/paper_material/paper4/tables/paper4_v178_post_repair_one_swap_stage_summary.csv,table_csv,178,delete,generated Paper 4 loop artifact retired; not read by Quarto after closure,paper4_deep_cleanup_manifest_2026-05-18.csv; Paper 4 Quarto chapters; v467-v478 curated export artifacts
reports/paper_material/paper4/tables/paper4_v178_post_repair_one_swap_summary.csv,table_csv,178,delete,generated Paper 4 loop artifact retired; not read by Quarto after closure,paper4_deep_cleanup_manifest_2026-05-18.csv; Paper 4 Quarto chapters; v467-v478 curated export artifacts
reports/paper_material/paper4/tables/paper4_v178_post_repair_one_swap_top_candidates.csv,table_csv,178,delete,generated Paper 4 loop artifact retired; not read by Quarto after closure,paper4_deep_cleanup_manifest_2026-05-18.csv; Paper 4 Quarto chapters; v467-v478 curated export artifacts
reports/paper_material/paper4/tables/paper4_v179_claim_blockers.csv,table_csv,179,delete,generated Paper 4 loop artifact retired; not read by Quarto after closure,paper4_deep_cleanup_manifest_2026-05-18.csv; Paper 4 Quarto chapters; v467-v478 curated export artifacts
reports/paper_material/paper4/tables/paper4_v179_claim_matrix_delta.csv,table_csv,179,delete,generated Paper 4 loop artifact retired; not read by Quarto after closure,paper4_deep_cleanup_manifest_2026-05-18.csv; Paper 4 Quarto chapters; v467-v478 curated export artifacts
reports/paper_material/paper4/tables/paper4_v179_next_one_swap_repair_action.csv,table_csv,179,delete,generated Paper 4 loop artifact retired; not read by Quarto after closure,paper4_deep_cleanup_manifest_2026-05-18.csv; Paper 4 Quarto chapters; v467-v478 curated export artifacts
reports/paper_material/paper4/tables/paper4_v179_next_one_swap_repair_source_summary.csv,table_csv,179,delete,generated Paper 4 loop artifact retired; not read by Quarto after closure,paper4_deep_cleanup_manifest_2026-05-18.csv; Paper 4 Quarto chapters; v467-v478 curated export artifacts
reports/paper_material/paper4/tables/paper4_v179_next_one_swap_repair_summary.csv,table_csv,179,delete,generated Paper 4 loop artifact retired; not read by Quarto after closure,paper4_deep_cleanup_manifest_2026-05-18.csv; Paper 4 Quarto chapters; v467-v478 curated export artifacts
reports/paper_material/paper4/tables/paper4_v180_claim_blockers.csv,table_csv,180,delete,generated Paper 4 loop artifact retired; not read by Quarto after closure,paper4_deep_cleanup_manifest_2026-05-18.csv; Paper 4 Quarto chapters; v467-v478 curated export artifacts
reports/paper_material/paper4/tables/paper4_v180_claim_matrix_delta.csv,table_csv,180,delete,generated Paper 4 loop artifact retired; not read by Quarto after closure,paper4_deep_cleanup_manifest_2026-05-18.csv; Paper 4 Quarto chapters; v467-v478 curated export artifacts
reports/paper_material/paper4/tables/paper4_v180_post_repair_one_swap_reprice.csv,table_csv,180,delete,generated Paper 4 loop artifact retired; not read by Quarto after closure,paper4_deep_cleanup_manifest_2026-05-18.csv; Paper 4 Quarto chapters; v467-v478 curated export artifacts
reports/paper_material/paper4/tables/paper4_v180_post_repair_one_swap_stage_summary.csv,table_csv,180,delete,generated Paper 4 loop artifact retired; not read by Quarto after closure,paper4_deep_cleanup_manifest_2026-05-18.csv; Paper 4 Quarto chapters; v467-v478 curated export artifacts
reports/paper_material/paper4/tables/paper4_v180_post_repair_one_swap_summary.csv,table_csv,180,delete,generated Paper 4 loop artifact retired; not read by Quarto after closure,paper4_deep_cleanup_manifest_2026-05-18.csv; Paper 4 Quarto chapters; v467-v478 curated export artifacts
reports/paper_material/paper4/tables/paper4_v180_post_repair_one_swap_top_candidates.csv,table_csv,180,delete,generated Paper 4 loop artifact retired; not read by Quarto after closure,paper4_deep_cleanup_manifest_2026-05-18.csv; Paper 4 Quarto chapters; v467-v478 curated export artifacts
reports/paper_material/paper4/tables/paper4_v181_claim_blockers.csv,table_csv,181,delete,generated Paper 4 loop artifact retired; not read by Quarto after closure,paper4_deep_cleanup_manifest_2026-05-18.csv; Paper 4 Quarto chapters; v467-v478 curated export artifacts
reports/paper_material/paper4/tables/paper4_v181_claim_matrix_delta.csv,table_csv,181,delete,generated Paper 4 loop artifact retired; not read by Quarto after closure,paper4_deep_cleanup_manifest_2026-05-18.csv; Paper 4 Quarto chapters; v467-v478 curated export artifacts
reports/paper_material/paper4/tables/paper4_v181_next_one_swap_repair_action.csv,table_csv,181,delete,generated Paper 4 loop artifact retired; not read by Quarto after closure,paper4_deep_cleanup_manifest_2026-05-18.csv; Paper 4 Quarto chapters; v467-v478 curated export artifacts
reports/paper_material/paper4/tables/paper4_v181_next_one_swap_repair_source_summary.csv,table_csv,181,delete,generated Paper 4 loop artifact retired; not read by Quarto after closure,paper4_deep_cleanup_manifest_2026-05-18.csv; Paper 4 Quarto chapters; v467-v478 curated export artifacts
reports/paper_material/paper4/tables/paper4_v181_next_one_swap_repair_summary.csv,table_csv,181,delete,generated Paper 4 loop artifact retired; not read by Quarto after closure,paper4_deep_cleanup_manifest_2026-05-18.csv; Paper 4 Quarto chapters; v467-v478 curated export artifacts
reports/paper_material/paper4/tables/paper4_v182_claim_blockers.csv,table_csv,182,delete,generated Paper 4 loop artifact retired; not read by Quarto after closure,paper4_deep_cleanup_manifest_2026-05-18.csv; Paper 4 Quarto chapters; v467-v478 curated export artifacts
reports/paper_material/paper4/tables/paper4_v182_claim_matrix_delta.csv,table_csv,182,delete,generated Paper 4 loop artifact retired; not read by Quarto after closure,paper4_deep_cleanup_manifest_2026-05-18.csv; Paper 4 Quarto chapters; v467-v478 curated export artifacts
reports/paper_material/paper4/tables/paper4_v182_post_repair_one_swap_reprice.csv,table_csv,182,delete,generated Paper 4 loop artifact retired; not read by Quarto after closure,paper4_deep_cleanup_manifest_2026-05-18.csv; Paper 4 Quarto chapters; v467-v478 curated export artifacts
reports/paper_material/paper4/tables/paper4_v182_post_repair_one_swap_stage_summary.csv,table_csv,182,delete,generated Paper 4 loop artifact retired; not read by Quarto after closure,paper4_deep_cleanup_manifest_2026-05-18.csv; Paper 4 Quarto chapters; v467-v478 curated export artifacts
reports/paper_material/paper4/tables/paper4_v182_post_repair_one_swap_summary.csv,table_csv,182,delete,generated Paper 4 loop artifact retired; not read by Quarto after closure,paper4_deep_cleanup_manifest_2026-05-18.csv; Paper 4 Quarto chapters; v467-v478 curated export artifacts
reports/paper_material/paper4/tables/paper4_v182_post_repair_one_swap_top_candidates.csv,table_csv,182,delete,generated Paper 4 loop artifact retired; not read by Quarto after closure,paper4_deep_cleanup_manifest_2026-05-18.csv; Paper 4 Quarto chapters; v467-v478 curated export artifacts
reports/paper_material/paper4/tables/paper4_v183_claim_blockers.csv,table_csv,183,delete,generated Paper 4 loop artifact retired; not read by Quarto after closure,paper4_deep_cleanup_manifest_2026-05-18.csv; Paper 4 Quarto chapters; v467-v478 curated export artifacts
reports/paper_material/paper4/tables/paper4_v183_claim_matrix_delta.csv,table_csv,183,delete,generated Paper 4 loop artifact retired; not read by Quarto after closure,paper4_deep_cleanup_manifest_2026-05-18.csv; Paper 4 Quarto chapters; v467-v478 curated export artifacts
reports/paper_material/paper4/tables/paper4_v183_next_one_swap_repair_action.csv,table_csv,183,delete,generated Paper 4 loop artifact retired; not read by Quarto after closure,paper4_deep_cleanup_manifest_2026-05-18.csv; Paper 4 Quarto chapters; v467-v478 curated export artifacts
reports/paper_material/paper4/tables/paper4_v183_next_one_swap_repair_source_summary.csv,table_csv,183,delete,generated Paper 4 loop artifact retired; not read by Quarto after closure,paper4_deep_cleanup_manifest_2026-05-18.csv; Paper 4 Quarto chapters; v467-v478 curated export artifacts
reports/paper_material/paper4/tables/paper4_v183_next_one_swap_repair_summary.csv,table_csv,183,delete,generated Paper 4 loop artifact retired; not read by Quarto after closure,paper4_deep_cleanup_manifest_2026-05-18.csv; Paper 4 Quarto chapters; v467-v478 curated export artifacts
reports/paper_material/paper4/tables/paper4_v184_claim_blockers.csv,table_csv,184,delete,generated Paper 4 loop artifact retired; not read by Quarto after closure,paper4_deep_cleanup_manifest_2026-05-18.csv; Paper 4 Quarto chapters; v467-v478 curated export artifacts
reports/paper_material/paper4/tables/paper4_v184_claim_matrix_delta.csv,table_csv,184,delete,generated Paper 4 loop artifact retired; not read by Quarto after closure,paper4_deep_cleanup_manifest_2026-05-18.csv; Paper 4 Quarto chapters; v467-v478 curated export artifacts
reports/paper_material/paper4/tables/paper4_v184_post_repair_one_swap_reprice.csv,table_csv,184,delete,generated Paper 4 loop artifact retired; not read by Quarto after closure,paper4_deep_cleanup_manifest_2026-05-18.csv; Paper 4 Quarto chapters; v467-v478 curated export artifacts
reports/paper_material/paper4/tables/paper4_v184_post_repair_one_swap_stage_summary.csv,table_csv,184,delete,generated Paper 4 loop artifact retired; not read by Quarto after closure,paper4_deep_cleanup_manifest_2026-05-18.csv; Paper 4 Quarto chapters; v467-v478 curated export artifacts
reports/paper_material/paper4/tables/paper4_v184_post_repair_one_swap_summary.csv,table_csv,184,delete,generated Paper 4 loop artifact retired; not read by Quarto after closure,paper4_deep_cleanup_manifest_2026-05-18.csv; Paper 4 Quarto chapters; v467-v478 curated export artifacts
reports/paper_material/paper4/tables/paper4_v184_post_repair_one_swap_top_candidates.csv,table_csv,184,delete,generated Paper 4 loop artifact retired; not read by Quarto after closure,paper4_deep_cleanup_manifest_2026-05-18.csv; Paper 4 Quarto chapters; v467-v478 curated export artifacts
reports/paper_material/paper4/tables/paper4_v185_claim_blockers.csv,table_csv,185,delete,generated Paper 4 loop artifact retired; not read by Quarto after closure,paper4_deep_cleanup_manifest_2026-05-18.csv; Paper 4 Quarto chapters; v467-v478 curated export artifacts
reports/paper_material/paper4/tables/paper4_v185_claim_matrix_delta.csv,table_csv,185,delete,generated Paper 4 loop artifact retired; not read by Quarto after closure,paper4_deep_cleanup_manifest_2026-05-18.csv; Paper 4 Quarto chapters; v467-v478 curated export artifacts
reports/paper_material/paper4/tables/paper4_v185_next_one_swap_repair_action.csv,table_csv,185,delete,generated Paper 4 loop artifact retired; not read by Quarto after closure,paper4_deep_cleanup_manifest_2026-05-18.csv; Paper 4 Quarto chapters; v467-v478 curated export artifacts
reports/paper_material/paper4/tables/paper4_v185_next_one_swap_repair_source_summary.csv,table_csv,185,delete,generated Paper 4 loop artifact retired; not read by Quarto after closure,paper4_deep_cleanup_manifest_2026-05-18.csv; Paper 4 Quarto chapters; v467-v478 curated export artifacts
reports/paper_material/paper4/tables/paper4_v185_next_one_swap_repair_summary.csv,table_csv,185,delete,generated Paper 4 loop artifact retired; not read by Quarto after closure,paper4_deep_cleanup_manifest_2026-05-18.csv; Paper 4 Quarto chapters; v467-v478 curated export artifacts
reports/paper_material/paper4/tables/paper4_v186_claim_blockers.csv,table_csv,186,delete,generated Paper 4 loop artifact retired; not read by Quarto after closure,paper4_deep_cleanup_manifest_2026-05-18.csv; Paper 4 Quarto chapters; v467-v478 curated export artifacts
reports/paper_material/paper4/tables/paper4_v186_claim_matrix_delta.csv,table_csv,186,delete,generated Paper 4 loop artifact retired; not read by Quarto after closure,paper4_deep_cleanup_manifest_2026-05-18.csv; Paper 4 Quarto chapters; v467-v478 curated export artifacts
reports/paper_material/paper4/tables/paper4_v186_post_repair_one_swap_reprice.csv,table_csv,186,delete,generated Paper 4 loop artifact retired; not read by Quarto after closure,paper4_deep_cleanup_manifest_2026-05-18.csv; Paper 4 Quarto chapters; v467-v478 curated export artifacts
reports/paper_material/paper4/tables/paper4_v186_post_repair_one_swap_stage_summary.csv,table_csv,186,delete,generated Paper 4 loop artifact retired; not read by Quarto after closure,paper4_deep_cleanup_manifest_2026-05-18.csv; Paper 4 Quarto chapters; v467-v478 curated export artifacts
reports/paper_material/paper4/tables/paper4_v186_post_repair_one_swap_summary.csv,table_csv,186,delete,generated Paper 4 loop artifact retired; not read by Quarto after closure,paper4_deep_cleanup_manifest_2026-05-18.csv; Paper 4 Quarto chapters; v467-v478 curated export artifacts
reports/paper_material/paper4/tables/paper4_v186_post_repair_one_swap_top_candidates.csv,table_csv,186,delete,generated Paper 4 loop artifact retired; not read by Quarto after closure,paper4_deep_cleanup_manifest_2026-05-18.csv; Paper 4 Quarto chapters; v467-v478 curated export artifacts
reports/paper_material/paper4/tables/paper4_v187_claim_blockers.csv,table_csv,187,delete,generated Paper 4 loop artifact retired; not read by Quarto after closure,paper4_deep_cleanup_manifest_2026-05-18.csv; Paper 4 Quarto chapters; v467-v478 curated export artifacts
reports/paper_material/paper4/tables/paper4_v187_claim_matrix_delta.csv,table_csv,187,delete,generated Paper 4 loop artifact retired; not read by Quarto after closure,paper4_deep_cleanup_manifest_2026-05-18.csv; Paper 4 Quarto chapters; v467-v478 curated export artifacts
reports/paper_material/paper4/tables/paper4_v187_next_one_swap_repair_action.csv,table_csv,187,delete,generated Paper 4 loop artifact retired; not read by Quarto after closure,paper4_deep_cleanup_manifest_2026-05-18.csv; Paper 4 Quarto chapters; v467-v478 curated export artifacts
reports/paper_material/paper4/tables/paper4_v187_next_one_swap_repair_source_summary.csv,table_csv,187,delete,generated Paper 4 loop artifact retired; not read by Quarto after closure,paper4_deep_cleanup_manifest_2026-05-18.csv; Paper 4 Quarto chapters; v467-v478 curated export artifacts
reports/paper_material/paper4/tables/paper4_v187_next_one_swap_repair_summary.csv,table_csv,187,delete,generated Paper 4 loop artifact retired; not read by Quarto after closure,paper4_deep_cleanup_manifest_2026-05-18.csv; Paper 4 Quarto chapters; v467-v478 curated export artifacts
reports/paper_material/paper4/tables/paper4_v188_claim_blockers.csv,table_csv,188,delete,generated Paper 4 loop artifact retired; not read by Quarto after closure,paper4_deep_cleanup_manifest_2026-05-18.csv; Paper 4 Quarto chapters; v467-v478 curated export artifacts
reports/paper_material/paper4/tables/paper4_v188_claim_matrix_delta.csv,table_csv,188,delete,generated Paper 4 loop artifact retired; not read by Quarto after closure,paper4_deep_cleanup_manifest_2026-05-18.csv; Paper 4 Quarto chapters; v467-v478 curated export artifacts
reports/paper_material/paper4/tables/paper4_v188_post_repair_one_swap_reprice.csv,table_csv,188,delete,generated Paper 4 loop artifact retired; not read by Quarto after closure,paper4_deep_cleanup_manifest_2026-05-18.csv; Paper 4 Quarto chapters; v467-v478 curated export artifacts
reports/paper_material/paper4/tables/paper4_v188_post_repair_one_swap_stage_summary.csv,table_csv,188,delete,generated Paper 4 loop artifact retired; not read by Quarto after closure,paper4_deep_cleanup_manifest_2026-05-18.csv; Paper 4 Quarto chapters; v467-v478 curated export artifacts
reports/paper_material/paper4/tables/paper4_v188_post_repair_one_swap_summary.csv,table_csv,188,delete,generated Paper 4 loop artifact retired; not read by Quarto after closure,paper4_deep_cleanup_manifest_2026-05-18.csv; Paper 4 Quarto chapters; v467-v478 curated export artifacts
reports/paper_material/paper4/tables/paper4_v188_post_repair_one_swap_top_candidates.csv,table_csv,188,delete,generated Paper 4 loop artifact retired; not read by Quarto after closure,paper4_deep_cleanup_manifest_2026-05-18.csv; Paper 4 Quarto chapters; v467-v478 curated export artifacts
reports/paper_material/paper4/tables/paper4_v189_claim_blockers.csv,table_csv,189,delete,generated Paper 4 loop artifact retired; not read by Quarto after closure,paper4_deep_cleanup_manifest_2026-05-18.csv; Paper 4 Quarto chapters; v467-v478 curated export artifacts
reports/paper_material/paper4/tables/paper4_v189_claim_matrix_delta.csv,table_csv,189,delete,generated Paper 4 loop artifact retired; not read by Quarto after closure,paper4_deep_cleanup_manifest_2026-05-18.csv; Paper 4 Quarto chapters; v467-v478 curated export artifacts
reports/paper_material/paper4/tables/paper4_v189_next_one_swap_repair_action.csv,table_csv,189,delete,generated Paper 4 loop artifact retired; not read by Quarto after closure,paper4_deep_cleanup_manifest_2026-05-18.csv; Paper 4 Quarto chapters; v467-v478 curated export artifacts
reports/paper_material/paper4/tables/paper4_v189_next_one_swap_repair_source_summary.csv,table_csv,189,delete,generated Paper 4 loop artifact retired; not read by Quarto after closure,paper4_deep_cleanup_manifest_2026-05-18.csv; Paper 4 Quarto chapters; v467-v478 curated export artifacts
reports/paper_material/paper4/tables/paper4_v189_next_one_swap_repair_summary.csv,table_csv,189,delete,generated Paper 4 loop artifact retired; not read by Quarto after closure,paper4_deep_cleanup_manifest_2026-05-18.csv; Paper 4 Quarto chapters; v467-v478 curated export artifacts
reports/paper_material/paper4/tables/paper4_v190_claim_blockers.csv,table_csv,190,delete,generated Paper 4 loop artifact retired; not read by Quarto after closure,paper4_deep_cleanup_manifest_2026-05-18.csv; Paper 4 Quarto chapters; v467-v478 curated export artifacts
reports/paper_material/paper4/tables/paper4_v190_claim_matrix_delta.csv,table_csv,190,delete,generated Paper 4 loop artifact retired; not read by Quarto after closure,paper4_deep_cleanup_manifest_2026-05-18.csv; Paper 4 Quarto chapters; v467-v478 curated export artifacts
reports/paper_material/paper4/tables/paper4_v190_post_repair_one_swap_reprice.csv,table_csv,190,delete,generated Paper 4 loop artifact retired; not read by Quarto after closure,paper4_deep_cleanup_manifest_2026-05-18.csv; Paper 4 Quarto chapters; v467-v478 curated export artifacts
reports/paper_material/paper4/tables/paper4_v190_post_repair_one_swap_stage_summary.csv,table_csv,190,delete,generated Paper 4 loop artifact retired; not read by Quarto after closure,paper4_deep_cleanup_manifest_2026-05-18.csv; Paper 4 Quarto chapters; v467-v478 curated export artifacts
reports/paper_material/paper4/tables/paper4_v190_post_repair_one_swap_summary.csv,table_csv,190,delete,generated Paper 4 loop artifact retired; not read by Quarto after closure,paper4_deep_cleanup_manifest_2026-05-18.csv; Paper 4 Quarto chapters; v467-v478 curated export artifacts
reports/paper_material/paper4/tables/paper4_v190_post_repair_one_swap_top_candidates.csv,table_csv,190,delete,generated Paper 4 loop artifact retired; not read by Quarto after closure,paper4_deep_cleanup_manifest_2026-05-18.csv; Paper 4 Quarto chapters; v467-v478 curated export artifacts
reports/paper_material/paper4/tables/paper4_v191_claim_blockers.csv,table_csv,191,delete,generated Paper 4 loop artifact retired; not read by Quarto after closure,paper4_deep_cleanup_manifest_2026-05-18.csv; Paper 4 Quarto chapters; v467-v478 curated export artifacts
reports/paper_material/paper4/tables/paper4_v191_claim_matrix_delta.csv,table_csv,191,delete,generated Paper 4 loop artifact retired; not read by Quarto after closure,paper4_deep_cleanup_manifest_2026-05-18.csv; Paper 4 Quarto chapters; v467-v478 curated export artifacts
reports/paper_material/paper4/tables/paper4_v191_next_one_swap_repair_action.csv,table_csv,191,delete,generated Paper 4 loop artifact retired; not read by Quarto after closure,paper4_deep_cleanup_manifest_2026-05-18.csv; Paper 4 Quarto chapters; v467-v478 curated export artifacts
reports/paper_material/paper4/tables/paper4_v191_next_one_swap_repair_source_summary.csv,table_csv,191,delete,generated Paper 4 loop artifact retired; not read by Quarto after closure,paper4_deep_cleanup_manifest_2026-05-18.csv; Paper 4 Quarto chapters; v467-v478 curated export artifacts
reports/paper_material/paper4/tables/paper4_v191_next_one_swap_repair_summary.csv,table_csv,191,delete,generated Paper 4 loop artifact retired; not read by Quarto after closure,paper4_deep_cleanup_manifest_2026-05-18.csv; Paper 4 Quarto chapters; v467-v478 curated export artifacts
reports/paper_material/paper4/tables/paper4_v192_claim_blockers.csv,table_csv,192,delete,generated Paper 4 loop artifact retired; not read by Quarto after closure,paper4_deep_cleanup_manifest_2026-05-18.csv; Paper 4 Quarto chapters; v467-v478 curated export artifacts
reports/paper_material/paper4/tables/paper4_v192_claim_matrix_delta.csv,table_csv,192,delete,generated Paper 4 loop artifact retired; not read by Quarto after closure,paper4_deep_cleanup_manifest_2026-05-18.csv; Paper 4 Quarto chapters; v467-v478 curated export artifacts
reports/paper_material/paper4/tables/paper4_v192_post_repair_one_swap_reprice.csv,table_csv,192,delete,generated Paper 4 loop artifact retired; not read by Quarto after closure,paper4_deep_cleanup_manifest_2026-05-18.csv; Paper 4 Quarto chapters; v467-v478 curated export artifacts
reports/paper_material/paper4/tables/paper4_v192_post_repair_one_swap_stage_summary.csv,table_csv,192,delete,generated Paper 4 loop artifact retired; not read by Quarto after closure,paper4_deep_cleanup_manifest_2026-05-18.csv; Paper 4 Quarto chapters; v467-v478 curated export artifacts
reports/paper_material/paper4/tables/paper4_v192_post_repair_one_swap_summary.csv,table_csv,192,delete,generated Paper 4 loop artifact retired; not read by Quarto after closure,paper4_deep_cleanup_manifest_2026-05-18.csv; Paper 4 Quarto chapters; v467-v478 curated export artifacts
reports/paper_material/paper4/tables/paper4_v192_post_repair_one_swap_top_candidates.csv,table_csv,192,delete,generated Paper 4 loop artifact retired; not read by Quarto after closure,paper4_deep_cleanup_manifest_2026-05-18.csv; Paper 4 Quarto chapters; v467-v478 curated export artifacts
reports/paper_material/paper4/tables/paper4_v193_claim_blockers.csv,table_csv,193,delete,generated Paper 4 loop artifact retired; not read by Quarto after closure,paper4_deep_cleanup_manifest_2026-05-18.csv; Paper 4 Quarto chapters; v467-v478 curated export artifacts
reports/paper_material/paper4/tables/paper4_v193_claim_matrix_delta.csv,table_csv,193,delete,generated Paper 4 loop artifact retired; not read by Quarto after closure,paper4_deep_cleanup_manifest_2026-05-18.csv; Paper 4 Quarto chapters; v467-v478 curated export artifacts
reports/paper_material/paper4/tables/paper4_v193_next_one_swap_repair_action.csv,table_csv,193,delete,generated Paper 4 loop artifact retired; not read by Quarto after closure,paper4_deep_cleanup_manifest_2026-05-18.csv; Paper 4 Quarto chapters; v467-v478 curated export artifacts
reports/paper_material/paper4/tables/paper4_v193_next_one_swap_repair_source_summary.csv,table_csv,193,delete,generated Paper 4 loop artifact retired; not read by Quarto after closure,paper4_deep_cleanup_manifest_2026-05-18.csv; Paper 4 Quarto chapters; v467-v478 curated export artifacts
reports/paper_material/paper4/tables/paper4_v193_next_one_swap_repair_summary.csv,table_csv,193,delete,generated Paper 4 loop artifact retired; not read by Quarto after closure,paper4_deep_cleanup_manifest_2026-05-18.csv; Paper 4 Quarto chapters; v467-v478 curated export artifacts
reports/paper_material/paper4/tables/paper4_v194_claim_blockers.csv,table_csv,194,delete,generated Paper 4 loop artifact retired; not read by Quarto after closure,paper4_deep_cleanup_manifest_2026-05-18.csv; Paper 4 Quarto chapters; v467-v478 curated export artifacts
reports/paper_material/paper4/tables/paper4_v194_claim_matrix_delta.csv,table_csv,194,delete,generated Paper 4 loop artifact retired; not read by Quarto after closure,paper4_deep_cleanup_manifest_2026-05-18.csv; Paper 4 Quarto chapters; v467-v478 curated export artifacts
reports/paper_material/paper4/tables/paper4_v194_post_repair_one_swap_reprice.csv,table_csv,194,delete,generated Paper 4 loop artifact retired; not read by Quarto after closure,paper4_deep_cleanup_manifest_2026-05-18.csv; Paper 4 Quarto chapters; v467-v478 curated export artifacts
reports/paper_material/paper4/tables/paper4_v194_post_repair_one_swap_stage_summary.csv,table_csv,194,delete,generated Paper 4 loop artifact retired; not read by Quarto after closure,paper4_deep_cleanup_manifest_2026-05-18.csv; Paper 4 Quarto chapters; v467-v478 curated export artifacts
reports/paper_material/paper4/tables/paper4_v194_post_repair_one_swap_summary.csv,table_csv,194,delete,generated Paper 4 loop artifact retired; not read by Quarto after closure,paper4_deep_cleanup_manifest_2026-05-18.csv; Paper 4 Quarto chapters; v467-v478 curated export artifacts
reports/paper_material/paper4/tables/paper4_v194_post_repair_one_swap_top_candidates.csv,table_csv,194,delete,generated Paper 4 loop artifact retired; not read by Quarto after closure,paper4_deep_cleanup_manifest_2026-05-18.csv; Paper 4 Quarto chapters; v467-v478 curated export artifacts
reports/paper_material/paper4/tables/paper4_v195_claim_blockers.csv,table_csv,195,delete,generated Paper 4 loop artifact retired; not read by Quarto after closure,paper4_deep_cleanup_manifest_2026-05-18.csv; Paper 4 Quarto chapters; v467-v478 curated export artifacts
reports/paper_material/paper4/tables/paper4_v195_claim_matrix_delta.csv,table_csv,195,delete,generated Paper 4 loop artifact retired; not read by Quarto after closure,paper4_deep_cleanup_manifest_2026-05-18.csv; Paper 4 Quarto chapters; v467-v478 curated export artifacts
reports/paper_material/paper4/tables/paper4_v195_next_one_swap_repair_action.csv,table_csv,195,delete,generated Paper 4 loop artifact retired; not read by Quarto after closure,paper4_deep_cleanup_manifest_2026-05-18.csv; Paper 4 Quarto chapters; v467-v478 curated export artifacts
reports/paper_material/paper4/tables/paper4_v195_next_one_swap_repair_source_summary.csv,table_csv,195,delete,generated Paper 4 loop artifact retired; not read by Quarto after closure,paper4_deep_cleanup_manifest_2026-05-18.csv; Paper 4 Quarto chapters; v467-v478 curated export artifacts
reports/paper_material/paper4/tables/paper4_v195_next_one_swap_repair_summary.csv,table_csv,195,delete,generated Paper 4 loop artifact retired; not read by Quarto after closure,paper4_deep_cleanup_manifest_2026-05-18.csv; Paper 4 Quarto chapters; v467-v478 curated export artifacts
reports/paper_material/paper4/tables/paper4_v196_claim_blockers.csv,table_csv,196,delete,generated Paper 4 loop artifact retired; not read by Quarto after closure,paper4_deep_cleanup_manifest_2026-05-18.csv; Paper 4 Quarto chapters; v467-v478 curated export artifacts
reports/paper_material/paper4/tables/paper4_v196_claim_matrix_delta.csv,table_csv,196,delete,generated Paper 4 loop artifact retired; not read by Quarto after closure,paper4_deep_cleanup_manifest_2026-05-18.csv; Paper 4 Quarto chapters; v467-v478 curated export artifacts
reports/paper_material/paper4/tables/paper4_v196_post_repair_one_swap_reprice.csv,table_csv,196,delete,generated Paper 4 loop artifact retired; not read by Quarto after closure,paper4_deep_cleanup_manifest_2026-05-18.csv; Paper 4 Quarto chapters; v467-v478 curated export artifacts
reports/paper_material/paper4/tables/paper4_v196_post_repair_one_swap_stage_summary.csv,table_csv,196,delete,generated Paper 4 loop artifact retired; not read by Quarto after closure,paper4_deep_cleanup_manifest_2026-05-18.csv; Paper 4 Quarto chapters; v467-v478 curated export artifacts
reports/paper_material/paper4/tables/paper4_v196_post_repair_one_swap_summary.csv,table_csv,196,delete,generated Paper 4 loop artifact retired; not read by Quarto after closure,paper4_deep_cleanup_manifest_2026-05-18.csv; Paper 4 Quarto chapters; v467-v478 curated export artifacts
reports/paper_material/paper4/tables/paper4_v196_post_repair_one_swap_top_candidates.csv,table_csv,196,delete,generated Paper 4 loop artifact retired; not read by Quarto after closure,paper4_deep_cleanup_manifest_2026-05-18.csv; Paper 4 Quarto chapters; v467-v478 curated export artifacts
reports/paper_material/paper4/tables/paper4_v197_claim_blockers.csv,table_csv,197,delete,generated Paper 4 loop artifact retired; not read by Quarto after closure,paper4_deep_cleanup_manifest_2026-05-18.csv; Paper 4 Quarto chapters; v467-v478 curated export artifacts
reports/paper_material/paper4/tables/paper4_v197_claim_matrix_delta.csv,table_csv,197,delete,generated Paper 4 loop artifact retired; not read by Quarto after closure,paper4_deep_cleanup_manifest_2026-05-18.csv; Paper 4 Quarto chapters; v467-v478 curated export artifacts
reports/paper_material/paper4/tables/paper4_v197_next_one_swap_repair_action.csv,table_csv,197,delete,generated Paper 4 loop artifact retired; not read by Quarto after closure,paper4_deep_cleanup_manifest_2026-05-18.csv; Paper 4 Quarto chapters; v467-v478 curated export artifacts
reports/paper_material/paper4/tables/paper4_v197_next_one_swap_repair_source_summary.csv,table_csv,197,delete,generated Paper 4 loop artifact retired; not read by Quarto after closure,paper4_deep_cleanup_manifest_2026-05-18.csv; Paper 4 Quarto chapters; v467-v478 curated export artifacts
reports/paper_material/paper4/tables/paper4_v197_next_one_swap_repair_summary.csv,table_csv,197,delete,generated Paper 4 loop artifact retired; not read by Quarto after closure,paper4_deep_cleanup_manifest_2026-05-18.csv; Paper 4 Quarto chapters; v467-v478 curated export artifacts
reports/paper_material/paper4/tables/paper4_v198_claim_blockers.csv,table_csv,198,delete,generated Paper 4 loop artifact retired; not read by Quarto after closure,paper4_deep_cleanup_manifest_2026-05-18.csv; Paper 4 Quarto chapters; v467-v478 curated export artifacts
reports/paper_material/paper4/tables/paper4_v198_claim_matrix_delta.csv,table_csv,198,delete,generated Paper 4 loop artifact retired; not read by Quarto after closure,paper4_deep_cleanup_manifest_2026-05-18.csv; Paper 4 Quarto chapters; v467-v478 curated export artifacts
reports/paper_material/paper4/tables/paper4_v198_post_repair_one_swap_reprice.csv,table_csv,198,delete,generated Paper 4 loop artifact retired; not read by Quarto after closure,paper4_deep_cleanup_manifest_2026-05-18.csv; Paper 4 Quarto chapters; v467-v478 curated export artifacts
reports/paper_material/paper4/tables/paper4_v198_post_repair_one_swap_stage_summary.csv,table_csv,198,delete,generated Paper 4 loop artifact retired; not read by Quarto after closure,paper4_deep_cleanup_manifest_2026-05-18.csv; Paper 4 Quarto chapters; v467-v478 curated export artifacts
reports/paper_material/paper4/tables/paper4_v198_post_repair_one_swap_summary.csv,table_csv,198,delete,generated Paper 4 loop artifact retired; not read by Quarto after closure,paper4_deep_cleanup_manifest_2026-05-18.csv; Paper 4 Quarto chapters; v467-v478 curated export artifacts
reports/paper_material/paper4/tables/paper4_v198_post_repair_one_swap_top_candidates.csv,table_csv,198,delete,generated Paper 4 loop artifact retired; not read by Quarto after closure,paper4_deep_cleanup_manifest_2026-05-18.csv; Paper 4 Quarto chapters; v467-v478 curated export artifacts
reports/paper_material/paper4/tables/paper4_v199_claim_blockers.csv,table_csv,199,delete,generated Paper 4 loop artifact retired; not read by Quarto after closure,paper4_deep_cleanup_manifest_2026-05-18.csv; Paper 4 Quarto chapters; v467-v478 curated export artifacts
reports/paper_material/paper4/tables/paper4_v199_claim_matrix_delta.csv,table_csv,199,delete,generated Paper 4 loop artifact retired; not read by Quarto after closure,paper4_deep_cleanup_manifest_2026-05-18.csv; Paper 4 Quarto chapters; v467-v478 curated export artifacts
reports/paper_material/paper4/tables/paper4_v199_next_one_swap_repair_action.csv,table_csv,199,delete,generated Paper 4 loop artifact retired; not read by Quarto after closure,paper4_deep_cleanup_manifest_2026-05-18.csv; Paper 4 Quarto chapters; v467-v478 curated export artifacts
reports/paper_material/paper4/tables/paper4_v199_next_one_swap_repair_source_summary.csv,table_csv,199,delete,generated Paper 4 loop artifact retired; not read by Quarto after closure,paper4_deep_cleanup_manifest_2026-05-18.csv; Paper 4 Quarto chapters; v467-v478 curated export artifacts
reports/paper_material/paper4/tables/paper4_v199_next_one_swap_repair_summary.csv,table_csv,199,delete,generated Paper 4 loop artifact retired; not read by Quarto after closure,paper4_deep_cleanup_manifest_2026-05-18.csv; Paper 4 Quarto chapters; v467-v478 curated export artifacts
reports/paper_material/paper4/tables/paper4_v200_claim_blockers.csv,table_csv,200,delete,generated Paper 4 loop artifact retired; not read by Quarto after closure,paper4_deep_cleanup_manifest_2026-05-18.csv; Paper 4 Quarto chapters; v467-v478 curated export artifacts
reports/paper_material/paper4/tables/paper4_v200_claim_matrix_delta.csv,table_csv,200,delete,generated Paper 4 loop artifact retired; not read by Quarto after closure,paper4_deep_cleanup_manifest_2026-05-18.csv; Paper 4 Quarto chapters; v467-v478 curated export artifacts
reports/paper_material/paper4/tables/paper4_v200_post_repair_one_swap_reprice.csv,table_csv,200,delete,generated Paper 4 loop artifact retired; not read by Quarto after closure,paper4_deep_cleanup_manifest_2026-05-18.csv; Paper 4 Quarto chapters; v467-v478 curated export artifacts
reports/paper_material/paper4/tables/paper4_v200_post_repair_one_swap_stage_summary.csv,table_csv,200,delete,generated Paper 4 loop artifact retired; not read by Quarto after closure,paper4_deep_cleanup_manifest_2026-05-18.csv; Paper 4 Quarto chapters; v467-v478 curated export artifacts
reports/paper_material/paper4/tables/paper4_v200_post_repair_one_swap_summary.csv,table_csv,200,delete,generated Paper 4 loop artifact retired; not read by Quarto after closure,paper4_deep_cleanup_manifest_2026-05-18.csv; Paper 4 Quarto chapters; v467-v478 curated export artifacts
reports/paper_material/paper4/tables/paper4_v200_post_repair_one_swap_top_candidates.csv,table_csv,200,delete,generated Paper 4 loop artifact retired; not read by Quarto after closure,paper4_deep_cleanup_manifest_2026-05-18.csv; Paper 4 Quarto chapters; v467-v478 curated export artifacts
reports/paper_material/paper4/tables/paper4_v201_claim_blockers.csv,table_csv,201,delete,generated Paper 4 loop artifact retired; not read by Quarto after closure,paper4_deep_cleanup_manifest_2026-05-18.csv; Paper 4 Quarto chapters; v467-v478 curated export artifacts
reports/paper_material/paper4/tables/paper4_v201_claim_matrix_delta.csv,table_csv,201,delete,generated Paper 4 loop artifact retired; not read by Quarto after closure,paper4_deep_cleanup_manifest_2026-05-18.csv; Paper 4 Quarto chapters; v467-v478 curated export artifacts
reports/paper_material/paper4/tables/paper4_v201_next_one_swap_repair_action.csv,table_csv,201,delete,generated Paper 4 loop artifact retired; not read by Quarto after closure,paper4_deep_cleanup_manifest_2026-05-18.csv; Paper 4 Quarto chapters; v467-v478 curated export artifacts
reports/paper_material/paper4/tables/paper4_v201_next_one_swap_repair_source_summary.csv,table_csv,201,delete,generated Paper 4 loop artifact retired; not read by Quarto after closure,paper4_deep_cleanup_manifest_2026-05-18.csv; Paper 4 Quarto chapters; v467-v478 curated export artifacts
reports/paper_material/paper4/tables/paper4_v201_next_one_swap_repair_summary.csv,table_csv,201,delete,generated Paper 4 loop artifact retired; not read by Quarto after closure,paper4_deep_cleanup_manifest_2026-05-18.csv; Paper 4 Quarto chapters; v467-v478 curated export artifacts
reports/paper_material/paper4/tables/paper4_v202_claim_blockers.csv,table_csv,202,delete,generated Paper 4 loop artifact retired; not read by Quarto after closure,paper4_deep_cleanup_manifest_2026-05-18.csv; Paper 4 Quarto chapters; v467-v478 curated export artifacts
reports/paper_material/paper4/tables/paper4_v202_claim_matrix_delta.csv,table_csv,202,delete,generated Paper 4 loop artifact retired; not read by Quarto after closure,paper4_deep_cleanup_manifest_2026-05-18.csv; Paper 4 Quarto chapters; v467-v478 curated export artifacts
reports/paper_material/paper4/tables/paper4_v202_post_repair_one_swap_reprice.csv,table_csv,202,delete,generated Paper 4 loop artifact retired; not read by Quarto after closure,paper4_deep_cleanup_manifest_2026-05-18.csv; Paper 4 Quarto chapters; v467-v478 curated export artifacts
reports/paper_material/paper4/tables/paper4_v202_post_repair_one_swap_stage_summary.csv,table_csv,202,delete,generated Paper 4 loop artifact retired; not read by Quarto after closure,paper4_deep_cleanup_manifest_2026-05-18.csv; Paper 4 Quarto chapters; v467-v478 curated export artifacts
reports/paper_material/paper4/tables/paper4_v202_post_repair_one_swap_summary.csv,table_csv,202,delete,generated Paper 4 loop artifact retired; not read by Quarto after closure,paper4_deep_cleanup_manifest_2026-05-18.csv; Paper 4 Quarto chapters; v467-v478 curated export artifacts
reports/paper_material/paper4/tables/paper4_v202_post_repair_one_swap_top_candidates.csv,table_csv,202,delete,generated Paper 4 loop artifact retired; not read by Quarto after closure,paper4_deep_cleanup_manifest_2026-05-18.csv; Paper 4 Quarto chapters; v467-v478 curated export artifacts
reports/paper_material/paper4/tables/paper4_v203_claim_blockers.csv,table_csv,203,delete,generated Paper 4 loop artifact retired; not read by Quarto after closure,paper4_deep_cleanup_manifest_2026-05-18.csv; Paper 4 Quarto chapters; v467-v478 curated export artifacts
reports/paper_material/paper4/tables/paper4_v203_claim_matrix_delta.csv,table_csv,203,delete,generated Paper 4 loop artifact retired; not read by Quarto after closure,paper4_deep_cleanup_manifest_2026-05-18.csv; Paper 4 Quarto chapters; v467-v478 curated export artifacts
reports/paper_material/paper4/tables/paper4_v203_next_one_swap_repair_action.csv,table_csv,203,delete,generated Paper 4 loop artifact retired; not read by Quarto after closure,paper4_deep_cleanup_manifest_2026-05-18.csv; Paper 4 Quarto chapters; v467-v478 curated export artifacts
reports/paper_material/paper4/tables/paper4_v203_next_one_swap_repair_source_summary.csv,table_csv,203,delete,generated Paper 4 loop artifact retired; not read by Quarto after closure,paper4_deep_cleanup_manifest_2026-05-18.csv; Paper 4 Quarto chapters; v467-v478 curated export artifacts
reports/paper_material/paper4/tables/paper4_v203_next_one_swap_repair_summary.csv,table_csv,203,delete,generated Paper 4 loop artifact retired; not read by Quarto after closure,paper4_deep_cleanup_manifest_2026-05-18.csv; Paper 4 Quarto chapters; v467-v478 curated export artifacts
reports/paper_material/paper4/tables/paper4_v204_claim_blockers.csv,table_csv,204,delete,generated Paper 4 loop artifact retired; not read by Quarto after closure,paper4_deep_cleanup_manifest_2026-05-18.csv; Paper 4 Quarto chapters; v467-v478 curated export artifacts
reports/paper_material/paper4/tables/paper4_v204_claim_matrix_delta.csv,table_csv,204,delete,generated Paper 4 loop artifact retired; not read by Quarto after closure,paper4_deep_cleanup_manifest_2026-05-18.csv; Paper 4 Quarto chapters; v467-v478 curated export artifacts
reports/paper_material/paper4/tables/paper4_v204_post_repair_one_swap_reprice.csv,table_csv,204,delete,generated Paper 4 loop artifact retired; not read by Quarto after closure,paper4_deep_cleanup_manifest_2026-05-18.csv; Paper 4 Quarto chapters; v467-v478 curated export artifacts
reports/paper_material/paper4/tables/paper4_v204_post_repair_one_swap_stage_summary.csv,table_csv,204,delete,generated Paper 4 loop artifact retired; not read by Quarto after closure,paper4_deep_cleanup_manifest_2026-05-18.csv; Paper 4 Quarto chapters; v467-v478 curated export artifacts
reports/paper_material/paper4/tables/paper4_v204_post_repair_one_swap_summary.csv,table_csv,204,delete,generated Paper 4 loop artifact retired; not read by Quarto after closure,paper4_deep_cleanup_manifest_2026-05-18.csv; Paper 4 Quarto chapters; v467-v478 curated export artifacts
reports/paper_material/paper4/tables/paper4_v204_post_repair_one_swap_top_candidates.csv,table_csv,204,delete,generated Paper 4 loop artifact retired; not read by Quarto after closure,paper4_deep_cleanup_manifest_2026-05-18.csv; Paper 4 Quarto chapters; v467-v478 curated export artifacts
reports/paper_material/paper4/tables/paper4_v205_claim_blockers.csv,table_csv,205,delete,generated Paper 4 loop artifact retired; not read by Quarto after closure,paper4_deep_cleanup_manifest_2026-05-18.csv; Paper 4 Quarto chapters; v467-v478 curated export artifacts
reports/paper_material/paper4/tables/paper4_v205_claim_matrix_delta.csv,table_csv,205,delete,generated Paper 4 loop artifact retired; not read by Quarto after closure,paper4_deep_cleanup_manifest_2026-05-18.csv; Paper 4 Quarto chapters; v467-v478 curated export artifacts
reports/paper_material/paper4/tables/paper4_v205_next_one_swap_repair_action.csv,table_csv,205,delete,generated Paper 4 loop artifact retired; not read by Quarto after closure,paper4_deep_cleanup_manifest_2026-05-18.csv; Paper 4 Quarto chapters; v467-v478 curated export artifacts
reports/paper_material/paper4/tables/paper4_v205_next_one_swap_repair_source_summary.csv,table_csv,205,delete,generated Paper 4 loop artifact retired; not read by Quarto after closure,paper4_deep_cleanup_manifest_2026-05-18.csv; Paper 4 Quarto chapters; v467-v478 curated export artifacts
reports/paper_material/paper4/tables/paper4_v205_next_one_swap_repair_summary.csv,table_csv,205,delete,generated Paper 4 loop artifact retired; not read by Quarto after closure,paper4_deep_cleanup_manifest_2026-05-18.csv; Paper 4 Quarto chapters; v467-v478 curated export artifacts
reports/paper_material/paper4/tables/paper4_v206_claim_blockers.csv,table_csv,206,delete,generated Paper 4 loop artifact retired; not read by Quarto after closure,paper4_deep_cleanup_manifest_2026-05-18.csv; Paper 4 Quarto chapters; v467-v478 curated export artifacts
reports/paper_material/paper4/tables/paper4_v206_claim_matrix_delta.csv,table_csv,206,delete,generated Paper 4 loop artifact retired; not read by Quarto after closure,paper4_deep_cleanup_manifest_2026-05-18.csv; Paper 4 Quarto chapters; v467-v478 curated export artifacts
reports/paper_material/paper4/tables/paper4_v206_post_repair_one_swap_reprice.csv,table_csv,206,delete,generated Paper 4 loop artifact retired; not read by Quarto after closure,paper4_deep_cleanup_manifest_2026-05-18.csv; Paper 4 Quarto chapters; v467-v478 curated export artifacts
reports/paper_material/paper4/tables/paper4_v206_post_repair_one_swap_stage_summary.csv,table_csv,206,delete,generated Paper 4 loop artifact retired; not read by Quarto after closure,paper4_deep_cleanup_manifest_2026-05-18.csv; Paper 4 Quarto chapters; v467-v478 curated export artifacts
reports/paper_material/paper4/tables/paper4_v206_post_repair_one_swap_summary.csv,table_csv,206,delete,generated Paper 4 loop artifact retired; not read by Quarto after closure,paper4_deep_cleanup_manifest_2026-05-18.csv; Paper 4 Quarto chapters; v467-v478 curated export artifacts
reports/paper_material/paper4/tables/paper4_v206_post_repair_one_swap_top_candidates.csv,table_csv,206,delete,generated Paper 4 loop artifact retired; not read by Quarto after closure,paper4_deep_cleanup_manifest_2026-05-18.csv; Paper 4 Quarto chapters; v467-v478 curated export artifacts
reports/paper_material/paper4/tables/paper4_v207_claim_blockers.csv,table_csv,207,delete,generated Paper 4 loop artifact retired; not read by Quarto after closure,paper4_deep_cleanup_manifest_2026-05-18.csv; Paper 4 Quarto chapters; v467-v478 curated export artifacts
reports/paper_material/paper4/tables/paper4_v207_claim_matrix_delta.csv,table_csv,207,delete,generated Paper 4 loop artifact retired; not read by Quarto after closure,paper4_deep_cleanup_manifest_2026-05-18.csv; Paper 4 Quarto chapters; v467-v478 curated export artifacts
reports/paper_material/paper4/tables/paper4_v207_next_one_swap_repair_action.csv,table_csv,207,delete,generated Paper 4 loop artifact retired; not read by Quarto after closure,paper4_deep_cleanup_manifest_2026-05-18.csv; Paper 4 Quarto chapters; v467-v478 curated export artifacts
reports/paper_material/paper4/tables/paper4_v207_next_one_swap_repair_source_summary.csv,table_csv,207,delete,generated Paper 4 loop artifact retired; not read by Quarto after closure,paper4_deep_cleanup_manifest_2026-05-18.csv; Paper 4 Quarto chapters; v467-v478 curated export artifacts
reports/paper_material/paper4/tables/paper4_v207_next_one_swap_repair_summary.csv,table_csv,207,delete,generated Paper 4 loop artifact retired; not read by Quarto after closure,paper4_deep_cleanup_manifest_2026-05-18.csv; Paper 4 Quarto chapters; v467-v478 curated export artifacts
reports/paper_material/paper4/tables/paper4_v208_claim_blockers.csv,table_csv,208,delete,generated Paper 4 loop artifact retired; not read by Quarto after closure,paper4_deep_cleanup_manifest_2026-05-18.csv; Paper 4 Quarto chapters; v467-v478 curated export artifacts
reports/paper_material/paper4/tables/paper4_v208_claim_matrix_delta.csv,table_csv,208,delete,generated Paper 4 loop artifact retired; not read by Quarto after closure,paper4_deep_cleanup_manifest_2026-05-18.csv; Paper 4 Quarto chapters; v467-v478 curated export artifacts
reports/paper_material/paper4/tables/paper4_v208_post_repair_one_swap_reprice.csv,table_csv,208,delete,generated Paper 4 loop artifact retired; not read by Quarto after closure,paper4_deep_cleanup_manifest_2026-05-18.csv; Paper 4 Quarto chapters; v467-v478 curated export artifacts
reports/paper_material/paper4/tables/paper4_v208_post_repair_one_swap_stage_summary.csv,table_csv,208,delete,generated Paper 4 loop artifact retired; not read by Quarto after closure,paper4_deep_cleanup_manifest_2026-05-18.csv; Paper 4 Quarto chapters; v467-v478 curated export artifacts
reports/paper_material/paper4/tables/paper4_v208_post_repair_one_swap_summary.csv,table_csv,208,delete,generated Paper 4 loop artifact retired; not read by Quarto after closure,paper4_deep_cleanup_manifest_2026-05-18.csv; Paper 4 Quarto chapters; v467-v478 curated export artifacts
reports/paper_material/paper4/tables/paper4_v208_post_repair_one_swap_top_candidates.csv,table_csv,208,delete,generated Paper 4 loop artifact retired; not read by Quarto after closure,paper4_deep_cleanup_manifest_2026-05-18.csv; Paper 4 Quarto chapters; v467-v478 curated export artifacts
reports/paper_material/paper4/tables/paper4_v209_claim_blockers.csv,table_csv,209,delete,generated Paper 4 loop artifact retired; not read by Quarto after closure,paper4_deep_cleanup_manifest_2026-05-18.csv; Paper 4 Quarto chapters; v467-v478 curated export artifacts
reports/paper_material/paper4/tables/paper4_v209_claim_matrix_delta.csv,table_csv,209,delete,generated Paper 4 loop artifact retired; not read by Quarto after closure,paper4_deep_cleanup_manifest_2026-05-18.csv; Paper 4 Quarto chapters; v467-v478 curated export artifacts
reports/paper_material/paper4/tables/paper4_v209_next_one_swap_repair_action.csv,table_csv,209,delete,generated Paper 4 loop artifact retired; not read by Quarto after closure,paper4_deep_cleanup_manifest_2026-05-18.csv; Paper 4 Quarto chapters; v467-v478 curated export artifacts
reports/paper_material/paper4/tables/paper4_v209_next_one_swap_repair_source_summary.csv,table_csv,209,delete,generated Paper 4 loop artifact retired; not read by Quarto after closure,paper4_deep_cleanup_manifest_2026-05-18.csv; Paper 4 Quarto chapters; v467-v478 curated export artifacts
reports/paper_material/paper4/tables/paper4_v209_next_one_swap_repair_summary.csv,table_csv,209,delete,generated Paper 4 loop artifact retired; not read by Quarto after closure,paper4_deep_cleanup_manifest_2026-05-18.csv; Paper 4 Quarto chapters; v467-v478 curated export artifacts
reports/paper_material/paper4/tables/paper4_v210_claim_blockers.csv,table_csv,210,delete,generated Paper 4 loop artifact retired; not read by Quarto after closure,paper4_deep_cleanup_manifest_2026-05-18.csv; Paper 4 Quarto chapters; v467-v478 curated export artifacts
reports/paper_material/paper4/tables/paper4_v210_claim_matrix_delta.csv,table_csv,210,delete,generated Paper 4 loop artifact retired; not read by Quarto after closure,paper4_deep_cleanup_manifest_2026-05-18.csv; Paper 4 Quarto chapters; v467-v478 curated export artifacts
reports/paper_material/paper4/tables/paper4_v210_post_repair_one_swap_reprice.csv,table_csv,210,delete,generated Paper 4 loop artifact retired; not read by Quarto after closure,paper4_deep_cleanup_manifest_2026-05-18.csv; Paper 4 Quarto chapters; v467-v478 curated export artifacts
reports/paper_material/paper4/tables/paper4_v210_post_repair_one_swap_stage_summary.csv,table_csv,210,delete,generated Paper 4 loop artifact retired; not read by Quarto after closure,paper4_deep_cleanup_manifest_2026-05-18.csv; Paper 4 Quarto chapters; v467-v478 curated export artifacts
reports/paper_material/paper4/tables/paper4_v210_post_repair_one_swap_summary.csv,table_csv,210,delete,generated Paper 4 loop artifact retired; not read by Quarto after closure,paper4_deep_cleanup_manifest_2026-05-18.csv; Paper 4 Quarto chapters; v467-v478 curated export artifacts
reports/paper_material/paper4/tables/paper4_v210_post_repair_one_swap_top_candidates.csv,table_csv,210,delete,generated Paper 4 loop artifact retired; not read by Quarto after closure,paper4_deep_cleanup_manifest_2026-05-18.csv; Paper 4 Quarto chapters; v467-v478 curated export artifacts
reports/paper_material/paper4/tables/paper4_v211_claim_blockers.csv,table_csv,211,delete,generated Paper 4 loop artifact retired; not read by Quarto after closure,paper4_deep_cleanup_manifest_2026-05-18.csv; Paper 4 Quarto chapters; v467-v478 curated export artifacts
reports/paper_material/paper4/tables/paper4_v211_claim_matrix_delta.csv,table_csv,211,delete,generated Paper 4 loop artifact retired; not read by Quarto after closure,paper4_deep_cleanup_manifest_2026-05-18.csv; Paper 4 Quarto chapters; v467-v478 curated export artifacts
reports/paper_material/paper4/tables/paper4_v211_next_one_swap_repair_action.csv,table_csv,211,delete,generated Paper 4 loop artifact retired; not read by Quarto after closure,paper4_deep_cleanup_manifest_2026-05-18.csv; Paper 4 Quarto chapters; v467-v478 curated export artifacts
reports/paper_material/paper4/tables/paper4_v211_next_one_swap_repair_source_summary.csv,table_csv,211,delete,generated Paper 4 loop artifact retired; not read by Quarto after closure,paper4_deep_cleanup_manifest_2026-05-18.csv; Paper 4 Quarto chapters; v467-v478 curated export artifacts
reports/paper_material/paper4/tables/paper4_v211_next_one_swap_repair_summary.csv,table_csv,211,delete,generated Paper 4 loop artifact retired; not read by Quarto after closure,paper4_deep_cleanup_manifest_2026-05-18.csv; Paper 4 Quarto chapters; v467-v478 curated export artifacts
reports/paper_material/paper4/tables/paper4_v212_claim_blockers.csv,table_csv,212,delete,generated Paper 4 loop artifact retired; not read by Quarto after closure,paper4_deep_cleanup_manifest_2026-05-18.csv; Paper 4 Quarto chapters; v467-v478 curated export artifacts
reports/paper_material/paper4/tables/paper4_v212_claim_matrix_delta.csv,table_csv,212,delete,generated Paper 4 loop artifact retired; not read by Quarto after closure,paper4_deep_cleanup_manifest_2026-05-18.csv; Paper 4 Quarto chapters; v467-v478 curated export artifacts
reports/paper_material/paper4/tables/paper4_v212_post_repair_one_swap_reprice.csv,table_csv,212,delete,generated Paper 4 loop artifact retired; not read by Quarto after closure,paper4_deep_cleanup_manifest_2026-05-18.csv; Paper 4 Quarto chapters; v467-v478 curated export artifacts
reports/paper_material/paper4/tables/paper4_v212_post_repair_one_swap_stage_summary.csv,table_csv,212,delete,generated Paper 4 loop artifact retired; not read by Quarto after closure,paper4_deep_cleanup_manifest_2026-05-18.csv; Paper 4 Quarto chapters; v467-v478 curated export artifacts
reports/paper_material/paper4/tables/paper4_v212_post_repair_one_swap_summary.csv,table_csv,212,delete,generated Paper 4 loop artifact retired; not read by Quarto after closure,paper4_deep_cleanup_manifest_2026-05-18.csv; Paper 4 Quarto chapters; v467-v478 curated export artifacts
reports/paper_material/paper4/tables/paper4_v212_post_repair_one_swap_top_candidates.csv,table_csv,212,delete,generated Paper 4 loop artifact retired; not read by Quarto after closure,paper4_deep_cleanup_manifest_2026-05-18.csv; Paper 4 Quarto chapters; v467-v478 curated export artifacts
reports/paper_material/paper4/tables/paper4_v213_claim_blockers.csv,table_csv,213,delete,generated Paper 4 loop artifact retired; not read by Quarto after closure,paper4_deep_cleanup_manifest_2026-05-18.csv; Paper 4 Quarto chapters; v467-v478 curated export artifacts
reports/paper_material/paper4/tables/paper4_v213_claim_matrix_delta.csv,table_csv,213,delete,generated Paper 4 loop artifact retired; not read by Quarto after closure,paper4_deep_cleanup_manifest_2026-05-18.csv; Paper 4 Quarto chapters; v467-v478 curated export artifacts
reports/paper_material/paper4/tables/paper4_v213_next_one_swap_repair_action.csv,table_csv,213,delete,generated Paper 4 loop artifact retired; not read by Quarto after closure,paper4_deep_cleanup_manifest_2026-05-18.csv; Paper 4 Quarto chapters; v467-v478 curated export artifacts
reports/paper_material/paper4/tables/paper4_v213_next_one_swap_repair_source_summary.csv,table_csv,213,delete,generated Paper 4 loop artifact retired; not read by Quarto after closure,paper4_deep_cleanup_manifest_2026-05-18.csv; Paper 4 Quarto chapters; v467-v478 curated export artifacts
reports/paper_material/paper4/tables/paper4_v213_next_one_swap_repair_summary.csv,table_csv,213,delete,generated Paper 4 loop artifact retired; not read by Quarto after closure,paper4_deep_cleanup_manifest_2026-05-18.csv; Paper 4 Quarto chapters; v467-v478 curated export artifacts
reports/paper_material/paper4/tables/paper4_v214_claim_blockers.csv,table_csv,214,delete,generated Paper 4 loop artifact retired; not read by Quarto after closure,paper4_deep_cleanup_manifest_2026-05-18.csv; Paper 4 Quarto chapters; v467-v478 curated export artifacts
reports/paper_material/paper4/tables/paper4_v214_claim_matrix_delta.csv,table_csv,214,delete,generated Paper 4 loop artifact retired; not read by Quarto after closure,paper4_deep_cleanup_manifest_2026-05-18.csv; Paper 4 Quarto chapters; v467-v478 curated export artifacts
reports/paper_material/paper4/tables/paper4_v214_post_repair_one_swap_reprice.csv,table_csv,214,delete,generated Paper 4 loop artifact retired; not read by Quarto after closure,paper4_deep_cleanup_manifest_2026-05-18.csv; Paper 4 Quarto chapters; v467-v478 curated export artifacts
reports/paper_material/paper4/tables/paper4_v214_post_repair_one_swap_stage_summary.csv,table_csv,214,delete,generated Paper 4 loop artifact retired; not read by Quarto after closure,paper4_deep_cleanup_manifest_2026-05-18.csv; Paper 4 Quarto chapters; v467-v478 curated export artifacts
reports/paper_material/paper4/tables/paper4_v214_post_repair_one_swap_summary.csv,table_csv,214,delete,generated Paper 4 loop artifact retired; not read by Quarto after closure,paper4_deep_cleanup_manifest_2026-05-18.csv; Paper 4 Quarto chapters; v467-v478 curated export artifacts
reports/paper_material/paper4/tables/paper4_v214_post_repair_one_swap_top_candidates.csv,table_csv,214,delete,generated Paper 4 loop artifact retired; not read by Quarto after closure,paper4_deep_cleanup_manifest_2026-05-18.csv; Paper 4 Quarto chapters; v467-v478 curated export artifacts
reports/paper_material/paper4/tables/paper4_v215_claim_blockers.csv,table_csv,215,delete,generated Paper 4 loop artifact retired; not read by Quarto after closure,paper4_deep_cleanup_manifest_2026-05-18.csv; Paper 4 Quarto chapters; v467-v478 curated export artifacts
reports/paper_material/paper4/tables/paper4_v215_claim_matrix_delta.csv,table_csv,215,delete,generated Paper 4 loop artifact retired; not read by Quarto after closure,paper4_deep_cleanup_manifest_2026-05-18.csv; Paper 4 Quarto chapters; v467-v478 curated export artifacts
reports/paper_material/paper4/tables/paper4_v215_next_one_swap_repair_action.csv,table_csv,215,delete,generated Paper 4 loop artifact retired; not read by Quarto after closure,paper4_deep_cleanup_manifest_2026-05-18.csv; Paper 4 Quarto chapters; v467-v478 curated export artifacts
reports/paper_material/paper4/tables/paper4_v215_next_one_swap_repair_source_summary.csv,table_csv,215,delete,generated Paper 4 loop artifact retired; not read by Quarto after closure,paper4_deep_cleanup_manifest_2026-05-18.csv; Paper 4 Quarto chapters; v467-v478 curated export artifacts
reports/paper_material/paper4/tables/paper4_v215_next_one_swap_repair_summary.csv,table_csv,215,delete,generated Paper 4 loop artifact retired; not read by Quarto after closure,paper4_deep_cleanup_manifest_2026-05-18.csv; Paper 4 Quarto chapters; v467-v478 curated export artifacts
reports/paper_material/paper4/tables/paper4_v216_claim_blockers.csv,table_csv,216,delete,generated Paper 4 loop artifact retired; not read by Quarto after closure,paper4_deep_cleanup_manifest_2026-05-18.csv; Paper 4 Quarto chapters; v467-v478 curated export artifacts
reports/paper_material/paper4/tables/paper4_v216_claim_matrix_delta.csv,table_csv,216,delete,generated Paper 4 loop artifact retired; not read by Quarto after closure,paper4_deep_cleanup_manifest_2026-05-18.csv; Paper 4 Quarto chapters; v467-v478 curated export artifacts
reports/paper_material/paper4/tables/paper4_v216_post_repair_one_swap_reprice.csv,table_csv,216,delete,generated Paper 4 loop artifact retired; not read by Quarto after closure,paper4_deep_cleanup_manifest_2026-05-18.csv; Paper 4 Quarto chapters; v467-v478 curated export artifacts
reports/paper_material/paper4/tables/paper4_v216_post_repair_one_swap_stage_summary.csv,table_csv,216,delete,generated Paper 4 loop artifact retired; not read by Quarto after closure,paper4_deep_cleanup_manifest_2026-05-18.csv; Paper 4 Quarto chapters; v467-v478 curated export artifacts
reports/paper_material/paper4/tables/paper4_v216_post_repair_one_swap_summary.csv,table_csv,216,delete,generated Paper 4 loop artifact retired; not read by Quarto after closure,paper4_deep_cleanup_manifest_2026-05-18.csv; Paper 4 Quarto chapters; v467-v478 curated export artifacts
reports/paper_material/paper4/tables/paper4_v216_post_repair_one_swap_top_candidates.csv,table_csv,216,delete,generated Paper 4 loop artifact retired; not read by Quarto after closure,paper4_deep_cleanup_manifest_2026-05-18.csv; Paper 4 Quarto chapters; v467-v478 curated export artifacts
reports/paper_material/paper4/tables/paper4_v217_claim_blockers.csv,table_csv,217,delete,generated Paper 4 loop artifact retired; not read by Quarto after closure,paper4_deep_cleanup_manifest_2026-05-18.csv; Paper 4 Quarto chapters; v467-v478 curated export artifacts
reports/paper_material/paper4/tables/paper4_v217_claim_matrix_delta.csv,table_csv,217,delete,generated Paper 4 loop artifact retired; not read by Quarto after closure,paper4_deep_cleanup_manifest_2026-05-18.csv; Paper 4 Quarto chapters; v467-v478 curated export artifacts
reports/paper_material/paper4/tables/paper4_v217_next_one_swap_repair_action.csv,table_csv,217,delete,generated Paper 4 loop artifact retired; not read by Quarto after closure,paper4_deep_cleanup_manifest_2026-05-18.csv; Paper 4 Quarto chapters; v467-v478 curated export artifacts
reports/paper_material/paper4/tables/paper4_v217_next_one_swap_repair_source_summary.csv,table_csv,217,delete,generated Paper 4 loop artifact retired; not read by Quarto after closure,paper4_deep_cleanup_manifest_2026-05-18.csv; Paper 4 Quarto chapters; v467-v478 curated export artifacts
reports/paper_material/paper4/tables/paper4_v217_next_one_swap_repair_summary.csv,table_csv,217,delete,generated Paper 4 loop artifact retired; not read by Quarto after closure,paper4_deep_cleanup_manifest_2026-05-18.csv; Paper 4 Quarto chapters; v467-v478 curated export artifacts
reports/paper_material/paper4/tables/paper4_v218_claim_blockers.csv,table_csv,218,delete,generated Paper 4 loop artifact retired; not read by Quarto after closure,paper4_deep_cleanup_manifest_2026-05-18.csv; Paper 4 Quarto chapters; v467-v478 curated export artifacts
reports/paper_material/paper4/tables/paper4_v218_claim_matrix_delta.csv,table_csv,218,delete,generated Paper 4 loop artifact retired; not read by Quarto after closure,paper4_deep_cleanup_manifest_2026-05-18.csv; Paper 4 Quarto chapters; v467-v478 curated export artifacts
reports/paper_material/paper4/tables/paper4_v218_post_repair_one_swap_reprice.csv,table_csv,218,delete,generated Paper 4 loop artifact retired; not read by Quarto after closure,paper4_deep_cleanup_manifest_2026-05-18.csv; Paper 4 Quarto chapters; v467-v478 curated export artifacts
reports/paper_material/paper4/tables/paper4_v218_post_repair_one_swap_stage_summary.csv,table_csv,218,delete,generated Paper 4 loop artifact retired; not read by Quarto after closure,paper4_deep_cleanup_manifest_2026-05-18.csv; Paper 4 Quarto chapters; v467-v478 curated export artifacts
reports/paper_material/paper4/tables/paper4_v218_post_repair_one_swap_summary.csv,table_csv,218,delete,generated Paper 4 loop artifact retired; not read by Quarto after closure,paper4_deep_cleanup_manifest_2026-05-18.csv; Paper 4 Quarto chapters; v467-v478 curated export artifacts
reports/paper_material/paper4/tables/paper4_v218_post_repair_one_swap_top_candidates.csv,table_csv,218,delete,generated Paper 4 loop artifact retired; not read by Quarto after closure,paper4_deep_cleanup_manifest_2026-05-18.csv; Paper 4 Quarto chapters; v467-v478 curated export artifacts
reports/paper_material/paper4/tables/paper4_v219_claim_blockers.csv,table_csv,219,delete,generated Paper 4 loop artifact retired; not read by Quarto after closure,paper4_deep_cleanup_manifest_2026-05-18.csv; Paper 4 Quarto chapters; v467-v478 curated export artifacts
reports/paper_material/paper4/tables/paper4_v219_claim_matrix_delta.csv,table_csv,219,delete,generated Paper 4 loop artifact retired; not read by Quarto after closure,paper4_deep_cleanup_manifest_2026-05-18.csv; Paper 4 Quarto chapters; v467-v478 curated export artifacts
reports/paper_material/paper4/tables/paper4_v219_next_one_swap_repair_action.csv,table_csv,219,delete,generated Paper 4 loop artifact retired; not read by Quarto after closure,paper4_deep_cleanup_manifest_2026-05-18.csv; Paper 4 Quarto chapters; v467-v478 curated export artifacts
reports/paper_material/paper4/tables/paper4_v219_next_one_swap_repair_source_summary.csv,table_csv,219,delete,generated Paper 4 loop artifact retired; not read by Quarto after closure,paper4_deep_cleanup_manifest_2026-05-18.csv; Paper 4 Quarto chapters; v467-v478 curated export artifacts
reports/paper_material/paper4/tables/paper4_v219_next_one_swap_repair_summary.csv,table_csv,219,delete,generated Paper 4 loop artifact retired; not read by Quarto after closure,paper4_deep_cleanup_manifest_2026-05-18.csv; Paper 4 Quarto chapters; v467-v478 curated export artifacts
reports/paper_material/paper4/tables/paper4_v220_claim_blockers.csv,table_csv,220,delete,generated Paper 4 loop artifact retired; not read by Quarto after closure,paper4_deep_cleanup_manifest_2026-05-18.csv; Paper 4 Quarto chapters; v467-v478 curated export artifacts
reports/paper_material/paper4/tables/paper4_v220_claim_matrix_delta.csv,table_csv,220,delete,generated Paper 4 loop artifact retired; not read by Quarto after closure,paper4_deep_cleanup_manifest_2026-05-18.csv; Paper 4 Quarto chapters; v467-v478 curated export artifacts
reports/paper_material/paper4/tables/paper4_v220_post_repair_one_swap_reprice.csv,table_csv,220,delete,generated Paper 4 loop artifact retired; not read by Quarto after closure,paper4_deep_cleanup_manifest_2026-05-18.csv; Paper 4 Quarto chapters; v467-v478 curated export artifacts
reports/paper_material/paper4/tables/paper4_v220_post_repair_one_swap_stage_summary.csv,table_csv,220,delete,generated Paper 4 loop artifact retired; not read by Quarto after closure,paper4_deep_cleanup_manifest_2026-05-18.csv; Paper 4 Quarto chapters; v467-v478 curated export artifacts
reports/paper_material/paper4/tables/paper4_v220_post_repair_one_swap_summary.csv,table_csv,220,delete,generated Paper 4 loop artifact retired; not read by Quarto after closure,paper4_deep_cleanup_manifest_2026-05-18.csv; Paper 4 Quarto chapters; v467-v478 curated export artifacts
reports/paper_material/paper4/tables/paper4_v220_post_repair_one_swap_top_candidates.csv,table_csv,220,delete,generated Paper 4 loop artifact retired; not read by Quarto after closure,paper4_deep_cleanup_manifest_2026-05-18.csv; Paper 4 Quarto chapters; v467-v478 curated export artifacts
reports/paper_material/paper4/tables/paper4_v221_claim_blockers.csv,table_csv,221,delete,generated Paper 4 loop artifact retired; not read by Quarto after closure,paper4_deep_cleanup_manifest_2026-05-18.csv; Paper 4 Quarto chapters; v467-v478 curated export artifacts
reports/paper_material/paper4/tables/paper4_v221_claim_matrix_delta.csv,table_csv,221,delete,generated Paper 4 loop artifact retired; not read by Quarto after closure,paper4_deep_cleanup_manifest_2026-05-18.csv; Paper 4 Quarto chapters; v467-v478 curated export artifacts
reports/paper_material/paper4/tables/paper4_v221_next_one_swap_repair_action.csv,table_csv,221,delete,generated Paper 4 loop artifact retired; not read by Quarto after closure,paper4_deep_cleanup_manifest_2026-05-18.csv; Paper 4 Quarto chapters; v467-v478 curated export artifacts
reports/paper_material/paper4/tables/paper4_v221_next_one_swap_repair_source_summary.csv,table_csv,221,delete,generated Paper 4 loop artifact retired; not read by Quarto after closure,paper4_deep_cleanup_manifest_2026-05-18.csv; Paper 4 Quarto chapters; v467-v478 curated export artifacts
reports/paper_material/paper4/tables/paper4_v221_next_one_swap_repair_summary.csv,table_csv,221,delete,generated Paper 4 loop artifact retired; not read by Quarto after closure,paper4_deep_cleanup_manifest_2026-05-18.csv; Paper 4 Quarto chapters; v467-v478 curated export artifacts
reports/paper_material/paper4/tables/paper4_v222_claim_blockers.csv,table_csv,222,delete,generated Paper 4 loop artifact retired; not read by Quarto after closure,paper4_deep_cleanup_manifest_2026-05-18.csv; Paper 4 Quarto chapters; v467-v478 curated export artifacts
reports/paper_material/paper4/tables/paper4_v222_claim_matrix_delta.csv,table_csv,222,delete,generated Paper 4 loop artifact retired; not read by Quarto after closure,paper4_deep_cleanup_manifest_2026-05-18.csv; Paper 4 Quarto chapters; v467-v478 curated export artifacts
reports/paper_material/paper4/tables/paper4_v222_post_repair_one_swap_reprice.csv,table_csv,222,delete,generated Paper 4 loop artifact retired; not read by Quarto after closure,paper4_deep_cleanup_manifest_2026-05-18.csv; Paper 4 Quarto chapters; v467-v478 curated export artifacts
reports/paper_material/paper4/tables/paper4_v222_post_repair_one_swap_stage_summary.csv,table_csv,222,delete,generated Paper 4 loop artifact retired; not read by Quarto after closure,paper4_deep_cleanup_manifest_2026-05-18.csv; Paper 4 Quarto chapters; v467-v478 curated export artifacts
reports/paper_material/paper4/tables/paper4_v222_post_repair_one_swap_summary.csv,table_csv,222,delete,generated Paper 4 loop artifact retired; not read by Quarto after closure,paper4_deep_cleanup_manifest_2026-05-18.csv; Paper 4 Quarto chapters; v467-v478 curated export artifacts
reports/paper_material/paper4/tables/paper4_v222_post_repair_one_swap_top_candidates.csv,table_csv,222,delete,generated Paper 4 loop artifact retired; not read by Quarto after closure,paper4_deep_cleanup_manifest_2026-05-18.csv; Paper 4 Quarto chapters; v467-v478 curated export artifacts
reports/paper_material/paper4/tables/paper4_v223_claim_blockers.csv,table_csv,223,delete,generated Paper 4 loop artifact retired; not read by Quarto after closure,paper4_deep_cleanup_manifest_2026-05-18.csv; Paper 4 Quarto chapters; v467-v478 curated export artifacts
reports/paper_material/paper4/tables/paper4_v223_claim_matrix_delta.csv,table_csv,223,delete,generated Paper 4 loop artifact retired; not read by Quarto after closure,paper4_deep_cleanup_manifest_2026-05-18.csv; Paper 4 Quarto chapters; v467-v478 curated export artifacts
reports/paper_material/paper4/tables/paper4_v223_next_one_swap_repair_action.csv,table_csv,223,delete,generated Paper 4 loop artifact retired; not read by Quarto after closure,paper4_deep_cleanup_manifest_2026-05-18.csv; Paper 4 Quarto chapters; v467-v478 curated export artifacts
reports/paper_material/paper4/tables/paper4_v223_next_one_swap_repair_source_summary.csv,table_csv,223,delete,generated Paper 4 loop artifact retired; not read by Quarto after closure,paper4_deep_cleanup_manifest_2026-05-18.csv; Paper 4 Quarto chapters; v467-v478 curated export artifacts
reports/paper_material/paper4/tables/paper4_v223_next_one_swap_repair_summary.csv,table_csv,223,delete,generated Paper 4 loop artifact retired; not read by Quarto after closure,paper4_deep_cleanup_manifest_2026-05-18.csv; Paper 4 Quarto chapters; v467-v478 curated export artifacts
reports/paper_material/paper4/tables/paper4_v224_claim_blockers.csv,table_csv,224,delete,generated Paper 4 loop artifact retired; not read by Quarto after closure,paper4_deep_cleanup_manifest_2026-05-18.csv; Paper 4 Quarto chapters; v467-v478 curated export artifacts
reports/paper_material/paper4/tables/paper4_v224_claim_matrix_delta.csv,table_csv,224,delete,generated Paper 4 loop artifact retired; not read by Quarto after closure,paper4_deep_cleanup_manifest_2026-05-18.csv; Paper 4 Quarto chapters; v467-v478 curated export artifacts
reports/paper_material/paper4/tables/paper4_v224_post_repair_one_swap_reprice.csv,table_csv,224,delete,generated Paper 4 loop artifact retired; not read by Quarto after closure,paper4_deep_cleanup_manifest_2026-05-18.csv; Paper 4 Quarto chapters; v467-v478 curated export artifacts
reports/paper_material/paper4/tables/paper4_v224_post_repair_one_swap_stage_summary.csv,table_csv,224,delete,generated Paper 4 loop artifact retired; not read by Quarto after closure,paper4_deep_cleanup_manifest_2026-05-18.csv; Paper 4 Quarto chapters; v467-v478 curated export artifacts
reports/paper_material/paper4/tables/paper4_v224_post_repair_one_swap_summary.csv,table_csv,224,delete,generated Paper 4 loop artifact retired; not read by Quarto after closure,paper4_deep_cleanup_manifest_2026-05-18.csv; Paper 4 Quarto chapters; v467-v478 curated export artifacts
reports/paper_material/paper4/tables/paper4_v224_post_repair_one_swap_top_candidates.csv,table_csv,224,delete,generated Paper 4 loop artifact retired; not read by Quarto after closure,paper4_deep_cleanup_manifest_2026-05-18.csv; Paper 4 Quarto chapters; v467-v478 curated export artifacts
reports/paper_material/paper4/tables/paper4_v225_claim_blockers.csv,table_csv,225,delete,generated Paper 4 loop artifact retired; not read by Quarto after closure,paper4_deep_cleanup_manifest_2026-05-18.csv; Paper 4 Quarto chapters; v467-v478 curated export artifacts
reports/paper_material/paper4/tables/paper4_v225_claim_matrix_delta.csv,table_csv,225,delete,generated Paper 4 loop artifact retired; not read by Quarto after closure,paper4_deep_cleanup_manifest_2026-05-18.csv; Paper 4 Quarto chapters; v467-v478 curated export artifacts
reports/paper_material/paper4/tables/paper4_v225_next_one_swap_repair_action.csv,table_csv,225,delete,generated Paper 4 loop artifact retired; not read by Quarto after closure,paper4_deep_cleanup_manifest_2026-05-18.csv; Paper 4 Quarto chapters; v467-v478 curated export artifacts
reports/paper_material/paper4/tables/paper4_v225_next_one_swap_repair_source_summary.csv,table_csv,225,delete,generated Paper 4 loop artifact retired; not read by Quarto after closure,paper4_deep_cleanup_manifest_2026-05-18.csv; Paper 4 Quarto chapters; v467-v478 curated export artifacts
reports/paper_material/paper4/tables/paper4_v225_next_one_swap_repair_summary.csv,table_csv,225,delete,generated Paper 4 loop artifact retired; not read by Quarto after closure,paper4_deep_cleanup_manifest_2026-05-18.csv; Paper 4 Quarto chapters; v467-v478 curated export artifacts
reports/paper_material/paper4/tables/paper4_v226_claim_blockers.csv,table_csv,226,delete,generated Paper 4 loop artifact retired; not read by Quarto after closure,paper4_deep_cleanup_manifest_2026-05-18.csv; Paper 4 Quarto chapters; v467-v478 curated export artifacts
reports/paper_material/paper4/tables/paper4_v226_claim_matrix_delta.csv,table_csv,226,delete,generated Paper 4 loop artifact retired; not read by Quarto after closure,paper4_deep_cleanup_manifest_2026-05-18.csv; Paper 4 Quarto chapters; v467-v478 curated export artifacts
reports/paper_material/paper4/tables/paper4_v226_post_repair_one_swap_reprice.csv,table_csv,226,delete,generated Paper 4 loop artifact retired; not read by Quarto after closure,paper4_deep_cleanup_manifest_2026-05-18.csv; Paper 4 Quarto chapters; v467-v478 curated export artifacts
reports/paper_material/paper4/tables/paper4_v226_post_repair_one_swap_stage_summary.csv,table_csv,226,delete,generated Paper 4 loop artifact retired; not read by Quarto after closure,paper4_deep_cleanup_manifest_2026-05-18.csv; Paper 4 Quarto chapters; v467-v478 curated export artifacts
reports/paper_material/paper4/tables/paper4_v226_post_repair_one_swap_summary.csv,table_csv,226,delete,generated Paper 4 loop artifact retired; not read by Quarto after closure,paper4_deep_cleanup_manifest_2026-05-18.csv; Paper 4 Quarto chapters; v467-v478 curated export artifacts
reports/paper_material/paper4/tables/paper4_v226_post_repair_one_swap_top_candidates.csv,table_csv,226,delete,generated Paper 4 loop artifact retired; not read by Quarto after closure,paper4_deep_cleanup_manifest_2026-05-18.csv; Paper 4 Quarto chapters; v467-v478 curated export artifacts
reports/paper_material/paper4/tables/paper4_v227_claim_blockers.csv,table_csv,227,delete,generated Paper 4 loop artifact retired; not read by Quarto after closure,paper4_deep_cleanup_manifest_2026-05-18.csv; Paper 4 Quarto chapters; v467-v478 curated export artifacts
reports/paper_material/paper4/tables/paper4_v227_claim_matrix_delta.csv,table_csv,227,delete,generated Paper 4 loop artifact retired; not read by Quarto after closure,paper4_deep_cleanup_manifest_2026-05-18.csv; Paper 4 Quarto chapters; v467-v478 curated export artifacts
reports/paper_material/paper4/tables/paper4_v227_next_one_swap_repair_action.csv,table_csv,227,delete,generated Paper 4 loop artifact retired; not read by Quarto after closure,paper4_deep_cleanup_manifest_2026-05-18.csv; Paper 4 Quarto chapters; v467-v478 curated export artifacts
reports/paper_material/paper4/tables/paper4_v227_next_one_swap_repair_source_summary.csv,table_csv,227,delete,generated Paper 4 loop artifact retired; not read by Quarto after closure,paper4_deep_cleanup_manifest_2026-05-18.csv; Paper 4 Quarto chapters; v467-v478 curated export artifacts
reports/paper_material/paper4/tables/paper4_v227_next_one_swap_repair_summary.csv,table_csv,227,delete,generated Paper 4 loop artifact retired; not read by Quarto after closure,paper4_deep_cleanup_manifest_2026-05-18.csv; Paper 4 Quarto chapters; v467-v478 curated export artifacts
reports/paper_material/paper4/tables/paper4_v228_claim_blockers.csv,table_csv,228,delete,generated Paper 4 loop artifact retired; not read by Quarto after closure,paper4_deep_cleanup_manifest_2026-05-18.csv; Paper 4 Quarto chapters; v467-v478 curated export artifacts
reports/paper_material/paper4/tables/paper4_v228_claim_matrix_delta.csv,table_csv,228,delete,generated Paper 4 loop artifact retired; not read by Quarto after closure,paper4_deep_cleanup_manifest_2026-05-18.csv; Paper 4 Quarto chapters; v467-v478 curated export artifacts
reports/paper_material/paper4/tables/paper4_v228_post_repair_one_swap_reprice.csv,table_csv,228,delete,generated Paper 4 loop artifact retired; not read by Quarto after closure,paper4_deep_cleanup_manifest_2026-05-18.csv; Paper 4 Quarto chapters; v467-v478 curated export artifacts
reports/paper_material/paper4/tables/paper4_v228_post_repair_one_swap_stage_summary.csv,table_csv,228,delete,generated Paper 4 loop artifact retired; not read by Quarto after closure,paper4_deep_cleanup_manifest_2026-05-18.csv; Paper 4 Quarto chapters; v467-v478 curated export artifacts
reports/paper_material/paper4/tables/paper4_v228_post_repair_one_swap_summary.csv,table_csv,228,delete,generated Paper 4 loop artifact retired; not read by Quarto after closure,paper4_deep_cleanup_manifest_2026-05-18.csv; Paper 4 Quarto chapters; v467-v478 curated export artifacts
reports/paper_material/paper4/tables/paper4_v228_post_repair_one_swap_top_candidates.csv,table_csv,228,delete,generated Paper 4 loop artifact retired; not read by Quarto after closure,paper4_deep_cleanup_manifest_2026-05-18.csv; Paper 4 Quarto chapters; v467-v478 curated export artifacts
reports/paper_material/paper4/tables/paper4_v229_claim_blockers.csv,table_csv,229,delete,generated Paper 4 loop artifact retired; not read by Quarto after closure,paper4_deep_cleanup_manifest_2026-05-18.csv; Paper 4 Quarto chapters; v467-v478 curated export artifacts
reports/paper_material/paper4/tables/paper4_v229_claim_matrix_delta.csv,table_csv,229,delete,generated Paper 4 loop artifact retired; not read by Quarto after closure,paper4_deep_cleanup_manifest_2026-05-18.csv; Paper 4 Quarto chapters; v467-v478 curated export artifacts
reports/paper_material/paper4/tables/paper4_v229_next_one_swap_repair_action.csv,table_csv,229,delete,generated Paper 4 loop artifact retired; not read by Quarto after closure,paper4_deep_cleanup_manifest_2026-05-18.csv; Paper 4 Quarto chapters; v467-v478 curated export artifacts
reports/paper_material/paper4/tables/paper4_v229_next_one_swap_repair_source_summary.csv,table_csv,229,delete,generated Paper 4 loop artifact retired; not read by Quarto after closure,paper4_deep_cleanup_manifest_2026-05-18.csv; Paper 4 Quarto chapters; v467-v478 curated export artifacts
reports/paper_material/paper4/tables/paper4_v229_next_one_swap_repair_summary.csv,table_csv,229,delete,generated Paper 4 loop artifact retired; not read by Quarto after closure,paper4_deep_cleanup_manifest_2026-05-18.csv; Paper 4 Quarto chapters; v467-v478 curated export artifacts
reports/paper_material/paper4/tables/paper4_v230_claim_blockers.csv,table_csv,230,delete,generated Paper 4 loop artifact retired; not read by Quarto after closure,paper4_deep_cleanup_manifest_2026-05-18.csv; Paper 4 Quarto chapters; v467-v478 curated export artifacts
reports/paper_material/paper4/tables/paper4_v230_claim_matrix_delta.csv,table_csv,230,delete,generated Paper 4 loop artifact retired; not read by Quarto after closure,paper4_deep_cleanup_manifest_2026-05-18.csv; Paper 4 Quarto chapters; v467-v478 curated export artifacts
reports/paper_material/paper4/tables/paper4_v230_post_repair_one_swap_reprice.csv,table_csv,230,delete,generated Paper 4 loop artifact retired; not read by Quarto after closure,paper4_deep_cleanup_manifest_2026-05-18.csv; Paper 4 Quarto chapters; v467-v478 curated export artifacts
reports/paper_material/paper4/tables/paper4_v230_post_repair_one_swap_stage_summary.csv,table_csv,230,delete,generated Paper 4 loop artifact retired; not read by Quarto after closure,paper4_deep_cleanup_manifest_2026-05-18.csv; Paper 4 Quarto chapters; v467-v478 curated export artifacts
reports/paper_material/paper4/tables/paper4_v230_post_repair_one_swap_summary.csv,table_csv,230,delete,generated Paper 4 loop artifact retired; not read by Quarto after closure,paper4_deep_cleanup_manifest_2026-05-18.csv; Paper 4 Quarto chapters; v467-v478 curated export artifacts
reports/paper_material/paper4/tables/paper4_v230_post_repair_one_swap_top_candidates.csv,table_csv,230,delete,generated Paper 4 loop artifact retired; not read by Quarto after closure,paper4_deep_cleanup_manifest_2026-05-18.csv; Paper 4 Quarto chapters; v467-v478 curated export artifacts
reports/paper_material/paper4/tables/paper4_v231_claim_blockers.csv,table_csv,231,delete,generated Paper 4 loop artifact retired; not read by Quarto after closure,paper4_deep_cleanup_manifest_2026-05-18.csv; Paper 4 Quarto chapters; v467-v478 curated export artifacts
reports/paper_material/paper4/tables/paper4_v231_claim_matrix_delta.csv,table_csv,231,delete,generated Paper 4 loop artifact retired; not read by Quarto after closure,paper4_deep_cleanup_manifest_2026-05-18.csv; Paper 4 Quarto chapters; v467-v478 curated export artifacts
reports/paper_material/paper4/tables/paper4_v231_next_one_swap_repair_action.csv,table_csv,231,delete,generated Paper 4 loop artifact retired; not read by Quarto after closure,paper4_deep_cleanup_manifest_2026-05-18.csv; Paper 4 Quarto chapters; v467-v478 curated export artifacts
reports/paper_material/paper4/tables/paper4_v231_next_one_swap_repair_source_summary.csv,table_csv,231,delete,generated Paper 4 loop artifact retired; not read by Quarto after closure,paper4_deep_cleanup_manifest_2026-05-18.csv; Paper 4 Quarto chapters; v467-v478 curated export artifacts
reports/paper_material/paper4/tables/paper4_v231_next_one_swap_repair_summary.csv,table_csv,231,delete,generated Paper 4 loop artifact retired; not read by Quarto after closure,paper4_deep_cleanup_manifest_2026-05-18.csv; Paper 4 Quarto chapters; v467-v478 curated export artifacts
reports/paper_material/paper4/tables/paper4_v232_claim_blockers.csv,table_csv,232,delete,generated Paper 4 loop artifact retired; not read by Quarto after closure,paper4_deep_cleanup_manifest_2026-05-18.csv; Paper 4 Quarto chapters; v467-v478 curated export artifacts
reports/paper_material/paper4/tables/paper4_v232_claim_matrix_delta.csv,table_csv,232,delete,generated Paper 4 loop artifact retired; not read by Quarto after closure,paper4_deep_cleanup_manifest_2026-05-18.csv; Paper 4 Quarto chapters; v467-v478 curated export artifacts
reports/paper_material/paper4/tables/paper4_v232_post_repair_one_swap_reprice.csv,table_csv,232,delete,generated Paper 4 loop artifact retired; not read by Quarto after closure,paper4_deep_cleanup_manifest_2026-05-18.csv; Paper 4 Quarto chapters; v467-v478 curated export artifacts
reports/paper_material/paper4/tables/paper4_v232_post_repair_one_swap_stage_summary.csv,table_csv,232,delete,generated Paper 4 loop artifact retired; not read by Quarto after closure,paper4_deep_cleanup_manifest_2026-05-18.csv; Paper 4 Quarto chapters; v467-v478 curated export artifacts
reports/paper_material/paper4/tables/paper4_v232_post_repair_one_swap_summary.csv,table_csv,232,delete,generated Paper 4 loop artifact retired; not read by Quarto after closure,paper4_deep_cleanup_manifest_2026-05-18.csv; Paper 4 Quarto chapters; v467-v478 curated export artifacts
reports/paper_material/paper4/tables/paper4_v232_post_repair_one_swap_top_candidates.csv,table_csv,232,delete,generated Paper 4 loop artifact retired; not read by Quarto after closure,paper4_deep_cleanup_manifest_2026-05-18.csv; Paper 4 Quarto chapters; v467-v478 curated export artifacts
reports/paper_material/paper4/tables/paper4_v233_claim_blockers.csv,table_csv,233,delete,generated Paper 4 loop artifact retired; not read by Quarto after closure,paper4_deep_cleanup_manifest_2026-05-18.csv; Paper 4 Quarto chapters; v467-v478 curated export artifacts
reports/paper_material/paper4/tables/paper4_v233_claim_matrix_delta.csv,table_csv,233,delete,generated Paper 4 loop artifact retired; not read by Quarto after closure,paper4_deep_cleanup_manifest_2026-05-18.csv; Paper 4 Quarto chapters; v467-v478 curated export artifacts
reports/paper_material/paper4/tables/paper4_v233_next_one_swap_repair_action.csv,table_csv,233,delete,generated Paper 4 loop artifact retired; not read by Quarto after closure,paper4_deep_cleanup_manifest_2026-05-18.csv; Paper 4 Quarto chapters; v467-v478 curated export artifacts
reports/paper_material/paper4/tables/paper4_v233_next_one_swap_repair_source_summary.csv,table_csv,233,delete,generated Paper 4 loop artifact retired; not read by Quarto after closure,paper4_deep_cleanup_manifest_2026-05-18.csv; Paper 4 Quarto chapters; v467-v478 curated export artifacts
reports/paper_material/paper4/tables/paper4_v233_next_one_swap_repair_summary.csv,table_csv,233,delete,generated Paper 4 loop artifact retired; not read by Quarto after closure,paper4_deep_cleanup_manifest_2026-05-18.csv; Paper 4 Quarto chapters; v467-v478 curated export artifacts
reports/paper_material/paper4/tables/paper4_v234_claim_blockers.csv,table_csv,234,delete,generated Paper 4 loop artifact retired; not read by Quarto after closure,paper4_deep_cleanup_manifest_2026-05-18.csv; Paper 4 Quarto chapters; v467-v478 curated export artifacts
reports/paper_material/paper4/tables/paper4_v234_claim_matrix_delta.csv,table_csv,234,delete,generated Paper 4 loop artifact retired; not read by Quarto after closure,paper4_deep_cleanup_manifest_2026-05-18.csv; Paper 4 Quarto chapters; v467-v478 curated export artifacts
reports/paper_material/paper4/tables/paper4_v234_post_repair_one_swap_reprice.csv,table_csv,234,delete,generated Paper 4 loop artifact retired; not read by Quarto after closure,paper4_deep_cleanup_manifest_2026-05-18.csv; Paper 4 Quarto chapters; v467-v478 curated export artifacts
reports/paper_material/paper4/tables/paper4_v234_post_repair_one_swap_stage_summary.csv,table_csv,234,delete,generated Paper 4 loop artifact retired; not read by Quarto after closure,paper4_deep_cleanup_manifest_2026-05-18.csv; Paper 4 Quarto chapters; v467-v478 curated export artifacts
reports/paper_material/paper4/tables/paper4_v234_post_repair_one_swap_summary.csv,table_csv,234,delete,generated Paper 4 loop artifact retired; not read by Quarto after closure,paper4_deep_cleanup_manifest_2026-05-18.csv; Paper 4 Quarto chapters; v467-v478 curated export artifacts
reports/paper_material/paper4/tables/paper4_v234_post_repair_one_swap_top_candidates.csv,table_csv,234,delete,generated Paper 4 loop artifact retired; not read by Quarto after closure,paper4_deep_cleanup_manifest_2026-05-18.csv; Paper 4 Quarto chapters; v467-v478 curated export artifacts
reports/paper_material/paper4/tables/paper4_v235_claim_blockers.csv,table_csv,235,delete,generated Paper 4 loop artifact retired; not read by Quarto after closure,paper4_deep_cleanup_manifest_2026-05-18.csv; Paper 4 Quarto chapters; v467-v478 curated export artifacts
reports/paper_material/paper4/tables/paper4_v235_claim_matrix_delta.csv,table_csv,235,delete,generated Paper 4 loop artifact retired; not read by Quarto after closure,paper4_deep_cleanup_manifest_2026-05-18.csv; Paper 4 Quarto chapters; v467-v478 curated export artifacts
reports/paper_material/paper4/tables/paper4_v235_next_one_swap_repair_action.csv,table_csv,235,delete,generated Paper 4 loop artifact retired; not read by Quarto after closure,paper4_deep_cleanup_manifest_2026-05-18.csv; Paper 4 Quarto chapters; v467-v478 curated export artifacts
reports/paper_material/paper4/tables/paper4_v235_next_one_swap_repair_source_summary.csv,table_csv,235,delete,generated Paper 4 loop artifact retired; not read by Quarto after closure,paper4_deep_cleanup_manifest_2026-05-18.csv; Paper 4 Quarto chapters; v467-v478 curated export artifacts
reports/paper_material/paper4/tables/paper4_v235_next_one_swap_repair_summary.csv,table_csv,235,delete,generated Paper 4 loop artifact retired; not read by Quarto after closure,paper4_deep_cleanup_manifest_2026-05-18.csv; Paper 4 Quarto chapters; v467-v478 curated export artifacts
reports/paper_material/paper4/tables/paper4_v236_claim_blockers.csv,table_csv,236,delete,generated Paper 4 loop artifact retired; not read by Quarto after closure,paper4_deep_cleanup_manifest_2026-05-18.csv; Paper 4 Quarto chapters; v467-v478 curated export artifacts
reports/paper_material/paper4/tables/paper4_v236_claim_matrix_delta.csv,table_csv,236,delete,generated Paper 4 loop artifact retired; not read by Quarto after closure,paper4_deep_cleanup_manifest_2026-05-18.csv; Paper 4 Quarto chapters; v467-v478 curated export artifacts
reports/paper_material/paper4/tables/paper4_v236_post_repair_one_swap_reprice.csv,table_csv,236,delete,generated Paper 4 loop artifact retired; not read by Quarto after closure,paper4_deep_cleanup_manifest_2026-05-18.csv; Paper 4 Quarto chapters; v467-v478 curated export artifacts
reports/paper_material/paper4/tables/paper4_v236_post_repair_one_swap_stage_summary.csv,table_csv,236,delete,generated Paper 4 loop artifact retired; not read by Quarto after closure,paper4_deep_cleanup_manifest_2026-05-18.csv; Paper 4 Quarto chapters; v467-v478 curated export artifacts
reports/paper_material/paper4/tables/paper4_v236_post_repair_one_swap_summary.csv,table_csv,236,delete,generated Paper 4 loop artifact retired; not read by Quarto after closure,paper4_deep_cleanup_manifest_2026-05-18.csv; Paper 4 Quarto chapters; v467-v478 curated export artifacts
reports/paper_material/paper4/tables/paper4_v236_post_repair_one_swap_top_candidates.csv,table_csv,236,delete,generated Paper 4 loop artifact retired; not read by Quarto after closure,paper4_deep_cleanup_manifest_2026-05-18.csv; Paper 4 Quarto chapters; v467-v478 curated export artifacts
reports/paper_material/paper4/tables/paper4_v237_claim_blockers.csv,table_csv,237,delete,generated Paper 4 loop artifact retired; not read by Quarto after closure,paper4_deep_cleanup_manifest_2026-05-18.csv; Paper 4 Quarto chapters; v467-v478 curated export artifacts
reports/paper_material/paper4/tables/paper4_v237_claim_matrix_delta.csv,table_csv,237,delete,generated Paper 4 loop artifact retired; not read by Quarto after closure,paper4_deep_cleanup_manifest_2026-05-18.csv; Paper 4 Quarto chapters; v467-v478 curated export artifacts
reports/paper_material/paper4/tables/paper4_v237_next_one_swap_repair_action.csv,table_csv,237,delete,generated Paper 4 loop artifact retired; not read by Quarto after closure,paper4_deep_cleanup_manifest_2026-05-18.csv; Paper 4 Quarto chapters; v467-v478 curated export artifacts
reports/paper_material/paper4/tables/paper4_v237_next_one_swap_repair_source_summary.csv,table_csv,237,delete,generated Paper 4 loop artifact retired; not read by Quarto after closure,paper4_deep_cleanup_manifest_2026-05-18.csv; Paper 4 Quarto chapters; v467-v478 curated export artifacts
reports/paper_material/paper4/tables/paper4_v237_next_one_swap_repair_summary.csv,table_csv,237,delete,generated Paper 4 loop artifact retired; not read by Quarto after closure,paper4_deep_cleanup_manifest_2026-05-18.csv; Paper 4 Quarto chapters; v467-v478 curated export artifacts
reports/paper_material/paper4/tables/paper4_v238_claim_blockers.csv,table_csv,238,delete,generated Paper 4 loop artifact retired; not read by Quarto after closure,paper4_deep_cleanup_manifest_2026-05-18.csv; Paper 4 Quarto chapters; v467-v478 curated export artifacts
reports/paper_material/paper4/tables/paper4_v238_claim_matrix_delta.csv,table_csv,238,delete,generated Paper 4 loop artifact retired; not read by Quarto after closure,paper4_deep_cleanup_manifest_2026-05-18.csv; Paper 4 Quarto chapters; v467-v478 curated export artifacts
reports/paper_material/paper4/tables/paper4_v238_post_repair_one_swap_reprice.csv,table_csv,238,delete,generated Paper 4 loop artifact retired; not read by Quarto after closure,paper4_deep_cleanup_manifest_2026-05-18.csv; Paper 4 Quarto chapters; v467-v478 curated export artifacts
reports/paper_material/paper4/tables/paper4_v238_post_repair_one_swap_stage_summary.csv,table_csv,238,delete,generated Paper 4 loop artifact retired; not read by Quarto after closure,paper4_deep_cleanup_manifest_2026-05-18.csv; Paper 4 Quarto chapters; v467-v478 curated export artifacts
reports/paper_material/paper4/tables/paper4_v238_post_repair_one_swap_summary.csv,table_csv,238,delete,generated Paper 4 loop artifact retired; not read by Quarto after closure,paper4_deep_cleanup_manifest_2026-05-18.csv; Paper 4 Quarto chapters; v467-v478 curated export artifacts
reports/paper_material/paper4/tables/paper4_v238_post_repair_one_swap_top_candidates.csv,table_csv,238,delete,generated Paper 4 loop artifact retired; not read by Quarto after closure,paper4_deep_cleanup_manifest_2026-05-18.csv; Paper 4 Quarto chapters; v467-v478 curated export artifacts
reports/paper_material/paper4/tables/paper4_v239_claim_blockers.csv,table_csv,239,delete,generated Paper 4 loop artifact retired; not read by Quarto after closure,paper4_deep_cleanup_manifest_2026-05-18.csv; Paper 4 Quarto chapters; v467-v478 curated export artifacts
reports/paper_material/paper4/tables/paper4_v239_claim_matrix_delta.csv,table_csv,239,delete,generated Paper 4 loop artifact retired; not read by Quarto after closure,paper4_deep_cleanup_manifest_2026-05-18.csv; Paper 4 Quarto chapters; v467-v478 curated export artifacts
reports/paper_material/paper4/tables/paper4_v239_next_one_swap_repair_action.csv,table_csv,239,delete,generated Paper 4 loop artifact retired; not read by Quarto after closure,paper4_deep_cleanup_manifest_2026-05-18.csv; Paper 4 Quarto chapters; v467-v478 curated export artifacts
reports/paper_material/paper4/tables/paper4_v239_next_one_swap_repair_source_summary.csv,table_csv,239,delete,generated Paper 4 loop artifact retired; not read by Quarto after closure,paper4_deep_cleanup_manifest_2026-05-18.csv; Paper 4 Quarto chapters; v467-v478 curated export artifacts
reports/paper_material/paper4/tables/paper4_v239_next_one_swap_repair_summary.csv,table_csv,239,delete,generated Paper 4 loop artifact retired; not read by Quarto after closure,paper4_deep_cleanup_manifest_2026-05-18.csv; Paper 4 Quarto chapters; v467-v478 curated export artifacts
reports/paper_material/paper4/tables/paper4_v240_claim_blockers.csv,table_csv,240,delete,generated Paper 4 loop artifact retired; not read by Quarto after closure,paper4_deep_cleanup_manifest_2026-05-18.csv; Paper 4 Quarto chapters; v467-v478 curated export artifacts
reports/paper_material/paper4/tables/paper4_v240_claim_matrix_delta.csv,table_csv,240,delete,generated Paper 4 loop artifact retired; not read by Quarto after closure,paper4_deep_cleanup_manifest_2026-05-18.csv; Paper 4 Quarto chapters; v467-v478 curated export artifacts
reports/paper_material/paper4/tables/paper4_v240_post_repair_one_swap_reprice.csv,table_csv,240,delete,generated Paper 4 loop artifact retired; not read by Quarto after closure,paper4_deep_cleanup_manifest_2026-05-18.csv; Paper 4 Quarto chapters; v467-v478 curated export artifacts
reports/paper_material/paper4/tables/paper4_v240_post_repair_one_swap_stage_summary.csv,table_csv,240,delete,generated Paper 4 loop artifact retired; not read by Quarto after closure,paper4_deep_cleanup_manifest_2026-05-18.csv; Paper 4 Quarto chapters; v467-v478 curated export artifacts
reports/paper_material/paper4/tables/paper4_v240_post_repair_one_swap_summary.csv,table_csv,240,delete,generated Paper 4 loop artifact retired; not read by Quarto after closure,paper4_deep_cleanup_manifest_2026-05-18.csv; Paper 4 Quarto chapters; v467-v478 curated export artifacts
reports/paper_material/paper4/tables/paper4_v240_post_repair_one_swap_top_candidates.csv,table_csv,240,delete,generated Paper 4 loop artifact retired; not read by Quarto after closure,paper4_deep_cleanup_manifest_2026-05-18.csv; Paper 4 Quarto chapters; v467-v478 curated export artifacts
reports/paper_material/paper4/tables/paper4_v241_claim_blockers.csv,table_csv,241,delete,generated Paper 4 loop artifact retired; not read by Quarto after closure,paper4_deep_cleanup_manifest_2026-05-18.csv; Paper 4 Quarto chapters; v467-v478 curated export artifacts
reports/paper_material/paper4/tables/paper4_v241_claim_matrix_delta.csv,table_csv,241,delete,generated Paper 4 loop artifact retired; not read by Quarto after closure,paper4_deep_cleanup_manifest_2026-05-18.csv; Paper 4 Quarto chapters; v467-v478 curated export artifacts
reports/paper_material/paper4/tables/paper4_v241_next_one_swap_repair_action.csv,table_csv,241,delete,generated Paper 4 loop artifact retired; not read by Quarto after closure,paper4_deep_cleanup_manifest_2026-05-18.csv; Paper 4 Quarto chapters; v467-v478 curated export artifacts
reports/paper_material/paper4/tables/paper4_v241_next_one_swap_repair_source_summary.csv,table_csv,241,delete,generated Paper 4 loop artifact retired; not read by Quarto after closure,paper4_deep_cleanup_manifest_2026-05-18.csv; Paper 4 Quarto chapters; v467-v478 curated export artifacts
reports/paper_material/paper4/tables/paper4_v241_next_one_swap_repair_summary.csv,table_csv,241,delete,generated Paper 4 loop artifact retired; not read by Quarto after closure,paper4_deep_cleanup_manifest_2026-05-18.csv; Paper 4 Quarto chapters; v467-v478 curated export artifacts
reports/paper_material/paper4/tables/paper4_v242_claim_blockers.csv,table_csv,242,delete,generated Paper 4 loop artifact retired; not read by Quarto after closure,paper4_deep_cleanup_manifest_2026-05-18.csv; Paper 4 Quarto chapters; v467-v478 curated export artifacts
reports/paper_material/paper4/tables/paper4_v242_claim_matrix_delta.csv,table_csv,242,delete,generated Paper 4 loop artifact retired; not read by Quarto after closure,paper4_deep_cleanup_manifest_2026-05-18.csv; Paper 4 Quarto chapters; v467-v478 curated export artifacts
reports/paper_material/paper4/tables/paper4_v242_post_repair_one_swap_reprice.csv,table_csv,242,delete,generated Paper 4 loop artifact retired; not read by Quarto after closure,paper4_deep_cleanup_manifest_2026-05-18.csv; Paper 4 Quarto chapters; v467-v478 curated export artifacts
reports/paper_material/paper4/tables/paper4_v242_post_repair_one_swap_stage_summary.csv,table_csv,242,delete,generated Paper 4 loop artifact retired; not read by Quarto after closure,paper4_deep_cleanup_manifest_2026-05-18.csv; Paper 4 Quarto chapters; v467-v478 curated export artifacts
reports/paper_material/paper4/tables/paper4_v242_post_repair_one_swap_summary.csv,table_csv,242,delete,generated Paper 4 loop artifact retired; not read by Quarto after closure,paper4_deep_cleanup_manifest_2026-05-18.csv; Paper 4 Quarto chapters; v467-v478 curated export artifacts
reports/paper_material/paper4/tables/paper4_v242_post_repair_one_swap_top_candidates.csv,table_csv,242,delete,generated Paper 4 loop artifact retired; not read by Quarto after closure,paper4_deep_cleanup_manifest_2026-05-18.csv; Paper 4 Quarto chapters; v467-v478 curated export artifacts
reports/paper_material/paper4/tables/paper4_v243_claim_blockers.csv,table_csv,243,delete,generated Paper 4 loop artifact retired; not read by Quarto after closure,paper4_deep_cleanup_manifest_2026-05-18.csv; Paper 4 Quarto chapters; v467-v478 curated export artifacts
reports/paper_material/paper4/tables/paper4_v243_claim_matrix_delta.csv,table_csv,243,delete,generated Paper 4 loop artifact retired; not read by Quarto after closure,paper4_deep_cleanup_manifest_2026-05-18.csv; Paper 4 Quarto chapters; v467-v478 curated export artifacts
reports/paper_material/paper4/tables/paper4_v243_next_one_swap_repair_action.csv,table_csv,243,delete,generated Paper 4 loop artifact retired; not read by Quarto after closure,paper4_deep_cleanup_manifest_2026-05-18.csv; Paper 4 Quarto chapters; v467-v478 curated export artifacts
reports/paper_material/paper4/tables/paper4_v243_next_one_swap_repair_source_summary.csv,table_csv,243,delete,generated Paper 4 loop artifact retired; not read by Quarto after closure,paper4_deep_cleanup_manifest_2026-05-18.csv; Paper 4 Quarto chapters; v467-v478 curated export artifacts
reports/paper_material/paper4/tables/paper4_v243_next_one_swap_repair_summary.csv,table_csv,243,delete,generated Paper 4 loop artifact retired; not read by Quarto after closure,paper4_deep_cleanup_manifest_2026-05-18.csv; Paper 4 Quarto chapters; v467-v478 curated export artifacts
reports/paper_material/paper4/tables/paper4_v244_claim_blockers.csv,table_csv,244,delete,generated Paper 4 loop artifact retired; not read by Quarto after closure,paper4_deep_cleanup_manifest_2026-05-18.csv; Paper 4 Quarto chapters; v467-v478 curated export artifacts
reports/paper_material/paper4/tables/paper4_v244_claim_matrix_delta.csv,table_csv,244,delete,generated Paper 4 loop artifact retired; not read by Quarto after closure,paper4_deep_cleanup_manifest_2026-05-18.csv; Paper 4 Quarto chapters; v467-v478 curated export artifacts
reports/paper_material/paper4/tables/paper4_v244_post_repair_one_swap_reprice.csv,table_csv,244,delete,generated Paper 4 loop artifact retired; not read by Quarto after closure,paper4_deep_cleanup_manifest_2026-05-18.csv; Paper 4 Quarto chapters; v467-v478 curated export artifacts
reports/paper_material/paper4/tables/paper4_v244_post_repair_one_swap_stage_summary.csv,table_csv,244,delete,generated Paper 4 loop artifact retired; not read by Quarto after closure,paper4_deep_cleanup_manifest_2026-05-18.csv; Paper 4 Quarto chapters; v467-v478 curated export artifacts
reports/paper_material/paper4/tables/paper4_v244_post_repair_one_swap_summary.csv,table_csv,244,delete,generated Paper 4 loop artifact retired; not read by Quarto after closure,paper4_deep_cleanup_manifest_2026-05-18.csv; Paper 4 Quarto chapters; v467-v478 curated export artifacts
reports/paper_material/paper4/tables/paper4_v244_post_repair_one_swap_top_candidates.csv,table_csv,244,delete,generated Paper 4 loop artifact retired; not read by Quarto after closure,paper4_deep_cleanup_manifest_2026-05-18.csv; Paper 4 Quarto chapters; v467-v478 curated export artifacts
reports/paper_material/paper4/tables/paper4_v245_claim_blockers.csv,table_csv,245,delete,generated Paper 4 loop artifact retired; not read by Quarto after closure,paper4_deep_cleanup_manifest_2026-05-18.csv; Paper 4 Quarto chapters; v467-v478 curated export artifacts
reports/paper_material/paper4/tables/paper4_v245_claim_matrix_delta.csv,table_csv,245,delete,generated Paper 4 loop artifact retired; not read by Quarto after closure,paper4_deep_cleanup_manifest_2026-05-18.csv; Paper 4 Quarto chapters; v467-v478 curated export artifacts
reports/paper_material/paper4/tables/paper4_v245_next_one_swap_repair_action.csv,table_csv,245,delete,generated Paper 4 loop artifact retired; not read by Quarto after closure,paper4_deep_cleanup_manifest_2026-05-18.csv; Paper 4 Quarto chapters; v467-v478 curated export artifacts
reports/paper_material/paper4/tables/paper4_v245_next_one_swap_repair_source_summary.csv,table_csv,245,delete,generated Paper 4 loop artifact retired; not read by Quarto after closure,paper4_deep_cleanup_manifest_2026-05-18.csv; Paper 4 Quarto chapters; v467-v478 curated export artifacts
reports/paper_material/paper4/tables/paper4_v245_next_one_swap_repair_summary.csv,table_csv,245,delete,generated Paper 4 loop artifact retired; not read by Quarto after closure,paper4_deep_cleanup_manifest_2026-05-18.csv; Paper 4 Quarto chapters; v467-v478 curated export artifacts
reports/paper_material/paper4/tables/paper4_v246_claim_blockers.csv,table_csv,246,delete,generated Paper 4 loop artifact retired; not read by Quarto after closure,paper4_deep_cleanup_manifest_2026-05-18.csv; Paper 4 Quarto chapters; v467-v478 curated export artifacts
reports/paper_material/paper4/tables/paper4_v246_claim_matrix_delta.csv,table_csv,246,delete,generated Paper 4 loop artifact retired; not read by Quarto after closure,paper4_deep_cleanup_manifest_2026-05-18.csv; Paper 4 Quarto chapters; v467-v478 curated export artifacts
reports/paper_material/paper4/tables/paper4_v246_post_repair_one_swap_reprice.csv,table_csv,246,delete,generated Paper 4 loop artifact retired; not read by Quarto after closure,paper4_deep_cleanup_manifest_2026-05-18.csv; Paper 4 Quarto chapters; v467-v478 curated export artifacts
reports/paper_material/paper4/tables/paper4_v246_post_repair_one_swap_stage_summary.csv,table_csv,246,delete,generated Paper 4 loop artifact retired; not read by Quarto after closure,paper4_deep_cleanup_manifest_2026-05-18.csv; Paper 4 Quarto chapters; v467-v478 curated export artifacts
reports/paper_material/paper4/tables/paper4_v246_post_repair_one_swap_summary.csv,table_csv,246,delete,generated Paper 4 loop artifact retired; not read by Quarto after closure,paper4_deep_cleanup_manifest_2026-05-18.csv; Paper 4 Quarto chapters; v467-v478 curated export artifacts
reports/paper_material/paper4/tables/paper4_v246_post_repair_one_swap_top_candidates.csv,table_csv,246,delete,generated Paper 4 loop artifact retired; not read by Quarto after closure,paper4_deep_cleanup_manifest_2026-05-18.csv; Paper 4 Quarto chapters; v467-v478 curated export artifacts
reports/paper_material/paper4/tables/paper4_v247_claim_blockers.csv,table_csv,247,delete,generated Paper 4 loop artifact retired; not read by Quarto after closure,paper4_deep_cleanup_manifest_2026-05-18.csv; Paper 4 Quarto chapters; v467-v478 curated export artifacts
reports/paper_material/paper4/tables/paper4_v247_claim_matrix_delta.csv,table_csv,247,delete,generated Paper 4 loop artifact retired; not read by Quarto after closure,paper4_deep_cleanup_manifest_2026-05-18.csv; Paper 4 Quarto chapters; v467-v478 curated export artifacts
reports/paper_material/paper4/tables/paper4_v247_one_swap_loop_synthesis.csv,table_csv,247,delete,generated Paper 4 loop artifact retired; not read by Quarto after closure,paper4_deep_cleanup_manifest_2026-05-18.csv; Paper 4 Quarto chapters; v467-v478 curated export artifacts
reports/paper_material/paper4/tables/paper4_v247_one_swap_loop_trajectory.csv,table_csv,247,delete,generated Paper 4 loop artifact retired; not read by Quarto after closure,paper4_deep_cleanup_manifest_2026-05-18.csv; Paper 4 Quarto chapters; v467-v478 curated export artifacts
reports/paper_material/paper4/tables/paper4_v248_bounded_two_swap_candidates.csv,table_csv,248,delete,generated Paper 4 loop artifact retired; not read by Quarto after closure,paper4_deep_cleanup_manifest_2026-05-18.csv; Paper 4 Quarto chapters; v467-v478 curated export artifacts
reports/paper_material/paper4/tables/paper4_v248_bounded_two_swap_primary_frontier.csv,table_csv,248,delete,generated Paper 4 loop artifact retired; not read by Quarto after closure,paper4_deep_cleanup_manifest_2026-05-18.csv; Paper 4 Quarto chapters; v467-v478 curated export artifacts
reports/paper_material/paper4/tables/paper4_v248_bounded_two_swap_stage_summary.csv,table_csv,248,delete,generated Paper 4 loop artifact retired; not read by Quarto after closure,paper4_deep_cleanup_manifest_2026-05-18.csv; Paper 4 Quarto chapters; v467-v478 curated export artifacts
reports/paper_material/paper4/tables/paper4_v248_bounded_two_swap_summary.csv,table_csv,248,delete,generated Paper 4 loop artifact retired; not read by Quarto after closure,paper4_deep_cleanup_manifest_2026-05-18.csv; Paper 4 Quarto chapters; v467-v478 curated export artifacts
reports/paper_material/paper4/tables/paper4_v248_bounded_two_swap_top_candidates.csv,table_csv,248,delete,generated Paper 4 loop artifact retired; not read by Quarto after closure,paper4_deep_cleanup_manifest_2026-05-18.csv; Paper 4 Quarto chapters; v467-v478 curated export artifacts
reports/paper_material/paper4/tables/paper4_v248_claim_blockers.csv,table_csv,248,delete,generated Paper 4 loop artifact retired; not read by Quarto after closure,paper4_deep_cleanup_manifest_2026-05-18.csv; Paper 4 Quarto chapters; v467-v478 curated export artifacts
reports/paper_material/paper4/tables/paper4_v248_claim_matrix_delta.csv,table_csv,248,delete,generated Paper 4 loop artifact retired; not read by Quarto after closure,paper4_deep_cleanup_manifest_2026-05-18.csv; Paper 4 Quarto chapters; v467-v478 curated export artifacts
reports/paper_material/paper4/tables/paper4_v249_bounded_two_swap_repair_action.csv,table_csv,249,delete,generated Paper 4 loop artifact retired; not read by Quarto after closure,paper4_deep_cleanup_manifest_2026-05-18.csv; Paper 4 Quarto chapters; v467-v478 curated export artifacts
reports/paper_material/paper4/tables/paper4_v249_bounded_two_swap_repair_source_summary.csv,table_csv,249,delete,generated Paper 4 loop artifact retired; not read by Quarto after closure,paper4_deep_cleanup_manifest_2026-05-18.csv; Paper 4 Quarto chapters; v467-v478 curated export artifacts
reports/paper_material/paper4/tables/paper4_v249_bounded_two_swap_repair_summary.csv,table_csv,249,delete,generated Paper 4 loop artifact retired; not read by Quarto after closure,paper4_deep_cleanup_manifest_2026-05-18.csv; Paper 4 Quarto chapters; v467-v478 curated export artifacts
reports/paper_material/paper4/tables/paper4_v249_claim_blockers.csv,table_csv,249,delete,generated Paper 4 loop artifact retired; not read by Quarto after closure,paper4_deep_cleanup_manifest_2026-05-18.csv; Paper 4 Quarto chapters; v467-v478 curated export artifacts
reports/paper_material/paper4/tables/paper4_v249_claim_matrix_delta.csv,table_csv,249,delete,generated Paper 4 loop artifact retired; not read by Quarto after closure,paper4_deep_cleanup_manifest_2026-05-18.csv; Paper 4 Quarto chapters; v467-v478 curated export artifacts
reports/paper_material/paper4/tables/paper4_v250_claim_blockers.csv,table_csv,250,delete,generated Paper 4 loop artifact retired; not read by Quarto after closure,paper4_deep_cleanup_manifest_2026-05-18.csv; Paper 4 Quarto chapters; v467-v478 curated export artifacts
reports/paper_material/paper4/tables/paper4_v250_claim_matrix_delta.csv,table_csv,250,delete,generated Paper 4 loop artifact retired; not read by Quarto after closure,paper4_deep_cleanup_manifest_2026-05-18.csv; Paper 4 Quarto chapters; v467-v478 curated export artifacts
reports/paper_material/paper4/tables/paper4_v250_post_bounded_two_swap_one_swap_reprice.csv,table_csv,250,delete,generated Paper 4 loop artifact retired; not read by Quarto after closure,paper4_deep_cleanup_manifest_2026-05-18.csv; Paper 4 Quarto chapters; v467-v478 curated export artifacts
reports/paper_material/paper4/tables/paper4_v250_post_bounded_two_swap_one_swap_stage_summary.csv,table_csv,250,delete,generated Paper 4 loop artifact retired; not read by Quarto after closure,paper4_deep_cleanup_manifest_2026-05-18.csv; Paper 4 Quarto chapters; v467-v478 curated export artifacts
reports/paper_material/paper4/tables/paper4_v250_post_bounded_two_swap_one_swap_summary.csv,table_csv,250,delete,generated Paper 4 loop artifact retired; not read by Quarto after closure,paper4_deep_cleanup_manifest_2026-05-18.csv; Paper 4 Quarto chapters; v467-v478 curated export artifacts
reports/paper_material/paper4/tables/paper4_v250_post_bounded_two_swap_one_swap_top_candidates.csv,table_csv,250,delete,generated Paper 4 loop artifact retired; not read by Quarto after closure,paper4_deep_cleanup_manifest_2026-05-18.csv; Paper 4 Quarto chapters; v467-v478 curated export artifacts
reports/paper_material/paper4/tables/paper4_v251_claim_blockers.csv,table_csv,251,delete,generated Paper 4 loop artifact retired; not read by Quarto after closure,paper4_deep_cleanup_manifest_2026-05-18.csv; Paper 4 Quarto chapters; v467-v478 curated export artifacts
reports/paper_material/paper4/tables/paper4_v251_claim_matrix_delta.csv,table_csv,251,delete,generated Paper 4 loop artifact retired; not read by Quarto after closure,paper4_deep_cleanup_manifest_2026-05-18.csv; Paper 4 Quarto chapters; v467-v478 curated export artifacts
reports/paper_material/paper4/tables/paper4_v251_next_one_swap_repair_action.csv,table_csv,251,delete,generated Paper 4 loop artifact retired; not read by Quarto after closure,paper4_deep_cleanup_manifest_2026-05-18.csv; Paper 4 Quarto chapters; v467-v478 curated export artifacts
reports/paper_material/paper4/tables/paper4_v251_next_one_swap_repair_source_summary.csv,table_csv,251,delete,generated Paper 4 loop artifact retired; not read by Quarto after closure,paper4_deep_cleanup_manifest_2026-05-18.csv; Paper 4 Quarto chapters; v467-v478 curated export artifacts
reports/paper_material/paper4/tables/paper4_v251_next_one_swap_repair_summary.csv,table_csv,251,delete,generated Paper 4 loop artifact retired; not read by Quarto after closure,paper4_deep_cleanup_manifest_2026-05-18.csv; Paper 4 Quarto chapters; v467-v478 curated export artifacts
reports/paper_material/paper4/tables/paper4_v252_claim_blockers.csv,table_csv,252,delete,generated Paper 4 loop artifact retired; not read by Quarto after closure,paper4_deep_cleanup_manifest_2026-05-18.csv; Paper 4 Quarto chapters; v467-v478 curated export artifacts
reports/paper_material/paper4/tables/paper4_v252_claim_matrix_delta.csv,table_csv,252,delete,generated Paper 4 loop artifact retired; not read by Quarto after closure,paper4_deep_cleanup_manifest_2026-05-18.csv; Paper 4 Quarto chapters; v467-v478 curated export artifacts
reports/paper_material/paper4/tables/paper4_v252_post_repair_one_swap_reprice.csv,table_csv,252,delete,generated Paper 4 loop artifact retired; not read by Quarto after closure,paper4_deep_cleanup_manifest_2026-05-18.csv; Paper 4 Quarto chapters; v467-v478 curated export artifacts
reports/paper_material/paper4/tables/paper4_v252_post_repair_one_swap_stage_summary.csv,table_csv,252,delete,generated Paper 4 loop artifact retired; not read by Quarto after closure,paper4_deep_cleanup_manifest_2026-05-18.csv; Paper 4 Quarto chapters; v467-v478 curated export artifacts
reports/paper_material/paper4/tables/paper4_v252_post_repair_one_swap_summary.csv,table_csv,252,delete,generated Paper 4 loop artifact retired; not read by Quarto after closure,paper4_deep_cleanup_manifest_2026-05-18.csv; Paper 4 Quarto chapters; v467-v478 curated export artifacts
reports/paper_material/paper4/tables/paper4_v252_post_repair_one_swap_top_candidates.csv,table_csv,252,delete,generated Paper 4 loop artifact retired; not read by Quarto after closure,paper4_deep_cleanup_manifest_2026-05-18.csv; Paper 4 Quarto chapters; v467-v478 curated export artifacts
reports/paper_material/paper4/tables/paper4_v253_claim_blockers.csv,table_csv,253,delete,generated Paper 4 loop artifact retired; not read by Quarto after closure,paper4_deep_cleanup_manifest_2026-05-18.csv; Paper 4 Quarto chapters; v467-v478 curated export artifacts
reports/paper_material/paper4/tables/paper4_v253_claim_matrix_delta.csv,table_csv,253,delete,generated Paper 4 loop artifact retired; not read by Quarto after closure,paper4_deep_cleanup_manifest_2026-05-18.csv; Paper 4 Quarto chapters; v467-v478 curated export artifacts
reports/paper_material/paper4/tables/paper4_v253_next_one_swap_repair_action.csv,table_csv,253,delete,generated Paper 4 loop artifact retired; not read by Quarto after closure,paper4_deep_cleanup_manifest_2026-05-18.csv; Paper 4 Quarto chapters; v467-v478 curated export artifacts
reports/paper_material/paper4/tables/paper4_v253_next_one_swap_repair_source_summary.csv,table_csv,253,delete,generated Paper 4 loop artifact retired; not read by Quarto after closure,paper4_deep_cleanup_manifest_2026-05-18.csv; Paper 4 Quarto chapters; v467-v478 curated export artifacts
reports/paper_material/paper4/tables/paper4_v253_next_one_swap_repair_summary.csv,table_csv,253,delete,generated Paper 4 loop artifact retired; not read by Quarto after closure,paper4_deep_cleanup_manifest_2026-05-18.csv; Paper 4 Quarto chapters; v467-v478 curated export artifacts
reports/paper_material/paper4/tables/paper4_v254_claim_blockers.csv,table_csv,254,delete,generated Paper 4 loop artifact retired; not read by Quarto after closure,paper4_deep_cleanup_manifest_2026-05-18.csv; Paper 4 Quarto chapters; v467-v478 curated export artifacts
reports/paper_material/paper4/tables/paper4_v254_claim_matrix_delta.csv,table_csv,254,delete,generated Paper 4 loop artifact retired; not read by Quarto after closure,paper4_deep_cleanup_manifest_2026-05-18.csv; Paper 4 Quarto chapters; v467-v478 curated export artifacts
reports/paper_material/paper4/tables/paper4_v254_post_repair_one_swap_reprice.csv,table_csv,254,delete,generated Paper 4 loop artifact retired; not read by Quarto after closure,paper4_deep_cleanup_manifest_2026-05-18.csv; Paper 4 Quarto chapters; v467-v478 curated export artifacts
reports/paper_material/paper4/tables/paper4_v254_post_repair_one_swap_stage_summary.csv,table_csv,254,delete,generated Paper 4 loop artifact retired; not read by Quarto after closure,paper4_deep_cleanup_manifest_2026-05-18.csv; Paper 4 Quarto chapters; v467-v478 curated export artifacts
reports/paper_material/paper4/tables/paper4_v254_post_repair_one_swap_summary.csv,table_csv,254,delete,generated Paper 4 loop artifact retired; not read by Quarto after closure,paper4_deep_cleanup_manifest_2026-05-18.csv; Paper 4 Quarto chapters; v467-v478 curated export artifacts
reports/paper_material/paper4/tables/paper4_v254_post_repair_one_swap_top_candidates.csv,table_csv,254,delete,generated Paper 4 loop artifact retired; not read by Quarto after closure,paper4_deep_cleanup_manifest_2026-05-18.csv; Paper 4 Quarto chapters; v467-v478 curated export artifacts
reports/paper_material/paper4/tables/paper4_v255_claim_blockers.csv,table_csv,255,delete,generated Paper 4 loop artifact retired; not read by Quarto after closure,paper4_deep_cleanup_manifest_2026-05-18.csv; Paper 4 Quarto chapters; v467-v478 curated export artifacts
reports/paper_material/paper4/tables/paper4_v255_claim_matrix_delta.csv,table_csv,255,delete,generated Paper 4 loop artifact retired; not read by Quarto after closure,paper4_deep_cleanup_manifest_2026-05-18.csv; Paper 4 Quarto chapters; v467-v478 curated export artifacts
reports/paper_material/paper4/tables/paper4_v255_next_one_swap_repair_action.csv,table_csv,255,delete,generated Paper 4 loop artifact retired; not read by Quarto after closure,paper4_deep_cleanup_manifest_2026-05-18.csv; Paper 4 Quarto chapters; v467-v478 curated export artifacts
reports/paper_material/paper4/tables/paper4_v255_next_one_swap_repair_source_summary.csv,table_csv,255,delete,generated Paper 4 loop artifact retired; not read by Quarto after closure,paper4_deep_cleanup_manifest_2026-05-18.csv; Paper 4 Quarto chapters; v467-v478 curated export artifacts
reports/paper_material/paper4/tables/paper4_v255_next_one_swap_repair_summary.csv,table_csv,255,delete,generated Paper 4 loop artifact retired; not read by Quarto after closure,paper4_deep_cleanup_manifest_2026-05-18.csv; Paper 4 Quarto chapters; v467-v478 curated export artifacts
reports/paper_material/paper4/tables/paper4_v256_claim_blockers.csv,table_csv,256,delete,generated Paper 4 loop artifact retired; not read by Quarto after closure,paper4_deep_cleanup_manifest_2026-05-18.csv; Paper 4 Quarto chapters; v467-v478 curated export artifacts
reports/paper_material/paper4/tables/paper4_v256_claim_matrix_delta.csv,table_csv,256,delete,generated Paper 4 loop artifact retired; not read by Quarto after closure,paper4_deep_cleanup_manifest_2026-05-18.csv; Paper 4 Quarto chapters; v467-v478 curated export artifacts
reports/paper_material/paper4/tables/paper4_v256_post_repair_one_swap_reprice.csv,table_csv,256,delete,generated Paper 4 loop artifact retired; not read by Quarto after closure,paper4_deep_cleanup_manifest_2026-05-18.csv; Paper 4 Quarto chapters; v467-v478 curated export artifacts
reports/paper_material/paper4/tables/paper4_v256_post_repair_one_swap_stage_summary.csv,table_csv,256,delete,generated Paper 4 loop artifact retired; not read by Quarto after closure,paper4_deep_cleanup_manifest_2026-05-18.csv; Paper 4 Quarto chapters; v467-v478 curated export artifacts
reports/paper_material/paper4/tables/paper4_v256_post_repair_one_swap_summary.csv,table_csv,256,delete,generated Paper 4 loop artifact retired; not read by Quarto after closure,paper4_deep_cleanup_manifest_2026-05-18.csv; Paper 4 Quarto chapters; v467-v478 curated export artifacts
reports/paper_material/paper4/tables/paper4_v256_post_repair_one_swap_top_candidates.csv,table_csv,256,delete,generated Paper 4 loop artifact retired; not read by Quarto after closure,paper4_deep_cleanup_manifest_2026-05-18.csv; Paper 4 Quarto chapters; v467-v478 curated export artifacts
reports/paper_material/paper4/tables/paper4_v257_bounded_two_swap_candidates.csv,table_csv,257,delete,generated Paper 4 loop artifact retired; not read by Quarto after closure,paper4_deep_cleanup_manifest_2026-05-18.csv; Paper 4 Quarto chapters; v467-v478 curated export artifacts
reports/paper_material/paper4/tables/paper4_v257_bounded_two_swap_primary_frontier.csv,table_csv,257,delete,generated Paper 4 loop artifact retired; not read by Quarto after closure,paper4_deep_cleanup_manifest_2026-05-18.csv; Paper 4 Quarto chapters; v467-v478 curated export artifacts
reports/paper_material/paper4/tables/paper4_v257_bounded_two_swap_stage_summary.csv,table_csv,257,delete,generated Paper 4 loop artifact retired; not read by Quarto after closure,paper4_deep_cleanup_manifest_2026-05-18.csv; Paper 4 Quarto chapters; v467-v478 curated export artifacts
reports/paper_material/paper4/tables/paper4_v257_bounded_two_swap_summary.csv,table_csv,257,delete,generated Paper 4 loop artifact retired; not read by Quarto after closure,paper4_deep_cleanup_manifest_2026-05-18.csv; Paper 4 Quarto chapters; v467-v478 curated export artifacts
reports/paper_material/paper4/tables/paper4_v257_bounded_two_swap_top_candidates.csv,table_csv,257,delete,generated Paper 4 loop artifact retired; not read by Quarto after closure,paper4_deep_cleanup_manifest_2026-05-18.csv; Paper 4 Quarto chapters; v467-v478 curated export artifacts
reports/paper_material/paper4/tables/paper4_v257_claim_blockers.csv,table_csv,257,delete,generated Paper 4 loop artifact retired; not read by Quarto after closure,paper4_deep_cleanup_manifest_2026-05-18.csv; Paper 4 Quarto chapters; v467-v478 curated export artifacts
reports/paper_material/paper4/tables/paper4_v257_claim_matrix_delta.csv,table_csv,257,delete,generated Paper 4 loop artifact retired; not read by Quarto after closure,paper4_deep_cleanup_manifest_2026-05-18.csv; Paper 4 Quarto chapters; v467-v478 curated export artifacts
reports/paper_material/paper4/tables/paper4_v258_bounded_two_swap_repair_action.csv,table_csv,258,delete,generated Paper 4 loop artifact retired; not read by Quarto after closure,paper4_deep_cleanup_manifest_2026-05-18.csv; Paper 4 Quarto chapters; v467-v478 curated export artifacts
reports/paper_material/paper4/tables/paper4_v258_bounded_two_swap_repair_source_summary.csv,table_csv,258,delete,generated Paper 4 loop artifact retired; not read by Quarto after closure,paper4_deep_cleanup_manifest_2026-05-18.csv; Paper 4 Quarto chapters; v467-v478 curated export artifacts
reports/paper_material/paper4/tables/paper4_v258_bounded_two_swap_repair_summary.csv,table_csv,258,delete,generated Paper 4 loop artifact retired; not read by Quarto after closure,paper4_deep_cleanup_manifest_2026-05-18.csv; Paper 4 Quarto chapters; v467-v478 curated export artifacts
reports/paper_material/paper4/tables/paper4_v258_claim_blockers.csv,table_csv,258,delete,generated Paper 4 loop artifact retired; not read by Quarto after closure,paper4_deep_cleanup_manifest_2026-05-18.csv; Paper 4 Quarto chapters; v467-v478 curated export artifacts
reports/paper_material/paper4/tables/paper4_v258_claim_matrix_delta.csv,table_csv,258,delete,generated Paper 4 loop artifact retired; not read by Quarto after closure,paper4_deep_cleanup_manifest_2026-05-18.csv; Paper 4 Quarto chapters; v467-v478 curated export artifacts
reports/paper_material/paper4/tables/paper4_v259_claim_blockers.csv,table_csv,259,delete,generated Paper 4 loop artifact retired; not read by Quarto after closure,paper4_deep_cleanup_manifest_2026-05-18.csv; Paper 4 Quarto chapters; v467-v478 curated export artifacts
reports/paper_material/paper4/tables/paper4_v259_claim_matrix_delta.csv,table_csv,259,delete,generated Paper 4 loop artifact retired; not read by Quarto after closure,paper4_deep_cleanup_manifest_2026-05-18.csv; Paper 4 Quarto chapters; v467-v478 curated export artifacts
reports/paper_material/paper4/tables/paper4_v259_post_bounded_two_swap_one_swap_reprice.csv,table_csv,259,delete,generated Paper 4 loop artifact retired; not read by Quarto after closure,paper4_deep_cleanup_manifest_2026-05-18.csv; Paper 4 Quarto chapters; v467-v478 curated export artifacts
reports/paper_material/paper4/tables/paper4_v259_post_bounded_two_swap_one_swap_stage_summary.csv,table_csv,259,delete,generated Paper 4 loop artifact retired; not read by Quarto after closure,paper4_deep_cleanup_manifest_2026-05-18.csv; Paper 4 Quarto chapters; v467-v478 curated export artifacts
reports/paper_material/paper4/tables/paper4_v259_post_bounded_two_swap_one_swap_summary.csv,table_csv,259,delete,generated Paper 4 loop artifact retired; not read by Quarto after closure,paper4_deep_cleanup_manifest_2026-05-18.csv; Paper 4 Quarto chapters; v467-v478 curated export artifacts
reports/paper_material/paper4/tables/paper4_v259_post_bounded_two_swap_one_swap_top_candidates.csv,table_csv,259,delete,generated Paper 4 loop artifact retired; not read by Quarto after closure,paper4_deep_cleanup_manifest_2026-05-18.csv; Paper 4 Quarto chapters; v467-v478 curated export artifacts
reports/paper_material/paper4/tables/paper4_v260_claim_blockers.csv,table_csv,260,delete,generated Paper 4 loop artifact retired; not read by Quarto after closure,paper4_deep_cleanup_manifest_2026-05-18.csv; Paper 4 Quarto chapters; v467-v478 curated export artifacts
reports/paper_material/paper4/tables/paper4_v260_claim_matrix_delta.csv,table_csv,260,delete,generated Paper 4 loop artifact retired; not read by Quarto after closure,paper4_deep_cleanup_manifest_2026-05-18.csv; Paper 4 Quarto chapters; v467-v478 curated export artifacts
reports/paper_material/paper4/tables/paper4_v260_next_one_swap_repair_action.csv,table_csv,260,delete,generated Paper 4 loop artifact retired; not read by Quarto after closure,paper4_deep_cleanup_manifest_2026-05-18.csv; Paper 4 Quarto chapters; v467-v478 curated export artifacts
reports/paper_material/paper4/tables/paper4_v260_next_one_swap_repair_source_summary.csv,table_csv,260,delete,generated Paper 4 loop artifact retired; not read by Quarto after closure,paper4_deep_cleanup_manifest_2026-05-18.csv; Paper 4 Quarto chapters; v467-v478 curated export artifacts
reports/paper_material/paper4/tables/paper4_v260_next_one_swap_repair_summary.csv,table_csv,260,delete,generated Paper 4 loop artifact retired; not read by Quarto after closure,paper4_deep_cleanup_manifest_2026-05-18.csv; Paper 4 Quarto chapters; v467-v478 curated export artifacts
reports/paper_material/paper4/tables/paper4_v261_claim_blockers.csv,table_csv,261,delete,generated Paper 4 loop artifact retired; not read by Quarto after closure,paper4_deep_cleanup_manifest_2026-05-18.csv; Paper 4 Quarto chapters; v467-v478 curated export artifacts
reports/paper_material/paper4/tables/paper4_v261_claim_matrix_delta.csv,table_csv,261,delete,generated Paper 4 loop artifact retired; not read by Quarto after closure,paper4_deep_cleanup_manifest_2026-05-18.csv; Paper 4 Quarto chapters; v467-v478 curated export artifacts
reports/paper_material/paper4/tables/paper4_v261_post_repair_one_swap_reprice.csv,table_csv,261,delete,generated Paper 4 loop artifact retired; not read by Quarto after closure,paper4_deep_cleanup_manifest_2026-05-18.csv; Paper 4 Quarto chapters; v467-v478 curated export artifacts
reports/paper_material/paper4/tables/paper4_v261_post_repair_one_swap_stage_summary.csv,table_csv,261,delete,generated Paper 4 loop artifact retired; not read by Quarto after closure,paper4_deep_cleanup_manifest_2026-05-18.csv; Paper 4 Quarto chapters; v467-v478 curated export artifacts
reports/paper_material/paper4/tables/paper4_v261_post_repair_one_swap_summary.csv,table_csv,261,delete,generated Paper 4 loop artifact retired; not read by Quarto after closure,paper4_deep_cleanup_manifest_2026-05-18.csv; Paper 4 Quarto chapters; v467-v478 curated export artifacts
reports/paper_material/paper4/tables/paper4_v261_post_repair_one_swap_top_candidates.csv,table_csv,261,delete,generated Paper 4 loop artifact retired; not read by Quarto after closure,paper4_deep_cleanup_manifest_2026-05-18.csv; Paper 4 Quarto chapters; v467-v478 curated export artifacts
reports/paper_material/paper4/tables/paper4_v262_bounded_two_swap_candidates.csv,table_csv,262,delete,generated Paper 4 loop artifact retired; not read by Quarto after closure,paper4_deep_cleanup_manifest_2026-05-18.csv; Paper 4 Quarto chapters; v467-v478 curated export artifacts
reports/paper_material/paper4/tables/paper4_v262_bounded_two_swap_primary_frontier.csv,table_csv,262,delete,generated Paper 4 loop artifact retired; not read by Quarto after closure,paper4_deep_cleanup_manifest_2026-05-18.csv; Paper 4 Quarto chapters; v467-v478 curated export artifacts
reports/paper_material/paper4/tables/paper4_v262_bounded_two_swap_stage_summary.csv,table_csv,262,delete,generated Paper 4 loop artifact retired; not read by Quarto after closure,paper4_deep_cleanup_manifest_2026-05-18.csv; Paper 4 Quarto chapters; v467-v478 curated export artifacts
reports/paper_material/paper4/tables/paper4_v262_bounded_two_swap_summary.csv,table_csv,262,delete,generated Paper 4 loop artifact retired; not read by Quarto after closure,paper4_deep_cleanup_manifest_2026-05-18.csv; Paper 4 Quarto chapters; v467-v478 curated export artifacts
reports/paper_material/paper4/tables/paper4_v262_bounded_two_swap_top_candidates.csv,table_csv,262,delete,generated Paper 4 loop artifact retired; not read by Quarto after closure,paper4_deep_cleanup_manifest_2026-05-18.csv; Paper 4 Quarto chapters; v467-v478 curated export artifacts
reports/paper_material/paper4/tables/paper4_v262_claim_blockers.csv,table_csv,262,delete,generated Paper 4 loop artifact retired; not read by Quarto after closure,paper4_deep_cleanup_manifest_2026-05-18.csv; Paper 4 Quarto chapters; v467-v478 curated export artifacts
reports/paper_material/paper4/tables/paper4_v262_claim_matrix_delta.csv,table_csv,262,delete,generated Paper 4 loop artifact retired; not read by Quarto after closure,paper4_deep_cleanup_manifest_2026-05-18.csv; Paper 4 Quarto chapters; v467-v478 curated export artifacts
reports/paper_material/paper4/tables/paper4_v263_bounded_two_swap_repair_action.csv,table_csv,263,delete,generated Paper 4 loop artifact retired; not read by Quarto after closure,paper4_deep_cleanup_manifest_2026-05-18.csv; Paper 4 Quarto chapters; v467-v478 curated export artifacts
reports/paper_material/paper4/tables/paper4_v263_bounded_two_swap_repair_source_summary.csv,table_csv,263,delete,generated Paper 4 loop artifact retired; not read by Quarto after closure,paper4_deep_cleanup_manifest_2026-05-18.csv; Paper 4 Quarto chapters; v467-v478 curated export artifacts
reports/paper_material/paper4/tables/paper4_v263_bounded_two_swap_repair_summary.csv,table_csv,263,delete,generated Paper 4 loop artifact retired; not read by Quarto after closure,paper4_deep_cleanup_manifest_2026-05-18.csv; Paper 4 Quarto chapters; v467-v478 curated export artifacts
reports/paper_material/paper4/tables/paper4_v263_claim_blockers.csv,table_csv,263,delete,generated Paper 4 loop artifact retired; not read by Quarto after closure,paper4_deep_cleanup_manifest_2026-05-18.csv; Paper 4 Quarto chapters; v467-v478 curated export artifacts
reports/paper_material/paper4/tables/paper4_v263_claim_matrix_delta.csv,table_csv,263,delete,generated Paper 4 loop artifact retired; not read by Quarto after closure,paper4_deep_cleanup_manifest_2026-05-18.csv; Paper 4 Quarto chapters; v467-v478 curated export artifacts
reports/paper_material/paper4/tables/paper4_v264_claim_blockers.csv,table_csv,264,delete,generated Paper 4 loop artifact retired; not read by Quarto after closure,paper4_deep_cleanup_manifest_2026-05-18.csv; Paper 4 Quarto chapters; v467-v478 curated export artifacts
reports/paper_material/paper4/tables/paper4_v264_claim_matrix_delta.csv,table_csv,264,delete,generated Paper 4 loop artifact retired; not read by Quarto after closure,paper4_deep_cleanup_manifest_2026-05-18.csv; Paper 4 Quarto chapters; v467-v478 curated export artifacts
reports/paper_material/paper4/tables/paper4_v264_post_bounded_two_swap_one_swap_reprice.csv,table_csv,264,delete,generated Paper 4 loop artifact retired; not read by Quarto after closure,paper4_deep_cleanup_manifest_2026-05-18.csv; Paper 4 Quarto chapters; v467-v478 curated export artifacts
reports/paper_material/paper4/tables/paper4_v264_post_bounded_two_swap_one_swap_stage_summary.csv,table_csv,264,delete,generated Paper 4 loop artifact retired; not read by Quarto after closure,paper4_deep_cleanup_manifest_2026-05-18.csv; Paper 4 Quarto chapters; v467-v478 curated export artifacts
reports/paper_material/paper4/tables/paper4_v264_post_bounded_two_swap_one_swap_summary.csv,table_csv,264,delete,generated Paper 4 loop artifact retired; not read by Quarto after closure,paper4_deep_cleanup_manifest_2026-05-18.csv; Paper 4 Quarto chapters; v467-v478 curated export artifacts
reports/paper_material/paper4/tables/paper4_v264_post_bounded_two_swap_one_swap_top_candidates.csv,table_csv,264,delete,generated Paper 4 loop artifact retired; not read by Quarto after closure,paper4_deep_cleanup_manifest_2026-05-18.csv; Paper 4 Quarto chapters; v467-v478 curated export artifacts
reports/paper_material/paper4/tables/paper4_v265_bounded_two_swap_candidates.csv,table_csv,265,delete,generated Paper 4 loop artifact retired; not read by Quarto after closure,paper4_deep_cleanup_manifest_2026-05-18.csv; Paper 4 Quarto chapters; v467-v478 curated export artifacts
reports/paper_material/paper4/tables/paper4_v265_bounded_two_swap_primary_frontier.csv,table_csv,265,delete,generated Paper 4 loop artifact retired; not read by Quarto after closure,paper4_deep_cleanup_manifest_2026-05-18.csv; Paper 4 Quarto chapters; v467-v478 curated export artifacts
reports/paper_material/paper4/tables/paper4_v265_bounded_two_swap_stage_summary.csv,table_csv,265,delete,generated Paper 4 loop artifact retired; not read by Quarto after closure,paper4_deep_cleanup_manifest_2026-05-18.csv; Paper 4 Quarto chapters; v467-v478 curated export artifacts
reports/paper_material/paper4/tables/paper4_v265_bounded_two_swap_summary.csv,table_csv,265,delete,generated Paper 4 loop artifact retired; not read by Quarto after closure,paper4_deep_cleanup_manifest_2026-05-18.csv; Paper 4 Quarto chapters; v467-v478 curated export artifacts
reports/paper_material/paper4/tables/paper4_v265_bounded_two_swap_top_candidates.csv,table_csv,265,delete,generated Paper 4 loop artifact retired; not read by Quarto after closure,paper4_deep_cleanup_manifest_2026-05-18.csv; Paper 4 Quarto chapters; v467-v478 curated export artifacts
reports/paper_material/paper4/tables/paper4_v265_claim_blockers.csv,table_csv,265,delete,generated Paper 4 loop artifact retired; not read by Quarto after closure,paper4_deep_cleanup_manifest_2026-05-18.csv; Paper 4 Quarto chapters; v467-v478 curated export artifacts
reports/paper_material/paper4/tables/paper4_v265_claim_matrix_delta.csv,table_csv,265,delete,generated Paper 4 loop artifact retired; not read by Quarto after closure,paper4_deep_cleanup_manifest_2026-05-18.csv; Paper 4 Quarto chapters; v467-v478 curated export artifacts
reports/paper_material/paper4/tables/paper4_v266_bounded_two_swap_repair_action.csv,table_csv,266,delete,generated Paper 4 loop artifact retired; not read by Quarto after closure,paper4_deep_cleanup_manifest_2026-05-18.csv; Paper 4 Quarto chapters; v467-v478 curated export artifacts
reports/paper_material/paper4/tables/paper4_v266_bounded_two_swap_repair_source_summary.csv,table_csv,266,delete,generated Paper 4 loop artifact retired; not read by Quarto after closure,paper4_deep_cleanup_manifest_2026-05-18.csv; Paper 4 Quarto chapters; v467-v478 curated export artifacts
reports/paper_material/paper4/tables/paper4_v266_bounded_two_swap_repair_summary.csv,table_csv,266,delete,generated Paper 4 loop artifact retired; not read by Quarto after closure,paper4_deep_cleanup_manifest_2026-05-18.csv; Paper 4 Quarto chapters; v467-v478 curated export artifacts
reports/paper_material/paper4/tables/paper4_v266_claim_blockers.csv,table_csv,266,delete,generated Paper 4 loop artifact retired; not read by Quarto after closure,paper4_deep_cleanup_manifest_2026-05-18.csv; Paper 4 Quarto chapters; v467-v478 curated export artifacts
reports/paper_material/paper4/tables/paper4_v266_claim_matrix_delta.csv,table_csv,266,delete,generated Paper 4 loop artifact retired; not read by Quarto after closure,paper4_deep_cleanup_manifest_2026-05-18.csv; Paper 4 Quarto chapters; v467-v478 curated export artifacts
reports/paper_material/paper4/tables/paper4_v267_claim_blockers.csv,table_csv,267,delete,generated Paper 4 loop artifact retired; not read by Quarto after closure,paper4_deep_cleanup_manifest_2026-05-18.csv; Paper 4 Quarto chapters; v467-v478 curated export artifacts
reports/paper_material/paper4/tables/paper4_v267_claim_matrix_delta.csv,table_csv,267,delete,generated Paper 4 loop artifact retired; not read by Quarto after closure,paper4_deep_cleanup_manifest_2026-05-18.csv; Paper 4 Quarto chapters; v467-v478 curated export artifacts
reports/paper_material/paper4/tables/paper4_v267_post_bounded_two_swap_one_swap_reprice.csv,table_csv,267,delete,generated Paper 4 loop artifact retired; not read by Quarto after closure,paper4_deep_cleanup_manifest_2026-05-18.csv; Paper 4 Quarto chapters; v467-v478 curated export artifacts
reports/paper_material/paper4/tables/paper4_v267_post_bounded_two_swap_one_swap_stage_summary.csv,table_csv,267,delete,generated Paper 4 loop artifact retired; not read by Quarto after closure,paper4_deep_cleanup_manifest_2026-05-18.csv; Paper 4 Quarto chapters; v467-v478 curated export artifacts
reports/paper_material/paper4/tables/paper4_v267_post_bounded_two_swap_one_swap_summary.csv,table_csv,267,delete,generated Paper 4 loop artifact retired; not read by Quarto after closure,paper4_deep_cleanup_manifest_2026-05-18.csv; Paper 4 Quarto chapters; v467-v478 curated export artifacts
reports/paper_material/paper4/tables/paper4_v267_post_bounded_two_swap_one_swap_top_candidates.csv,table_csv,267,delete,generated Paper 4 loop artifact retired; not read by Quarto after closure,paper4_deep_cleanup_manifest_2026-05-18.csv; Paper 4 Quarto chapters; v467-v478 curated export artifacts
reports/paper_material/paper4/tables/paper4_v268_bounded_two_swap_candidates.csv,table_csv,268,delete,generated Paper 4 loop artifact retired; not read by Quarto after closure,paper4_deep_cleanup_manifest_2026-05-18.csv; Paper 4 Quarto chapters; v467-v478 curated export artifacts
reports/paper_material/paper4/tables/paper4_v268_bounded_two_swap_primary_frontier.csv,table_csv,268,delete,generated Paper 4 loop artifact retired; not read by Quarto after closure,paper4_deep_cleanup_manifest_2026-05-18.csv; Paper 4 Quarto chapters; v467-v478 curated export artifacts
reports/paper_material/paper4/tables/paper4_v268_bounded_two_swap_stage_summary.csv,table_csv,268,delete,generated Paper 4 loop artifact retired; not read by Quarto after closure,paper4_deep_cleanup_manifest_2026-05-18.csv; Paper 4 Quarto chapters; v467-v478 curated export artifacts
reports/paper_material/paper4/tables/paper4_v268_bounded_two_swap_summary.csv,table_csv,268,delete,generated Paper 4 loop artifact retired; not read by Quarto after closure,paper4_deep_cleanup_manifest_2026-05-18.csv; Paper 4 Quarto chapters; v467-v478 curated export artifacts
reports/paper_material/paper4/tables/paper4_v268_bounded_two_swap_top_candidates.csv,table_csv,268,delete,generated Paper 4 loop artifact retired; not read by Quarto after closure,paper4_deep_cleanup_manifest_2026-05-18.csv; Paper 4 Quarto chapters; v467-v478 curated export artifacts
reports/paper_material/paper4/tables/paper4_v268_claim_blockers.csv,table_csv,268,delete,generated Paper 4 loop artifact retired; not read by Quarto after closure,paper4_deep_cleanup_manifest_2026-05-18.csv; Paper 4 Quarto chapters; v467-v478 curated export artifacts
reports/paper_material/paper4/tables/paper4_v268_claim_matrix_delta.csv,table_csv,268,delete,generated Paper 4 loop artifact retired; not read by Quarto after closure,paper4_deep_cleanup_manifest_2026-05-18.csv; Paper 4 Quarto chapters; v467-v478 curated export artifacts
reports/paper_material/paper4/tables/paper4_v269_claim_blockers.csv,table_csv,269,delete,generated Paper 4 loop artifact retired; not read by Quarto after closure,paper4_deep_cleanup_manifest_2026-05-18.csv; Paper 4 Quarto chapters; v467-v478 curated export artifacts
reports/paper_material/paper4/tables/paper4_v269_claim_matrix_delta.csv,table_csv,269,delete,generated Paper 4 loop artifact retired; not read by Quarto after closure,paper4_deep_cleanup_manifest_2026-05-18.csv; Paper 4 Quarto chapters; v467-v478 curated export artifacts
reports/paper_material/paper4/tables/paper4_v269_restricted_pool_milp_constraints.csv,table_csv,269,delete,generated Paper 4 loop artifact retired; not read by Quarto after closure,paper4_deep_cleanup_manifest_2026-05-18.csv; Paper 4 Quarto chapters; v467-v478 curated export artifacts
reports/paper_material/paper4/tables/paper4_v269_restricted_pool_milp_source_summary.csv,table_csv,269,delete,generated Paper 4 loop artifact retired; not read by Quarto after closure,paper4_deep_cleanup_manifest_2026-05-18.csv; Paper 4 Quarto chapters; v467-v478 curated export artifacts
reports/paper_material/paper4/tables/paper4_v269_restricted_pool_milp_summary.csv,table_csv,269,delete,generated Paper 4 loop artifact retired; not read by Quarto after closure,paper4_deep_cleanup_manifest_2026-05-18.csv; Paper 4 Quarto chapters; v467-v478 curated export artifacts
reports/paper_material/paper4/tables/paper4_v270_claim_blockers.csv,table_csv,270,delete,generated Paper 4 loop artifact retired; not read by Quarto after closure,paper4_deep_cleanup_manifest_2026-05-18.csv; Paper 4 Quarto chapters; v467-v478 curated export artifacts
reports/paper_material/paper4/tables/paper4_v270_claim_matrix_delta.csv,table_csv,270,delete,generated Paper 4 loop artifact retired; not read by Quarto after closure,paper4_deep_cleanup_manifest_2026-05-18.csv; Paper 4 Quarto chapters; v467-v478 curated export artifacts
reports/paper_material/paper4/tables/paper4_v270_restricted_pool_milp_repair_action.csv,table_csv,270,delete,generated Paper 4 loop artifact retired; not read by Quarto after closure,paper4_deep_cleanup_manifest_2026-05-18.csv; Paper 4 Quarto chapters; v467-v478 curated export artifacts
reports/paper_material/paper4/tables/paper4_v270_restricted_pool_milp_repair_source_summary.csv,table_csv,270,delete,generated Paper 4 loop artifact retired; not read by Quarto after closure,paper4_deep_cleanup_manifest_2026-05-18.csv; Paper 4 Quarto chapters; v467-v478 curated export artifacts
reports/paper_material/paper4/tables/paper4_v270_restricted_pool_milp_repair_summary.csv,table_csv,270,delete,generated Paper 4 loop artifact retired; not read by Quarto after closure,paper4_deep_cleanup_manifest_2026-05-18.csv; Paper 4 Quarto chapters; v467-v478 curated export artifacts
reports/paper_material/paper4/tables/paper4_v271_claim_blockers.csv,table_csv,271,delete,generated Paper 4 loop artifact retired; not read by Quarto after closure,paper4_deep_cleanup_manifest_2026-05-18.csv; Paper 4 Quarto chapters; v467-v478 curated export artifacts
reports/paper_material/paper4/tables/paper4_v271_claim_matrix_delta.csv,table_csv,271,delete,generated Paper 4 loop artifact retired; not read by Quarto after closure,paper4_deep_cleanup_manifest_2026-05-18.csv; Paper 4 Quarto chapters; v467-v478 curated export artifacts
reports/paper_material/paper4/tables/paper4_v271_post_restricted_pool_milp_one_swap_reprice.csv,table_csv,271,delete,generated Paper 4 loop artifact retired; not read by Quarto after closure,paper4_deep_cleanup_manifest_2026-05-18.csv; Paper 4 Quarto chapters; v467-v478 curated export artifacts
reports/paper_material/paper4/tables/paper4_v271_post_restricted_pool_milp_one_swap_stage_summary.csv,table_csv,271,delete,generated Paper 4 loop artifact retired; not read by Quarto after closure,paper4_deep_cleanup_manifest_2026-05-18.csv; Paper 4 Quarto chapters; v467-v478 curated export artifacts
reports/paper_material/paper4/tables/paper4_v271_post_restricted_pool_milp_one_swap_summary.csv,table_csv,271,delete,generated Paper 4 loop artifact retired; not read by Quarto after closure,paper4_deep_cleanup_manifest_2026-05-18.csv; Paper 4 Quarto chapters; v467-v478 curated export artifacts
reports/paper_material/paper4/tables/paper4_v271_post_restricted_pool_milp_one_swap_top_candidates.csv,table_csv,271,delete,generated Paper 4 loop artifact retired; not read by Quarto after closure,paper4_deep_cleanup_manifest_2026-05-18.csv; Paper 4 Quarto chapters; v467-v478 curated export artifacts
reports/paper_material/paper4/tables/paper4_v272_claim_blockers.csv,table_csv,272,delete,generated Paper 4 loop artifact retired; not read by Quarto after closure,paper4_deep_cleanup_manifest_2026-05-18.csv; Paper 4 Quarto chapters; v467-v478 curated export artifacts
reports/paper_material/paper4/tables/paper4_v272_claim_matrix_delta.csv,table_csv,272,delete,generated Paper 4 loop artifact retired; not read by Quarto after closure,paper4_deep_cleanup_manifest_2026-05-18.csv; Paper 4 Quarto chapters; v467-v478 curated export artifacts
reports/paper_material/paper4/tables/paper4_v272_restricted_pool_milp_constraints.csv,table_csv,272,delete,generated Paper 4 loop artifact retired; not read by Quarto after closure,paper4_deep_cleanup_manifest_2026-05-18.csv; Paper 4 Quarto chapters; v467-v478 curated export artifacts
reports/paper_material/paper4/tables/paper4_v272_restricted_pool_milp_source_summary.csv,table_csv,272,delete,generated Paper 4 loop artifact retired; not read by Quarto after closure,paper4_deep_cleanup_manifest_2026-05-18.csv; Paper 4 Quarto chapters; v467-v478 curated export artifacts
reports/paper_material/paper4/tables/paper4_v272_restricted_pool_milp_summary.csv,table_csv,272,delete,generated Paper 4 loop artifact retired; not read by Quarto after closure,paper4_deep_cleanup_manifest_2026-05-18.csv; Paper 4 Quarto chapters; v467-v478 curated export artifacts
reports/paper_material/paper4/tables/paper4_v273_claim_blockers.csv,table_csv,273,delete,generated Paper 4 loop artifact retired; not read by Quarto after closure,paper4_deep_cleanup_manifest_2026-05-18.csv; Paper 4 Quarto chapters; v467-v478 curated export artifacts
reports/paper_material/paper4/tables/paper4_v273_claim_matrix_delta.csv,table_csv,273,delete,generated Paper 4 loop artifact retired; not read by Quarto after closure,paper4_deep_cleanup_manifest_2026-05-18.csv; Paper 4 Quarto chapters; v467-v478 curated export artifacts
reports/paper_material/paper4/tables/paper4_v273_restricted_pool_milp_repair_action.csv,table_csv,273,delete,generated Paper 4 loop artifact retired; not read by Quarto after closure,paper4_deep_cleanup_manifest_2026-05-18.csv; Paper 4 Quarto chapters; v467-v478 curated export artifacts
reports/paper_material/paper4/tables/paper4_v273_restricted_pool_milp_repair_source_summary.csv,table_csv,273,delete,generated Paper 4 loop artifact retired; not read by Quarto after closure,paper4_deep_cleanup_manifest_2026-05-18.csv; Paper 4 Quarto chapters; v467-v478 curated export artifacts
reports/paper_material/paper4/tables/paper4_v273_restricted_pool_milp_repair_summary.csv,table_csv,273,delete,generated Paper 4 loop artifact retired; not read by Quarto after closure,paper4_deep_cleanup_manifest_2026-05-18.csv; Paper 4 Quarto chapters; v467-v478 curated export artifacts
reports/paper_material/paper4/tables/paper4_v274_claim_blockers.csv,table_csv,274,delete,generated Paper 4 loop artifact retired; not read by Quarto after closure,paper4_deep_cleanup_manifest_2026-05-18.csv; Paper 4 Quarto chapters; v467-v478 curated export artifacts
reports/paper_material/paper4/tables/paper4_v274_claim_matrix_delta.csv,table_csv,274,delete,generated Paper 4 loop artifact retired; not read by Quarto after closure,paper4_deep_cleanup_manifest_2026-05-18.csv; Paper 4 Quarto chapters; v467-v478 curated export artifacts
reports/paper_material/paper4/tables/paper4_v274_post_restricted_pool_milp_one_swap_reprice.csv,table_csv,274,delete,generated Paper 4 loop artifact retired; not read by Quarto after closure,paper4_deep_cleanup_manifest_2026-05-18.csv; Paper 4 Quarto chapters; v467-v478 curated export artifacts
reports/paper_material/paper4/tables/paper4_v274_post_restricted_pool_milp_one_swap_stage_summary.csv,table_csv,274,delete,generated Paper 4 loop artifact retired; not read by Quarto after closure,paper4_deep_cleanup_manifest_2026-05-18.csv; Paper 4 Quarto chapters; v467-v478 curated export artifacts
reports/paper_material/paper4/tables/paper4_v274_post_restricted_pool_milp_one_swap_summary.csv,table_csv,274,delete,generated Paper 4 loop artifact retired; not read by Quarto after closure,paper4_deep_cleanup_manifest_2026-05-18.csv; Paper 4 Quarto chapters; v467-v478 curated export artifacts
reports/paper_material/paper4/tables/paper4_v274_post_restricted_pool_milp_one_swap_top_candidates.csv,table_csv,274,delete,generated Paper 4 loop artifact retired; not read by Quarto after closure,paper4_deep_cleanup_manifest_2026-05-18.csv; Paper 4 Quarto chapters; v467-v478 curated export artifacts
reports/paper_material/paper4/tables/paper4_v275_claim_blockers.csv,table_csv,275,delete,generated Paper 4 loop artifact retired; not read by Quarto after closure,paper4_deep_cleanup_manifest_2026-05-18.csv; Paper 4 Quarto chapters; v467-v478 curated export artifacts
reports/paper_material/paper4/tables/paper4_v275_claim_matrix_delta.csv,table_csv,275,delete,generated Paper 4 loop artifact retired; not read by Quarto after closure,paper4_deep_cleanup_manifest_2026-05-18.csv; Paper 4 Quarto chapters; v467-v478 curated export artifacts
reports/paper_material/paper4/tables/paper4_v275_restricted_pool_milp_constraints.csv,table_csv,275,delete,generated Paper 4 loop artifact retired; not read by Quarto after closure,paper4_deep_cleanup_manifest_2026-05-18.csv; Paper 4 Quarto chapters; v467-v478 curated export artifacts
reports/paper_material/paper4/tables/paper4_v275_restricted_pool_milp_source_summary.csv,table_csv,275,delete,generated Paper 4 loop artifact retired; not read by Quarto after closure,paper4_deep_cleanup_manifest_2026-05-18.csv; Paper 4 Quarto chapters; v467-v478 curated export artifacts
reports/paper_material/paper4/tables/paper4_v275_restricted_pool_milp_summary.csv,table_csv,275,delete,generated Paper 4 loop artifact retired; not read by Quarto after closure,paper4_deep_cleanup_manifest_2026-05-18.csv; Paper 4 Quarto chapters; v467-v478 curated export artifacts
reports/paper_material/paper4/tables/paper4_v276_claim_blockers.csv,table_csv,276,delete,generated Paper 4 loop artifact retired; not read by Quarto after closure,paper4_deep_cleanup_manifest_2026-05-18.csv; Paper 4 Quarto chapters; v467-v478 curated export artifacts
reports/paper_material/paper4/tables/paper4_v276_claim_matrix_delta.csv,table_csv,276,delete,generated Paper 4 loop artifact retired; not read by Quarto after closure,paper4_deep_cleanup_manifest_2026-05-18.csv; Paper 4 Quarto chapters; v467-v478 curated export artifacts
reports/paper_material/paper4/tables/paper4_v276_restricted_pool_milp_repair_action.csv,table_csv,276,delete,generated Paper 4 loop artifact retired; not read by Quarto after closure,paper4_deep_cleanup_manifest_2026-05-18.csv; Paper 4 Quarto chapters; v467-v478 curated export artifacts
reports/paper_material/paper4/tables/paper4_v276_restricted_pool_milp_repair_source_summary.csv,table_csv,276,delete,generated Paper 4 loop artifact retired; not read by Quarto after closure,paper4_deep_cleanup_manifest_2026-05-18.csv; Paper 4 Quarto chapters; v467-v478 curated export artifacts
reports/paper_material/paper4/tables/paper4_v276_restricted_pool_milp_repair_summary.csv,table_csv,276,delete,generated Paper 4 loop artifact retired; not read by Quarto after closure,paper4_deep_cleanup_manifest_2026-05-18.csv; Paper 4 Quarto chapters; v467-v478 curated export artifacts
reports/paper_material/paper4/tables/paper4_v277_claim_blockers.csv,table_csv,277,delete,generated Paper 4 loop artifact retired; not read by Quarto after closure,paper4_deep_cleanup_manifest_2026-05-18.csv; Paper 4 Quarto chapters; v467-v478 curated export artifacts
reports/paper_material/paper4/tables/paper4_v277_claim_matrix_delta.csv,table_csv,277,delete,generated Paper 4 loop artifact retired; not read by Quarto after closure,paper4_deep_cleanup_manifest_2026-05-18.csv; Paper 4 Quarto chapters; v467-v478 curated export artifacts
reports/paper_material/paper4/tables/paper4_v277_post_restricted_pool_milp_one_swap_reprice.csv,table_csv,277,delete,generated Paper 4 loop artifact retired; not read by Quarto after closure,paper4_deep_cleanup_manifest_2026-05-18.csv; Paper 4 Quarto chapters; v467-v478 curated export artifacts
reports/paper_material/paper4/tables/paper4_v277_post_restricted_pool_milp_one_swap_stage_summary.csv,table_csv,277,delete,generated Paper 4 loop artifact retired; not read by Quarto after closure,paper4_deep_cleanup_manifest_2026-05-18.csv; Paper 4 Quarto chapters; v467-v478 curated export artifacts
reports/paper_material/paper4/tables/paper4_v277_post_restricted_pool_milp_one_swap_summary.csv,table_csv,277,delete,generated Paper 4 loop artifact retired; not read by Quarto after closure,paper4_deep_cleanup_manifest_2026-05-18.csv; Paper 4 Quarto chapters; v467-v478 curated export artifacts
reports/paper_material/paper4/tables/paper4_v277_post_restricted_pool_milp_one_swap_top_candidates.csv,table_csv,277,delete,generated Paper 4 loop artifact retired; not read by Quarto after closure,paper4_deep_cleanup_manifest_2026-05-18.csv; Paper 4 Quarto chapters; v467-v478 curated export artifacts
reports/paper_material/paper4/tables/paper4_v278_claim_blockers.csv,table_csv,278,delete,generated Paper 4 loop artifact retired; not read by Quarto after closure,paper4_deep_cleanup_manifest_2026-05-18.csv; Paper 4 Quarto chapters; v467-v478 curated export artifacts
reports/paper_material/paper4/tables/paper4_v278_claim_matrix_delta.csv,table_csv,278,delete,generated Paper 4 loop artifact retired; not read by Quarto after closure,paper4_deep_cleanup_manifest_2026-05-18.csv; Paper 4 Quarto chapters; v467-v478 curated export artifacts
reports/paper_material/paper4/tables/paper4_v278_restricted_pool_milp_constraints.csv,table_csv,278,delete,generated Paper 4 loop artifact retired; not read by Quarto after closure,paper4_deep_cleanup_manifest_2026-05-18.csv; Paper 4 Quarto chapters; v467-v478 curated export artifacts
reports/paper_material/paper4/tables/paper4_v278_restricted_pool_milp_source_summary.csv,table_csv,278,delete,generated Paper 4 loop artifact retired; not read by Quarto after closure,paper4_deep_cleanup_manifest_2026-05-18.csv; Paper 4 Quarto chapters; v467-v478 curated export artifacts
reports/paper_material/paper4/tables/paper4_v278_restricted_pool_milp_summary.csv,table_csv,278,delete,generated Paper 4 loop artifact retired; not read by Quarto after closure,paper4_deep_cleanup_manifest_2026-05-18.csv; Paper 4 Quarto chapters; v467-v478 curated export artifacts
reports/paper_material/paper4/tables/paper4_v279_claim_blockers.csv,table_csv,279,delete,generated Paper 4 loop artifact retired; not read by Quarto after closure,paper4_deep_cleanup_manifest_2026-05-18.csv; Paper 4 Quarto chapters; v467-v478 curated export artifacts
reports/paper_material/paper4/tables/paper4_v279_claim_matrix_delta.csv,table_csv,279,delete,generated Paper 4 loop artifact retired; not read by Quarto after closure,paper4_deep_cleanup_manifest_2026-05-18.csv; Paper 4 Quarto chapters; v467-v478 curated export artifacts
reports/paper_material/paper4/tables/paper4_v279_restricted_pool_milp_repair_action.csv,table_csv,279,delete,generated Paper 4 loop artifact retired; not read by Quarto after closure,paper4_deep_cleanup_manifest_2026-05-18.csv; Paper 4 Quarto chapters; v467-v478 curated export artifacts
reports/paper_material/paper4/tables/paper4_v279_restricted_pool_milp_repair_source_summary.csv,table_csv,279,delete,generated Paper 4 loop artifact retired; not read by Quarto after closure,paper4_deep_cleanup_manifest_2026-05-18.csv; Paper 4 Quarto chapters; v467-v478 curated export artifacts
reports/paper_material/paper4/tables/paper4_v279_restricted_pool_milp_repair_summary.csv,table_csv,279,delete,generated Paper 4 loop artifact retired; not read by Quarto after closure,paper4_deep_cleanup_manifest_2026-05-18.csv; Paper 4 Quarto chapters; v467-v478 curated export artifacts
reports/paper_material/paper4/tables/paper4_v280_claim_blockers.csv,table_csv,280,delete,generated Paper 4 loop artifact retired; not read by Quarto after closure,paper4_deep_cleanup_manifest_2026-05-18.csv; Paper 4 Quarto chapters; v467-v478 curated export artifacts
reports/paper_material/paper4/tables/paper4_v280_claim_matrix_delta.csv,table_csv,280,delete,generated Paper 4 loop artifact retired; not read by Quarto after closure,paper4_deep_cleanup_manifest_2026-05-18.csv; Paper 4 Quarto chapters; v467-v478 curated export artifacts
reports/paper_material/paper4/tables/paper4_v280_post_restricted_pool_milp_one_swap_reprice.csv,table_csv,280,delete,generated Paper 4 loop artifact retired; not read by Quarto after closure,paper4_deep_cleanup_manifest_2026-05-18.csv; Paper 4 Quarto chapters; v467-v478 curated export artifacts
reports/paper_material/paper4/tables/paper4_v280_post_restricted_pool_milp_one_swap_stage_summary.csv,table_csv,280,delete,generated Paper 4 loop artifact retired; not read by Quarto after closure,paper4_deep_cleanup_manifest_2026-05-18.csv; Paper 4 Quarto chapters; v467-v478 curated export artifacts
reports/paper_material/paper4/tables/paper4_v280_post_restricted_pool_milp_one_swap_summary.csv,table_csv,280,delete,generated Paper 4 loop artifact retired; not read by Quarto after closure,paper4_deep_cleanup_manifest_2026-05-18.csv; Paper 4 Quarto chapters; v467-v478 curated export artifacts
reports/paper_material/paper4/tables/paper4_v280_post_restricted_pool_milp_one_swap_top_candidates.csv,table_csv,280,delete,generated Paper 4 loop artifact retired; not read by Quarto after closure,paper4_deep_cleanup_manifest_2026-05-18.csv; Paper 4 Quarto chapters; v467-v478 curated export artifacts
reports/paper_material/paper4/tables/paper4_v281_claim_blockers.csv,table_csv,281,delete,generated Paper 4 loop artifact retired; not read by Quarto after closure,paper4_deep_cleanup_manifest_2026-05-18.csv; Paper 4 Quarto chapters; v467-v478 curated export artifacts
reports/paper_material/paper4/tables/paper4_v281_claim_matrix_delta.csv,table_csv,281,delete,generated Paper 4 loop artifact retired; not read by Quarto after closure,paper4_deep_cleanup_manifest_2026-05-18.csv; Paper 4 Quarto chapters; v467-v478 curated export artifacts
reports/paper_material/paper4/tables/paper4_v281_restricted_pool_milp_constraints.csv,table_csv,281,delete,generated Paper 4 loop artifact retired; not read by Quarto after closure,paper4_deep_cleanup_manifest_2026-05-18.csv; Paper 4 Quarto chapters; v467-v478 curated export artifacts
reports/paper_material/paper4/tables/paper4_v281_restricted_pool_milp_source_summary.csv,table_csv,281,delete,generated Paper 4 loop artifact retired; not read by Quarto after closure,paper4_deep_cleanup_manifest_2026-05-18.csv; Paper 4 Quarto chapters; v467-v478 curated export artifacts
reports/paper_material/paper4/tables/paper4_v281_restricted_pool_milp_summary.csv,table_csv,281,delete,generated Paper 4 loop artifact retired; not read by Quarto after closure,paper4_deep_cleanup_manifest_2026-05-18.csv; Paper 4 Quarto chapters; v467-v478 curated export artifacts
reports/paper_material/paper4/tables/paper4_v282_claim_blockers.csv,table_csv,282,delete,generated Paper 4 loop artifact retired; not read by Quarto after closure,paper4_deep_cleanup_manifest_2026-05-18.csv; Paper 4 Quarto chapters; v467-v478 curated export artifacts
reports/paper_material/paper4/tables/paper4_v282_claim_matrix_delta.csv,table_csv,282,delete,generated Paper 4 loop artifact retired; not read by Quarto after closure,paper4_deep_cleanup_manifest_2026-05-18.csv; Paper 4 Quarto chapters; v467-v478 curated export artifacts
reports/paper_material/paper4/tables/paper4_v282_full_universe_gap_certificate_protocol.csv,table_csv,282,delete,generated Paper 4 loop artifact retired; not read by Quarto after closure,paper4_deep_cleanup_manifest_2026-05-18.csv; Paper 4 Quarto chapters; v467-v478 curated export artifacts
reports/paper_material/paper4/tables/paper4_v282_gap_certificate_requirements.csv,table_csv,282,delete,generated Paper 4 loop artifact retired; not read by Quarto after closure,paper4_deep_cleanup_manifest_2026-05-18.csv; Paper 4 Quarto chapters; v467-v478 curated export artifacts
reports/paper_material/paper4/tables/paper4_v283_claim_blockers.csv,table_csv,283,delete,generated Paper 4 loop artifact retired; not read by Quarto after closure,paper4_deep_cleanup_manifest_2026-05-18.csv; Paper 4 Quarto chapters; v467-v478 curated export artifacts
reports/paper_material/paper4/tables/paper4_v283_claim_matrix_delta.csv,table_csv,283,delete,generated Paper 4 loop artifact retired; not read by Quarto after closure,paper4_deep_cleanup_manifest_2026-05-18.csv; Paper 4 Quarto chapters; v467-v478 curated export artifacts
reports/paper_material/paper4/tables/paper4_v283_full_universe_integer_bound_probe.csv,table_csv,283,delete,generated Paper 4 loop artifact retired; not read by Quarto after closure,paper4_deep_cleanup_manifest_2026-05-18.csv; Paper 4 Quarto chapters; v467-v478 curated export artifacts
reports/paper_material/paper4/tables/paper4_v283_full_universe_model_manifest.csv,table_csv,283,delete,generated Paper 4 loop artifact retired; not read by Quarto after closure,paper4_deep_cleanup_manifest_2026-05-18.csv; Paper 4 Quarto chapters; v467-v478 curated export artifacts
reports/paper_material/paper4/tables/paper4_v284_claim_blockers.csv,table_csv,284,delete,generated Paper 4 loop artifact retired; not read by Quarto after closure,paper4_deep_cleanup_manifest_2026-05-18.csv; Paper 4 Quarto chapters; v467-v478 curated export artifacts
reports/paper_material/paper4/tables/paper4_v284_claim_matrix_delta.csv,table_csv,284,delete,generated Paper 4 loop artifact retired; not read by Quarto after closure,paper4_deep_cleanup_manifest_2026-05-18.csv; Paper 4 Quarto chapters; v467-v478 curated export artifacts
reports/paper_material/paper4/tables/paper4_v284_decomposition_or_branch_price_prototype.csv,table_csv,284,delete,generated Paper 4 loop artifact retired; not read by Quarto after closure,paper4_deep_cleanup_manifest_2026-05-18.csv; Paper 4 Quarto chapters; v467-v478 curated export artifacts
reports/paper_material/paper4/tables/paper4_v284_source_tight_pricing_blocks.csv,table_csv,284,delete,generated Paper 4 loop artifact retired; not read by Quarto after closure,paper4_deep_cleanup_manifest_2026-05-18.csv; Paper 4 Quarto chapters; v467-v478 curated export artifacts
reports/paper_material/paper4/tables/paper4_v285_claim_blockers.csv,table_csv,285,delete,generated Paper 4 loop artifact retired; not read by Quarto after closure,paper4_deep_cleanup_manifest_2026-05-18.csv; Paper 4 Quarto chapters; v467-v478 curated export artifacts
reports/paper_material/paper4/tables/paper4_v285_claim_matrix_delta.csv,table_csv,285,delete,generated Paper 4 loop artifact retired; not read by Quarto after closure,paper4_deep_cleanup_manifest_2026-05-18.csv; Paper 4 Quarto chapters; v467-v478 curated export artifacts
reports/paper_material/paper4/tables/paper4_v285_source_tight_candidate_diagnostics.csv,table_csv,285,delete,generated Paper 4 loop artifact retired; not read by Quarto after closure,paper4_deep_cleanup_manifest_2026-05-18.csv; Paper 4 Quarto chapters; v467-v478 curated export artifacts
reports/paper_material/paper4/tables/paper4_v285_source_tight_pair_stage_summary.csv,table_csv,285,delete,generated Paper 4 loop artifact retired; not read by Quarto after closure,paper4_deep_cleanup_manifest_2026-05-18.csv; Paper 4 Quarto chapters; v467-v478 curated export artifacts
reports/paper_material/paper4/tables/paper4_v285_source_tight_pricing_pairs.csv,table_csv,285,delete,generated Paper 4 loop artifact retired; not read by Quarto after closure,paper4_deep_cleanup_manifest_2026-05-18.csv; Paper 4 Quarto chapters; v467-v478 curated export artifacts
reports/paper_material/paper4/tables/paper4_v285_source_tight_pricing_screen.csv,table_csv,285,delete,generated Paper 4 loop artifact retired; not read by Quarto after closure,paper4_deep_cleanup_manifest_2026-05-18.csv; Paper 4 Quarto chapters; v467-v478 curated export artifacts
reports/paper_material/paper4/tables/paper4_v286_claim_blockers.csv,table_csv,286,delete,generated Paper 4 loop artifact retired; not read by Quarto after closure,paper4_deep_cleanup_manifest_2026-05-18.csv; Paper 4 Quarto chapters; v467-v478 curated export artifacts
reports/paper_material/paper4/tables/paper4_v286_claim_matrix_delta.csv,table_csv,286,delete,generated Paper 4 loop artifact retired; not read by Quarto after closure,paper4_deep_cleanup_manifest_2026-05-18.csv; Paper 4 Quarto chapters; v467-v478 curated export artifacts
reports/paper_material/paper4/tables/paper4_v286_joint_source_relief_candidate_screen.csv,table_csv,286,delete,generated Paper 4 loop artifact retired; not read by Quarto after closure,paper4_deep_cleanup_manifest_2026-05-18.csv; Paper 4 Quarto chapters; v467-v478 curated export artifacts
reports/paper_material/paper4/tables/paper4_v286_joint_source_relief_drop_bundles.csv,table_csv,286,delete,generated Paper 4 loop artifact retired; not read by Quarto after closure,paper4_deep_cleanup_manifest_2026-05-18.csv; Paper 4 Quarto chapters; v467-v478 curated export artifacts
reports/paper_material/paper4/tables/paper4_v286_joint_source_relief_pricing_protocol.csv,table_csv,286,delete,generated Paper 4 loop artifact retired; not read by Quarto after closure,paper4_deep_cleanup_manifest_2026-05-18.csv; Paper 4 Quarto chapters; v467-v478 curated export artifacts
reports/paper_material/paper4/tables/paper4_v287_claim_blockers.csv,table_csv,287,delete,generated Paper 4 loop artifact retired; not read by Quarto after closure,paper4_deep_cleanup_manifest_2026-05-18.csv; Paper 4 Quarto chapters; v467-v478 curated export artifacts
reports/paper_material/paper4/tables/paper4_v287_claim_matrix_delta.csv,table_csv,287,delete,generated Paper 4 loop artifact retired; not read by Quarto after closure,paper4_deep_cleanup_manifest_2026-05-18.csv; Paper 4 Quarto chapters; v467-v478 curated export artifacts
reports/paper_material/paper4/tables/paper4_v287_multi_add_reinvestment_probe.csv,table_csv,287,delete,generated Paper 4 loop artifact retired; not read by Quarto after closure,paper4_deep_cleanup_manifest_2026-05-18.csv; Paper 4 Quarto chapters; v467-v478 curated export artifacts
reports/paper_material/paper4/tables/paper4_v287_reinvestment_stage_summary.csv,table_csv,287,delete,generated Paper 4 loop artifact retired; not read by Quarto after closure,paper4_deep_cleanup_manifest_2026-05-18.csv; Paper 4 Quarto chapters; v467-v478 curated export artifacts
reports/paper_material/paper4/tables/paper4_v287_reinvestment_state_screen.csv,table_csv,287,delete,generated Paper 4 loop artifact retired; not read by Quarto after closure,paper4_deep_cleanup_manifest_2026-05-18.csv; Paper 4 Quarto chapters; v467-v478 curated export artifacts
reports/paper_material/paper4/tables/paper4_v287_source_feasible_second_add_candidates.csv,table_csv,287,delete,generated Paper 4 loop artifact retired; not read by Quarto after closure,paper4_deep_cleanup_manifest_2026-05-18.csv; Paper 4 Quarto chapters; v467-v478 curated export artifacts
reports/paper_material/paper4/tables/paper4_v288_claim_blockers.csv,table_csv,288,delete,generated Paper 4 loop artifact retired; not read by Quarto after closure,paper4_deep_cleanup_manifest_2026-05-18.csv; Paper 4 Quarto chapters; v467-v478 curated export artifacts
reports/paper_material/paper4/tables/paper4_v288_claim_matrix_delta.csv,table_csv,288,delete,generated Paper 4 loop artifact retired; not read by Quarto after closure,paper4_deep_cleanup_manifest_2026-05-18.csv; Paper 4 Quarto chapters; v467-v478 curated export artifacts
reports/paper_material/paper4/tables/paper4_v288_exact_relief_candidate_screen.csv,table_csv,288,delete,generated Paper 4 loop artifact retired; not read by Quarto after closure,paper4_deep_cleanup_manifest_2026-05-18.csv; Paper 4 Quarto chapters; v467-v478 curated export artifacts
reports/paper_material/paper4/tables/paper4_v288_exact_relief_drop_bundles.csv,table_csv,288,delete,generated Paper 4 loop artifact retired; not read by Quarto after closure,paper4_deep_cleanup_manifest_2026-05-18.csv; Paper 4 Quarto chapters; v467-v478 curated export artifacts
reports/paper_material/paper4/tables/paper4_v288_full_rank_exact_relief_resource_protocol.csv,table_csv,288,delete,generated Paper 4 loop artifact retired; not read by Quarto after closure,paper4_deep_cleanup_manifest_2026-05-18.csv; Paper 4 Quarto chapters; v467-v478 curated export artifacts
reports/paper_material/paper4/tables/paper4_v289_claim_blockers.csv,table_csv,289,delete,generated Paper 4 loop artifact retired; not read by Quarto after closure,paper4_deep_cleanup_manifest_2026-05-18.csv; Paper 4 Quarto chapters; v467-v478 curated export artifacts
reports/paper_material/paper4/tables/paper4_v289_claim_matrix_delta.csv,table_csv,289,delete,generated Paper 4 loop artifact retired; not read by Quarto after closure,paper4_deep_cleanup_manifest_2026-05-18.csv; Paper 4 Quarto chapters; v467-v478 curated export artifacts
reports/paper_material/paper4/tables/paper4_v289_exact_relief_repair_action.csv,table_csv,289,delete,generated Paper 4 loop artifact retired; not read by Quarto after closure,paper4_deep_cleanup_manifest_2026-05-18.csv; Paper 4 Quarto chapters; v467-v478 curated export artifacts
reports/paper_material/paper4/tables/paper4_v289_exact_relief_repair_source_summary.csv,table_csv,289,delete,generated Paper 4 loop artifact retired; not read by Quarto after closure,paper4_deep_cleanup_manifest_2026-05-18.csv; Paper 4 Quarto chapters; v467-v478 curated export artifacts
reports/paper_material/paper4/tables/paper4_v289_exact_relief_repair_summary.csv,table_csv,289,delete,generated Paper 4 loop artifact retired; not read by Quarto after closure,paper4_deep_cleanup_manifest_2026-05-18.csv; Paper 4 Quarto chapters; v467-v478 curated export artifacts
reports/paper_material/paper4/tables/paper4_v290_claim_blockers.csv,table_csv,290,delete,generated Paper 4 loop artifact retired; not read by Quarto after closure,paper4_deep_cleanup_manifest_2026-05-18.csv; Paper 4 Quarto chapters; v467-v478 curated export artifacts
reports/paper_material/paper4/tables/paper4_v290_claim_matrix_delta.csv,table_csv,290,delete,generated Paper 4 loop artifact retired; not read by Quarto after closure,paper4_deep_cleanup_manifest_2026-05-18.csv; Paper 4 Quarto chapters; v467-v478 curated export artifacts
reports/paper_material/paper4/tables/paper4_v290_post_exact_relief_one_swap_reprice.csv,table_csv,290,delete,generated Paper 4 loop artifact retired; not read by Quarto after closure,paper4_deep_cleanup_manifest_2026-05-18.csv; Paper 4 Quarto chapters; v467-v478 curated export artifacts
reports/paper_material/paper4/tables/paper4_v290_post_exact_relief_one_swap_stage_summary.csv,table_csv,290,delete,generated Paper 4 loop artifact retired; not read by Quarto after closure,paper4_deep_cleanup_manifest_2026-05-18.csv; Paper 4 Quarto chapters; v467-v478 curated export artifacts
reports/paper_material/paper4/tables/paper4_v290_post_exact_relief_one_swap_summary.csv,table_csv,290,delete,generated Paper 4 loop artifact retired; not read by Quarto after closure,paper4_deep_cleanup_manifest_2026-05-18.csv; Paper 4 Quarto chapters; v467-v478 curated export artifacts
reports/paper_material/paper4/tables/paper4_v290_post_exact_relief_one_swap_top_candidates.csv,table_csv,290,delete,generated Paper 4 loop artifact retired; not read by Quarto after closure,paper4_deep_cleanup_manifest_2026-05-18.csv; Paper 4 Quarto chapters; v467-v478 curated export artifacts
reports/paper_material/paper4/tables/paper4_v291_add_only_candidate_diagnostics_top.csv,table_csv,291,delete,generated Paper 4 loop artifact retired; not read by Quarto after closure,paper4_deep_cleanup_manifest_2026-05-18.csv; Paper 4 Quarto chapters; v467-v478 curated export artifacts
reports/paper_material/paper4/tables/paper4_v291_add_only_source_blockers.csv,table_csv,291,delete,generated Paper 4 loop artifact retired; not read by Quarto after closure,paper4_deep_cleanup_manifest_2026-05-18.csv; Paper 4 Quarto chapters; v467-v478 curated export artifacts
reports/paper_material/paper4/tables/paper4_v291_cardinality_or_multi_swap_protocol.csv,table_csv,291,delete,generated Paper 4 loop artifact retired; not read by Quarto after closure,paper4_deep_cleanup_manifest_2026-05-18.csv; Paper 4 Quarto chapters; v467-v478 curated export artifacts
reports/paper_material/paper4/tables/paper4_v291_cardinality_restoration_stage_summary.csv,table_csv,291,delete,generated Paper 4 loop artifact retired; not read by Quarto after closure,paper4_deep_cleanup_manifest_2026-05-18.csv; Paper 4 Quarto chapters; v467-v478 curated export artifacts
reports/paper_material/paper4/tables/paper4_v291_claim_blockers.csv,table_csv,291,delete,generated Paper 4 loop artifact retired; not read by Quarto after closure,paper4_deep_cleanup_manifest_2026-05-18.csv; Paper 4 Quarto chapters; v467-v478 curated export artifacts
reports/paper_material/paper4/tables/paper4_v291_claim_matrix_delta.csv,table_csv,291,delete,generated Paper 4 loop artifact retired; not read by Quarto after closure,paper4_deep_cleanup_manifest_2026-05-18.csv; Paper 4 Quarto chapters; v467-v478 curated export artifacts
reports/paper_material/paper4/tables/paper4_v292_cardinality_aware_multi_swap_milp_protocol.csv,table_csv,292,delete,generated Paper 4 loop artifact retired; not read by Quarto after closure,paper4_deep_cleanup_manifest_2026-05-18.csv; Paper 4 Quarto chapters; v467-v478 curated export artifacts
reports/paper_material/paper4/tables/paper4_v292_cardinality_milp_action.csv,table_csv,292,delete,generated Paper 4 loop artifact retired; not read by Quarto after closure,paper4_deep_cleanup_manifest_2026-05-18.csv; Paper 4 Quarto chapters; v467-v478 curated export artifacts
reports/paper_material/paper4/tables/paper4_v292_cardinality_milp_constraint_summary.csv,table_csv,292,delete,generated Paper 4 loop artifact retired; not read by Quarto after closure,paper4_deep_cleanup_manifest_2026-05-18.csv; Paper 4 Quarto chapters; v467-v478 curated export artifacts
reports/paper_material/paper4/tables/paper4_v292_cardinality_milp_pool_summary.csv,table_csv,292,delete,generated Paper 4 loop artifact retired; not read by Quarto after closure,paper4_deep_cleanup_manifest_2026-05-18.csv; Paper 4 Quarto chapters; v467-v478 curated export artifacts
reports/paper_material/paper4/tables/paper4_v292_cardinality_milp_source_summary.csv,table_csv,292,delete,generated Paper 4 loop artifact retired; not read by Quarto after closure,paper4_deep_cleanup_manifest_2026-05-18.csv; Paper 4 Quarto chapters; v467-v478 curated export artifacts
reports/paper_material/paper4/tables/paper4_v292_claim_blockers.csv,table_csv,292,delete,generated Paper 4 loop artifact retired; not read by Quarto after closure,paper4_deep_cleanup_manifest_2026-05-18.csv; Paper 4 Quarto chapters; v467-v478 curated export artifacts
reports/paper_material/paper4/tables/paper4_v292_claim_matrix_delta.csv,table_csv,292,delete,generated Paper 4 loop artifact retired; not read by Quarto after closure,paper4_deep_cleanup_manifest_2026-05-18.csv; Paper 4 Quarto chapters; v467-v478 curated export artifacts
reports/paper_material/paper4/tables/paper4_v293_claim_blockers.csv,table_csv,293,delete,generated Paper 4 loop artifact retired; not read by Quarto after closure,paper4_deep_cleanup_manifest_2026-05-18.csv; Paper 4 Quarto chapters; v467-v478 curated export artifacts
reports/paper_material/paper4/tables/paper4_v293_claim_matrix_delta.csv,table_csv,293,delete,generated Paper 4 loop artifact retired; not read by Quarto after closure,paper4_deep_cleanup_manifest_2026-05-18.csv; Paper 4 Quarto chapters; v467-v478 curated export artifacts
reports/paper_material/paper4/tables/paper4_v293_diverse_pool_action.csv,table_csv,293,delete,generated Paper 4 loop artifact retired; not read by Quarto after closure,paper4_deep_cleanup_manifest_2026-05-18.csv; Paper 4 Quarto chapters; v467-v478 curated export artifacts
reports/paper_material/paper4/tables/paper4_v293_diverse_pool_candidate_registry.csv,table_csv,293,delete,generated Paper 4 loop artifact retired; not read by Quarto after closure,paper4_deep_cleanup_manifest_2026-05-18.csv; Paper 4 Quarto chapters; v467-v478 curated export artifacts
reports/paper_material/paper4/tables/paper4_v293_diverse_pool_constraint_summary.csv,table_csv,293,delete,generated Paper 4 loop artifact retired; not read by Quarto after closure,paper4_deep_cleanup_manifest_2026-05-18.csv; Paper 4 Quarto chapters; v467-v478 curated export artifacts
reports/paper_material/paper4/tables/paper4_v293_diverse_pool_pool_summary.csv,table_csv,293,delete,generated Paper 4 loop artifact retired; not read by Quarto after closure,paper4_deep_cleanup_manifest_2026-05-18.csv; Paper 4 Quarto chapters; v467-v478 curated export artifacts
reports/paper_material/paper4/tables/paper4_v293_diverse_pool_return_gap_probe.csv,table_csv,293,delete,generated Paper 4 loop artifact retired; not read by Quarto after closure,paper4_deep_cleanup_manifest_2026-05-18.csv; Paper 4 Quarto chapters; v467-v478 curated export artifacts
reports/paper_material/paper4/tables/paper4_v293_diverse_pool_source_summary.csv,table_csv,293,delete,generated Paper 4 loop artifact retired; not read by Quarto after closure,paper4_deep_cleanup_manifest_2026-05-18.csv; Paper 4 Quarto chapters; v467-v478 curated export artifacts
reports/paper_material/paper4/tables/paper4_v293_diverse_pool_strategy_comparison.csv,table_csv,293,delete,generated Paper 4 loop artifact retired; not read by Quarto after closure,paper4_deep_cleanup_manifest_2026-05-18.csv; Paper 4 Quarto chapters; v467-v478 curated export artifacts
reports/paper_material/paper4/tables/paper4_v293_return_gap_contributions.csv,table_csv,293,delete,generated Paper 4 loop artifact retired; not read by Quarto after closure,paper4_deep_cleanup_manifest_2026-05-18.csv; Paper 4 Quarto chapters; v467-v478 curated export artifacts
reports/paper_material/paper4/tables/paper4_v294_claim_blockers.csv,table_csv,294,delete,generated Paper 4 loop artifact retired; not read by Quarto after closure,paper4_deep_cleanup_manifest_2026-05-18.csv; Paper 4 Quarto chapters; v467-v478 curated export artifacts
reports/paper_material/paper4/tables/paper4_v294_claim_matrix_delta.csv,table_csv,294,delete,generated Paper 4 loop artifact retired; not read by Quarto after closure,paper4_deep_cleanup_manifest_2026-05-18.csv; Paper 4 Quarto chapters; v467-v478 curated export artifacts
reports/paper_material/paper4/tables/paper4_v294_post_v293_one_swap_reprice.csv,table_csv,294,delete,generated Paper 4 loop artifact retired; not read by Quarto after closure,paper4_deep_cleanup_manifest_2026-05-18.csv; Paper 4 Quarto chapters; v467-v478 curated export artifacts
reports/paper_material/paper4/tables/paper4_v294_post_v293_one_swap_stage_summary.csv,table_csv,294,delete,generated Paper 4 loop artifact retired; not read by Quarto after closure,paper4_deep_cleanup_manifest_2026-05-18.csv; Paper 4 Quarto chapters; v467-v478 curated export artifacts
reports/paper_material/paper4/tables/paper4_v294_post_v293_one_swap_summary.csv,table_csv,294,delete,generated Paper 4 loop artifact retired; not read by Quarto after closure,paper4_deep_cleanup_manifest_2026-05-18.csv; Paper 4 Quarto chapters; v467-v478 curated export artifacts
reports/paper_material/paper4/tables/paper4_v294_post_v293_one_swap_top_candidates.csv,table_csv,294,delete,generated Paper 4 loop artifact retired; not read by Quarto after closure,paper4_deep_cleanup_manifest_2026-05-18.csv; Paper 4 Quarto chapters; v467-v478 curated export artifacts
reports/paper_material/paper4/tables/paper4_v295_broader_candidate_registry.csv,table_csv,295,delete,generated Paper 4 loop artifact retired; not read by Quarto after closure,paper4_deep_cleanup_manifest_2026-05-18.csv; Paper 4 Quarto chapters; v467-v478 curated export artifacts
reports/paper_material/paper4/tables/paper4_v295_broader_constraint_summary.csv,table_csv,295,delete,generated Paper 4 loop artifact retired; not read by Quarto after closure,paper4_deep_cleanup_manifest_2026-05-18.csv; Paper 4 Quarto chapters; v467-v478 curated export artifacts
reports/paper_material/paper4/tables/paper4_v295_broader_multi_swap_action.csv,table_csv,295,delete,generated Paper 4 loop artifact retired; not read by Quarto after closure,paper4_deep_cleanup_manifest_2026-05-18.csv; Paper 4 Quarto chapters; v467-v478 curated export artifacts
reports/paper_material/paper4/tables/paper4_v295_broader_multi_swap_or_global_gap_probe.csv,table_csv,295,delete,generated Paper 4 loop artifact retired; not read by Quarto after closure,paper4_deep_cleanup_manifest_2026-05-18.csv; Paper 4 Quarto chapters; v467-v478 curated export artifacts
reports/paper_material/paper4/tables/paper4_v295_broader_pool_summary.csv,table_csv,295,delete,generated Paper 4 loop artifact retired; not read by Quarto after closure,paper4_deep_cleanup_manifest_2026-05-18.csv; Paper 4 Quarto chapters; v467-v478 curated export artifacts
reports/paper_material/paper4/tables/paper4_v295_broader_source_summary.csv,table_csv,295,delete,generated Paper 4 loop artifact retired; not read by Quarto after closure,paper4_deep_cleanup_manifest_2026-05-18.csv; Paper 4 Quarto chapters; v467-v478 curated export artifacts
reports/paper_material/paper4/tables/paper4_v295_broader_strategy_comparison.csv,table_csv,295,delete,generated Paper 4 loop artifact retired; not read by Quarto after closure,paper4_deep_cleanup_manifest_2026-05-18.csv; Paper 4 Quarto chapters; v467-v478 curated export artifacts
reports/paper_material/paper4/tables/paper4_v295_claim_blockers.csv,table_csv,295,delete,generated Paper 4 loop artifact retired; not read by Quarto after closure,paper4_deep_cleanup_manifest_2026-05-18.csv; Paper 4 Quarto chapters; v467-v478 curated export artifacts
reports/paper_material/paper4/tables/paper4_v295_claim_matrix_delta.csv,table_csv,295,delete,generated Paper 4 loop artifact retired; not read by Quarto after closure,paper4_deep_cleanup_manifest_2026-05-18.csv; Paper 4 Quarto chapters; v467-v478 curated export artifacts
reports/paper_material/paper4/tables/paper4_v295_global_gap_diagnostics.csv,table_csv,295,delete,generated Paper 4 loop artifact retired; not read by Quarto after closure,paper4_deep_cleanup_manifest_2026-05-18.csv; Paper 4 Quarto chapters; v467-v478 curated export artifacts
reports/paper_material/paper4/tables/paper4_v295_outside_pool_top_candidates.csv,table_csv,295,delete,generated Paper 4 loop artifact retired; not read by Quarto after closure,paper4_deep_cleanup_manifest_2026-05-18.csv; Paper 4 Quarto chapters; v467-v478 curated export artifacts
reports/paper_material/paper4/tables/paper4_v295_return_delta_contributions.csv,table_csv,295,delete,generated Paper 4 loop artifact retired; not read by Quarto after closure,paper4_deep_cleanup_manifest_2026-05-18.csv; Paper 4 Quarto chapters; v467-v478 curated export artifacts
reports/paper_material/paper4/tables/paper4_v296_claim_blockers.csv,table_csv,296,delete,generated Paper 4 loop artifact retired; not read by Quarto after closure,paper4_deep_cleanup_manifest_2026-05-18.csv; Paper 4 Quarto chapters; v467-v478 curated export artifacts
reports/paper_material/paper4/tables/paper4_v296_claim_matrix_delta.csv,table_csv,296,delete,generated Paper 4 loop artifact retired; not read by Quarto after closure,paper4_deep_cleanup_manifest_2026-05-18.csv; Paper 4 Quarto chapters; v467-v478 curated export artifacts
reports/paper_material/paper4/tables/paper4_v296_post_v295_one_swap_reprice.csv,table_csv,296,delete,generated Paper 4 loop artifact retired; not read by Quarto after closure,paper4_deep_cleanup_manifest_2026-05-18.csv; Paper 4 Quarto chapters; v467-v478 curated export artifacts
reports/paper_material/paper4/tables/paper4_v296_post_v295_one_swap_stage_summary.csv,table_csv,296,delete,generated Paper 4 loop artifact retired; not read by Quarto after closure,paper4_deep_cleanup_manifest_2026-05-18.csv; Paper 4 Quarto chapters; v467-v478 curated export artifacts
reports/paper_material/paper4/tables/paper4_v296_post_v295_one_swap_summary.csv,table_csv,296,delete,generated Paper 4 loop artifact retired; not read by Quarto after closure,paper4_deep_cleanup_manifest_2026-05-18.csv; Paper 4 Quarto chapters; v467-v478 curated export artifacts
reports/paper_material/paper4/tables/paper4_v296_post_v295_one_swap_top_candidates.csv,table_csv,296,delete,generated Paper 4 loop artifact retired; not read by Quarto after closure,paper4_deep_cleanup_manifest_2026-05-18.csv; Paper 4 Quarto chapters; v467-v478 curated export artifacts
reports/paper_material/paper4/tables/paper4_v297_claim_blockers.csv,table_csv,297,delete,generated Paper 4 loop artifact retired; not read by Quarto after closure,paper4_deep_cleanup_manifest_2026-05-18.csv; Paper 4 Quarto chapters; v467-v478 curated export artifacts
reports/paper_material/paper4/tables/paper4_v297_claim_matrix_delta.csv,table_csv,297,delete,generated Paper 4 loop artifact retired; not read by Quarto after closure,paper4_deep_cleanup_manifest_2026-05-18.csv; Paper 4 Quarto chapters; v467-v478 curated export artifacts
reports/paper_material/paper4/tables/paper4_v297_dynamic_proxy_summary.csv,table_csv,297,delete,generated Paper 4 loop artifact retired; not read by Quarto after closure,paper4_deep_cleanup_manifest_2026-05-18.csv; Paper 4 Quarto chapters; v467-v478 curated export artifacts
reports/paper_material/paper4/tables/paper4_v297_gate_requirements.csv,table_csv,297,delete,generated Paper 4 loop artifact retired; not read by Quarto after closure,paper4_deep_cleanup_manifest_2026-05-18.csv; Paper 4 Quarto chapters; v467-v478 curated export artifacts
reports/paper_material/paper4/tables/paper4_v297_global_dynamic_gate_summary.csv,table_csv,297,delete,generated Paper 4 loop artifact retired; not read by Quarto after closure,paper4_deep_cleanup_manifest_2026-05-18.csv; Paper 4 Quarto chapters; v467-v478 curated export artifacts
reports/paper_material/paper4/tables/paper4_v298_claim_blockers.csv,table_csv,298,delete,generated Paper 4 loop artifact retired; not read by Quarto after closure,paper4_deep_cleanup_manifest_2026-05-18.csv; Paper 4 Quarto chapters; v467-v478 curated export artifacts
reports/paper_material/paper4/tables/paper4_v298_claim_matrix_delta.csv,table_csv,298,delete,generated Paper 4 loop artifact retired; not read by Quarto after closure,paper4_deep_cleanup_manifest_2026-05-18.csv; Paper 4 Quarto chapters; v467-v478 curated export artifacts
reports/paper_material/paper4/tables/paper4_v298_ifrs9_v295_proxy_coverage.csv,table_csv,298,delete,generated Paper 4 loop artifact retired; not read by Quarto after closure,paper4_deep_cleanup_manifest_2026-05-18.csv; Paper 4 Quarto chapters; v467-v478 curated export artifacts
reports/paper_material/paper4/tables/paper4_v298_online_gate_transfer_audit.csv,table_csv,298,delete,generated Paper 4 loop artifact retired; not read by Quarto after closure,paper4_deep_cleanup_manifest_2026-05-18.csv; Paper 4 Quarto chapters; v467-v478 curated export artifacts
reports/paper_material/paper4/tables/paper4_v298_online_ifrs9_spo_dla_gate_expansion.csv,table_csv,298,delete,generated Paper 4 loop artifact retired; not read by Quarto after closure,paper4_deep_cleanup_manifest_2026-05-18.csv; Paper 4 Quarto chapters; v467-v478 curated export artifacts
reports/paper_material/paper4/tables/paper4_v298_spo_dla_claim_audit.csv,table_csv,298,delete,generated Paper 4 loop artifact retired; not read by Quarto after closure,paper4_deep_cleanup_manifest_2026-05-18.csv; Paper 4 Quarto chapters; v467-v478 curated export artifacts
reports/paper_material/paper4/tables/paper4_v299_claim_blockers.csv,table_csv,299,delete,generated Paper 4 loop artifact retired; not read by Quarto after closure,paper4_deep_cleanup_manifest_2026-05-18.csv; Paper 4 Quarto chapters; v467-v478 curated export artifacts
reports/paper_material/paper4/tables/paper4_v299_claim_matrix_delta.csv,table_csv,299,delete,generated Paper 4 loop artifact retired; not read by Quarto after closure,paper4_deep_cleanup_manifest_2026-05-18.csv; Paper 4 Quarto chapters; v467-v478 curated export artifacts
reports/paper_material/paper4/tables/paper4_v299_v295_cashflow_proxy_source_summary.csv,table_csv,299,delete,generated Paper 4 loop artifact retired; not read by Quarto after closure,paper4_deep_cleanup_manifest_2026-05-18.csv; Paper 4 Quarto chapters; v467-v478 curated export artifacts
reports/paper_material/paper4/tables/paper4_v299_v295_cashflow_proxy_summary.csv,table_csv,299,delete,generated Paper 4 loop artifact retired; not read by Quarto after closure,paper4_deep_cleanup_manifest_2026-05-18.csv; Paper 4 Quarto chapters; v467-v478 curated export artifacts
reports/paper_material/paper4/tables/paper4_v299_v295_online_temporal_cells.csv,table_csv,299,delete,generated Paper 4 loop artifact retired; not read by Quarto after closure,paper4_deep_cleanup_manifest_2026-05-18.csv; Paper 4 Quarto chapters; v467-v478 curated export artifacts
reports/paper_material/paper4/tables/paper4_v299_v295_online_temporal_summary.csv,table_csv,299,delete,generated Paper 4 loop artifact retired; not read by Quarto after closure,paper4_deep_cleanup_manifest_2026-05-18.csv; Paper 4 Quarto chapters; v467-v478 curated export artifacts
reports/paper_material/paper4/tables/paper4_v300_branch_price_requirement_register.csv,table_csv,300,delete,generated Paper 4 loop artifact retired; not read by Quarto after closure,paper4_deep_cleanup_manifest_2026-05-18.csv; Paper 4 Quarto chapters; v467-v478 curated export artifacts
reports/paper_material/paper4/tables/paper4_v300_claim_blockers.csv,table_csv,300,delete,generated Paper 4 loop artifact retired; not read by Quarto after closure,paper4_deep_cleanup_manifest_2026-05-18.csv; Paper 4 Quarto chapters; v467-v478 curated export artifacts
reports/paper_material/paper4/tables/paper4_v300_claim_matrix_delta.csv,table_csv,300,delete,generated Paper 4 loop artifact retired; not read by Quarto after closure,paper4_deep_cleanup_manifest_2026-05-18.csv; Paper 4 Quarto chapters; v467-v478 curated export artifacts
reports/paper_material/paper4/tables/paper4_v300_v295_proxy_imputation_by_source.csv,table_csv,300,delete,generated Paper 4 loop artifact retired; not read by Quarto after closure,paper4_deep_cleanup_manifest_2026-05-18.csv; Paper 4 Quarto chapters; v467-v478 curated export artifacts
reports/paper_material/paper4/tables/paper4_v300_v295_source_governance_or_branch_price_protocol.csv,table_csv,300,delete,generated Paper 4 loop artifact retired; not read by Quarto after closure,paper4_deep_cleanup_manifest_2026-05-18.csv; Paper 4 Quarto chapters; v467-v478 curated export artifacts
reports/paper_material/paper4/tables/paper4_v300_v295_source_slack_hotspots.csv,table_csv,300,delete,generated Paper 4 loop artifact retired; not read by Quarto after closure,paper4_deep_cleanup_manifest_2026-05-18.csv; Paper 4 Quarto chapters; v467-v478 curated export artifacts
reports/paper_material/paper4/tables/paper4_v301_claim_blockers.csv,table_csv,301,delete,generated Paper 4 loop artifact retired; not read by Quarto after closure,paper4_deep_cleanup_manifest_2026-05-18.csv; Paper 4 Quarto chapters; v467-v478 curated export artifacts
reports/paper_material/paper4/tables/paper4_v301_claim_matrix_delta.csv,table_csv,301,delete,generated Paper 4 loop artifact retired; not read by Quarto after closure,paper4_deep_cleanup_manifest_2026-05-18.csv; Paper 4 Quarto chapters; v467-v478 curated export artifacts
reports/paper_material/paper4/tables/paper4_v301_imputation_repair_stage_summary.csv,table_csv,301,delete,generated Paper 4 loop artifact retired; not read by Quarto after closure,paper4_deep_cleanup_manifest_2026-05-18.csv; Paper 4 Quarto chapters; v467-v478 curated export artifacts
reports/paper_material/paper4/tables/paper4_v301_observed_proxy_imputation_repair_top_candidates.csv,table_csv,301,delete,generated Paper 4 loop artifact retired; not read by Quarto after closure,paper4_deep_cleanup_manifest_2026-05-18.csv; Paper 4 Quarto chapters; v467-v478 curated export artifacts
reports/paper_material/paper4/tables/paper4_v301_repair_candidate_summary.csv,table_csv,301,delete,generated Paper 4 loop artifact retired; not read by Quarto after closure,paper4_deep_cleanup_manifest_2026-05-18.csv; Paper 4 Quarto chapters; v467-v478 curated export artifacts
reports/paper_material/paper4/tables/paper4_v301_repair_source_summary.csv,table_csv,301,delete,generated Paper 4 loop artifact retired; not read by Quarto after closure,paper4_deep_cleanup_manifest_2026-05-18.csv; Paper 4 Quarto chapters; v467-v478 curated export artifacts
reports/paper_material/paper4/tables/paper4_v301_source_tight_branch_price_pricing_or_imputation_repair.csv,table_csv,301,delete,generated Paper 4 loop artifact retired; not read by Quarto after closure,paper4_deep_cleanup_manifest_2026-05-18.csv; Paper 4 Quarto chapters; v467-v478 curated export artifacts
reports/paper_material/paper4/tables/paper4_v301_tight_source_relief_profile.csv,table_csv,301,delete,generated Paper 4 loop artifact retired; not read by Quarto after closure,paper4_deep_cleanup_manifest_2026-05-18.csv; Paper 4 Quarto chapters; v467-v478 curated export artifacts
reports/paper_material/paper4/tables/paper4_v302_apply_v301_repair_or_multi_swap_imputation_frontier.csv,table_csv,302,delete,generated Paper 4 loop artifact retired; not read by Quarto after closure,paper4_deep_cleanup_manifest_2026-05-18.csv; Paper 4 Quarto chapters; v467-v478 curated export artifacts
reports/paper_material/paper4/tables/paper4_v302_claim_blockers.csv,table_csv,302,delete,generated Paper 4 loop artifact retired; not read by Quarto after closure,paper4_deep_cleanup_manifest_2026-05-18.csv; Paper 4 Quarto chapters; v467-v478 curated export artifacts
reports/paper_material/paper4/tables/paper4_v302_claim_matrix_delta.csv,table_csv,302,delete,generated Paper 4 loop artifact retired; not read by Quarto after closure,paper4_deep_cleanup_manifest_2026-05-18.csv; Paper 4 Quarto chapters; v467-v478 curated export artifacts
reports/paper_material/paper4/tables/paper4_v302_greedy_frontier_final_source_summary.csv,table_csv,302,delete,generated Paper 4 loop artifact retired; not read by Quarto after closure,paper4_deep_cleanup_manifest_2026-05-18.csv; Paper 4 Quarto chapters; v467-v478 curated export artifacts
reports/paper_material/paper4/tables/paper4_v302_greedy_imputation_frontier.csv,table_csv,302,delete,generated Paper 4 loop artifact retired; not read by Quarto after closure,paper4_deep_cleanup_manifest_2026-05-18.csv; Paper 4 Quarto chapters; v467-v478 curated export artifacts
reports/paper_material/paper4/tables/paper4_v303_claim_blockers.csv,table_csv,303,delete,generated Paper 4 loop artifact retired; not read by Quarto after closure,paper4_deep_cleanup_manifest_2026-05-18.csv; Paper 4 Quarto chapters; v467-v478 curated export artifacts
reports/paper_material/paper4/tables/paper4_v303_claim_matrix_delta.csv,table_csv,303,delete,generated Paper 4 loop artifact retired; not read by Quarto after closure,paper4_deep_cleanup_manifest_2026-05-18.csv; Paper 4 Quarto chapters; v467-v478 curated export artifacts
reports/paper_material/paper4/tables/paper4_v303_global_or_multiobjective_frontier_after_v302.csv,table_csv,303,delete,generated Paper 4 loop artifact retired; not read by Quarto after closure,paper4_deep_cleanup_manifest_2026-05-18.csv; Paper 4 Quarto chapters; v467-v478 curated export artifacts
reports/paper_material/paper4/tables/paper4_v303_multiobjective_reward_grid.csv,table_csv,303,delete,generated Paper 4 loop artifact retired; not read by Quarto after closure,paper4_deep_cleanup_manifest_2026-05-18.csv; Paper 4 Quarto chapters; v467-v478 curated export artifacts
reports/paper_material/paper4/tables/paper4_v303_prefix_tradeoff_frontier.csv,table_csv,303,delete,generated Paper 4 loop artifact retired; not read by Quarto after closure,paper4_deep_cleanup_manifest_2026-05-18.csv; Paper 4 Quarto chapters; v467-v478 curated export artifacts
reports/paper_material/paper4/tables/paper4_v303_reward_selection_envelope.csv,table_csv,303,delete,generated Paper 4 loop artifact retired; not read by Quarto after closure,paper4_deep_cleanup_manifest_2026-05-18.csv; Paper 4 Quarto chapters; v467-v478 curated export artifacts
reports/paper_material/paper4/tables/paper4_v304_bounded_multiobjective_milp_or_global_bound_probe.csv,table_csv,304,delete,generated Paper 4 loop artifact retired; not read by Quarto after closure,paper4_deep_cleanup_manifest_2026-05-18.csv; Paper 4 Quarto chapters; v467-v478 curated export artifacts
reports/paper_material/paper4/tables/paper4_v304_bounded_pool_audit.csv,table_csv,304,delete,generated Paper 4 loop artifact retired; not read by Quarto after closure,paper4_deep_cleanup_manifest_2026-05-18.csv; Paper 4 Quarto chapters; v467-v478 curated export artifacts
reports/paper_material/paper4/tables/paper4_v304_bounded_reward_solutions.csv,table_csv,304,delete,generated Paper 4 loop artifact retired; not read by Quarto after closure,paper4_deep_cleanup_manifest_2026-05-18.csv; Paper 4 Quarto chapters; v467-v478 curated export artifacts
reports/paper_material/paper4/tables/paper4_v304_bounded_reward_source_summary.csv,table_csv,304,delete,generated Paper 4 loop artifact retired; not read by Quarto after closure,paper4_deep_cleanup_manifest_2026-05-18.csv; Paper 4 Quarto chapters; v467-v478 curated export artifacts
reports/paper_material/paper4/tables/paper4_v304_claim_blockers.csv,table_csv,304,delete,generated Paper 4 loop artifact retired; not read by Quarto after closure,paper4_deep_cleanup_manifest_2026-05-18.csv; Paper 4 Quarto chapters; v467-v478 curated export artifacts
reports/paper_material/paper4/tables/paper4_v304_claim_matrix_delta.csv,table_csv,304,delete,generated Paper 4 loop artifact retired; not read by Quarto after closure,paper4_deep_cleanup_manifest_2026-05-18.csv; Paper 4 Quarto chapters; v467-v478 curated export artifacts
reports/paper_material/paper4/tables/paper4_v305_claim_blockers.csv,table_csv,305,delete,generated Paper 4 loop artifact retired; not read by Quarto after closure,paper4_deep_cleanup_manifest_2026-05-18.csv; Paper 4 Quarto chapters; v467-v478 curated export artifacts
reports/paper_material/paper4/tables/paper4_v305_claim_matrix_delta.csv,table_csv,305,delete,generated Paper 4 loop artifact retired; not read by Quarto after closure,paper4_deep_cleanup_manifest_2026-05-18.csv; Paper 4 Quarto chapters; v467-v478 curated export artifacts
reports/paper_material/paper4/tables/paper4_v305_post_v304_one_swap_reprice.csv,table_csv,305,delete,generated Paper 4 loop artifact retired; not read by Quarto after closure,paper4_deep_cleanup_manifest_2026-05-18.csv; Paper 4 Quarto chapters; v467-v478 curated export artifacts
reports/paper_material/paper4/tables/paper4_v305_post_v304_one_swap_stage_summary.csv,table_csv,305,delete,generated Paper 4 loop artifact retired; not read by Quarto after closure,paper4_deep_cleanup_manifest_2026-05-18.csv; Paper 4 Quarto chapters; v467-v478 curated export artifacts
reports/paper_material/paper4/tables/paper4_v305_post_v304_one_swap_summary.csv,table_csv,305,delete,generated Paper 4 loop artifact retired; not read by Quarto after closure,paper4_deep_cleanup_manifest_2026-05-18.csv; Paper 4 Quarto chapters; v467-v478 curated export artifacts
reports/paper_material/paper4/tables/paper4_v305_post_v304_one_swap_top_candidates.csv,table_csv,305,delete,generated Paper 4 loop artifact retired; not read by Quarto after closure,paper4_deep_cleanup_manifest_2026-05-18.csv; Paper 4 Quarto chapters; v467-v478 curated export artifacts
reports/paper_material/paper4/tables/paper4_v306_apply_next_post_v304_swap_action.csv,table_csv,306,delete,generated Paper 4 loop artifact retired; not read by Quarto after closure,paper4_deep_cleanup_manifest_2026-05-18.csv; Paper 4 Quarto chapters; v467-v478 curated export artifacts
reports/paper_material/paper4/tables/paper4_v306_apply_next_post_v304_swap_source_summary.csv,table_csv,306,delete,generated Paper 4 loop artifact retired; not read by Quarto after closure,paper4_deep_cleanup_manifest_2026-05-18.csv; Paper 4 Quarto chapters; v467-v478 curated export artifacts
reports/paper_material/paper4/tables/paper4_v306_apply_next_post_v304_swap_summary.csv,table_csv,306,delete,generated Paper 4 loop artifact retired; not read by Quarto after closure,paper4_deep_cleanup_manifest_2026-05-18.csv; Paper 4 Quarto chapters; v467-v478 curated export artifacts
reports/paper_material/paper4/tables/paper4_v306_claim_blockers.csv,table_csv,306,delete,generated Paper 4 loop artifact retired; not read by Quarto after closure,paper4_deep_cleanup_manifest_2026-05-18.csv; Paper 4 Quarto chapters; v467-v478 curated export artifacts
reports/paper_material/paper4/tables/paper4_v306_claim_matrix_delta.csv,table_csv,306,delete,generated Paper 4 loop artifact retired; not read by Quarto after closure,paper4_deep_cleanup_manifest_2026-05-18.csv; Paper 4 Quarto chapters; v467-v478 curated export artifacts
reports/paper_material/paper4/tables/paper4_v306_proxy_coverage_delta.csv,table_csv,306,delete,generated Paper 4 loop artifact retired; not read by Quarto after closure,paper4_deep_cleanup_manifest_2026-05-18.csv; Paper 4 Quarto chapters; v467-v478 curated export artifacts
reports/paper_material/paper4/tables/paper4_v307_claim_blockers.csv,table_csv,307,delete,generated Paper 4 loop artifact retired; not read by Quarto after closure,paper4_deep_cleanup_manifest_2026-05-18.csv; Paper 4 Quarto chapters; v467-v478 curated export artifacts
reports/paper_material/paper4/tables/paper4_v307_claim_matrix_delta.csv,table_csv,307,delete,generated Paper 4 loop artifact retired; not read by Quarto after closure,paper4_deep_cleanup_manifest_2026-05-18.csv; Paper 4 Quarto chapters; v467-v478 curated export artifacts
reports/paper_material/paper4/tables/paper4_v307_post_v306_one_swap_reprice.csv,table_csv,307,delete,generated Paper 4 loop artifact retired; not read by Quarto after closure,paper4_deep_cleanup_manifest_2026-05-18.csv; Paper 4 Quarto chapters; v467-v478 curated export artifacts
reports/paper_material/paper4/tables/paper4_v307_post_v306_one_swap_stage_summary.csv,table_csv,307,delete,generated Paper 4 loop artifact retired; not read by Quarto after closure,paper4_deep_cleanup_manifest_2026-05-18.csv; Paper 4 Quarto chapters; v467-v478 curated export artifacts
reports/paper_material/paper4/tables/paper4_v307_post_v306_one_swap_summary.csv,table_csv,307,delete,generated Paper 4 loop artifact retired; not read by Quarto after closure,paper4_deep_cleanup_manifest_2026-05-18.csv; Paper 4 Quarto chapters; v467-v478 curated export artifacts
reports/paper_material/paper4/tables/paper4_v307_post_v306_one_swap_top_candidates.csv,table_csv,307,delete,generated Paper 4 loop artifact retired; not read by Quarto after closure,paper4_deep_cleanup_manifest_2026-05-18.csv; Paper 4 Quarto chapters; v467-v478 curated export artifacts
reports/paper_material/paper4/tables/paper4_v308_apply_next_post_v306_swap_action.csv,table_csv,308,delete,generated Paper 4 loop artifact retired; not read by Quarto after closure,paper4_deep_cleanup_manifest_2026-05-18.csv; Paper 4 Quarto chapters; v467-v478 curated export artifacts
reports/paper_material/paper4/tables/paper4_v308_apply_next_post_v306_swap_source_summary.csv,table_csv,308,delete,generated Paper 4 loop artifact retired; not read by Quarto after closure,paper4_deep_cleanup_manifest_2026-05-18.csv; Paper 4 Quarto chapters; v467-v478 curated export artifacts
reports/paper_material/paper4/tables/paper4_v308_apply_next_post_v306_swap_summary.csv,table_csv,308,delete,generated Paper 4 loop artifact retired; not read by Quarto after closure,paper4_deep_cleanup_manifest_2026-05-18.csv; Paper 4 Quarto chapters; v467-v478 curated export artifacts
reports/paper_material/paper4/tables/paper4_v308_claim_blockers.csv,table_csv,308,delete,generated Paper 4 loop artifact retired; not read by Quarto after closure,paper4_deep_cleanup_manifest_2026-05-18.csv; Paper 4 Quarto chapters; v467-v478 curated export artifacts
reports/paper_material/paper4/tables/paper4_v308_claim_matrix_delta.csv,table_csv,308,delete,generated Paper 4 loop artifact retired; not read by Quarto after closure,paper4_deep_cleanup_manifest_2026-05-18.csv; Paper 4 Quarto chapters; v467-v478 curated export artifacts
reports/paper_material/paper4/tables/paper4_v308_proxy_coverage_delta.csv,table_csv,308,delete,generated Paper 4 loop artifact retired; not read by Quarto after closure,paper4_deep_cleanup_manifest_2026-05-18.csv; Paper 4 Quarto chapters; v467-v478 curated export artifacts
reports/paper_material/paper4/tables/paper4_v309_claim_blockers.csv,table_csv,309,delete,generated Paper 4 loop artifact retired; not read by Quarto after closure,paper4_deep_cleanup_manifest_2026-05-18.csv; Paper 4 Quarto chapters; v467-v478 curated export artifacts
reports/paper_material/paper4/tables/paper4_v309_claim_matrix_delta.csv,table_csv,309,delete,generated Paper 4 loop artifact retired; not read by Quarto after closure,paper4_deep_cleanup_manifest_2026-05-18.csv; Paper 4 Quarto chapters; v467-v478 curated export artifacts
reports/paper_material/paper4/tables/paper4_v309_post_v308_one_swap_reprice.csv,table_csv,309,delete,generated Paper 4 loop artifact retired; not read by Quarto after closure,paper4_deep_cleanup_manifest_2026-05-18.csv; Paper 4 Quarto chapters; v467-v478 curated export artifacts
reports/paper_material/paper4/tables/paper4_v309_post_v308_one_swap_stage_summary.csv,table_csv,309,delete,generated Paper 4 loop artifact retired; not read by Quarto after closure,paper4_deep_cleanup_manifest_2026-05-18.csv; Paper 4 Quarto chapters; v467-v478 curated export artifacts
reports/paper_material/paper4/tables/paper4_v309_post_v308_one_swap_summary.csv,table_csv,309,delete,generated Paper 4 loop artifact retired; not read by Quarto after closure,paper4_deep_cleanup_manifest_2026-05-18.csv; Paper 4 Quarto chapters; v467-v478 curated export artifacts
reports/paper_material/paper4/tables/paper4_v309_post_v308_one_swap_top_candidates.csv,table_csv,309,delete,generated Paper 4 loop artifact retired; not read by Quarto after closure,paper4_deep_cleanup_manifest_2026-05-18.csv; Paper 4 Quarto chapters; v467-v478 curated export artifacts
reports/paper_material/paper4/tables/paper4_v310_apply_next_post_v308_swap_action.csv,table_csv,310,delete,generated Paper 4 loop artifact retired; not read by Quarto after closure,paper4_deep_cleanup_manifest_2026-05-18.csv; Paper 4 Quarto chapters; v467-v478 curated export artifacts
reports/paper_material/paper4/tables/paper4_v310_apply_next_post_v308_swap_source_summary.csv,table_csv,310,delete,generated Paper 4 loop artifact retired; not read by Quarto after closure,paper4_deep_cleanup_manifest_2026-05-18.csv; Paper 4 Quarto chapters; v467-v478 curated export artifacts
reports/paper_material/paper4/tables/paper4_v310_apply_next_post_v308_swap_summary.csv,table_csv,310,delete,generated Paper 4 loop artifact retired; not read by Quarto after closure,paper4_deep_cleanup_manifest_2026-05-18.csv; Paper 4 Quarto chapters; v467-v478 curated export artifacts
reports/paper_material/paper4/tables/paper4_v310_claim_blockers.csv,table_csv,310,delete,generated Paper 4 loop artifact retired; not read by Quarto after closure,paper4_deep_cleanup_manifest_2026-05-18.csv; Paper 4 Quarto chapters; v467-v478 curated export artifacts
reports/paper_material/paper4/tables/paper4_v310_claim_matrix_delta.csv,table_csv,310,delete,generated Paper 4 loop artifact retired; not read by Quarto after closure,paper4_deep_cleanup_manifest_2026-05-18.csv; Paper 4 Quarto chapters; v467-v478 curated export artifacts
reports/paper_material/paper4/tables/paper4_v310_proxy_coverage_delta.csv,table_csv,310,delete,generated Paper 4 loop artifact retired; not read by Quarto after closure,paper4_deep_cleanup_manifest_2026-05-18.csv; Paper 4 Quarto chapters; v467-v478 curated export artifacts
reports/paper_material/paper4/tables/paper4_v311_claim_blockers.csv,table_csv,311,delete,generated Paper 4 loop artifact retired; not read by Quarto after closure,paper4_deep_cleanup_manifest_2026-05-18.csv; Paper 4 Quarto chapters; v467-v478 curated export artifacts
reports/paper_material/paper4/tables/paper4_v311_claim_matrix_delta.csv,table_csv,311,delete,generated Paper 4 loop artifact retired; not read by Quarto after closure,paper4_deep_cleanup_manifest_2026-05-18.csv; Paper 4 Quarto chapters; v467-v478 curated export artifacts
reports/paper_material/paper4/tables/paper4_v311_post_v310_one_swap_reprice.csv,table_csv,311,delete,generated Paper 4 loop artifact retired; not read by Quarto after closure,paper4_deep_cleanup_manifest_2026-05-18.csv; Paper 4 Quarto chapters; v467-v478 curated export artifacts
reports/paper_material/paper4/tables/paper4_v311_post_v310_one_swap_stage_summary.csv,table_csv,311,delete,generated Paper 4 loop artifact retired; not read by Quarto after closure,paper4_deep_cleanup_manifest_2026-05-18.csv; Paper 4 Quarto chapters; v467-v478 curated export artifacts
reports/paper_material/paper4/tables/paper4_v311_post_v310_one_swap_summary.csv,table_csv,311,delete,generated Paper 4 loop artifact retired; not read by Quarto after closure,paper4_deep_cleanup_manifest_2026-05-18.csv; Paper 4 Quarto chapters; v467-v478 curated export artifacts
reports/paper_material/paper4/tables/paper4_v311_post_v310_one_swap_top_candidates.csv,table_csv,311,delete,generated Paper 4 loop artifact retired; not read by Quarto after closure,paper4_deep_cleanup_manifest_2026-05-18.csv; Paper 4 Quarto chapters; v467-v478 curated export artifacts
reports/paper_material/paper4/tables/paper4_v312_apply_next_post_v310_swap_action.csv,table_csv,312,delete,generated Paper 4 loop artifact retired; not read by Quarto after closure,paper4_deep_cleanup_manifest_2026-05-18.csv; Paper 4 Quarto chapters; v467-v478 curated export artifacts
reports/paper_material/paper4/tables/paper4_v312_apply_next_post_v310_swap_source_summary.csv,table_csv,312,delete,generated Paper 4 loop artifact retired; not read by Quarto after closure,paper4_deep_cleanup_manifest_2026-05-18.csv; Paper 4 Quarto chapters; v467-v478 curated export artifacts
reports/paper_material/paper4/tables/paper4_v312_apply_next_post_v310_swap_summary.csv,table_csv,312,delete,generated Paper 4 loop artifact retired; not read by Quarto after closure,paper4_deep_cleanup_manifest_2026-05-18.csv; Paper 4 Quarto chapters; v467-v478 curated export artifacts
reports/paper_material/paper4/tables/paper4_v312_claim_blockers.csv,table_csv,312,delete,generated Paper 4 loop artifact retired; not read by Quarto after closure,paper4_deep_cleanup_manifest_2026-05-18.csv; Paper 4 Quarto chapters; v467-v478 curated export artifacts
reports/paper_material/paper4/tables/paper4_v312_claim_matrix_delta.csv,table_csv,312,delete,generated Paper 4 loop artifact retired; not read by Quarto after closure,paper4_deep_cleanup_manifest_2026-05-18.csv; Paper 4 Quarto chapters; v467-v478 curated export artifacts
reports/paper_material/paper4/tables/paper4_v312_proxy_coverage_delta.csv,table_csv,312,delete,generated Paper 4 loop artifact retired; not read by Quarto after closure,paper4_deep_cleanup_manifest_2026-05-18.csv; Paper 4 Quarto chapters; v467-v478 curated export artifacts
reports/paper_material/paper4/tables/paper4_v313_claim_blockers.csv,table_csv,313,delete,generated Paper 4 loop artifact retired; not read by Quarto after closure,paper4_deep_cleanup_manifest_2026-05-18.csv; Paper 4 Quarto chapters; v467-v478 curated export artifacts
reports/paper_material/paper4/tables/paper4_v313_claim_matrix_delta.csv,table_csv,313,delete,generated Paper 4 loop artifact retired; not read by Quarto after closure,paper4_deep_cleanup_manifest_2026-05-18.csv; Paper 4 Quarto chapters; v467-v478 curated export artifacts
reports/paper_material/paper4/tables/paper4_v313_post_v312_one_swap_reprice.csv,table_csv,313,delete,generated Paper 4 loop artifact retired; not read by Quarto after closure,paper4_deep_cleanup_manifest_2026-05-18.csv; Paper 4 Quarto chapters; v467-v478 curated export artifacts
reports/paper_material/paper4/tables/paper4_v313_post_v312_one_swap_stage_summary.csv,table_csv,313,delete,generated Paper 4 loop artifact retired; not read by Quarto after closure,paper4_deep_cleanup_manifest_2026-05-18.csv; Paper 4 Quarto chapters; v467-v478 curated export artifacts
reports/paper_material/paper4/tables/paper4_v313_post_v312_one_swap_summary.csv,table_csv,313,delete,generated Paper 4 loop artifact retired; not read by Quarto after closure,paper4_deep_cleanup_manifest_2026-05-18.csv; Paper 4 Quarto chapters; v467-v478 curated export artifacts
reports/paper_material/paper4/tables/paper4_v313_post_v312_one_swap_top_candidates.csv,table_csv,313,delete,generated Paper 4 loop artifact retired; not read by Quarto after closure,paper4_deep_cleanup_manifest_2026-05-18.csv; Paper 4 Quarto chapters; v467-v478 curated export artifacts
reports/paper_material/paper4/tables/paper4_v314_apply_next_post_v312_swap_action.csv,table_csv,314,delete,generated Paper 4 loop artifact retired; not read by Quarto after closure,paper4_deep_cleanup_manifest_2026-05-18.csv; Paper 4 Quarto chapters; v467-v478 curated export artifacts
reports/paper_material/paper4/tables/paper4_v314_apply_next_post_v312_swap_source_summary.csv,table_csv,314,delete,generated Paper 4 loop artifact retired; not read by Quarto after closure,paper4_deep_cleanup_manifest_2026-05-18.csv; Paper 4 Quarto chapters; v467-v478 curated export artifacts
reports/paper_material/paper4/tables/paper4_v314_apply_next_post_v312_swap_summary.csv,table_csv,314,delete,generated Paper 4 loop artifact retired; not read by Quarto after closure,paper4_deep_cleanup_manifest_2026-05-18.csv; Paper 4 Quarto chapters; v467-v478 curated export artifacts
reports/paper_material/paper4/tables/paper4_v314_claim_blockers.csv,table_csv,314,delete,generated Paper 4 loop artifact retired; not read by Quarto after closure,paper4_deep_cleanup_manifest_2026-05-18.csv; Paper 4 Quarto chapters; v467-v478 curated export artifacts
reports/paper_material/paper4/tables/paper4_v314_claim_matrix_delta.csv,table_csv,314,delete,generated Paper 4 loop artifact retired; not read by Quarto after closure,paper4_deep_cleanup_manifest_2026-05-18.csv; Paper 4 Quarto chapters; v467-v478 curated export artifacts
reports/paper_material/paper4/tables/paper4_v314_proxy_coverage_delta.csv,table_csv,314,delete,generated Paper 4 loop artifact retired; not read by Quarto after closure,paper4_deep_cleanup_manifest_2026-05-18.csv; Paper 4 Quarto chapters; v467-v478 curated export artifacts
reports/paper_material/paper4/tables/paper4_v315_claim_blockers.csv,table_csv,315,delete,generated Paper 4 loop artifact retired; not read by Quarto after closure,paper4_deep_cleanup_manifest_2026-05-18.csv; Paper 4 Quarto chapters; v467-v478 curated export artifacts
reports/paper_material/paper4/tables/paper4_v315_claim_matrix_delta.csv,table_csv,315,delete,generated Paper 4 loop artifact retired; not read by Quarto after closure,paper4_deep_cleanup_manifest_2026-05-18.csv; Paper 4 Quarto chapters; v467-v478 curated export artifacts
reports/paper_material/paper4/tables/paper4_v315_post_v314_one_swap_reprice.csv,table_csv,315,delete,generated Paper 4 loop artifact retired; not read by Quarto after closure,paper4_deep_cleanup_manifest_2026-05-18.csv; Paper 4 Quarto chapters; v467-v478 curated export artifacts
reports/paper_material/paper4/tables/paper4_v315_post_v314_one_swap_stage_summary.csv,table_csv,315,delete,generated Paper 4 loop artifact retired; not read by Quarto after closure,paper4_deep_cleanup_manifest_2026-05-18.csv; Paper 4 Quarto chapters; v467-v478 curated export artifacts
reports/paper_material/paper4/tables/paper4_v315_post_v314_one_swap_summary.csv,table_csv,315,delete,generated Paper 4 loop artifact retired; not read by Quarto after closure,paper4_deep_cleanup_manifest_2026-05-18.csv; Paper 4 Quarto chapters; v467-v478 curated export artifacts
reports/paper_material/paper4/tables/paper4_v315_post_v314_one_swap_top_candidates.csv,table_csv,315,delete,generated Paper 4 loop artifact retired; not read by Quarto after closure,paper4_deep_cleanup_manifest_2026-05-18.csv; Paper 4 Quarto chapters; v467-v478 curated export artifacts
reports/paper_material/paper4/tables/paper4_v316_apply_next_post_v314_swap_action.csv,table_csv,316,delete,generated Paper 4 loop artifact retired; not read by Quarto after closure,paper4_deep_cleanup_manifest_2026-05-18.csv; Paper 4 Quarto chapters; v467-v478 curated export artifacts
reports/paper_material/paper4/tables/paper4_v316_apply_next_post_v314_swap_source_summary.csv,table_csv,316,delete,generated Paper 4 loop artifact retired; not read by Quarto after closure,paper4_deep_cleanup_manifest_2026-05-18.csv; Paper 4 Quarto chapters; v467-v478 curated export artifacts
reports/paper_material/paper4/tables/paper4_v316_apply_next_post_v314_swap_summary.csv,table_csv,316,delete,generated Paper 4 loop artifact retired; not read by Quarto after closure,paper4_deep_cleanup_manifest_2026-05-18.csv; Paper 4 Quarto chapters; v467-v478 curated export artifacts
reports/paper_material/paper4/tables/paper4_v316_claim_blockers.csv,table_csv,316,delete,generated Paper 4 loop artifact retired; not read by Quarto after closure,paper4_deep_cleanup_manifest_2026-05-18.csv; Paper 4 Quarto chapters; v467-v478 curated export artifacts
reports/paper_material/paper4/tables/paper4_v316_claim_matrix_delta.csv,table_csv,316,delete,generated Paper 4 loop artifact retired; not read by Quarto after closure,paper4_deep_cleanup_manifest_2026-05-18.csv; Paper 4 Quarto chapters; v467-v478 curated export artifacts
reports/paper_material/paper4/tables/paper4_v316_proxy_coverage_delta.csv,table_csv,316,delete,generated Paper 4 loop artifact retired; not read by Quarto after closure,paper4_deep_cleanup_manifest_2026-05-18.csv; Paper 4 Quarto chapters; v467-v478 curated export artifacts
reports/paper_material/paper4/tables/paper4_v317_claim_blockers.csv,table_csv,317,delete,generated Paper 4 loop artifact retired; not read by Quarto after closure,paper4_deep_cleanup_manifest_2026-05-18.csv; Paper 4 Quarto chapters; v467-v478 curated export artifacts
reports/paper_material/paper4/tables/paper4_v317_claim_matrix_delta.csv,table_csv,317,delete,generated Paper 4 loop artifact retired; not read by Quarto after closure,paper4_deep_cleanup_manifest_2026-05-18.csv; Paper 4 Quarto chapters; v467-v478 curated export artifacts
reports/paper_material/paper4/tables/paper4_v317_post_v316_one_swap_reprice.csv,table_csv,317,delete,generated Paper 4 loop artifact retired; not read by Quarto after closure,paper4_deep_cleanup_manifest_2026-05-18.csv; Paper 4 Quarto chapters; v467-v478 curated export artifacts
reports/paper_material/paper4/tables/paper4_v317_post_v316_one_swap_stage_summary.csv,table_csv,317,delete,generated Paper 4 loop artifact retired; not read by Quarto after closure,paper4_deep_cleanup_manifest_2026-05-18.csv; Paper 4 Quarto chapters; v467-v478 curated export artifacts
reports/paper_material/paper4/tables/paper4_v317_post_v316_one_swap_summary.csv,table_csv,317,delete,generated Paper 4 loop artifact retired; not read by Quarto after closure,paper4_deep_cleanup_manifest_2026-05-18.csv; Paper 4 Quarto chapters; v467-v478 curated export artifacts
reports/paper_material/paper4/tables/paper4_v317_post_v316_one_swap_top_candidates.csv,table_csv,317,delete,generated Paper 4 loop artifact retired; not read by Quarto after closure,paper4_deep_cleanup_manifest_2026-05-18.csv; Paper 4 Quarto chapters; v467-v478 curated export artifacts
reports/paper_material/paper4/tables/paper4_v318_claim_blockers.csv,table_csv,318,delete,generated Paper 4 loop artifact retired; not read by Quarto after closure,paper4_deep_cleanup_manifest_2026-05-18.csv; Paper 4 Quarto chapters; v467-v478 curated export artifacts
reports/paper_material/paper4/tables/paper4_v318_claim_matrix_delta.csv,table_csv,318,delete,generated Paper 4 loop artifact retired; not read by Quarto after closure,paper4_deep_cleanup_manifest_2026-05-18.csv; Paper 4 Quarto chapters; v467-v478 curated export artifacts
reports/paper_material/paper4/tables/paper4_v318_dynamic_proxy_or_global_bound_after_v316.csv,table_csv,318,delete,generated Paper 4 loop artifact retired; not read by Quarto after closure,paper4_deep_cleanup_manifest_2026-05-18.csv; Paper 4 Quarto chapters; v467-v478 curated export artifacts
reports/paper_material/paper4/tables/paper4_v318_dynamic_proxy_summary.csv,table_csv,318,delete,generated Paper 4 loop artifact retired; not read by Quarto after closure,paper4_deep_cleanup_manifest_2026-05-18.csv; Paper 4 Quarto chapters; v467-v478 curated export artifacts
reports/paper_material/paper4/tables/paper4_v318_gate_requirements.csv,table_csv,318,delete,generated Paper 4 loop artifact retired; not read by Quarto after closure,paper4_deep_cleanup_manifest_2026-05-18.csv; Paper 4 Quarto chapters; v467-v478 curated export artifacts
reports/paper_material/paper4/tables/paper4_v318_proxy_coverage_comparison.csv,table_csv,318,delete,generated Paper 4 loop artifact retired; not read by Quarto after closure,paper4_deep_cleanup_manifest_2026-05-18.csv; Paper 4 Quarto chapters; v467-v478 curated export artifacts
reports/paper_material/paper4/tables/paper4_v319_claim_blockers.csv,table_csv,319,delete,generated Paper 4 loop artifact retired; not read by Quarto after closure,paper4_deep_cleanup_manifest_2026-05-18.csv; Paper 4 Quarto chapters; v467-v478 curated export artifacts
reports/paper_material/paper4/tables/paper4_v319_claim_matrix_delta.csv,table_csv,319,delete,generated Paper 4 loop artifact retired; not read by Quarto after closure,paper4_deep_cleanup_manifest_2026-05-18.csv; Paper 4 Quarto chapters; v467-v478 curated export artifacts
reports/paper_material/paper4/tables/paper4_v319_v316_cashflow_online_ifrs9_gate.csv,table_csv,319,delete,generated Paper 4 loop artifact retired; not read by Quarto after closure,paper4_deep_cleanup_manifest_2026-05-18.csv; Paper 4 Quarto chapters; v467-v478 curated export artifacts
reports/paper_material/paper4/tables/paper4_v319_v316_cashflow_proxy_source_summary.csv,table_csv,319,delete,generated Paper 4 loop artifact retired; not read by Quarto after closure,paper4_deep_cleanup_manifest_2026-05-18.csv; Paper 4 Quarto chapters; v467-v478 curated export artifacts
reports/paper_material/paper4/tables/paper4_v319_v316_cashflow_proxy_summary.csv,table_csv,319,delete,generated Paper 4 loop artifact retired; not read by Quarto after closure,paper4_deep_cleanup_manifest_2026-05-18.csv; Paper 4 Quarto chapters; v467-v478 curated export artifacts
reports/paper_material/paper4/tables/paper4_v319_v316_online_temporal_cells.csv,table_csv,319,delete,generated Paper 4 loop artifact retired; not read by Quarto after closure,paper4_deep_cleanup_manifest_2026-05-18.csv; Paper 4 Quarto chapters; v467-v478 curated export artifacts
reports/paper_material/paper4/tables/paper4_v319_v316_online_temporal_summary.csv,table_csv,319,delete,generated Paper 4 loop artifact retired; not read by Quarto after closure,paper4_deep_cleanup_manifest_2026-05-18.csv; Paper 4 Quarto chapters; v467-v478 curated export artifacts
reports/paper_material/paper4/tables/paper4_v320_claim_blockers.csv,table_csv,320,delete,generated Paper 4 loop artifact retired; not read by Quarto after closure,paper4_deep_cleanup_manifest_2026-05-18.csv; Paper 4 Quarto chapters; v467-v478 curated export artifacts
reports/paper_material/paper4/tables/paper4_v320_claim_matrix_delta.csv,table_csv,320,delete,generated Paper 4 loop artifact retired; not read by Quarto after closure,paper4_deep_cleanup_manifest_2026-05-18.csv; Paper 4 Quarto chapters; v467-v478 curated export artifacts
reports/paper_material/paper4/tables/paper4_v320_matched_period_actions.csv,table_csv,320,delete,generated Paper 4 loop artifact retired; not read by Quarto after closure,paper4_deep_cleanup_manifest_2026-05-18.csv; Paper 4 Quarto chapters; v467-v478 curated export artifacts
reports/paper_material/paper4/tables/paper4_v320_matched_period_milp_summary.csv,table_csv,320,delete,generated Paper 4 loop artifact retired; not read by Quarto after closure,paper4_deep_cleanup_manifest_2026-05-18.csv; Paper 4 Quarto chapters; v467-v478 curated export artifacts
reports/paper_material/paper4/tables/paper4_v320_matched_period_source_summary.csv,table_csv,320,delete,generated Paper 4 loop artifact retired; not read by Quarto after closure,paper4_deep_cleanup_manifest_2026-05-18.csv; Paper 4 Quarto chapters; v467-v478 curated export artifacts
reports/paper_material/paper4/tables/paper4_v320_protocol_steps.csv,table_csv,320,delete,generated Paper 4 loop artifact retired; not read by Quarto after closure,paper4_deep_cleanup_manifest_2026-05-18.csv; Paper 4 Quarto chapters; v467-v478 curated export artifacts
reports/paper_material/paper4/tables/paper4_v320_v316_matched_period_or_branch_price_protocol.csv,table_csv,320,delete,generated Paper 4 loop artifact retired; not read by Quarto after closure,paper4_deep_cleanup_manifest_2026-05-18.csv; Paper 4 Quarto chapters; v467-v478 curated export artifacts
reports/paper_material/paper4/tables/paper4_v321_claim_blockers.csv,table_csv,321,delete,generated Paper 4 loop artifact retired; not read by Quarto after closure,paper4_deep_cleanup_manifest_2026-05-18.csv; Paper 4 Quarto chapters; v467-v478 curated export artifacts
reports/paper_material/paper4/tables/paper4_v321_claim_matrix_delta.csv,table_csv,321,delete,generated Paper 4 loop artifact retired; not read by Quarto after closure,paper4_deep_cleanup_manifest_2026-05-18.csv; Paper 4 Quarto chapters; v467-v478 curated export artifacts
reports/paper_material/paper4/tables/paper4_v321_post_v320_one_swap_reprice.csv,table_csv,321,delete,generated Paper 4 loop artifact retired; not read by Quarto after closure,paper4_deep_cleanup_manifest_2026-05-18.csv; Paper 4 Quarto chapters; v467-v478 curated export artifacts
reports/paper_material/paper4/tables/paper4_v321_post_v320_one_swap_stage_summary.csv,table_csv,321,delete,generated Paper 4 loop artifact retired; not read by Quarto after closure,paper4_deep_cleanup_manifest_2026-05-18.csv; Paper 4 Quarto chapters; v467-v478 curated export artifacts
reports/paper_material/paper4/tables/paper4_v321_post_v320_one_swap_summary.csv,table_csv,321,delete,generated Paper 4 loop artifact retired; not read by Quarto after closure,paper4_deep_cleanup_manifest_2026-05-18.csv; Paper 4 Quarto chapters; v467-v478 curated export artifacts
reports/paper_material/paper4/tables/paper4_v321_post_v320_one_swap_top_candidates.csv,table_csv,321,delete,generated Paper 4 loop artifact retired; not read by Quarto after closure,paper4_deep_cleanup_manifest_2026-05-18.csv; Paper 4 Quarto chapters; v467-v478 curated export artifacts
reports/paper_material/paper4/tables/paper4_v322_claim_blockers.csv,table_csv,322,delete,generated Paper 4 loop artifact retired; not read by Quarto after closure,paper4_deep_cleanup_manifest_2026-05-18.csv; Paper 4 Quarto chapters; v467-v478 curated export artifacts
reports/paper_material/paper4/tables/paper4_v322_claim_matrix_delta.csv,table_csv,322,delete,generated Paper 4 loop artifact retired; not read by Quarto after closure,paper4_deep_cleanup_manifest_2026-05-18.csv; Paper 4 Quarto chapters; v467-v478 curated export artifacts
reports/paper_material/paper4/tables/paper4_v322_dynamic_proxy_or_global_bound_after_v320.csv,table_csv,322,delete,generated Paper 4 loop artifact retired; not read by Quarto after closure,paper4_deep_cleanup_manifest_2026-05-18.csv; Paper 4 Quarto chapters; v467-v478 curated export artifacts
reports/paper_material/paper4/tables/paper4_v322_dynamic_proxy_summary.csv,table_csv,322,delete,generated Paper 4 loop artifact retired; not read by Quarto after closure,paper4_deep_cleanup_manifest_2026-05-18.csv; Paper 4 Quarto chapters; v467-v478 curated export artifacts
reports/paper_material/paper4/tables/paper4_v322_gate_requirements.csv,table_csv,322,delete,generated Paper 4 loop artifact retired; not read by Quarto after closure,paper4_deep_cleanup_manifest_2026-05-18.csv; Paper 4 Quarto chapters; v467-v478 curated export artifacts
reports/paper_material/paper4/tables/paper4_v322_proxy_coverage_comparison.csv,table_csv,322,delete,generated Paper 4 loop artifact retired; not read by Quarto after closure,paper4_deep_cleanup_manifest_2026-05-18.csv; Paper 4 Quarto chapters; v467-v478 curated export artifacts
reports/paper_material/paper4/tables/paper4_v323_claim_blockers.csv,table_csv,323,delete,generated Paper 4 loop artifact retired; not read by Quarto after closure,paper4_deep_cleanup_manifest_2026-05-18.csv; Paper 4 Quarto chapters; v467-v478 curated export artifacts
reports/paper_material/paper4/tables/paper4_v323_claim_matrix_delta.csv,table_csv,323,delete,generated Paper 4 loop artifact retired; not read by Quarto after closure,paper4_deep_cleanup_manifest_2026-05-18.csv; Paper 4 Quarto chapters; v467-v478 curated export artifacts
reports/paper_material/paper4/tables/paper4_v323_v320_cashflow_online_ifrs9_gate.csv,table_csv,323,delete,generated Paper 4 loop artifact retired; not read by Quarto after closure,paper4_deep_cleanup_manifest_2026-05-18.csv; Paper 4 Quarto chapters; v467-v478 curated export artifacts
reports/paper_material/paper4/tables/paper4_v323_v320_cashflow_proxy_source_summary.csv,table_csv,323,delete,generated Paper 4 loop artifact retired; not read by Quarto after closure,paper4_deep_cleanup_manifest_2026-05-18.csv; Paper 4 Quarto chapters; v467-v478 curated export artifacts
reports/paper_material/paper4/tables/paper4_v323_v320_cashflow_proxy_summary.csv,table_csv,323,delete,generated Paper 4 loop artifact retired; not read by Quarto after closure,paper4_deep_cleanup_manifest_2026-05-18.csv; Paper 4 Quarto chapters; v467-v478 curated export artifacts
reports/paper_material/paper4/tables/paper4_v323_v320_online_temporal_cells.csv,table_csv,323,delete,generated Paper 4 loop artifact retired; not read by Quarto after closure,paper4_deep_cleanup_manifest_2026-05-18.csv; Paper 4 Quarto chapters; v467-v478 curated export artifacts
reports/paper_material/paper4/tables/paper4_v323_v320_online_temporal_summary.csv,table_csv,323,delete,generated Paper 4 loop artifact retired; not read by Quarto after closure,paper4_deep_cleanup_manifest_2026-05-18.csv; Paper 4 Quarto chapters; v467-v478 curated export artifacts
reports/paper_material/paper4/tables/paper4_v324_claim_blockers.csv,table_csv,324,delete,generated Paper 4 loop artifact retired; not read by Quarto after closure,paper4_deep_cleanup_manifest_2026-05-18.csv; Paper 4 Quarto chapters; v467-v478 curated export artifacts
reports/paper_material/paper4/tables/paper4_v324_claim_matrix_delta.csv,table_csv,324,delete,generated Paper 4 loop artifact retired; not read by Quarto after closure,paper4_deep_cleanup_manifest_2026-05-18.csv; Paper 4 Quarto chapters; v467-v478 curated export artifacts
reports/paper_material/paper4/tables/paper4_v324_proxy_gap_pool_summary.csv,table_csv,324,delete,generated Paper 4 loop artifact retired; not read by Quarto after closure,paper4_deep_cleanup_manifest_2026-05-18.csv; Paper 4 Quarto chapters; v467-v478 curated export artifacts
reports/paper_material/paper4/tables/paper4_v324_proxy_gap_tier_summary.csv,table_csv,324,delete,generated Paper 4 loop artifact retired; not read by Quarto after closure,paper4_deep_cleanup_manifest_2026-05-18.csv; Paper 4 Quarto chapters; v467-v478 curated export artifacts
reports/paper_material/paper4/tables/paper4_v324_relaxed_proxy_gap_actions.csv,table_csv,324,delete,generated Paper 4 loop artifact retired; not read by Quarto after closure,paper4_deep_cleanup_manifest_2026-05-18.csv; Paper 4 Quarto chapters; v467-v478 curated export artifacts
reports/paper_material/paper4/tables/paper4_v324_relaxed_proxy_gap_source_summary.csv,table_csv,324,delete,generated Paper 4 loop artifact retired; not read by Quarto after closure,paper4_deep_cleanup_manifest_2026-05-18.csv; Paper 4 Quarto chapters; v467-v478 curated export artifacts
reports/paper_material/paper4/tables/paper4_v324_v320_proxy_gap_repair_or_branch_price_protocol.csv,table_csv,324,delete,generated Paper 4 loop artifact retired; not read by Quarto after closure,paper4_deep_cleanup_manifest_2026-05-18.csv; Paper 4 Quarto chapters; v467-v478 curated export artifacts
reports/paper_material/paper4/tables/paper4_v325_claim_blockers.csv,table_csv,325,delete,generated Paper 4 loop artifact retired; not read by Quarto after closure,paper4_deep_cleanup_manifest_2026-05-18.csv; Paper 4 Quarto chapters; v467-v478 curated export artifacts
reports/paper_material/paper4/tables/paper4_v325_claim_matrix_delta.csv,table_csv,325,delete,generated Paper 4 loop artifact retired; not read by Quarto after closure,paper4_deep_cleanup_manifest_2026-05-18.csv; Paper 4 Quarto chapters; v467-v478 curated export artifacts
reports/paper_material/paper4/tables/paper4_v325_post_v324_one_swap_reprice.csv,table_csv,325,delete,generated Paper 4 loop artifact retired; not read by Quarto after closure,paper4_deep_cleanup_manifest_2026-05-18.csv; Paper 4 Quarto chapters; v467-v478 curated export artifacts
reports/paper_material/paper4/tables/paper4_v325_post_v324_one_swap_stage_summary.csv,table_csv,325,delete,generated Paper 4 loop artifact retired; not read by Quarto after closure,paper4_deep_cleanup_manifest_2026-05-18.csv; Paper 4 Quarto chapters; v467-v478 curated export artifacts
reports/paper_material/paper4/tables/paper4_v325_post_v324_one_swap_summary.csv,table_csv,325,delete,generated Paper 4 loop artifact retired; not read by Quarto after closure,paper4_deep_cleanup_manifest_2026-05-18.csv; Paper 4 Quarto chapters; v467-v478 curated export artifacts
reports/paper_material/paper4/tables/paper4_v325_post_v324_one_swap_top_candidates.csv,table_csv,325,delete,generated Paper 4 loop artifact retired; not read by Quarto after closure,paper4_deep_cleanup_manifest_2026-05-18.csv; Paper 4 Quarto chapters; v467-v478 curated export artifacts
reports/paper_material/paper4/tables/paper4_v326_apply_next_post_v324_swap.csv,table_csv,326,delete,generated Paper 4 loop artifact retired; not read by Quarto after closure,paper4_deep_cleanup_manifest_2026-05-18.csv; Paper 4 Quarto chapters; v467-v478 curated export artifacts
reports/paper_material/paper4/tables/paper4_v326_claim_blockers.csv,table_csv,326,delete,generated Paper 4 loop artifact retired; not read by Quarto after closure,paper4_deep_cleanup_manifest_2026-05-18.csv; Paper 4 Quarto chapters; v467-v478 curated export artifacts
reports/paper_material/paper4/tables/paper4_v326_claim_matrix_delta.csv,table_csv,326,delete,generated Paper 4 loop artifact retired; not read by Quarto after closure,paper4_deep_cleanup_manifest_2026-05-18.csv; Paper 4 Quarto chapters; v467-v478 curated export artifacts
reports/paper_material/paper4/tables/paper4_v326_post_v324_swap_actions.csv,table_csv,326,delete,generated Paper 4 loop artifact retired; not read by Quarto after closure,paper4_deep_cleanup_manifest_2026-05-18.csv; Paper 4 Quarto chapters; v467-v478 curated export artifacts
reports/paper_material/paper4/tables/paper4_v326_post_v324_swap_source_summary.csv,table_csv,326,delete,generated Paper 4 loop artifact retired; not read by Quarto after closure,paper4_deep_cleanup_manifest_2026-05-18.csv; Paper 4 Quarto chapters; v467-v478 curated export artifacts
reports/paper_material/paper4/tables/paper4_v327_claim_blockers.csv,table_csv,327,delete,generated Paper 4 loop artifact retired; not read by Quarto after closure,paper4_deep_cleanup_manifest_2026-05-18.csv; Paper 4 Quarto chapters; v467-v478 curated export artifacts
reports/paper_material/paper4/tables/paper4_v327_claim_matrix_delta.csv,table_csv,327,delete,generated Paper 4 loop artifact retired; not read by Quarto after closure,paper4_deep_cleanup_manifest_2026-05-18.csv; Paper 4 Quarto chapters; v467-v478 curated export artifacts
reports/paper_material/paper4/tables/paper4_v327_post_v326_one_swap_reprice.csv,table_csv,327,delete,generated Paper 4 loop artifact retired; not read by Quarto after closure,paper4_deep_cleanup_manifest_2026-05-18.csv; Paper 4 Quarto chapters; v467-v478 curated export artifacts
reports/paper_material/paper4/tables/paper4_v327_post_v326_one_swap_stage_summary.csv,table_csv,327,delete,generated Paper 4 loop artifact retired; not read by Quarto after closure,paper4_deep_cleanup_manifest_2026-05-18.csv; Paper 4 Quarto chapters; v467-v478 curated export artifacts
reports/paper_material/paper4/tables/paper4_v327_post_v326_one_swap_summary.csv,table_csv,327,delete,generated Paper 4 loop artifact retired; not read by Quarto after closure,paper4_deep_cleanup_manifest_2026-05-18.csv; Paper 4 Quarto chapters; v467-v478 curated export artifacts
reports/paper_material/paper4/tables/paper4_v327_post_v326_one_swap_top_candidates.csv,table_csv,327,delete,generated Paper 4 loop artifact retired; not read by Quarto after closure,paper4_deep_cleanup_manifest_2026-05-18.csv; Paper 4 Quarto chapters; v467-v478 curated export artifacts
reports/paper_material/paper4/tables/paper4_v328_apply_next_post_v326_swap.csv,table_csv,328,delete,generated Paper 4 loop artifact retired; not read by Quarto after closure,paper4_deep_cleanup_manifest_2026-05-18.csv; Paper 4 Quarto chapters; v467-v478 curated export artifacts
reports/paper_material/paper4/tables/paper4_v328_claim_blockers.csv,table_csv,328,delete,generated Paper 4 loop artifact retired; not read by Quarto after closure,paper4_deep_cleanup_manifest_2026-05-18.csv; Paper 4 Quarto chapters; v467-v478 curated export artifacts
reports/paper_material/paper4/tables/paper4_v328_claim_matrix_delta.csv,table_csv,328,delete,generated Paper 4 loop artifact retired; not read by Quarto after closure,paper4_deep_cleanup_manifest_2026-05-18.csv; Paper 4 Quarto chapters; v467-v478 curated export artifacts
reports/paper_material/paper4/tables/paper4_v328_post_v326_swap_actions.csv,table_csv,328,delete,generated Paper 4 loop artifact retired; not read by Quarto after closure,paper4_deep_cleanup_manifest_2026-05-18.csv; Paper 4 Quarto chapters; v467-v478 curated export artifacts
reports/paper_material/paper4/tables/paper4_v328_post_v326_swap_source_summary.csv,table_csv,328,delete,generated Paper 4 loop artifact retired; not read by Quarto after closure,paper4_deep_cleanup_manifest_2026-05-18.csv; Paper 4 Quarto chapters; v467-v478 curated export artifacts
reports/paper_material/paper4/tables/paper4_v329_claim_blockers.csv,table_csv,329,delete,generated Paper 4 loop artifact retired; not read by Quarto after closure,paper4_deep_cleanup_manifest_2026-05-18.csv; Paper 4 Quarto chapters; v467-v478 curated export artifacts
reports/paper_material/paper4/tables/paper4_v329_claim_matrix_delta.csv,table_csv,329,delete,generated Paper 4 loop artifact retired; not read by Quarto after closure,paper4_deep_cleanup_manifest_2026-05-18.csv; Paper 4 Quarto chapters; v467-v478 curated export artifacts
reports/paper_material/paper4/tables/paper4_v329_post_v328_one_swap_reprice.csv,table_csv,329,delete,generated Paper 4 loop artifact retired; not read by Quarto after closure,paper4_deep_cleanup_manifest_2026-05-18.csv; Paper 4 Quarto chapters; v467-v478 curated export artifacts
reports/paper_material/paper4/tables/paper4_v329_post_v328_one_swap_stage_summary.csv,table_csv,329,delete,generated Paper 4 loop artifact retired; not read by Quarto after closure,paper4_deep_cleanup_manifest_2026-05-18.csv; Paper 4 Quarto chapters; v467-v478 curated export artifacts
reports/paper_material/paper4/tables/paper4_v329_post_v328_one_swap_summary.csv,table_csv,329,delete,generated Paper 4 loop artifact retired; not read by Quarto after closure,paper4_deep_cleanup_manifest_2026-05-18.csv; Paper 4 Quarto chapters; v467-v478 curated export artifacts
reports/paper_material/paper4/tables/paper4_v329_post_v328_one_swap_top_candidates.csv,table_csv,329,delete,generated Paper 4 loop artifact retired; not read by Quarto after closure,paper4_deep_cleanup_manifest_2026-05-18.csv; Paper 4 Quarto chapters; v467-v478 curated export artifacts
reports/paper_material/paper4/tables/paper4_v330_apply_next_post_v328_swap.csv,table_csv,330,delete,generated Paper 4 loop artifact retired; not read by Quarto after closure,paper4_deep_cleanup_manifest_2026-05-18.csv; Paper 4 Quarto chapters; v467-v478 curated export artifacts
reports/paper_material/paper4/tables/paper4_v330_claim_blockers.csv,table_csv,330,delete,generated Paper 4 loop artifact retired; not read by Quarto after closure,paper4_deep_cleanup_manifest_2026-05-18.csv; Paper 4 Quarto chapters; v467-v478 curated export artifacts
reports/paper_material/paper4/tables/paper4_v330_claim_matrix_delta.csv,table_csv,330,delete,generated Paper 4 loop artifact retired; not read by Quarto after closure,paper4_deep_cleanup_manifest_2026-05-18.csv; Paper 4 Quarto chapters; v467-v478 curated export artifacts
reports/paper_material/paper4/tables/paper4_v330_post_v328_swap_actions.csv,table_csv,330,delete,generated Paper 4 loop artifact retired; not read by Quarto after closure,paper4_deep_cleanup_manifest_2026-05-18.csv; Paper 4 Quarto chapters; v467-v478 curated export artifacts
reports/paper_material/paper4/tables/paper4_v330_post_v328_swap_source_summary.csv,table_csv,330,delete,generated Paper 4 loop artifact retired; not read by Quarto after closure,paper4_deep_cleanup_manifest_2026-05-18.csv; Paper 4 Quarto chapters; v467-v478 curated export artifacts
reports/paper_material/paper4/tables/paper4_v331_claim_blockers.csv,table_csv,331,delete,generated Paper 4 loop artifact retired; not read by Quarto after closure,paper4_deep_cleanup_manifest_2026-05-18.csv; Paper 4 Quarto chapters; v467-v478 curated export artifacts
reports/paper_material/paper4/tables/paper4_v331_claim_matrix_delta.csv,table_csv,331,delete,generated Paper 4 loop artifact retired; not read by Quarto after closure,paper4_deep_cleanup_manifest_2026-05-18.csv; Paper 4 Quarto chapters; v467-v478 curated export artifacts
reports/paper_material/paper4/tables/paper4_v331_post_v330_one_swap_reprice.csv,table_csv,331,delete,generated Paper 4 loop artifact retired; not read by Quarto after closure,paper4_deep_cleanup_manifest_2026-05-18.csv; Paper 4 Quarto chapters; v467-v478 curated export artifacts
reports/paper_material/paper4/tables/paper4_v331_post_v330_one_swap_stage_summary.csv,table_csv,331,delete,generated Paper 4 loop artifact retired; not read by Quarto after closure,paper4_deep_cleanup_manifest_2026-05-18.csv; Paper 4 Quarto chapters; v467-v478 curated export artifacts
reports/paper_material/paper4/tables/paper4_v331_post_v330_one_swap_summary.csv,table_csv,331,delete,generated Paper 4 loop artifact retired; not read by Quarto after closure,paper4_deep_cleanup_manifest_2026-05-18.csv; Paper 4 Quarto chapters; v467-v478 curated export artifacts
reports/paper_material/paper4/tables/paper4_v331_post_v330_one_swap_top_candidates.csv,table_csv,331,delete,generated Paper 4 loop artifact retired; not read by Quarto after closure,paper4_deep_cleanup_manifest_2026-05-18.csv; Paper 4 Quarto chapters; v467-v478 curated export artifacts
reports/paper_material/paper4/tables/paper4_v332_claim_blockers.csv,table_csv,332,delete,generated Paper 4 loop artifact retired; not read by Quarto after closure,paper4_deep_cleanup_manifest_2026-05-18.csv; Paper 4 Quarto chapters; v467-v478 curated export artifacts
reports/paper_material/paper4/tables/paper4_v332_claim_matrix_delta.csv,table_csv,332,delete,generated Paper 4 loop artifact retired; not read by Quarto after closure,paper4_deep_cleanup_manifest_2026-05-18.csv; Paper 4 Quarto chapters; v467-v478 curated export artifacts
reports/paper_material/paper4/tables/paper4_v332_dynamic_proxy_or_global_bound_after_v330.csv,table_csv,332,delete,generated Paper 4 loop artifact retired; not read by Quarto after closure,paper4_deep_cleanup_manifest_2026-05-18.csv; Paper 4 Quarto chapters; v467-v478 curated export artifacts
reports/paper_material/paper4/tables/paper4_v332_dynamic_proxy_summary.csv,table_csv,332,delete,generated Paper 4 loop artifact retired; not read by Quarto after closure,paper4_deep_cleanup_manifest_2026-05-18.csv; Paper 4 Quarto chapters; v467-v478 curated export artifacts
reports/paper_material/paper4/tables/paper4_v332_gate_requirements.csv,table_csv,332,delete,generated Paper 4 loop artifact retired; not read by Quarto after closure,paper4_deep_cleanup_manifest_2026-05-18.csv; Paper 4 Quarto chapters; v467-v478 curated export artifacts
reports/paper_material/paper4/tables/paper4_v332_proxy_coverage_comparison.csv,table_csv,332,delete,generated Paper 4 loop artifact retired; not read by Quarto after closure,paper4_deep_cleanup_manifest_2026-05-18.csv; Paper 4 Quarto chapters; v467-v478 curated export artifacts
reports/paper_material/paper4/tables/paper4_v333_claim_blockers.csv,table_csv,333,delete,generated Paper 4 loop artifact retired; not read by Quarto after closure,paper4_deep_cleanup_manifest_2026-05-18.csv; Paper 4 Quarto chapters; v467-v478 curated export artifacts
reports/paper_material/paper4/tables/paper4_v333_claim_matrix_delta.csv,table_csv,333,delete,generated Paper 4 loop artifact retired; not read by Quarto after closure,paper4_deep_cleanup_manifest_2026-05-18.csv; Paper 4 Quarto chapters; v467-v478 curated export artifacts
reports/paper_material/paper4/tables/paper4_v333_v330_cashflow_online_ifrs9_gate.csv,table_csv,333,delete,generated Paper 4 loop artifact retired; not read by Quarto after closure,paper4_deep_cleanup_manifest_2026-05-18.csv; Paper 4 Quarto chapters; v467-v478 curated export artifacts
reports/paper_material/paper4/tables/paper4_v333_v330_cashflow_proxy_source_summary.csv,table_csv,333,delete,generated Paper 4 loop artifact retired; not read by Quarto after closure,paper4_deep_cleanup_manifest_2026-05-18.csv; Paper 4 Quarto chapters; v467-v478 curated export artifacts
reports/paper_material/paper4/tables/paper4_v333_v330_cashflow_proxy_summary.csv,table_csv,333,delete,generated Paper 4 loop artifact retired; not read by Quarto after closure,paper4_deep_cleanup_manifest_2026-05-18.csv; Paper 4 Quarto chapters; v467-v478 curated export artifacts
reports/paper_material/paper4/tables/paper4_v333_v330_online_temporal_cells.csv,table_csv,333,delete,generated Paper 4 loop artifact retired; not read by Quarto after closure,paper4_deep_cleanup_manifest_2026-05-18.csv; Paper 4 Quarto chapters; v467-v478 curated export artifacts
reports/paper_material/paper4/tables/paper4_v333_v330_online_temporal_summary.csv,table_csv,333,delete,generated Paper 4 loop artifact retired; not read by Quarto after closure,paper4_deep_cleanup_manifest_2026-05-18.csv; Paper 4 Quarto chapters; v467-v478 curated export artifacts
reports/paper_material/paper4/tables/paper4_v334_claim_blockers.csv,table_csv,334,delete,generated Paper 4 loop artifact retired; not read by Quarto after closure,paper4_deep_cleanup_manifest_2026-05-18.csv; Paper 4 Quarto chapters; v467-v478 curated export artifacts
reports/paper_material/paper4/tables/paper4_v334_claim_matrix_delta.csv,table_csv,334,delete,generated Paper 4 loop artifact retired; not read by Quarto after closure,paper4_deep_cleanup_manifest_2026-05-18.csv; Paper 4 Quarto chapters; v467-v478 curated export artifacts
reports/paper_material/paper4/tables/paper4_v334_proxy_gap_pool_summary.csv,table_csv,334,delete,generated Paper 4 loop artifact retired; not read by Quarto after closure,paper4_deep_cleanup_manifest_2026-05-18.csv; Paper 4 Quarto chapters; v467-v478 curated export artifacts
reports/paper_material/paper4/tables/paper4_v334_proxy_gap_tier_summary.csv,table_csv,334,delete,generated Paper 4 loop artifact retired; not read by Quarto after closure,paper4_deep_cleanup_manifest_2026-05-18.csv; Paper 4 Quarto chapters; v467-v478 curated export artifacts
reports/paper_material/paper4/tables/paper4_v334_relaxed_proxy_gap_actions.csv,table_csv,334,delete,generated Paper 4 loop artifact retired; not read by Quarto after closure,paper4_deep_cleanup_manifest_2026-05-18.csv; Paper 4 Quarto chapters; v467-v478 curated export artifacts
reports/paper_material/paper4/tables/paper4_v334_relaxed_proxy_gap_source_summary.csv,table_csv,334,delete,generated Paper 4 loop artifact retired; not read by Quarto after closure,paper4_deep_cleanup_manifest_2026-05-18.csv; Paper 4 Quarto chapters; v467-v478 curated export artifacts
reports/paper_material/paper4/tables/paper4_v334_v330_proxy_gap_repair_or_branch_price_protocol.csv,table_csv,334,delete,generated Paper 4 loop artifact retired; not read by Quarto after closure,paper4_deep_cleanup_manifest_2026-05-18.csv; Paper 4 Quarto chapters; v467-v478 curated export artifacts
reports/paper_material/paper4/tables/paper4_v335_claim_blockers.csv,table_csv,335,delete,generated Paper 4 loop artifact retired; not read by Quarto after closure,paper4_deep_cleanup_manifest_2026-05-18.csv; Paper 4 Quarto chapters; v467-v478 curated export artifacts
reports/paper_material/paper4/tables/paper4_v335_claim_matrix_delta.csv,table_csv,335,delete,generated Paper 4 loop artifact retired; not read by Quarto after closure,paper4_deep_cleanup_manifest_2026-05-18.csv; Paper 4 Quarto chapters; v467-v478 curated export artifacts
reports/paper_material/paper4/tables/paper4_v335_post_v334_one_swap_reprice.csv,table_csv,335,delete,generated Paper 4 loop artifact retired; not read by Quarto after closure,paper4_deep_cleanup_manifest_2026-05-18.csv; Paper 4 Quarto chapters; v467-v478 curated export artifacts
reports/paper_material/paper4/tables/paper4_v335_post_v334_one_swap_stage_summary.csv,table_csv,335,delete,generated Paper 4 loop artifact retired; not read by Quarto after closure,paper4_deep_cleanup_manifest_2026-05-18.csv; Paper 4 Quarto chapters; v467-v478 curated export artifacts
reports/paper_material/paper4/tables/paper4_v335_post_v334_one_swap_summary.csv,table_csv,335,delete,generated Paper 4 loop artifact retired; not read by Quarto after closure,paper4_deep_cleanup_manifest_2026-05-18.csv; Paper 4 Quarto chapters; v467-v478 curated export artifacts
reports/paper_material/paper4/tables/paper4_v335_post_v334_one_swap_top_candidates.csv,table_csv,335,delete,generated Paper 4 loop artifact retired; not read by Quarto after closure,paper4_deep_cleanup_manifest_2026-05-18.csv; Paper 4 Quarto chapters; v467-v478 curated export artifacts
reports/paper_material/paper4/tables/paper4_v336_apply_next_post_v334_swap.csv,table_csv,336,delete,generated Paper 4 loop artifact retired; not read by Quarto after closure,paper4_deep_cleanup_manifest_2026-05-18.csv; Paper 4 Quarto chapters; v467-v478 curated export artifacts
reports/paper_material/paper4/tables/paper4_v336_claim_blockers.csv,table_csv,336,delete,generated Paper 4 loop artifact retired; not read by Quarto after closure,paper4_deep_cleanup_manifest_2026-05-18.csv; Paper 4 Quarto chapters; v467-v478 curated export artifacts
reports/paper_material/paper4/tables/paper4_v336_claim_matrix_delta.csv,table_csv,336,delete,generated Paper 4 loop artifact retired; not read by Quarto after closure,paper4_deep_cleanup_manifest_2026-05-18.csv; Paper 4 Quarto chapters; v467-v478 curated export artifacts
reports/paper_material/paper4/tables/paper4_v336_post_v334_swap_actions.csv,table_csv,336,delete,generated Paper 4 loop artifact retired; not read by Quarto after closure,paper4_deep_cleanup_manifest_2026-05-18.csv; Paper 4 Quarto chapters; v467-v478 curated export artifacts
reports/paper_material/paper4/tables/paper4_v336_post_v334_swap_source_summary.csv,table_csv,336,delete,generated Paper 4 loop artifact retired; not read by Quarto after closure,paper4_deep_cleanup_manifest_2026-05-18.csv; Paper 4 Quarto chapters; v467-v478 curated export artifacts
reports/paper_material/paper4/tables/paper4_v337_claim_blockers.csv,table_csv,337,delete,generated Paper 4 loop artifact retired; not read by Quarto after closure,paper4_deep_cleanup_manifest_2026-05-18.csv; Paper 4 Quarto chapters; v467-v478 curated export artifacts
reports/paper_material/paper4/tables/paper4_v337_claim_matrix_delta.csv,table_csv,337,delete,generated Paper 4 loop artifact retired; not read by Quarto after closure,paper4_deep_cleanup_manifest_2026-05-18.csv; Paper 4 Quarto chapters; v467-v478 curated export artifacts
reports/paper_material/paper4/tables/paper4_v337_post_v336_one_swap_reprice.csv,table_csv,337,delete,generated Paper 4 loop artifact retired; not read by Quarto after closure,paper4_deep_cleanup_manifest_2026-05-18.csv; Paper 4 Quarto chapters; v467-v478 curated export artifacts
reports/paper_material/paper4/tables/paper4_v337_post_v336_one_swap_stage_summary.csv,table_csv,337,delete,generated Paper 4 loop artifact retired; not read by Quarto after closure,paper4_deep_cleanup_manifest_2026-05-18.csv; Paper 4 Quarto chapters; v467-v478 curated export artifacts
reports/paper_material/paper4/tables/paper4_v337_post_v336_one_swap_summary.csv,table_csv,337,delete,generated Paper 4 loop artifact retired; not read by Quarto after closure,paper4_deep_cleanup_manifest_2026-05-18.csv; Paper 4 Quarto chapters; v467-v478 curated export artifacts
reports/paper_material/paper4/tables/paper4_v337_post_v336_one_swap_top_candidates.csv,table_csv,337,delete,generated Paper 4 loop artifact retired; not read by Quarto after closure,paper4_deep_cleanup_manifest_2026-05-18.csv; Paper 4 Quarto chapters; v467-v478 curated export artifacts
reports/paper_material/paper4/tables/paper4_v338_apply_next_post_v336_swap.csv,table_csv,338,delete,generated Paper 4 loop artifact retired; not read by Quarto after closure,paper4_deep_cleanup_manifest_2026-05-18.csv; Paper 4 Quarto chapters; v467-v478 curated export artifacts
reports/paper_material/paper4/tables/paper4_v338_claim_blockers.csv,table_csv,338,delete,generated Paper 4 loop artifact retired; not read by Quarto after closure,paper4_deep_cleanup_manifest_2026-05-18.csv; Paper 4 Quarto chapters; v467-v478 curated export artifacts
reports/paper_material/paper4/tables/paper4_v338_claim_matrix_delta.csv,table_csv,338,delete,generated Paper 4 loop artifact retired; not read by Quarto after closure,paper4_deep_cleanup_manifest_2026-05-18.csv; Paper 4 Quarto chapters; v467-v478 curated export artifacts
reports/paper_material/paper4/tables/paper4_v338_post_v336_swap_actions.csv,table_csv,338,delete,generated Paper 4 loop artifact retired; not read by Quarto after closure,paper4_deep_cleanup_manifest_2026-05-18.csv; Paper 4 Quarto chapters; v467-v478 curated export artifacts
reports/paper_material/paper4/tables/paper4_v338_post_v336_swap_source_summary.csv,table_csv,338,delete,generated Paper 4 loop artifact retired; not read by Quarto after closure,paper4_deep_cleanup_manifest_2026-05-18.csv; Paper 4 Quarto chapters; v467-v478 curated export artifacts
reports/paper_material/paper4/tables/paper4_v339_claim_blockers.csv,table_csv,339,delete,generated Paper 4 loop artifact retired; not read by Quarto after closure,paper4_deep_cleanup_manifest_2026-05-18.csv; Paper 4 Quarto chapters; v467-v478 curated export artifacts
reports/paper_material/paper4/tables/paper4_v339_claim_matrix_delta.csv,table_csv,339,delete,generated Paper 4 loop artifact retired; not read by Quarto after closure,paper4_deep_cleanup_manifest_2026-05-18.csv; Paper 4 Quarto chapters; v467-v478 curated export artifacts
reports/paper_material/paper4/tables/paper4_v339_post_v338_one_swap_reprice.csv,table_csv,339,delete,generated Paper 4 loop artifact retired; not read by Quarto after closure,paper4_deep_cleanup_manifest_2026-05-18.csv; Paper 4 Quarto chapters; v467-v478 curated export artifacts
reports/paper_material/paper4/tables/paper4_v339_post_v338_one_swap_stage_summary.csv,table_csv,339,delete,generated Paper 4 loop artifact retired; not read by Quarto after closure,paper4_deep_cleanup_manifest_2026-05-18.csv; Paper 4 Quarto chapters; v467-v478 curated export artifacts
reports/paper_material/paper4/tables/paper4_v339_post_v338_one_swap_summary.csv,table_csv,339,delete,generated Paper 4 loop artifact retired; not read by Quarto after closure,paper4_deep_cleanup_manifest_2026-05-18.csv; Paper 4 Quarto chapters; v467-v478 curated export artifacts
reports/paper_material/paper4/tables/paper4_v339_post_v338_one_swap_top_candidates.csv,table_csv,339,delete,generated Paper 4 loop artifact retired; not read by Quarto after closure,paper4_deep_cleanup_manifest_2026-05-18.csv; Paper 4 Quarto chapters; v467-v478 curated export artifacts
reports/paper_material/paper4/tables/paper4_v340_claim_blockers.csv,table_csv,340,delete,generated Paper 4 loop artifact retired; not read by Quarto after closure,paper4_deep_cleanup_manifest_2026-05-18.csv; Paper 4 Quarto chapters; v467-v478 curated export artifacts
reports/paper_material/paper4/tables/paper4_v340_claim_matrix_delta.csv,table_csv,340,delete,generated Paper 4 loop artifact retired; not read by Quarto after closure,paper4_deep_cleanup_manifest_2026-05-18.csv; Paper 4 Quarto chapters; v467-v478 curated export artifacts
reports/paper_material/paper4/tables/paper4_v340_dynamic_proxy_or_global_bound_after_v338.csv,table_csv,340,delete,generated Paper 4 loop artifact retired; not read by Quarto after closure,paper4_deep_cleanup_manifest_2026-05-18.csv; Paper 4 Quarto chapters; v467-v478 curated export artifacts
reports/paper_material/paper4/tables/paper4_v340_dynamic_proxy_summary.csv,table_csv,340,delete,generated Paper 4 loop artifact retired; not read by Quarto after closure,paper4_deep_cleanup_manifest_2026-05-18.csv; Paper 4 Quarto chapters; v467-v478 curated export artifacts
reports/paper_material/paper4/tables/paper4_v340_gate_requirements.csv,table_csv,340,delete,generated Paper 4 loop artifact retired; not read by Quarto after closure,paper4_deep_cleanup_manifest_2026-05-18.csv; Paper 4 Quarto chapters; v467-v478 curated export artifacts
reports/paper_material/paper4/tables/paper4_v340_proxy_coverage_comparison.csv,table_csv,340,delete,generated Paper 4 loop artifact retired; not read by Quarto after closure,paper4_deep_cleanup_manifest_2026-05-18.csv; Paper 4 Quarto chapters; v467-v478 curated export artifacts
reports/paper_material/paper4/tables/paper4_v341_claim_blockers.csv,table_csv,341,delete,generated Paper 4 loop artifact retired; not read by Quarto after closure,paper4_deep_cleanup_manifest_2026-05-18.csv; Paper 4 Quarto chapters; v467-v478 curated export artifacts
reports/paper_material/paper4/tables/paper4_v341_claim_matrix_delta.csv,table_csv,341,delete,generated Paper 4 loop artifact retired; not read by Quarto after closure,paper4_deep_cleanup_manifest_2026-05-18.csv; Paper 4 Quarto chapters; v467-v478 curated export artifacts
reports/paper_material/paper4/tables/paper4_v341_v338_cashflow_online_ifrs9_gate.csv,table_csv,341,delete,generated Paper 4 loop artifact retired; not read by Quarto after closure,paper4_deep_cleanup_manifest_2026-05-18.csv; Paper 4 Quarto chapters; v467-v478 curated export artifacts
reports/paper_material/paper4/tables/paper4_v341_v338_cashflow_proxy_source_summary.csv,table_csv,341,delete,generated Paper 4 loop artifact retired; not read by Quarto after closure,paper4_deep_cleanup_manifest_2026-05-18.csv; Paper 4 Quarto chapters; v467-v478 curated export artifacts
reports/paper_material/paper4/tables/paper4_v341_v338_cashflow_proxy_summary.csv,table_csv,341,delete,generated Paper 4 loop artifact retired; not read by Quarto after closure,paper4_deep_cleanup_manifest_2026-05-18.csv; Paper 4 Quarto chapters; v467-v478 curated export artifacts
reports/paper_material/paper4/tables/paper4_v341_v338_online_temporal_cells.csv,table_csv,341,delete,generated Paper 4 loop artifact retired; not read by Quarto after closure,paper4_deep_cleanup_manifest_2026-05-18.csv; Paper 4 Quarto chapters; v467-v478 curated export artifacts
reports/paper_material/paper4/tables/paper4_v341_v338_online_temporal_summary.csv,table_csv,341,delete,generated Paper 4 loop artifact retired; not read by Quarto after closure,paper4_deep_cleanup_manifest_2026-05-18.csv; Paper 4 Quarto chapters; v467-v478 curated export artifacts
reports/paper_material/paper4/tables/paper4_v342_claim_blockers.csv,table_csv,342,delete,generated Paper 4 loop artifact retired; not read by Quarto after closure,paper4_deep_cleanup_manifest_2026-05-18.csv; Paper 4 Quarto chapters; v467-v478 curated export artifacts
reports/paper_material/paper4/tables/paper4_v342_claim_matrix_delta.csv,table_csv,342,delete,generated Paper 4 loop artifact retired; not read by Quarto after closure,paper4_deep_cleanup_manifest_2026-05-18.csv; Paper 4 Quarto chapters; v467-v478 curated export artifacts
reports/paper_material/paper4/tables/paper4_v342_proxy_gap_pool_summary.csv,table_csv,342,delete,generated Paper 4 loop artifact retired; not read by Quarto after closure,paper4_deep_cleanup_manifest_2026-05-18.csv; Paper 4 Quarto chapters; v467-v478 curated export artifacts
reports/paper_material/paper4/tables/paper4_v342_proxy_gap_tier_summary.csv,table_csv,342,delete,generated Paper 4 loop artifact retired; not read by Quarto after closure,paper4_deep_cleanup_manifest_2026-05-18.csv; Paper 4 Quarto chapters; v467-v478 curated export artifacts
reports/paper_material/paper4/tables/paper4_v342_relaxed_proxy_gap_actions.csv,table_csv,342,delete,generated Paper 4 loop artifact retired; not read by Quarto after closure,paper4_deep_cleanup_manifest_2026-05-18.csv; Paper 4 Quarto chapters; v467-v478 curated export artifacts
reports/paper_material/paper4/tables/paper4_v342_relaxed_proxy_gap_source_summary.csv,table_csv,342,delete,generated Paper 4 loop artifact retired; not read by Quarto after closure,paper4_deep_cleanup_manifest_2026-05-18.csv; Paper 4 Quarto chapters; v467-v478 curated export artifacts
reports/paper_material/paper4/tables/paper4_v342_v338_proxy_gap_repair_or_branch_price_protocol.csv,table_csv,342,delete,generated Paper 4 loop artifact retired; not read by Quarto after closure,paper4_deep_cleanup_manifest_2026-05-18.csv; Paper 4 Quarto chapters; v467-v478 curated export artifacts
reports/paper_material/paper4/tables/paper4_v343_claim_blockers.csv,table_csv,343,delete,generated Paper 4 loop artifact retired; not read by Quarto after closure,paper4_deep_cleanup_manifest_2026-05-18.csv; Paper 4 Quarto chapters; v467-v478 curated export artifacts
reports/paper_material/paper4/tables/paper4_v343_claim_matrix_delta.csv,table_csv,343,delete,generated Paper 4 loop artifact retired; not read by Quarto after closure,paper4_deep_cleanup_manifest_2026-05-18.csv; Paper 4 Quarto chapters; v467-v478 curated export artifacts
reports/paper_material/paper4/tables/paper4_v343_proxy_gap_pool_summary.csv,table_csv,343,delete,generated Paper 4 loop artifact retired; not read by Quarto after closure,paper4_deep_cleanup_manifest_2026-05-18.csv; Paper 4 Quarto chapters; v467-v478 curated export artifacts
reports/paper_material/paper4/tables/paper4_v343_proxy_gap_tier_summary.csv,table_csv,343,delete,generated Paper 4 loop artifact retired; not read by Quarto after closure,paper4_deep_cleanup_manifest_2026-05-18.csv; Paper 4 Quarto chapters; v467-v478 curated export artifacts
reports/paper_material/paper4/tables/paper4_v343_relaxed_proxy_gap_actions.csv,table_csv,343,delete,generated Paper 4 loop artifact retired; not read by Quarto after closure,paper4_deep_cleanup_manifest_2026-05-18.csv; Paper 4 Quarto chapters; v467-v478 curated export artifacts
reports/paper_material/paper4/tables/paper4_v343_relaxed_proxy_gap_source_summary.csv,table_csv,343,delete,generated Paper 4 loop artifact retired; not read by Quarto after closure,paper4_deep_cleanup_manifest_2026-05-18.csv; Paper 4 Quarto chapters; v467-v478 curated export artifacts
reports/paper_material/paper4/tables/paper4_v343_v338_expanded_pool_or_dual_bound_gate.csv,table_csv,343,delete,generated Paper 4 loop artifact retired; not read by Quarto after closure,paper4_deep_cleanup_manifest_2026-05-18.csv; Paper 4 Quarto chapters; v467-v478 curated export artifacts
reports/paper_material/paper4/tables/paper4_v344_claim_blockers.csv,table_csv,344,delete,generated Paper 4 loop artifact retired; not read by Quarto after closure,paper4_deep_cleanup_manifest_2026-05-18.csv; Paper 4 Quarto chapters; v467-v478 curated export artifacts
reports/paper_material/paper4/tables/paper4_v344_claim_matrix_delta.csv,table_csv,344,delete,generated Paper 4 loop artifact retired; not read by Quarto after closure,paper4_deep_cleanup_manifest_2026-05-18.csv; Paper 4 Quarto chapters; v467-v478 curated export artifacts
reports/paper_material/paper4/tables/paper4_v344_dual_bound_requirement_register.csv,table_csv,344,delete,generated Paper 4 loop artifact retired; not read by Quarto after closure,paper4_deep_cleanup_manifest_2026-05-18.csv; Paper 4 Quarto chapters; v467-v478 curated export artifacts
reports/paper_material/paper4/tables/paper4_v344_full_universe_candidate_partition.csv,table_csv,344,delete,generated Paper 4 loop artifact retired; not read by Quarto after closure,paper4_deep_cleanup_manifest_2026-05-18.csv; Paper 4 Quarto chapters; v467-v478 curated export artifacts
reports/paper_material/paper4/tables/paper4_v344_source_tight_candidate_map.csv,table_csv,344,delete,generated Paper 4 loop artifact retired; not read by Quarto after closure,paper4_deep_cleanup_manifest_2026-05-18.csv; Paper 4 Quarto chapters; v467-v478 curated export artifacts
reports/paper_material/paper4/tables/paper4_v344_v338_dual_bound_after_expanded_pool_gate.csv,table_csv,344,delete,generated Paper 4 loop artifact retired; not read by Quarto after closure,paper4_deep_cleanup_manifest_2026-05-18.csv; Paper 4 Quarto chapters; v467-v478 curated export artifacts
reports/paper_material/paper4/tables/paper4_v344_v338_source_slack_hotspots.csv,table_csv,344,delete,generated Paper 4 loop artifact retired; not read by Quarto after closure,paper4_deep_cleanup_manifest_2026-05-18.csv; Paper 4 Quarto chapters; v467-v478 curated export artifacts
reports/paper_material/paper4/tables/paper4_v345_claim_blockers.csv,table_csv,345,delete,generated Paper 4 loop artifact retired; not read by Quarto after closure,paper4_deep_cleanup_manifest_2026-05-18.csv; Paper 4 Quarto chapters; v467-v478 curated export artifacts
reports/paper_material/paper4/tables/paper4_v345_claim_matrix_delta.csv,table_csv,345,delete,generated Paper 4 loop artifact retired; not read by Quarto after closure,paper4_deep_cleanup_manifest_2026-05-18.csv; Paper 4 Quarto chapters; v467-v478 curated export artifacts
reports/paper_material/paper4/tables/paper4_v345_source_tight_candidate_diagnostics.csv,table_csv,345,delete,generated Paper 4 loop artifact retired; not read by Quarto after closure,paper4_deep_cleanup_manifest_2026-05-18.csv; Paper 4 Quarto chapters; v467-v478 curated export artifacts
reports/paper_material/paper4/tables/paper4_v345_source_tight_pair_stage_summary.csv,table_csv,345,delete,generated Paper 4 loop artifact retired; not read by Quarto after closure,paper4_deep_cleanup_manifest_2026-05-18.csv; Paper 4 Quarto chapters; v467-v478 curated export artifacts
reports/paper_material/paper4/tables/paper4_v345_source_tight_pricing_pairs.csv,table_csv,345,delete,generated Paper 4 loop artifact retired; not read by Quarto after closure,paper4_deep_cleanup_manifest_2026-05-18.csv; Paper 4 Quarto chapters; v467-v478 curated export artifacts
reports/paper_material/paper4/tables/paper4_v345_v338_source_tight_branch_price_screen.csv,table_csv,345,delete,generated Paper 4 loop artifact retired; not read by Quarto after closure,paper4_deep_cleanup_manifest_2026-05-18.csv; Paper 4 Quarto chapters; v467-v478 curated export artifacts
reports/paper_material/paper4/tables/paper4_v346_claim_blockers.csv,table_csv,346,delete,generated Paper 4 loop artifact retired; not read by Quarto after closure,paper4_deep_cleanup_manifest_2026-05-18.csv; Paper 4 Quarto chapters; v467-v478 curated export artifacts
reports/paper_material/paper4/tables/paper4_v346_claim_matrix_delta.csv,table_csv,346,delete,generated Paper 4 loop artifact retired; not read by Quarto after closure,paper4_deep_cleanup_manifest_2026-05-18.csv; Paper 4 Quarto chapters; v467-v478 curated export artifacts
reports/paper_material/paper4/tables/paper4_v346_multi_source_relief_candidate_screen.csv,table_csv,346,delete,generated Paper 4 loop artifact retired; not read by Quarto after closure,paper4_deep_cleanup_manifest_2026-05-18.csv; Paper 4 Quarto chapters; v467-v478 curated export artifacts
reports/paper_material/paper4/tables/paper4_v346_second_order_entering_candidates.csv,table_csv,346,delete,generated Paper 4 loop artifact retired; not read by Quarto after closure,paper4_deep_cleanup_manifest_2026-05-18.csv; Paper 4 Quarto chapters; v467-v478 curated export artifacts
reports/paper_material/paper4/tables/paper4_v346_second_order_seed_pair_summary.csv,table_csv,346,delete,generated Paper 4 loop artifact retired; not read by Quarto after closure,paper4_deep_cleanup_manifest_2026-05-18.csv; Paper 4 Quarto chapters; v467-v478 curated export artifacts
reports/paper_material/paper4/tables/paper4_v346_second_order_stage_summary.csv,table_csv,346,delete,generated Paper 4 loop artifact retired; not read by Quarto after closure,paper4_deep_cleanup_manifest_2026-05-18.csv; Paper 4 Quarto chapters; v467-v478 curated export artifacts
reports/paper_material/paper4/tables/paper4_v346_v338_multi_source_relief_or_bound_protocol.csv,table_csv,346,delete,generated Paper 4 loop artifact retired; not read by Quarto after closure,paper4_deep_cleanup_manifest_2026-05-18.csv; Paper 4 Quarto chapters; v467-v478 curated export artifacts
reports/paper_material/paper4/tables/paper4_v347_claim_blockers.csv,table_csv,347,delete,generated Paper 4 loop artifact retired; not read by Quarto after closure,paper4_deep_cleanup_manifest_2026-05-18.csv; Paper 4 Quarto chapters; v467-v478 curated export artifacts
reports/paper_material/paper4/tables/paper4_v347_claim_matrix_delta.csv,table_csv,347,delete,generated Paper 4 loop artifact retired; not read by Quarto after closure,paper4_deep_cleanup_manifest_2026-05-18.csv; Paper 4 Quarto chapters; v467-v478 curated export artifacts
reports/paper_material/paper4/tables/paper4_v347_v338_apply_multi_source_relief_candidate.csv,table_csv,347,delete,generated Paper 4 loop artifact retired; not read by Quarto after closure,paper4_deep_cleanup_manifest_2026-05-18.csv; Paper 4 Quarto chapters; v467-v478 curated export artifacts
reports/paper_material/paper4/tables/paper4_v347_v338_multi_source_relief_actions.csv,table_csv,347,delete,generated Paper 4 loop artifact retired; not read by Quarto after closure,paper4_deep_cleanup_manifest_2026-05-18.csv; Paper 4 Quarto chapters; v467-v478 curated export artifacts
reports/paper_material/paper4/tables/paper4_v347_v338_multi_source_relief_source_summary.csv,table_csv,347,delete,generated Paper 4 loop artifact retired; not read by Quarto after closure,paper4_deep_cleanup_manifest_2026-05-18.csv; Paper 4 Quarto chapters; v467-v478 curated export artifacts
reports/paper_material/paper4/tables/paper4_v348_claim_blockers.csv,table_csv,348,delete,generated Paper 4 loop artifact retired; not read by Quarto after closure,paper4_deep_cleanup_manifest_2026-05-18.csv; Paper 4 Quarto chapters; v467-v478 curated export artifacts
reports/paper_material/paper4/tables/paper4_v348_claim_matrix_delta.csv,table_csv,348,delete,generated Paper 4 loop artifact retired; not read by Quarto after closure,paper4_deep_cleanup_manifest_2026-05-18.csv; Paper 4 Quarto chapters; v467-v478 curated export artifacts
reports/paper_material/paper4/tables/paper4_v348_post_v347_one_swap_reprice.csv,table_csv,348,delete,generated Paper 4 loop artifact retired; not read by Quarto after closure,paper4_deep_cleanup_manifest_2026-05-18.csv; Paper 4 Quarto chapters; v467-v478 curated export artifacts
reports/paper_material/paper4/tables/paper4_v348_post_v347_one_swap_stage_summary.csv,table_csv,348,delete,generated Paper 4 loop artifact retired; not read by Quarto after closure,paper4_deep_cleanup_manifest_2026-05-18.csv; Paper 4 Quarto chapters; v467-v478 curated export artifacts
reports/paper_material/paper4/tables/paper4_v348_post_v347_one_swap_summary.csv,table_csv,348,delete,generated Paper 4 loop artifact retired; not read by Quarto after closure,paper4_deep_cleanup_manifest_2026-05-18.csv; Paper 4 Quarto chapters; v467-v478 curated export artifacts
reports/paper_material/paper4/tables/paper4_v348_post_v347_one_swap_top_candidates.csv,table_csv,348,delete,generated Paper 4 loop artifact retired; not read by Quarto after closure,paper4_deep_cleanup_manifest_2026-05-18.csv; Paper 4 Quarto chapters; v467-v478 curated export artifacts
reports/paper_material/paper4/tables/paper4_v349_claim_blockers.csv,table_csv,349,delete,generated Paper 4 loop artifact retired; not read by Quarto after closure,paper4_deep_cleanup_manifest_2026-05-18.csv; Paper 4 Quarto chapters; v467-v478 curated export artifacts
reports/paper_material/paper4/tables/paper4_v349_claim_matrix_delta.csv,table_csv,349,delete,generated Paper 4 loop artifact retired; not read by Quarto after closure,paper4_deep_cleanup_manifest_2026-05-18.csv; Paper 4 Quarto chapters; v467-v478 curated export artifacts
reports/paper_material/paper4/tables/paper4_v349_coverage_only_incumbent_actions.csv,table_csv,349,delete,generated Paper 4 loop artifact retired; not read by Quarto after closure,paper4_deep_cleanup_manifest_2026-05-18.csv; Paper 4 Quarto chapters; v467-v478 curated export artifacts
reports/paper_material/paper4/tables/paper4_v349_proxy_repair_pool_summary.csv,table_csv,349,delete,generated Paper 4 loop artifact retired; not read by Quarto after closure,paper4_deep_cleanup_manifest_2026-05-18.csv; Paper 4 Quarto chapters; v467-v478 curated export artifacts
reports/paper_material/paper4/tables/paper4_v349_proxy_repair_tier_summary.csv,table_csv,349,delete,generated Paper 4 loop artifact retired; not read by Quarto after closure,paper4_deep_cleanup_manifest_2026-05-18.csv; Paper 4 Quarto chapters; v467-v478 curated export artifacts
reports/paper_material/paper4/tables/paper4_v349_v347_proxy_or_dual_bound_gate.csv,table_csv,349,delete,generated Paper 4 loop artifact retired; not read by Quarto after closure,paper4_deep_cleanup_manifest_2026-05-18.csv; Paper 4 Quarto chapters; v467-v478 curated export artifacts
reports/paper_material/paper4/tables/paper4_v350_claim_blockers.csv,table_csv,350,delete,generated Paper 4 loop artifact retired; not read by Quarto after closure,paper4_deep_cleanup_manifest_2026-05-18.csv; Paper 4 Quarto chapters; v467-v478 curated export artifacts
reports/paper_material/paper4/tables/paper4_v350_claim_matrix_delta.csv,table_csv,350,delete,generated Paper 4 loop artifact retired; not read by Quarto after closure,paper4_deep_cleanup_manifest_2026-05-18.csv; Paper 4 Quarto chapters; v467-v478 curated export artifacts
reports/paper_material/paper4/tables/paper4_v350_dual_bound_requirement_register.csv,table_csv,350,delete,generated Paper 4 loop artifact retired; not read by Quarto after closure,paper4_deep_cleanup_manifest_2026-05-18.csv; Paper 4 Quarto chapters; v467-v478 curated export artifacts
reports/paper_material/paper4/tables/paper4_v350_full_universe_candidate_partition.csv,table_csv,350,delete,generated Paper 4 loop artifact retired; not read by Quarto after closure,paper4_deep_cleanup_manifest_2026-05-18.csv; Paper 4 Quarto chapters; v467-v478 curated export artifacts
reports/paper_material/paper4/tables/paper4_v350_v347_dual_bound_after_proxy_gate.csv,table_csv,350,delete,generated Paper 4 loop artifact retired; not read by Quarto after closure,paper4_deep_cleanup_manifest_2026-05-18.csv; Paper 4 Quarto chapters; v467-v478 curated export artifacts
reports/paper_material/paper4/tables/paper4_v350_v347_source_slack_hotspots.csv,table_csv,350,delete,generated Paper 4 loop artifact retired; not read by Quarto after closure,paper4_deep_cleanup_manifest_2026-05-18.csv; Paper 4 Quarto chapters; v467-v478 curated export artifacts
reports/paper_material/paper4/tables/paper4_v350_v347_source_tight_candidate_map.csv,table_csv,350,delete,generated Paper 4 loop artifact retired; not read by Quarto after closure,paper4_deep_cleanup_manifest_2026-05-18.csv; Paper 4 Quarto chapters; v467-v478 curated export artifacts
reports/paper_material/paper4/tables/paper4_v351_branch_price_candidate_screen.csv,table_csv,351,delete,generated Paper 4 loop artifact retired; not read by Quarto after closure,paper4_deep_cleanup_manifest_2026-05-18.csv; Paper 4 Quarto chapters; v467-v478 curated export artifacts
reports/paper_material/paper4/tables/paper4_v351_claim_blockers.csv,table_csv,351,delete,generated Paper 4 loop artifact retired; not read by Quarto after closure,paper4_deep_cleanup_manifest_2026-05-18.csv; Paper 4 Quarto chapters; v467-v478 curated export artifacts
reports/paper_material/paper4/tables/paper4_v351_claim_matrix_delta.csv,table_csv,351,delete,generated Paper 4 loop artifact retired; not read by Quarto after closure,paper4_deep_cleanup_manifest_2026-05-18.csv; Paper 4 Quarto chapters; v467-v478 curated export artifacts
reports/paper_material/paper4/tables/paper4_v351_second_order_branch_price_stage_summary.csv,table_csv,351,delete,generated Paper 4 loop artifact retired; not read by Quarto after closure,paper4_deep_cleanup_manifest_2026-05-18.csv; Paper 4 Quarto chapters; v467-v478 curated export artifacts
reports/paper_material/paper4/tables/paper4_v351_second_order_seed_pair_summary.csv,table_csv,351,delete,generated Paper 4 loop artifact retired; not read by Quarto after closure,paper4_deep_cleanup_manifest_2026-05-18.csv; Paper 4 Quarto chapters; v467-v478 curated export artifacts
reports/paper_material/paper4/tables/paper4_v351_v347_branch_price_or_dual_bound_loop.csv,table_csv,351,delete,generated Paper 4 loop artifact retired; not read by Quarto after closure,paper4_deep_cleanup_manifest_2026-05-18.csv; Paper 4 Quarto chapters; v467-v478 curated export artifacts
reports/paper_material/paper4/tables/paper4_v352_branch_price_candidate_screen.csv,table_csv,352,delete,generated Paper 4 loop artifact retired; not read by Quarto after closure,paper4_deep_cleanup_manifest_2026-05-18.csv; Paper 4 Quarto chapters; v467-v478 curated export artifacts
reports/paper_material/paper4/tables/paper4_v352_claim_blockers.csv,table_csv,352,delete,generated Paper 4 loop artifact retired; not read by Quarto after closure,paper4_deep_cleanup_manifest_2026-05-18.csv; Paper 4 Quarto chapters; v467-v478 curated export artifacts
reports/paper_material/paper4/tables/paper4_v352_claim_matrix_delta.csv,table_csv,352,delete,generated Paper 4 loop artifact retired; not read by Quarto after closure,paper4_deep_cleanup_manifest_2026-05-18.csv; Paper 4 Quarto chapters; v467-v478 curated export artifacts
reports/paper_material/paper4/tables/paper4_v352_entering_candidate_summary.csv,table_csv,352,delete,generated Paper 4 loop artifact retired; not read by Quarto after closure,paper4_deep_cleanup_manifest_2026-05-18.csv; Paper 4 Quarto chapters; v467-v478 curated export artifacts
reports/paper_material/paper4/tables/paper4_v352_third_order_branch_price_stage_summary.csv,table_csv,352,delete,generated Paper 4 loop artifact retired; not read by Quarto after closure,paper4_deep_cleanup_manifest_2026-05-18.csv; Paper 4 Quarto chapters; v467-v478 curated export artifacts
reports/paper_material/paper4/tables/paper4_v352_third_order_seed_summary.csv,table_csv,352,delete,generated Paper 4 loop artifact retired; not read by Quarto after closure,paper4_deep_cleanup_manifest_2026-05-18.csv; Paper 4 Quarto chapters; v467-v478 curated export artifacts
reports/paper_material/paper4/tables/paper4_v352_v347_expand_branch_price_or_dual_bound_loop.csv,table_csv,352,delete,generated Paper 4 loop artifact retired; not read by Quarto after closure,paper4_deep_cleanup_manifest_2026-05-18.csv; Paper 4 Quarto chapters; v467-v478 curated export artifacts
reports/paper_material/paper4/tables/paper4_v353_claim_blockers.csv,table_csv,353,delete,generated Paper 4 loop artifact retired; not read by Quarto after closure,paper4_deep_cleanup_manifest_2026-05-18.csv; Paper 4 Quarto chapters; v467-v478 curated export artifacts
reports/paper_material/paper4/tables/paper4_v353_claim_matrix_delta.csv,table_csv,353,delete,generated Paper 4 loop artifact retired; not read by Quarto after closure,paper4_deep_cleanup_manifest_2026-05-18.csv; Paper 4 Quarto chapters; v467-v478 curated export artifacts
reports/paper_material/paper4/tables/paper4_v353_v347_apply_expanded_branch_price_candidate.csv,table_csv,353,delete,generated Paper 4 loop artifact retired; not read by Quarto after closure,paper4_deep_cleanup_manifest_2026-05-18.csv; Paper 4 Quarto chapters; v467-v478 curated export artifacts
reports/paper_material/paper4/tables/paper4_v353_v347_expanded_branch_price_actions.csv,table_csv,353,delete,generated Paper 4 loop artifact retired; not read by Quarto after closure,paper4_deep_cleanup_manifest_2026-05-18.csv; Paper 4 Quarto chapters; v467-v478 curated export artifacts
reports/paper_material/paper4/tables/paper4_v353_v347_expanded_branch_price_source_summary.csv,table_csv,353,delete,generated Paper 4 loop artifact retired; not read by Quarto after closure,paper4_deep_cleanup_manifest_2026-05-18.csv; Paper 4 Quarto chapters; v467-v478 curated export artifacts
reports/paper_material/paper4/tables/paper4_v354_claim_blockers.csv,table_csv,354,delete,generated Paper 4 loop artifact retired; not read by Quarto after closure,paper4_deep_cleanup_manifest_2026-05-18.csv; Paper 4 Quarto chapters; v467-v478 curated export artifacts
reports/paper_material/paper4/tables/paper4_v354_claim_matrix_delta.csv,table_csv,354,delete,generated Paper 4 loop artifact retired; not read by Quarto after closure,paper4_deep_cleanup_manifest_2026-05-18.csv; Paper 4 Quarto chapters; v467-v478 curated export artifacts
reports/paper_material/paper4/tables/paper4_v354_post_v353_one_swap_reprice.csv,table_csv,354,delete,generated Paper 4 loop artifact retired; not read by Quarto after closure,paper4_deep_cleanup_manifest_2026-05-18.csv; Paper 4 Quarto chapters; v467-v478 curated export artifacts
reports/paper_material/paper4/tables/paper4_v354_post_v353_one_swap_stage_summary.csv,table_csv,354,delete,generated Paper 4 loop artifact retired; not read by Quarto after closure,paper4_deep_cleanup_manifest_2026-05-18.csv; Paper 4 Quarto chapters; v467-v478 curated export artifacts
reports/paper_material/paper4/tables/paper4_v354_post_v353_one_swap_summary.csv,table_csv,354,delete,generated Paper 4 loop artifact retired; not read by Quarto after closure,paper4_deep_cleanup_manifest_2026-05-18.csv; Paper 4 Quarto chapters; v467-v478 curated export artifacts
reports/paper_material/paper4/tables/paper4_v354_post_v353_one_swap_top_candidates.csv,table_csv,354,delete,generated Paper 4 loop artifact retired; not read by Quarto after closure,paper4_deep_cleanup_manifest_2026-05-18.csv; Paper 4 Quarto chapters; v467-v478 curated export artifacts
reports/paper_material/paper4/tables/paper4_v355_claim_blockers.csv,table_csv,355,delete,generated Paper 4 loop artifact retired; not read by Quarto after closure,paper4_deep_cleanup_manifest_2026-05-18.csv; Paper 4 Quarto chapters; v467-v478 curated export artifacts
reports/paper_material/paper4/tables/paper4_v355_claim_matrix_delta.csv,table_csv,355,delete,generated Paper 4 loop artifact retired; not read by Quarto after closure,paper4_deep_cleanup_manifest_2026-05-18.csv; Paper 4 Quarto chapters; v467-v478 curated export artifacts
reports/paper_material/paper4/tables/paper4_v355_coverage_only_incumbent_actions.csv,table_csv,355,delete,generated Paper 4 loop artifact retired; not read by Quarto after closure,paper4_deep_cleanup_manifest_2026-05-18.csv; Paper 4 Quarto chapters; v467-v478 curated export artifacts
reports/paper_material/paper4/tables/paper4_v355_proxy_repair_pool_summary.csv,table_csv,355,delete,generated Paper 4 loop artifact retired; not read by Quarto after closure,paper4_deep_cleanup_manifest_2026-05-18.csv; Paper 4 Quarto chapters; v467-v478 curated export artifacts
reports/paper_material/paper4/tables/paper4_v355_proxy_repair_tier_summary.csv,table_csv,355,delete,generated Paper 4 loop artifact retired; not read by Quarto after closure,paper4_deep_cleanup_manifest_2026-05-18.csv; Paper 4 Quarto chapters; v467-v478 curated export artifacts
reports/paper_material/paper4/tables/paper4_v355_v353_proxy_or_global_gate.csv,table_csv,355,delete,generated Paper 4 loop artifact retired; not read by Quarto after closure,paper4_deep_cleanup_manifest_2026-05-18.csv; Paper 4 Quarto chapters; v467-v478 curated export artifacts
reports/paper_material/paper4/tables/paper4_v356_claim_blockers.csv,table_csv,356,delete,generated Paper 4 loop artifact retired; not read by Quarto after closure,paper4_deep_cleanup_manifest_2026-05-18.csv; Paper 4 Quarto chapters; v467-v478 curated export artifacts
reports/paper_material/paper4/tables/paper4_v356_claim_matrix_delta.csv,table_csv,356,delete,generated Paper 4 loop artifact retired; not read by Quarto after closure,paper4_deep_cleanup_manifest_2026-05-18.csv; Paper 4 Quarto chapters; v467-v478 curated export artifacts
reports/paper_material/paper4/tables/paper4_v356_dual_bound_requirement_register.csv,table_csv,356,delete,generated Paper 4 loop artifact retired; not read by Quarto after closure,paper4_deep_cleanup_manifest_2026-05-18.csv; Paper 4 Quarto chapters; v467-v478 curated export artifacts
reports/paper_material/paper4/tables/paper4_v356_full_universe_candidate_partition.csv,table_csv,356,delete,generated Paper 4 loop artifact retired; not read by Quarto after closure,paper4_deep_cleanup_manifest_2026-05-18.csv; Paper 4 Quarto chapters; v467-v478 curated export artifacts
reports/paper_material/paper4/tables/paper4_v356_v353_dual_bound_after_proxy_gate.csv,table_csv,356,delete,generated Paper 4 loop artifact retired; not read by Quarto after closure,paper4_deep_cleanup_manifest_2026-05-18.csv; Paper 4 Quarto chapters; v467-v478 curated export artifacts
reports/paper_material/paper4/tables/paper4_v356_v353_source_slack_hotspots.csv,table_csv,356,delete,generated Paper 4 loop artifact retired; not read by Quarto after closure,paper4_deep_cleanup_manifest_2026-05-18.csv; Paper 4 Quarto chapters; v467-v478 curated export artifacts
reports/paper_material/paper4/tables/paper4_v356_v353_source_tight_candidate_map.csv,table_csv,356,delete,generated Paper 4 loop artifact retired; not read by Quarto after closure,paper4_deep_cleanup_manifest_2026-05-18.csv; Paper 4 Quarto chapters; v467-v478 curated export artifacts
reports/paper_material/paper4/tables/paper4_v357_branch_price_candidate_screen.csv,table_csv,357,delete,generated Paper 4 loop artifact retired; not read by Quarto after closure,paper4_deep_cleanup_manifest_2026-05-18.csv; Paper 4 Quarto chapters; v467-v478 curated export artifacts
reports/paper_material/paper4/tables/paper4_v357_claim_blockers.csv,table_csv,357,delete,generated Paper 4 loop artifact retired; not read by Quarto after closure,paper4_deep_cleanup_manifest_2026-05-18.csv; Paper 4 Quarto chapters; v467-v478 curated export artifacts
reports/paper_material/paper4/tables/paper4_v357_claim_matrix_delta.csv,table_csv,357,delete,generated Paper 4 loop artifact retired; not read by Quarto after closure,paper4_deep_cleanup_manifest_2026-05-18.csv; Paper 4 Quarto chapters; v467-v478 curated export artifacts
reports/paper_material/paper4/tables/paper4_v357_entering_candidate_summary.csv,table_csv,357,delete,generated Paper 4 loop artifact retired; not read by Quarto after closure,paper4_deep_cleanup_manifest_2026-05-18.csv; Paper 4 Quarto chapters; v467-v478 curated export artifacts
reports/paper_material/paper4/tables/paper4_v357_second_order_branch_price_stage_summary.csv,table_csv,357,delete,generated Paper 4 loop artifact retired; not read by Quarto after closure,paper4_deep_cleanup_manifest_2026-05-18.csv; Paper 4 Quarto chapters; v467-v478 curated export artifacts
reports/paper_material/paper4/tables/paper4_v357_second_order_seed_pair_summary.csv,table_csv,357,delete,generated Paper 4 loop artifact retired; not read by Quarto after closure,paper4_deep_cleanup_manifest_2026-05-18.csv; Paper 4 Quarto chapters; v467-v478 curated export artifacts
reports/paper_material/paper4/tables/paper4_v357_v353_branch_price_or_dual_bound_loop.csv,table_csv,357,delete,generated Paper 4 loop artifact retired; not read by Quarto after closure,paper4_deep_cleanup_manifest_2026-05-18.csv; Paper 4 Quarto chapters; v467-v478 curated export artifacts
reports/paper_material/paper4/tables/paper4_v358_candidate_disposition.csv,table_csv,358,delete,generated Paper 4 loop artifact retired; not read by Quarto after closure,paper4_deep_cleanup_manifest_2026-05-18.csv; Paper 4 Quarto chapters; v467-v478 curated export artifacts
reports/paper_material/paper4/tables/paper4_v358_claim_blockers.csv,table_csv,358,delete,generated Paper 4 loop artifact retired; not read by Quarto after closure,paper4_deep_cleanup_manifest_2026-05-18.csv; Paper 4 Quarto chapters; v467-v478 curated export artifacts
reports/paper_material/paper4/tables/paper4_v358_claim_matrix_delta.csv,table_csv,358,delete,generated Paper 4 loop artifact retired; not read by Quarto after closure,paper4_deep_cleanup_manifest_2026-05-18.csv; Paper 4 Quarto chapters; v467-v478 curated export artifacts
reports/paper_material/paper4/tables/paper4_v358_no_entry_scope_register.csv,table_csv,358,delete,generated Paper 4 loop artifact retired; not read by Quarto after closure,paper4_deep_cleanup_manifest_2026-05-18.csv; Paper 4 Quarto chapters; v467-v478 curated export artifacts
reports/paper_material/paper4/tables/paper4_v358_v353_apply_branch_price_candidate_or_bound_memo.csv,table_csv,358,delete,generated Paper 4 loop artifact retired; not read by Quarto after closure,paper4_deep_cleanup_manifest_2026-05-18.csv; Paper 4 Quarto chapters; v467-v478 curated export artifacts
reports/paper_material/paper4/tables/paper4_v359_branch_price_candidate_screen.csv,table_csv,359,delete,generated Paper 4 loop artifact retired; not read by Quarto after closure,paper4_deep_cleanup_manifest_2026-05-18.csv; Paper 4 Quarto chapters; v467-v478 curated export artifacts
reports/paper_material/paper4/tables/paper4_v359_claim_blockers.csv,table_csv,359,delete,generated Paper 4 loop artifact retired; not read by Quarto after closure,paper4_deep_cleanup_manifest_2026-05-18.csv; Paper 4 Quarto chapters; v467-v478 curated export artifacts
reports/paper_material/paper4/tables/paper4_v359_claim_matrix_delta.csv,table_csv,359,delete,generated Paper 4 loop artifact retired; not read by Quarto after closure,paper4_deep_cleanup_manifest_2026-05-18.csv; Paper 4 Quarto chapters; v467-v478 curated export artifacts
reports/paper_material/paper4/tables/paper4_v359_entering_candidate_summary.csv,table_csv,359,delete,generated Paper 4 loop artifact retired; not read by Quarto after closure,paper4_deep_cleanup_manifest_2026-05-18.csv; Paper 4 Quarto chapters; v467-v478 curated export artifacts
reports/paper_material/paper4/tables/paper4_v359_third_order_branch_price_stage_summary.csv,table_csv,359,delete,generated Paper 4 loop artifact retired; not read by Quarto after closure,paper4_deep_cleanup_manifest_2026-05-18.csv; Paper 4 Quarto chapters; v467-v478 curated export artifacts
reports/paper_material/paper4/tables/paper4_v359_third_order_seed_summary.csv,table_csv,359,delete,generated Paper 4 loop artifact retired; not read by Quarto after closure,paper4_deep_cleanup_manifest_2026-05-18.csv; Paper 4 Quarto chapters; v467-v478 curated export artifacts
reports/paper_material/paper4/tables/paper4_v359_v353_expand_branch_price_or_full_dual_bound.csv,table_csv,359,delete,generated Paper 4 loop artifact retired; not read by Quarto after closure,paper4_deep_cleanup_manifest_2026-05-18.csv; Paper 4 Quarto chapters; v467-v478 curated export artifacts
reports/paper_material/paper4/tables/paper4_v360_candidate_disposition.csv,table_csv,360,delete,generated Paper 4 loop artifact retired; not read by Quarto after closure,paper4_deep_cleanup_manifest_2026-05-18.csv; Paper 4 Quarto chapters; v467-v478 curated export artifacts
reports/paper_material/paper4/tables/paper4_v360_claim_blockers.csv,table_csv,360,delete,generated Paper 4 loop artifact retired; not read by Quarto after closure,paper4_deep_cleanup_manifest_2026-05-18.csv; Paper 4 Quarto chapters; v467-v478 curated export artifacts
reports/paper_material/paper4/tables/paper4_v360_claim_matrix_delta.csv,table_csv,360,delete,generated Paper 4 loop artifact retired; not read by Quarto after closure,paper4_deep_cleanup_manifest_2026-05-18.csv; Paper 4 Quarto chapters; v467-v478 curated export artifacts
reports/paper_material/paper4/tables/paper4_v360_no_entry_scope_register.csv,table_csv,360,delete,generated Paper 4 loop artifact retired; not read by Quarto after closure,paper4_deep_cleanup_manifest_2026-05-18.csv; Paper 4 Quarto chapters; v467-v478 curated export artifacts
reports/paper_material/paper4/tables/paper4_v360_v353_apply_expanded_branch_price_candidate_or_bound_memo.csv,table_csv,360,delete,generated Paper 4 loop artifact retired; not read by Quarto after closure,paper4_deep_cleanup_manifest_2026-05-18.csv; Paper 4 Quarto chapters; v467-v478 curated export artifacts
reports/paper_material/paper4/tables/paper4_v361_branch_price_candidate_screen.csv,table_csv,361,delete,generated Paper 4 loop artifact retired; not read by Quarto after closure,paper4_deep_cleanup_manifest_2026-05-18.csv; Paper 4 Quarto chapters; v467-v478 curated export artifacts
reports/paper_material/paper4/tables/paper4_v361_claim_blockers.csv,table_csv,361,delete,generated Paper 4 loop artifact retired; not read by Quarto after closure,paper4_deep_cleanup_manifest_2026-05-18.csv; Paper 4 Quarto chapters; v467-v478 curated export artifacts
reports/paper_material/paper4/tables/paper4_v361_claim_matrix_delta.csv,table_csv,361,delete,generated Paper 4 loop artifact retired; not read by Quarto after closure,paper4_deep_cleanup_manifest_2026-05-18.csv; Paper 4 Quarto chapters; v467-v478 curated export artifacts
reports/paper_material/paper4/tables/paper4_v361_entering_candidate_summary.csv,table_csv,361,delete,generated Paper 4 loop artifact retired; not read by Quarto after closure,paper4_deep_cleanup_manifest_2026-05-18.csv; Paper 4 Quarto chapters; v467-v478 curated export artifacts
reports/paper_material/paper4/tables/paper4_v361_fourth_order_branch_price_stage_summary.csv,table_csv,361,delete,generated Paper 4 loop artifact retired; not read by Quarto after closure,paper4_deep_cleanup_manifest_2026-05-18.csv; Paper 4 Quarto chapters; v467-v478 curated export artifacts
reports/paper_material/paper4/tables/paper4_v361_fourth_order_seed_summary.csv,table_csv,361,delete,generated Paper 4 loop artifact retired; not read by Quarto after closure,paper4_deep_cleanup_manifest_2026-05-18.csv; Paper 4 Quarto chapters; v467-v478 curated export artifacts
reports/paper_material/paper4/tables/paper4_v361_v353_fourth_order_or_full_dual_bound.csv,table_csv,361,delete,generated Paper 4 loop artifact retired; not read by Quarto after closure,paper4_deep_cleanup_manifest_2026-05-18.csv; Paper 4 Quarto chapters; v467-v478 curated export artifacts
reports/paper_material/paper4/tables/paper4_v362_candidate_disposition.csv,table_csv,362,delete,generated Paper 4 loop artifact retired; not read by Quarto after closure,paper4_deep_cleanup_manifest_2026-05-18.csv; Paper 4 Quarto chapters; v467-v478 curated export artifacts
reports/paper_material/paper4/tables/paper4_v362_claim_blockers.csv,table_csv,362,delete,generated Paper 4 loop artifact retired; not read by Quarto after closure,paper4_deep_cleanup_manifest_2026-05-18.csv; Paper 4 Quarto chapters; v467-v478 curated export artifacts
reports/paper_material/paper4/tables/paper4_v362_claim_matrix_delta.csv,table_csv,362,delete,generated Paper 4 loop artifact retired; not read by Quarto after closure,paper4_deep_cleanup_manifest_2026-05-18.csv; Paper 4 Quarto chapters; v467-v478 curated export artifacts
reports/paper_material/paper4/tables/paper4_v362_no_entry_scope_register.csv,table_csv,362,delete,generated Paper 4 loop artifact retired; not read by Quarto after closure,paper4_deep_cleanup_manifest_2026-05-18.csv; Paper 4 Quarto chapters; v467-v478 curated export artifacts
reports/paper_material/paper4/tables/paper4_v362_v353_apply_fourth_order_candidate_or_bound_memo.csv,table_csv,362,delete,generated Paper 4 loop artifact retired; not read by Quarto after closure,paper4_deep_cleanup_manifest_2026-05-18.csv; Paper 4 Quarto chapters; v467-v478 curated export artifacts
reports/paper_material/paper4/tables/paper4_v363_claim_blockers.csv,table_csv,363,delete,generated Paper 4 loop artifact retired; not read by Quarto after closure,paper4_deep_cleanup_manifest_2026-05-18.csv; Paper 4 Quarto chapters; v467-v478 curated export artifacts
reports/paper_material/paper4/tables/paper4_v363_claim_matrix_delta.csv,table_csv,363,delete,generated Paper 4 loop artifact retired; not read by Quarto after closure,paper4_deep_cleanup_manifest_2026-05-18.csv; Paper 4 Quarto chapters; v467-v478 curated export artifacts
reports/paper_material/paper4/tables/paper4_v363_dual_bound_requirement_register.csv,table_csv,363,delete,generated Paper 4 loop artifact retired; not read by Quarto after closure,paper4_deep_cleanup_manifest_2026-05-18.csv; Paper 4 Quarto chapters; v467-v478 curated export artifacts
reports/paper_material/paper4/tables/paper4_v363_v353_full_dual_bound_or_gap_certificate.csv,table_csv,363,delete,generated Paper 4 loop artifact retired; not read by Quarto after closure,paper4_deep_cleanup_manifest_2026-05-18.csv; Paper 4 Quarto chapters; v467-v478 curated export artifacts
reports/paper_material/paper4/tables/paper4_v364_claim_blockers.csv,table_csv,364,delete,generated Paper 4 loop artifact retired; not read by Quarto after closure,paper4_deep_cleanup_manifest_2026-05-18.csv; Paper 4 Quarto chapters; v467-v478 curated export artifacts
reports/paper_material/paper4/tables/paper4_v364_claim_matrix_delta.csv,table_csv,364,delete,generated Paper 4 loop artifact retired; not read by Quarto after closure,paper4_deep_cleanup_manifest_2026-05-18.csv; Paper 4 Quarto chapters; v467-v478 curated export artifacts
reports/paper_material/paper4/tables/paper4_v364_executable_pending_register.csv,table_csv,364,delete,generated Paper 4 loop artifact retired; not read by Quarto after closure,paper4_deep_cleanup_manifest_2026-05-18.csv; Paper 4 Quarto chapters; v467-v478 curated export artifacts
reports/paper_material/paper4/tables/paper4_v364_v353_dual_bound_resource_plan.csv,table_csv,364,delete,generated Paper 4 loop artifact retired; not read by Quarto after closure,paper4_deep_cleanup_manifest_2026-05-18.csv; Paper 4 Quarto chapters; v467-v478 curated export artifacts
reports/paper_material/paper4/tables/paper4_v365_claim_blockers.csv,table_csv,365,delete,generated Paper 4 loop artifact retired; not read by Quarto after closure,paper4_deep_cleanup_manifest_2026-05-18.csv; Paper 4 Quarto chapters; v467-v478 curated export artifacts
reports/paper_material/paper4/tables/paper4_v365_claim_matrix_delta.csv,table_csv,365,delete,generated Paper 4 loop artifact retired; not read by Quarto after closure,paper4_deep_cleanup_manifest_2026-05-18.csv; Paper 4 Quarto chapters; v467-v478 curated export artifacts
reports/paper_material/paper4/tables/paper4_v365_input_manifest.csv,table_csv,365,delete,generated Paper 4 loop artifact retired; not read by Quarto after closure,paper4_deep_cleanup_manifest_2026-05-18.csv; Paper 4 Quarto chapters; v467-v478 curated export artifacts
reports/paper_material/paper4/tables/paper4_v365_pricing_chunk_schedule.csv,table_csv,365,delete,generated Paper 4 loop artifact retired; not read by Quarto after closure,paper4_deep_cleanup_manifest_2026-05-18.csv; Paper 4 Quarto chapters; v467-v478 curated export artifacts
reports/paper_material/paper4/tables/paper4_v365_resource_estimates.csv,table_csv,365,delete,generated Paper 4 loop artifact retired; not read by Quarto after closure,paper4_deep_cleanup_manifest_2026-05-18.csv; Paper 4 Quarto chapters; v467-v478 curated export artifacts
reports/paper_material/paper4/tables/paper4_v365_v353_full_v55_pricing_chunk_plan.csv,table_csv,365,delete,generated Paper 4 loop artifact retired; not read by Quarto after closure,paper4_deep_cleanup_manifest_2026-05-18.csv; Paper 4 Quarto chapters; v467-v478 curated export artifacts
reports/paper_material/paper4/tables/paper4_v366_chunk_candidate_screen.csv,table_csv,366,delete,generated Paper 4 loop artifact retired; not read by Quarto after closure,paper4_deep_cleanup_manifest_2026-05-18.csv; Paper 4 Quarto chapters; v467-v478 curated export artifacts
reports/paper_material/paper4/tables/paper4_v366_chunk_stage_summary.csv,table_csv,366,delete,generated Paper 4 loop artifact retired; not read by Quarto after closure,paper4_deep_cleanup_manifest_2026-05-18.csv; Paper 4 Quarto chapters; v467-v478 curated export artifacts
reports/paper_material/paper4/tables/paper4_v366_claim_blockers.csv,table_csv,366,delete,generated Paper 4 loop artifact retired; not read by Quarto after closure,paper4_deep_cleanup_manifest_2026-05-18.csv; Paper 4 Quarto chapters; v467-v478 curated export artifacts
reports/paper_material/paper4/tables/paper4_v366_claim_matrix_delta.csv,table_csv,366,delete,generated Paper 4 loop artifact retired; not read by Quarto after closure,paper4_deep_cleanup_manifest_2026-05-18.csv; Paper 4 Quarto chapters; v467-v478 curated export artifacts
reports/paper_material/paper4/tables/paper4_v366_entering_candidate_summary.csv,table_csv,366,delete,generated Paper 4 loop artifact retired; not read by Quarto after closure,paper4_deep_cleanup_manifest_2026-05-18.csv; Paper 4 Quarto chapters; v467-v478 curated export artifacts
reports/paper_material/paper4/tables/paper4_v366_limitations.csv,table_csv,366,delete,generated Paper 4 loop artifact retired; not read by Quarto after closure,paper4_deep_cleanup_manifest_2026-05-18.csv; Paper 4 Quarto chapters; v467-v478 curated export artifacts
reports/paper_material/paper4/tables/paper4_v366_v353_full_v55_pricing_chunk_prototype.csv,table_csv,366,delete,generated Paper 4 loop artifact retired; not read by Quarto after closure,paper4_deep_cleanup_manifest_2026-05-18.csv; Paper 4 Quarto chapters; v467-v478 curated export artifacts
reports/paper_material/paper4/tables/paper4_v367_claim_blockers.csv,table_csv,367,delete,generated Paper 4 loop artifact retired; not read by Quarto after closure,paper4_deep_cleanup_manifest_2026-05-18.csv; Paper 4 Quarto chapters; v467-v478 curated export artifacts
reports/paper_material/paper4/tables/paper4_v367_claim_matrix_delta.csv,table_csv,367,delete,generated Paper 4 loop artifact retired; not read by Quarto after closure,paper4_deep_cleanup_manifest_2026-05-18.csv; Paper 4 Quarto chapters; v467-v478 curated export artifacts
reports/paper_material/paper4/tables/paper4_v367_route_decision_after_chunk_probe.csv,table_csv,367,delete,generated Paper 4 loop artifact retired; not read by Quarto after closure,paper4_deep_cleanup_manifest_2026-05-18.csv; Paper 4 Quarto chapters; v467-v478 curated export artifacts
reports/paper_material/paper4/tables/paper4_v367_route_option_scorecard.csv,table_csv,367,delete,generated Paper 4 loop artifact retired; not read by Quarto after closure,paper4_deep_cleanup_manifest_2026-05-18.csv; Paper 4 Quarto chapters; v467-v478 curated export artifacts
reports/paper_material/paper4/tables/paper4_v368_claim_blockers.csv,table_csv,368,delete,generated Paper 4 loop artifact retired; not read by Quarto after closure,paper4_deep_cleanup_manifest_2026-05-18.csv; Paper 4 Quarto chapters; v467-v478 curated export artifacts
reports/paper_material/paper4/tables/paper4_v368_claim_matrix_delta.csv,table_csv,368,delete,generated Paper 4 loop artifact retired; not read by Quarto after closure,paper4_deep_cleanup_manifest_2026-05-18.csv; Paper 4 Quarto chapters; v467-v478 curated export artifacts
reports/paper_material/paper4/tables/paper4_v368_evidence_trace.csv,table_csv,368,delete,generated Paper 4 loop artifact retired; not read by Quarto after closure,paper4_deep_cleanup_manifest_2026-05-18.csv; Paper 4 Quarto chapters; v467-v478 curated export artifacts
reports/paper_material/paper4/tables/paper4_v368_prohibited_claims.csv,table_csv,368,delete,generated Paper 4 loop artifact retired; not read by Quarto after closure,paper4_deep_cleanup_manifest_2026-05-18.csv; Paper 4 Quarto chapters; v467-v478 curated export artifacts
reports/paper_material/paper4/tables/paper4_v368_publishable_claim_scope_update.csv,table_csv,368,delete,generated Paper 4 loop artifact retired; not read by Quarto after closure,paper4_deep_cleanup_manifest_2026-05-18.csv; Paper 4 Quarto chapters; v467-v478 curated export artifacts
reports/paper_material/paper4/tables/paper4_v368_publishable_claims.csv,table_csv,368,delete,generated Paper 4 loop artifact retired; not read by Quarto after closure,paper4_deep_cleanup_manifest_2026-05-18.csv; Paper 4 Quarto chapters; v467-v478 curated export artifacts
reports/paper_material/paper4/tables/paper4_v369_claim_blockers.csv,table_csv,369,delete,generated Paper 4 loop artifact retired; not read by Quarto after closure,paper4_deep_cleanup_manifest_2026-05-18.csv; Paper 4 Quarto chapters; v467-v478 curated export artifacts
reports/paper_material/paper4/tables/paper4_v369_claim_matrix_delta.csv,table_csv,369,delete,generated Paper 4 loop artifact retired; not read by Quarto after closure,paper4_deep_cleanup_manifest_2026-05-18.csv; Paper 4 Quarto chapters; v467-v478 curated export artifacts
reports/paper_material/paper4/tables/paper4_v369_gate_requirement_matrix.csv,table_csv,369,delete,generated Paper 4 loop artifact retired; not read by Quarto after closure,paper4_deep_cleanup_manifest_2026-05-18.csv; Paper 4 Quarto chapters; v467-v478 curated export artifacts
reports/paper_material/paper4/tables/paper4_v369_offline_evidence_inventory.csv,table_csv,369,delete,generated Paper 4 loop artifact retired; not read by Quarto after closure,paper4_deep_cleanup_manifest_2026-05-18.csv; Paper 4 Quarto chapters; v467-v478 curated export artifacts
reports/paper_material/paper4/tables/paper4_v369_proxy_live_gate_separation.csv,table_csv,369,delete,generated Paper 4 loop artifact retired; not read by Quarto after closure,paper4_deep_cleanup_manifest_2026-05-18.csv; Paper 4 Quarto chapters; v467-v478 curated export artifacts
reports/paper_material/paper4/tables/paper4_v370_claim_blockers.csv,table_csv,370,delete,generated Paper 4 loop artifact retired; not read by Quarto after closure,paper4_deep_cleanup_manifest_2026-05-18.csv; Paper 4 Quarto chapters; v467-v478 curated export artifacts
reports/paper_material/paper4/tables/paper4_v370_claim_matrix_delta.csv,table_csv,370,delete,generated Paper 4 loop artifact retired; not read by Quarto after closure,paper4_deep_cleanup_manifest_2026-05-18.csv; Paper 4 Quarto chapters; v467-v478 curated export artifacts
reports/paper_material/paper4/tables/paper4_v370_future_execution_backlog_refresh.csv,table_csv,370,delete,generated Paper 4 loop artifact retired; not read by Quarto after closure,paper4_deep_cleanup_manifest_2026-05-18.csv; Paper 4 Quarto chapters; v467-v478 curated export artifacts
reports/paper_material/paper4/tables/paper4_v370_next_wave_options.csv,table_csv,370,delete,generated Paper 4 loop artifact retired; not read by Quarto after closure,paper4_deep_cleanup_manifest_2026-05-18.csv; Paper 4 Quarto chapters; v467-v478 curated export artifacts
reports/paper_material/paper4/tables/paper4_v371_claim_blockers.csv,table_csv,371,delete,generated Paper 4 loop artifact retired; not read by Quarto after closure,paper4_deep_cleanup_manifest_2026-05-18.csv; Paper 4 Quarto chapters; v467-v478 curated export artifacts
reports/paper_material/paper4/tables/paper4_v371_claim_matrix_delta.csv,table_csv,371,delete,generated Paper 4 loop artifact retired; not read by Quarto after closure,paper4_deep_cleanup_manifest_2026-05-18.csv; Paper 4 Quarto chapters; v467-v478 curated export artifacts
reports/paper_material/paper4/tables/paper4_v371_next_experiment_recommendations.csv,table_csv,371,delete,generated Paper 4 loop artifact retired; not read by Quarto after closure,paper4_deep_cleanup_manifest_2026-05-18.csv; Paper 4 Quarto chapters; v467-v478 curated export artifacts
reports/paper_material/paper4/tables/paper4_v371_source_family_retention.csv,table_csv,371,delete,generated Paper 4 loop artifact retired; not read by Quarto after closure,paper4_deep_cleanup_manifest_2026-05-18.csv; Paper 4 Quarto chapters; v467-v478 curated export artifacts
reports/paper_material/paper4/tables/paper4_v371_source_governance_blocker_diagnostic.csv,table_csv,371,delete,generated Paper 4 loop artifact retired; not read by Quarto after closure,paper4_deep_cleanup_manifest_2026-05-18.csv; Paper 4 Quarto chapters; v467-v478 curated export artifacts
reports/paper_material/paper4/tables/paper4_v371_source_pair_flow_diagnostics.csv,table_csv,371,delete,generated Paper 4 loop artifact retired; not read by Quarto after closure,paper4_deep_cleanup_manifest_2026-05-18.csv; Paper 4 Quarto chapters; v467-v478 curated export artifacts
reports/paper_material/paper4/tables/paper4_v371_tight_source_blockers.csv,table_csv,371,delete,generated Paper 4 loop artifact retired; not read by Quarto after closure,paper4_deep_cleanup_manifest_2026-05-18.csv; Paper 4 Quarto chapters; v467-v478 curated export artifacts
reports/paper_material/paper4/tables/paper4_v372_claim_blockers.csv,table_csv,372,delete,generated Paper 4 loop artifact retired; not read by Quarto after closure,paper4_deep_cleanup_manifest_2026-05-18.csv; Paper 4 Quarto chapters; v467-v478 curated export artifacts
reports/paper_material/paper4/tables/paper4_v372_claim_matrix_delta.csv,table_csv,372,delete,generated Paper 4 loop artifact retired; not read by Quarto after closure,paper4_deep_cleanup_manifest_2026-05-18.csv; Paper 4 Quarto chapters; v467-v478 curated export artifacts
reports/paper_material/paper4/tables/paper4_v372_grade_a_flow_return_budget.csv,table_csv,372,delete,generated Paper 4 loop artifact retired; not read by Quarto after closure,paper4_deep_cleanup_manifest_2026-05-18.csv; Paper 4 Quarto chapters; v467-v478 curated export artifacts
reports/paper_material/paper4/tables/paper4_v372_grade_a_source_relief_prefilter.csv,table_csv,372,delete,generated Paper 4 loop artifact retired; not read by Quarto after closure,paper4_deep_cleanup_manifest_2026-05-18.csv; Paper 4 Quarto chapters; v467-v478 curated export artifacts
reports/paper_material/paper4/tables/paper4_v372_route_options.csv,table_csv,372,delete,generated Paper 4 loop artifact retired; not read by Quarto after closure,paper4_deep_cleanup_manifest_2026-05-18.csv; Paper 4 Quarto chapters; v467-v478 curated export artifacts
reports/paper_material/paper4/tables/paper4_v372_top_grade_a_relief_budget_candidates.csv,table_csv,372,delete,generated Paper 4 loop artifact retired; not read by Quarto after closure,paper4_deep_cleanup_manifest_2026-05-18.csv; Paper 4 Quarto chapters; v467-v478 curated export artifacts
reports/paper_material/paper4/tables/paper4_v373_claim_blockers.csv,table_csv,373,delete,generated Paper 4 loop artifact retired; not read by Quarto after closure,paper4_deep_cleanup_manifest_2026-05-18.csv; Paper 4 Quarto chapters; v467-v478 curated export artifacts
reports/paper_material/paper4/tables/paper4_v373_claim_matrix_delta.csv,table_csv,373,delete,generated Paper 4 loop artifact retired; not read by Quarto after closure,paper4_deep_cleanup_manifest_2026-05-18.csv; Paper 4 Quarto chapters; v467-v478 curated export artifacts
reports/paper_material/paper4/tables/paper4_v373_full_v55_chunk_002_or_stop_rule.csv,table_csv,373,delete,generated Paper 4 loop artifact retired; not read by Quarto after closure,paper4_deep_cleanup_manifest_2026-05-18.csv; Paper 4 Quarto chapters; v467-v478 curated export artifacts
reports/paper_material/paper4/tables/paper4_v373_sampled_chunk_source_screen.csv,table_csv,373,delete,generated Paper 4 loop artifact retired; not read by Quarto after closure,paper4_deep_cleanup_manifest_2026-05-18.csv; Paper 4 Quarto chapters; v467-v478 curated export artifacts
reports/paper_material/paper4/tables/paper4_v373_stop_rule_register.csv,table_csv,373,delete,generated Paper 4 loop artifact retired; not read by Quarto after closure,paper4_deep_cleanup_manifest_2026-05-18.csv; Paper 4 Quarto chapters; v467-v478 curated export artifacts
reports/paper_material/paper4/tables/paper4_v374_claim_blockers.csv,table_csv,374,delete,generated Paper 4 loop artifact retired; not read by Quarto after closure,paper4_deep_cleanup_manifest_2026-05-18.csv; Paper 4 Quarto chapters; v467-v478 curated export artifacts
reports/paper_material/paper4/tables/paper4_v374_claim_language_section_draft.csv,table_csv,374,delete,generated Paper 4 loop artifact retired; not read by Quarto after closure,paper4_deep_cleanup_manifest_2026-05-18.csv; Paper 4 Quarto chapters; v467-v478 curated export artifacts
reports/paper_material/paper4/tables/paper4_v374_claim_matrix_delta.csv,table_csv,374,delete,generated Paper 4 loop artifact retired; not read by Quarto after closure,paper4_deep_cleanup_manifest_2026-05-18.csv; Paper 4 Quarto chapters; v467-v478 curated export artifacts
reports/paper_material/paper4/tables/paper4_v374_evidence_citation_map.csv,table_csv,374,delete,generated Paper 4 loop artifact retired; not read by Quarto after closure,paper4_deep_cleanup_manifest_2026-05-18.csv; Paper 4 Quarto chapters; v467-v478 curated export artifacts
reports/paper_material/paper4/tables/paper4_v374_prohibited_language_register.csv,table_csv,374,delete,generated Paper 4 loop artifact retired; not read by Quarto after closure,paper4_deep_cleanup_manifest_2026-05-18.csv; Paper 4 Quarto chapters; v467-v478 curated export artifacts
reports/paper_material/paper4/tables/paper4_v375_claim_blockers.csv,table_csv,375,delete,generated Paper 4 loop artifact retired; not read by Quarto after closure,paper4_deep_cleanup_manifest_2026-05-18.csv; Paper 4 Quarto chapters; v467-v478 curated export artifacts
reports/paper_material/paper4/tables/paper4_v375_claim_matrix_delta.csv,table_csv,375,delete,generated Paper 4 loop artifact retired; not read by Quarto after closure,paper4_deep_cleanup_manifest_2026-05-18.csv; Paper 4 Quarto chapters; v467-v478 curated export artifacts
reports/paper_material/paper4/tables/paper4_v375_claim_permission_register.csv,table_csv,375,delete,generated Paper 4 loop artifact retired; not read by Quarto after closure,paper4_deep_cleanup_manifest_2026-05-18.csv; Paper 4 Quarto chapters; v467-v478 curated export artifacts
reports/paper_material/paper4/tables/paper4_v375_gate_readiness_summary.csv,table_csv,375,delete,generated Paper 4 loop artifact retired; not read by Quarto after closure,paper4_deep_cleanup_manifest_2026-05-18.csv; Paper 4 Quarto chapters; v467-v478 curated export artifacts
reports/paper_material/paper4/tables/paper4_v375_live_gate_data_contract.csv,table_csv,375,delete,generated Paper 4 loop artifact retired; not read by Quarto after closure,paper4_deep_cleanup_manifest_2026-05-18.csv; Paper 4 Quarto chapters; v467-v478 curated export artifacts
reports/paper_material/paper4/tables/paper4_v376_allowed_sentence_bank.csv,table_csv,376,delete,generated Paper 4 loop artifact retired; not read by Quarto after closure,paper4_deep_cleanup_manifest_2026-05-18.csv; Paper 4 Quarto chapters; v467-v478 curated export artifacts
reports/paper_material/paper4/tables/paper4_v376_claim_blockers.csv,table_csv,376,delete,generated Paper 4 loop artifact retired; not read by Quarto after closure,paper4_deep_cleanup_manifest_2026-05-18.csv; Paper 4 Quarto chapters; v467-v478 curated export artifacts
reports/paper_material/paper4/tables/paper4_v376_claim_matrix_delta.csv,table_csv,376,delete,generated Paper 4 loop artifact retired; not read by Quarto after closure,paper4_deep_cleanup_manifest_2026-05-18.csv; Paper 4 Quarto chapters; v467-v478 curated export artifacts
reports/paper_material/paper4/tables/paper4_v376_figure_table_plan.csv,table_csv,376,delete,generated Paper 4 loop artifact retired; not read by Quarto after closure,paper4_deep_cleanup_manifest_2026-05-18.csv; Paper 4 Quarto chapters; v467-v478 curated export artifacts
reports/paper_material/paper4/tables/paper4_v376_prohibited_sentence_bank.csv,table_csv,376,delete,generated Paper 4 loop artifact retired; not read by Quarto after closure,paper4_deep_cleanup_manifest_2026-05-18.csv; Paper 4 Quarto chapters; v467-v478 curated export artifacts
reports/paper_material/paper4/tables/paper4_v376_section_integration_map.csv,table_csv,376,delete,generated Paper 4 loop artifact retired; not read by Quarto after closure,paper4_deep_cleanup_manifest_2026-05-18.csv; Paper 4 Quarto chapters; v467-v478 curated export artifacts
reports/paper_material/paper4/tables/paper4_v377_bundle_checks.csv,table_csv,377,delete,generated Paper 4 loop artifact retired; not read by Quarto after closure,paper4_deep_cleanup_manifest_2026-05-18.csv; Paper 4 Quarto chapters; v467-v478 curated export artifacts
reports/paper_material/paper4/tables/paper4_v377_claim_blockers.csv,table_csv,377,delete,generated Paper 4 loop artifact retired; not read by Quarto after closure,paper4_deep_cleanup_manifest_2026-05-18.csv; Paper 4 Quarto chapters; v467-v478 curated export artifacts
reports/paper_material/paper4/tables/paper4_v377_claim_matrix_delta.csv,table_csv,377,delete,generated Paper 4 loop artifact retired; not read by Quarto after closure,paper4_deep_cleanup_manifest_2026-05-18.csv; Paper 4 Quarto chapters; v467-v478 curated export artifacts
reports/paper_material/paper4/tables/paper4_v377_guardrail_manifest.csv,table_csv,377,delete,generated Paper 4 loop artifact retired; not read by Quarto after closure,paper4_deep_cleanup_manifest_2026-05-18.csv; Paper 4 Quarto chapters; v467-v478 curated export artifacts
reports/paper_material/paper4/tables/paper4_v377_reproducibility_bundle_manifest.csv,table_csv,377,delete,generated Paper 4 loop artifact retired; not read by Quarto after closure,paper4_deep_cleanup_manifest_2026-05-18.csv; Paper 4 Quarto chapters; v467-v478 curated export artifacts
reports/paper_material/paper4/tables/paper4_v377_status_manifest.csv,table_csv,377,delete,generated Paper 4 loop artifact retired; not read by Quarto after closure,paper4_deep_cleanup_manifest_2026-05-18.csv; Paper 4 Quarto chapters; v467-v478 curated export artifacts
reports/paper_material/paper4/tables/paper4_v378_claim_blockers.csv,table_csv,378,delete,generated Paper 4 loop artifact retired; not read by Quarto after closure,paper4_deep_cleanup_manifest_2026-05-18.csv; Paper 4 Quarto chapters; v467-v478 curated export artifacts
reports/paper_material/paper4/tables/paper4_v378_claim_matrix_delta.csv,table_csv,378,delete,generated Paper 4 loop artifact retired; not read by Quarto after closure,paper4_deep_cleanup_manifest_2026-05-18.csv; Paper 4 Quarto chapters; v467-v478 curated export artifacts
reports/paper_material/paper4/tables/paper4_v378_submission_gap_domain_summary.csv,table_csv,378,delete,generated Paper 4 loop artifact retired; not read by Quarto after closure,paper4_deep_cleanup_manifest_2026-05-18.csv; Paper 4 Quarto chapters; v467-v478 curated export artifacts
reports/paper_material/paper4/tables/paper4_v378_submission_readiness_gap_register.csv,table_csv,378,delete,generated Paper 4 loop artifact retired; not read by Quarto after closure,paper4_deep_cleanup_manifest_2026-05-18.csv; Paper 4 Quarto chapters; v467-v478 curated export artifacts
reports/paper_material/paper4/tables/paper4_v379_blocked_external_dependencies.csv,table_csv,379,delete,generated Paper 4 loop artifact retired; not read by Quarto after closure,paper4_deep_cleanup_manifest_2026-05-18.csv; Paper 4 Quarto chapters; v467-v478 curated export artifacts
reports/paper_material/paper4/tables/paper4_v379_claim_blockers.csv,table_csv,379,delete,generated Paper 4 loop artifact retired; not read by Quarto after closure,paper4_deep_cleanup_manifest_2026-05-18.csv; Paper 4 Quarto chapters; v467-v478 curated export artifacts
reports/paper_material/paper4/tables/paper4_v379_claim_matrix_delta.csv,table_csv,379,delete,generated Paper 4 loop artifact retired; not read by Quarto after closure,paper4_deep_cleanup_manifest_2026-05-18.csv; Paper 4 Quarto chapters; v467-v478 curated export artifacts
reports/paper_material/paper4/tables/paper4_v379_evidence_gap_closure_work_order.csv,table_csv,379,delete,generated Paper 4 loop artifact retired; not read by Quarto after closure,paper4_deep_cleanup_manifest_2026-05-18.csv; Paper 4 Quarto chapters; v467-v478 curated export artifacts
reports/paper_material/paper4/tables/paper4_v379_execution_queue.csv,table_csv,379,delete,generated Paper 4 loop artifact retired; not read by Quarto after closure,paper4_deep_cleanup_manifest_2026-05-18.csv; Paper 4 Quarto chapters; v467-v478 curated export artifacts
reports/paper_material/paper4/tables/paper4_v380_claim_blockers.csv,table_csv,380,delete,generated Paper 4 loop artifact retired; not read by Quarto after closure,paper4_deep_cleanup_manifest_2026-05-18.csv; Paper 4 Quarto chapters; v467-v478 curated export artifacts
reports/paper_material/paper4/tables/paper4_v380_claim_control_checklist.csv,table_csv,380,delete,generated Paper 4 loop artifact retired; not read by Quarto after closure,paper4_deep_cleanup_manifest_2026-05-18.csv; Paper 4 Quarto chapters; v467-v478 curated export artifacts
reports/paper_material/paper4/tables/paper4_v380_claim_matrix_delta.csv,table_csv,380,delete,generated Paper 4 loop artifact retired; not read by Quarto after closure,paper4_deep_cleanup_manifest_2026-05-18.csv; Paper 4 Quarto chapters; v467-v478 curated export artifacts
reports/paper_material/paper4/tables/paper4_v380_manuscript_todo_register.csv,table_csv,380,delete,generated Paper 4 loop artifact retired; not read by Quarto after closure,paper4_deep_cleanup_manifest_2026-05-18.csv; Paper 4 Quarto chapters; v467-v478 curated export artifacts
reports/paper_material/paper4/tables/paper4_v380_section_scaffold.csv,table_csv,380,delete,generated Paper 4 loop artifact retired; not read by Quarto after closure,paper4_deep_cleanup_manifest_2026-05-18.csv; Paper 4 Quarto chapters; v467-v478 curated export artifacts
reports/paper_material/paper4/tables/paper4_v381_citation_use_matrix.csv,table_csv,381,delete,generated Paper 4 loop artifact retired; not read by Quarto after closure,paper4_deep_cleanup_manifest_2026-05-18.csv; Paper 4 Quarto chapters; v467-v478 curated export artifacts
reports/paper_material/paper4/tables/paper4_v381_claim_blockers.csv,table_csv,381,delete,generated Paper 4 loop artifact retired; not read by Quarto after closure,paper4_deep_cleanup_manifest_2026-05-18.csv; Paper 4 Quarto chapters; v467-v478 curated export artifacts
reports/paper_material/paper4/tables/paper4_v381_claim_matrix_delta.csv,table_csv,381,delete,generated Paper 4 loop artifact retired; not read by Quarto after closure,paper4_deep_cleanup_manifest_2026-05-18.csv; Paper 4 Quarto chapters; v467-v478 curated export artifacts
reports/paper_material/paper4/tables/paper4_v381_source_gap_register.csv,table_csv,381,delete,generated Paper 4 loop artifact retired; not read by Quarto after closure,paper4_deep_cleanup_manifest_2026-05-18.csv; Paper 4 Quarto chapters; v467-v478 curated export artifacts
reports/paper_material/paper4/tables/paper4_v381_verified_literature_source_log.csv,table_csv,381,delete,generated Paper 4 loop artifact retired; not read by Quarto after closure,paper4_deep_cleanup_manifest_2026-05-18.csv; Paper 4 Quarto chapters; v467-v478 curated export artifacts
reports/paper_material/paper4/tables/paper4_v382_certificate_route_requirements.csv,table_csv,382,delete,generated Paper 4 loop artifact retired; not read by Quarto after closure,paper4_deep_cleanup_manifest_2026-05-18.csv; Paper 4 Quarto chapters; v467-v478 curated export artifacts
reports/paper_material/paper4/tables/paper4_v382_claim_blockers.csv,table_csv,382,delete,generated Paper 4 loop artifact retired; not read by Quarto after closure,paper4_deep_cleanup_manifest_2026-05-18.csv; Paper 4 Quarto chapters; v467-v478 curated export artifacts
reports/paper_material/paper4/tables/paper4_v382_claim_matrix_delta.csv,table_csv,382,delete,generated Paper 4 loop artifact retired; not read by Quarto after closure,paper4_deep_cleanup_manifest_2026-05-18.csv; Paper 4 Quarto chapters; v467-v478 curated export artifacts
reports/paper_material/paper4/tables/paper4_v382_global_solver_scope_decision.csv,table_csv,382,delete,generated Paper 4 loop artifact retired; not read by Quarto after closure,paper4_deep_cleanup_manifest_2026-05-18.csv; Paper 4 Quarto chapters; v467-v478 curated export artifacts
reports/paper_material/paper4/tables/paper4_v382_solver_claim_scope_register.csv,table_csv,382,delete,generated Paper 4 loop artifact retired; not read by Quarto after closure,paper4_deep_cleanup_manifest_2026-05-18.csv; Paper 4 Quarto chapters; v467-v478 curated export artifacts
reports/paper_material/paper4/tables/paper4_v383_blocker_evidence_map.csv,table_csv,383,delete,generated Paper 4 loop artifact retired; not read by Quarto after closure,paper4_deep_cleanup_manifest_2026-05-18.csv; Paper 4 Quarto chapters; v467-v478 curated export artifacts
reports/paper_material/paper4/tables/paper4_v383_claim_blockers.csv,table_csv,383,delete,generated Paper 4 loop artifact retired; not read by Quarto after closure,paper4_deep_cleanup_manifest_2026-05-18.csv; Paper 4 Quarto chapters; v467-v478 curated export artifacts
reports/paper_material/paper4/tables/paper4_v383_claim_matrix_delta.csv,table_csv,383,delete,generated Paper 4 loop artifact retired; not read by Quarto after closure,paper4_deep_cleanup_manifest_2026-05-18.csv; Paper 4 Quarto chapters; v467-v478 curated export artifacts
reports/paper_material/paper4/tables/paper4_v383_family_audit_priority_matrix.csv,table_csv,383,delete,generated Paper 4 loop artifact retired; not read by Quarto after closure,paper4_deep_cleanup_manifest_2026-05-18.csv; Paper 4 Quarto chapters; v467-v478 curated export artifacts
reports/paper_material/paper4/tables/paper4_v383_source_governance_audit_plan.csv,table_csv,383,delete,generated Paper 4 loop artifact retired; not read by Quarto after closure,paper4_deep_cleanup_manifest_2026-05-18.csv; Paper 4 Quarto chapters; v467-v478 curated export artifacts
reports/paper_material/paper4/tables/paper4_v384_claim_blockers.csv,table_csv,384,delete,generated Paper 4 loop artifact retired; not read by Quarto after closure,paper4_deep_cleanup_manifest_2026-05-18.csv; Paper 4 Quarto chapters; v467-v478 curated export artifacts
reports/paper_material/paper4/tables/paper4_v384_claim_matrix_delta.csv,table_csv,384,delete,generated Paper 4 loop artifact retired; not read by Quarto after closure,paper4_deep_cleanup_manifest_2026-05-18.csv; Paper 4 Quarto chapters; v467-v478 curated export artifacts
reports/paper_material/paper4/tables/paper4_v384_dependency_review_matrix.csv,table_csv,384,delete,generated Paper 4 loop artifact retired; not read by Quarto after closure,paper4_deep_cleanup_manifest_2026-05-18.csv; Paper 4 Quarto chapters; v467-v478 curated export artifacts
reports/paper_material/paper4/tables/paper4_v384_formal_claim_readiness_matrix.csv,table_csv,384,delete,generated Paper 4 loop artifact retired; not read by Quarto after closure,paper4_deep_cleanup_manifest_2026-05-18.csv; Paper 4 Quarto chapters; v467-v478 curated export artifacts
reports/paper_material/paper4/tables/paper4_v384_formal_spo_dla_review_packet.csv,table_csv,384,delete,generated Paper 4 loop artifact retired; not read by Quarto after closure,paper4_deep_cleanup_manifest_2026-05-18.csv; Paper 4 Quarto chapters; v467-v478 curated export artifacts
reports/paper_material/paper4/tables/paper4_v385_claim_blockers.csv,table_csv,385,delete,generated Paper 4 loop artifact retired; not read by Quarto after closure,paper4_deep_cleanup_manifest_2026-05-18.csv; Paper 4 Quarto chapters; v467-v478 curated export artifacts
reports/paper_material/paper4/tables/paper4_v385_claim_matrix_delta.csv,table_csv,385,delete,generated Paper 4 loop artifact retired; not read by Quarto after closure,paper4_deep_cleanup_manifest_2026-05-18.csv; Paper 4 Quarto chapters; v467-v478 curated export artifacts
reports/paper_material/paper4/tables/paper4_v385_quarto_missing_pages_register.csv,table_csv,385,delete,generated Paper 4 loop artifact retired; not read by Quarto after closure,paper4_deep_cleanup_manifest_2026-05-18.csv; Paper 4 Quarto chapters; v467-v478 curated export artifacts
reports/paper_material/paper4/tables/paper4_v385_validation_decision_matrix.csv,table_csv,385,delete,generated Paper 4 loop artifact retired; not read by Quarto after closure,paper4_deep_cleanup_manifest_2026-05-18.csv; Paper 4 Quarto chapters; v467-v478 curated export artifacts
reports/paper_material/paper4/tables/paper4_v385_validation_gap_triage.csv,table_csv,385,delete,generated Paper 4 loop artifact retired; not read by Quarto after closure,paper4_deep_cleanup_manifest_2026-05-18.csv; Paper 4 Quarto chapters; v467-v478 curated export artifacts
reports/paper_material/paper4/tables/paper4_v386_claim_blockers.csv,table_csv,386,delete,generated Paper 4 loop artifact retired; not read by Quarto after closure,paper4_deep_cleanup_manifest_2026-05-18.csv; Paper 4 Quarto chapters; v467-v478 curated export artifacts
reports/paper_material/paper4/tables/paper4_v386_claim_matrix_delta.csv,table_csv,386,delete,generated Paper 4 loop artifact retired; not read by Quarto after closure,paper4_deep_cleanup_manifest_2026-05-18.csv; Paper 4 Quarto chapters; v467-v478 curated export artifacts
reports/paper_material/paper4/tables/paper4_v386_quarto_archive_manifest.csv,table_csv,386,delete,generated Paper 4 loop artifact retired; not read by Quarto after closure,paper4_deep_cleanup_manifest_2026-05-18.csv; Paper 4 Quarto chapters; v467-v478 curated export artifacts
reports/paper_material/paper4/tables/paper4_v386_quarto_registration_gap_decision.csv,table_csv,386,delete,generated Paper 4 loop artifact retired; not read by Quarto after closure,paper4_deep_cleanup_manifest_2026-05-18.csv; Paper 4 Quarto chapters; v467-v478 curated export artifacts
reports/paper_material/paper4/tables/paper4_v386_quarto_registration_policy_matrix.csv,table_csv,386,delete,generated Paper 4 loop artifact retired; not read by Quarto after closure,paper4_deep_cleanup_manifest_2026-05-18.csv; Paper 4 Quarto chapters; v467-v478 curated export artifacts
reports/paper_material/paper4/tables/paper4_v387_archived_chapter_manifest.csv,table_csv,387,delete,generated Paper 4 loop artifact retired; not read by Quarto after closure,paper4_deep_cleanup_manifest_2026-05-18.csv; Paper 4 Quarto chapters; v467-v478 curated export artifacts
reports/paper_material/paper4/tables/paper4_v387_claim_blockers.csv,table_csv,387,delete,generated Paper 4 loop artifact retired; not read by Quarto after closure,paper4_deep_cleanup_manifest_2026-05-18.csv; Paper 4 Quarto chapters; v467-v478 curated export artifacts
reports/paper_material/paper4/tables/paper4_v387_claim_matrix_delta.csv,table_csv,387,delete,generated Paper 4 loop artifact retired; not read by Quarto after closure,paper4_deep_cleanup_manifest_2026-05-18.csv; Paper 4 Quarto chapters; v467-v478 curated export artifacts
reports/paper_material/paper4/tables/paper4_v387_guardrail_validation_matrix.csv,table_csv,387,delete,generated Paper 4 loop artifact retired; not read by Quarto after closure,paper4_deep_cleanup_manifest_2026-05-18.csv; Paper 4 Quarto chapters; v467-v478 curated export artifacts
reports/paper_material/paper4/tables/paper4_v387_quarto_archive_guardrail_patch.csv,table_csv,387,delete,generated Paper 4 loop artifact retired; not read by Quarto after closure,paper4_deep_cleanup_manifest_2026-05-18.csv; Paper 4 Quarto chapters; v467-v478 curated export artifacts
reports/paper_material/paper4/tables/paper4_v388_claim_blockers.csv,table_csv,388,delete,generated Paper 4 loop artifact retired; not read by Quarto after closure,paper4_deep_cleanup_manifest_2026-05-18.csv; Paper 4 Quarto chapters; v467-v478 curated export artifacts
reports/paper_material/paper4/tables/paper4_v388_claim_matrix_delta.csv,table_csv,388,delete,generated Paper 4 loop artifact retired; not read by Quarto after closure,paper4_deep_cleanup_manifest_2026-05-18.csv; Paper 4 Quarto chapters; v467-v478 curated export artifacts
reports/paper_material/paper4/tables/paper4_v388_next_probe_backlog.csv,table_csv,388,delete,generated Paper 4 loop artifact retired; not read by Quarto after closure,paper4_deep_cleanup_manifest_2026-05-18.csv; Paper 4 Quarto chapters; v467-v478 curated export artifacts
reports/paper_material/paper4/tables/paper4_v388_regression_probe_results.csv,table_csv,388,delete,generated Paper 4 loop artifact retired; not read by Quarto after closure,paper4_deep_cleanup_manifest_2026-05-18.csv; Paper 4 Quarto chapters; v467-v478 curated export artifacts
reports/paper_material/paper4/tables/paper4_v389_claim_blockers.csv,table_csv,389,delete,generated Paper 4 loop artifact retired; not read by Quarto after closure,paper4_deep_cleanup_manifest_2026-05-18.csv; Paper 4 Quarto chapters; v467-v478 curated export artifacts
reports/paper_material/paper4/tables/paper4_v389_claim_matrix_delta.csv,table_csv,389,delete,generated Paper 4 loop artifact retired; not read by Quarto after closure,paper4_deep_cleanup_manifest_2026-05-18.csv; Paper 4 Quarto chapters; v467-v478 curated export artifacts
reports/paper_material/paper4/tables/paper4_v389_failure_frontier.csv,table_csv,389,delete,generated Paper 4 loop artifact retired; not read by Quarto after closure,paper4_deep_cleanup_manifest_2026-05-18.csv; Paper 4 Quarto chapters; v467-v478 curated export artifacts
reports/paper_material/paper4/tables/paper4_v389_full_repository_pytest_probe.csv,table_csv,389,delete,generated Paper 4 loop artifact retired; not read by Quarto after closure,paper4_deep_cleanup_manifest_2026-05-18.csv; Paper 4 Quarto chapters; v467-v478 curated export artifacts
reports/paper_material/paper4/tables/paper4_v390_claim_blockers.csv,table_csv,390,delete,generated Paper 4 loop artifact retired; not read by Quarto after closure,paper4_deep_cleanup_manifest_2026-05-18.csv; Paper 4 Quarto chapters; v467-v478 curated export artifacts
reports/paper_material/paper4/tables/paper4_v390_claim_matrix_delta.csv,table_csv,390,delete,generated Paper 4 loop artifact retired; not read by Quarto after closure,paper4_deep_cleanup_manifest_2026-05-18.csv; Paper 4 Quarto chapters; v467-v478 curated export artifacts
reports/paper_material/paper4/tables/paper4_v390_lint_hotspot_files.csv,table_csv,390,delete,generated Paper 4 loop artifact retired; not read by Quarto after closure,paper4_deep_cleanup_manifest_2026-05-18.csv; Paper 4 Quarto chapters; v467-v478 curated export artifacts
reports/paper_material/paper4/tables/paper4_v390_lint_repair_plan.csv,table_csv,390,delete,generated Paper 4 loop artifact retired; not read by Quarto after closure,paper4_deep_cleanup_manifest_2026-05-18.csv; Paper 4 Quarto chapters; v467-v478 curated export artifacts
reports/paper_material/paper4/tables/paper4_v390_repository_lint_frontier.csv,table_csv,390,delete,generated Paper 4 loop artifact retired; not read by Quarto after closure,paper4_deep_cleanup_manifest_2026-05-18.csv; Paper 4 Quarto chapters; v467-v478 curated export artifacts
reports/paper_material/paper4/tables/paper4_v391_claim_blockers.csv,table_csv,391,delete,generated Paper 4 loop artifact retired; not read by Quarto after closure,paper4_deep_cleanup_manifest_2026-05-18.csv; Paper 4 Quarto chapters; v467-v478 curated export artifacts
reports/paper_material/paper4/tables/paper4_v391_claim_matrix_delta.csv,table_csv,391,delete,generated Paper 4 loop artifact retired; not read by Quarto after closure,paper4_deep_cleanup_manifest_2026-05-18.csv; Paper 4 Quarto chapters; v467-v478 curated export artifacts
reports/paper_material/paper4/tables/paper4_v391_lint_delta.csv,table_csv,391,delete,generated Paper 4 loop artifact retired; not read by Quarto after closure,paper4_deep_cleanup_manifest_2026-05-18.csv; Paper 4 Quarto chapters; v467-v478 curated export artifacts
reports/paper_material/paper4/tables/paper4_v391_targeted_lint_repair_batch.csv,table_csv,391,delete,generated Paper 4 loop artifact retired; not read by Quarto after closure,paper4_deep_cleanup_manifest_2026-05-18.csv; Paper 4 Quarto chapters; v467-v478 curated export artifacts
reports/paper_material/paper4/tables/paper4_v392_claim_blockers.csv,table_csv,392,delete,generated Paper 4 loop artifact retired; not read by Quarto after closure,paper4_deep_cleanup_manifest_2026-05-18.csv; Paper 4 Quarto chapters; v467-v478 curated export artifacts
reports/paper_material/paper4/tables/paper4_v392_claim_matrix_delta.csv,table_csv,392,delete,generated Paper 4 loop artifact retired; not read by Quarto after closure,paper4_deep_cleanup_manifest_2026-05-18.csv; Paper 4 Quarto chapters; v467-v478 curated export artifacts
reports/paper_material/paper4/tables/paper4_v392_lint_surface_summary.csv,table_csv,392,delete,generated Paper 4 loop artifact retired; not read by Quarto after closure,paper4_deep_cleanup_manifest_2026-05-18.csv; Paper 4 Quarto chapters; v467-v478 curated export artifacts
reports/paper_material/paper4/tables/paper4_v392_notebook_lint_dry_run_plan.csv,table_csv,392,delete,generated Paper 4 loop artifact retired; not read by Quarto after closure,paper4_deep_cleanup_manifest_2026-05-18.csv; Paper 4 Quarto chapters; v467-v478 curated export artifacts
reports/paper_material/paper4/tables/paper4_v392_notebook_lint_policy_decision.csv,table_csv,392,delete,generated Paper 4 loop artifact retired; not read by Quarto after closure,paper4_deep_cleanup_manifest_2026-05-18.csv; Paper 4 Quarto chapters; v467-v478 curated export artifacts
reports/paper_material/paper4/tables/paper4_v392_notebook_rule_frontier.csv,table_csv,392,delete,generated Paper 4 loop artifact retired; not read by Quarto after closure,paper4_deep_cleanup_manifest_2026-05-18.csv; Paper 4 Quarto chapters; v467-v478 curated export artifacts
reports/paper_material/paper4/tables/paper4_v393_claim_blockers.csv,table_csv,393,delete,generated Paper 4 loop artifact retired; not read by Quarto after closure,paper4_deep_cleanup_manifest_2026-05-18.csv; Paper 4 Quarto chapters; v467-v478 curated export artifacts
reports/paper_material/paper4/tables/paper4_v393_claim_matrix_delta.csv,table_csv,393,delete,generated Paper 4 loop artifact retired; not read by Quarto after closure,paper4_deep_cleanup_manifest_2026-05-18.csv; Paper 4 Quarto chapters; v467-v478 curated export artifacts
reports/paper_material/paper4/tables/paper4_v393_notebook_file_summary.csv,table_csv,393,delete,generated Paper 4 loop artifact retired; not read by Quarto after closure,paper4_deep_cleanup_manifest_2026-05-18.csv; Paper 4 Quarto chapters; v467-v478 curated export artifacts
reports/paper_material/paper4/tables/paper4_v393_notebook_fix_class_summary.csv,table_csv,393,delete,generated Paper 4 loop artifact retired; not read by Quarto after closure,paper4_deep_cleanup_manifest_2026-05-18.csv; Paper 4 Quarto chapters; v467-v478 curated export artifacts
reports/paper_material/paper4/tables/paper4_v393_notebook_lint_dry_run_manifest.csv,table_csv,393,delete,generated Paper 4 loop artifact retired; not read by Quarto after closure,paper4_deep_cleanup_manifest_2026-05-18.csv; Paper 4 Quarto chapters; v467-v478 curated export artifacts
reports/paper_material/paper4/tables/paper4_v394_claim_blockers.csv,table_csv,394,delete,generated Paper 4 loop artifact retired; not read by Quarto after closure,paper4_deep_cleanup_manifest_2026-05-18.csv; Paper 4 Quarto chapters; v467-v478 curated export artifacts
reports/paper_material/paper4/tables/paper4_v394_claim_matrix_delta.csv,table_csv,394,delete,generated Paper 4 loop artifact retired; not read by Quarto after closure,paper4_deep_cleanup_manifest_2026-05-18.csv; Paper 4 Quarto chapters; v467-v478 curated export artifacts
reports/paper_material/paper4/tables/paper4_v394_notebook_roundtrip_integrity.csv,table_csv,394,delete,generated Paper 4 loop artifact retired; not read by Quarto after closure,paper4_deep_cleanup_manifest_2026-05-18.csv; Paper 4 Quarto chapters; v467-v478 curated export artifacts
reports/paper_material/paper4/tables/paper4_v394_notebook_safe_fix_diagnostics.csv,table_csv,394,delete,generated Paper 4 loop artifact retired; not read by Quarto after closure,paper4_deep_cleanup_manifest_2026-05-18.csv; Paper 4 Quarto chapters; v467-v478 curated export artifacts
reports/paper_material/paper4/tables/paper4_v394_notebook_safe_fix_summary.csv,table_csv,394,delete,generated Paper 4 loop artifact retired; not read by Quarto after closure,paper4_deep_cleanup_manifest_2026-05-18.csv; Paper 4 Quarto chapters; v467-v478 curated export artifacts
reports/paper_material/paper4/tables/paper4_v395_claim_blockers.csv,table_csv,395,delete,generated Paper 4 loop artifact retired; not read by Quarto after closure,paper4_deep_cleanup_manifest_2026-05-18.csv; Paper 4 Quarto chapters; v467-v478 curated export artifacts
reports/paper_material/paper4/tables/paper4_v395_claim_matrix_delta.csv,table_csv,395,delete,generated Paper 4 loop artifact retired; not read by Quarto after closure,paper4_deep_cleanup_manifest_2026-05-18.csv; Paper 4 Quarto chapters; v467-v478 curated export artifacts
reports/paper_material/paper4/tables/paper4_v395_notebook_unsafe_fix_candidates.csv,table_csv,395,delete,generated Paper 4 loop artifact retired; not read by Quarto after closure,paper4_deep_cleanup_manifest_2026-05-18.csv; Paper 4 Quarto chapters; v467-v478 curated export artifacts
reports/paper_material/paper4/tables/paper4_v395_notebook_unsafe_fix_decision.csv,table_csv,395,delete,generated Paper 4 loop artifact retired; not read by Quarto after closure,paper4_deep_cleanup_manifest_2026-05-18.csv; Paper 4 Quarto chapters; v467-v478 curated export artifacts
reports/paper_material/paper4/tables/paper4_v396_claim_blockers.csv,table_csv,396,delete,generated Paper 4 loop artifact retired; not read by Quarto after closure,paper4_deep_cleanup_manifest_2026-05-18.csv; Paper 4 Quarto chapters; v467-v478 curated export artifacts
reports/paper_material/paper4/tables/paper4_v396_claim_matrix_delta.csv,table_csv,396,delete,generated Paper 4 loop artifact retired; not read by Quarto after closure,paper4_deep_cleanup_manifest_2026-05-18.csv; Paper 4 Quarto chapters; v467-v478 curated export artifacts
reports/paper_material/paper4/tables/paper4_v396_notebook_roundtrip_integrity.csv,table_csv,396,delete,generated Paper 4 loop artifact retired; not read by Quarto after closure,paper4_deep_cleanup_manifest_2026-05-18.csv; Paper 4 Quarto chapters; v467-v478 curated export artifacts
reports/paper_material/paper4/tables/paper4_v396_notebook_unsafe_fix_diagnostics.csv,table_csv,396,delete,generated Paper 4 loop artifact retired; not read by Quarto after closure,paper4_deep_cleanup_manifest_2026-05-18.csv; Paper 4 Quarto chapters; v467-v478 curated export artifacts
reports/paper_material/paper4/tables/paper4_v396_notebook_unsafe_fix_summary.csv,table_csv,396,delete,generated Paper 4 loop artifact retired; not read by Quarto after closure,paper4_deep_cleanup_manifest_2026-05-18.csv; Paper 4 Quarto chapters; v467-v478 curated export artifacts
reports/paper_material/paper4/tables/paper4_v397_claim_blockers.csv,table_csv,397,delete,generated Paper 4 loop artifact retired; not read by Quarto after closure,paper4_deep_cleanup_manifest_2026-05-18.csv; Paper 4 Quarto chapters; v467-v478 curated export artifacts
reports/paper_material/paper4/tables/paper4_v397_claim_matrix_delta.csv,table_csv,397,delete,generated Paper 4 loop artifact retired; not read by Quarto after closure,paper4_deep_cleanup_manifest_2026-05-18.csv; Paper 4 Quarto chapters; v467-v478 curated export artifacts
reports/paper_material/paper4/tables/paper4_v397_notebook_lint_delta.csv,table_csv,397,delete,generated Paper 4 loop artifact retired; not read by Quarto after closure,paper4_deep_cleanup_manifest_2026-05-18.csv; Paper 4 Quarto chapters; v467-v478 curated export artifacts
reports/paper_material/paper4/tables/paper4_v397_notebook_lint_diagnostics.csv,table_csv,397,delete,generated Paper 4 loop artifact retired; not read by Quarto after closure,paper4_deep_cleanup_manifest_2026-05-18.csv; Paper 4 Quarto chapters; v467-v478 curated export artifacts
reports/paper_material/paper4/tables/paper4_v397_notebook_patch_actions.csv,table_csv,397,delete,generated Paper 4 loop artifact retired; not read by Quarto after closure,paper4_deep_cleanup_manifest_2026-05-18.csv; Paper 4 Quarto chapters; v467-v478 curated export artifacts
reports/paper_material/paper4/tables/paper4_v397_notebook_roundtrip_integrity.csv,table_csv,397,delete,generated Paper 4 loop artifact retired; not read by Quarto after closure,paper4_deep_cleanup_manifest_2026-05-18.csv; Paper 4 Quarto chapters; v467-v478 curated export artifacts
reports/paper_material/paper4/tables/paper4_v398_claim_blockers.csv,table_csv,398,delete,generated Paper 4 loop artifact retired; not read by Quarto after closure,paper4_deep_cleanup_manifest_2026-05-18.csv; Paper 4 Quarto chapters; v467-v478 curated export artifacts
reports/paper_material/paper4/tables/paper4_v398_claim_matrix_delta.csv,table_csv,398,delete,generated Paper 4 loop artifact retired; not read by Quarto after closure,paper4_deep_cleanup_manifest_2026-05-18.csv; Paper 4 Quarto chapters; v467-v478 curated export artifacts
reports/paper_material/paper4/tables/paper4_v398_notebook_historical_e402_cell_summary.csv,table_csv,398,delete,generated Paper 4 loop artifact retired; not read by Quarto after closure,paper4_deep_cleanup_manifest_2026-05-18.csv; Paper 4 Quarto chapters; v467-v478 curated export artifacts
reports/paper_material/paper4/tables/paper4_v398_notebook_historical_e402_decision.csv,table_csv,398,delete,generated Paper 4 loop artifact retired; not read by Quarto after closure,paper4_deep_cleanup_manifest_2026-05-18.csv; Paper 4 Quarto chapters; v467-v478 curated export artifacts
reports/paper_material/paper4/tables/paper4_v398_notebook_historical_e402_file_summary.csv,table_csv,398,delete,generated Paper 4 loop artifact retired; not read by Quarto after closure,paper4_deep_cleanup_manifest_2026-05-18.csv; Paper 4 Quarto chapters; v467-v478 curated export artifacts
reports/paper_material/paper4/tables/paper4_v398_notebook_historical_e402_manifest.csv,table_csv,398,delete,generated Paper 4 loop artifact retired; not read by Quarto after closure,paper4_deep_cleanup_manifest_2026-05-18.csv; Paper 4 Quarto chapters; v467-v478 curated export artifacts
reports/paper_material/paper4/tables/paper4_v399_claim_blockers.csv,table_csv,399,delete,generated Paper 4 loop artifact retired; not read by Quarto after closure,paper4_deep_cleanup_manifest_2026-05-18.csv; Paper 4 Quarto chapters; v467-v478 curated export artifacts
reports/paper_material/paper4/tables/paper4_v399_claim_matrix_delta.csv,table_csv,399,delete,generated Paper 4 loop artifact retired; not read by Quarto after closure,paper4_deep_cleanup_manifest_2026-05-18.csv; Paper 4 Quarto chapters; v467-v478 curated export artifacts
reports/paper_material/paper4/tables/paper4_v399_notebook_e402_batch_plan.csv,table_csv,399,delete,generated Paper 4 loop artifact retired; not read by Quarto after closure,paper4_deep_cleanup_manifest_2026-05-18.csv; Paper 4 Quarto chapters; v467-v478 curated export artifacts
reports/paper_material/paper4/tables/paper4_v399_notebook_e402_cell_refactor_plan.csv,table_csv,399,delete,generated Paper 4 loop artifact retired; not read by Quarto after closure,paper4_deep_cleanup_manifest_2026-05-18.csv; Paper 4 Quarto chapters; v467-v478 curated export artifacts
reports/paper_material/paper4/tables/paper4_v39_candidate_registry.csv,table_csv,39,delete,generated Paper 4 loop artifact retired; not read by Quarto after closure,paper4_deep_cleanup_manifest_2026-05-18.csv; Paper 4 Quarto chapters; v467-v478 curated export artifacts
reports/paper_material/paper4/tables/paper4_v39_cvar_certificate_delta.csv,table_csv,39,delete,generated Paper 4 loop artifact retired; not read by Quarto after closure,paper4_deep_cleanup_manifest_2026-05-18.csv; Paper 4 Quarto chapters; v467-v478 curated export artifacts
reports/paper_material/paper4/tables/paper4_v39_dynamic_candidate_stress.csv,table_csv,39,delete,generated Paper 4 loop artifact retired; not read by Quarto after closure,paper4_deep_cleanup_manifest_2026-05-18.csv; Paper 4 Quarto chapters; v467-v478 curated export artifacts
reports/paper_material/paper4/tables/paper4_v39_ifrs9_sicr_proxy_update.csv,table_csv,39,delete,generated Paper 4 loop artifact retired; not read by Quarto after closure,paper4_deep_cleanup_manifest_2026-05-18.csv; Paper 4 Quarto chapters; v467-v478 curated export artifacts
reports/paper_material/paper4/tables/paper4_v39_online_source_family_holdout.csv,table_csv,39,delete,generated Paper 4 loop artifact retired; not read by Quarto after closure,paper4_deep_cleanup_manifest_2026-05-18.csv; Paper 4 Quarto chapters; v467-v478 curated export artifacts
reports/paper_material/paper4/tables/paper4_v39_source_governance_caps.csv,table_csv,39,delete,generated Paper 4 loop artifact retired; not read by Quarto after closure,paper4_deep_cleanup_manifest_2026-05-18.csv; Paper 4 Quarto chapters; v467-v478 curated export artifacts
reports/paper_material/paper4/tables/paper4_v400_claim_blockers.csv,table_csv,400,delete,generated Paper 4 loop artifact retired; not read by Quarto after closure,paper4_deep_cleanup_manifest_2026-05-18.csv; Paper 4 Quarto chapters; v467-v478 curated export artifacts
reports/paper_material/paper4/tables/paper4_v400_claim_matrix_delta.csv,table_csv,400,delete,generated Paper 4 loop artifact retired; not read by Quarto after closure,paper4_deep_cleanup_manifest_2026-05-18.csv; Paper 4 Quarto chapters; v467-v478 curated export artifacts
reports/paper_material/paper4/tables/paper4_v400_notebook_e402_local_import_hoist_actions.csv,table_csv,400,delete,generated Paper 4 loop artifact retired; not read by Quarto after closure,paper4_deep_cleanup_manifest_2026-05-18.csv; Paper 4 Quarto chapters; v467-v478 curated export artifacts
reports/paper_material/paper4/tables/paper4_v400_notebook_lint_delta.csv,table_csv,400,delete,generated Paper 4 loop artifact retired; not read by Quarto after closure,paper4_deep_cleanup_manifest_2026-05-18.csv; Paper 4 Quarto chapters; v467-v478 curated export artifacts
reports/paper_material/paper4/tables/paper4_v400_notebook_roundtrip_integrity.csv,table_csv,400,delete,generated Paper 4 loop artifact retired; not read by Quarto after closure,paper4_deep_cleanup_manifest_2026-05-18.csv; Paper 4 Quarto chapters; v467-v478 curated export artifacts
reports/paper_material/paper4/tables/paper4_v401_claim_blockers.csv,table_csv,401,delete,generated Paper 4 loop artifact retired; not read by Quarto after closure,paper4_deep_cleanup_manifest_2026-05-18.csv; Paper 4 Quarto chapters; v467-v478 curated export artifacts
reports/paper_material/paper4/tables/paper4_v401_claim_matrix_delta.csv,table_csv,401,delete,generated Paper 4 loop artifact retired; not read by Quarto after closure,paper4_deep_cleanup_manifest_2026-05-18.csv; Paper 4 Quarto chapters; v467-v478 curated export artifacts
reports/paper_material/paper4/tables/paper4_v401_notebook_warning_filter_batch_plan.csv,table_csv,401,delete,generated Paper 4 loop artifact retired; not read by Quarto after closure,paper4_deep_cleanup_manifest_2026-05-18.csv; Paper 4 Quarto chapters; v467-v478 curated export artifacts
reports/paper_material/paper4/tables/paper4_v401_notebook_warning_filter_refactor_plan.csv,table_csv,401,delete,generated Paper 4 loop artifact retired; not read by Quarto after closure,paper4_deep_cleanup_manifest_2026-05-18.csv; Paper 4 Quarto chapters; v467-v478 curated export artifacts
reports/paper_material/paper4/tables/paper4_v402_claim_blockers.csv,table_csv,402,delete,generated Paper 4 loop artifact retired; not read by Quarto after closure,paper4_deep_cleanup_manifest_2026-05-18.csv; Paper 4 Quarto chapters; v467-v478 curated export artifacts
reports/paper_material/paper4/tables/paper4_v402_claim_matrix_delta.csv,table_csv,402,delete,generated Paper 4 loop artifact retired; not read by Quarto after closure,paper4_deep_cleanup_manifest_2026-05-18.csv; Paper 4 Quarto chapters; v467-v478 curated export artifacts
reports/paper_material/paper4/tables/paper4_v402_notebook_lint_delta.csv,table_csv,402,delete,generated Paper 4 loop artifact retired; not read by Quarto after closure,paper4_deep_cleanup_manifest_2026-05-18.csv; Paper 4 Quarto chapters; v467-v478 curated export artifacts
reports/paper_material/paper4/tables/paper4_v402_notebook_roundtrip_integrity.csv,table_csv,402,delete,generated Paper 4 loop artifact retired; not read by Quarto after closure,paper4_deep_cleanup_manifest_2026-05-18.csv; Paper 4 Quarto chapters; v467-v478 curated export artifacts
reports/paper_material/paper4/tables/paper4_v402_notebook_warning_filter_reorder_actions.csv,table_csv,402,delete,generated Paper 4 loop artifact retired; not read by Quarto after closure,paper4_deep_cleanup_manifest_2026-05-18.csv; Paper 4 Quarto chapters; v467-v478 curated export artifacts
reports/paper_material/paper4/tables/paper4_v403_claim_blockers.csv,table_csv,403,delete,generated Paper 4 loop artifact retired; not read by Quarto after closure,paper4_deep_cleanup_manifest_2026-05-18.csv; Paper 4 Quarto chapters; v467-v478 curated export artifacts
reports/paper_material/paper4/tables/paper4_v403_claim_matrix_delta.csv,table_csv,403,delete,generated Paper 4 loop artifact retired; not read by Quarto after closure,paper4_deep_cleanup_manifest_2026-05-18.csv; Paper 4 Quarto chapters; v467-v478 curated export artifacts
reports/paper_material/paper4/tables/paper4_v403_notebook_lint_snapshot.csv,table_csv,403,delete,generated Paper 4 loop artifact retired; not read by Quarto after closure,paper4_deep_cleanup_manifest_2026-05-18.csv; Paper 4 Quarto chapters; v467-v478 curated export artifacts
reports/paper_material/paper4/tables/paper4_v403_pytest_probe_summary.csv,table_csv,403,delete,generated Paper 4 loop artifact retired; not read by Quarto after closure,paper4_deep_cleanup_manifest_2026-05-18.csv; Paper 4 Quarto chapters; v467-v478 curated export artifacts
reports/paper_material/paper4/tables/paper4_v404_claim_blockers.csv,table_csv,404,delete,generated Paper 4 loop artifact retired; not read by Quarto after closure,paper4_deep_cleanup_manifest_2026-05-18.csv; Paper 4 Quarto chapters; v467-v478 curated export artifacts
reports/paper_material/paper4/tables/paper4_v404_claim_matrix_delta.csv,table_csv,404,delete,generated Paper 4 loop artifact retired; not read by Quarto after closure,paper4_deep_cleanup_manifest_2026-05-18.csv; Paper 4 Quarto chapters; v467-v478 curated export artifacts
reports/paper_material/paper4/tables/paper4_v404_expected_lint_delta.csv,table_csv,404,delete,generated Paper 4 loop artifact retired; not read by Quarto after closure,paper4_deep_cleanup_manifest_2026-05-18.csv; Paper 4 Quarto chapters; v467-v478 curated export artifacts
reports/paper_material/paper4/tables/paper4_v404_import_viability_probe.csv,table_csv,404,delete,generated Paper 4 loop artifact retired; not read by Quarto after closure,paper4_deep_cleanup_manifest_2026-05-18.csv; Paper 4 Quarto chapters; v467-v478 curated export artifacts
reports/paper_material/paper4/tables/paper4_v404_notebook_sys_path_refactor_plan.csv,table_csv,404,delete,generated Paper 4 loop artifact retired; not read by Quarto after closure,paper4_deep_cleanup_manifest_2026-05-18.csv; Paper 4 Quarto chapters; v467-v478 curated export artifacts
reports/paper_material/paper4/tables/paper4_v405_claim_blockers.csv,table_csv,405,delete,generated Paper 4 loop artifact retired; not read by Quarto after closure,paper4_deep_cleanup_manifest_2026-05-18.csv; Paper 4 Quarto chapters; v467-v478 curated export artifacts
reports/paper_material/paper4/tables/paper4_v405_claim_matrix_delta.csv,table_csv,405,delete,generated Paper 4 loop artifact retired; not read by Quarto after closure,paper4_deep_cleanup_manifest_2026-05-18.csv; Paper 4 Quarto chapters; v467-v478 curated export artifacts
reports/paper_material/paper4/tables/paper4_v405_notebook_lint_delta.csv,table_csv,405,delete,generated Paper 4 loop artifact retired; not read by Quarto after closure,paper4_deep_cleanup_manifest_2026-05-18.csv; Paper 4 Quarto chapters; v467-v478 curated export artifacts
reports/paper_material/paper4/tables/paper4_v405_notebook_roundtrip_integrity.csv,table_csv,405,delete,generated Paper 4 loop artifact retired; not read by Quarto after closure,paper4_deep_cleanup_manifest_2026-05-18.csv; Paper 4 Quarto chapters; v467-v478 curated export artifacts
reports/paper_material/paper4/tables/paper4_v405_notebook_sys_path_refactor_actions.csv,table_csv,405,delete,generated Paper 4 loop artifact retired; not read by Quarto after closure,paper4_deep_cleanup_manifest_2026-05-18.csv; Paper 4 Quarto chapters; v467-v478 curated export artifacts
reports/paper_material/paper4/tables/paper4_v406_claim_blockers.csv,table_csv,406,delete,generated Paper 4 loop artifact retired; not read by Quarto after closure,paper4_deep_cleanup_manifest_2026-05-18.csv; Paper 4 Quarto chapters; v467-v478 curated export artifacts
reports/paper_material/paper4/tables/paper4_v406_claim_matrix_delta.csv,table_csv,406,delete,generated Paper 4 loop artifact retired; not read by Quarto after closure,paper4_deep_cleanup_manifest_2026-05-18.csv; Paper 4 Quarto chapters; v467-v478 curated export artifacts
reports/paper_material/paper4/tables/paper4_v406_notebook_lint_snapshot.csv,table_csv,406,delete,generated Paper 4 loop artifact retired; not read by Quarto after closure,paper4_deep_cleanup_manifest_2026-05-18.csv; Paper 4 Quarto chapters; v467-v478 curated export artifacts
reports/paper_material/paper4/tables/paper4_v406_pytest_probe_summary.csv,table_csv,406,delete,generated Paper 4 loop artifact retired; not read by Quarto after closure,paper4_deep_cleanup_manifest_2026-05-18.csv; Paper 4 Quarto chapters; v467-v478 curated export artifacts
reports/paper_material/paper4/tables/paper4_v407_claim_blockers.csv,table_csv,407,delete,generated Paper 4 loop artifact retired; not read by Quarto after closure,paper4_deep_cleanup_manifest_2026-05-18.csv; Paper 4 Quarto chapters; v467-v478 curated export artifacts
reports/paper_material/paper4/tables/paper4_v407_claim_matrix_delta.csv,table_csv,407,delete,generated Paper 4 loop artifact retired; not read by Quarto after closure,paper4_deep_cleanup_manifest_2026-05-18.csv; Paper 4 Quarto chapters; v467-v478 curated export artifacts
reports/paper_material/paper4/tables/paper4_v407_notebook_non_e402_lint_batch_plan.csv,table_csv,407,delete,generated Paper 4 loop artifact retired; not read by Quarto after closure,paper4_deep_cleanup_manifest_2026-05-18.csv; Paper 4 Quarto chapters; v467-v478 curated export artifacts
reports/paper_material/paper4/tables/paper4_v407_notebook_non_e402_lint_manifest.csv,table_csv,407,delete,generated Paper 4 loop artifact retired; not read by Quarto after closure,paper4_deep_cleanup_manifest_2026-05-18.csv; Paper 4 Quarto chapters; v467-v478 curated export artifacts
reports/paper_material/paper4/tables/paper4_v408_claim_blockers.csv,table_csv,408,delete,generated Paper 4 loop artifact retired; not read by Quarto after closure,paper4_deep_cleanup_manifest_2026-05-18.csv; Paper 4 Quarto chapters; v467-v478 curated export artifacts
reports/paper_material/paper4/tables/paper4_v408_claim_matrix_delta.csv,table_csv,408,delete,generated Paper 4 loop artifact retired; not read by Quarto after closure,paper4_deep_cleanup_manifest_2026-05-18.csv; Paper 4 Quarto chapters; v467-v478 curated export artifacts
reports/paper_material/paper4/tables/paper4_v408_notebook_b007_loop_var_actions.csv,table_csv,408,delete,generated Paper 4 loop artifact retired; not read by Quarto after closure,paper4_deep_cleanup_manifest_2026-05-18.csv; Paper 4 Quarto chapters; v467-v478 curated export artifacts
reports/paper_material/paper4/tables/paper4_v408_notebook_lint_delta.csv,table_csv,408,delete,generated Paper 4 loop artifact retired; not read by Quarto after closure,paper4_deep_cleanup_manifest_2026-05-18.csv; Paper 4 Quarto chapters; v467-v478 curated export artifacts
reports/paper_material/paper4/tables/paper4_v408_notebook_roundtrip_integrity.csv,table_csv,408,delete,generated Paper 4 loop artifact retired; not read by Quarto after closure,paper4_deep_cleanup_manifest_2026-05-18.csv; Paper 4 Quarto chapters; v467-v478 curated export artifacts
reports/paper_material/paper4/tables/paper4_v409_claim_blockers.csv,table_csv,409,delete,generated Paper 4 loop artifact retired; not read by Quarto after closure,paper4_deep_cleanup_manifest_2026-05-18.csv; Paper 4 Quarto chapters; v467-v478 curated export artifacts
reports/paper_material/paper4/tables/paper4_v409_claim_matrix_delta.csv,table_csv,409,delete,generated Paper 4 loop artifact retired; not read by Quarto after closure,paper4_deep_cleanup_manifest_2026-05-18.csv; Paper 4 Quarto chapters; v467-v478 curated export artifacts
reports/paper_material/paper4/tables/paper4_v409_notebook_b018_display_review.csv,table_csv,409,delete,generated Paper 4 loop artifact retired; not read by Quarto after closure,paper4_deep_cleanup_manifest_2026-05-18.csv; Paper 4 Quarto chapters; v467-v478 curated export artifacts
reports/paper_material/paper4/tables/paper4_v409_notebook_b018_patch_plan.csv,table_csv,409,delete,generated Paper 4 loop artifact retired; not read by Quarto after closure,paper4_deep_cleanup_manifest_2026-05-18.csv; Paper 4 Quarto chapters; v467-v478 curated export artifacts
reports/paper_material/paper4/tables/paper4_v40_dla_rollout_reaudit.csv,table_csv,40,delete,generated Paper 4 loop artifact retired; not read by Quarto after closure,paper4_deep_cleanup_manifest_2026-05-18.csv; Paper 4 Quarto chapters; v467-v478 curated export artifacts
reports/paper_material/paper4/tables/paper4_v40_spo_dependency_audit.csv,table_csv,40,delete,generated Paper 4 loop artifact retired; not read by Quarto after closure,paper4_deep_cleanup_manifest_2026-05-18.csv; Paper 4 Quarto chapters; v467-v478 curated export artifacts
reports/paper_material/paper4/tables/paper4_v40_spo_oracle_regret_v4.csv,table_csv,40,delete,generated Paper 4 loop artifact retired; not read by Quarto after closure,paper4_deep_cleanup_manifest_2026-05-18.csv; Paper 4 Quarto chapters; v467-v478 curated export artifacts
reports/paper_material/paper4/tables/paper4_v410_claim_blockers.csv,table_csv,410,delete,generated Paper 4 loop artifact retired; not read by Quarto after closure,paper4_deep_cleanup_manifest_2026-05-18.csv; Paper 4 Quarto chapters; v467-v478 curated export artifacts
reports/paper_material/paper4/tables/paper4_v410_claim_matrix_delta.csv,table_csv,410,delete,generated Paper 4 loop artifact retired; not read by Quarto after closure,paper4_deep_cleanup_manifest_2026-05-18.csv; Paper 4 Quarto chapters; v467-v478 curated export artifacts
reports/paper_material/paper4/tables/paper4_v410_notebook_b018_fig_show_actions.csv,table_csv,410,delete,generated Paper 4 loop artifact retired; not read by Quarto after closure,paper4_deep_cleanup_manifest_2026-05-18.csv; Paper 4 Quarto chapters; v467-v478 curated export artifacts
reports/paper_material/paper4/tables/paper4_v410_notebook_lint_delta.csv,table_csv,410,delete,generated Paper 4 loop artifact retired; not read by Quarto after closure,paper4_deep_cleanup_manifest_2026-05-18.csv; Paper 4 Quarto chapters; v467-v478 curated export artifacts
reports/paper_material/paper4/tables/paper4_v410_notebook_roundtrip_integrity.csv,table_csv,410,delete,generated Paper 4 loop artifact retired; not read by Quarto after closure,paper4_deep_cleanup_manifest_2026-05-18.csv; Paper 4 Quarto chapters; v467-v478 curated export artifacts
reports/paper_material/paper4/tables/paper4_v411_claim_blockers.csv,table_csv,411,delete,generated Paper 4 loop artifact retired; not read by Quarto after closure,paper4_deep_cleanup_manifest_2026-05-18.csv; Paper 4 Quarto chapters; v467-v478 curated export artifacts
reports/paper_material/paper4/tables/paper4_v411_claim_matrix_delta.csv,table_csv,411,delete,generated Paper 4 loop artifact retired; not read by Quarto after closure,paper4_deep_cleanup_manifest_2026-05-18.csv; Paper 4 Quarto chapters; v467-v478 curated export artifacts
reports/paper_material/paper4/tables/paper4_v411_notebook_lint_snapshot.csv,table_csv,411,delete,generated Paper 4 loop artifact retired; not read by Quarto after closure,paper4_deep_cleanup_manifest_2026-05-18.csv; Paper 4 Quarto chapters; v467-v478 curated export artifacts
reports/paper_material/paper4/tables/paper4_v411_pytest_probe_summary.csv,table_csv,411,delete,generated Paper 4 loop artifact retired; not read by Quarto after closure,paper4_deep_cleanup_manifest_2026-05-18.csv; Paper 4 Quarto chapters; v467-v478 curated export artifacts
reports/paper_material/paper4/tables/paper4_v412_claim_blockers.csv,table_csv,412,delete,generated Paper 4 loop artifact retired; not read by Quarto after closure,paper4_deep_cleanup_manifest_2026-05-18.csv; Paper 4 Quarto chapters; v467-v478 curated export artifacts
reports/paper_material/paper4/tables/paper4_v412_claim_matrix_delta.csv,table_csv,412,delete,generated Paper 4 loop artifact retired; not read by Quarto after closure,paper4_deep_cleanup_manifest_2026-05-18.csv; Paper 4 Quarto chapters; v467-v478 curated export artifacts
reports/paper_material/paper4/tables/paper4_v412_notebook_f821_context_evidence.csv,table_csv,412,delete,generated Paper 4 loop artifact retired; not read by Quarto after closure,paper4_deep_cleanup_manifest_2026-05-18.csv; Paper 4 Quarto chapters; v467-v478 curated export artifacts
reports/paper_material/paper4/tables/paper4_v412_notebook_f821_execution_context_audit.csv,table_csv,412,delete,generated Paper 4 loop artifact retired; not read by Quarto after closure,paper4_deep_cleanup_manifest_2026-05-18.csv; Paper 4 Quarto chapters; v467-v478 curated export artifacts
reports/paper_material/paper4/tables/paper4_v412_notebook_f821_patch_plan.csv,table_csv,412,delete,generated Paper 4 loop artifact retired; not read by Quarto after closure,paper4_deep_cleanup_manifest_2026-05-18.csv; Paper 4 Quarto chapters; v467-v478 curated export artifacts
reports/paper_material/paper4/tables/paper4_v413_claim_blockers.csv,table_csv,413,delete,generated Paper 4 loop artifact retired; not read by Quarto after closure,paper4_deep_cleanup_manifest_2026-05-18.csv; Paper 4 Quarto chapters; v467-v478 curated export artifacts
reports/paper_material/paper4/tables/paper4_v413_claim_matrix_delta.csv,table_csv,413,delete,generated Paper 4 loop artifact retired; not read by Quarto after closure,paper4_deep_cleanup_manifest_2026-05-18.csv; Paper 4 Quarto chapters; v467-v478 curated export artifacts
reports/paper_material/paper4/tables/paper4_v413_notebook_f821_validation_target_actions.csv,table_csv,413,delete,generated Paper 4 loop artifact retired; not read by Quarto after closure,paper4_deep_cleanup_manifest_2026-05-18.csv; Paper 4 Quarto chapters; v467-v478 curated export artifacts
reports/paper_material/paper4/tables/paper4_v413_notebook_lint_delta.csv,table_csv,413,delete,generated Paper 4 loop artifact retired; not read by Quarto after closure,paper4_deep_cleanup_manifest_2026-05-18.csv; Paper 4 Quarto chapters; v467-v478 curated export artifacts
reports/paper_material/paper4/tables/paper4_v413_notebook_roundtrip_integrity.csv,table_csv,413,delete,generated Paper 4 loop artifact retired; not read by Quarto after closure,paper4_deep_cleanup_manifest_2026-05-18.csv; Paper 4 Quarto chapters; v467-v478 curated export artifacts
reports/paper_material/paper4/tables/paper4_v414_claim_blockers.csv,table_csv,414,delete,generated Paper 4 loop artifact retired; not read by Quarto after closure,paper4_deep_cleanup_manifest_2026-05-18.csv; Paper 4 Quarto chapters; v467-v478 curated export artifacts
reports/paper_material/paper4/tables/paper4_v414_claim_matrix_delta.csv,table_csv,414,delete,generated Paper 4 loop artifact retired; not read by Quarto after closure,paper4_deep_cleanup_manifest_2026-05-18.csv; Paper 4 Quarto chapters; v467-v478 curated export artifacts
reports/paper_material/paper4/tables/paper4_v414_notebook_lint_snapshot.csv,table_csv,414,delete,generated Paper 4 loop artifact retired; not read by Quarto after closure,paper4_deep_cleanup_manifest_2026-05-18.csv; Paper 4 Quarto chapters; v467-v478 curated export artifacts
reports/paper_material/paper4/tables/paper4_v414_pytest_probe_summary.csv,table_csv,414,delete,generated Paper 4 loop artifact retired; not read by Quarto after closure,paper4_deep_cleanup_manifest_2026-05-18.csv; Paper 4 Quarto chapters; v467-v478 curated export artifacts
reports/paper_material/paper4/tables/paper4_v415_claim_blockers.csv,table_csv,415,delete,generated Paper 4 loop artifact retired; not read by Quarto after closure,paper4_deep_cleanup_manifest_2026-05-18.csv; Paper 4 Quarto chapters; v467-v478 curated export artifacts
reports/paper_material/paper4/tables/paper4_v415_claim_matrix_delta.csv,table_csv,415,delete,generated Paper 4 loop artifact retired; not read by Quarto after closure,paper4_deep_cleanup_manifest_2026-05-18.csv; Paper 4 Quarto chapters; v467-v478 curated export artifacts
reports/paper_material/paper4/tables/paper4_v415_notebook_remaining_style_lint_manifest.csv,table_csv,415,delete,generated Paper 4 loop artifact retired; not read by Quarto after closure,paper4_deep_cleanup_manifest_2026-05-18.csv; Paper 4 Quarto chapters; v467-v478 curated export artifacts
reports/paper_material/paper4/tables/paper4_v415_notebook_style_lint_batch_plan.csv,table_csv,415,delete,generated Paper 4 loop artifact retired; not read by Quarto after closure,paper4_deep_cleanup_manifest_2026-05-18.csv; Paper 4 Quarto chapters; v467-v478 curated export artifacts
reports/paper_material/paper4/tables/paper4_v416_claim_blockers.csv,table_csv,416,delete,generated Paper 4 loop artifact retired; not read by Quarto after closure,paper4_deep_cleanup_manifest_2026-05-18.csv; Paper 4 Quarto chapters; v467-v478 curated export artifacts
reports/paper_material/paper4/tables/paper4_v416_claim_matrix_delta.csv,table_csv,416,delete,generated Paper 4 loop artifact retired; not read by Quarto after closure,paper4_deep_cleanup_manifest_2026-05-18.csv; Paper 4 Quarto chapters; v467-v478 curated export artifacts
reports/paper_material/paper4/tables/paper4_v416_notebook_e741_comprehension_var_actions.csv,table_csv,416,delete,generated Paper 4 loop artifact retired; not read by Quarto after closure,paper4_deep_cleanup_manifest_2026-05-18.csv; Paper 4 Quarto chapters; v467-v478 curated export artifacts
reports/paper_material/paper4/tables/paper4_v416_notebook_lint_delta.csv,table_csv,416,delete,generated Paper 4 loop artifact retired; not read by Quarto after closure,paper4_deep_cleanup_manifest_2026-05-18.csv; Paper 4 Quarto chapters; v467-v478 curated export artifacts
reports/paper_material/paper4/tables/paper4_v416_notebook_roundtrip_integrity.csv,table_csv,416,delete,generated Paper 4 loop artifact retired; not read by Quarto after closure,paper4_deep_cleanup_manifest_2026-05-18.csv; Paper 4 Quarto chapters; v467-v478 curated export artifacts
reports/paper_material/paper4/tables/paper4_v417_claim_blockers.csv,table_csv,417,delete,generated Paper 4 loop artifact retired; not read by Quarto after closure,paper4_deep_cleanup_manifest_2026-05-18.csv; Paper 4 Quarto chapters; v467-v478 curated export artifacts
reports/paper_material/paper4/tables/paper4_v417_claim_matrix_delta.csv,table_csv,417,delete,generated Paper 4 loop artifact retired; not read by Quarto after closure,paper4_deep_cleanup_manifest_2026-05-18.csv; Paper 4 Quarto chapters; v467-v478 curated export artifacts
reports/paper_material/paper4/tables/paper4_v417_notebook_sim108_conditional_expr_review.csv,table_csv,417,delete,generated Paper 4 loop artifact retired; not read by Quarto after closure,paper4_deep_cleanup_manifest_2026-05-18.csv; Paper 4 Quarto chapters; v467-v478 curated export artifacts
reports/paper_material/paper4/tables/paper4_v417_notebook_sim108_patch_plan.csv,table_csv,417,delete,generated Paper 4 loop artifact retired; not read by Quarto after closure,paper4_deep_cleanup_manifest_2026-05-18.csv; Paper 4 Quarto chapters; v467-v478 curated export artifacts
reports/paper_material/paper4/tables/paper4_v418_claim_blockers.csv,table_csv,418,delete,generated Paper 4 loop artifact retired; not read by Quarto after closure,paper4_deep_cleanup_manifest_2026-05-18.csv; Paper 4 Quarto chapters; v467-v478 curated export artifacts
reports/paper_material/paper4/tables/paper4_v418_claim_matrix_delta.csv,table_csv,418,delete,generated Paper 4 loop artifact retired; not read by Quarto after closure,paper4_deep_cleanup_manifest_2026-05-18.csv; Paper 4 Quarto chapters; v467-v478 curated export artifacts
reports/paper_material/paper4/tables/paper4_v418_notebook_lint_delta.csv,table_csv,418,delete,generated Paper 4 loop artifact retired; not read by Quarto after closure,paper4_deep_cleanup_manifest_2026-05-18.csv; Paper 4 Quarto chapters; v467-v478 curated export artifacts
reports/paper_material/paper4/tables/paper4_v418_notebook_roundtrip_integrity.csv,table_csv,418,delete,generated Paper 4 loop artifact retired; not read by Quarto after closure,paper4_deep_cleanup_manifest_2026-05-18.csv; Paper 4 Quarto chapters; v467-v478 curated export artifacts
reports/paper_material/paper4/tables/paper4_v418_notebook_sim108_conditional_expr_actions.csv,table_csv,418,delete,generated Paper 4 loop artifact retired; not read by Quarto after closure,paper4_deep_cleanup_manifest_2026-05-18.csv; Paper 4 Quarto chapters; v467-v478 curated export artifacts
reports/paper_material/paper4/tables/paper4_v419_claim_blockers.csv,table_csv,419,delete,generated Paper 4 loop artifact retired; not read by Quarto after closure,paper4_deep_cleanup_manifest_2026-05-18.csv; Paper 4 Quarto chapters; v467-v478 curated export artifacts
reports/paper_material/paper4/tables/paper4_v419_claim_matrix_delta.csv,table_csv,419,delete,generated Paper 4 loop artifact retired; not read by Quarto after closure,paper4_deep_cleanup_manifest_2026-05-18.csv; Paper 4 Quarto chapters; v467-v478 curated export artifacts
reports/paper_material/paper4/tables/paper4_v419_notebook_lint_snapshot.csv,table_csv,419,delete,generated Paper 4 loop artifact retired; not read by Quarto after closure,paper4_deep_cleanup_manifest_2026-05-18.csv; Paper 4 Quarto chapters; v467-v478 curated export artifacts
reports/paper_material/paper4/tables/paper4_v419_pytest_probe_summary.csv,table_csv,419,delete,generated Paper 4 loop artifact retired; not read by Quarto after closure,paper4_deep_cleanup_manifest_2026-05-18.csv; Paper 4 Quarto chapters; v467-v478 curated export artifacts
reports/paper_material/paper4/tables/paper4_v41_cvar_column_generation_v2.csv,table_csv,41,delete,generated Paper 4 loop artifact retired; not read by Quarto after closure,paper4_deep_cleanup_manifest_2026-05-18.csv; Paper 4 Quarto chapters; v467-v478 curated export artifacts
reports/paper_material/paper4/tables/paper4_v41_cvar_frontier_non_dominated.csv,table_csv,41,delete,generated Paper 4 loop artifact retired; not read by Quarto after closure,paper4_deep_cleanup_manifest_2026-05-18.csv; Paper 4 Quarto chapters; v467-v478 curated export artifacts
reports/paper_material/paper4/tables/paper4_v41_cvar_strict_infeasibility_v2.csv,table_csv,41,delete,generated Paper 4 loop artifact retired; not read by Quarto after closure,paper4_deep_cleanup_manifest_2026-05-18.csv; Paper 4 Quarto chapters; v467-v478 curated export artifacts
reports/paper_material/paper4/tables/paper4_v41_dynamic_rerun_gate.csv,table_csv,41,delete,generated Paper 4 loop artifact retired; not read by Quarto after closure,paper4_deep_cleanup_manifest_2026-05-18.csv; Paper 4 Quarto chapters; v467-v478 curated export artifacts
reports/paper_material/paper4/tables/paper4_v41_online_method_grid.csv,table_csv,41,delete,generated Paper 4 loop artifact retired; not read by Quarto after closure,paper4_deep_cleanup_manifest_2026-05-18.csv; Paper 4 Quarto chapters; v467-v478 curated export artifacts
reports/paper_material/paper4/tables/paper4_v41_online_source_family_solver.csv,table_csv,41,delete,generated Paper 4 loop artifact retired; not read by Quarto after closure,paper4_deep_cleanup_manifest_2026-05-18.csv; Paper 4 Quarto chapters; v467-v478 curated export artifacts
reports/paper_material/paper4/tables/paper4_v41_source_governance_solver_caps.csv,table_csv,41,delete,generated Paper 4 loop artifact retired; not read by Quarto after closure,paper4_deep_cleanup_manifest_2026-05-18.csv; Paper 4 Quarto chapters; v467-v478 curated export artifacts
reports/paper_material/paper4/tables/paper4_v41_source_solver_feasibility.csv,table_csv,41,delete,generated Paper 4 loop artifact retired; not read by Quarto after closure,paper4_deep_cleanup_manifest_2026-05-18.csv; Paper 4 Quarto chapters; v467-v478 curated export artifacts
reports/paper_material/paper4/tables/paper4_v420_claim_blockers.csv,table_csv,420,delete,generated Paper 4 loop artifact retired; not read by Quarto after closure,paper4_deep_cleanup_manifest_2026-05-18.csv; Paper 4 Quarto chapters; v467-v478 curated export artifacts
reports/paper_material/paper4/tables/paper4_v420_claim_matrix_delta.csv,table_csv,420,delete,generated Paper 4 loop artifact retired; not read by Quarto after closure,paper4_deep_cleanup_manifest_2026-05-18.csv; Paper 4 Quarto chapters; v467-v478 curated export artifacts
reports/paper_material/paper4/tables/paper4_v420_notebook_gpu_style_lint_manifest.csv,table_csv,420,delete,generated Paper 4 loop artifact retired; not read by Quarto after closure,paper4_deep_cleanup_manifest_2026-05-18.csv; Paper 4 Quarto chapters; v467-v478 curated export artifacts
reports/paper_material/paper4/tables/paper4_v420_notebook_gpu_style_lint_patch_plan.csv,table_csv,420,delete,generated Paper 4 loop artifact retired; not read by Quarto after closure,paper4_deep_cleanup_manifest_2026-05-18.csv; Paper 4 Quarto chapters; v467-v478 curated export artifacts
reports/paper_material/paper4/tables/paper4_v421_claim_blockers.csv,table_csv,421,delete,generated Paper 4 loop artifact retired; not read by Quarto after closure,paper4_deep_cleanup_manifest_2026-05-18.csv; Paper 4 Quarto chapters; v467-v478 curated export artifacts
reports/paper_material/paper4/tables/paper4_v421_claim_matrix_delta.csv,table_csv,421,delete,generated Paper 4 loop artifact retired; not read by Quarto after closure,paper4_deep_cleanup_manifest_2026-05-18.csv; Paper 4 Quarto chapters; v467-v478 curated export artifacts
reports/paper_material/paper4/tables/paper4_v421_notebook_gpu_style_lint_actions.csv,table_csv,421,delete,generated Paper 4 loop artifact retired; not read by Quarto after closure,paper4_deep_cleanup_manifest_2026-05-18.csv; Paper 4 Quarto chapters; v467-v478 curated export artifacts
reports/paper_material/paper4/tables/paper4_v421_notebook_lint_delta.csv,table_csv,421,delete,generated Paper 4 loop artifact retired; not read by Quarto after closure,paper4_deep_cleanup_manifest_2026-05-18.csv; Paper 4 Quarto chapters; v467-v478 curated export artifacts
reports/paper_material/paper4/tables/paper4_v421_notebook_roundtrip_integrity.csv,table_csv,421,delete,generated Paper 4 loop artifact retired; not read by Quarto after closure,paper4_deep_cleanup_manifest_2026-05-18.csv; Paper 4 Quarto chapters; v467-v478 curated export artifacts
reports/paper_material/paper4/tables/paper4_v422_claim_blockers.csv,table_csv,422,delete,generated Paper 4 loop artifact retired; not read by Quarto after closure,paper4_deep_cleanup_manifest_2026-05-18.csv; Paper 4 Quarto chapters; v467-v478 curated export artifacts
reports/paper_material/paper4/tables/paper4_v422_claim_matrix_delta.csv,table_csv,422,delete,generated Paper 4 loop artifact retired; not read by Quarto after closure,paper4_deep_cleanup_manifest_2026-05-18.csv; Paper 4 Quarto chapters; v467-v478 curated export artifacts
reports/paper_material/paper4/tables/paper4_v422_notebook_lint_snapshot.csv,table_csv,422,delete,generated Paper 4 loop artifact retired; not read by Quarto after closure,paper4_deep_cleanup_manifest_2026-05-18.csv; Paper 4 Quarto chapters; v467-v478 curated export artifacts
reports/paper_material/paper4/tables/paper4_v422_pytest_probe_summary.csv,table_csv,422,delete,generated Paper 4 loop artifact retired; not read by Quarto after closure,paper4_deep_cleanup_manifest_2026-05-18.csv; Paper 4 Quarto chapters; v467-v478 curated export artifacts
reports/paper_material/paper4/tables/paper4_v423_claim_blockers.csv,table_csv,423,delete,generated Paper 4 loop artifact retired; not read by Quarto after closure,paper4_deep_cleanup_manifest_2026-05-18.csv; Paper 4 Quarto chapters; v467-v478 curated export artifacts
reports/paper_material/paper4/tables/paper4_v423_claim_matrix_delta.csv,table_csv,423,delete,generated Paper 4 loop artifact retired; not read by Quarto after closure,paper4_deep_cleanup_manifest_2026-05-18.csv; Paper 4 Quarto chapters; v467-v478 curated export artifacts
reports/paper_material/paper4/tables/paper4_v423_repository_ruff_diagnostics.csv,table_csv,423,delete,generated Paper 4 loop artifact retired; not read by Quarto after closure,paper4_deep_cleanup_manifest_2026-05-18.csv; Paper 4 Quarto chapters; v467-v478 curated export artifacts
reports/paper_material/paper4/tables/paper4_v423_repository_ruff_hotspot_files.csv,table_csv,423,delete,generated Paper 4 loop artifact retired; not read by Quarto after closure,paper4_deep_cleanup_manifest_2026-05-18.csv; Paper 4 Quarto chapters; v467-v478 curated export artifacts
reports/paper_material/paper4/tables/paper4_v423_repository_ruff_repair_plan.csv,table_csv,423,delete,generated Paper 4 loop artifact retired; not read by Quarto after closure,paper4_deep_cleanup_manifest_2026-05-18.csv; Paper 4 Quarto chapters; v467-v478 curated export artifacts
reports/paper_material/paper4/tables/paper4_v423_repository_ruff_rule_frontier.csv,table_csv,423,delete,generated Paper 4 loop artifact retired; not read by Quarto after closure,paper4_deep_cleanup_manifest_2026-05-18.csv; Paper 4 Quarto chapters; v467-v478 curated export artifacts
reports/paper_material/paper4/tables/paper4_v423_repository_ruff_surface_summary.csv,table_csv,423,delete,generated Paper 4 loop artifact retired; not read by Quarto after closure,paper4_deep_cleanup_manifest_2026-05-18.csv; Paper 4 Quarto chapters; v467-v478 curated export artifacts
reports/paper_material/paper4/tables/paper4_v424_claim_blockers.csv,table_csv,424,delete,generated Paper 4 loop artifact retired; not read by Quarto after closure,paper4_deep_cleanup_manifest_2026-05-18.csv; Paper 4 Quarto chapters; v467-v478 curated export artifacts
reports/paper_material/paper4/tables/paper4_v424_claim_matrix_delta.csv,table_csv,424,delete,generated Paper 4 loop artifact retired; not read by Quarto after closure,paper4_deep_cleanup_manifest_2026-05-18.csv; Paper 4 Quarto chapters; v467-v478 curated export artifacts
reports/paper_material/paper4/tables/paper4_v424_repository_ruff_after_diagnostics.csv,table_csv,424,delete,generated Paper 4 loop artifact retired; not read by Quarto after closure,paper4_deep_cleanup_manifest_2026-05-18.csv; Paper 4 Quarto chapters; v467-v478 curated export artifacts
reports/paper_material/paper4/tables/paper4_v424_repository_ruff_after_rule_frontier.csv,table_csv,424,delete,generated Paper 4 loop artifact retired; not read by Quarto after closure,paper4_deep_cleanup_manifest_2026-05-18.csv; Paper 4 Quarto chapters; v467-v478 curated export artifacts
reports/paper_material/paper4/tables/paper4_v424_repository_ruff_after_surface_summary.csv,table_csv,424,delete,generated Paper 4 loop artifact retired; not read by Quarto after closure,paper4_deep_cleanup_manifest_2026-05-18.csv; Paper 4 Quarto chapters; v467-v478 curated export artifacts
reports/paper_material/paper4/tables/paper4_v424_repository_ruff_delta.csv,table_csv,424,delete,generated Paper 4 loop artifact retired; not read by Quarto after closure,paper4_deep_cleanup_manifest_2026-05-18.csv; Paper 4 Quarto chapters; v467-v478 curated export artifacts
reports/paper_material/paper4/tables/paper4_v424_streamlit_e402_actions.csv,table_csv,424,delete,generated Paper 4 loop artifact retired; not read by Quarto after closure,paper4_deep_cleanup_manifest_2026-05-18.csv; Paper 4 Quarto chapters; v467-v478 curated export artifacts
reports/paper_material/paper4/tables/paper4_v424_streamlit_page_import_test_summary.csv,table_csv,424,delete,generated Paper 4 loop artifact retired; not read by Quarto after closure,paper4_deep_cleanup_manifest_2026-05-18.csv; Paper 4 Quarto chapters; v467-v478 curated export artifacts
reports/paper_material/paper4/tables/paper4_v425_claim_blockers.csv,table_csv,425,delete,generated Paper 4 loop artifact retired; not read by Quarto after closure,paper4_deep_cleanup_manifest_2026-05-18.csv; Paper 4 Quarto chapters; v467-v478 curated export artifacts
reports/paper_material/paper4/tables/paper4_v425_claim_matrix_delta.csv,table_csv,425,delete,generated Paper 4 loop artifact retired; not read by Quarto after closure,paper4_deep_cleanup_manifest_2026-05-18.csv; Paper 4 Quarto chapters; v467-v478 curated export artifacts
reports/paper_material/paper4/tables/paper4_v425_pytest_probe_summary.csv,table_csv,425,delete,generated Paper 4 loop artifact retired; not read by Quarto after closure,paper4_deep_cleanup_manifest_2026-05-18.csv; Paper 4 Quarto chapters; v467-v478 curated export artifacts
reports/paper_material/paper4/tables/paper4_v425_repository_ruff_snapshot.csv,table_csv,425,delete,generated Paper 4 loop artifact retired; not read by Quarto after closure,paper4_deep_cleanup_manifest_2026-05-18.csv; Paper 4 Quarto chapters; v467-v478 curated export artifacts
reports/paper_material/paper4/tables/paper4_v426_claim_blockers.csv,table_csv,426,delete,generated Paper 4 loop artifact retired; not read by Quarto after closure,paper4_deep_cleanup_manifest_2026-05-18.csv; Paper 4 Quarto chapters; v467-v478 curated export artifacts
reports/paper_material/paper4/tables/paper4_v426_claim_matrix_delta.csv,table_csv,426,delete,generated Paper 4 loop artifact retired; not read by Quarto after closure,paper4_deep_cleanup_manifest_2026-05-18.csv; Paper 4 Quarto chapters; v467-v478 curated export artifacts
reports/paper_material/paper4/tables/paper4_v426_pycompile_summary.csv,table_csv,426,delete,generated Paper 4 loop artifact retired; not read by Quarto after closure,paper4_deep_cleanup_manifest_2026-05-18.csv; Paper 4 Quarto chapters; v467-v478 curated export artifacts
reports/paper_material/paper4/tables/paper4_v426_repository_ruff_after_snapshot.csv,table_csv,426,delete,generated Paper 4 loop artifact retired; not read by Quarto after closure,paper4_deep_cleanup_manifest_2026-05-18.csv; Paper 4 Quarto chapters; v467-v478 curated export artifacts
reports/paper_material/paper4/tables/paper4_v426_repository_ruff_delta.csv,table_csv,426,delete,generated Paper 4 loop artifact retired; not read by Quarto after closure,paper4_deep_cleanup_manifest_2026-05-18.csv; Paper 4 Quarto chapters; v467-v478 curated export artifacts
reports/paper_material/paper4/tables/paper4_v426_scripts_b905_actions.csv,table_csv,426,delete,generated Paper 4 loop artifact retired; not read by Quarto after closure,paper4_deep_cleanup_manifest_2026-05-18.csv; Paper 4 Quarto chapters; v467-v478 curated export artifacts
reports/paper_material/paper4/tables/paper4_v427_claim_blockers.csv,table_csv,427,delete,generated Paper 4 loop artifact retired; not read by Quarto after closure,paper4_deep_cleanup_manifest_2026-05-18.csv; Paper 4 Quarto chapters; v467-v478 curated export artifacts
reports/paper_material/paper4/tables/paper4_v427_claim_matrix_delta.csv,table_csv,427,delete,generated Paper 4 loop artifact retired; not read by Quarto after closure,paper4_deep_cleanup_manifest_2026-05-18.csv; Paper 4 Quarto chapters; v467-v478 curated export artifacts
reports/paper_material/paper4/tables/paper4_v427_pytest_probe_summary.csv,table_csv,427,delete,generated Paper 4 loop artifact retired; not read by Quarto after closure,paper4_deep_cleanup_manifest_2026-05-18.csv; Paper 4 Quarto chapters; v467-v478 curated export artifacts
reports/paper_material/paper4/tables/paper4_v427_repair_plan.csv,table_csv,427,delete,generated Paper 4 loop artifact retired; not read by Quarto after closure,paper4_deep_cleanup_manifest_2026-05-18.csv; Paper 4 Quarto chapters; v467-v478 curated export artifacts
reports/paper_material/paper4/tables/paper4_v427_repository_ruff_hotspot_files.csv,table_csv,427,delete,generated Paper 4 loop artifact retired; not read by Quarto after closure,paper4_deep_cleanup_manifest_2026-05-18.csv; Paper 4 Quarto chapters; v467-v478 curated export artifacts
reports/paper_material/paper4/tables/paper4_v427_repository_ruff_snapshot.csv,table_csv,427,delete,generated Paper 4 loop artifact retired; not read by Quarto after closure,paper4_deep_cleanup_manifest_2026-05-18.csv; Paper 4 Quarto chapters; v467-v478 curated export artifacts
reports/paper_material/paper4/tables/paper4_v428_claim_blockers.csv,table_csv,428,delete,generated Paper 4 loop artifact retired; not read by Quarto after closure,paper4_deep_cleanup_manifest_2026-05-18.csv; Paper 4 Quarto chapters; v467-v478 curated export artifacts
reports/paper_material/paper4/tables/paper4_v428_claim_matrix_delta.csv,table_csv,428,delete,generated Paper 4 loop artifact retired; not read by Quarto after closure,paper4_deep_cleanup_manifest_2026-05-18.csv; Paper 4 Quarto chapters; v467-v478 curated export artifacts
reports/paper_material/paper4/tables/paper4_v428_repository_ruff_after_snapshot.csv,table_csv,428,delete,generated Paper 4 loop artifact retired; not read by Quarto after closure,paper4_deep_cleanup_manifest_2026-05-18.csv; Paper 4 Quarto chapters; v467-v478 curated export artifacts
reports/paper_material/paper4/tables/paper4_v428_repository_ruff_delta.csv,table_csv,428,delete,generated Paper 4 loop artifact retired; not read by Quarto after closure,paper4_deep_cleanup_manifest_2026-05-18.csv; Paper 4 Quarto chapters; v467-v478 curated export artifacts
reports/paper_material/paper4/tables/paper4_v428_streamlit_b905_c408_actions.csv,table_csv,428,delete,generated Paper 4 loop artifact retired; not read by Quarto after closure,paper4_deep_cleanup_manifest_2026-05-18.csv; Paper 4 Quarto chapters; v467-v478 curated export artifacts
reports/paper_material/paper4/tables/paper4_v428_streamlit_page_import_test_summary.csv,table_csv,428,delete,generated Paper 4 loop artifact retired; not read by Quarto after closure,paper4_deep_cleanup_manifest_2026-05-18.csv; Paper 4 Quarto chapters; v467-v478 curated export artifacts
reports/paper_material/paper4/tables/paper4_v429_claim_blockers.csv,table_csv,429,delete,generated Paper 4 loop artifact retired; not read by Quarto after closure,paper4_deep_cleanup_manifest_2026-05-18.csv; Paper 4 Quarto chapters; v467-v478 curated export artifacts
reports/paper_material/paper4/tables/paper4_v429_claim_matrix_delta.csv,table_csv,429,delete,generated Paper 4 loop artifact retired; not read by Quarto after closure,paper4_deep_cleanup_manifest_2026-05-18.csv; Paper 4 Quarto chapters; v467-v478 curated export artifacts
reports/paper_material/paper4/tables/paper4_v429_pytest_probe_summary.csv,table_csv,429,delete,generated Paper 4 loop artifact retired; not read by Quarto after closure,paper4_deep_cleanup_manifest_2026-05-18.csv; Paper 4 Quarto chapters; v467-v478 curated export artifacts
reports/paper_material/paper4/tables/paper4_v429_repair_plan.csv,table_csv,429,delete,generated Paper 4 loop artifact retired; not read by Quarto after closure,paper4_deep_cleanup_manifest_2026-05-18.csv; Paper 4 Quarto chapters; v467-v478 curated export artifacts
reports/paper_material/paper4/tables/paper4_v429_repository_ruff_hotspot_files.csv,table_csv,429,delete,generated Paper 4 loop artifact retired; not read by Quarto after closure,paper4_deep_cleanup_manifest_2026-05-18.csv; Paper 4 Quarto chapters; v467-v478 curated export artifacts
reports/paper_material/paper4/tables/paper4_v429_repository_ruff_rule_frontier.csv,table_csv,429,delete,generated Paper 4 loop artifact retired; not read by Quarto after closure,paper4_deep_cleanup_manifest_2026-05-18.csv; Paper 4 Quarto chapters; v467-v478 curated export artifacts
reports/paper_material/paper4/tables/paper4_v429_repository_ruff_snapshot.csv,table_csv,429,delete,generated Paper 4 loop artifact retired; not read by Quarto after closure,paper4_deep_cleanup_manifest_2026-05-18.csv; Paper 4 Quarto chapters; v467-v478 curated export artifacts
reports/paper_material/paper4/tables/paper4_v42_spo_dependency_isolation.csv,table_csv,42,delete,generated Paper 4 loop artifact retired; not read by Quarto after closure,paper4_deep_cleanup_manifest_2026-05-18.csv; Paper 4 Quarto chapters; v467-v478 curated export artifacts
reports/paper_material/paper4/tables/paper4_v42_spo_temporal_regret_validation.csv,table_csv,42,delete,generated Paper 4 loop artifact retired; not read by Quarto after closure,paper4_deep_cleanup_manifest_2026-05-18.csv; Paper 4 Quarto chapters; v467-v478 curated export artifacts
reports/paper_material/paper4/tables/paper4_v42_spo_training_report.csv,table_csv,42,delete,generated Paper 4 loop artifact retired; not read by Quarto after closure,paper4_deep_cleanup_manifest_2026-05-18.csv; Paper 4 Quarto chapters; v467-v478 curated export artifacts
reports/paper_material/paper4/tables/paper4_v430_claim_blockers.csv,table_csv,430,delete,generated Paper 4 loop artifact retired; not read by Quarto after closure,paper4_deep_cleanup_manifest_2026-05-18.csv; Paper 4 Quarto chapters; v467-v478 curated export artifacts
reports/paper_material/paper4/tables/paper4_v430_claim_matrix_delta.csv,table_csv,430,delete,generated Paper 4 loop artifact retired; not read by Quarto after closure,paper4_deep_cleanup_manifest_2026-05-18.csv; Paper 4 Quarto chapters; v467-v478 curated export artifacts
reports/paper_material/paper4/tables/paper4_v430_pycompile_summary.csv,table_csv,430,delete,generated Paper 4 loop artifact retired; not read by Quarto after closure,paper4_deep_cleanup_manifest_2026-05-18.csv; Paper 4 Quarto chapters; v467-v478 curated export artifacts
reports/paper_material/paper4/tables/paper4_v430_repository_ruff_after_snapshot.csv,table_csv,430,delete,generated Paper 4 loop artifact retired; not read by Quarto after closure,paper4_deep_cleanup_manifest_2026-05-18.csv; Paper 4 Quarto chapters; v467-v478 curated export artifacts
reports/paper_material/paper4/tables/paper4_v430_repository_ruff_delta.csv,table_csv,430,delete,generated Paper 4 loop artifact retired; not read by Quarto after closure,paper4_deep_cleanup_manifest_2026-05-18.csv; Paper 4 Quarto chapters; v467-v478 curated export artifacts
reports/paper_material/paper4/tables/paper4_v430_scripts_b007_actions.csv,table_csv,430,delete,generated Paper 4 loop artifact retired; not read by Quarto after closure,paper4_deep_cleanup_manifest_2026-05-18.csv; Paper 4 Quarto chapters; v467-v478 curated export artifacts
reports/paper_material/paper4/tables/paper4_v431_claim_blockers.csv,table_csv,431,delete,generated Paper 4 loop artifact retired; not read by Quarto after closure,paper4_deep_cleanup_manifest_2026-05-18.csv; Paper 4 Quarto chapters; v467-v478 curated export artifacts
reports/paper_material/paper4/tables/paper4_v431_claim_matrix_delta.csv,table_csv,431,delete,generated Paper 4 loop artifact retired; not read by Quarto after closure,paper4_deep_cleanup_manifest_2026-05-18.csv; Paper 4 Quarto chapters; v467-v478 curated export artifacts
reports/paper_material/paper4/tables/paper4_v431_pytest_probe_summary.csv,table_csv,431,delete,generated Paper 4 loop artifact retired; not read by Quarto after closure,paper4_deep_cleanup_manifest_2026-05-18.csv; Paper 4 Quarto chapters; v467-v478 curated export artifacts
reports/paper_material/paper4/tables/paper4_v431_repair_plan.csv,table_csv,431,delete,generated Paper 4 loop artifact retired; not read by Quarto after closure,paper4_deep_cleanup_manifest_2026-05-18.csv; Paper 4 Quarto chapters; v467-v478 curated export artifacts
reports/paper_material/paper4/tables/paper4_v431_repository_ruff_hotspot_files.csv,table_csv,431,delete,generated Paper 4 loop artifact retired; not read by Quarto after closure,paper4_deep_cleanup_manifest_2026-05-18.csv; Paper 4 Quarto chapters; v467-v478 curated export artifacts
reports/paper_material/paper4/tables/paper4_v431_repository_ruff_rule_frontier.csv,table_csv,431,delete,generated Paper 4 loop artifact retired; not read by Quarto after closure,paper4_deep_cleanup_manifest_2026-05-18.csv; Paper 4 Quarto chapters; v467-v478 curated export artifacts
reports/paper_material/paper4/tables/paper4_v431_repository_ruff_snapshot.csv,table_csv,431,delete,generated Paper 4 loop artifact retired; not read by Quarto after closure,paper4_deep_cleanup_manifest_2026-05-18.csv; Paper 4 Quarto chapters; v467-v478 curated export artifacts
reports/paper_material/paper4/tables/paper4_v432_claim_blockers.csv,table_csv,432,delete,generated Paper 4 loop artifact retired; not read by Quarto after closure,paper4_deep_cleanup_manifest_2026-05-18.csv; Paper 4 Quarto chapters; v467-v478 curated export artifacts
reports/paper_material/paper4/tables/paper4_v432_claim_matrix_delta.csv,table_csv,432,delete,generated Paper 4 loop artifact retired; not read by Quarto after closure,paper4_deep_cleanup_manifest_2026-05-18.csv; Paper 4 Quarto chapters; v467-v478 curated export artifacts
reports/paper_material/paper4/tables/paper4_v432_pycompile_summary.csv,table_csv,432,delete,generated Paper 4 loop artifact retired; not read by Quarto after closure,paper4_deep_cleanup_manifest_2026-05-18.csv; Paper 4 Quarto chapters; v467-v478 curated export artifacts
reports/paper_material/paper4/tables/paper4_v432_repository_ruff_after_snapshot.csv,table_csv,432,delete,generated Paper 4 loop artifact retired; not read by Quarto after closure,paper4_deep_cleanup_manifest_2026-05-18.csv; Paper 4 Quarto chapters; v467-v478 curated export artifacts
reports/paper_material/paper4/tables/paper4_v432_repository_ruff_delta.csv,table_csv,432,delete,generated Paper 4 loop artifact retired; not read by Quarto after closure,paper4_deep_cleanup_manifest_2026-05-18.csv; Paper 4 Quarto chapters; v467-v478 curated export artifacts
reports/paper_material/paper4/tables/paper4_v432_scripts_f841_actions.csv,table_csv,432,delete,generated Paper 4 loop artifact retired; not read by Quarto after closure,paper4_deep_cleanup_manifest_2026-05-18.csv; Paper 4 Quarto chapters; v467-v478 curated export artifacts
reports/paper_material/paper4/tables/paper4_v433_claim_blockers.csv,table_csv,433,delete,generated Paper 4 loop artifact retired; not read by Quarto after closure,paper4_deep_cleanup_manifest_2026-05-18.csv; Paper 4 Quarto chapters; v467-v478 curated export artifacts
reports/paper_material/paper4/tables/paper4_v433_claim_matrix_delta.csv,table_csv,433,delete,generated Paper 4 loop artifact retired; not read by Quarto after closure,paper4_deep_cleanup_manifest_2026-05-18.csv; Paper 4 Quarto chapters; v467-v478 curated export artifacts
reports/paper_material/paper4/tables/paper4_v433_pytest_probe_summary.csv,table_csv,433,delete,generated Paper 4 loop artifact retired; not read by Quarto after closure,paper4_deep_cleanup_manifest_2026-05-18.csv; Paper 4 Quarto chapters; v467-v478 curated export artifacts
reports/paper_material/paper4/tables/paper4_v433_repair_plan.csv,table_csv,433,delete,generated Paper 4 loop artifact retired; not read by Quarto after closure,paper4_deep_cleanup_manifest_2026-05-18.csv; Paper 4 Quarto chapters; v467-v478 curated export artifacts
reports/paper_material/paper4/tables/paper4_v433_repository_ruff_hotspot_files.csv,table_csv,433,delete,generated Paper 4 loop artifact retired; not read by Quarto after closure,paper4_deep_cleanup_manifest_2026-05-18.csv; Paper 4 Quarto chapters; v467-v478 curated export artifacts
reports/paper_material/paper4/tables/paper4_v433_repository_ruff_rule_frontier.csv,table_csv,433,delete,generated Paper 4 loop artifact retired; not read by Quarto after closure,paper4_deep_cleanup_manifest_2026-05-18.csv; Paper 4 Quarto chapters; v467-v478 curated export artifacts
reports/paper_material/paper4/tables/paper4_v433_repository_ruff_snapshot.csv,table_csv,433,delete,generated Paper 4 loop artifact retired; not read by Quarto after closure,paper4_deep_cleanup_manifest_2026-05-18.csv; Paper 4 Quarto chapters; v467-v478 curated export artifacts
reports/paper_material/paper4/tables/paper4_v434_claim_blockers.csv,table_csv,434,delete,generated Paper 4 loop artifact retired; not read by Quarto after closure,paper4_deep_cleanup_manifest_2026-05-18.csv; Paper 4 Quarto chapters; v467-v478 curated export artifacts
reports/paper_material/paper4/tables/paper4_v434_claim_matrix_delta.csv,table_csv,434,delete,generated Paper 4 loop artifact retired; not read by Quarto after closure,paper4_deep_cleanup_manifest_2026-05-18.csv; Paper 4 Quarto chapters; v467-v478 curated export artifacts
reports/paper_material/paper4/tables/paper4_v434_pycompile_summary.csv,table_csv,434,delete,generated Paper 4 loop artifact retired; not read by Quarto after closure,paper4_deep_cleanup_manifest_2026-05-18.csv; Paper 4 Quarto chapters; v467-v478 curated export artifacts
reports/paper_material/paper4/tables/paper4_v434_repository_ruff_after_snapshot.csv,table_csv,434,delete,generated Paper 4 loop artifact retired; not read by Quarto after closure,paper4_deep_cleanup_manifest_2026-05-18.csv; Paper 4 Quarto chapters; v467-v478 curated export artifacts
reports/paper_material/paper4/tables/paper4_v434_repository_ruff_delta.csv,table_csv,434,delete,generated Paper 4 loop artifact retired; not read by Quarto after closure,paper4_deep_cleanup_manifest_2026-05-18.csv; Paper 4 Quarto chapters; v467-v478 curated export artifacts
reports/paper_material/paper4/tables/paper4_v434_scripts_i001_actions.csv,table_csv,434,delete,generated Paper 4 loop artifact retired; not read by Quarto after closure,paper4_deep_cleanup_manifest_2026-05-18.csv; Paper 4 Quarto chapters; v467-v478 curated export artifacts
reports/paper_material/paper4/tables/paper4_v435_claim_blockers.csv,table_csv,435,delete,generated Paper 4 loop artifact retired; not read by Quarto after closure,paper4_deep_cleanup_manifest_2026-05-18.csv; Paper 4 Quarto chapters; v467-v478 curated export artifacts
reports/paper_material/paper4/tables/paper4_v435_claim_matrix_delta.csv,table_csv,435,delete,generated Paper 4 loop artifact retired; not read by Quarto after closure,paper4_deep_cleanup_manifest_2026-05-18.csv; Paper 4 Quarto chapters; v467-v478 curated export artifacts
reports/paper_material/paper4/tables/paper4_v435_pytest_probe_summary.csv,table_csv,435,delete,generated Paper 4 loop artifact retired; not read by Quarto after closure,paper4_deep_cleanup_manifest_2026-05-18.csv; Paper 4 Quarto chapters; v467-v478 curated export artifacts
reports/paper_material/paper4/tables/paper4_v435_repair_plan.csv,table_csv,435,delete,generated Paper 4 loop artifact retired; not read by Quarto after closure,paper4_deep_cleanup_manifest_2026-05-18.csv; Paper 4 Quarto chapters; v467-v478 curated export artifacts
reports/paper_material/paper4/tables/paper4_v435_repository_ruff_hotspot_files.csv,table_csv,435,delete,generated Paper 4 loop artifact retired; not read by Quarto after closure,paper4_deep_cleanup_manifest_2026-05-18.csv; Paper 4 Quarto chapters; v467-v478 curated export artifacts
reports/paper_material/paper4/tables/paper4_v435_repository_ruff_rule_frontier.csv,table_csv,435,delete,generated Paper 4 loop artifact retired; not read by Quarto after closure,paper4_deep_cleanup_manifest_2026-05-18.csv; Paper 4 Quarto chapters; v467-v478 curated export artifacts
reports/paper_material/paper4/tables/paper4_v435_repository_ruff_snapshot.csv,table_csv,435,delete,generated Paper 4 loop artifact retired; not read by Quarto after closure,paper4_deep_cleanup_manifest_2026-05-18.csv; Paper 4 Quarto chapters; v467-v478 curated export artifacts
reports/paper_material/paper4/tables/paper4_v436_claim_blockers.csv,table_csv,436,delete,generated Paper 4 loop artifact retired; not read by Quarto after closure,paper4_deep_cleanup_manifest_2026-05-18.csv; Paper 4 Quarto chapters; v467-v478 curated export artifacts
reports/paper_material/paper4/tables/paper4_v436_claim_matrix_delta.csv,table_csv,436,delete,generated Paper 4 loop artifact retired; not read by Quarto after closure,paper4_deep_cleanup_manifest_2026-05-18.csv; Paper 4 Quarto chapters; v467-v478 curated export artifacts
reports/paper_material/paper4/tables/paper4_v436_pycompile_summary.csv,table_csv,436,delete,generated Paper 4 loop artifact retired; not read by Quarto after closure,paper4_deep_cleanup_manifest_2026-05-18.csv; Paper 4 Quarto chapters; v467-v478 curated export artifacts
reports/paper_material/paper4/tables/paper4_v436_repository_ruff_after_snapshot.csv,table_csv,436,delete,generated Paper 4 loop artifact retired; not read by Quarto after closure,paper4_deep_cleanup_manifest_2026-05-18.csv; Paper 4 Quarto chapters; v467-v478 curated export artifacts
reports/paper_material/paper4/tables/paper4_v436_repository_ruff_delta.csv,table_csv,436,delete,generated Paper 4 loop artifact retired; not read by Quarto after closure,paper4_deep_cleanup_manifest_2026-05-18.csv; Paper 4 Quarto chapters; v467-v478 curated export artifacts
reports/paper_material/paper4/tables/paper4_v436_scripts_book_f401_actions.csv,table_csv,436,delete,generated Paper 4 loop artifact retired; not read by Quarto after closure,paper4_deep_cleanup_manifest_2026-05-18.csv; Paper 4 Quarto chapters; v467-v478 curated export artifacts
reports/paper_material/paper4/tables/paper4_v437_claim_blockers.csv,table_csv,437,delete,generated Paper 4 loop artifact retired; not read by Quarto after closure,paper4_deep_cleanup_manifest_2026-05-18.csv; Paper 4 Quarto chapters; v467-v478 curated export artifacts
reports/paper_material/paper4/tables/paper4_v437_claim_matrix_delta.csv,table_csv,437,delete,generated Paper 4 loop artifact retired; not read by Quarto after closure,paper4_deep_cleanup_manifest_2026-05-18.csv; Paper 4 Quarto chapters; v467-v478 curated export artifacts
reports/paper_material/paper4/tables/paper4_v437_pytest_probe_summary.csv,table_csv,437,delete,generated Paper 4 loop artifact retired; not read by Quarto after closure,paper4_deep_cleanup_manifest_2026-05-18.csv; Paper 4 Quarto chapters; v467-v478 curated export artifacts
reports/paper_material/paper4/tables/paper4_v437_repair_plan.csv,table_csv,437,delete,generated Paper 4 loop artifact retired; not read by Quarto after closure,paper4_deep_cleanup_manifest_2026-05-18.csv; Paper 4 Quarto chapters; v467-v478 curated export artifacts
reports/paper_material/paper4/tables/paper4_v437_repository_ruff_hotspot_files.csv,table_csv,437,delete,generated Paper 4 loop artifact retired; not read by Quarto after closure,paper4_deep_cleanup_manifest_2026-05-18.csv; Paper 4 Quarto chapters; v467-v478 curated export artifacts
reports/paper_material/paper4/tables/paper4_v437_repository_ruff_rule_frontier.csv,table_csv,437,delete,generated Paper 4 loop artifact retired; not read by Quarto after closure,paper4_deep_cleanup_manifest_2026-05-18.csv; Paper 4 Quarto chapters; v467-v478 curated export artifacts
reports/paper_material/paper4/tables/paper4_v437_repository_ruff_snapshot.csv,table_csv,437,delete,generated Paper 4 loop artifact retired; not read by Quarto after closure,paper4_deep_cleanup_manifest_2026-05-18.csv; Paper 4 Quarto chapters; v467-v478 curated export artifacts
reports/paper_material/paper4/tables/paper4_v438_claim_blockers.csv,table_csv,438,delete,generated Paper 4 loop artifact retired; not read by Quarto after closure,paper4_deep_cleanup_manifest_2026-05-18.csv; Paper 4 Quarto chapters; v467-v478 curated export artifacts
reports/paper_material/paper4/tables/paper4_v438_claim_matrix_delta.csv,table_csv,438,delete,generated Paper 4 loop artifact retired; not read by Quarto after closure,paper4_deep_cleanup_manifest_2026-05-18.csv; Paper 4 Quarto chapters; v467-v478 curated export artifacts
reports/paper_material/paper4/tables/paper4_v438_pycompile_summary.csv,table_csv,438,delete,generated Paper 4 loop artifact retired; not read by Quarto after closure,paper4_deep_cleanup_manifest_2026-05-18.csv; Paper 4 Quarto chapters; v467-v478 curated export artifacts
reports/paper_material/paper4/tables/paper4_v438_repository_ruff_after_snapshot.csv,table_csv,438,delete,generated Paper 4 loop artifact retired; not read by Quarto after closure,paper4_deep_cleanup_manifest_2026-05-18.csv; Paper 4 Quarto chapters; v467-v478 curated export artifacts
reports/paper_material/paper4/tables/paper4_v438_repository_ruff_delta.csv,table_csv,438,delete,generated Paper 4 loop artifact retired; not read by Quarto after closure,paper4_deep_cleanup_manifest_2026-05-18.csv; Paper 4 Quarto chapters; v467-v478 curated export artifacts
reports/paper_material/paper4/tables/paper4_v438_scripts_up022_actions.csv,table_csv,438,delete,generated Paper 4 loop artifact retired; not read by Quarto after closure,paper4_deep_cleanup_manifest_2026-05-18.csv; Paper 4 Quarto chapters; v467-v478 curated export artifacts
reports/paper_material/paper4/tables/paper4_v439_claim_blockers.csv,table_csv,439,delete,generated Paper 4 loop artifact retired; not read by Quarto after closure,paper4_deep_cleanup_manifest_2026-05-18.csv; Paper 4 Quarto chapters; v467-v478 curated export artifacts
reports/paper_material/paper4/tables/paper4_v439_claim_matrix_delta.csv,table_csv,439,delete,generated Paper 4 loop artifact retired; not read by Quarto after closure,paper4_deep_cleanup_manifest_2026-05-18.csv; Paper 4 Quarto chapters; v467-v478 curated export artifacts
reports/paper_material/paper4/tables/paper4_v439_pytest_probe_summary.csv,table_csv,439,delete,generated Paper 4 loop artifact retired; not read by Quarto after closure,paper4_deep_cleanup_manifest_2026-05-18.csv; Paper 4 Quarto chapters; v467-v478 curated export artifacts
reports/paper_material/paper4/tables/paper4_v439_repair_plan.csv,table_csv,439,delete,generated Paper 4 loop artifact retired; not read by Quarto after closure,paper4_deep_cleanup_manifest_2026-05-18.csv; Paper 4 Quarto chapters; v467-v478 curated export artifacts
reports/paper_material/paper4/tables/paper4_v439_repository_ruff_hotspot_files.csv,table_csv,439,delete,generated Paper 4 loop artifact retired; not read by Quarto after closure,paper4_deep_cleanup_manifest_2026-05-18.csv; Paper 4 Quarto chapters; v467-v478 curated export artifacts
reports/paper_material/paper4/tables/paper4_v439_repository_ruff_rule_frontier.csv,table_csv,439,delete,generated Paper 4 loop artifact retired; not read by Quarto after closure,paper4_deep_cleanup_manifest_2026-05-18.csv; Paper 4 Quarto chapters; v467-v478 curated export artifacts
reports/paper_material/paper4/tables/paper4_v439_repository_ruff_snapshot.csv,table_csv,439,delete,generated Paper 4 loop artifact retired; not read by Quarto after closure,paper4_deep_cleanup_manifest_2026-05-18.csv; Paper 4 Quarto chapters; v467-v478 curated export artifacts
reports/paper_material/paper4/tables/paper4_v43_cate_treatment_search.csv,table_csv,43,delete,generated Paper 4 loop artifact retired; not read by Quarto after closure,paper4_deep_cleanup_manifest_2026-05-18.csv; Paper 4 Quarto chapters; v467-v478 curated export artifacts
reports/paper_material/paper4/tables/paper4_v43_dla_adp_rollout_grid.csv,table_csv,43,delete,generated Paper 4 loop artifact retired; not read by Quarto after closure,paper4_deep_cleanup_manifest_2026-05-18.csv; Paper 4 Quarto chapters; v467-v478 curated export artifacts
reports/paper_material/paper4/tables/paper4_v43_external_macro_drcclacbs.csv,table_csv,43,delete,generated Paper 4 loop artifact retired; not read by Quarto after closure,paper4_deep_cleanup_manifest_2026-05-18.csv; Paper 4 Quarto chapters; v467-v478 curated export artifacts
reports/paper_material/paper4/tables/paper4_v43_external_macro_fedfunds.csv,table_csv,43,delete,generated Paper 4 loop artifact retired; not read by Quarto after closure,paper4_deep_cleanup_manifest_2026-05-18.csv; Paper 4 Quarto chapters; v467-v478 curated export artifacts
reports/paper_material/paper4/tables/paper4_v43_external_macro_registry.csv,table_csv,43,delete,generated Paper 4 loop artifact retired; not read by Quarto after closure,paper4_deep_cleanup_manifest_2026-05-18.csv; Paper 4 Quarto chapters; v467-v478 curated export artifacts
reports/paper_material/paper4/tables/paper4_v43_external_macro_unrate.csv,table_csv,43,delete,generated Paper 4 loop artifact retired; not read by Quarto after closure,paper4_deep_cleanup_manifest_2026-05-18.csv; Paper 4 Quarto chapters; v467-v478 curated export artifacts
reports/paper_material/paper4/tables/paper4_v43_external_macro_usrec.csv,table_csv,43,delete,generated Paper 4 loop artifact retired; not read by Quarto after closure,paper4_deep_cleanup_manifest_2026-05-18.csv; Paper 4 Quarto chapters; v467-v478 curated export artifacts
reports/paper_material/paper4/tables/paper4_v43_fairness_source_protocol.csv,table_csv,43,delete,generated Paper 4 loop artifact retired; not read by Quarto after closure,paper4_deep_cleanup_manifest_2026-05-18.csv; Paper 4 Quarto chapters; v467-v478 curated export artifacts
reports/paper_material/paper4/tables/paper4_v43_ifrs9_proxy_policy_summary.csv,table_csv,43,delete,generated Paper 4 loop artifact retired; not read by Quarto after closure,paper4_deep_cleanup_manifest_2026-05-18.csv; Paper 4 Quarto chapters; v467-v478 curated export artifacts
reports/paper_material/paper4/tables/paper4_v43_ifrs9_sicr_sensitivity.csv,table_csv,43,delete,generated Paper 4 loop artifact retired; not read by Quarto after closure,paper4_deep_cleanup_manifest_2026-05-18.csv; Paper 4 Quarto chapters; v467-v478 curated export artifacts
reports/paper_material/paper4/tables/paper4_v43_sample_path_diagnostics.csv,table_csv,43,delete,generated Paper 4 loop artifact retired; not read by Quarto after closure,paper4_deep_cleanup_manifest_2026-05-18.csv; Paper 4 Quarto chapters; v467-v478 curated export artifacts
reports/paper_material/paper4/tables/paper4_v440_claim_blockers.csv,table_csv,440,delete,generated Paper 4 loop artifact retired; not read by Quarto after closure,paper4_deep_cleanup_manifest_2026-05-18.csv; Paper 4 Quarto chapters; v467-v478 curated export artifacts
reports/paper_material/paper4/tables/paper4_v440_claim_matrix_delta.csv,table_csv,440,delete,generated Paper 4 loop artifact retired; not read by Quarto after closure,paper4_deep_cleanup_manifest_2026-05-18.csv; Paper 4 Quarto chapters; v467-v478 curated export artifacts
reports/paper_material/paper4/tables/paper4_v440_pycompile_summary.csv,table_csv,440,delete,generated Paper 4 loop artifact retired; not read by Quarto after closure,paper4_deep_cleanup_manifest_2026-05-18.csv; Paper 4 Quarto chapters; v467-v478 curated export artifacts
reports/paper_material/paper4/tables/paper4_v440_repository_ruff_after_snapshot.csv,table_csv,440,delete,generated Paper 4 loop artifact retired; not read by Quarto after closure,paper4_deep_cleanup_manifest_2026-05-18.csv; Paper 4 Quarto chapters; v467-v478 curated export artifacts
reports/paper_material/paper4/tables/paper4_v440_repository_ruff_delta.csv,table_csv,440,delete,generated Paper 4 loop artifact retired; not read by Quarto after closure,paper4_deep_cleanup_manifest_2026-05-18.csv; Paper 4 Quarto chapters; v467-v478 curated export artifacts
reports/paper_material/paper4/tables/paper4_v440_scripts_sim108_actions.csv,table_csv,440,delete,generated Paper 4 loop artifact retired; not read by Quarto after closure,paper4_deep_cleanup_manifest_2026-05-18.csv; Paper 4 Quarto chapters; v467-v478 curated export artifacts
reports/paper_material/paper4/tables/paper4_v441_claim_blockers.csv,table_csv,441,delete,generated Paper 4 loop artifact retired; not read by Quarto after closure,paper4_deep_cleanup_manifest_2026-05-18.csv; Paper 4 Quarto chapters; v467-v478 curated export artifacts
reports/paper_material/paper4/tables/paper4_v441_claim_matrix_delta.csv,table_csv,441,delete,generated Paper 4 loop artifact retired; not read by Quarto after closure,paper4_deep_cleanup_manifest_2026-05-18.csv; Paper 4 Quarto chapters; v467-v478 curated export artifacts
reports/paper_material/paper4/tables/paper4_v441_pytest_probe_summary.csv,table_csv,441,delete,generated Paper 4 loop artifact retired; not read by Quarto after closure,paper4_deep_cleanup_manifest_2026-05-18.csv; Paper 4 Quarto chapters; v467-v478 curated export artifacts
reports/paper_material/paper4/tables/paper4_v441_repair_plan.csv,table_csv,441,delete,generated Paper 4 loop artifact retired; not read by Quarto after closure,paper4_deep_cleanup_manifest_2026-05-18.csv; Paper 4 Quarto chapters; v467-v478 curated export artifacts
reports/paper_material/paper4/tables/paper4_v441_repository_ruff_hotspot_files.csv,table_csv,441,delete,generated Paper 4 loop artifact retired; not read by Quarto after closure,paper4_deep_cleanup_manifest_2026-05-18.csv; Paper 4 Quarto chapters; v467-v478 curated export artifacts
reports/paper_material/paper4/tables/paper4_v441_repository_ruff_rule_frontier.csv,table_csv,441,delete,generated Paper 4 loop artifact retired; not read by Quarto after closure,paper4_deep_cleanup_manifest_2026-05-18.csv; Paper 4 Quarto chapters; v467-v478 curated export artifacts
reports/paper_material/paper4/tables/paper4_v441_repository_ruff_snapshot.csv,table_csv,441,delete,generated Paper 4 loop artifact retired; not read by Quarto after closure,paper4_deep_cleanup_manifest_2026-05-18.csv; Paper 4 Quarto chapters; v467-v478 curated export artifacts
reports/paper_material/paper4/tables/paper4_v442_claim_blockers.csv,table_csv,442,delete,generated Paper 4 loop artifact retired; not read by Quarto after closure,paper4_deep_cleanup_manifest_2026-05-18.csv; Paper 4 Quarto chapters; v467-v478 curated export artifacts
reports/paper_material/paper4/tables/paper4_v442_claim_matrix_delta.csv,table_csv,442,delete,generated Paper 4 loop artifact retired; not read by Quarto after closure,paper4_deep_cleanup_manifest_2026-05-18.csv; Paper 4 Quarto chapters; v467-v478 curated export artifacts
reports/paper_material/paper4/tables/paper4_v442_pycompile_summary.csv,table_csv,442,delete,generated Paper 4 loop artifact retired; not read by Quarto after closure,paper4_deep_cleanup_manifest_2026-05-18.csv; Paper 4 Quarto chapters; v467-v478 curated export artifacts
reports/paper_material/paper4/tables/paper4_v442_repository_ruff_after_snapshot.csv,table_csv,442,delete,generated Paper 4 loop artifact retired; not read by Quarto after closure,paper4_deep_cleanup_manifest_2026-05-18.csv; Paper 4 Quarto chapters; v467-v478 curated export artifacts
reports/paper_material/paper4/tables/paper4_v442_repository_ruff_delta.csv,table_csv,442,delete,generated Paper 4 loop artifact retired; not read by Quarto after closure,paper4_deep_cleanup_manifest_2026-05-18.csv; Paper 4 Quarto chapters; v467-v478 curated export artifacts
reports/paper_material/paper4/tables/paper4_v442_scripts_c405_actions.csv,table_csv,442,delete,generated Paper 4 loop artifact retired; not read by Quarto after closure,paper4_deep_cleanup_manifest_2026-05-18.csv; Paper 4 Quarto chapters; v467-v478 curated export artifacts
reports/paper_material/paper4/tables/paper4_v443_claim_blockers.csv,table_csv,443,delete,generated Paper 4 loop artifact retired; not read by Quarto after closure,paper4_deep_cleanup_manifest_2026-05-18.csv; Paper 4 Quarto chapters; v467-v478 curated export artifacts
reports/paper_material/paper4/tables/paper4_v443_claim_matrix_delta.csv,table_csv,443,delete,generated Paper 4 loop artifact retired; not read by Quarto after closure,paper4_deep_cleanup_manifest_2026-05-18.csv; Paper 4 Quarto chapters; v467-v478 curated export artifacts
reports/paper_material/paper4/tables/paper4_v443_pytest_probe_summary.csv,table_csv,443,delete,generated Paper 4 loop artifact retired; not read by Quarto after closure,paper4_deep_cleanup_manifest_2026-05-18.csv; Paper 4 Quarto chapters; v467-v478 curated export artifacts
reports/paper_material/paper4/tables/paper4_v443_repair_plan.csv,table_csv,443,delete,generated Paper 4 loop artifact retired; not read by Quarto after closure,paper4_deep_cleanup_manifest_2026-05-18.csv; Paper 4 Quarto chapters; v467-v478 curated export artifacts
reports/paper_material/paper4/tables/paper4_v443_repository_ruff_hotspot_files.csv,table_csv,443,delete,generated Paper 4 loop artifact retired; not read by Quarto after closure,paper4_deep_cleanup_manifest_2026-05-18.csv; Paper 4 Quarto chapters; v467-v478 curated export artifacts
reports/paper_material/paper4/tables/paper4_v443_repository_ruff_rule_frontier.csv,table_csv,443,delete,generated Paper 4 loop artifact retired; not read by Quarto after closure,paper4_deep_cleanup_manifest_2026-05-18.csv; Paper 4 Quarto chapters; v467-v478 curated export artifacts
reports/paper_material/paper4/tables/paper4_v443_repository_ruff_snapshot.csv,table_csv,443,delete,generated Paper 4 loop artifact retired; not read by Quarto after closure,paper4_deep_cleanup_manifest_2026-05-18.csv; Paper 4 Quarto chapters; v467-v478 curated export artifacts
reports/paper_material/paper4/tables/paper4_v444_claim_blockers.csv,table_csv,444,delete,generated Paper 4 loop artifact retired; not read by Quarto after closure,paper4_deep_cleanup_manifest_2026-05-18.csv; Paper 4 Quarto chapters; v467-v478 curated export artifacts
reports/paper_material/paper4/tables/paper4_v444_claim_matrix_delta.csv,table_csv,444,delete,generated Paper 4 loop artifact retired; not read by Quarto after closure,paper4_deep_cleanup_manifest_2026-05-18.csv; Paper 4 Quarto chapters; v467-v478 curated export artifacts
reports/paper_material/paper4/tables/paper4_v444_pycompile_summary.csv,table_csv,444,delete,generated Paper 4 loop artifact retired; not read by Quarto after closure,paper4_deep_cleanup_manifest_2026-05-18.csv; Paper 4 Quarto chapters; v467-v478 curated export artifacts
reports/paper_material/paper4/tables/paper4_v444_repository_ruff_after_snapshot.csv,table_csv,444,delete,generated Paper 4 loop artifact retired; not read by Quarto after closure,paper4_deep_cleanup_manifest_2026-05-18.csv; Paper 4 Quarto chapters; v467-v478 curated export artifacts
reports/paper_material/paper4/tables/paper4_v444_repository_ruff_delta.csv,table_csv,444,delete,generated Paper 4 loop artifact retired; not read by Quarto after closure,paper4_deep_cleanup_manifest_2026-05-18.csv; Paper 4 Quarto chapters; v467-v478 curated export artifacts
reports/paper_material/paper4/tables/paper4_v444_scripts_sim223_actions.csv,table_csv,444,delete,generated Paper 4 loop artifact retired; not read by Quarto after closure,paper4_deep_cleanup_manifest_2026-05-18.csv; Paper 4 Quarto chapters; v467-v478 curated export artifacts
reports/paper_material/paper4/tables/paper4_v445_claim_blockers.csv,table_csv,445,delete,generated Paper 4 loop artifact retired; not read by Quarto after closure,paper4_deep_cleanup_manifest_2026-05-18.csv; Paper 4 Quarto chapters; v467-v478 curated export artifacts
reports/paper_material/paper4/tables/paper4_v445_claim_matrix_delta.csv,table_csv,445,delete,generated Paper 4 loop artifact retired; not read by Quarto after closure,paper4_deep_cleanup_manifest_2026-05-18.csv; Paper 4 Quarto chapters; v467-v478 curated export artifacts
reports/paper_material/paper4/tables/paper4_v445_pytest_probe_summary.csv,table_csv,445,delete,generated Paper 4 loop artifact retired; not read by Quarto after closure,paper4_deep_cleanup_manifest_2026-05-18.csv; Paper 4 Quarto chapters; v467-v478 curated export artifacts
reports/paper_material/paper4/tables/paper4_v445_repair_plan.csv,table_csv,445,delete,generated Paper 4 loop artifact retired; not read by Quarto after closure,paper4_deep_cleanup_manifest_2026-05-18.csv; Paper 4 Quarto chapters; v467-v478 curated export artifacts
reports/paper_material/paper4/tables/paper4_v445_repository_ruff_hotspot_files.csv,table_csv,445,delete,generated Paper 4 loop artifact retired; not read by Quarto after closure,paper4_deep_cleanup_manifest_2026-05-18.csv; Paper 4 Quarto chapters; v467-v478 curated export artifacts
reports/paper_material/paper4/tables/paper4_v445_repository_ruff_rule_frontier.csv,table_csv,445,delete,generated Paper 4 loop artifact retired; not read by Quarto after closure,paper4_deep_cleanup_manifest_2026-05-18.csv; Paper 4 Quarto chapters; v467-v478 curated export artifacts
reports/paper_material/paper4/tables/paper4_v445_repository_ruff_snapshot.csv,table_csv,445,delete,generated Paper 4 loop artifact retired; not read by Quarto after closure,paper4_deep_cleanup_manifest_2026-05-18.csv; Paper 4 Quarto chapters; v467-v478 curated export artifacts
reports/paper_material/paper4/tables/paper4_v446_claim_blockers.csv,table_csv,446,delete,generated Paper 4 loop artifact retired; not read by Quarto after closure,paper4_deep_cleanup_manifest_2026-05-18.csv; Paper 4 Quarto chapters; v467-v478 curated export artifacts
reports/paper_material/paper4/tables/paper4_v446_claim_matrix_delta.csv,table_csv,446,delete,generated Paper 4 loop artifact retired; not read by Quarto after closure,paper4_deep_cleanup_manifest_2026-05-18.csv; Paper 4 Quarto chapters; v467-v478 curated export artifacts
reports/paper_material/paper4/tables/paper4_v446_pycompile_summary.csv,table_csv,446,delete,generated Paper 4 loop artifact retired; not read by Quarto after closure,paper4_deep_cleanup_manifest_2026-05-18.csv; Paper 4 Quarto chapters; v467-v478 curated export artifacts
reports/paper_material/paper4/tables/paper4_v446_repository_ruff_after_snapshot.csv,table_csv,446,delete,generated Paper 4 loop artifact retired; not read by Quarto after closure,paper4_deep_cleanup_manifest_2026-05-18.csv; Paper 4 Quarto chapters; v467-v478 curated export artifacts
reports/paper_material/paper4/tables/paper4_v446_repository_ruff_delta.csv,table_csv,446,delete,generated Paper 4 loop artifact retired; not read by Quarto after closure,paper4_deep_cleanup_manifest_2026-05-18.csv; Paper 4 Quarto chapters; v467-v478 curated export artifacts
reports/paper_material/paper4/tables/paper4_v446_scripts_b023_actions.csv,table_csv,446,delete,generated Paper 4 loop artifact retired; not read by Quarto after closure,paper4_deep_cleanup_manifest_2026-05-18.csv; Paper 4 Quarto chapters; v467-v478 curated export artifacts
reports/paper_material/paper4/tables/paper4_v447_claim_blockers.csv,table_csv,447,delete,generated Paper 4 loop artifact retired; not read by Quarto after closure,paper4_deep_cleanup_manifest_2026-05-18.csv; Paper 4 Quarto chapters; v467-v478 curated export artifacts
reports/paper_material/paper4/tables/paper4_v447_claim_matrix_delta.csv,table_csv,447,delete,generated Paper 4 loop artifact retired; not read by Quarto after closure,paper4_deep_cleanup_manifest_2026-05-18.csv; Paper 4 Quarto chapters; v467-v478 curated export artifacts
reports/paper_material/paper4/tables/paper4_v447_pytest_probe_summary.csv,table_csv,447,delete,generated Paper 4 loop artifact retired; not read by Quarto after closure,paper4_deep_cleanup_manifest_2026-05-18.csv; Paper 4 Quarto chapters; v467-v478 curated export artifacts
reports/paper_material/paper4/tables/paper4_v447_repair_plan.csv,table_csv,447,delete,generated Paper 4 loop artifact retired; not read by Quarto after closure,paper4_deep_cleanup_manifest_2026-05-18.csv; Paper 4 Quarto chapters; v467-v478 curated export artifacts
reports/paper_material/paper4/tables/paper4_v447_repository_ruff_hotspot_files.csv,table_csv,447,delete,generated Paper 4 loop artifact retired; not read by Quarto after closure,paper4_deep_cleanup_manifest_2026-05-18.csv; Paper 4 Quarto chapters; v467-v478 curated export artifacts
reports/paper_material/paper4/tables/paper4_v447_repository_ruff_rule_frontier.csv,table_csv,447,delete,generated Paper 4 loop artifact retired; not read by Quarto after closure,paper4_deep_cleanup_manifest_2026-05-18.csv; Paper 4 Quarto chapters; v467-v478 curated export artifacts
reports/paper_material/paper4/tables/paper4_v447_repository_ruff_snapshot.csv,table_csv,447,delete,generated Paper 4 loop artifact retired; not read by Quarto after closure,paper4_deep_cleanup_manifest_2026-05-18.csv; Paper 4 Quarto chapters; v467-v478 curated export artifacts
reports/paper_material/paper4/tables/paper4_v448_claim_blockers.csv,table_csv,448,delete,generated Paper 4 loop artifact retired; not read by Quarto after closure,paper4_deep_cleanup_manifest_2026-05-18.csv; Paper 4 Quarto chapters; v467-v478 curated export artifacts
reports/paper_material/paper4/tables/paper4_v448_claim_matrix_delta.csv,table_csv,448,delete,generated Paper 4 loop artifact retired; not read by Quarto after closure,paper4_deep_cleanup_manifest_2026-05-18.csv; Paper 4 Quarto chapters; v467-v478 curated export artifacts
reports/paper_material/paper4/tables/paper4_v448_quarto_archive_surface.csv,table_csv,448,delete,generated Paper 4 loop artifact retired; not read by Quarto after closure,paper4_deep_cleanup_manifest_2026-05-18.csv; Paper 4 Quarto chapters; v467-v478 curated export artifacts
reports/paper_material/paper4/tables/paper4_v448_quarto_registered_pages.csv,table_csv,448,delete,generated Paper 4 loop artifact retired; not read by Quarto after closure,paper4_deep_cleanup_manifest_2026-05-18.csv; Paper 4 Quarto chapters; v467-v478 curated export artifacts
reports/paper_material/paper4/tables/paper4_v448_quarto_render_probe_summary.csv,table_csv,448,delete,generated Paper 4 loop artifact retired; not read by Quarto after closure,paper4_deep_cleanup_manifest_2026-05-18.csv; Paper 4 Quarto chapters; v467-v478 curated export artifacts
reports/paper_material/paper4/tables/paper4_v449_claim_blockers.csv,table_csv,449,delete,generated Paper 4 loop artifact retired; not read by Quarto after closure,paper4_deep_cleanup_manifest_2026-05-18.csv; Paper 4 Quarto chapters; v467-v478 curated export artifacts
reports/paper_material/paper4/tables/paper4_v449_claim_matrix_delta.csv,table_csv,449,delete,generated Paper 4 loop artifact retired; not read by Quarto after closure,paper4_deep_cleanup_manifest_2026-05-18.csv; Paper 4 Quarto chapters; v467-v478 curated export artifacts
reports/paper_material/paper4/tables/paper4_v449_full_book_registered_pages.csv,table_csv,449,delete,generated Paper 4 loop artifact retired; not read by Quarto after closure,paper4_deep_cleanup_manifest_2026-05-18.csv; Paper 4 Quarto chapters; v467-v478 curated export artifacts
reports/paper_material/paper4/tables/paper4_v449_full_book_render_probe_summary.csv,table_csv,449,delete,generated Paper 4 loop artifact retired; not read by Quarto after closure,paper4_deep_cleanup_manifest_2026-05-18.csv; Paper 4 Quarto chapters; v467-v478 curated export artifacts
reports/paper_material/paper4/tables/paper4_v449_paper4_surface_in_full_book.csv,table_csv,449,delete,generated Paper 4 loop artifact retired; not read by Quarto after closure,paper4_deep_cleanup_manifest_2026-05-18.csv; Paper 4 Quarto chapters; v467-v478 curated export artifacts
reports/paper_material/paper4/tables/paper4_v44_candidate_registry.csv,table_csv,44,delete,generated Paper 4 loop artifact retired; not read by Quarto after closure,paper4_deep_cleanup_manifest_2026-05-18.csv; Paper 4 Quarto chapters; v467-v478 curated export artifacts
reports/paper_material/paper4/tables/paper4_v44_champion_decomposition.csv,table_csv,44,delete,generated Paper 4 loop artifact retired; not read by Quarto after closure,paper4_deep_cleanup_manifest_2026-05-18.csv; Paper 4 Quarto chapters; v467-v478 curated export artifacts
reports/paper_material/paper4/tables/paper4_v44_claim_matrix.csv,table_csv,44,delete,generated Paper 4 loop artifact retired; not read by Quarto after closure,paper4_deep_cleanup_manifest_2026-05-18.csv; Paper 4 Quarto chapters; v467-v478 curated export artifacts
reports/paper_material/paper4/tables/paper4_v450_claim_blockers.csv,table_csv,450,delete,generated Paper 4 loop artifact retired; not read by Quarto after closure,paper4_deep_cleanup_manifest_2026-05-18.csv; Paper 4 Quarto chapters; v467-v478 curated export artifacts
reports/paper_material/paper4/tables/paper4_v450_claim_matrix_delta.csv,table_csv,450,delete,generated Paper 4 loop artifact retired; not read by Quarto after closure,paper4_deep_cleanup_manifest_2026-05-18.csv; Paper 4 Quarto chapters; v467-v478 curated export artifacts
reports/paper_material/paper4/tables/paper4_v450_pytest_probe_summary.csv,table_csv,450,delete,generated Paper 4 loop artifact retired; not read by Quarto after closure,paper4_deep_cleanup_manifest_2026-05-18.csv; Paper 4 Quarto chapters; v467-v478 curated export artifacts
reports/paper_material/paper4/tables/paper4_v450_validation_gate_summary.csv,table_csv,450,delete,generated Paper 4 loop artifact retired; not read by Quarto after closure,paper4_deep_cleanup_manifest_2026-05-18.csv; Paper 4 Quarto chapters; v467-v478 curated export artifacts
reports/paper_material/paper4/tables/paper4_v451_claim_matrix_delta.csv,table_csv,451,delete,generated Paper 4 loop artifact retired; not read by Quarto after closure,paper4_deep_cleanup_manifest_2026-05-18.csv; Paper 4 Quarto chapters; v467-v478 curated export artifacts
reports/paper_material/paper4/tables/paper4_v451_publishable_language_bank.csv,table_csv,451,delete,generated Paper 4 loop artifact retired; not read by Quarto after closure,paper4_deep_cleanup_manifest_2026-05-18.csv; Paper 4 Quarto chapters; v467-v478 curated export artifacts
reports/paper_material/paper4/tables/paper4_v451_release_readiness_gate_summary.csv,table_csv,451,delete,generated Paper 4 loop artifact retired; not read by Quarto after closure,paper4_deep_cleanup_manifest_2026-05-18.csv; Paper 4 Quarto chapters; v467-v478 curated export artifacts
reports/paper_material/paper4/tables/paper4_v451_remaining_blockers.csv,table_csv,451,delete,generated Paper 4 loop artifact retired; not read by Quarto after closure,paper4_deep_cleanup_manifest_2026-05-18.csv; Paper 4 Quarto chapters; v467-v478 curated export artifacts
reports/paper_material/paper4/tables/paper4_v452_claim_language_scaffold.csv,table_csv,452,delete,generated Paper 4 loop artifact retired; not read by Quarto after closure,paper4_deep_cleanup_manifest_2026-05-18.csv; Paper 4 Quarto chapters; v467-v478 curated export artifacts
reports/paper_material/paper4/tables/paper4_v452_claim_matrix_delta.csv,table_csv,452,delete,generated Paper 4 loop artifact retired; not read by Quarto after closure,paper4_deep_cleanup_manifest_2026-05-18.csv; Paper 4 Quarto chapters; v467-v478 curated export artifacts
reports/paper_material/paper4/tables/paper4_v452_figure_table_shortlist.csv,table_csv,452,delete,generated Paper 4 loop artifact retired; not read by Quarto after closure,paper4_deep_cleanup_manifest_2026-05-18.csv; Paper 4 Quarto chapters; v467-v478 curated export artifacts
reports/paper_material/paper4/tables/paper4_v452_manuscript_section_scaffold.csv,table_csv,452,delete,generated Paper 4 loop artifact retired; not read by Quarto after closure,paper4_deep_cleanup_manifest_2026-05-18.csv; Paper 4 Quarto chapters; v467-v478 curated export artifacts
reports/paper_material/paper4/tables/paper4_v452_remaining_blockers.csv,table_csv,452,delete,generated Paper 4 loop artifact retired; not read by Quarto after closure,paper4_deep_cleanup_manifest_2026-05-18.csv; Paper 4 Quarto chapters; v467-v478 curated export artifacts
reports/paper_material/paper4/tables/paper4_v453_claim_matrix_delta.csv,table_csv,453,delete,generated Paper 4 loop artifact retired; not read by Quarto after closure,paper4_deep_cleanup_manifest_2026-05-18.csv; Paper 4 Quarto chapters; v467-v478 curated export artifacts
reports/paper_material/paper4/tables/paper4_v453_claim_sentence_trace.csv,table_csv,453,delete,generated Paper 4 loop artifact retired; not read by Quarto after closure,paper4_deep_cleanup_manifest_2026-05-18.csv; Paper 4 Quarto chapters; v467-v478 curated export artifacts
reports/paper_material/paper4/tables/paper4_v453_draft_section_inventory.csv,table_csv,453,delete,generated Paper 4 loop artifact retired; not read by Quarto after closure,paper4_deep_cleanup_manifest_2026-05-18.csv; Paper 4 Quarto chapters; v467-v478 curated export artifacts
reports/paper_material/paper4/tables/paper4_v453_remaining_blockers.csv,table_csv,453,delete,generated Paper 4 loop artifact retired; not read by Quarto after closure,paper4_deep_cleanup_manifest_2026-05-18.csv; Paper 4 Quarto chapters; v467-v478 curated export artifacts
reports/paper_material/paper4/tables/paper4_v454_claim_matrix_delta.csv,table_csv,454,delete,generated Paper 4 loop artifact retired; not read by Quarto after closure,paper4_deep_cleanup_manifest_2026-05-18.csv; Paper 4 Quarto chapters; v467-v478 curated export artifacts
reports/paper_material/paper4/tables/paper4_v454_discussion_claim_trace.csv,table_csv,454,delete,generated Paper 4 loop artifact retired; not read by Quarto after closure,paper4_deep_cleanup_manifest_2026-05-18.csv; Paper 4 Quarto chapters; v467-v478 curated export artifacts
reports/paper_material/paper4/tables/paper4_v454_limitation_register.csv,table_csv,454,delete,generated Paper 4 loop artifact retired; not read by Quarto after closure,paper4_deep_cleanup_manifest_2026-05-18.csv; Paper 4 Quarto chapters; v467-v478 curated export artifacts
reports/paper_material/paper4/tables/paper4_v454_remaining_blockers.csv,table_csv,454,delete,generated Paper 4 loop artifact retired; not read by Quarto after closure,paper4_deep_cleanup_manifest_2026-05-18.csv; Paper 4 Quarto chapters; v467-v478 curated export artifacts
reports/paper_material/paper4/tables/paper4_v455_abstract_conclusion_sentences.csv,table_csv,455,delete,generated Paper 4 loop artifact retired; not read by Quarto after closure,paper4_deep_cleanup_manifest_2026-05-18.csv; Paper 4 Quarto chapters; v467-v478 curated export artifacts
reports/paper_material/paper4/tables/paper4_v455_claim_matrix_delta.csv,table_csv,455,delete,generated Paper 4 loop artifact retired; not read by Quarto after closure,paper4_deep_cleanup_manifest_2026-05-18.csv; Paper 4 Quarto chapters; v467-v478 curated export artifacts
reports/paper_material/paper4/tables/paper4_v455_draft_completion_inventory.csv,table_csv,455,delete,generated Paper 4 loop artifact retired; not read by Quarto after closure,paper4_deep_cleanup_manifest_2026-05-18.csv; Paper 4 Quarto chapters; v467-v478 curated export artifacts
reports/paper_material/paper4/tables/paper4_v455_remaining_blockers.csv,table_csv,455,delete,generated Paper 4 loop artifact retired; not read by Quarto after closure,paper4_deep_cleanup_manifest_2026-05-18.csv; Paper 4 Quarto chapters; v467-v478 curated export artifacts
reports/paper_material/paper4/tables/paper4_v456_assembly_section_map.csv,table_csv,456,delete,generated Paper 4 loop artifact retired; not read by Quarto after closure,paper4_deep_cleanup_manifest_2026-05-18.csv; Paper 4 Quarto chapters; v467-v478 curated export artifacts
reports/paper_material/paper4/tables/paper4_v456_claim_matrix_delta.csv,table_csv,456,delete,generated Paper 4 loop artifact retired; not read by Quarto after closure,paper4_deep_cleanup_manifest_2026-05-18.csv; Paper 4 Quarto chapters; v467-v478 curated export artifacts
reports/paper_material/paper4/tables/paper4_v456_manuscript_readiness_matrix.csv,table_csv,456,delete,generated Paper 4 loop artifact retired; not read by Quarto after closure,paper4_deep_cleanup_manifest_2026-05-18.csv; Paper 4 Quarto chapters; v467-v478 curated export artifacts
reports/paper_material/paper4/tables/paper4_v456_remaining_blockers.csv,table_csv,456,delete,generated Paper 4 loop artifact retired; not read by Quarto after closure,paper4_deep_cleanup_manifest_2026-05-18.csv; Paper 4 Quarto chapters; v467-v478 curated export artifacts
reports/paper_material/paper4/tables/paper4_v456_source_component_inventory.csv,table_csv,456,delete,generated Paper 4 loop artifact retired; not read by Quarto after closure,paper4_deep_cleanup_manifest_2026-05-18.csv; Paper 4 Quarto chapters; v467-v478 curated export artifacts
reports/paper_material/paper4/tables/paper4_v457_claim_blockers.csv,table_csv,457,delete,generated Paper 4 loop artifact retired; not read by Quarto after closure,paper4_deep_cleanup_manifest_2026-05-18.csv; Paper 4 Quarto chapters; v467-v478 curated export artifacts
reports/paper_material/paper4/tables/paper4_v457_claim_matrix_delta.csv,table_csv,457,delete,generated Paper 4 loop artifact retired; not read by Quarto after closure,paper4_deep_cleanup_manifest_2026-05-18.csv; Paper 4 Quarto chapters; v467-v478 curated export artifacts
reports/paper_material/paper4/tables/paper4_v457_pytest_probe_summary.csv,table_csv,457,delete,generated Paper 4 loop artifact retired; not read by Quarto after closure,paper4_deep_cleanup_manifest_2026-05-18.csv; Paper 4 Quarto chapters; v467-v478 curated export artifacts
reports/paper_material/paper4/tables/paper4_v457_validation_gate_summary.csv,table_csv,457,delete,generated Paper 4 loop artifact retired; not read by Quarto after closure,paper4_deep_cleanup_manifest_2026-05-18.csv; Paper 4 Quarto chapters; v467-v478 curated export artifacts
reports/paper_material/paper4/tables/paper4_v458_changed_surface_inventory.csv,table_csv,458,delete,generated Paper 4 loop artifact retired; not read by Quarto after closure,paper4_deep_cleanup_manifest_2026-05-18.csv; Paper 4 Quarto chapters; v467-v478 curated export artifacts
reports/paper_material/paper4/tables/paper4_v458_claim_matrix_delta.csv,table_csv,458,delete,generated Paper 4 loop artifact retired; not read by Quarto after closure,paper4_deep_cleanup_manifest_2026-05-18.csv; Paper 4 Quarto chapters; v467-v478 curated export artifacts
reports/paper_material/paper4/tables/paper4_v458_remaining_blockers.csv,table_csv,458,delete,generated Paper 4 loop artifact retired; not read by Quarto after closure,paper4_deep_cleanup_manifest_2026-05-18.csv; Paper 4 Quarto chapters; v467-v478 curated export artifacts
reports/paper_material/paper4/tables/paper4_v458_render_decision_matrix.csv,table_csv,458,delete,generated Paper 4 loop artifact retired; not read by Quarto after closure,paper4_deep_cleanup_manifest_2026-05-18.csv; Paper 4 Quarto chapters; v467-v478 curated export artifacts
reports/paper_material/paper4/tables/paper4_v459_candidate_structure_families.csv,table_csv,459,delete,generated Paper 4 loop artifact retired; not read by Quarto after closure,paper4_deep_cleanup_manifest_2026-05-18.csv; Paper 4 Quarto chapters; v467-v478 curated export artifacts
reports/paper_material/paper4/tables/paper4_v459_claim_matrix_delta.csv,table_csv,459,delete,generated Paper 4 loop artifact retired; not read by Quarto after closure,paper4_deep_cleanup_manifest_2026-05-18.csv; Paper 4 Quarto chapters; v467-v478 curated export artifacts
reports/paper_material/paper4/tables/paper4_v459_remaining_blockers.csv,table_csv,459,delete,generated Paper 4 loop artifact retired; not read by Quarto after closure,paper4_deep_cleanup_manifest_2026-05-18.csv; Paper 4 Quarto chapters; v467-v478 curated export artifacts
reports/paper_material/paper4/tables/paper4_v459_section_gap_register.csv,table_csv,459,delete,generated Paper 4 loop artifact retired; not read by Quarto after closure,paper4_deep_cleanup_manifest_2026-05-18.csv; Paper 4 Quarto chapters; v467-v478 curated export artifacts
reports/paper_material/paper4/tables/paper4_v459_target_venue_structure_map.csv,table_csv,459,delete,generated Paper 4 loop artifact retired; not read by Quarto after closure,paper4_deep_cleanup_manifest_2026-05-18.csv; Paper 4 Quarto chapters; v467-v478 curated export artifacts
reports/paper_material/paper4/tables/paper4_v45_cvar_full_universe_attempt.csv,table_csv,45,delete,generated Paper 4 loop artifact retired; not read by Quarto after closure,paper4_deep_cleanup_manifest_2026-05-18.csv; Paper 4 Quarto chapters; v467-v478 curated export artifacts
reports/paper_material/paper4/tables/paper4_v45_cvar_slack_lp_certificate.csv,table_csv,45,delete,generated Paper 4 loop artifact retired; not read by Quarto after closure,paper4_deep_cleanup_manifest_2026-05-18.csv; Paper 4 Quarto chapters; v467-v478 curated export artifacts
reports/paper_material/paper4/tables/paper4_v45_cvar_solver_frontier.csv,table_csv,45,delete,generated Paper 4 loop artifact retired; not read by Quarto after closure,paper4_deep_cleanup_manifest_2026-05-18.csv; Paper 4 Quarto chapters; v467-v478 curated export artifacts
reports/paper_material/paper4/tables/paper4_v45_mdcp_source_solver_frontier.csv,table_csv,45,delete,generated Paper 4 loop artifact retired; not read by Quarto after closure,paper4_deep_cleanup_manifest_2026-05-18.csv; Paper 4 Quarto chapters; v467-v478 curated export artifacts
reports/paper_material/paper4/tables/paper4_v45_online_cell_diagnostics.csv,table_csv,45,delete,generated Paper 4 loop artifact retired; not read by Quarto after closure,paper4_deep_cleanup_manifest_2026-05-18.csv; Paper 4 Quarto chapters; v467-v478 curated export artifacts
reports/paper_material/paper4/tables/paper4_v45_online_recalibration_grid.csv,table_csv,45,delete,generated Paper 4 loop artifact retired; not read by Quarto after closure,paper4_deep_cleanup_manifest_2026-05-18.csv; Paper 4 Quarto chapters; v467-v478 curated export artifacts
reports/paper_material/paper4/tables/paper4_v45_online_source_family_direct_holdout.csv,table_csv,45,delete,generated Paper 4 loop artifact retired; not read by Quarto after closure,paper4_deep_cleanup_manifest_2026-05-18.csv; Paper 4 Quarto chapters; v467-v478 curated export artifacts
reports/paper_material/paper4/tables/paper4_v45_source_cap_sensitivity.csv,table_csv,45,delete,generated Paper 4 loop artifact retired; not read by Quarto after closure,paper4_deep_cleanup_manifest_2026-05-18.csv; Paper 4 Quarto chapters; v467-v478 curated export artifacts
reports/paper_material/paper4/tables/paper4_v460_citation_gap_register.csv,table_csv,460,delete,generated Paper 4 loop artifact retired; not read by Quarto after closure,paper4_deep_cleanup_manifest_2026-05-18.csv; Paper 4 Quarto chapters; v467-v478 curated export artifacts
reports/paper_material/paper4/tables/paper4_v460_claim_matrix_delta.csv,table_csv,460,delete,generated Paper 4 loop artifact retired; not read by Quarto after closure,paper4_deep_cleanup_manifest_2026-05-18.csv; Paper 4 Quarto chapters; v467-v478 curated export artifacts
reports/paper_material/paper4/tables/paper4_v460_related_work_anchor_inventory.csv,table_csv,460,delete,generated Paper 4 loop artifact retired; not read by Quarto after closure,paper4_deep_cleanup_manifest_2026-05-18.csv; Paper 4 Quarto chapters; v467-v478 curated export artifacts
reports/paper_material/paper4/tables/paper4_v460_section_citation_coverage.csv,table_csv,460,delete,generated Paper 4 loop artifact retired; not read by Quarto after closure,paper4_deep_cleanup_manifest_2026-05-18.csv; Paper 4 Quarto chapters; v467-v478 curated export artifacts
reports/paper_material/paper4/tables/paper4_v461_citation_sentence_trace.csv,table_csv,461,delete,generated Paper 4 loop artifact retired; not read by Quarto after closure,paper4_deep_cleanup_manifest_2026-05-18.csv; Paper 4 Quarto chapters; v467-v478 curated export artifacts
reports/paper_material/paper4/tables/paper4_v461_claim_matrix_delta.csv,table_csv,461,delete,generated Paper 4 loop artifact retired; not read by Quarto after closure,paper4_deep_cleanup_manifest_2026-05-18.csv; Paper 4 Quarto chapters; v467-v478 curated export artifacts
reports/paper_material/paper4/tables/paper4_v461_related_work_paragraph_plan.csv,table_csv,461,delete,generated Paper 4 loop artifact retired; not read by Quarto after closure,paper4_deep_cleanup_manifest_2026-05-18.csv; Paper 4 Quarto chapters; v467-v478 curated export artifacts
reports/paper_material/paper4/tables/paper4_v461_remaining_blockers.csv,table_csv,461,delete,generated Paper 4 loop artifact retired; not read by Quarto after closure,paper4_deep_cleanup_manifest_2026-05-18.csv; Paper 4 Quarto chapters; v467-v478 curated export artifacts
reports/paper_material/paper4/tables/paper4_v462_claim_matrix_delta.csv,table_csv,462,delete,generated Paper 4 loop artifact retired; not read by Quarto after closure,paper4_deep_cleanup_manifest_2026-05-18.csv; Paper 4 Quarto chapters; v467-v478 curated export artifacts
reports/paper_material/paper4/tables/paper4_v462_next_wave_decision.csv,table_csv,462,delete,generated Paper 4 loop artifact retired; not read by Quarto after closure,paper4_deep_cleanup_manifest_2026-05-18.csv; Paper 4 Quarto chapters; v467-v478 curated export artifacts
reports/paper_material/paper4/tables/paper4_v462_readiness_delta_matrix.csv,table_csv,462,delete,generated Paper 4 loop artifact retired; not read by Quarto after closure,paper4_deep_cleanup_manifest_2026-05-18.csv; Paper 4 Quarto chapters; v467-v478 curated export artifacts
reports/paper_material/paper4/tables/paper4_v462_remaining_blockers.csv,table_csv,462,delete,generated Paper 4 loop artifact retired; not read by Quarto after closure,paper4_deep_cleanup_manifest_2026-05-18.csv; Paper 4 Quarto chapters; v467-v478 curated export artifacts
reports/paper_material/paper4/tables/paper4_v463_bibliography_action_plan.csv,table_csv,463,delete,generated Paper 4 loop artifact retired; not read by Quarto after closure,paper4_deep_cleanup_manifest_2026-05-18.csv; Paper 4 Quarto chapters; v467-v478 curated export artifacts
reports/paper_material/paper4/tables/paper4_v463_claim_matrix_delta.csv,table_csv,463,delete,generated Paper 4 loop artifact retired; not read by Quarto after closure,paper4_deep_cleanup_manifest_2026-05-18.csv; Paper 4 Quarto chapters; v467-v478 curated export artifacts
reports/paper_material/paper4/tables/paper4_v463_reference_subset_plan.csv,table_csv,463,delete,generated Paper 4 loop artifact retired; not read by Quarto after closure,paper4_deep_cleanup_manifest_2026-05-18.csv; Paper 4 Quarto chapters; v467-v478 curated export artifacts
reports/paper_material/paper4/tables/paper4_v463_remaining_blockers.csv,table_csv,463,delete,generated Paper 4 loop artifact retired; not read by Quarto after closure,paper4_deep_cleanup_manifest_2026-05-18.csv; Paper 4 Quarto chapters; v467-v478 curated export artifacts
reports/paper_material/paper4/tables/paper4_v464_bib_entry_inventory.csv,table_csv,464,delete,generated Paper 4 loop artifact retired; not read by Quarto after closure,paper4_deep_cleanup_manifest_2026-05-18.csv; Paper 4 Quarto chapters; v467-v478 curated export artifacts
reports/paper_material/paper4/tables/paper4_v464_bibliography_dry_run_summary.csv,table_csv,464,delete,generated Paper 4 loop artifact retired; not read by Quarto after closure,paper4_deep_cleanup_manifest_2026-05-18.csv; Paper 4 Quarto chapters; v467-v478 curated export artifacts
reports/paper_material/paper4/tables/paper4_v464_claim_matrix_delta.csv,table_csv,464,delete,generated Paper 4 loop artifact retired; not read by Quarto after closure,paper4_deep_cleanup_manifest_2026-05-18.csv; Paper 4 Quarto chapters; v467-v478 curated export artifacts
reports/paper_material/paper4/tables/paper4_v464_remaining_blockers.csv,table_csv,464,delete,generated Paper 4 loop artifact retired; not read by Quarto after closure,paper4_deep_cleanup_manifest_2026-05-18.csv; Paper 4 Quarto chapters; v467-v478 curated export artifacts
reports/paper_material/paper4/tables/paper4_v465_citation_integration_map.csv,table_csv,465,delete,generated Paper 4 loop artifact retired; not read by Quarto after closure,paper4_deep_cleanup_manifest_2026-05-18.csv; Paper 4 Quarto chapters; v467-v478 curated export artifacts
reports/paper_material/paper4/tables/paper4_v465_claim_matrix_delta.csv,table_csv,465,delete,generated Paper 4 loop artifact retired; not read by Quarto after closure,paper4_deep_cleanup_manifest_2026-05-18.csv; Paper 4 Quarto chapters; v467-v478 curated export artifacts
reports/paper_material/paper4/tables/paper4_v465_integration_readiness.csv,table_csv,465,delete,generated Paper 4 loop artifact retired; not read by Quarto after closure,paper4_deep_cleanup_manifest_2026-05-18.csv; Paper 4 Quarto chapters; v467-v478 curated export artifacts
reports/paper_material/paper4/tables/paper4_v465_remaining_blockers.csv,table_csv,465,delete,generated Paper 4 loop artifact retired; not read by Quarto after closure,paper4_deep_cleanup_manifest_2026-05-18.csv; Paper 4 Quarto chapters; v467-v478 curated export artifacts
reports/paper_material/paper4/tables/paper4_v465_subset_key_consistency.csv,table_csv,465,delete,generated Paper 4 loop artifact retired; not read by Quarto after closure,paper4_deep_cleanup_manifest_2026-05-18.csv; Paper 4 Quarto chapters; v467-v478 curated export artifacts
reports/paper_material/paper4/tables/paper4_v466_claim_matrix_delta.csv,table_csv,466,delete,generated Paper 4 loop artifact retired; not read by Quarto after closure,paper4_deep_cleanup_manifest_2026-05-18.csv; Paper 4 Quarto chapters; v467-v478 curated export artifacts
reports/paper_material/paper4/tables/paper4_v466_domain_dependency_matrix.csv,table_csv,466,delete,generated Paper 4 loop artifact retired; not read by Quarto after closure,paper4_deep_cleanup_manifest_2026-05-18.csv; Paper 4 Quarto chapters; v467-v478 curated export artifacts
reports/paper_material/paper4/tables/paper4_v466_domain_lane_backlog.csv,table_csv,466,delete,generated Paper 4 loop artifact retired; not read by Quarto after closure,paper4_deep_cleanup_manifest_2026-05-18.csv; Paper 4 Quarto chapters; v467-v478 curated export artifacts
reports/paper_material/paper4/tables/paper4_v466_remaining_blockers.csv,table_csv,466,delete,generated Paper 4 loop artifact retired; not read by Quarto after closure,paper4_deep_cleanup_manifest_2026-05-18.csv; Paper 4 Quarto chapters; v467-v478 curated export artifacts
reports/paper_material/paper4/tables/paper4_v46_dla_common_path_replay.csv,table_csv,46,delete,generated Paper 4 loop artifact retired; not read by Quarto after closure,paper4_deep_cleanup_manifest_2026-05-18.csv; Paper 4 Quarto chapters; v467-v478 curated export artifacts
reports/paper_material/paper4/tables/paper4_v46_focused_dynamic_1024_ci.csv,table_csv,46,delete,generated Paper 4 loop artifact retired; not read by Quarto after closure,paper4_deep_cleanup_manifest_2026-05-18.csv; Paper 4 Quarto chapters; v467-v478 curated export artifacts
reports/paper_material/paper4/tables/paper4_v46_spo_isolated_env_smoke_test.csv,table_csv,46,delete,generated Paper 4 loop artifact retired; not read by Quarto after closure,paper4_deep_cleanup_manifest_2026-05-18.csv; Paper 4 Quarto chapters; v467-v478 curated export artifacts
reports/paper_material/paper4/tables/paper4_v46_spo_loan_level_oracle_regret.csv,table_csv,46,delete,generated Paper 4 loop artifact retired; not read by Quarto after closure,paper4_deep_cleanup_manifest_2026-05-18.csv; Paper 4 Quarto chapters; v467-v478 curated export artifacts
reports/paper_material/paper4/tables/paper4_v46_spo_training_report.csv,table_csv,46,delete,generated Paper 4 loop artifact retired; not read by Quarto after closure,paper4_deep_cleanup_manifest_2026-05-18.csv; Paper 4 Quarto chapters; v467-v478 curated export artifacts
reports/paper_material/paper4/tables/paper4_v479_claim_consistency_matrix.csv,table_csv,479,delete,generated Paper 4 loop artifact retired; not read by Quarto after closure,paper4_deep_cleanup_manifest_2026-05-18.csv; Paper 4 Quarto chapters; v467-v478 curated export artifacts
reports/paper_material/paper4/tables/paper4_v479_claim_matrix_delta.csv,table_csv,479,delete,generated Paper 4 loop artifact retired; not read by Quarto after closure,paper4_deep_cleanup_manifest_2026-05-18.csv; Paper 4 Quarto chapters; v467-v478 curated export artifacts
reports/paper_material/paper4/tables/paper4_v479_manuscript_readiness_delta.csv,table_csv,479,delete,generated Paper 4 loop artifact retired; not read by Quarto after closure,paper4_deep_cleanup_manifest_2026-05-18.csv; Paper 4 Quarto chapters; v467-v478 curated export artifacts
reports/paper_material/paper4/tables/paper4_v479_prohibited_language_scan.csv,table_csv,479,delete,generated Paper 4 loop artifact retired; not read by Quarto after closure,paper4_deep_cleanup_manifest_2026-05-18.csv; Paper 4 Quarto chapters; v467-v478 curated export artifacts
reports/paper_material/paper4/tables/paper4_v479_stub_caveat_term_audit.csv,table_csv,479,delete,generated Paper 4 loop artifact retired; not read by Quarto after closure,paper4_deep_cleanup_manifest_2026-05-18.csv; Paper 4 Quarto chapters; v467-v478 curated export artifacts
reports/paper_material/paper4/tables/paper4_v479_stub_consistency_checks.csv,table_csv,479,delete,generated Paper 4 loop artifact retired; not read by Quarto after closure,paper4_deep_cleanup_manifest_2026-05-18.csv; Paper 4 Quarto chapters; v467-v478 curated export artifacts
reports/paper_material/paper4/tables/paper4_v47_cate_treatment_outcome_search.csv,table_csv,47,delete,generated Paper 4 loop artifact retired; not read by Quarto after closure,paper4_deep_cleanup_manifest_2026-05-18.csv; Paper 4 Quarto chapters; v467-v478 curated export artifacts
reports/paper_material/paper4/tables/paper4_v47_champion_case_studies.csv,table_csv,47,delete,generated Paper 4 loop artifact retired; not read by Quarto after closure,paper4_deep_cleanup_manifest_2026-05-18.csv; Paper 4 Quarto chapters; v467-v478 curated export artifacts
reports/paper_material/paper4/tables/paper4_v47_fairness_source_protocol.csv,table_csv,47,delete,generated Paper 4 loop artifact retired; not read by Quarto after closure,paper4_deep_cleanup_manifest_2026-05-18.csv; Paper 4 Quarto chapters; v467-v478 curated export artifacts
reports/paper_material/paper4/tables/paper4_v47_ifrs9_proxy_policy_summary.csv,table_csv,47,delete,generated Paper 4 loop artifact retired; not read by Quarto after closure,paper4_deep_cleanup_manifest_2026-05-18.csv; Paper 4 Quarto chapters; v467-v478 curated export artifacts
reports/paper_material/paper4/tables/paper4_v47_no_claim_flags.csv,table_csv,47,delete,generated Paper 4 loop artifact retired; not read by Quarto after closure,paper4_deep_cleanup_manifest_2026-05-18.csv; Paper 4 Quarto chapters; v467-v478 curated export artifacts
reports/paper_material/paper4/tables/paper4_v47_sample_path_macro_alignment.csv,table_csv,47,delete,generated Paper 4 loop artifact retired; not read by Quarto after closure,paper4_deep_cleanup_manifest_2026-05-18.csv; Paper 4 Quarto chapters; v467-v478 curated export artifacts
reports/paper_material/paper4/tables/paper4_v47_sicr_robust_calibration.csv,table_csv,47,delete,generated Paper 4 loop artifact retired; not read by Quarto after closure,paper4_deep_cleanup_manifest_2026-05-18.csv; Paper 4 Quarto chapters; v467-v478 curated export artifacts
reports/paper_material/paper4/tables/paper4_v480_claim_matrix_delta.csv,table_csv,480,delete,generated Paper 4 loop artifact retired; not read by Quarto after closure,paper4_deep_cleanup_manifest_2026-05-18.csv; Paper 4 Quarto chapters; v467-v478 curated export artifacts
reports/paper_material/paper4/tables/paper4_v480_insertion_risk_register.csv,table_csv,480,delete,generated Paper 4 loop artifact retired; not read by Quarto after closure,paper4_deep_cleanup_manifest_2026-05-18.csv; Paper 4 Quarto chapters; v467-v478 curated export artifacts
reports/paper_material/paper4/tables/paper4_v480_manuscript_readiness_delta.csv,table_csv,480,delete,generated Paper 4 loop artifact retired; not read by Quarto after closure,paper4_deep_cleanup_manifest_2026-05-18.csv; Paper 4 Quarto chapters; v467-v478 curated export artifacts
reports/paper_material/paper4/tables/paper4_v480_pre_patch_gate_checklist.csv,table_csv,480,delete,generated Paper 4 loop artifact retired; not read by Quarto after closure,paper4_deep_cleanup_manifest_2026-05-18.csv; Paper 4 Quarto chapters; v467-v478 curated export artifacts
reports/paper_material/paper4/tables/paper4_v480_quarto_insertion_plan.csv,table_csv,480,delete,generated Paper 4 loop artifact retired; not read by Quarto after closure,paper4_deep_cleanup_manifest_2026-05-18.csv; Paper 4 Quarto chapters; v467-v478 curated export artifacts
reports/paper_material/paper4/tables/paper4_v480_rollback_plan.csv,table_csv,480,delete,generated Paper 4 loop artifact retired; not read by Quarto after closure,paper4_deep_cleanup_manifest_2026-05-18.csv; Paper 4 Quarto chapters; v467-v478 curated export artifacts
reports/paper_material/paper4/tables/paper4_v481_claim_matrix_delta.csv,table_csv,481,delete,generated Paper 4 loop artifact retired; not read by Quarto after closure,paper4_deep_cleanup_manifest_2026-05-18.csv; Paper 4 Quarto chapters; v467-v478 curated export artifacts
reports/paper_material/paper4/tables/paper4_v481_manual_review_requirements.csv,table_csv,481,delete,generated Paper 4 loop artifact retired; not read by Quarto after closure,paper4_deep_cleanup_manifest_2026-05-18.csv; Paper 4 Quarto chapters; v467-v478 curated export artifacts
reports/paper_material/paper4/tables/paper4_v481_manuscript_readiness_delta.csv,table_csv,481,delete,generated Paper 4 loop artifact retired; not read by Quarto after closure,paper4_deep_cleanup_manifest_2026-05-18.csv; Paper 4 Quarto chapters; v467-v478 curated export artifacts
reports/paper_material/paper4/tables/paper4_v481_next_action_queue.csv,table_csv,481,delete,generated Paper 4 loop artifact retired; not read by Quarto after closure,paper4_deep_cleanup_manifest_2026-05-18.csv; Paper 4 Quarto chapters; v467-v478 curated export artifacts
reports/paper_material/paper4/tables/paper4_v481_patch_decision_register.csv,table_csv,481,delete,generated Paper 4 loop artifact retired; not read by Quarto after closure,paper4_deep_cleanup_manifest_2026-05-18.csv; Paper 4 Quarto chapters; v467-v478 curated export artifacts
reports/paper_material/paper4/tables/paper4_v482_claim_matrix_delta.csv,table_csv,482,delete,generated Paper 4 loop artifact retired; not read by Quarto after closure,paper4_deep_cleanup_manifest_2026-05-18.csv; Paper 4 Quarto chapters; v467-v478 curated export artifacts
reports/paper_material/paper4/tables/paper4_v482_manual_review_packet_seed.csv,table_csv,482,delete,generated Paper 4 loop artifact retired; not read by Quarto after closure,paper4_deep_cleanup_manifest_2026-05-18.csv; Paper 4 Quarto chapters; v467-v478 curated export artifacts
reports/paper_material/paper4/tables/paper4_v482_manuscript_readiness_delta.csv,table_csv,482,delete,generated Paper 4 loop artifact retired; not read by Quarto after closure,paper4_deep_cleanup_manifest_2026-05-18.csv; Paper 4 Quarto chapters; v467-v478 curated export artifacts
reports/paper_material/paper4/tables/paper4_v482_manuscript_state_matrix.csv,table_csv,482,delete,generated Paper 4 loop artifact retired; not read by Quarto after closure,paper4_deep_cleanup_manifest_2026-05-18.csv; Paper 4 Quarto chapters; v467-v478 curated export artifacts
reports/paper_material/paper4/tables/paper4_v482_open_blocker_register.csv,table_csv,482,delete,generated Paper 4 loop artifact retired; not read by Quarto after closure,paper4_deep_cleanup_manifest_2026-05-18.csv; Paper 4 Quarto chapters; v467-v478 curated export artifacts
reports/paper_material/paper4/tables/paper4_v482_post_plan_wave_summary.csv,table_csv,482,delete,generated Paper 4 loop artifact retired; not read by Quarto after closure,paper4_deep_cleanup_manifest_2026-05-18.csv; Paper 4 Quarto chapters; v467-v478 curated export artifacts
reports/paper_material/paper4/tables/paper4_v483_claim_matrix_delta.csv,table_csv,483,delete,generated Paper 4 loop artifact retired; not read by Quarto after closure,paper4_deep_cleanup_manifest_2026-05-18.csv; Paper 4 Quarto chapters; v467-v478 curated export artifacts
reports/paper_material/paper4/tables/paper4_v483_decision_option_matrix.csv,table_csv,483,delete,generated Paper 4 loop artifact retired; not read by Quarto after closure,paper4_deep_cleanup_manifest_2026-05-18.csv; Paper 4 Quarto chapters; v467-v478 curated export artifacts
reports/paper_material/paper4/tables/paper4_v483_evidence_bundle.csv,table_csv,483,delete,generated Paper 4 loop artifact retired; not read by Quarto after closure,paper4_deep_cleanup_manifest_2026-05-18.csv; Paper 4 Quarto chapters; v467-v478 curated export artifacts
reports/paper_material/paper4/tables/paper4_v483_manuscript_readiness_delta.csv,table_csv,483,delete,generated Paper 4 loop artifact retired; not read by Quarto after closure,paper4_deep_cleanup_manifest_2026-05-18.csv; Paper 4 Quarto chapters; v467-v478 curated export artifacts
reports/paper_material/paper4/tables/paper4_v483_review_packet_items.csv,table_csv,483,delete,generated Paper 4 loop artifact retired; not read by Quarto after closure,paper4_deep_cleanup_manifest_2026-05-18.csv; Paper 4 Quarto chapters; v467-v478 curated export artifacts
reports/paper_material/paper4/tables/paper4_v483_risk_control_matrix.csv,table_csv,483,delete,generated Paper 4 loop artifact retired; not read by Quarto after closure,paper4_deep_cleanup_manifest_2026-05-18.csv; Paper 4 Quarto chapters; v467-v478 curated export artifacts
reports/paper_material/paper4/tables/paper4_v484_caption_caveat_preservation_audit.csv,table_csv,484,delete,generated Paper 4 loop artifact retired; not read by Quarto after closure,paper4_deep_cleanup_manifest_2026-05-18.csv; Paper 4 Quarto chapters; v467-v478 curated export artifacts
reports/paper_material/paper4/tables/paper4_v484_caption_review_delta.csv,table_csv,484,delete,generated Paper 4 loop artifact retired; not read by Quarto after closure,paper4_deep_cleanup_manifest_2026-05-18.csv; Paper 4 Quarto chapters; v467-v478 curated export artifacts
reports/paper_material/paper4/tables/paper4_v484_claim_matrix_delta.csv,table_csv,484,delete,generated Paper 4 loop artifact retired; not read by Quarto after closure,paper4_deep_cleanup_manifest_2026-05-18.csv; Paper 4 Quarto chapters; v467-v478 curated export artifacts
reports/paper_material/paper4/tables/paper4_v484_hardened_caption_dry_run.csv,table_csv,484,delete,generated Paper 4 loop artifact retired; not read by Quarto after closure,paper4_deep_cleanup_manifest_2026-05-18.csv; Paper 4 Quarto chapters; v467-v478 curated export artifacts
reports/paper_material/paper4/tables/paper4_v484_manuscript_readiness_delta.csv,table_csv,484,delete,generated Paper 4 loop artifact retired; not read by Quarto after closure,paper4_deep_cleanup_manifest_2026-05-18.csv; Paper 4 Quarto chapters; v467-v478 curated export artifacts
reports/paper_material/paper4/tables/paper4_v485_caption_consistency_checks.csv,table_csv,485,delete,generated Paper 4 loop artifact retired; not read by Quarto after closure,paper4_deep_cleanup_manifest_2026-05-18.csv; Paper 4 Quarto chapters; v467-v478 curated export artifacts
reports/paper_material/paper4/tables/paper4_v485_caption_decision_queue.csv,table_csv,485,delete,generated Paper 4 loop artifact retired; not read by Quarto after closure,paper4_deep_cleanup_manifest_2026-05-18.csv; Paper 4 Quarto chapters; v467-v478 curated export artifacts
reports/paper_material/paper4/tables/paper4_v485_caption_quality_matrix.csv,table_csv,485,delete,generated Paper 4 loop artifact retired; not read by Quarto after closure,paper4_deep_cleanup_manifest_2026-05-18.csv; Paper 4 Quarto chapters; v467-v478 curated export artifacts
reports/paper_material/paper4/tables/paper4_v485_claim_matrix_delta.csv,table_csv,485,delete,generated Paper 4 loop artifact retired; not read by Quarto after closure,paper4_deep_cleanup_manifest_2026-05-18.csv; Paper 4 Quarto chapters; v467-v478 curated export artifacts
reports/paper_material/paper4/tables/paper4_v485_manuscript_readiness_delta.csv,table_csv,485,delete,generated Paper 4 loop artifact retired; not read by Quarto after closure,paper4_deep_cleanup_manifest_2026-05-18.csv; Paper 4 Quarto chapters; v467-v478 curated export artifacts
reports/paper_material/paper4/tables/paper4_v485_prohibited_caption_language_scan.csv,table_csv,485,delete,generated Paper 4 loop artifact retired; not read by Quarto after closure,paper4_deep_cleanup_manifest_2026-05-18.csv; Paper 4 Quarto chapters; v467-v478 curated export artifacts
reports/paper_material/paper4/tables/paper4_v486_caption_decision_summary.csv,table_csv,486,delete,generated Paper 4 loop artifact retired; not read by Quarto after closure,paper4_deep_cleanup_manifest_2026-05-18.csv; Paper 4 Quarto chapters; v467-v478 curated export artifacts
reports/paper_material/paper4/tables/paper4_v486_caption_review_decision_matrix.csv,table_csv,486,delete,generated Paper 4 loop artifact retired; not read by Quarto after closure,paper4_deep_cleanup_manifest_2026-05-18.csv; Paper 4 Quarto chapters; v467-v478 curated export artifacts
reports/paper_material/paper4/tables/paper4_v486_caption_revision_action_register.csv,table_csv,486,delete,generated Paper 4 loop artifact retired; not read by Quarto after closure,paper4_deep_cleanup_manifest_2026-05-18.csv; Paper 4 Quarto chapters; v467-v478 curated export artifacts
reports/paper_material/paper4/tables/paper4_v486_claim_matrix_delta.csv,table_csv,486,delete,generated Paper 4 loop artifact retired; not read by Quarto after closure,paper4_deep_cleanup_manifest_2026-05-18.csv; Paper 4 Quarto chapters; v467-v478 curated export artifacts
reports/paper_material/paper4/tables/paper4_v486_manuscript_readiness_delta.csv,table_csv,486,delete,generated Paper 4 loop artifact retired; not read by Quarto after closure,paper4_deep_cleanup_manifest_2026-05-18.csv; Paper 4 Quarto chapters; v467-v478 curated export artifacts
reports/paper_material/paper4/tables/paper4_v487_caption_asset_pairing_matrix.csv,table_csv,487,delete,generated Paper 4 loop artifact retired; not read by Quarto after closure,paper4_deep_cleanup_manifest_2026-05-18.csv; Paper 4 Quarto chapters; v467-v478 curated export artifacts
reports/paper_material/paper4/tables/paper4_v487_claim_matrix_delta.csv,table_csv,487,delete,generated Paper 4 loop artifact retired; not read by Quarto after closure,paper4_deep_cleanup_manifest_2026-05-18.csv; Paper 4 Quarto chapters; v467-v478 curated export artifacts
reports/paper_material/paper4/tables/paper4_v487_layout_dry_run_seed.csv,table_csv,487,delete,generated Paper 4 loop artifact retired; not read by Quarto after closure,paper4_deep_cleanup_manifest_2026-05-18.csv; Paper 4 Quarto chapters; v467-v478 curated export artifacts
reports/paper_material/paper4/tables/paper4_v487_manuscript_readiness_delta.csv,table_csv,487,delete,generated Paper 4 loop artifact retired; not read by Quarto after closure,paper4_deep_cleanup_manifest_2026-05-18.csv; Paper 4 Quarto chapters; v467-v478 curated export artifacts
reports/paper_material/paper4/tables/paper4_v487_section_pairing_summary.csv,table_csv,487,delete,generated Paper 4 loop artifact retired; not read by Quarto after closure,paper4_deep_cleanup_manifest_2026-05-18.csv; Paper 4 Quarto chapters; v467-v478 curated export artifacts
reports/paper_material/paper4/tables/paper4_v488_claim_matrix_delta.csv,table_csv,488,delete,generated Paper 4 loop artifact retired; not read by Quarto after closure,paper4_deep_cleanup_manifest_2026-05-18.csv; Paper 4 Quarto chapters; v467-v478 curated export artifacts
reports/paper_material/paper4/tables/paper4_v488_layout_dry_run_packet.csv,table_csv,488,delete,generated Paper 4 loop artifact retired; not read by Quarto after closure,paper4_deep_cleanup_manifest_2026-05-18.csv; Paper 4 Quarto chapters; v467-v478 curated export artifacts
reports/paper_material/paper4/tables/paper4_v488_manuscript_readiness_delta.csv,table_csv,488,delete,generated Paper 4 loop artifact retired; not read by Quarto after closure,paper4_deep_cleanup_manifest_2026-05-18.csv; Paper 4 Quarto chapters; v467-v478 curated export artifacts
reports/paper_material/paper4/tables/paper4_v488_no_patch_register.csv,table_csv,488,delete,generated Paper 4 loop artifact retired; not read by Quarto after closure,paper4_deep_cleanup_manifest_2026-05-18.csv; Paper 4 Quarto chapters; v467-v478 curated export artifacts
reports/paper_material/paper4/tables/paper4_v488_render_gate_plan.csv,table_csv,488,delete,generated Paper 4 loop artifact retired; not read by Quarto after closure,paper4_deep_cleanup_manifest_2026-05-18.csv; Paper 4 Quarto chapters; v467-v478 curated export artifacts
reports/paper_material/paper4/tables/paper4_v488_target_surface_summary.csv,table_csv,488,delete,generated Paper 4 loop artifact retired; not read by Quarto after closure,paper4_deep_cleanup_manifest_2026-05-18.csv; Paper 4 Quarto chapters; v467-v478 curated export artifacts
reports/paper_material/paper4/tables/paper4_v489_claim_matrix_delta.csv,table_csv,489,delete,generated Paper 4 loop artifact retired; not read by Quarto after closure,paper4_deep_cleanup_manifest_2026-05-18.csv; Paper 4 Quarto chapters; v467-v478 curated export artifacts
reports/paper_material/paper4/tables/paper4_v489_layout_consistency_checks.csv,table_csv,489,delete,generated Paper 4 loop artifact retired; not read by Quarto after closure,paper4_deep_cleanup_manifest_2026-05-18.csv; Paper 4 Quarto chapters; v467-v478 curated export artifacts
reports/paper_material/paper4/tables/paper4_v489_manuscript_readiness_delta.csv,table_csv,489,delete,generated Paper 4 loop artifact retired; not read by Quarto after closure,paper4_deep_cleanup_manifest_2026-05-18.csv; Paper 4 Quarto chapters; v467-v478 curated export artifacts
reports/paper_material/paper4/tables/paper4_v489_patch_safety_decision.csv,table_csv,489,delete,generated Paper 4 loop artifact retired; not read by Quarto after closure,paper4_deep_cleanup_manifest_2026-05-18.csv; Paper 4 Quarto chapters; v467-v478 curated export artifacts
reports/paper_material/paper4/tables/paper4_v489_render_blocker_matrix.csv,table_csv,489,delete,generated Paper 4 loop artifact retired; not read by Quarto after closure,paper4_deep_cleanup_manifest_2026-05-18.csv; Paper 4 Quarto chapters; v467-v478 curated export artifacts
reports/paper_material/paper4/tables/paper4_v489_target_consistency_matrix.csv,table_csv,489,delete,generated Paper 4 loop artifact retired; not read by Quarto after closure,paper4_deep_cleanup_manifest_2026-05-18.csv; Paper 4 Quarto chapters; v467-v478 curated export artifacts
reports/paper_material/paper4/tables/paper4_v48_candidate_registry.csv,table_csv,48,delete,generated Paper 4 loop artifact retired; not read by Quarto after closure,paper4_deep_cleanup_manifest_2026-05-18.csv; Paper 4 Quarto chapters; v467-v478 curated export artifacts
reports/paper_material/paper4/tables/paper4_v48_claim_matrix.csv,table_csv,48,delete,generated Paper 4 loop artifact retired; not read by Quarto after closure,paper4_deep_cleanup_manifest_2026-05-18.csv; Paper 4 Quarto chapters; v467-v478 curated export artifacts
reports/paper_material/paper4/tables/paper4_v49_loan_scenario_summary.csv,table_csv,49,delete,generated Paper 4 loop artifact retired; not read by Quarto after closure,paper4_deep_cleanup_manifest_2026-05-18.csv; Paper 4 Quarto chapters; v467-v478 curated export artifacts
reports/paper_material/paper4/tables/paper4_v49_online_qhat_recalibration_search.csv,table_csv,49,delete,generated Paper 4 loop artifact retired; not read by Quarto after closure,paper4_deep_cleanup_manifest_2026-05-18.csv; Paper 4 Quarto chapters; v467-v478 curated export artifacts
reports/paper_material/paper4/tables/paper4_v49_online_weak_cell_diagnostics.csv,table_csv,49,delete,generated Paper 4 loop artifact retired; not read by Quarto after closure,paper4_deep_cleanup_manifest_2026-05-18.csv; Paper 4 Quarto chapters; v467-v478 curated export artifacts
reports/paper_material/paper4/tables/paper4_v49_solver_candidate_pool.csv,table_csv,49,delete,generated Paper 4 loop artifact retired; not read by Quarto after closure,paper4_deep_cleanup_manifest_2026-05-18.csv; Paper 4 Quarto chapters; v467-v478 curated export artifacts
reports/paper_material/paper4/tables/paper4_v50_cvar_active_constraints_committee.csv,table_csv,50,delete,generated Paper 4 loop artifact retired; not read by Quarto after closure,paper4_deep_cleanup_manifest_2026-05-18.csv; Paper 4 Quarto chapters; v467-v478 curated export artifacts
reports/paper_material/paper4/tables/paper4_v50_cvar_active_constraints_relaxed.csv,table_csv,50,delete,generated Paper 4 loop artifact retired; not read by Quarto after closure,paper4_deep_cleanup_manifest_2026-05-18.csv; Paper 4 Quarto chapters; v467-v478 curated export artifacts
reports/paper_material/paper4/tables/paper4_v50_cvar_active_constraints_strict.csv,table_csv,50,delete,generated Paper 4 loop artifact retired; not read by Quarto after closure,paper4_deep_cleanup_manifest_2026-05-18.csv; Paper 4 Quarto chapters; v467-v478 curated export artifacts
reports/paper_material/paper4/tables/paper4_v50_cvar_active_constraints_tail_first.csv,table_csv,50,delete,generated Paper 4 loop artifact retired; not read by Quarto after closure,paper4_deep_cleanup_manifest_2026-05-18.csv; Paper 4 Quarto chapters; v467-v478 curated export artifacts
reports/paper_material/paper4/tables/paper4_v50_cvar_infeasibility_certificate.csv,table_csv,50,delete,generated Paper 4 loop artifact retired; not read by Quarto after closure,paper4_deep_cleanup_manifest_2026-05-18.csv; Paper 4 Quarto chapters; v467-v478 curated export artifacts
reports/paper_material/paper4/tables/paper4_v50_cvar_scenario_losses_committee.csv,table_csv,50,delete,generated Paper 4 loop artifact retired; not read by Quarto after closure,paper4_deep_cleanup_manifest_2026-05-18.csv; Paper 4 Quarto chapters; v467-v478 curated export artifacts
reports/paper_material/paper4/tables/paper4_v50_cvar_scenario_losses_relaxed.csv,table_csv,50,delete,generated Paper 4 loop artifact retired; not read by Quarto after closure,paper4_deep_cleanup_manifest_2026-05-18.csv; Paper 4 Quarto chapters; v467-v478 curated export artifacts
reports/paper_material/paper4/tables/paper4_v50_cvar_scenario_losses_strict.csv,table_csv,50,delete,generated Paper 4 loop artifact retired; not read by Quarto after closure,paper4_deep_cleanup_manifest_2026-05-18.csv; Paper 4 Quarto chapters; v467-v478 curated export artifacts
reports/paper_material/paper4/tables/paper4_v50_cvar_scenario_losses_tail_first.csv,table_csv,50,delete,generated Paper 4 loop artifact retired; not read by Quarto after closure,paper4_deep_cleanup_manifest_2026-05-18.csv; Paper 4 Quarto chapters; v467-v478 curated export artifacts
reports/paper_material/paper4/tables/paper4_v50_cvar_source_lp_frontier.csv,table_csv,50,delete,generated Paper 4 loop artifact retired; not read by Quarto after closure,paper4_deep_cleanup_manifest_2026-05-18.csv; Paper 4 Quarto chapters; v467-v478 curated export artifacts
reports/paper_material/paper4/tables/paper4_v51_champion_economic_case_studies.csv,table_csv,51,delete,generated Paper 4 loop artifact retired; not read by Quarto after closure,paper4_deep_cleanup_manifest_2026-05-18.csv; Paper 4 Quarto chapters; v467-v478 curated export artifacts
reports/paper_material/paper4/tables/paper4_v51_policy_scenario_replay.csv,table_csv,51,delete,generated Paper 4 loop artifact retired; not read by Quarto after closure,paper4_deep_cleanup_manifest_2026-05-18.csv; Paper 4 Quarto chapters; v467-v478 curated export artifacts
reports/paper_material/paper4/tables/paper4_v51_sicr_targeted_recalibration.csv,table_csv,51,delete,generated Paper 4 loop artifact retired; not read by Quarto after closure,paper4_deep_cleanup_manifest_2026-05-18.csv; Paper 4 Quarto chapters; v467-v478 curated export artifacts
reports/paper_material/paper4/tables/paper4_v51_spo_solver_oracle_bridge.csv,table_csv,51,delete,generated Paper 4 loop artifact retired; not read by Quarto after closure,paper4_deep_cleanup_manifest_2026-05-18.csv; Paper 4 Quarto chapters; v467-v478 curated export artifacts
reports/paper_material/paper4/tables/paper4_v52_candidate_registry.csv,table_csv,52,delete,generated Paper 4 loop artifact retired; not read by Quarto after closure,paper4_deep_cleanup_manifest_2026-05-18.csv; Paper 4 Quarto chapters; v467-v478 curated export artifacts
reports/paper_material/paper4/tables/paper4_v52_claim_matrix.csv,table_csv,52,delete,generated Paper 4 loop artifact retired; not read by Quarto after closure,paper4_deep_cleanup_manifest_2026-05-18.csv; Paper 4 Quarto chapters; v467-v478 curated export artifacts
reports/paper_material/paper4/tables/paper4_v53_binary_vs_expected_diagnostic.csv,table_csv,53,delete,generated Paper 4 loop artifact retired; not read by Quarto after closure,paper4_deep_cleanup_manifest_2026-05-18.csv; Paper 4 Quarto chapters; v467-v478 curated export artifacts
reports/paper_material/paper4/tables/paper4_v53_budget_capped_policy_replay.csv,table_csv,53,delete,generated Paper 4 loop artifact retired; not read by Quarto after closure,paper4_deep_cleanup_manifest_2026-05-18.csv; Paper 4 Quarto chapters; v467-v478 curated export artifacts
reports/paper_material/paper4/tables/paper4_v53_candidate_registry_repair.csv,table_csv,53,delete,generated Paper 4 loop artifact retired; not read by Quarto after closure,paper4_deep_cleanup_manifest_2026-05-18.csv; Paper 4 Quarto chapters; v467-v478 curated export artifacts
reports/paper_material/paper4/tables/paper4_v53_champion_decomposition_cases.csv,table_csv,53,delete,generated Paper 4 loop artifact retired; not read by Quarto after closure,paper4_deep_cleanup_manifest_2026-05-18.csv; Paper 4 Quarto chapters; v467-v478 curated export artifacts
reports/paper_material/paper4/tables/paper4_v53_claim_matrix_delta.csv,table_csv,53,delete,generated Paper 4 loop artifact retired; not read by Quarto after closure,paper4_deep_cleanup_manifest_2026-05-18.csv; Paper 4 Quarto chapters; v467-v478 curated export artifacts
reports/paper_material/paper4/tables/paper4_v53_cvar_expected_loss_active_constraints_committee.csv,table_csv,53,delete,generated Paper 4 loop artifact retired; not read by Quarto after closure,paper4_deep_cleanup_manifest_2026-05-18.csv; Paper 4 Quarto chapters; v467-v478 curated export artifacts
reports/paper_material/paper4/tables/paper4_v53_cvar_expected_loss_active_constraints_relaxed.csv,table_csv,53,delete,generated Paper 4 loop artifact retired; not read by Quarto after closure,paper4_deep_cleanup_manifest_2026-05-18.csv; Paper 4 Quarto chapters; v467-v478 curated export artifacts
reports/paper_material/paper4/tables/paper4_v53_cvar_expected_loss_active_constraints_strict.csv,table_csv,53,delete,generated Paper 4 loop artifact retired; not read by Quarto after closure,paper4_deep_cleanup_manifest_2026-05-18.csv; Paper 4 Quarto chapters; v467-v478 curated export artifacts
reports/paper_material/paper4/tables/paper4_v53_cvar_expected_loss_active_constraints_tail_first.csv,table_csv,53,delete,generated Paper 4 loop artifact retired; not read by Quarto after closure,paper4_deep_cleanup_manifest_2026-05-18.csv; Paper 4 Quarto chapters; v467-v478 curated export artifacts
reports/paper_material/paper4/tables/paper4_v53_cvar_expected_loss_scenario_losses_committee.csv,table_csv,53,delete,generated Paper 4 loop artifact retired; not read by Quarto after closure,paper4_deep_cleanup_manifest_2026-05-18.csv; Paper 4 Quarto chapters; v467-v478 curated export artifacts
reports/paper_material/paper4/tables/paper4_v53_cvar_expected_loss_scenario_losses_relaxed.csv,table_csv,53,delete,generated Paper 4 loop artifact retired; not read by Quarto after closure,paper4_deep_cleanup_manifest_2026-05-18.csv; Paper 4 Quarto chapters; v467-v478 curated export artifacts
reports/paper_material/paper4/tables/paper4_v53_cvar_expected_loss_scenario_losses_strict.csv,table_csv,53,delete,generated Paper 4 loop artifact retired; not read by Quarto after closure,paper4_deep_cleanup_manifest_2026-05-18.csv; Paper 4 Quarto chapters; v467-v478 curated export artifacts
reports/paper_material/paper4/tables/paper4_v53_cvar_expected_loss_scenario_losses_tail_first.csv,table_csv,53,delete,generated Paper 4 loop artifact retired; not read by Quarto after closure,paper4_deep_cleanup_manifest_2026-05-18.csv; Paper 4 Quarto chapters; v467-v478 curated export artifacts
reports/paper_material/paper4/tables/paper4_v53_expected_loss_certificate.csv,table_csv,53,delete,generated Paper 4 loop artifact retired; not read by Quarto after closure,paper4_deep_cleanup_manifest_2026-05-18.csv; Paper 4 Quarto chapters; v467-v478 curated export artifacts
reports/paper_material/paper4/tables/paper4_v53_expected_loss_frontier.csv,table_csv,53,delete,generated Paper 4 loop artifact retired; not read by Quarto after closure,paper4_deep_cleanup_manifest_2026-05-18.csv; Paper 4 Quarto chapters; v467-v478 curated export artifacts
reports/paper_material/paper4/tables/paper4_v53_expected_loss_summary.csv,table_csv,53,delete,generated Paper 4 loop artifact retired; not read by Quarto after closure,paper4_deep_cleanup_manifest_2026-05-18.csv; Paper 4 Quarto chapters; v467-v478 curated export artifacts
reports/paper_material/paper4/tables/paper4_v54_dynamic_budget_capped_book_summary.csv,table_csv,54,delete,generated Paper 4 loop artifact retired; not read by Quarto after closure,paper4_deep_cleanup_manifest_2026-05-18.csv; Paper 4 Quarto chapters; v467-v478 curated export artifacts
reports/paper_material/paper4/tables/paper4_v54_dynamic_champion_decision_memo.csv,table_csv,54,delete,generated Paper 4 loop artifact retired; not read by Quarto after closure,paper4_deep_cleanup_manifest_2026-05-18.csv; Paper 4 Quarto chapters; v467-v478 curated export artifacts
reports/paper_material/paper4/tables/paper4_v55_full_universe_lineage_audit.csv,table_csv,55,delete,generated Paper 4 loop artifact retired; not read by Quarto after closure,paper4_deep_cleanup_manifest_2026-05-18.csv; Paper 4 Quarto chapters; v467-v478 curated export artifacts
reports/paper_material/paper4/tables/paper4_v55_join_match_rate_table.csv,table_csv,55,delete,generated Paper 4 loop artifact retired; not read by Quarto after closure,paper4_deep_cleanup_manifest_2026-05-18.csv; Paper 4 Quarto chapters; v467-v478 curated export artifacts
reports/paper_material/paper4/tables/paper4_v56_active_constraints_all.csv,table_csv,56,delete,generated Paper 4 loop artifact retired; not read by Quarto after closure,paper4_deep_cleanup_manifest_2026-05-18.csv; Paper 4 Quarto chapters; v467-v478 curated export artifacts
reports/paper_material/paper4/tables/paper4_v56_column_generation_log.csv,table_csv,56,delete,generated Paper 4 loop artifact retired; not read by Quarto after closure,paper4_deep_cleanup_manifest_2026-05-18.csv; Paper 4 Quarto chapters; v467-v478 curated export artifacts
reports/paper_material/paper4/tables/paper4_v56_cvar_active_constraints_strict_soft_slack.csv,table_csv,56,delete,generated Paper 4 loop artifact retired; not read by Quarto after closure,paper4_deep_cleanup_manifest_2026-05-18.csv; Paper 4 Quarto chapters; v467-v478 curated export artifacts
reports/paper_material/paper4/tables/paper4_v56_cvar_full_comparable_frontier.csv,table_csv,56,delete,generated Paper 4 loop artifact retired; not read by Quarto after closure,paper4_deep_cleanup_manifest_2026-05-18.csv; Paper 4 Quarto chapters; v467-v478 curated export artifacts
reports/paper_material/paper4/tables/paper4_v56_cvar_scenario_losses_strict_soft_slack.csv,table_csv,56,delete,generated Paper 4 loop artifact retired; not read by Quarto after closure,paper4_deep_cleanup_manifest_2026-05-18.csv; Paper 4 Quarto chapters; v467-v478 curated export artifacts
reports/paper_material/paper4/tables/paper4_v56_cvar_slack_certificate.csv,table_csv,56,delete,generated Paper 4 loop artifact retired; not read by Quarto after closure,paper4_deep_cleanup_manifest_2026-05-18.csv; Paper 4 Quarto chapters; v467-v478 curated export artifacts
reports/paper_material/paper4/tables/paper4_v56_full_universe_attempt.csv,table_csv,56,delete,generated Paper 4 loop artifact retired; not read by Quarto after closure,paper4_deep_cleanup_manifest_2026-05-18.csv; Paper 4 Quarto chapters; v467-v478 curated export artifacts
reports/paper_material/paper4/tables/paper4_v56_loss_matrix_manifest.csv,table_csv,56,delete,generated Paper 4 loop artifact retired; not read by Quarto after closure,paper4_deep_cleanup_manifest_2026-05-18.csv; Paper 4 Quarto chapters; v467-v478 curated export artifacts
reports/paper_material/paper4/tables/paper4_v56_source_governance_caps.csv,table_csv,56,delete,generated Paper 4 loop artifact retired; not read by Quarto after closure,paper4_deep_cleanup_manifest_2026-05-18.csv; Paper 4 Quarto chapters; v467-v478 curated export artifacts
reports/paper_material/paper4/tables/paper4_v57_cate_fairness_gate_update.csv,table_csv,57,delete,generated Paper 4 loop artifact retired; not read by Quarto after closure,paper4_deep_cleanup_manifest_2026-05-18.csv; Paper 4 Quarto chapters; v467-v478 curated export artifacts
reports/paper_material/paper4/tables/paper4_v57_dla_endogenous_policy_improvement.csv,table_csv,57,delete,generated Paper 4 loop artifact retired; not read by Quarto after closure,paper4_deep_cleanup_manifest_2026-05-18.csv; Paper 4 Quarto chapters; v467-v478 curated export artifacts
reports/paper_material/paper4/tables/paper4_v57_ifrs9_sicr_proxy_panel_update.csv,table_csv,57,delete,generated Paper 4 loop artifact retired; not read by Quarto after closure,paper4_deep_cleanup_manifest_2026-05-18.csv; Paper 4 Quarto chapters; v467-v478 curated export artifacts
reports/paper_material/paper4/tables/paper4_v57_online_source_family_direct_repair.csv,table_csv,57,delete,generated Paper 4 loop artifact retired; not read by Quarto after closure,paper4_deep_cleanup_manifest_2026-05-18.csv; Paper 4 Quarto chapters; v467-v478 curated export artifacts
reports/paper_material/paper4/tables/paper4_v57_spo_dependency_probe.csv,table_csv,57,delete,generated Paper 4 loop artifact retired; not read by Quarto after closure,paper4_deep_cleanup_manifest_2026-05-18.csv; Paper 4 Quarto chapters; v467-v478 curated export artifacts
reports/paper_material/paper4/tables/paper4_v57_spo_oracle_regret_bridge.csv,table_csv,57,delete,generated Paper 4 loop artifact retired; not read by Quarto after closure,paper4_deep_cleanup_manifest_2026-05-18.csv; Paper 4 Quarto chapters; v467-v478 curated export artifacts
reports/paper_material/paper4/tables/paper4_v58_candidate_registry.csv,table_csv,58,delete,generated Paper 4 loop artifact retired; not read by Quarto after closure,paper4_deep_cleanup_manifest_2026-05-18.csv; Paper 4 Quarto chapters; v467-v478 curated export artifacts
reports/paper_material/paper4/tables/paper4_v58_claim_matrix.csv,table_csv,58,delete,generated Paper 4 loop artifact retired; not read by Quarto after closure,paper4_deep_cleanup_manifest_2026-05-18.csv; Paper 4 Quarto chapters; v467-v478 curated export artifacts
reports/paper_material/paper4/tables/paper4_v58_heavy_artifact_manifest.csv,table_csv,58,delete,generated Paper 4 loop artifact retired; not read by Quarto after closure,paper4_deep_cleanup_manifest_2026-05-18.csv; Paper 4 Quarto chapters; v467-v478 curated export artifacts
reports/paper_material/paper4/tables/paper4_v59_adaptive_column_log.csv,table_csv,59,delete,generated Paper 4 loop artifact retired; not read by Quarto after closure,paper4_deep_cleanup_manifest_2026-05-18.csv; Paper 4 Quarto chapters; v467-v478 curated export artifacts
reports/paper_material/paper4/tables/paper4_v59_cvar_adaptive_feasible_frontier.csv,table_csv,59,delete,generated Paper 4 loop artifact retired; not read by Quarto after closure,paper4_deep_cleanup_manifest_2026-05-18.csv; Paper 4 Quarto chapters; v467-v478 curated export artifacts
reports/paper_material/paper4/tables/paper4_v59_cvar_adaptive_scenario_losses_strict_low_deploy.csv,table_csv,59,delete,generated Paper 4 loop artifact retired; not read by Quarto after closure,paper4_deep_cleanup_manifest_2026-05-18.csv; Paper 4 Quarto chapters; v467-v478 curated export artifacts
reports/paper_material/paper4/tables/paper4_v59_cvar_adaptive_scenario_losses_tail_first_low_budget.csv,table_csv,59,delete,generated Paper 4 loop artifact retired; not read by Quarto after closure,paper4_deep_cleanup_manifest_2026-05-18.csv; Paper 4 Quarto chapters; v467-v478 curated export artifacts
reports/paper_material/paper4/tables/paper4_v59_cvar_constraint_relaxation_map.csv,table_csv,59,delete,generated Paper 4 loop artifact retired; not read by Quarto after closure,paper4_deep_cleanup_manifest_2026-05-18.csv; Paper 4 Quarto chapters; v467-v478 curated export artifacts
reports/paper_material/paper4/tables/paper4_v60_candidate_registry_delta.csv,table_csv,60,delete,generated Paper 4 loop artifact retired; not read by Quarto after closure,paper4_deep_cleanup_manifest_2026-05-18.csv; Paper 4 Quarto chapters; v467-v478 curated export artifacts
reports/paper_material/paper4/tables/paper4_v60_claim_matrix_delta.csv,table_csv,60,delete,generated Paper 4 loop artifact retired; not read by Quarto after closure,paper4_deep_cleanup_manifest_2026-05-18.csv; Paper 4 Quarto chapters; v467-v478 curated export artifacts
reports/paper_material/paper4/tables/paper4_v60_dynamic_rerun_gate_memo.csv,table_csv,60,delete,generated Paper 4 loop artifact retired; not read by Quarto after closure,paper4_deep_cleanup_manifest_2026-05-18.csv; Paper 4 Quarto chapters; v467-v478 curated export artifacts
reports/paper_material/paper4/tables/paper4_v60_v59_candidate_replay.csv,table_csv,60,delete,generated Paper 4 loop artifact retired; not read by Quarto after closure,paper4_deep_cleanup_manifest_2026-05-18.csv; Paper 4 Quarto chapters; v467-v478 curated export artifacts
reports/paper_material/paper4/tables/paper4_v61_blocker_dashboard.csv,table_csv,61,delete,generated Paper 4 loop artifact retired; not read by Quarto after closure,paper4_deep_cleanup_manifest_2026-05-18.csv; Paper 4 Quarto chapters; v467-v478 curated export artifacts
reports/paper_material/paper4/tables/paper4_v61_claim_matrix_delta.csv,table_csv,61,delete,generated Paper 4 loop artifact retired; not read by Quarto after closure,paper4_deep_cleanup_manifest_2026-05-18.csv; Paper 4 Quarto chapters; v467-v478 curated export artifacts
reports/paper_material/paper4/tables/paper4_v61_source_concentration_diagnostics.csv,table_csv,61,delete,generated Paper 4 loop artifact retired; not read by Quarto after closure,paper4_deep_cleanup_manifest_2026-05-18.csv; Paper 4 Quarto chapters; v467-v478 curated export artifacts
reports/paper_material/paper4/tables/paper4_v61_source_diversified_column_log.csv,table_csv,61,delete,generated Paper 4 loop artifact retired; not read by Quarto after closure,paper4_deep_cleanup_manifest_2026-05-18.csv; Paper 4 Quarto chapters; v467-v478 curated export artifacts
reports/paper_material/paper4/tables/paper4_v61_source_diversified_frontier.csv,table_csv,61,delete,generated Paper 4 loop artifact retired; not read by Quarto after closure,paper4_deep_cleanup_manifest_2026-05-18.csv; Paper 4 Quarto chapters; v467-v478 curated export artifacts
reports/paper_material/paper4/tables/paper4_v62_source_diversification_slack_certificate.csv,table_csv,62,delete,generated Paper 4 loop artifact retired; not read by Quarto after closure,paper4_deep_cleanup_manifest_2026-05-18.csv; Paper 4 Quarto chapters; v467-v478 curated export artifacts
reports/paper_material/paper4/tables/paper4_v63_claim_matrix_delta.csv,table_csv,63,delete,generated Paper 4 loop artifact retired; not read by Quarto after closure,paper4_deep_cleanup_manifest_2026-05-18.csv; Paper 4 Quarto chapters; v467-v478 curated export artifacts
reports/paper_material/paper4/tables/paper4_v63_dynamic_gate_memo.csv,table_csv,63,delete,generated Paper 4 loop artifact retired; not read by Quarto after closure,paper4_deep_cleanup_manifest_2026-05-18.csv; Paper 4 Quarto chapters; v467-v478 curated export artifacts
reports/paper_material/paper4/tables/paper4_v63_source_repair_column_log.csv,table_csv,63,delete,generated Paper 4 loop artifact retired; not read by Quarto after closure,paper4_deep_cleanup_manifest_2026-05-18.csv; Paper 4 Quarto chapters; v467-v478 curated export artifacts
reports/paper_material/paper4/tables/paper4_v63_source_repair_concentration.csv,table_csv,63,delete,generated Paper 4 loop artifact retired; not read by Quarto after closure,paper4_deep_cleanup_manifest_2026-05-18.csv; Paper 4 Quarto chapters; v467-v478 curated export artifacts
reports/paper_material/paper4/tables/paper4_v63_source_repair_frontier.csv,table_csv,63,delete,generated Paper 4 loop artifact retired; not read by Quarto after closure,paper4_deep_cleanup_manifest_2026-05-18.csv; Paper 4 Quarto chapters; v467-v478 curated export artifacts
reports/paper_material/paper4/tables/paper4_v63_source_repair_scenario_losses.csv,table_csv,63,delete,generated Paper 4 loop artifact retired; not read by Quarto after closure,paper4_deep_cleanup_manifest_2026-05-18.csv; Paper 4 Quarto chapters; v467-v478 curated export artifacts
reports/paper_material/paper4/tables/paper4_v64_claim_matrix_delta.csv,table_csv,64,delete,generated Paper 4 loop artifact retired; not read by Quarto after closure,paper4_deep_cleanup_manifest_2026-05-18.csv; Paper 4 Quarto chapters; v467-v478 curated export artifacts
reports/paper_material/paper4/tables/paper4_v64_online_input_audit.csv,table_csv,64,delete,generated Paper 4 loop artifact retired; not read by Quarto after closure,paper4_deep_cleanup_manifest_2026-05-18.csv; Paper 4 Quarto chapters; v467-v478 curated export artifacts
reports/paper_material/paper4/tables/paper4_v64_online_method_split_summary.csv,table_csv,64,delete,generated Paper 4 loop artifact retired; not read by Quarto after closure,paper4_deep_cleanup_manifest_2026-05-18.csv; Paper 4 Quarto chapters; v467-v478 curated export artifacts
reports/paper_material/paper4/tables/paper4_v64_online_pseudo_unseen_stress_grid.csv,table_csv,64,delete,generated Paper 4 loop artifact retired; not read by Quarto after closure,paper4_deep_cleanup_manifest_2026-05-18.csv; Paper 4 Quarto chapters; v467-v478 curated export artifacts
reports/paper_material/paper4/tables/paper4_v64_online_winner_memo.csv,table_csv,64,delete,generated Paper 4 loop artifact retired; not read by Quarto after closure,paper4_deep_cleanup_manifest_2026-05-18.csv; Paper 4 Quarto chapters; v467-v478 curated export artifacts
reports/paper_material/paper4/tables/paper4_v65_claim_matrix_delta.csv,table_csv,65,delete,generated Paper 4 loop artifact retired; not read by Quarto after closure,paper4_deep_cleanup_manifest_2026-05-18.csv; Paper 4 Quarto chapters; v467-v478 curated export artifacts
reports/paper_material/paper4/tables/paper4_v65_online_margin_repair_grid.csv,table_csv,65,delete,generated Paper 4 loop artifact retired; not read by Quarto after closure,paper4_deep_cleanup_manifest_2026-05-18.csv; Paper 4 Quarto chapters; v467-v478 curated export artifacts
reports/paper_material/paper4/tables/paper4_v65_online_margin_repair_input_audit.csv,table_csv,65,delete,generated Paper 4 loop artifact retired; not read by Quarto after closure,paper4_deep_cleanup_manifest_2026-05-18.csv; Paper 4 Quarto chapters; v467-v478 curated export artifacts
reports/paper_material/paper4/tables/paper4_v65_online_margin_repair_summary.csv,table_csv,65,delete,generated Paper 4 loop artifact retired; not read by Quarto after closure,paper4_deep_cleanup_manifest_2026-05-18.csv; Paper 4 Quarto chapters; v467-v478 curated export artifacts
reports/paper_material/paper4/tables/paper4_v65_online_margin_repair_winners.csv,table_csv,65,delete,generated Paper 4 loop artifact retired; not read by Quarto after closure,paper4_deep_cleanup_manifest_2026-05-18.csv; Paper 4 Quarto chapters; v467-v478 curated export artifacts
reports/paper_material/paper4/tables/paper4_v66_claim_matrix_delta.csv,table_csv,66,delete,generated Paper 4 loop artifact retired; not read by Quarto after closure,paper4_deep_cleanup_manifest_2026-05-18.csv; Paper 4 Quarto chapters; v467-v478 curated export artifacts
reports/paper_material/paper4/tables/paper4_v66_external_holdout_protocol.csv,table_csv,66,delete,generated Paper 4 loop artifact retired; not read by Quarto after closure,paper4_deep_cleanup_manifest_2026-05-18.csv; Paper 4 Quarto chapters; v467-v478 curated export artifacts
reports/paper_material/paper4/tables/paper4_v66_frozen_method_manifest.csv,table_csv,66,delete,generated Paper 4 loop artifact retired; not read by Quarto after closure,paper4_deep_cleanup_manifest_2026-05-18.csv; Paper 4 Quarto chapters; v467-v478 curated export artifacts
reports/paper_material/paper4/tables/paper4_v66_holdout_gate_spec.csv,table_csv,66,delete,generated Paper 4 loop artifact retired; not read by Quarto after closure,paper4_deep_cleanup_manifest_2026-05-18.csv; Paper 4 Quarto chapters; v467-v478 curated export artifacts
reports/paper_material/paper4/tables/paper4_v66_leakage_prevention_checklist.csv,table_csv,66,delete,generated Paper 4 loop artifact retired; not read by Quarto after closure,paper4_deep_cleanup_manifest_2026-05-18.csv; Paper 4 Quarto chapters; v467-v478 curated export artifacts
reports/paper_material/paper4/tables/paper4_v66_required_holdout_schema.csv,table_csv,66,delete,generated Paper 4 loop artifact retired; not read by Quarto after closure,paper4_deep_cleanup_manifest_2026-05-18.csv; Paper 4 Quarto chapters; v467-v478 curated export artifacts
reports/paper_material/paper4/tables/paper4_v67_claim_matrix_delta.csv,table_csv,67,delete,generated Paper 4 loop artifact retired; not read by Quarto after closure,paper4_deep_cleanup_manifest_2026-05-18.csv; Paper 4 Quarto chapters; v467-v478 curated export artifacts
reports/paper_material/paper4/tables/paper4_v67_external_holdout_scorecard.csv,table_csv,67,delete,generated Paper 4 loop artifact retired; not read by Quarto after closure,paper4_deep_cleanup_manifest_2026-05-18.csv; Paper 4 Quarto chapters; v467-v478 curated export artifacts
reports/paper_material/paper4/tables/paper4_v67_scorer_readiness.csv,table_csv,67,delete,generated Paper 4 loop artifact retired; not read by Quarto after closure,paper4_deep_cleanup_manifest_2026-05-18.csv; Paper 4 Quarto chapters; v467-v478 curated export artifacts
reports/paper_material/paper4/tables/paper4_v68_claim_matrix_delta.csv,table_csv,68,delete,generated Paper 4 loop artifact retired; not read by Quarto after closure,paper4_deep_cleanup_manifest_2026-05-18.csv; Paper 4 Quarto chapters; v467-v478 curated export artifacts
reports/paper_material/paper4/tables/paper4_v68_screen_vs_book_benchmark.csv,table_csv,68,delete,generated Paper 4 loop artifact retired; not read by Quarto after closure,paper4_deep_cleanup_manifest_2026-05-18.csv; Paper 4 Quarto chapters; v467-v478 curated export artifacts
reports/paper_material/paper4/tables/paper4_v68_source_relief_summary.csv,table_csv,68,delete,generated Paper 4 loop artifact retired; not read by Quarto after closure,paper4_deep_cleanup_manifest_2026-05-18.csv; Paper 4 Quarto chapters; v467-v478 curated export artifacts
reports/paper_material/paper4/tables/paper4_v69_candidate_swap_audit.csv,table_csv,69,delete,generated Paper 4 loop artifact retired; not read by Quarto after closure,paper4_deep_cleanup_manifest_2026-05-18.csv; Paper 4 Quarto chapters; v467-v478 curated export artifacts
reports/paper_material/paper4/tables/paper4_v69_claim_matrix_delta.csv,table_csv,69,delete,generated Paper 4 loop artifact retired; not read by Quarto after closure,paper4_deep_cleanup_manifest_2026-05-18.csv; Paper 4 Quarto chapters; v467-v478 curated export artifacts
reports/paper_material/paper4/tables/paper4_v69_exact_column_generation_protocol.csv,table_csv,69,delete,generated Paper 4 loop artifact retired; not read by Quarto after closure,paper4_deep_cleanup_manifest_2026-05-18.csv; Paper 4 Quarto chapters; v467-v478 curated export artifacts
reports/paper_material/paper4/tables/paper4_v70_claim_matrix_delta.csv,table_csv,70,delete,generated Paper 4 loop artifact retired; not read by Quarto after closure,paper4_deep_cleanup_manifest_2026-05-18.csv; Paper 4 Quarto chapters; v467-v478 curated export artifacts
reports/paper_material/paper4/tables/paper4_v70_restricted_master_scenario_losses.csv,table_csv,70,delete,generated Paper 4 loop artifact retired; not read by Quarto after closure,paper4_deep_cleanup_manifest_2026-05-18.csv; Paper 4 Quarto chapters; v467-v478 curated export artifacts
reports/paper_material/paper4/tables/paper4_v70_restricted_master_solver_frontier.csv,table_csv,70,delete,generated Paper 4 loop artifact retired; not read by Quarto after closure,paper4_deep_cleanup_manifest_2026-05-18.csv; Paper 4 Quarto chapters; v467-v478 curated export artifacts
reports/paper_material/paper4/tables/paper4_v70_solver_active_constraints.csv,table_csv,70,delete,generated Paper 4 loop artifact retired; not read by Quarto after closure,paper4_deep_cleanup_manifest_2026-05-18.csv; Paper 4 Quarto chapters; v467-v478 curated export artifacts
reports/paper_material/paper4/tables/paper4_v70_solver_claim_blockers.csv,table_csv,70,delete,generated Paper 4 loop artifact retired; not read by Quarto after closure,paper4_deep_cleanup_manifest_2026-05-18.csv; Paper 4 Quarto chapters; v467-v478 curated export artifacts
reports/paper_material/paper4/tables/paper4_v71_claim_blockers.csv,table_csv,71,delete,generated Paper 4 loop artifact retired; not read by Quarto after closure,paper4_deep_cleanup_manifest_2026-05-18.csv; Paper 4 Quarto chapters; v467-v478 curated export artifacts
reports/paper_material/paper4/tables/paper4_v71_claim_matrix_delta.csv,table_csv,71,delete,generated Paper 4 loop artifact retired; not read by Quarto after closure,paper4_deep_cleanup_manifest_2026-05-18.csv; Paper 4 Quarto chapters; v467-v478 curated export artifacts
reports/paper_material/paper4/tables/paper4_v71_reduced_cost_summary.csv,table_csv,71,delete,generated Paper 4 loop artifact retired; not read by Quarto after closure,paper4_deep_cleanup_manifest_2026-05-18.csv; Paper 4 Quarto chapters; v467-v478 curated export artifacts
reports/paper_material/paper4/tables/paper4_v71_restricted_master_duals.csv,table_csv,71,delete,generated Paper 4 loop artifact retired; not read by Quarto after closure,paper4_deep_cleanup_manifest_2026-05-18.csv; Paper 4 Quarto chapters; v467-v478 curated export artifacts
reports/paper_material/paper4/tables/paper4_v71_source_cap_dual_diagnostics.csv,table_csv,71,delete,generated Paper 4 loop artifact retired; not read by Quarto after closure,paper4_deep_cleanup_manifest_2026-05-18.csv; Paper 4 Quarto chapters; v467-v478 curated export artifacts
reports/paper_material/paper4/tables/paper4_v72_claim_blockers.csv,table_csv,72,delete,generated Paper 4 loop artifact retired; not read by Quarto after closure,paper4_deep_cleanup_manifest_2026-05-18.csv; Paper 4 Quarto chapters; v467-v478 curated export artifacts
reports/paper_material/paper4/tables/paper4_v72_claim_matrix_delta.csv,table_csv,72,delete,generated Paper 4 loop artifact retired; not read by Quarto after closure,paper4_deep_cleanup_manifest_2026-05-18.csv; Paper 4 Quarto chapters; v467-v478 curated export artifacts
reports/paper_material/paper4/tables/paper4_v72_iteration_1_active_constraints.csv,table_csv,72,delete,generated Paper 4 loop artifact retired; not read by Quarto after closure,paper4_deep_cleanup_manifest_2026-05-18.csv; Paper 4 Quarto chapters; v467-v478 curated export artifacts
reports/paper_material/paper4/tables/paper4_v72_iteration_1_comparison.csv,table_csv,72,delete,generated Paper 4 loop artifact retired; not read by Quarto after closure,paper4_deep_cleanup_manifest_2026-05-18.csv; Paper 4 Quarto chapters; v467-v478 curated export artifacts
reports/paper_material/paper4/tables/paper4_v72_iteration_1_frontier.csv,table_csv,72,delete,generated Paper 4 loop artifact retired; not read by Quarto after closure,paper4_deep_cleanup_manifest_2026-05-18.csv; Paper 4 Quarto chapters; v467-v478 curated export artifacts
reports/paper_material/paper4/tables/paper4_v72_iteration_1_scenario_losses.csv,table_csv,72,delete,generated Paper 4 loop artifact retired; not read by Quarto after closure,paper4_deep_cleanup_manifest_2026-05-18.csv; Paper 4 Quarto chapters; v467-v478 curated export artifacts
reports/paper_material/paper4/tables/paper4_v73_claim_blockers.csv,table_csv,73,delete,generated Paper 4 loop artifact retired; not read by Quarto after closure,paper4_deep_cleanup_manifest_2026-05-18.csv; Paper 4 Quarto chapters; v467-v478 curated export artifacts
reports/paper_material/paper4/tables/paper4_v73_claim_matrix_delta.csv,table_csv,73,delete,generated Paper 4 loop artifact retired; not read by Quarto after closure,paper4_deep_cleanup_manifest_2026-05-18.csv; Paper 4 Quarto chapters; v467-v478 curated export artifacts
reports/paper_material/paper4/tables/paper4_v73_reprice_summary.csv,table_csv,73,delete,generated Paper 4 loop artifact retired; not read by Quarto after closure,paper4_deep_cleanup_manifest_2026-05-18.csv; Paper 4 Quarto chapters; v467-v478 curated export artifacts
reports/paper_material/paper4/tables/paper4_v73_restricted_master_duals.csv,table_csv,73,delete,generated Paper 4 loop artifact retired; not read by Quarto after closure,paper4_deep_cleanup_manifest_2026-05-18.csv; Paper 4 Quarto chapters; v467-v478 curated export artifacts
reports/paper_material/paper4/tables/paper4_v73_source_scope_after_iteration.csv,table_csv,73,delete,generated Paper 4 loop artifact retired; not read by Quarto after closure,paper4_deep_cleanup_manifest_2026-05-18.csv; Paper 4 Quarto chapters; v467-v478 curated export artifacts
reports/paper_material/paper4/tables/paper4_v74_claim_blockers.csv,table_csv,74,delete,generated Paper 4 loop artifact retired; not read by Quarto after closure,paper4_deep_cleanup_manifest_2026-05-18.csv; Paper 4 Quarto chapters; v467-v478 curated export artifacts
reports/paper_material/paper4/tables/paper4_v74_claim_matrix_delta.csv,table_csv,74,delete,generated Paper 4 loop artifact retired; not read by Quarto after closure,paper4_deep_cleanup_manifest_2026-05-18.csv; Paper 4 Quarto chapters; v467-v478 curated export artifacts
reports/paper_material/paper4/tables/paper4_v74_iteration_2_active_constraints.csv,table_csv,74,delete,generated Paper 4 loop artifact retired; not read by Quarto after closure,paper4_deep_cleanup_manifest_2026-05-18.csv; Paper 4 Quarto chapters; v467-v478 curated export artifacts
reports/paper_material/paper4/tables/paper4_v74_iteration_2_comparison.csv,table_csv,74,delete,generated Paper 4 loop artifact retired; not read by Quarto after closure,paper4_deep_cleanup_manifest_2026-05-18.csv; Paper 4 Quarto chapters; v467-v478 curated export artifacts
reports/paper_material/paper4/tables/paper4_v74_iteration_2_frontier.csv,table_csv,74,delete,generated Paper 4 loop artifact retired; not read by Quarto after closure,paper4_deep_cleanup_manifest_2026-05-18.csv; Paper 4 Quarto chapters; v467-v478 curated export artifacts
reports/paper_material/paper4/tables/paper4_v74_iteration_2_scenario_losses.csv,table_csv,74,delete,generated Paper 4 loop artifact retired; not read by Quarto after closure,paper4_deep_cleanup_manifest_2026-05-18.csv; Paper 4 Quarto chapters; v467-v478 curated export artifacts
reports/paper_material/paper4/tables/paper4_v75_claim_blockers.csv,table_csv,75,delete,generated Paper 4 loop artifact retired; not read by Quarto after closure,paper4_deep_cleanup_manifest_2026-05-18.csv; Paper 4 Quarto chapters; v467-v478 curated export artifacts
reports/paper_material/paper4/tables/paper4_v75_claim_matrix_delta.csv,table_csv,75,delete,generated Paper 4 loop artifact retired; not read by Quarto after closure,paper4_deep_cleanup_manifest_2026-05-18.csv; Paper 4 Quarto chapters; v467-v478 curated export artifacts
reports/paper_material/paper4/tables/paper4_v75_reprice_summary.csv,table_csv,75,delete,generated Paper 4 loop artifact retired; not read by Quarto after closure,paper4_deep_cleanup_manifest_2026-05-18.csv; Paper 4 Quarto chapters; v467-v478 curated export artifacts
reports/paper_material/paper4/tables/paper4_v75_restricted_master_duals.csv,table_csv,75,delete,generated Paper 4 loop artifact retired; not read by Quarto after closure,paper4_deep_cleanup_manifest_2026-05-18.csv; Paper 4 Quarto chapters; v467-v478 curated export artifacts
reports/paper_material/paper4/tables/paper4_v75_source_scope_after_iteration_2.csv,table_csv,75,delete,generated Paper 4 loop artifact retired; not read by Quarto after closure,paper4_deep_cleanup_manifest_2026-05-18.csv; Paper 4 Quarto chapters; v467-v478 curated export artifacts
reports/paper_material/paper4/tables/paper4_v76_claim_blockers.csv,table_csv,76,delete,generated Paper 4 loop artifact retired; not read by Quarto after closure,paper4_deep_cleanup_manifest_2026-05-18.csv; Paper 4 Quarto chapters; v467-v478 curated export artifacts
reports/paper_material/paper4/tables/paper4_v76_claim_matrix_delta.csv,table_csv,76,delete,generated Paper 4 loop artifact retired; not read by Quarto after closure,paper4_deep_cleanup_manifest_2026-05-18.csv; Paper 4 Quarto chapters; v467-v478 curated export artifacts
reports/paper_material/paper4/tables/paper4_v76_iteration_3_active_constraints.csv,table_csv,76,delete,generated Paper 4 loop artifact retired; not read by Quarto after closure,paper4_deep_cleanup_manifest_2026-05-18.csv; Paper 4 Quarto chapters; v467-v478 curated export artifacts
reports/paper_material/paper4/tables/paper4_v76_iteration_3_comparison.csv,table_csv,76,delete,generated Paper 4 loop artifact retired; not read by Quarto after closure,paper4_deep_cleanup_manifest_2026-05-18.csv; Paper 4 Quarto chapters; v467-v478 curated export artifacts
reports/paper_material/paper4/tables/paper4_v76_iteration_3_frontier.csv,table_csv,76,delete,generated Paper 4 loop artifact retired; not read by Quarto after closure,paper4_deep_cleanup_manifest_2026-05-18.csv; Paper 4 Quarto chapters; v467-v478 curated export artifacts
reports/paper_material/paper4/tables/paper4_v76_iteration_3_scenario_losses.csv,table_csv,76,delete,generated Paper 4 loop artifact retired; not read by Quarto after closure,paper4_deep_cleanup_manifest_2026-05-18.csv; Paper 4 Quarto chapters; v467-v478 curated export artifacts
reports/paper_material/paper4/tables/paper4_v77_claim_blockers.csv,table_csv,77,delete,generated Paper 4 loop artifact retired; not read by Quarto after closure,paper4_deep_cleanup_manifest_2026-05-18.csv; Paper 4 Quarto chapters; v467-v478 curated export artifacts
reports/paper_material/paper4/tables/paper4_v77_claim_matrix_delta.csv,table_csv,77,delete,generated Paper 4 loop artifact retired; not read by Quarto after closure,paper4_deep_cleanup_manifest_2026-05-18.csv; Paper 4 Quarto chapters; v467-v478 curated export artifacts
reports/paper_material/paper4/tables/paper4_v77_reprice_summary.csv,table_csv,77,delete,generated Paper 4 loop artifact retired; not read by Quarto after closure,paper4_deep_cleanup_manifest_2026-05-18.csv; Paper 4 Quarto chapters; v467-v478 curated export artifacts
reports/paper_material/paper4/tables/paper4_v77_restricted_master_duals.csv,table_csv,77,delete,generated Paper 4 loop artifact retired; not read by Quarto after closure,paper4_deep_cleanup_manifest_2026-05-18.csv; Paper 4 Quarto chapters; v467-v478 curated export artifacts
reports/paper_material/paper4/tables/paper4_v77_source_scope_after_iteration_3.csv,table_csv,77,delete,generated Paper 4 loop artifact retired; not read by Quarto after closure,paper4_deep_cleanup_manifest_2026-05-18.csv; Paper 4 Quarto chapters; v467-v478 curated export artifacts
reports/paper_material/paper4/tables/paper4_v78_claim_blockers.csv,table_csv,78,delete,generated Paper 4 loop artifact retired; not read by Quarto after closure,paper4_deep_cleanup_manifest_2026-05-18.csv; Paper 4 Quarto chapters; v467-v478 curated export artifacts
reports/paper_material/paper4/tables/paper4_v78_claim_matrix_delta.csv,table_csv,78,delete,generated Paper 4 loop artifact retired; not read by Quarto after closure,paper4_deep_cleanup_manifest_2026-05-18.csv; Paper 4 Quarto chapters; v467-v478 curated export artifacts
reports/paper_material/paper4/tables/paper4_v78_source_scope_expanded_diagnostics.csv,table_csv,78,delete,generated Paper 4 loop artifact retired; not read by Quarto after closure,paper4_deep_cleanup_manifest_2026-05-18.csv; Paper 4 Quarto chapters; v467-v478 curated export artifacts
reports/paper_material/paper4/tables/paper4_v78_source_scope_expanded_duals.csv,table_csv,78,delete,generated Paper 4 loop artifact retired; not read by Quarto after closure,paper4_deep_cleanup_manifest_2026-05-18.csv; Paper 4 Quarto chapters; v467-v478 curated export artifacts
reports/paper_material/paper4/tables/paper4_v78_source_scope_expanded_summary.csv,table_csv,78,delete,generated Paper 4 loop artifact retired; not read by Quarto after closure,paper4_deep_cleanup_manifest_2026-05-18.csv; Paper 4 Quarto chapters; v467-v478 curated export artifacts
reports/paper_material/paper4/tables/paper4_v79_claim_blockers.csv,table_csv,79,delete,generated Paper 4 loop artifact retired; not read by Quarto after closure,paper4_deep_cleanup_manifest_2026-05-18.csv; Paper 4 Quarto chapters; v467-v478 curated export artifacts
reports/paper_material/paper4/tables/paper4_v79_claim_matrix_delta.csv,table_csv,79,delete,generated Paper 4 loop artifact retired; not read by Quarto after closure,paper4_deep_cleanup_manifest_2026-05-18.csv; Paper 4 Quarto chapters; v467-v478 curated export artifacts
reports/paper_material/paper4/tables/paper4_v79_integrality_probe_source_summary.csv,table_csv,79,delete,generated Paper 4 loop artifact retired; not read by Quarto after closure,paper4_deep_cleanup_manifest_2026-05-18.csv; Paper 4 Quarto chapters; v467-v478 curated export artifacts
reports/paper_material/paper4/tables/paper4_v79_integrality_probe_summary.csv,table_csv,79,delete,generated Paper 4 loop artifact retired; not read by Quarto after closure,paper4_deep_cleanup_manifest_2026-05-18.csv; Paper 4 Quarto chapters; v467-v478 curated export artifacts
reports/paper_material/paper4/tables/paper4_v80_claim_blockers.csv,table_csv,80,delete,generated Paper 4 loop artifact retired; not read by Quarto after closure,paper4_deep_cleanup_manifest_2026-05-18.csv; Paper 4 Quarto chapters; v467-v478 curated export artifacts
reports/paper_material/paper4/tables/paper4_v80_claim_matrix_delta.csv,table_csv,80,delete,generated Paper 4 loop artifact retired; not read by Quarto after closure,paper4_deep_cleanup_manifest_2026-05-18.csv; Paper 4 Quarto chapters; v467-v478 curated export artifacts
reports/paper_material/paper4/tables/paper4_v80_full_pool_milp_gap_constraints.csv,table_csv,80,delete,generated Paper 4 loop artifact retired; not read by Quarto after closure,paper4_deep_cleanup_manifest_2026-05-18.csv; Paper 4 Quarto chapters; v467-v478 curated export artifacts
reports/paper_material/paper4/tables/paper4_v80_full_pool_milp_gap_source_summary.csv,table_csv,80,delete,generated Paper 4 loop artifact retired; not read by Quarto after closure,paper4_deep_cleanup_manifest_2026-05-18.csv; Paper 4 Quarto chapters; v467-v478 curated export artifacts
reports/paper_material/paper4/tables/paper4_v80_full_pool_milp_gap_summary.csv,table_csv,80,delete,generated Paper 4 loop artifact retired; not read by Quarto after closure,paper4_deep_cleanup_manifest_2026-05-18.csv; Paper 4 Quarto chapters; v467-v478 curated export artifacts
reports/paper_material/paper4/tables/paper4_v81_claim_blockers.csv,table_csv,81,delete,generated Paper 4 loop artifact retired; not read by Quarto after closure,paper4_deep_cleanup_manifest_2026-05-18.csv; Paper 4 Quarto chapters; v467-v478 curated export artifacts
reports/paper_material/paper4/tables/paper4_v81_claim_matrix_delta.csv,table_csv,81,delete,generated Paper 4 loop artifact retired; not read by Quarto after closure,paper4_deep_cleanup_manifest_2026-05-18.csv; Paper 4 Quarto chapters; v467-v478 curated export artifacts
reports/paper_material/paper4/tables/paper4_v81_integer_omitted_single_add_source_summary.csv,table_csv,81,delete,generated Paper 4 loop artifact retired; not read by Quarto after closure,paper4_deep_cleanup_manifest_2026-05-18.csv; Paper 4 Quarto chapters; v467-v478 curated export artifacts
reports/paper_material/paper4/tables/paper4_v81_integer_omitted_single_add_summary.csv,table_csv,81,delete,generated Paper 4 loop artifact retired; not read by Quarto after closure,paper4_deep_cleanup_manifest_2026-05-18.csv; Paper 4 Quarto chapters; v467-v478 curated export artifacts
reports/paper_material/paper4/tables/paper4_v81_integer_omitted_single_add_top_candidates.csv,table_csv,81,delete,generated Paper 4 loop artifact retired; not read by Quarto after closure,paper4_deep_cleanup_manifest_2026-05-18.csv; Paper 4 Quarto chapters; v467-v478 curated export artifacts
reports/paper_material/paper4/tables/paper4_v82_claim_blockers.csv,table_csv,82,delete,generated Paper 4 loop artifact retired; not read by Quarto after closure,paper4_deep_cleanup_manifest_2026-05-18.csv; Paper 4 Quarto chapters; v467-v478 curated export artifacts
reports/paper_material/paper4/tables/paper4_v82_claim_matrix_delta.csv,table_csv,82,delete,generated Paper 4 loop artifact retired; not read by Quarto after closure,paper4_deep_cleanup_manifest_2026-05-18.csv; Paper 4 Quarto chapters; v467-v478 curated export artifacts
reports/paper_material/paper4/tables/paper4_v82_one_swap_integer_pricing_probe.csv,table_csv,82,delete,generated Paper 4 loop artifact retired; not read by Quarto after closure,paper4_deep_cleanup_manifest_2026-05-18.csv; Paper 4 Quarto chapters; v467-v478 curated export artifacts
reports/paper_material/paper4/tables/paper4_v82_one_swap_integer_pricing_summary.csv,table_csv,82,delete,generated Paper 4 loop artifact retired; not read by Quarto after closure,paper4_deep_cleanup_manifest_2026-05-18.csv; Paper 4 Quarto chapters; v467-v478 curated export artifacts
reports/paper_material/paper4/tables/paper4_v82_one_swap_integer_pricing_top_candidates.csv,table_csv,82,delete,generated Paper 4 loop artifact retired; not read by Quarto after closure,paper4_deep_cleanup_manifest_2026-05-18.csv; Paper 4 Quarto chapters; v467-v478 curated export artifacts
reports/paper_material/paper4/tables/paper4_v82_one_swap_screen_stage_summary.csv,table_csv,82,delete,generated Paper 4 loop artifact retired; not read by Quarto after closure,paper4_deep_cleanup_manifest_2026-05-18.csv; Paper 4 Quarto chapters; v467-v478 curated export artifacts
reports/paper_material/paper4/tables/paper4_v83_best_one_swap_repair_action.csv,table_csv,83,delete,generated Paper 4 loop artifact retired; not read by Quarto after closure,paper4_deep_cleanup_manifest_2026-05-18.csv; Paper 4 Quarto chapters; v467-v478 curated export artifacts
reports/paper_material/paper4/tables/paper4_v83_best_one_swap_repair_source_summary.csv,table_csv,83,delete,generated Paper 4 loop artifact retired; not read by Quarto after closure,paper4_deep_cleanup_manifest_2026-05-18.csv; Paper 4 Quarto chapters; v467-v478 curated export artifacts
reports/paper_material/paper4/tables/paper4_v83_best_one_swap_repair_summary.csv,table_csv,83,delete,generated Paper 4 loop artifact retired; not read by Quarto after closure,paper4_deep_cleanup_manifest_2026-05-18.csv; Paper 4 Quarto chapters; v467-v478 curated export artifacts
reports/paper_material/paper4/tables/paper4_v83_claim_blockers.csv,table_csv,83,delete,generated Paper 4 loop artifact retired; not read by Quarto after closure,paper4_deep_cleanup_manifest_2026-05-18.csv; Paper 4 Quarto chapters; v467-v478 curated export artifacts
reports/paper_material/paper4/tables/paper4_v83_claim_matrix_delta.csv,table_csv,83,delete,generated Paper 4 loop artifact retired; not read by Quarto after closure,paper4_deep_cleanup_manifest_2026-05-18.csv; Paper 4 Quarto chapters; v467-v478 curated export artifacts
reports/paper_material/paper4/tables/paper4_v84_claim_blockers.csv,table_csv,84,delete,generated Paper 4 loop artifact retired; not read by Quarto after closure,paper4_deep_cleanup_manifest_2026-05-18.csv; Paper 4 Quarto chapters; v467-v478 curated export artifacts
reports/paper_material/paper4/tables/paper4_v84_claim_matrix_delta.csv,table_csv,84,delete,generated Paper 4 loop artifact retired; not read by Quarto after closure,paper4_deep_cleanup_manifest_2026-05-18.csv; Paper 4 Quarto chapters; v467-v478 curated export artifacts
reports/paper_material/paper4/tables/paper4_v84_post_repair_one_swap_reprice.csv,table_csv,84,delete,generated Paper 4 loop artifact retired; not read by Quarto after closure,paper4_deep_cleanup_manifest_2026-05-18.csv; Paper 4 Quarto chapters; v467-v478 curated export artifacts
reports/paper_material/paper4/tables/paper4_v84_post_repair_one_swap_stage_summary.csv,table_csv,84,delete,generated Paper 4 loop artifact retired; not read by Quarto after closure,paper4_deep_cleanup_manifest_2026-05-18.csv; Paper 4 Quarto chapters; v467-v478 curated export artifacts
reports/paper_material/paper4/tables/paper4_v84_post_repair_one_swap_summary.csv,table_csv,84,delete,generated Paper 4 loop artifact retired; not read by Quarto after closure,paper4_deep_cleanup_manifest_2026-05-18.csv; Paper 4 Quarto chapters; v467-v478 curated export artifacts
reports/paper_material/paper4/tables/paper4_v84_post_repair_one_swap_top_candidates.csv,table_csv,84,delete,generated Paper 4 loop artifact retired; not read by Quarto after closure,paper4_deep_cleanup_manifest_2026-05-18.csv; Paper 4 Quarto chapters; v467-v478 curated export artifacts
reports/paper_material/paper4/tables/paper4_v85_claim_blockers.csv,table_csv,85,delete,generated Paper 4 loop artifact retired; not read by Quarto after closure,paper4_deep_cleanup_manifest_2026-05-18.csv; Paper 4 Quarto chapters; v467-v478 curated export artifacts
reports/paper_material/paper4/tables/paper4_v85_claim_matrix_delta.csv,table_csv,85,delete,generated Paper 4 loop artifact retired; not read by Quarto after closure,paper4_deep_cleanup_manifest_2026-05-18.csv; Paper 4 Quarto chapters; v467-v478 curated export artifacts
reports/paper_material/paper4/tables/paper4_v85_next_one_swap_repair_action.csv,table_csv,85,delete,generated Paper 4 loop artifact retired; not read by Quarto after closure,paper4_deep_cleanup_manifest_2026-05-18.csv; Paper 4 Quarto chapters; v467-v478 curated export artifacts
reports/paper_material/paper4/tables/paper4_v85_next_one_swap_repair_source_summary.csv,table_csv,85,delete,generated Paper 4 loop artifact retired; not read by Quarto after closure,paper4_deep_cleanup_manifest_2026-05-18.csv; Paper 4 Quarto chapters; v467-v478 curated export artifacts
reports/paper_material/paper4/tables/paper4_v85_next_one_swap_repair_summary.csv,table_csv,85,delete,generated Paper 4 loop artifact retired; not read by Quarto after closure,paper4_deep_cleanup_manifest_2026-05-18.csv; Paper 4 Quarto chapters; v467-v478 curated export artifacts
reports/paper_material/paper4/tables/paper4_v86_claim_blockers.csv,table_csv,86,delete,generated Paper 4 loop artifact retired; not read by Quarto after closure,paper4_deep_cleanup_manifest_2026-05-18.csv; Paper 4 Quarto chapters; v467-v478 curated export artifacts
reports/paper_material/paper4/tables/paper4_v86_claim_matrix_delta.csv,table_csv,86,delete,generated Paper 4 loop artifact retired; not read by Quarto after closure,paper4_deep_cleanup_manifest_2026-05-18.csv; Paper 4 Quarto chapters; v467-v478 curated export artifacts
reports/paper_material/paper4/tables/paper4_v86_post_repair_one_swap_reprice.csv,table_csv,86,delete,generated Paper 4 loop artifact retired; not read by Quarto after closure,paper4_deep_cleanup_manifest_2026-05-18.csv; Paper 4 Quarto chapters; v467-v478 curated export artifacts
reports/paper_material/paper4/tables/paper4_v86_post_repair_one_swap_stage_summary.csv,table_csv,86,delete,generated Paper 4 loop artifact retired; not read by Quarto after closure,paper4_deep_cleanup_manifest_2026-05-18.csv; Paper 4 Quarto chapters; v467-v478 curated export artifacts
reports/paper_material/paper4/tables/paper4_v86_post_repair_one_swap_summary.csv,table_csv,86,delete,generated Paper 4 loop artifact retired; not read by Quarto after closure,paper4_deep_cleanup_manifest_2026-05-18.csv; Paper 4 Quarto chapters; v467-v478 curated export artifacts
reports/paper_material/paper4/tables/paper4_v86_post_repair_one_swap_top_candidates.csv,table_csv,86,delete,generated Paper 4 loop artifact retired; not read by Quarto after closure,paper4_deep_cleanup_manifest_2026-05-18.csv; Paper 4 Quarto chapters; v467-v478 curated export artifacts
reports/paper_material/paper4/tables/paper4_v87_claim_blockers.csv,table_csv,87,delete,generated Paper 4 loop artifact retired; not read by Quarto after closure,paper4_deep_cleanup_manifest_2026-05-18.csv; Paper 4 Quarto chapters; v467-v478 curated export artifacts
reports/paper_material/paper4/tables/paper4_v87_claim_matrix_delta.csv,table_csv,87,delete,generated Paper 4 loop artifact retired; not read by Quarto after closure,paper4_deep_cleanup_manifest_2026-05-18.csv; Paper 4 Quarto chapters; v467-v478 curated export artifacts
reports/paper_material/paper4/tables/paper4_v87_next_one_swap_repair_action.csv,table_csv,87,delete,generated Paper 4 loop artifact retired; not read by Quarto after closure,paper4_deep_cleanup_manifest_2026-05-18.csv; Paper 4 Quarto chapters; v467-v478 curated export artifacts
reports/paper_material/paper4/tables/paper4_v87_next_one_swap_repair_source_summary.csv,table_csv,87,delete,generated Paper 4 loop artifact retired; not read by Quarto after closure,paper4_deep_cleanup_manifest_2026-05-18.csv; Paper 4 Quarto chapters; v467-v478 curated export artifacts
reports/paper_material/paper4/tables/paper4_v87_next_one_swap_repair_summary.csv,table_csv,87,delete,generated Paper 4 loop artifact retired; not read by Quarto after closure,paper4_deep_cleanup_manifest_2026-05-18.csv; Paper 4 Quarto chapters; v467-v478 curated export artifacts
reports/paper_material/paper4/tables/paper4_v88_claim_blockers.csv,table_csv,88,delete,generated Paper 4 loop artifact retired; not read by Quarto after closure,paper4_deep_cleanup_manifest_2026-05-18.csv; Paper 4 Quarto chapters; v467-v478 curated export artifacts
reports/paper_material/paper4/tables/paper4_v88_claim_matrix_delta.csv,table_csv,88,delete,generated Paper 4 loop artifact retired; not read by Quarto after closure,paper4_deep_cleanup_manifest_2026-05-18.csv; Paper 4 Quarto chapters; v467-v478 curated export artifacts
reports/paper_material/paper4/tables/paper4_v88_post_repair_one_swap_reprice.csv,table_csv,88,delete,generated Paper 4 loop artifact retired; not read by Quarto after closure,paper4_deep_cleanup_manifest_2026-05-18.csv; Paper 4 Quarto chapters; v467-v478 curated export artifacts
reports/paper_material/paper4/tables/paper4_v88_post_repair_one_swap_stage_summary.csv,table_csv,88,delete,generated Paper 4 loop artifact retired; not read by Quarto after closure,paper4_deep_cleanup_manifest_2026-05-18.csv; Paper 4 Quarto chapters; v467-v478 curated export artifacts
reports/paper_material/paper4/tables/paper4_v88_post_repair_one_swap_summary.csv,table_csv,88,delete,generated Paper 4 loop artifact retired; not read by Quarto after closure,paper4_deep_cleanup_manifest_2026-05-18.csv; Paper 4 Quarto chapters; v467-v478 curated export artifacts
reports/paper_material/paper4/tables/paper4_v88_post_repair_one_swap_top_candidates.csv,table_csv,88,delete,generated Paper 4 loop artifact retired; not read by Quarto after closure,paper4_deep_cleanup_manifest_2026-05-18.csv; Paper 4 Quarto chapters; v467-v478 curated export artifacts
reports/paper_material/paper4/tables/paper4_v89_claim_blockers.csv,table_csv,89,delete,generated Paper 4 loop artifact retired; not read by Quarto after closure,paper4_deep_cleanup_manifest_2026-05-18.csv; Paper 4 Quarto chapters; v467-v478 curated export artifacts
reports/paper_material/paper4/tables/paper4_v89_claim_matrix_delta.csv,table_csv,89,delete,generated Paper 4 loop artifact retired; not read by Quarto after closure,paper4_deep_cleanup_manifest_2026-05-18.csv; Paper 4 Quarto chapters; v467-v478 curated export artifacts
reports/paper_material/paper4/tables/paper4_v89_next_one_swap_repair_action.csv,table_csv,89,delete,generated Paper 4 loop artifact retired; not read by Quarto after closure,paper4_deep_cleanup_manifest_2026-05-18.csv; Paper 4 Quarto chapters; v467-v478 curated export artifacts
reports/paper_material/paper4/tables/paper4_v89_next_one_swap_repair_source_summary.csv,table_csv,89,delete,generated Paper 4 loop artifact retired; not read by Quarto after closure,paper4_deep_cleanup_manifest_2026-05-18.csv; Paper 4 Quarto chapters; v467-v478 curated export artifacts
reports/paper_material/paper4/tables/paper4_v89_next_one_swap_repair_summary.csv,table_csv,89,delete,generated Paper 4 loop artifact retired; not read by Quarto after closure,paper4_deep_cleanup_manifest_2026-05-18.csv; Paper 4 Quarto chapters; v467-v478 curated export artifacts
reports/paper_material/paper4/tables/paper4_v90_claim_blockers.csv,table_csv,90,delete,generated Paper 4 loop artifact retired; not read by Quarto after closure,paper4_deep_cleanup_manifest_2026-05-18.csv; Paper 4 Quarto chapters; v467-v478 curated export artifacts
reports/paper_material/paper4/tables/paper4_v90_claim_matrix_delta.csv,table_csv,90,delete,generated Paper 4 loop artifact retired; not read by Quarto after closure,paper4_deep_cleanup_manifest_2026-05-18.csv; Paper 4 Quarto chapters; v467-v478 curated export artifacts
reports/paper_material/paper4/tables/paper4_v90_post_repair_one_swap_reprice.csv,table_csv,90,delete,generated Paper 4 loop artifact retired; not read by Quarto after closure,paper4_deep_cleanup_manifest_2026-05-18.csv; Paper 4 Quarto chapters; v467-v478 curated export artifacts
reports/paper_material/paper4/tables/paper4_v90_post_repair_one_swap_stage_summary.csv,table_csv,90,delete,generated Paper 4 loop artifact retired; not read by Quarto after closure,paper4_deep_cleanup_manifest_2026-05-18.csv; Paper 4 Quarto chapters; v467-v478 curated export artifacts
reports/paper_material/paper4/tables/paper4_v90_post_repair_one_swap_summary.csv,table_csv,90,delete,generated Paper 4 loop artifact retired; not read by Quarto after closure,paper4_deep_cleanup_manifest_2026-05-18.csv; Paper 4 Quarto chapters; v467-v478 curated export artifacts
reports/paper_material/paper4/tables/paper4_v90_post_repair_one_swap_top_candidates.csv,table_csv,90,delete,generated Paper 4 loop artifact retired; not read by Quarto after closure,paper4_deep_cleanup_manifest_2026-05-18.csv; Paper 4 Quarto chapters; v467-v478 curated export artifacts
reports/paper_material/paper4/tables/paper4_v91_claim_blockers.csv,table_csv,91,delete,generated Paper 4 loop artifact retired; not read by Quarto after closure,paper4_deep_cleanup_manifest_2026-05-18.csv; Paper 4 Quarto chapters; v467-v478 curated export artifacts
reports/paper_material/paper4/tables/paper4_v91_claim_matrix_delta.csv,table_csv,91,delete,generated Paper 4 loop artifact retired; not read by Quarto after closure,paper4_deep_cleanup_manifest_2026-05-18.csv; Paper 4 Quarto chapters; v467-v478 curated export artifacts
reports/paper_material/paper4/tables/paper4_v91_next_one_swap_repair_action.csv,table_csv,91,delete,generated Paper 4 loop artifact retired; not read by Quarto after closure,paper4_deep_cleanup_manifest_2026-05-18.csv; Paper 4 Quarto chapters; v467-v478 curated export artifacts
reports/paper_material/paper4/tables/paper4_v91_next_one_swap_repair_source_summary.csv,table_csv,91,delete,generated Paper 4 loop artifact retired; not read by Quarto after closure,paper4_deep_cleanup_manifest_2026-05-18.csv; Paper 4 Quarto chapters; v467-v478 curated export artifacts
reports/paper_material/paper4/tables/paper4_v91_next_one_swap_repair_summary.csv,table_csv,91,delete,generated Paper 4 loop artifact retired; not read by Quarto after closure,paper4_deep_cleanup_manifest_2026-05-18.csv; Paper 4 Quarto chapters; v467-v478 curated export artifacts
reports/paper_material/paper4/tables/paper4_v92_claim_blockers.csv,table_csv,92,delete,generated Paper 4 loop artifact retired; not read by Quarto after closure,paper4_deep_cleanup_manifest_2026-05-18.csv; Paper 4 Quarto chapters; v467-v478 curated export artifacts
reports/paper_material/paper4/tables/paper4_v92_claim_matrix_delta.csv,table_csv,92,delete,generated Paper 4 loop artifact retired; not read by Quarto after closure,paper4_deep_cleanup_manifest_2026-05-18.csv; Paper 4 Quarto chapters; v467-v478 curated export artifacts
reports/paper_material/paper4/tables/paper4_v92_post_repair_one_swap_reprice.csv,table_csv,92,delete,generated Paper 4 loop artifact retired; not read by Quarto after closure,paper4_deep_cleanup_manifest_2026-05-18.csv; Paper 4 Quarto chapters; v467-v478 curated export artifacts
reports/paper_material/paper4/tables/paper4_v92_post_repair_one_swap_stage_summary.csv,table_csv,92,delete,generated Paper 4 loop artifact retired; not read by Quarto after closure,paper4_deep_cleanup_manifest_2026-05-18.csv; Paper 4 Quarto chapters; v467-v478 curated export artifacts
reports/paper_material/paper4/tables/paper4_v92_post_repair_one_swap_summary.csv,table_csv,92,delete,generated Paper 4 loop artifact retired; not read by Quarto after closure,paper4_deep_cleanup_manifest_2026-05-18.csv; Paper 4 Quarto chapters; v467-v478 curated export artifacts
reports/paper_material/paper4/tables/paper4_v92_post_repair_one_swap_top_candidates.csv,table_csv,92,delete,generated Paper 4 loop artifact retired; not read by Quarto after closure,paper4_deep_cleanup_manifest_2026-05-18.csv; Paper 4 Quarto chapters; v467-v478 curated export artifacts
reports/paper_material/paper4/tables/paper4_v93_claim_blockers.csv,table_csv,93,delete,generated Paper 4 loop artifact retired; not read by Quarto after closure,paper4_deep_cleanup_manifest_2026-05-18.csv; Paper 4 Quarto chapters; v467-v478 curated export artifacts
reports/paper_material/paper4/tables/paper4_v93_claim_matrix_delta.csv,table_csv,93,delete,generated Paper 4 loop artifact retired; not read by Quarto after closure,paper4_deep_cleanup_manifest_2026-05-18.csv; Paper 4 Quarto chapters; v467-v478 curated export artifacts
reports/paper_material/paper4/tables/paper4_v93_next_one_swap_repair_action.csv,table_csv,93,delete,generated Paper 4 loop artifact retired; not read by Quarto after closure,paper4_deep_cleanup_manifest_2026-05-18.csv; Paper 4 Quarto chapters; v467-v478 curated export artifacts
reports/paper_material/paper4/tables/paper4_v93_next_one_swap_repair_source_summary.csv,table_csv,93,delete,generated Paper 4 loop artifact retired; not read by Quarto after closure,paper4_deep_cleanup_manifest_2026-05-18.csv; Paper 4 Quarto chapters; v467-v478 curated export artifacts
reports/paper_material/paper4/tables/paper4_v93_next_one_swap_repair_summary.csv,table_csv,93,delete,generated Paper 4 loop artifact retired; not read by Quarto after closure,paper4_deep_cleanup_manifest_2026-05-18.csv; Paper 4 Quarto chapters; v467-v478 curated export artifacts
reports/paper_material/paper4/tables/paper4_v94_claim_blockers.csv,table_csv,94,delete,generated Paper 4 loop artifact retired; not read by Quarto after closure,paper4_deep_cleanup_manifest_2026-05-18.csv; Paper 4 Quarto chapters; v467-v478 curated export artifacts
reports/paper_material/paper4/tables/paper4_v94_claim_matrix_delta.csv,table_csv,94,delete,generated Paper 4 loop artifact retired; not read by Quarto after closure,paper4_deep_cleanup_manifest_2026-05-18.csv; Paper 4 Quarto chapters; v467-v478 curated export artifacts
reports/paper_material/paper4/tables/paper4_v94_post_repair_one_swap_reprice.csv,table_csv,94,delete,generated Paper 4 loop artifact retired; not read by Quarto after closure,paper4_deep_cleanup_manifest_2026-05-18.csv; Paper 4 Quarto chapters; v467-v478 curated export artifacts
reports/paper_material/paper4/tables/paper4_v94_post_repair_one_swap_stage_summary.csv,table_csv,94,delete,generated Paper 4 loop artifact retired; not read by Quarto after closure,paper4_deep_cleanup_manifest_2026-05-18.csv; Paper 4 Quarto chapters; v467-v478 curated export artifacts
reports/paper_material/paper4/tables/paper4_v94_post_repair_one_swap_summary.csv,table_csv,94,delete,generated Paper 4 loop artifact retired; not read by Quarto after closure,paper4_deep_cleanup_manifest_2026-05-18.csv; Paper 4 Quarto chapters; v467-v478 curated export artifacts
reports/paper_material/paper4/tables/paper4_v94_post_repair_one_swap_top_candidates.csv,table_csv,94,delete,generated Paper 4 loop artifact retired; not read by Quarto after closure,paper4_deep_cleanup_manifest_2026-05-18.csv; Paper 4 Quarto chapters; v467-v478 curated export artifacts
reports/paper_material/paper4/tables/paper4_v95_claim_blockers.csv,table_csv,95,delete,generated Paper 4 loop artifact retired; not read by Quarto after closure,paper4_deep_cleanup_manifest_2026-05-18.csv; Paper 4 Quarto chapters; v467-v478 curated export artifacts
reports/paper_material/paper4/tables/paper4_v95_claim_matrix_delta.csv,table_csv,95,delete,generated Paper 4 loop artifact retired; not read by Quarto after closure,paper4_deep_cleanup_manifest_2026-05-18.csv; Paper 4 Quarto chapters; v467-v478 curated export artifacts
reports/paper_material/paper4/tables/paper4_v95_next_one_swap_repair_action.csv,table_csv,95,delete,generated Paper 4 loop artifact retired; not read by Quarto after closure,paper4_deep_cleanup_manifest_2026-05-18.csv; Paper 4 Quarto chapters; v467-v478 curated export artifacts
reports/paper_material/paper4/tables/paper4_v95_next_one_swap_repair_source_summary.csv,table_csv,95,delete,generated Paper 4 loop artifact retired; not read by Quarto after closure,paper4_deep_cleanup_manifest_2026-05-18.csv; Paper 4 Quarto chapters; v467-v478 curated export artifacts
reports/paper_material/paper4/tables/paper4_v95_next_one_swap_repair_summary.csv,table_csv,95,delete,generated Paper 4 loop artifact retired; not read by Quarto after closure,paper4_deep_cleanup_manifest_2026-05-18.csv; Paper 4 Quarto chapters; v467-v478 curated export artifacts
reports/paper_material/paper4/tables/paper4_v96_claim_blockers.csv,table_csv,96,delete,generated Paper 4 loop artifact retired; not read by Quarto after closure,paper4_deep_cleanup_manifest_2026-05-18.csv; Paper 4 Quarto chapters; v467-v478 curated export artifacts
reports/paper_material/paper4/tables/paper4_v96_claim_matrix_delta.csv,table_csv,96,delete,generated Paper 4 loop artifact retired; not read by Quarto after closure,paper4_deep_cleanup_manifest_2026-05-18.csv; Paper 4 Quarto chapters; v467-v478 curated export artifacts
reports/paper_material/paper4/tables/paper4_v96_post_repair_one_swap_reprice.csv,table_csv,96,delete,generated Paper 4 loop artifact retired; not read by Quarto after closure,paper4_deep_cleanup_manifest_2026-05-18.csv; Paper 4 Quarto chapters; v467-v478 curated export artifacts
reports/paper_material/paper4/tables/paper4_v96_post_repair_one_swap_stage_summary.csv,table_csv,96,delete,generated Paper 4 loop artifact retired; not read by Quarto after closure,paper4_deep_cleanup_manifest_2026-05-18.csv; Paper 4 Quarto chapters; v467-v478 curated export artifacts
reports/paper_material/paper4/tables/paper4_v96_post_repair_one_swap_summary.csv,table_csv,96,delete,generated Paper 4 loop artifact retired; not read by Quarto after closure,paper4_deep_cleanup_manifest_2026-05-18.csv; Paper 4 Quarto chapters; v467-v478 curated export artifacts
reports/paper_material/paper4/tables/paper4_v96_post_repair_one_swap_top_candidates.csv,table_csv,96,delete,generated Paper 4 loop artifact retired; not read by Quarto after closure,paper4_deep_cleanup_manifest_2026-05-18.csv; Paper 4 Quarto chapters; v467-v478 curated export artifacts
reports/paper_material/paper4/tables/paper4_v97_claim_blockers.csv,table_csv,97,delete,generated Paper 4 loop artifact retired; not read by Quarto after closure,paper4_deep_cleanup_manifest_2026-05-18.csv; Paper 4 Quarto chapters; v467-v478 curated export artifacts
reports/paper_material/paper4/tables/paper4_v97_claim_matrix_delta.csv,table_csv,97,delete,generated Paper 4 loop artifact retired; not read by Quarto after closure,paper4_deep_cleanup_manifest_2026-05-18.csv; Paper 4 Quarto chapters; v467-v478 curated export artifacts
reports/paper_material/paper4/tables/paper4_v97_next_one_swap_repair_action.csv,table_csv,97,delete,generated Paper 4 loop artifact retired; not read by Quarto after closure,paper4_deep_cleanup_manifest_2026-05-18.csv; Paper 4 Quarto chapters; v467-v478 curated export artifacts
reports/paper_material/paper4/tables/paper4_v97_next_one_swap_repair_source_summary.csv,table_csv,97,delete,generated Paper 4 loop artifact retired; not read by Quarto after closure,paper4_deep_cleanup_manifest_2026-05-18.csv; Paper 4 Quarto chapters; v467-v478 curated export artifacts
reports/paper_material/paper4/tables/paper4_v97_next_one_swap_repair_summary.csv,table_csv,97,delete,generated Paper 4 loop artifact retired; not read by Quarto after closure,paper4_deep_cleanup_manifest_2026-05-18.csv; Paper 4 Quarto chapters; v467-v478 curated export artifacts
reports/paper_material/paper4/tables/paper4_v98_claim_blockers.csv,table_csv,98,delete,generated Paper 4 loop artifact retired; not read by Quarto after closure,paper4_deep_cleanup_manifest_2026-05-18.csv; Paper 4 Quarto chapters; v467-v478 curated export artifacts
reports/paper_material/paper4/tables/paper4_v98_claim_matrix_delta.csv,table_csv,98,delete,generated Paper 4 loop artifact retired; not read by Quarto after closure,paper4_deep_cleanup_manifest_2026-05-18.csv; Paper 4 Quarto chapters; v467-v478 curated export artifacts
reports/paper_material/paper4/tables/paper4_v98_post_repair_one_swap_reprice.csv,table_csv,98,delete,generated Paper 4 loop artifact retired; not read by Quarto after closure,paper4_deep_cleanup_manifest_2026-05-18.csv; Paper 4 Quarto chapters; v467-v478 curated export artifacts
reports/paper_material/paper4/tables/paper4_v98_post_repair_one_swap_stage_summary.csv,table_csv,98,delete,generated Paper 4 loop artifact retired; not read by Quarto after closure,paper4_deep_cleanup_manifest_2026-05-18.csv; Paper 4 Quarto chapters; v467-v478 curated export artifacts
reports/paper_material/paper4/tables/paper4_v98_post_repair_one_swap_summary.csv,table_csv,98,delete,generated Paper 4 loop artifact retired; not read by Quarto after closure,paper4_deep_cleanup_manifest_2026-05-18.csv; Paper 4 Quarto chapters; v467-v478 curated export artifacts
reports/paper_material/paper4/tables/paper4_v98_post_repair_one_swap_top_candidates.csv,table_csv,98,delete,generated Paper 4 loop artifact retired; not read by Quarto after closure,paper4_deep_cleanup_manifest_2026-05-18.csv; Paper 4 Quarto chapters; v467-v478 curated export artifacts
reports/paper_material/paper4/tables/paper4_v99_claim_blockers.csv,table_csv,99,delete,generated Paper 4 loop artifact retired; not read by Quarto after closure,paper4_deep_cleanup_manifest_2026-05-18.csv; Paper 4 Quarto chapters; v467-v478 curated export artifacts
reports/paper_material/paper4/tables/paper4_v99_claim_matrix_delta.csv,table_csv,99,delete,generated Paper 4 loop artifact retired; not read by Quarto after closure,paper4_deep_cleanup_manifest_2026-05-18.csv; Paper 4 Quarto chapters; v467-v478 curated export artifacts
reports/paper_material/paper4/tables/paper4_v99_next_one_swap_repair_action.csv,table_csv,99,delete,generated Paper 4 loop artifact retired; not read by Quarto after closure,paper4_deep_cleanup_manifest_2026-05-18.csv; Paper 4 Quarto chapters; v467-v478 curated export artifacts
reports/paper_material/paper4/tables/paper4_v99_next_one_swap_repair_source_summary.csv,table_csv,99,delete,generated Paper 4 loop artifact retired; not read by Quarto after closure,paper4_deep_cleanup_manifest_2026-05-18.csv; Paper 4 Quarto chapters; v467-v478 curated export artifacts
reports/paper_material/paper4/tables/paper4_v99_next_one_swap_repair_summary.csv,table_csv,99,delete,generated Paper 4 loop artifact retired; not read by Quarto after closure,paper4_deep_cleanup_manifest_2026-05-18.csv; Paper 4 Quarto chapters; v467-v478 curated export artifacts
scripts/papers/__pycache__/build_paper4_v286_joint_source_relief_pricing_protocol.cpython-312.pyc,pycache,286,delete,generated Paper 4 loop artifact retired; not read by Quarto after closure,paper4_deep_cleanup_manifest_2026-05-18.csv; Paper 4 Quarto chapters; v467-v478 curated export artifacts
scripts/papers/__pycache__/build_paper4_v301_source_tight_branch_price_pricing_or_imputation_repair.cpython-312.pyc,pycache,301,delete,generated Paper 4 loop artifact retired; not read by Quarto after closure,paper4_deep_cleanup_manifest_2026-05-18.csv; Paper 4 Quarto chapters; v467-v478 curated export artifacts
scripts/papers/__pycache__/build_paper4_v339_post_v338_reprice.cpython-312.pyc,pycache,339,delete,generated Paper 4 loop artifact retired; not read by Quarto after closure,paper4_deep_cleanup_manifest_2026-05-18.csv; Paper 4 Quarto chapters; v467-v478 curated export artifacts
scripts/papers/__pycache__/build_paper4_v349_v347_proxy_or_dual_bound_gate.cpython-312.pyc,pycache,349,delete,generated Paper 4 loop artifact retired; not read by Quarto after closure,paper4_deep_cleanup_manifest_2026-05-18.csv; Paper 4 Quarto chapters; v467-v478 curated export artifacts
scripts/papers/__pycache__/build_paper4_v351_v347_branch_price_or_dual_bound_loop.cpython-312.pyc,pycache,351,delete,generated Paper 4 loop artifact retired; not read by Quarto after closure,paper4_deep_cleanup_manifest_2026-05-18.csv; Paper 4 Quarto chapters; v467-v478 curated export artifacts
scripts/papers/__pycache__/build_paper4_v352_v347_expand_branch_price_or_dual_bound_loop.cpython-312.pyc,pycache,352,delete,generated Paper 4 loop artifact retired; not read by Quarto after closure,paper4_deep_cleanup_manifest_2026-05-18.csv; Paper 4 Quarto chapters; v467-v478 curated export artifacts
scripts/papers/__pycache__/build_paper4_v357_v353_branch_price_or_dual_bound_loop.cpython-312.pyc,pycache,357,delete,generated Paper 4 loop artifact retired; not read by Quarto after closure,paper4_deep_cleanup_manifest_2026-05-18.csv; Paper 4 Quarto chapters; v467-v478 curated export artifacts
scripts/papers/__pycache__/build_paper4_v381_verified_literature_source_log.cpython-312.pyc,pycache,381,delete,generated Paper 4 loop artifact retired; not read by Quarto after closure,paper4_deep_cleanup_manifest_2026-05-18.csv; Paper 4 Quarto chapters; v467-v478 curated export artifacts
scripts/papers/__pycache__/build_paper4_v382_global_solver_scope_decision.cpython-312.pyc,pycache,382,delete,generated Paper 4 loop artifact retired; not read by Quarto after closure,paper4_deep_cleanup_manifest_2026-05-18.csv; Paper 4 Quarto chapters; v467-v478 curated export artifacts
scripts/papers/__pycache__/build_paper4_v383_source_governance_audit_plan.cpython-312.pyc,pycache,383,delete,generated Paper 4 loop artifact retired; not read by Quarto after closure,paper4_deep_cleanup_manifest_2026-05-18.csv; Paper 4 Quarto chapters; v467-v478 curated export artifacts
scripts/papers/__pycache__/build_paper4_v384_formal_spo_dla_review_packet.cpython-312.pyc,pycache,384,delete,generated Paper 4 loop artifact retired; not read by Quarto after closure,paper4_deep_cleanup_manifest_2026-05-18.csv; Paper 4 Quarto chapters; v467-v478 curated export artifacts
scripts/papers/__pycache__/build_paper4_v385_validation_gap_triage.cpython-312.pyc,pycache,385,delete,generated Paper 4 loop artifact retired; not read by Quarto after closure,paper4_deep_cleanup_manifest_2026-05-18.csv; Paper 4 Quarto chapters; v467-v478 curated export artifacts
scripts/papers/__pycache__/build_paper4_v386_quarto_registration_gap_decision.cpython-312.pyc,pycache,386,delete,generated Paper 4 loop artifact retired; not read by Quarto after closure,paper4_deep_cleanup_manifest_2026-05-18.csv; Paper 4 Quarto chapters; v467-v478 curated export artifacts
scripts/papers/__pycache__/build_paper4_v387_quarto_archive_guardrail_patch.cpython-312.pyc,pycache,387,delete,generated Paper 4 loop artifact retired; not read by Quarto after closure,paper4_deep_cleanup_manifest_2026-05-18.csv; Paper 4 Quarto chapters; v467-v478 curated export artifacts
scripts/papers/__pycache__/build_paper4_v388_full_regression_probe_plan.cpython-312.pyc,pycache,388,delete,generated Paper 4 loop artifact retired; not read by Quarto after closure,paper4_deep_cleanup_manifest_2026-05-18.csv; Paper 4 Quarto chapters; v467-v478 curated export artifacts
scripts/papers/__pycache__/build_paper4_v389_full_repository_pytest_probe.cpython-312.pyc,pycache,389,delete,generated Paper 4 loop artifact retired; not read by Quarto after closure,paper4_deep_cleanup_manifest_2026-05-18.csv; Paper 4 Quarto chapters; v467-v478 curated export artifacts
scripts/papers/__pycache__/build_paper4_v390_repository_lint_frontier.cpython-312.pyc,pycache,390,delete,generated Paper 4 loop artifact retired; not read by Quarto after closure,paper4_deep_cleanup_manifest_2026-05-18.csv; Paper 4 Quarto chapters; v467-v478 curated export artifacts
scripts/papers/__pycache__/build_paper4_v391_targeted_lint_repair_batch.cpython-312.pyc,pycache,391,delete,generated Paper 4 loop artifact retired; not read by Quarto after closure,paper4_deep_cleanup_manifest_2026-05-18.csv; Paper 4 Quarto chapters; v467-v478 curated export artifacts
scripts/papers/__pycache__/build_paper4_v392_notebook_lint_policy.cpython-312.pyc,pycache,392,delete,generated Paper 4 loop artifact retired; not read by Quarto after closure,paper4_deep_cleanup_manifest_2026-05-18.csv; Paper 4 Quarto chapters; v467-v478 curated export artifacts
scripts/papers/__pycache__/build_paper4_v393_notebook_lint_dry_run_manifest.cpython-312.pyc,pycache,393,delete,generated Paper 4 loop artifact retired; not read by Quarto after closure,paper4_deep_cleanup_manifest_2026-05-18.csv; Paper 4 Quarto chapters; v467-v478 curated export artifacts
scripts/papers/__pycache__/build_paper4_v394_notebook_safe_fix_roundtrip_batch.cpython-312.pyc,pycache,394,delete,generated Paper 4 loop artifact retired; not read by Quarto after closure,paper4_deep_cleanup_manifest_2026-05-18.csv; Paper 4 Quarto chapters; v467-v478 curated export artifacts
scripts/papers/__pycache__/build_paper4_v395_notebook_unsafe_fix_review.cpython-312.pyc,pycache,395,delete,generated Paper 4 loop artifact retired; not read by Quarto after closure,paper4_deep_cleanup_manifest_2026-05-18.csv; Paper 4 Quarto chapters; v467-v478 curated export artifacts
scripts/papers/__pycache__/build_paper4_v396_notebook_unsafe_fix_roundtrip_application.cpython-312.pyc,pycache,396,delete,generated Paper 4 loop artifact retired; not read by Quarto after closure,paper4_deep_cleanup_manifest_2026-05-18.csv; Paper 4 Quarto chapters; v467-v478 curated export artifacts
scripts/papers/__pycache__/build_paper4_v397_notebook_import_side_effect_and_sim115_patch.cpython-312.pyc,pycache,397,delete,generated Paper 4 loop artifact retired; not read by Quarto after closure,paper4_deep_cleanup_manifest_2026-05-18.csv; Paper 4 Quarto chapters; v467-v478 curated export artifacts
scripts/papers/__pycache__/build_paper4_v398_notebook_historical_e402_policy.cpython-312.pyc,pycache,398,delete,generated Paper 4 loop artifact retired; not read by Quarto after closure,paper4_deep_cleanup_manifest_2026-05-18.csv; Paper 4 Quarto chapters; v467-v478 curated export artifacts
scripts/papers/__pycache__/build_paper4_v399_notebook_e402_cell_refactor_plan.cpython-312.pyc,pycache,399,delete,generated Paper 4 loop artifact retired; not read by Quarto after closure,paper4_deep_cleanup_manifest_2026-05-18.csv; Paper 4 Quarto chapters; v467-v478 curated export artifacts
scripts/papers/__pycache__/build_paper4_v39_v40_living_lab_execution.cpython-312.pyc,pycache,39,delete,generated Paper 4 loop artifact retired; not read by Quarto after closure,paper4_deep_cleanup_manifest_2026-05-18.csv; Paper 4 Quarto chapters; v467-v478 curated export artifacts
scripts/papers/__pycache__/build_paper4_v400_notebook_e402_local_import_hoist_batch.cpython-312.pyc,pycache,400,delete,generated Paper 4 loop artifact retired; not read by Quarto after closure,paper4_deep_cleanup_manifest_2026-05-18.csv; Paper 4 Quarto chapters; v467-v478 curated export artifacts
scripts/papers/__pycache__/build_paper4_v401_notebook_e402_setup_warning_refactor_plan.cpython-312.pyc,pycache,401,delete,generated Paper 4 loop artifact retired; not read by Quarto after closure,paper4_deep_cleanup_manifest_2026-05-18.csv; Paper 4 Quarto chapters; v467-v478 curated export artifacts
scripts/papers/__pycache__/build_paper4_v402_notebook_warning_filter_only_reorder_batch.cpython-312.pyc,pycache,402,delete,generated Paper 4 loop artifact retired; not read by Quarto after closure,paper4_deep_cleanup_manifest_2026-05-18.csv; Paper 4 Quarto chapters; v467-v478 curated export artifacts
scripts/papers/__pycache__/build_paper4_v403_post_notebook_mutation_pytest_probe.cpython-312.pyc,pycache,403,delete,generated Paper 4 loop artifact retired; not read by Quarto after closure,paper4_deep_cleanup_manifest_2026-05-18.csv; Paper 4 Quarto chapters; v467-v478 curated export artifacts
scripts/papers/__pycache__/build_paper4_v404_notebook_sys_path_project_import_refactor_plan.cpython-312.pyc,pycache,404,delete,generated Paper 4 loop artifact retired; not read by Quarto after closure,paper4_deep_cleanup_manifest_2026-05-18.csv; Paper 4 Quarto chapters; v467-v478 curated export artifacts
scripts/papers/__pycache__/build_paper4_v405_notebook_sys_path_project_import_refactor_batch.cpython-312.pyc,pycache,405,delete,generated Paper 4 loop artifact retired; not read by Quarto after closure,paper4_deep_cleanup_manifest_2026-05-18.csv; Paper 4 Quarto chapters; v467-v478 curated export artifacts
scripts/papers/__pycache__/build_paper4_v406_post_sys_path_refactor_pytest_probe.cpython-312.pyc,pycache,406,delete,generated Paper 4 loop artifact retired; not read by Quarto after closure,paper4_deep_cleanup_manifest_2026-05-18.csv; Paper 4 Quarto chapters; v467-v478 curated export artifacts
scripts/papers/__pycache__/build_paper4_v407_notebook_non_e402_lint_triage.cpython-312.pyc,pycache,407,delete,generated Paper 4 loop artifact retired; not read by Quarto after closure,paper4_deep_cleanup_manifest_2026-05-18.csv; Paper 4 Quarto chapters; v467-v478 curated export artifacts
scripts/papers/__pycache__/build_paper4_v408_notebook_b007_loop_var_patch.cpython-312.pyc,pycache,408,delete,generated Paper 4 loop artifact retired; not read by Quarto after closure,paper4_deep_cleanup_manifest_2026-05-18.csv; Paper 4 Quarto chapters; v467-v478 curated export artifacts
scripts/papers/__pycache__/build_paper4_v409_notebook_b018_display_review.cpython-312.pyc,pycache,409,delete,generated Paper 4 loop artifact retired; not read by Quarto after closure,paper4_deep_cleanup_manifest_2026-05-18.csv; Paper 4 Quarto chapters; v467-v478 curated export artifacts
scripts/papers/__pycache__/build_paper4_v410_notebook_b018_fig_show_patch.cpython-312.pyc,pycache,410,delete,generated Paper 4 loop artifact retired; not read by Quarto after closure,paper4_deep_cleanup_manifest_2026-05-18.csv; Paper 4 Quarto chapters; v467-v478 curated export artifacts
scripts/papers/__pycache__/build_paper4_v411_notebook_b018_post_patch_pytest_probe.cpython-312.pyc,pycache,411,delete,generated Paper 4 loop artifact retired; not read by Quarto after closure,paper4_deep_cleanup_manifest_2026-05-18.csv; Paper 4 Quarto chapters; v467-v478 curated export artifacts
scripts/papers/__pycache__/build_paper4_v412_notebook_f821_execution_context_audit.cpython-312.pyc,pycache,412,delete,generated Paper 4 loop artifact retired; not read by Quarto after closure,paper4_deep_cleanup_manifest_2026-05-18.csv; Paper 4 Quarto chapters; v467-v478 curated export artifacts
scripts/papers/__pycache__/build_paper4_v413_notebook_f821_validation_target_patch.cpython-312.pyc,pycache,413,delete,generated Paper 4 loop artifact retired; not read by Quarto after closure,paper4_deep_cleanup_manifest_2026-05-18.csv; Paper 4 Quarto chapters; v467-v478 curated export artifacts
scripts/papers/__pycache__/build_paper4_v414_notebook_f821_post_patch_pytest_probe.cpython-312.pyc,pycache,414,delete,generated Paper 4 loop artifact retired; not read by Quarto after closure,paper4_deep_cleanup_manifest_2026-05-18.csv; Paper 4 Quarto chapters; v467-v478 curated export artifacts
scripts/papers/__pycache__/build_paper4_v415_notebook_remaining_style_lint_triage.cpython-312.pyc,pycache,415,delete,generated Paper 4 loop artifact retired; not read by Quarto after closure,paper4_deep_cleanup_manifest_2026-05-18.csv; Paper 4 Quarto chapters; v467-v478 curated export artifacts
scripts/papers/__pycache__/build_paper4_v416_notebook_e741_comprehension_var_patch.cpython-312.pyc,pycache,416,delete,generated Paper 4 loop artifact retired; not read by Quarto after closure,paper4_deep_cleanup_manifest_2026-05-18.csv; Paper 4 Quarto chapters; v467-v478 curated export artifacts
scripts/papers/__pycache__/build_paper4_v417_notebook_sim108_conditional_expr_review.cpython-312.pyc,pycache,417,delete,generated Paper 4 loop artifact retired; not read by Quarto after closure,paper4_deep_cleanup_manifest_2026-05-18.csv; Paper 4 Quarto chapters; v467-v478 curated export artifacts
scripts/papers/__pycache__/build_paper4_v418_notebook_sim108_conditional_expr_patch.cpython-312.pyc,pycache,418,delete,generated Paper 4 loop artifact retired; not read by Quarto after closure,paper4_deep_cleanup_manifest_2026-05-18.csv; Paper 4 Quarto chapters; v467-v478 curated export artifacts
scripts/papers/__pycache__/build_paper4_v419_notebook_sim108_post_patch_pytest_probe.cpython-312.pyc,pycache,419,delete,generated Paper 4 loop artifact retired; not read by Quarto after closure,paper4_deep_cleanup_manifest_2026-05-18.csv; Paper 4 Quarto chapters; v467-v478 curated export artifacts
scripts/papers/__pycache__/build_paper4_v41_v44_living_lab_wave.cpython-312.pyc,pycache,41,delete,generated Paper 4 loop artifact retired; not read by Quarto after closure,paper4_deep_cleanup_manifest_2026-05-18.csv; Paper 4 Quarto chapters; v467-v478 curated export artifacts
scripts/papers/__pycache__/build_paper4_v420_notebook_gpu_style_lint_triage.cpython-312.pyc,pycache,420,delete,generated Paper 4 loop artifact retired; not read by Quarto after closure,paper4_deep_cleanup_manifest_2026-05-18.csv; Paper 4 Quarto chapters; v467-v478 curated export artifacts
scripts/papers/__pycache__/build_paper4_v421_notebook_gpu_style_lint_patch.cpython-312.pyc,pycache,421,delete,generated Paper 4 loop artifact retired; not read by Quarto after closure,paper4_deep_cleanup_manifest_2026-05-18.csv; Paper 4 Quarto chapters; v467-v478 curated export artifacts
scripts/papers/__pycache__/build_paper4_v422_notebook_gpu_style_post_patch_pytest_probe.cpython-312.pyc,pycache,422,delete,generated Paper 4 loop artifact retired; not read by Quarto after closure,paper4_deep_cleanup_manifest_2026-05-18.csv; Paper 4 Quarto chapters; v467-v478 curated export artifacts
scripts/papers/__pycache__/build_paper4_v423_repository_ruff_frontier_after_notebook_clean.cpython-312.pyc,pycache,423,delete,generated Paper 4 loop artifact retired; not read by Quarto after closure,paper4_deep_cleanup_manifest_2026-05-18.csv; Paper 4 Quarto chapters; v467-v478 curated export artifacts
scripts/papers/__pycache__/build_paper4_v424_targeted_repo_ruff_repair_batch.cpython-312.pyc,pycache,424,delete,generated Paper 4 loop artifact retired; not read by Quarto after closure,paper4_deep_cleanup_manifest_2026-05-18.csv; Paper 4 Quarto chapters; v467-v478 curated export artifacts
scripts/papers/__pycache__/build_paper4_v425_post_streamlit_ruff_repair_pytest_probe.cpython-312.pyc,pycache,425,delete,generated Paper 4 loop artifact retired; not read by Quarto after closure,paper4_deep_cleanup_manifest_2026-05-18.csv; Paper 4 Quarto chapters; v467-v478 curated export artifacts
scripts/papers/__pycache__/build_paper4_v426_targeted_scripts_ruff_repair_batch.cpython-312.pyc,pycache,426,delete,generated Paper 4 loop artifact retired; not read by Quarto after closure,paper4_deep_cleanup_manifest_2026-05-18.csv; Paper 4 Quarto chapters; v467-v478 curated export artifacts
scripts/papers/__pycache__/build_paper4_v427_post_scripts_ruff_repair_pytest_probe.cpython-312.pyc,pycache,427,delete,generated Paper 4 loop artifact retired; not read by Quarto after closure,paper4_deep_cleanup_manifest_2026-05-18.csv; Paper 4 Quarto chapters; v467-v478 curated export artifacts
scripts/papers/__pycache__/build_paper4_v428_streamlit_b905_c408_repair_batch.cpython-312.pyc,pycache,428,delete,generated Paper 4 loop artifact retired; not read by Quarto after closure,paper4_deep_cleanup_manifest_2026-05-18.csv; Paper 4 Quarto chapters; v467-v478 curated export artifacts
scripts/papers/__pycache__/build_paper4_v429_post_streamlit_b905_c408_repair_pytest_probe.cpython-312.pyc,pycache,429,delete,generated Paper 4 loop artifact retired; not read by Quarto after closure,paper4_deep_cleanup_manifest_2026-05-18.csv; Paper 4 Quarto chapters; v467-v478 curated export artifacts
scripts/papers/__pycache__/build_paper4_v430_scripts_b007_loop_variable_repair_batch.cpython-312.pyc,pycache,430,delete,generated Paper 4 loop artifact retired; not read by Quarto after closure,paper4_deep_cleanup_manifest_2026-05-18.csv; Paper 4 Quarto chapters; v467-v478 curated export artifacts
scripts/papers/__pycache__/build_paper4_v431_post_scripts_b007_repair_pytest_probe.cpython-312.pyc,pycache,431,delete,generated Paper 4 loop artifact retired; not read by Quarto after closure,paper4_deep_cleanup_manifest_2026-05-18.csv; Paper 4 Quarto chapters; v467-v478 curated export artifacts
scripts/papers/__pycache__/build_paper4_v432_scripts_f841_unused_variable_repair_batch.cpython-312.pyc,pycache,432,delete,generated Paper 4 loop artifact retired; not read by Quarto after closure,paper4_deep_cleanup_manifest_2026-05-18.csv; Paper 4 Quarto chapters; v467-v478 curated export artifacts
scripts/papers/__pycache__/build_paper4_v433_post_scripts_f841_repair_pytest_probe.cpython-312.pyc,pycache,433,delete,generated Paper 4 loop artifact retired; not read by Quarto after closure,paper4_deep_cleanup_manifest_2026-05-18.csv; Paper 4 Quarto chapters; v467-v478 curated export artifacts
scripts/papers/__pycache__/build_paper4_v434_scripts_i001_import_sort_repair_batch.cpython-312.pyc,pycache,434,delete,generated Paper 4 loop artifact retired; not read by Quarto after closure,paper4_deep_cleanup_manifest_2026-05-18.csv; Paper 4 Quarto chapters; v467-v478 curated export artifacts
scripts/papers/__pycache__/build_paper4_v435_post_scripts_i001_repair_pytest_probe.cpython-312.pyc,pycache,435,delete,generated Paper 4 loop artifact retired; not read by Quarto after closure,paper4_deep_cleanup_manifest_2026-05-18.csv; Paper 4 Quarto chapters; v467-v478 curated export artifacts
scripts/papers/__pycache__/build_paper4_v436_scripts_book_f401_unused_import_repair_batch.cpython-312.pyc,pycache,436,delete,generated Paper 4 loop artifact retired; not read by Quarto after closure,paper4_deep_cleanup_manifest_2026-05-18.csv; Paper 4 Quarto chapters; v467-v478 curated export artifacts
scripts/papers/__pycache__/build_paper4_v437_post_scripts_f401_repair_pytest_probe.cpython-312.pyc,pycache,437,delete,generated Paper 4 loop artifact retired; not read by Quarto after closure,paper4_deep_cleanup_manifest_2026-05-18.csv; Paper 4 Quarto chapters; v467-v478 curated export artifacts
scripts/papers/__pycache__/build_paper4_v438_scripts_up022_capture_output_repair_batch.cpython-312.pyc,pycache,438,delete,generated Paper 4 loop artifact retired; not read by Quarto after closure,paper4_deep_cleanup_manifest_2026-05-18.csv; Paper 4 Quarto chapters; v467-v478 curated export artifacts
scripts/papers/__pycache__/build_paper4_v439_post_scripts_up022_repair_pytest_probe.cpython-312.pyc,pycache,439,delete,generated Paper 4 loop artifact retired; not read by Quarto after closure,paper4_deep_cleanup_manifest_2026-05-18.csv; Paper 4 Quarto chapters; v467-v478 curated export artifacts
scripts/papers/__pycache__/build_paper4_v440_scripts_sim108_conditional_expr_repair_batch.cpython-312.pyc,pycache,440,delete,generated Paper 4 loop artifact retired; not read by Quarto after closure,paper4_deep_cleanup_manifest_2026-05-18.csv; Paper 4 Quarto chapters; v467-v478 curated export artifacts
scripts/papers/__pycache__/build_paper4_v441_post_scripts_sim108_repair_pytest_probe.cpython-312.pyc,pycache,441,delete,generated Paper 4 loop artifact retired; not read by Quarto after closure,paper4_deep_cleanup_manifest_2026-05-18.csv; Paper 4 Quarto chapters; v467-v478 curated export artifacts
scripts/papers/__pycache__/build_paper4_v442_scripts_c405_set_literal_repair_batch.cpython-312.pyc,pycache,442,delete,generated Paper 4 loop artifact retired; not read by Quarto after closure,paper4_deep_cleanup_manifest_2026-05-18.csv; Paper 4 Quarto chapters; v467-v478 curated export artifacts
scripts/papers/__pycache__/build_paper4_v443_post_scripts_c405_repair_pytest_probe.cpython-312.pyc,pycache,443,delete,generated Paper 4 loop artifact retired; not read by Quarto after closure,paper4_deep_cleanup_manifest_2026-05-18.csv; Paper 4 Quarto chapters; v467-v478 curated export artifacts
scripts/papers/__pycache__/build_paper4_v444_scripts_sim223_expr_and_false_repair_batch.cpython-312.pyc,pycache,444,delete,generated Paper 4 loop artifact retired; not read by Quarto after closure,paper4_deep_cleanup_manifest_2026-05-18.csv; Paper 4 Quarto chapters; v467-v478 curated export artifacts
scripts/papers/__pycache__/build_paper4_v445_post_scripts_sim223_repair_pytest_probe.cpython-312.pyc,pycache,445,delete,generated Paper 4 loop artifact retired; not read by Quarto after closure,paper4_deep_cleanup_manifest_2026-05-18.csv; Paper 4 Quarto chapters; v467-v478 curated export artifacts
scripts/papers/__pycache__/build_paper4_v446_scripts_b023_loop_binding_manual_repair_batch.cpython-312.pyc,pycache,446,delete,generated Paper 4 loop artifact retired; not read by Quarto after closure,paper4_deep_cleanup_manifest_2026-05-18.csv; Paper 4 Quarto chapters; v467-v478 curated export artifacts
scripts/papers/__pycache__/build_paper4_v447_post_scripts_b023_repair_pytest_probe.cpython-312.pyc,pycache,447,delete,generated Paper 4 loop artifact retired; not read by Quarto after closure,paper4_deep_cleanup_manifest_2026-05-18.csv; Paper 4 Quarto chapters; v467-v478 curated export artifacts
scripts/papers/__pycache__/build_paper4_v448_quarto_render_probe.cpython-312.pyc,pycache,448,delete,generated Paper 4 loop artifact retired; not read by Quarto after closure,paper4_deep_cleanup_manifest_2026-05-18.csv; Paper 4 Quarto chapters; v467-v478 curated export artifacts
scripts/papers/__pycache__/build_paper4_v449_full_book_render_probe.cpython-312.pyc,pycache,449,delete,generated Paper 4 loop artifact retired; not read by Quarto after closure,paper4_deep_cleanup_manifest_2026-05-18.csv; Paper 4 Quarto chapters; v467-v478 curated export artifacts
scripts/papers/__pycache__/build_paper4_v450_post_full_book_render_pytest_probe.cpython-312.pyc,pycache,450,delete,generated Paper 4 loop artifact retired; not read by Quarto after closure,paper4_deep_cleanup_manifest_2026-05-18.csv; Paper 4 Quarto chapters; v467-v478 curated export artifacts
scripts/papers/__pycache__/build_paper4_v451_release_readiness_synthesis.cpython-312.pyc,pycache,451,delete,generated Paper 4 loop artifact retired; not read by Quarto after closure,paper4_deep_cleanup_manifest_2026-05-18.csv; Paper 4 Quarto chapters; v467-v478 curated export artifacts
scripts/papers/__pycache__/build_paper4_v452_manuscript_extraction_scaffold.cpython-312.pyc,pycache,452,delete,generated Paper 4 loop artifact retired; not read by Quarto after closure,paper4_deep_cleanup_manifest_2026-05-18.csv; Paper 4 Quarto chapters; v467-v478 curated export artifacts
scripts/papers/__pycache__/build_paper4_v453_methods_results_draft.cpython-312.pyc,pycache,453,delete,generated Paper 4 loop artifact retired; not read by Quarto after closure,paper4_deep_cleanup_manifest_2026-05-18.csv; Paper 4 Quarto chapters; v467-v478 curated export artifacts
scripts/papers/__pycache__/build_paper4_v454_discussion_limitations_draft.cpython-312.pyc,pycache,454,delete,generated Paper 4 loop artifact retired; not read by Quarto after closure,paper4_deep_cleanup_manifest_2026-05-18.csv; Paper 4 Quarto chapters; v467-v478 curated export artifacts
scripts/papers/__pycache__/build_paper4_v455_abstract_conclusion_draft.cpython-312.pyc,pycache,455,delete,generated Paper 4 loop artifact retired; not read by Quarto after closure,paper4_deep_cleanup_manifest_2026-05-18.csv; Paper 4 Quarto chapters; v467-v478 curated export artifacts
scripts/papers/__pycache__/build_paper4_v456_manuscript_assembly_packet.cpython-312.pyc,pycache,456,delete,generated Paper 4 loop artifact retired; not read by Quarto after closure,paper4_deep_cleanup_manifest_2026-05-18.csv; Paper 4 Quarto chapters; v467-v478 curated export artifacts
scripts/papers/__pycache__/build_paper4_v457_post_assembly_pytest_probe.cpython-312.pyc,pycache,457,delete,generated Paper 4 loop artifact retired; not read by Quarto after closure,paper4_deep_cleanup_manifest_2026-05-18.csv; Paper 4 Quarto chapters; v467-v478 curated export artifacts
scripts/papers/__pycache__/build_paper4_v458_post_assembly_render_decision.cpython-312.pyc,pycache,458,delete,generated Paper 4 loop artifact retired; not read by Quarto after closure,paper4_deep_cleanup_manifest_2026-05-18.csv; Paper 4 Quarto chapters; v467-v478 curated export artifacts
scripts/papers/__pycache__/build_paper4_v459_target_venue_structure_packet.cpython-312.pyc,pycache,459,delete,generated Paper 4 loop artifact retired; not read by Quarto after closure,paper4_deep_cleanup_manifest_2026-05-18.csv; Paper 4 Quarto chapters; v467-v478 curated export artifacts
scripts/papers/__pycache__/build_paper4_v45_online_cvar_source_solver.cpython-312.pyc,pycache,45,delete,generated Paper 4 loop artifact retired; not read by Quarto after closure,paper4_deep_cleanup_manifest_2026-05-18.csv; Paper 4 Quarto chapters; v467-v478 curated export artifacts
scripts/papers/__pycache__/build_paper4_v45_v48_living_lab_wave.cpython-312.pyc,pycache,45,delete,generated Paper 4 loop artifact retired; not read by Quarto after closure,paper4_deep_cleanup_manifest_2026-05-18.csv; Paper 4 Quarto chapters; v467-v478 curated export artifacts
scripts/papers/__pycache__/build_paper4_v460_related_work_citation_gap_audit.cpython-312.pyc,pycache,460,delete,generated Paper 4 loop artifact retired; not read by Quarto after closure,paper4_deep_cleanup_manifest_2026-05-18.csv; Paper 4 Quarto chapters; v467-v478 curated export artifacts
scripts/papers/__pycache__/build_paper4_v461_bounded_related_work_draft.cpython-312.pyc,pycache,461,delete,generated Paper 4 loop artifact retired; not read by Quarto after closure,paper4_deep_cleanup_manifest_2026-05-18.csv; Paper 4 Quarto chapters; v467-v478 curated export artifacts
scripts/papers/__pycache__/build_paper4_v462_manuscript_readiness_delta.cpython-312.pyc,pycache,462,delete,generated Paper 4 loop artifact retired; not read by Quarto after closure,paper4_deep_cleanup_manifest_2026-05-18.csv; Paper 4 Quarto chapters; v467-v478 curated export artifacts
scripts/papers/__pycache__/build_paper4_v463_paper_specific_bibliography_plan.cpython-312.pyc,pycache,463,delete,generated Paper 4 loop artifact retired; not read by Quarto after closure,paper4_deep_cleanup_manifest_2026-05-18.csv; Paper 4 Quarto chapters; v467-v478 curated export artifacts
scripts/papers/__pycache__/build_paper4_v464_bibliography_subset_dry_run.cpython-312.pyc,pycache,464,delete,generated Paper 4 loop artifact retired; not read by Quarto after closure,paper4_deep_cleanup_manifest_2026-05-18.csv; Paper 4 Quarto chapters; v467-v478 curated export artifacts
scripts/papers/__pycache__/build_paper4_v465_citation_integration_dry_run.cpython-312.pyc,pycache,465,delete,generated Paper 4 loop artifact retired; not read by Quarto after closure,paper4_deep_cleanup_manifest_2026-05-18.csv; Paper 4 Quarto chapters; v467-v478 curated export artifacts
scripts/papers/__pycache__/build_paper4_v466_domain_execution_backlog_refocus.cpython-312.pyc,pycache,466,delete,generated Paper 4 loop artifact retired; not read by Quarto after closure,paper4_deep_cleanup_manifest_2026-05-18.csv; Paper 4 Quarto chapters; v467-v478 curated export artifacts
scripts/papers/__pycache__/build_paper4_v467_cvar_tail_risk_frontier_probe.cpython-312.pyc,pycache,467,delete,compiled cache for retired one-shot builder,paper4_deep_cleanup_manifest_2026-05-18.csv; Paper 4 Quarto chapters; v467-v478 curated export artifacts
scripts/papers/__pycache__/build_paper4_v468_source_governance_refresh.cpython-312.pyc,pycache,468,delete,compiled cache for retired one-shot builder,paper4_deep_cleanup_manifest_2026-05-18.csv; Paper 4 Quarto chapters; v467-v478 curated export artifacts
scripts/papers/__pycache__/build_paper4_v469_dynamic_replay_reproducibility_probe.cpython-312.pyc,pycache,469,delete,compiled cache for retired one-shot builder,paper4_deep_cleanup_manifest_2026-05-18.csv; Paper 4 Quarto chapters; v467-v478 curated export artifacts
scripts/papers/__pycache__/build_paper4_v46_spo_dla_dynamic.cpython-312.pyc,pycache,46,delete,generated Paper 4 loop artifact retired; not read by Quarto after closure,paper4_deep_cleanup_manifest_2026-05-18.csv; Paper 4 Quarto chapters; v467-v478 curated export artifacts
scripts/papers/__pycache__/build_paper4_v470_online_conformal_monitoring_proxy.cpython-312.pyc,pycache,470,delete,compiled cache for retired one-shot builder,paper4_deep_cleanup_manifest_2026-05-18.csv; Paper 4 Quarto chapters; v467-v478 curated export artifacts
scripts/papers/__pycache__/build_paper4_v471_spo_dla_boundary_probe.cpython-312.pyc,pycache,471,delete,compiled cache for retired one-shot builder,paper4_deep_cleanup_manifest_2026-05-18.csv; Paper 4 Quarto chapters; v467-v478 curated export artifacts
scripts/papers/__pycache__/build_paper4_v472_ifrs9_proxy_boundary_probe.cpython-312.pyc,pycache,472,delete,compiled cache for retired one-shot builder,paper4_deep_cleanup_manifest_2026-05-18.csv; Paper 4 Quarto chapters; v467-v478 curated export artifacts
scripts/papers/__pycache__/build_paper4_v473_domain_execution_synthesis.cpython-312.pyc,pycache,473,delete,compiled cache for retired one-shot builder,paper4_deep_cleanup_manifest_2026-05-18.csv; Paper 4 Quarto chapters; v467-v478 curated export artifacts
scripts/papers/__pycache__/build_paper4_v474_post_domain_manuscript_delta.cpython-312.pyc,pycache,474,delete,compiled cache for retired one-shot builder,paper4_deep_cleanup_manifest_2026-05-18.csv; Paper 4 Quarto chapters; v467-v478 curated export artifacts
scripts/papers/__pycache__/build_paper4_v475_primary_table_figure_selection.cpython-312.pyc,pycache,475,delete,compiled cache for retired one-shot builder,paper4_deep_cleanup_manifest_2026-05-18.csv; Paper 4 Quarto chapters; v467-v478 curated export artifacts
scripts/papers/__pycache__/build_paper4_v476_caption_and_insertion_plan.cpython-312.pyc,pycache,476,delete,compiled cache for retired one-shot builder,paper4_deep_cleanup_manifest_2026-05-18.csv; Paper 4 Quarto chapters; v467-v478 curated export artifacts
scripts/papers/__pycache__/build_paper4_v477_post_visual_package_manuscript_delta.cpython-312.pyc,pycache,477,delete,compiled cache for retired one-shot builder,paper4_deep_cleanup_manifest_2026-05-18.csv; Paper 4 Quarto chapters; v467-v478 curated export artifacts
scripts/papers/__pycache__/build_paper4_v478_section_text_stub_bundle.cpython-312.pyc,pycache,478,delete,compiled cache for retired one-shot builder,paper4_deep_cleanup_manifest_2026-05-18.csv; Paper 4 Quarto chapters; v467-v478 curated export artifacts
scripts/papers/__pycache__/build_paper4_v479_stub_claim_consistency_audit.cpython-312.pyc,pycache,479,delete,generated Paper 4 loop artifact retired; not read by Quarto after closure,paper4_deep_cleanup_manifest_2026-05-18.csv; Paper 4 Quarto chapters; v467-v478 curated export artifacts
scripts/papers/__pycache__/build_paper4_v47_ifrs9_cate_fairness_paths.cpython-312.pyc,pycache,47,delete,generated Paper 4 loop artifact retired; not read by Quarto after closure,paper4_deep_cleanup_manifest_2026-05-18.csv; Paper 4 Quarto chapters; v467-v478 curated export artifacts
scripts/papers/__pycache__/build_paper4_v480_controlled_quarto_insertion_plan.cpython-312.pyc,pycache,480,delete,generated Paper 4 loop artifact retired; not read by Quarto after closure,paper4_deep_cleanup_manifest_2026-05-18.csv; Paper 4 Quarto chapters; v467-v478 curated export artifacts
scripts/papers/__pycache__/build_paper4_v481_manual_quarto_patch_decision.cpython-312.pyc,pycache,481,delete,generated Paper 4 loop artifact retired; not read by Quarto after closure,paper4_deep_cleanup_manifest_2026-05-18.csv; Paper 4 Quarto chapters; v467-v478 curated export artifacts
scripts/papers/__pycache__/build_paper4_v482_post_plan_synthesis_packet.cpython-312.pyc,pycache,482,delete,generated Paper 4 loop artifact retired; not read by Quarto after closure,paper4_deep_cleanup_manifest_2026-05-18.csv; Paper 4 Quarto chapters; v467-v478 curated export artifacts
scripts/papers/__pycache__/build_paper4_v483_manual_review_packet.cpython-312.pyc,pycache,483,delete,generated Paper 4 loop artifact retired; not read by Quarto after closure,paper4_deep_cleanup_manifest_2026-05-18.csv; Paper 4 Quarto chapters; v467-v478 curated export artifacts
scripts/papers/__pycache__/build_paper4_v484_caption_hardening_dry_run.cpython-312.pyc,pycache,484,delete,generated Paper 4 loop artifact retired; not read by Quarto after closure,paper4_deep_cleanup_manifest_2026-05-18.csv; Paper 4 Quarto chapters; v467-v478 curated export artifacts
scripts/papers/__pycache__/build_paper4_v485_caption_consistency_audit.cpython-312.pyc,pycache,485,delete,generated Paper 4 loop artifact retired; not read by Quarto after closure,paper4_deep_cleanup_manifest_2026-05-18.csv; Paper 4 Quarto chapters; v467-v478 curated export artifacts
scripts/papers/__pycache__/build_paper4_v486_caption_review_decision_matrix.cpython-312.pyc,pycache,486,delete,generated Paper 4 loop artifact retired; not read by Quarto after closure,paper4_deep_cleanup_manifest_2026-05-18.csv; Paper 4 Quarto chapters; v467-v478 curated export artifacts
scripts/papers/__pycache__/build_paper4_v487_caption_asset_pairing_packet.cpython-312.pyc,pycache,487,delete,generated Paper 4 loop artifact retired; not read by Quarto after closure,paper4_deep_cleanup_manifest_2026-05-18.csv; Paper 4 Quarto chapters; v467-v478 curated export artifacts
scripts/papers/__pycache__/build_paper4_v488_layout_dry_run_packet.cpython-312.pyc,pycache,488,delete,generated Paper 4 loop artifact retired; not read by Quarto after closure,paper4_deep_cleanup_manifest_2026-05-18.csv; Paper 4 Quarto chapters; v467-v478 curated export artifacts
scripts/papers/__pycache__/build_paper4_v489_layout_consistency_audit.cpython-312.pyc,pycache,489,delete,generated Paper 4 loop artifact retired; not read by Quarto after closure,paper4_deep_cleanup_manifest_2026-05-18.csv; Paper 4 Quarto chapters; v467-v478 curated export artifacts
scripts/papers/__pycache__/build_paper4_v48_registry_docs_guardrails.cpython-312.pyc,pycache,48,delete,generated Paper 4 loop artifact retired; not read by Quarto after closure,paper4_deep_cleanup_manifest_2026-05-18.csv; Paper 4 Quarto chapters; v467-v478 curated export artifacts
scripts/papers/__pycache__/build_paper4_v55_unlock_loop.cpython-312.pyc,pycache,55,delete,generated Paper 4 loop artifact retired; not read by Quarto after closure,paper4_deep_cleanup_manifest_2026-05-18.csv; Paper 4 Quarto chapters; v467-v478 curated export artifacts
scripts/papers/__pycache__/build_paper4_v64_online_pseudo_unseen_stress.cpython-312.pyc,pycache,64,delete,generated Paper 4 loop artifact retired; not read by Quarto after closure,paper4_deep_cleanup_manifest_2026-05-18.csv; Paper 4 Quarto chapters; v467-v478 curated export artifacts
scripts/papers/__pycache__/build_paper4_v70_restricted_master_solver.cpython-312.pyc,pycache,70,delete,generated Paper 4 loop artifact retired; not read by Quarto after closure,paper4_deep_cleanup_manifest_2026-05-18.csv; Paper 4 Quarto chapters; v467-v478 curated export artifacts
scripts/papers/__pycache__/build_paper4_v71_full_universe_reduced_costs.cpython-312.pyc,pycache,71,delete,generated Paper 4 loop artifact retired; not read by Quarto after closure,paper4_deep_cleanup_manifest_2026-05-18.csv; Paper 4 Quarto chapters; v467-v478 curated export artifacts
scripts/papers/__pycache__/build_paper4_v78_source_scope_expanded_reprice.cpython-312.pyc,pycache,78,delete,generated Paper 4 loop artifact retired; not read by Quarto after closure,paper4_deep_cleanup_manifest_2026-05-18.csv; Paper 4 Quarto chapters; v467-v478 curated export artifacts
scripts/papers/__pycache__/build_paper4_v82_one_swap_integer_pricing_probe.cpython-312.pyc,pycache,82,delete,generated Paper 4 loop artifact retired; not read by Quarto after closure,paper4_deep_cleanup_manifest_2026-05-18.csv; Paper 4 Quarto chapters; v467-v478 curated export artifacts
scripts/papers/build_paper4_v100_post_repair_one_swap_reprice.py,builder_py,100,delete,generated Paper 4 loop artifact retired; not read by Quarto after closure,paper4_deep_cleanup_manifest_2026-05-18.csv; Paper 4 Quarto chapters; v467-v478 curated export artifacts
scripts/papers/build_paper4_v101_next_one_swap_repair.py,builder_py,101,delete,generated Paper 4 loop artifact retired; not read by Quarto after closure,paper4_deep_cleanup_manifest_2026-05-18.csv; Paper 4 Quarto chapters; v467-v478 curated export artifacts
scripts/papers/build_paper4_v102_post_repair_one_swap_reprice.py,builder_py,102,delete,generated Paper 4 loop artifact retired; not read by Quarto after closure,paper4_deep_cleanup_manifest_2026-05-18.csv; Paper 4 Quarto chapters; v467-v478 curated export artifacts
scripts/papers/build_paper4_v103_next_one_swap_repair.py,builder_py,103,delete,generated Paper 4 loop artifact retired; not read by Quarto after closure,paper4_deep_cleanup_manifest_2026-05-18.csv; Paper 4 Quarto chapters; v467-v478 curated export artifacts
scripts/papers/build_paper4_v104_post_repair_one_swap_reprice.py,builder_py,104,delete,generated Paper 4 loop artifact retired; not read by Quarto after closure,paper4_deep_cleanup_manifest_2026-05-18.csv; Paper 4 Quarto chapters; v467-v478 curated export artifacts
scripts/papers/build_paper4_v105_next_one_swap_repair.py,builder_py,105,delete,generated Paper 4 loop artifact retired; not read by Quarto after closure,paper4_deep_cleanup_manifest_2026-05-18.csv; Paper 4 Quarto chapters; v467-v478 curated export artifacts
scripts/papers/build_paper4_v106_post_repair_one_swap_reprice.py,builder_py,106,delete,generated Paper 4 loop artifact retired; not read by Quarto after closure,paper4_deep_cleanup_manifest_2026-05-18.csv; Paper 4 Quarto chapters; v467-v478 curated export artifacts
scripts/papers/build_paper4_v107_next_one_swap_repair.py,builder_py,107,delete,generated Paper 4 loop artifact retired; not read by Quarto after closure,paper4_deep_cleanup_manifest_2026-05-18.csv; Paper 4 Quarto chapters; v467-v478 curated export artifacts
scripts/papers/build_paper4_v108_post_repair_one_swap_reprice.py,builder_py,108,delete,generated Paper 4 loop artifact retired; not read by Quarto after closure,paper4_deep_cleanup_manifest_2026-05-18.csv; Paper 4 Quarto chapters; v467-v478 curated export artifacts
scripts/papers/build_paper4_v109_next_one_swap_repair.py,builder_py,109,delete,generated Paper 4 loop artifact retired; not read by Quarto after closure,paper4_deep_cleanup_manifest_2026-05-18.csv; Paper 4 Quarto chapters; v467-v478 curated export artifacts
scripts/papers/build_paper4_v110_post_repair_one_swap_reprice.py,builder_py,110,delete,generated Paper 4 loop artifact retired; not read by Quarto after closure,paper4_deep_cleanup_manifest_2026-05-18.csv; Paper 4 Quarto chapters; v467-v478 curated export artifacts
scripts/papers/build_paper4_v111_next_one_swap_repair.py,builder_py,111,delete,generated Paper 4 loop artifact retired; not read by Quarto after closure,paper4_deep_cleanup_manifest_2026-05-18.csv; Paper 4 Quarto chapters; v467-v478 curated export artifacts
scripts/papers/build_paper4_v112_post_repair_one_swap_reprice.py,builder_py,112,delete,generated Paper 4 loop artifact retired; not read by Quarto after closure,paper4_deep_cleanup_manifest_2026-05-18.csv; Paper 4 Quarto chapters; v467-v478 curated export artifacts
scripts/papers/build_paper4_v113_next_one_swap_repair.py,builder_py,113,delete,generated Paper 4 loop artifact retired; not read by Quarto after closure,paper4_deep_cleanup_manifest_2026-05-18.csv; Paper 4 Quarto chapters; v467-v478 curated export artifacts
scripts/papers/build_paper4_v114_post_repair_one_swap_reprice.py,builder_py,114,delete,generated Paper 4 loop artifact retired; not read by Quarto after closure,paper4_deep_cleanup_manifest_2026-05-18.csv; Paper 4 Quarto chapters; v467-v478 curated export artifacts
scripts/papers/build_paper4_v115_next_one_swap_repair.py,builder_py,115,delete,generated Paper 4 loop artifact retired; not read by Quarto after closure,paper4_deep_cleanup_manifest_2026-05-18.csv; Paper 4 Quarto chapters; v467-v478 curated export artifacts
scripts/papers/build_paper4_v116_post_repair_one_swap_reprice.py,builder_py,116,delete,generated Paper 4 loop artifact retired; not read by Quarto after closure,paper4_deep_cleanup_manifest_2026-05-18.csv; Paper 4 Quarto chapters; v467-v478 curated export artifacts
scripts/papers/build_paper4_v117_next_one_swap_repair.py,builder_py,117,delete,generated Paper 4 loop artifact retired; not read by Quarto after closure,paper4_deep_cleanup_manifest_2026-05-18.csv; Paper 4 Quarto chapters; v467-v478 curated export artifacts
scripts/papers/build_paper4_v118_post_repair_one_swap_reprice.py,builder_py,118,delete,generated Paper 4 loop artifact retired; not read by Quarto after closure,paper4_deep_cleanup_manifest_2026-05-18.csv; Paper 4 Quarto chapters; v467-v478 curated export artifacts
scripts/papers/build_paper4_v119_next_one_swap_repair.py,builder_py,119,delete,generated Paper 4 loop artifact retired; not read by Quarto after closure,paper4_deep_cleanup_manifest_2026-05-18.csv; Paper 4 Quarto chapters; v467-v478 curated export artifacts
scripts/papers/build_paper4_v120_post_repair_one_swap_reprice.py,builder_py,120,delete,generated Paper 4 loop artifact retired; not read by Quarto after closure,paper4_deep_cleanup_manifest_2026-05-18.csv; Paper 4 Quarto chapters; v467-v478 curated export artifacts
scripts/papers/build_paper4_v121_next_one_swap_repair.py,builder_py,121,delete,generated Paper 4 loop artifact retired; not read by Quarto after closure,paper4_deep_cleanup_manifest_2026-05-18.csv; Paper 4 Quarto chapters; v467-v478 curated export artifacts
scripts/papers/build_paper4_v122_post_repair_one_swap_reprice.py,builder_py,122,delete,generated Paper 4 loop artifact retired; not read by Quarto after closure,paper4_deep_cleanup_manifest_2026-05-18.csv; Paper 4 Quarto chapters; v467-v478 curated export artifacts
scripts/papers/build_paper4_v123_next_one_swap_repair.py,builder_py,123,delete,generated Paper 4 loop artifact retired; not read by Quarto after closure,paper4_deep_cleanup_manifest_2026-05-18.csv; Paper 4 Quarto chapters; v467-v478 curated export artifacts
scripts/papers/build_paper4_v124_post_repair_one_swap_reprice.py,builder_py,124,delete,generated Paper 4 loop artifact retired; not read by Quarto after closure,paper4_deep_cleanup_manifest_2026-05-18.csv; Paper 4 Quarto chapters; v467-v478 curated export artifacts
scripts/papers/build_paper4_v125_next_one_swap_repair.py,builder_py,125,delete,generated Paper 4 loop artifact retired; not read by Quarto after closure,paper4_deep_cleanup_manifest_2026-05-18.csv; Paper 4 Quarto chapters; v467-v478 curated export artifacts
scripts/papers/build_paper4_v126_post_repair_one_swap_reprice.py,builder_py,126,delete,generated Paper 4 loop artifact retired; not read by Quarto after closure,paper4_deep_cleanup_manifest_2026-05-18.csv; Paper 4 Quarto chapters; v467-v478 curated export artifacts
scripts/papers/build_paper4_v127_next_one_swap_repair.py,builder_py,127,delete,generated Paper 4 loop artifact retired; not read by Quarto after closure,paper4_deep_cleanup_manifest_2026-05-18.csv; Paper 4 Quarto chapters; v467-v478 curated export artifacts
scripts/papers/build_paper4_v128_post_repair_one_swap_reprice.py,builder_py,128,delete,generated Paper 4 loop artifact retired; not read by Quarto after closure,paper4_deep_cleanup_manifest_2026-05-18.csv; Paper 4 Quarto chapters; v467-v478 curated export artifacts
scripts/papers/build_paper4_v129_next_one_swap_repair.py,builder_py,129,delete,generated Paper 4 loop artifact retired; not read by Quarto after closure,paper4_deep_cleanup_manifest_2026-05-18.csv; Paper 4 Quarto chapters; v467-v478 curated export artifacts
scripts/papers/build_paper4_v130_post_repair_one_swap_reprice.py,builder_py,130,delete,generated Paper 4 loop artifact retired; not read by Quarto after closure,paper4_deep_cleanup_manifest_2026-05-18.csv; Paper 4 Quarto chapters; v467-v478 curated export artifacts
scripts/papers/build_paper4_v131_next_one_swap_repair.py,builder_py,131,delete,generated Paper 4 loop artifact retired; not read by Quarto after closure,paper4_deep_cleanup_manifest_2026-05-18.csv; Paper 4 Quarto chapters; v467-v478 curated export artifacts
scripts/papers/build_paper4_v132_post_repair_one_swap_reprice.py,builder_py,132,delete,generated Paper 4 loop artifact retired; not read by Quarto after closure,paper4_deep_cleanup_manifest_2026-05-18.csv; Paper 4 Quarto chapters; v467-v478 curated export artifacts
scripts/papers/build_paper4_v133_next_one_swap_repair.py,builder_py,133,delete,generated Paper 4 loop artifact retired; not read by Quarto after closure,paper4_deep_cleanup_manifest_2026-05-18.csv; Paper 4 Quarto chapters; v467-v478 curated export artifacts
scripts/papers/build_paper4_v134_post_repair_one_swap_reprice.py,builder_py,134,delete,generated Paper 4 loop artifact retired; not read by Quarto after closure,paper4_deep_cleanup_manifest_2026-05-18.csv; Paper 4 Quarto chapters; v467-v478 curated export artifacts
scripts/papers/build_paper4_v135_next_one_swap_repair.py,builder_py,135,delete,generated Paper 4 loop artifact retired; not read by Quarto after closure,paper4_deep_cleanup_manifest_2026-05-18.csv; Paper 4 Quarto chapters; v467-v478 curated export artifacts
scripts/papers/build_paper4_v136_post_repair_one_swap_reprice.py,builder_py,136,delete,generated Paper 4 loop artifact retired; not read by Quarto after closure,paper4_deep_cleanup_manifest_2026-05-18.csv; Paper 4 Quarto chapters; v467-v478 curated export artifacts
scripts/papers/build_paper4_v137_next_one_swap_repair.py,builder_py,137,delete,generated Paper 4 loop artifact retired; not read by Quarto after closure,paper4_deep_cleanup_manifest_2026-05-18.csv; Paper 4 Quarto chapters; v467-v478 curated export artifacts
scripts/papers/build_paper4_v138_post_repair_one_swap_reprice.py,builder_py,138,delete,generated Paper 4 loop artifact retired; not read by Quarto after closure,paper4_deep_cleanup_manifest_2026-05-18.csv; Paper 4 Quarto chapters; v467-v478 curated export artifacts
scripts/papers/build_paper4_v139_next_one_swap_repair.py,builder_py,139,delete,generated Paper 4 loop artifact retired; not read by Quarto after closure,paper4_deep_cleanup_manifest_2026-05-18.csv; Paper 4 Quarto chapters; v467-v478 curated export artifacts
scripts/papers/build_paper4_v140_post_repair_one_swap_reprice.py,builder_py,140,delete,generated Paper 4 loop artifact retired; not read by Quarto after closure,paper4_deep_cleanup_manifest_2026-05-18.csv; Paper 4 Quarto chapters; v467-v478 curated export artifacts
scripts/papers/build_paper4_v141_next_one_swap_repair.py,builder_py,141,delete,generated Paper 4 loop artifact retired; not read by Quarto after closure,paper4_deep_cleanup_manifest_2026-05-18.csv; Paper 4 Quarto chapters; v467-v478 curated export artifacts
scripts/papers/build_paper4_v142_post_repair_one_swap_reprice.py,builder_py,142,delete,generated Paper 4 loop artifact retired; not read by Quarto after closure,paper4_deep_cleanup_manifest_2026-05-18.csv; Paper 4 Quarto chapters; v467-v478 curated export artifacts
scripts/papers/build_paper4_v143_next_one_swap_repair.py,builder_py,143,delete,generated Paper 4 loop artifact retired; not read by Quarto after closure,paper4_deep_cleanup_manifest_2026-05-18.csv; Paper 4 Quarto chapters; v467-v478 curated export artifacts
scripts/papers/build_paper4_v144_post_repair_one_swap_reprice.py,builder_py,144,delete,generated Paper 4 loop artifact retired; not read by Quarto after closure,paper4_deep_cleanup_manifest_2026-05-18.csv; Paper 4 Quarto chapters; v467-v478 curated export artifacts
scripts/papers/build_paper4_v145_next_one_swap_repair.py,builder_py,145,delete,generated Paper 4 loop artifact retired; not read by Quarto after closure,paper4_deep_cleanup_manifest_2026-05-18.csv; Paper 4 Quarto chapters; v467-v478 curated export artifacts
scripts/papers/build_paper4_v146_post_repair_one_swap_reprice.py,builder_py,146,delete,generated Paper 4 loop artifact retired; not read by Quarto after closure,paper4_deep_cleanup_manifest_2026-05-18.csv; Paper 4 Quarto chapters; v467-v478 curated export artifacts
scripts/papers/build_paper4_v147_next_one_swap_repair.py,builder_py,147,delete,generated Paper 4 loop artifact retired; not read by Quarto after closure,paper4_deep_cleanup_manifest_2026-05-18.csv; Paper 4 Quarto chapters; v467-v478 curated export artifacts
scripts/papers/build_paper4_v148_post_repair_one_swap_reprice.py,builder_py,148,delete,generated Paper 4 loop artifact retired; not read by Quarto after closure,paper4_deep_cleanup_manifest_2026-05-18.csv; Paper 4 Quarto chapters; v467-v478 curated export artifacts
scripts/papers/build_paper4_v149_next_one_swap_repair.py,builder_py,149,delete,generated Paper 4 loop artifact retired; not read by Quarto after closure,paper4_deep_cleanup_manifest_2026-05-18.csv; Paper 4 Quarto chapters; v467-v478 curated export artifacts
scripts/papers/build_paper4_v150_post_repair_one_swap_reprice.py,builder_py,150,delete,generated Paper 4 loop artifact retired; not read by Quarto after closure,paper4_deep_cleanup_manifest_2026-05-18.csv; Paper 4 Quarto chapters; v467-v478 curated export artifacts
scripts/papers/build_paper4_v151_next_one_swap_repair.py,builder_py,151,delete,generated Paper 4 loop artifact retired; not read by Quarto after closure,paper4_deep_cleanup_manifest_2026-05-18.csv; Paper 4 Quarto chapters; v467-v478 curated export artifacts
scripts/papers/build_paper4_v152_post_repair_one_swap_reprice.py,builder_py,152,delete,generated Paper 4 loop artifact retired; not read by Quarto after closure,paper4_deep_cleanup_manifest_2026-05-18.csv; Paper 4 Quarto chapters; v467-v478 curated export artifacts
scripts/papers/build_paper4_v153_next_one_swap_repair.py,builder_py,153,delete,generated Paper 4 loop artifact retired; not read by Quarto after closure,paper4_deep_cleanup_manifest_2026-05-18.csv; Paper 4 Quarto chapters; v467-v478 curated export artifacts
scripts/papers/build_paper4_v154_post_repair_one_swap_reprice.py,builder_py,154,delete,generated Paper 4 loop artifact retired; not read by Quarto after closure,paper4_deep_cleanup_manifest_2026-05-18.csv; Paper 4 Quarto chapters; v467-v478 curated export artifacts
scripts/papers/build_paper4_v155_next_one_swap_repair.py,builder_py,155,delete,generated Paper 4 loop artifact retired; not read by Quarto after closure,paper4_deep_cleanup_manifest_2026-05-18.csv; Paper 4 Quarto chapters; v467-v478 curated export artifacts
scripts/papers/build_paper4_v156_post_repair_one_swap_reprice.py,builder_py,156,delete,generated Paper 4 loop artifact retired; not read by Quarto after closure,paper4_deep_cleanup_manifest_2026-05-18.csv; Paper 4 Quarto chapters; v467-v478 curated export artifacts
scripts/papers/build_paper4_v157_next_one_swap_repair.py,builder_py,157,delete,generated Paper 4 loop artifact retired; not read by Quarto after closure,paper4_deep_cleanup_manifest_2026-05-18.csv; Paper 4 Quarto chapters; v467-v478 curated export artifacts
scripts/papers/build_paper4_v158_post_repair_one_swap_reprice.py,builder_py,158,delete,generated Paper 4 loop artifact retired; not read by Quarto after closure,paper4_deep_cleanup_manifest_2026-05-18.csv; Paper 4 Quarto chapters; v467-v478 curated export artifacts
scripts/papers/build_paper4_v159_next_one_swap_repair.py,builder_py,159,delete,generated Paper 4 loop artifact retired; not read by Quarto after closure,paper4_deep_cleanup_manifest_2026-05-18.csv; Paper 4 Quarto chapters; v467-v478 curated export artifacts
scripts/papers/build_paper4_v160_post_repair_one_swap_reprice.py,builder_py,160,delete,generated Paper 4 loop artifact retired; not read by Quarto after closure,paper4_deep_cleanup_manifest_2026-05-18.csv; Paper 4 Quarto chapters; v467-v478 curated export artifacts
scripts/papers/build_paper4_v161_next_one_swap_repair.py,builder_py,161,delete,generated Paper 4 loop artifact retired; not read by Quarto after closure,paper4_deep_cleanup_manifest_2026-05-18.csv; Paper 4 Quarto chapters; v467-v478 curated export artifacts
scripts/papers/build_paper4_v162_post_repair_one_swap_reprice.py,builder_py,162,delete,generated Paper 4 loop artifact retired; not read by Quarto after closure,paper4_deep_cleanup_manifest_2026-05-18.csv; Paper 4 Quarto chapters; v467-v478 curated export artifacts
scripts/papers/build_paper4_v163_next_one_swap_repair.py,builder_py,163,delete,generated Paper 4 loop artifact retired; not read by Quarto after closure,paper4_deep_cleanup_manifest_2026-05-18.csv; Paper 4 Quarto chapters; v467-v478 curated export artifacts
scripts/papers/build_paper4_v164_post_repair_one_swap_reprice.py,builder_py,164,delete,generated Paper 4 loop artifact retired; not read by Quarto after closure,paper4_deep_cleanup_manifest_2026-05-18.csv; Paper 4 Quarto chapters; v467-v478 curated export artifacts
scripts/papers/build_paper4_v165_next_one_swap_repair.py,builder_py,165,delete,generated Paper 4 loop artifact retired; not read by Quarto after closure,paper4_deep_cleanup_manifest_2026-05-18.csv; Paper 4 Quarto chapters; v467-v478 curated export artifacts
scripts/papers/build_paper4_v166_post_repair_one_swap_reprice.py,builder_py,166,delete,generated Paper 4 loop artifact retired; not read by Quarto after closure,paper4_deep_cleanup_manifest_2026-05-18.csv; Paper 4 Quarto chapters; v467-v478 curated export artifacts
scripts/papers/build_paper4_v167_next_one_swap_repair.py,builder_py,167,delete,generated Paper 4 loop artifact retired; not read by Quarto after closure,paper4_deep_cleanup_manifest_2026-05-18.csv; Paper 4 Quarto chapters; v467-v478 curated export artifacts
scripts/papers/build_paper4_v168_post_repair_one_swap_reprice.py,builder_py,168,delete,generated Paper 4 loop artifact retired; not read by Quarto after closure,paper4_deep_cleanup_manifest_2026-05-18.csv; Paper 4 Quarto chapters; v467-v478 curated export artifacts
scripts/papers/build_paper4_v169_next_one_swap_repair.py,builder_py,169,delete,generated Paper 4 loop artifact retired; not read by Quarto after closure,paper4_deep_cleanup_manifest_2026-05-18.csv; Paper 4 Quarto chapters; v467-v478 curated export artifacts
scripts/papers/build_paper4_v170_post_repair_one_swap_reprice.py,builder_py,170,delete,generated Paper 4 loop artifact retired; not read by Quarto after closure,paper4_deep_cleanup_manifest_2026-05-18.csv; Paper 4 Quarto chapters; v467-v478 curated export artifacts
scripts/papers/build_paper4_v171_next_one_swap_repair.py,builder_py,171,delete,generated Paper 4 loop artifact retired; not read by Quarto after closure,paper4_deep_cleanup_manifest_2026-05-18.csv; Paper 4 Quarto chapters; v467-v478 curated export artifacts
scripts/papers/build_paper4_v172_post_repair_one_swap_reprice.py,builder_py,172,delete,generated Paper 4 loop artifact retired; not read by Quarto after closure,paper4_deep_cleanup_manifest_2026-05-18.csv; Paper 4 Quarto chapters; v467-v478 curated export artifacts
scripts/papers/build_paper4_v173_next_one_swap_repair.py,builder_py,173,delete,generated Paper 4 loop artifact retired; not read by Quarto after closure,paper4_deep_cleanup_manifest_2026-05-18.csv; Paper 4 Quarto chapters; v467-v478 curated export artifacts
scripts/papers/build_paper4_v174_post_repair_one_swap_reprice.py,builder_py,174,delete,generated Paper 4 loop artifact retired; not read by Quarto after closure,paper4_deep_cleanup_manifest_2026-05-18.csv; Paper 4 Quarto chapters; v467-v478 curated export artifacts
scripts/papers/build_paper4_v175_next_one_swap_repair.py,builder_py,175,delete,generated Paper 4 loop artifact retired; not read by Quarto after closure,paper4_deep_cleanup_manifest_2026-05-18.csv; Paper 4 Quarto chapters; v467-v478 curated export artifacts
scripts/papers/build_paper4_v176_post_repair_one_swap_reprice.py,builder_py,176,delete,generated Paper 4 loop artifact retired; not read by Quarto after closure,paper4_deep_cleanup_manifest_2026-05-18.csv; Paper 4 Quarto chapters; v467-v478 curated export artifacts
scripts/papers/build_paper4_v177_next_one_swap_repair.py,builder_py,177,delete,generated Paper 4 loop artifact retired; not read by Quarto after closure,paper4_deep_cleanup_manifest_2026-05-18.csv; Paper 4 Quarto chapters; v467-v478 curated export artifacts
scripts/papers/build_paper4_v178_post_repair_one_swap_reprice.py,builder_py,178,delete,generated Paper 4 loop artifact retired; not read by Quarto after closure,paper4_deep_cleanup_manifest_2026-05-18.csv; Paper 4 Quarto chapters; v467-v478 curated export artifacts
scripts/papers/build_paper4_v179_next_one_swap_repair.py,builder_py,179,delete,generated Paper 4 loop artifact retired; not read by Quarto after closure,paper4_deep_cleanup_manifest_2026-05-18.csv; Paper 4 Quarto chapters; v467-v478 curated export artifacts
scripts/papers/build_paper4_v180_post_repair_one_swap_reprice.py,builder_py,180,delete,generated Paper 4 loop artifact retired; not read by Quarto after closure,paper4_deep_cleanup_manifest_2026-05-18.csv; Paper 4 Quarto chapters; v467-v478 curated export artifacts
scripts/papers/build_paper4_v181_next_one_swap_repair.py,builder_py,181,delete,generated Paper 4 loop artifact retired; not read by Quarto after closure,paper4_deep_cleanup_manifest_2026-05-18.csv; Paper 4 Quarto chapters; v467-v478 curated export artifacts
scripts/papers/build_paper4_v182_post_repair_one_swap_reprice.py,builder_py,182,delete,generated Paper 4 loop artifact retired; not read by Quarto after closure,paper4_deep_cleanup_manifest_2026-05-18.csv; Paper 4 Quarto chapters; v467-v478 curated export artifacts
scripts/papers/build_paper4_v183_next_one_swap_repair.py,builder_py,183,delete,generated Paper 4 loop artifact retired; not read by Quarto after closure,paper4_deep_cleanup_manifest_2026-05-18.csv; Paper 4 Quarto chapters; v467-v478 curated export artifacts
scripts/papers/build_paper4_v184_post_repair_one_swap_reprice.py,builder_py,184,delete,generated Paper 4 loop artifact retired; not read by Quarto after closure,paper4_deep_cleanup_manifest_2026-05-18.csv; Paper 4 Quarto chapters; v467-v478 curated export artifacts
scripts/papers/build_paper4_v185_next_one_swap_repair.py,builder_py,185,delete,generated Paper 4 loop artifact retired; not read by Quarto after closure,paper4_deep_cleanup_manifest_2026-05-18.csv; Paper 4 Quarto chapters; v467-v478 curated export artifacts
scripts/papers/build_paper4_v186_post_repair_one_swap_reprice.py,builder_py,186,delete,generated Paper 4 loop artifact retired; not read by Quarto after closure,paper4_deep_cleanup_manifest_2026-05-18.csv; Paper 4 Quarto chapters; v467-v478 curated export artifacts
scripts/papers/build_paper4_v187_next_one_swap_repair.py,builder_py,187,delete,generated Paper 4 loop artifact retired; not read by Quarto after closure,paper4_deep_cleanup_manifest_2026-05-18.csv; Paper 4 Quarto chapters; v467-v478 curated export artifacts
scripts/papers/build_paper4_v188_post_repair_one_swap_reprice.py,builder_py,188,delete,generated Paper 4 loop artifact retired; not read by Quarto after closure,paper4_deep_cleanup_manifest_2026-05-18.csv; Paper 4 Quarto chapters; v467-v478 curated export artifacts
scripts/papers/build_paper4_v189_next_one_swap_repair.py,builder_py,189,delete,generated Paper 4 loop artifact retired; not read by Quarto after closure,paper4_deep_cleanup_manifest_2026-05-18.csv; Paper 4 Quarto chapters; v467-v478 curated export artifacts
scripts/papers/build_paper4_v190_post_repair_one_swap_reprice.py,builder_py,190,delete,generated Paper 4 loop artifact retired; not read by Quarto after closure,paper4_deep_cleanup_manifest_2026-05-18.csv; Paper 4 Quarto chapters; v467-v478 curated export artifacts
scripts/papers/build_paper4_v191_next_one_swap_repair.py,builder_py,191,delete,generated Paper 4 loop artifact retired; not read by Quarto after closure,paper4_deep_cleanup_manifest_2026-05-18.csv; Paper 4 Quarto chapters; v467-v478 curated export artifacts
scripts/papers/build_paper4_v192_post_repair_one_swap_reprice.py,builder_py,192,delete,generated Paper 4 loop artifact retired; not read by Quarto after closure,paper4_deep_cleanup_manifest_2026-05-18.csv; Paper 4 Quarto chapters; v467-v478 curated export artifacts
scripts/papers/build_paper4_v193_next_one_swap_repair.py,builder_py,193,delete,generated Paper 4 loop artifact retired; not read by Quarto after closure,paper4_deep_cleanup_manifest_2026-05-18.csv; Paper 4 Quarto chapters; v467-v478 curated export artifacts
scripts/papers/build_paper4_v194_post_repair_one_swap_reprice.py,builder_py,194,delete,generated Paper 4 loop artifact retired; not read by Quarto after closure,paper4_deep_cleanup_manifest_2026-05-18.csv; Paper 4 Quarto chapters; v467-v478 curated export artifacts
scripts/papers/build_paper4_v195_next_one_swap_repair.py,builder_py,195,delete,generated Paper 4 loop artifact retired; not read by Quarto after closure,paper4_deep_cleanup_manifest_2026-05-18.csv; Paper 4 Quarto chapters; v467-v478 curated export artifacts
scripts/papers/build_paper4_v196_post_repair_one_swap_reprice.py,builder_py,196,delete,generated Paper 4 loop artifact retired; not read by Quarto after closure,paper4_deep_cleanup_manifest_2026-05-18.csv; Paper 4 Quarto chapters; v467-v478 curated export artifacts
scripts/papers/build_paper4_v197_next_one_swap_repair.py,builder_py,197,delete,generated Paper 4 loop artifact retired; not read by Quarto after closure,paper4_deep_cleanup_manifest_2026-05-18.csv; Paper 4 Quarto chapters; v467-v478 curated export artifacts
scripts/papers/build_paper4_v198_post_repair_one_swap_reprice.py,builder_py,198,delete,generated Paper 4 loop artifact retired; not read by Quarto after closure,paper4_deep_cleanup_manifest_2026-05-18.csv; Paper 4 Quarto chapters; v467-v478 curated export artifacts
scripts/papers/build_paper4_v199_next_one_swap_repair.py,builder_py,199,delete,generated Paper 4 loop artifact retired; not read by Quarto after closure,paper4_deep_cleanup_manifest_2026-05-18.csv; Paper 4 Quarto chapters; v467-v478 curated export artifacts
scripts/papers/build_paper4_v200_post_repair_one_swap_reprice.py,builder_py,200,delete,generated Paper 4 loop artifact retired; not read by Quarto after closure,paper4_deep_cleanup_manifest_2026-05-18.csv; Paper 4 Quarto chapters; v467-v478 curated export artifacts
scripts/papers/build_paper4_v201_next_one_swap_repair.py,builder_py,201,delete,generated Paper 4 loop artifact retired; not read by Quarto after closure,paper4_deep_cleanup_manifest_2026-05-18.csv; Paper 4 Quarto chapters; v467-v478 curated export artifacts
scripts/papers/build_paper4_v202_post_repair_one_swap_reprice.py,builder_py,202,delete,generated Paper 4 loop artifact retired; not read by Quarto after closure,paper4_deep_cleanup_manifest_2026-05-18.csv; Paper 4 Quarto chapters; v467-v478 curated export artifacts
scripts/papers/build_paper4_v203_next_one_swap_repair.py,builder_py,203,delete,generated Paper 4 loop artifact retired; not read by Quarto after closure,paper4_deep_cleanup_manifest_2026-05-18.csv; Paper 4 Quarto chapters; v467-v478 curated export artifacts
scripts/papers/build_paper4_v204_post_repair_one_swap_reprice.py,builder_py,204,delete,generated Paper 4 loop artifact retired; not read by Quarto after closure,paper4_deep_cleanup_manifest_2026-05-18.csv; Paper 4 Quarto chapters; v467-v478 curated export artifacts
scripts/papers/build_paper4_v205_next_one_swap_repair.py,builder_py,205,delete,generated Paper 4 loop artifact retired; not read by Quarto after closure,paper4_deep_cleanup_manifest_2026-05-18.csv; Paper 4 Quarto chapters; v467-v478 curated export artifacts
scripts/papers/build_paper4_v206_post_repair_one_swap_reprice.py,builder_py,206,delete,generated Paper 4 loop artifact retired; not read by Quarto after closure,paper4_deep_cleanup_manifest_2026-05-18.csv; Paper 4 Quarto chapters; v467-v478 curated export artifacts
scripts/papers/build_paper4_v207_next_one_swap_repair.py,builder_py,207,delete,generated Paper 4 loop artifact retired; not read by Quarto after closure,paper4_deep_cleanup_manifest_2026-05-18.csv; Paper 4 Quarto chapters; v467-v478 curated export artifacts
scripts/papers/build_paper4_v208_post_repair_one_swap_reprice.py,builder_py,208,delete,generated Paper 4 loop artifact retired; not read by Quarto after closure,paper4_deep_cleanup_manifest_2026-05-18.csv; Paper 4 Quarto chapters; v467-v478 curated export artifacts
scripts/papers/build_paper4_v209_next_one_swap_repair.py,builder_py,209,delete,generated Paper 4 loop artifact retired; not read by Quarto after closure,paper4_deep_cleanup_manifest_2026-05-18.csv; Paper 4 Quarto chapters; v467-v478 curated export artifacts
scripts/papers/build_paper4_v210_post_repair_one_swap_reprice.py,builder_py,210,delete,generated Paper 4 loop artifact retired; not read by Quarto after closure,paper4_deep_cleanup_manifest_2026-05-18.csv; Paper 4 Quarto chapters; v467-v478 curated export artifacts
scripts/papers/build_paper4_v211_next_one_swap_repair.py,builder_py,211,delete,generated Paper 4 loop artifact retired; not read by Quarto after closure,paper4_deep_cleanup_manifest_2026-05-18.csv; Paper 4 Quarto chapters; v467-v478 curated export artifacts
scripts/papers/build_paper4_v212_post_repair_one_swap_reprice.py,builder_py,212,delete,generated Paper 4 loop artifact retired; not read by Quarto after closure,paper4_deep_cleanup_manifest_2026-05-18.csv; Paper 4 Quarto chapters; v467-v478 curated export artifacts
scripts/papers/build_paper4_v213_next_one_swap_repair.py,builder_py,213,delete,generated Paper 4 loop artifact retired; not read by Quarto after closure,paper4_deep_cleanup_manifest_2026-05-18.csv; Paper 4 Quarto chapters; v467-v478 curated export artifacts
scripts/papers/build_paper4_v214_post_repair_one_swap_reprice.py,builder_py,214,delete,generated Paper 4 loop artifact retired; not read by Quarto after closure,paper4_deep_cleanup_manifest_2026-05-18.csv; Paper 4 Quarto chapters; v467-v478 curated export artifacts
scripts/papers/build_paper4_v215_next_one_swap_repair.py,builder_py,215,delete,generated Paper 4 loop artifact retired; not read by Quarto after closure,paper4_deep_cleanup_manifest_2026-05-18.csv; Paper 4 Quarto chapters; v467-v478 curated export artifacts
scripts/papers/build_paper4_v216_post_repair_one_swap_reprice.py,builder_py,216,delete,generated Paper 4 loop artifact retired; not read by Quarto after closure,paper4_deep_cleanup_manifest_2026-05-18.csv; Paper 4 Quarto chapters; v467-v478 curated export artifacts
scripts/papers/build_paper4_v217_next_one_swap_repair.py,builder_py,217,delete,generated Paper 4 loop artifact retired; not read by Quarto after closure,paper4_deep_cleanup_manifest_2026-05-18.csv; Paper 4 Quarto chapters; v467-v478 curated export artifacts
scripts/papers/build_paper4_v218_post_repair_one_swap_reprice.py,builder_py,218,delete,generated Paper 4 loop artifact retired; not read by Quarto after closure,paper4_deep_cleanup_manifest_2026-05-18.csv; Paper 4 Quarto chapters; v467-v478 curated export artifacts
scripts/papers/build_paper4_v219_next_one_swap_repair.py,builder_py,219,delete,generated Paper 4 loop artifact retired; not read by Quarto after closure,paper4_deep_cleanup_manifest_2026-05-18.csv; Paper 4 Quarto chapters; v467-v478 curated export artifacts
scripts/papers/build_paper4_v220_post_repair_one_swap_reprice.py,builder_py,220,delete,generated Paper 4 loop artifact retired; not read by Quarto after closure,paper4_deep_cleanup_manifest_2026-05-18.csv; Paper 4 Quarto chapters; v467-v478 curated export artifacts
scripts/papers/build_paper4_v221_next_one_swap_repair.py,builder_py,221,delete,generated Paper 4 loop artifact retired; not read by Quarto after closure,paper4_deep_cleanup_manifest_2026-05-18.csv; Paper 4 Quarto chapters; v467-v478 curated export artifacts
scripts/papers/build_paper4_v222_post_repair_one_swap_reprice.py,builder_py,222,delete,generated Paper 4 loop artifact retired; not read by Quarto after closure,paper4_deep_cleanup_manifest_2026-05-18.csv; Paper 4 Quarto chapters; v467-v478 curated export artifacts
scripts/papers/build_paper4_v223_next_one_swap_repair.py,builder_py,223,delete,generated Paper 4 loop artifact retired; not read by Quarto after closure,paper4_deep_cleanup_manifest_2026-05-18.csv; Paper 4 Quarto chapters; v467-v478 curated export artifacts
scripts/papers/build_paper4_v224_post_repair_one_swap_reprice.py,builder_py,224,delete,generated Paper 4 loop artifact retired; not read by Quarto after closure,paper4_deep_cleanup_manifest_2026-05-18.csv; Paper 4 Quarto chapters; v467-v478 curated export artifacts
scripts/papers/build_paper4_v225_next_one_swap_repair.py,builder_py,225,delete,generated Paper 4 loop artifact retired; not read by Quarto after closure,paper4_deep_cleanup_manifest_2026-05-18.csv; Paper 4 Quarto chapters; v467-v478 curated export artifacts
scripts/papers/build_paper4_v226_post_repair_one_swap_reprice.py,builder_py,226,delete,generated Paper 4 loop artifact retired; not read by Quarto after closure,paper4_deep_cleanup_manifest_2026-05-18.csv; Paper 4 Quarto chapters; v467-v478 curated export artifacts
scripts/papers/build_paper4_v227_next_one_swap_repair.py,builder_py,227,delete,generated Paper 4 loop artifact retired; not read by Quarto after closure,paper4_deep_cleanup_manifest_2026-05-18.csv; Paper 4 Quarto chapters; v467-v478 curated export artifacts
scripts/papers/build_paper4_v228_post_repair_one_swap_reprice.py,builder_py,228,delete,generated Paper 4 loop artifact retired; not read by Quarto after closure,paper4_deep_cleanup_manifest_2026-05-18.csv; Paper 4 Quarto chapters; v467-v478 curated export artifacts
scripts/papers/build_paper4_v229_next_one_swap_repair.py,builder_py,229,delete,generated Paper 4 loop artifact retired; not read by Quarto after closure,paper4_deep_cleanup_manifest_2026-05-18.csv; Paper 4 Quarto chapters; v467-v478 curated export artifacts
scripts/papers/build_paper4_v230_post_repair_one_swap_reprice.py,builder_py,230,delete,generated Paper 4 loop artifact retired; not read by Quarto after closure,paper4_deep_cleanup_manifest_2026-05-18.csv; Paper 4 Quarto chapters; v467-v478 curated export artifacts
scripts/papers/build_paper4_v231_next_one_swap_repair.py,builder_py,231,delete,generated Paper 4 loop artifact retired; not read by Quarto after closure,paper4_deep_cleanup_manifest_2026-05-18.csv; Paper 4 Quarto chapters; v467-v478 curated export artifacts
scripts/papers/build_paper4_v232_post_repair_one_swap_reprice.py,builder_py,232,delete,generated Paper 4 loop artifact retired; not read by Quarto after closure,paper4_deep_cleanup_manifest_2026-05-18.csv; Paper 4 Quarto chapters; v467-v478 curated export artifacts
scripts/papers/build_paper4_v233_next_one_swap_repair.py,builder_py,233,delete,generated Paper 4 loop artifact retired; not read by Quarto after closure,paper4_deep_cleanup_manifest_2026-05-18.csv; Paper 4 Quarto chapters; v467-v478 curated export artifacts
scripts/papers/build_paper4_v234_post_repair_one_swap_reprice.py,builder_py,234,delete,generated Paper 4 loop artifact retired; not read by Quarto after closure,paper4_deep_cleanup_manifest_2026-05-18.csv; Paper 4 Quarto chapters; v467-v478 curated export artifacts
scripts/papers/build_paper4_v235_next_one_swap_repair.py,builder_py,235,delete,generated Paper 4 loop artifact retired; not read by Quarto after closure,paper4_deep_cleanup_manifest_2026-05-18.csv; Paper 4 Quarto chapters; v467-v478 curated export artifacts
scripts/papers/build_paper4_v236_post_repair_one_swap_reprice.py,builder_py,236,delete,generated Paper 4 loop artifact retired; not read by Quarto after closure,paper4_deep_cleanup_manifest_2026-05-18.csv; Paper 4 Quarto chapters; v467-v478 curated export artifacts
scripts/papers/build_paper4_v237_next_one_swap_repair.py,builder_py,237,delete,generated Paper 4 loop artifact retired; not read by Quarto after closure,paper4_deep_cleanup_manifest_2026-05-18.csv; Paper 4 Quarto chapters; v467-v478 curated export artifacts
scripts/papers/build_paper4_v238_post_repair_one_swap_reprice.py,builder_py,238,delete,generated Paper 4 loop artifact retired; not read by Quarto after closure,paper4_deep_cleanup_manifest_2026-05-18.csv; Paper 4 Quarto chapters; v467-v478 curated export artifacts
scripts/papers/build_paper4_v239_next_one_swap_repair.py,builder_py,239,delete,generated Paper 4 loop artifact retired; not read by Quarto after closure,paper4_deep_cleanup_manifest_2026-05-18.csv; Paper 4 Quarto chapters; v467-v478 curated export artifacts
scripts/papers/build_paper4_v240_post_repair_one_swap_reprice.py,builder_py,240,delete,generated Paper 4 loop artifact retired; not read by Quarto after closure,paper4_deep_cleanup_manifest_2026-05-18.csv; Paper 4 Quarto chapters; v467-v478 curated export artifacts
scripts/papers/build_paper4_v241_next_one_swap_repair.py,builder_py,241,delete,generated Paper 4 loop artifact retired; not read by Quarto after closure,paper4_deep_cleanup_manifest_2026-05-18.csv; Paper 4 Quarto chapters; v467-v478 curated export artifacts
scripts/papers/build_paper4_v242_post_repair_one_swap_reprice.py,builder_py,242,delete,generated Paper 4 loop artifact retired; not read by Quarto after closure,paper4_deep_cleanup_manifest_2026-05-18.csv; Paper 4 Quarto chapters; v467-v478 curated export artifacts
scripts/papers/build_paper4_v243_next_one_swap_repair.py,builder_py,243,delete,generated Paper 4 loop artifact retired; not read by Quarto after closure,paper4_deep_cleanup_manifest_2026-05-18.csv; Paper 4 Quarto chapters; v467-v478 curated export artifacts
scripts/papers/build_paper4_v244_post_repair_one_swap_reprice.py,builder_py,244,delete,generated Paper 4 loop artifact retired; not read by Quarto after closure,paper4_deep_cleanup_manifest_2026-05-18.csv; Paper 4 Quarto chapters; v467-v478 curated export artifacts
scripts/papers/build_paper4_v245_next_one_swap_repair.py,builder_py,245,delete,generated Paper 4 loop artifact retired; not read by Quarto after closure,paper4_deep_cleanup_manifest_2026-05-18.csv; Paper 4 Quarto chapters; v467-v478 curated export artifacts
scripts/papers/build_paper4_v246_post_repair_one_swap_reprice.py,builder_py,246,delete,generated Paper 4 loop artifact retired; not read by Quarto after closure,paper4_deep_cleanup_manifest_2026-05-18.csv; Paper 4 Quarto chapters; v467-v478 curated export artifacts
scripts/papers/build_paper4_v247_one_swap_loop_synthesis.py,builder_py,247,delete,generated Paper 4 loop artifact retired; not read by Quarto after closure,paper4_deep_cleanup_manifest_2026-05-18.csv; Paper 4 Quarto chapters; v467-v478 curated export artifacts
scripts/papers/build_paper4_v248_bounded_two_swap_probe.py,builder_py,248,delete,generated Paper 4 loop artifact retired; not read by Quarto after closure,paper4_deep_cleanup_manifest_2026-05-18.csv; Paper 4 Quarto chapters; v467-v478 curated export artifacts
scripts/papers/build_paper4_v249_bounded_two_swap_repair.py,builder_py,249,delete,generated Paper 4 loop artifact retired; not read by Quarto after closure,paper4_deep_cleanup_manifest_2026-05-18.csv; Paper 4 Quarto chapters; v467-v478 curated export artifacts
scripts/papers/build_paper4_v250_post_bounded_two_swap_reprice.py,builder_py,250,delete,generated Paper 4 loop artifact retired; not read by Quarto after closure,paper4_deep_cleanup_manifest_2026-05-18.csv; Paper 4 Quarto chapters; v467-v478 curated export artifacts
scripts/papers/build_paper4_v251_next_one_swap_after_two_swap_repair.py,builder_py,251,delete,generated Paper 4 loop artifact retired; not read by Quarto after closure,paper4_deep_cleanup_manifest_2026-05-18.csv; Paper 4 Quarto chapters; v467-v478 curated export artifacts
scripts/papers/build_paper4_v252_post_repair_one_swap_reprice.py,builder_py,252,delete,generated Paper 4 loop artifact retired; not read by Quarto after closure,paper4_deep_cleanup_manifest_2026-05-18.csv; Paper 4 Quarto chapters; v467-v478 curated export artifacts
scripts/papers/build_paper4_v253_next_one_swap_repair.py,builder_py,253,delete,generated Paper 4 loop artifact retired; not read by Quarto after closure,paper4_deep_cleanup_manifest_2026-05-18.csv; Paper 4 Quarto chapters; v467-v478 curated export artifacts
scripts/papers/build_paper4_v254_post_repair_one_swap_reprice.py,builder_py,254,delete,generated Paper 4 loop artifact retired; not read by Quarto after closure,paper4_deep_cleanup_manifest_2026-05-18.csv; Paper 4 Quarto chapters; v467-v478 curated export artifacts
scripts/papers/build_paper4_v255_next_one_swap_repair.py,builder_py,255,delete,generated Paper 4 loop artifact retired; not read by Quarto after closure,paper4_deep_cleanup_manifest_2026-05-18.csv; Paper 4 Quarto chapters; v467-v478 curated export artifacts
scripts/papers/build_paper4_v256_post_repair_one_swap_reprice.py,builder_py,256,delete,generated Paper 4 loop artifact retired; not read by Quarto after closure,paper4_deep_cleanup_manifest_2026-05-18.csv; Paper 4 Quarto chapters; v467-v478 curated export artifacts
scripts/papers/build_paper4_v257_bounded_two_swap_probe.py,builder_py,257,delete,generated Paper 4 loop artifact retired; not read by Quarto after closure,paper4_deep_cleanup_manifest_2026-05-18.csv; Paper 4 Quarto chapters; v467-v478 curated export artifacts
scripts/papers/build_paper4_v258_bounded_two_swap_repair.py,builder_py,258,delete,generated Paper 4 loop artifact retired; not read by Quarto after closure,paper4_deep_cleanup_manifest_2026-05-18.csv; Paper 4 Quarto chapters; v467-v478 curated export artifacts
scripts/papers/build_paper4_v259_post_bounded_two_swap_reprice.py,builder_py,259,delete,generated Paper 4 loop artifact retired; not read by Quarto after closure,paper4_deep_cleanup_manifest_2026-05-18.csv; Paper 4 Quarto chapters; v467-v478 curated export artifacts
scripts/papers/build_paper4_v260_next_one_swap_after_bounded_two_swap_repair.py,builder_py,260,delete,generated Paper 4 loop artifact retired; not read by Quarto after closure,paper4_deep_cleanup_manifest_2026-05-18.csv; Paper 4 Quarto chapters; v467-v478 curated export artifacts
scripts/papers/build_paper4_v261_post_repair_one_swap_reprice.py,builder_py,261,delete,generated Paper 4 loop artifact retired; not read by Quarto after closure,paper4_deep_cleanup_manifest_2026-05-18.csv; Paper 4 Quarto chapters; v467-v478 curated export artifacts
scripts/papers/build_paper4_v262_bounded_two_swap_probe.py,builder_py,262,delete,generated Paper 4 loop artifact retired; not read by Quarto after closure,paper4_deep_cleanup_manifest_2026-05-18.csv; Paper 4 Quarto chapters; v467-v478 curated export artifacts
scripts/papers/build_paper4_v263_bounded_two_swap_repair.py,builder_py,263,delete,generated Paper 4 loop artifact retired; not read by Quarto after closure,paper4_deep_cleanup_manifest_2026-05-18.csv; Paper 4 Quarto chapters; v467-v478 curated export artifacts
scripts/papers/build_paper4_v264_post_bounded_two_swap_reprice.py,builder_py,264,delete,generated Paper 4 loop artifact retired; not read by Quarto after closure,paper4_deep_cleanup_manifest_2026-05-18.csv; Paper 4 Quarto chapters; v467-v478 curated export artifacts
scripts/papers/build_paper4_v265_bounded_two_swap_probe.py,builder_py,265,delete,generated Paper 4 loop artifact retired; not read by Quarto after closure,paper4_deep_cleanup_manifest_2026-05-18.csv; Paper 4 Quarto chapters; v467-v478 curated export artifacts
scripts/papers/build_paper4_v266_bounded_two_swap_repair.py,builder_py,266,delete,generated Paper 4 loop artifact retired; not read by Quarto after closure,paper4_deep_cleanup_manifest_2026-05-18.csv; Paper 4 Quarto chapters; v467-v478 curated export artifacts
scripts/papers/build_paper4_v267_post_bounded_two_swap_reprice.py,builder_py,267,delete,generated Paper 4 loop artifact retired; not read by Quarto after closure,paper4_deep_cleanup_manifest_2026-05-18.csv; Paper 4 Quarto chapters; v467-v478 curated export artifacts
scripts/papers/build_paper4_v268_bounded_two_swap_probe.py,builder_py,268,delete,generated Paper 4 loop artifact retired; not read by Quarto after closure,paper4_deep_cleanup_manifest_2026-05-18.csv; Paper 4 Quarto chapters; v467-v478 curated export artifacts
scripts/papers/build_paper4_v269_restricted_pool_milp_gap_probe.py,builder_py,269,delete,generated Paper 4 loop artifact retired; not read by Quarto after closure,paper4_deep_cleanup_manifest_2026-05-18.csv; Paper 4 Quarto chapters; v467-v478 curated export artifacts
scripts/papers/build_paper4_v270_apply_restricted_pool_milp_candidate.py,builder_py,270,delete,generated Paper 4 loop artifact retired; not read by Quarto after closure,paper4_deep_cleanup_manifest_2026-05-18.csv; Paper 4 Quarto chapters; v467-v478 curated export artifacts
scripts/papers/build_paper4_v271_post_restricted_pool_milp_reprice.py,builder_py,271,delete,generated Paper 4 loop artifact retired; not read by Quarto after closure,paper4_deep_cleanup_manifest_2026-05-18.csv; Paper 4 Quarto chapters; v467-v478 curated export artifacts
scripts/papers/build_paper4_v272_expanded_restricted_pool_milp_gap_probe.py,builder_py,272,delete,generated Paper 4 loop artifact retired; not read by Quarto after closure,paper4_deep_cleanup_manifest_2026-05-18.csv; Paper 4 Quarto chapters; v467-v478 curated export artifacts
scripts/papers/build_paper4_v273_apply_restricted_pool_milp_candidate.py,builder_py,273,delete,generated Paper 4 loop artifact retired; not read by Quarto after closure,paper4_deep_cleanup_manifest_2026-05-18.csv; Paper 4 Quarto chapters; v467-v478 curated export artifacts
scripts/papers/build_paper4_v274_post_restricted_pool_milp_reprice.py,builder_py,274,delete,generated Paper 4 loop artifact retired; not read by Quarto after closure,paper4_deep_cleanup_manifest_2026-05-18.csv; Paper 4 Quarto chapters; v467-v478 curated export artifacts
scripts/papers/build_paper4_v275_larger_restricted_pool_milp_gap_probe.py,builder_py,275,delete,generated Paper 4 loop artifact retired; not read by Quarto after closure,paper4_deep_cleanup_manifest_2026-05-18.csv; Paper 4 Quarto chapters; v467-v478 curated export artifacts
scripts/papers/build_paper4_v276_apply_restricted_pool_milp_candidate.py,builder_py,276,delete,generated Paper 4 loop artifact retired; not read by Quarto after closure,paper4_deep_cleanup_manifest_2026-05-18.csv; Paper 4 Quarto chapters; v467-v478 curated export artifacts
scripts/papers/build_paper4_v277_post_restricted_pool_milp_reprice.py,builder_py,277,delete,generated Paper 4 loop artifact retired; not read by Quarto after closure,paper4_deep_cleanup_manifest_2026-05-18.csv; Paper 4 Quarto chapters; v467-v478 curated export artifacts
scripts/papers/build_paper4_v278_larger_restricted_pool_milp_gap_probe.py,builder_py,278,delete,generated Paper 4 loop artifact retired; not read by Quarto after closure,paper4_deep_cleanup_manifest_2026-05-18.csv; Paper 4 Quarto chapters; v467-v478 curated export artifacts
scripts/papers/build_paper4_v279_apply_restricted_pool_milp_candidate.py,builder_py,279,delete,generated Paper 4 loop artifact retired; not read by Quarto after closure,paper4_deep_cleanup_manifest_2026-05-18.csv; Paper 4 Quarto chapters; v467-v478 curated export artifacts
scripts/papers/build_paper4_v280_post_restricted_pool_milp_reprice.py,builder_py,280,delete,generated Paper 4 loop artifact retired; not read by Quarto after closure,paper4_deep_cleanup_manifest_2026-05-18.csv; Paper 4 Quarto chapters; v467-v478 curated export artifacts
scripts/papers/build_paper4_v281_larger_restricted_pool_milp_gap_probe.py,builder_py,281,delete,generated Paper 4 loop artifact retired; not read by Quarto after closure,paper4_deep_cleanup_manifest_2026-05-18.csv; Paper 4 Quarto chapters; v467-v478 curated export artifacts
scripts/papers/build_paper4_v282_full_universe_gap_certificate_protocol.py,builder_py,282,delete,generated Paper 4 loop artifact retired; not read by Quarto after closure,paper4_deep_cleanup_manifest_2026-05-18.csv; Paper 4 Quarto chapters; v467-v478 curated export artifacts
scripts/papers/build_paper4_v283_full_universe_integer_bound_probe.py,builder_py,283,delete,generated Paper 4 loop artifact retired; not read by Quarto after closure,paper4_deep_cleanup_manifest_2026-05-18.csv; Paper 4 Quarto chapters; v467-v478 curated export artifacts
scripts/papers/build_paper4_v284_decomposition_or_branch_price_prototype.py,builder_py,284,delete,generated Paper 4 loop artifact retired; not read by Quarto after closure,paper4_deep_cleanup_manifest_2026-05-18.csv; Paper 4 Quarto chapters; v467-v478 curated export artifacts
scripts/papers/build_paper4_v285_source_tight_pricing_screen.py,builder_py,285,delete,generated Paper 4 loop artifact retired; not read by Quarto after closure,paper4_deep_cleanup_manifest_2026-05-18.csv; Paper 4 Quarto chapters; v467-v478 curated export artifacts
scripts/papers/build_paper4_v286_joint_source_relief_pricing_protocol.py,builder_py,286,delete,generated Paper 4 loop artifact retired; not read by Quarto after closure,paper4_deep_cleanup_manifest_2026-05-18.csv; Paper 4 Quarto chapters; v467-v478 curated export artifacts
scripts/papers/build_paper4_v287_multi_add_reinvestment_probe.py,builder_py,287,delete,generated Paper 4 loop artifact retired; not read by Quarto after closure,paper4_deep_cleanup_manifest_2026-05-18.csv; Paper 4 Quarto chapters; v467-v478 curated export artifacts
scripts/papers/build_paper4_v288_exact_relief_rank_expansion.py,builder_py,288,delete,generated Paper 4 loop artifact retired; not read by Quarto after closure,paper4_deep_cleanup_manifest_2026-05-18.csv; Paper 4 Quarto chapters; v467-v478 curated export artifacts
scripts/papers/build_paper4_v289_apply_exact_relief_candidate.py,builder_py,289,delete,generated Paper 4 loop artifact retired; not read by Quarto after closure,paper4_deep_cleanup_manifest_2026-05-18.csv; Paper 4 Quarto chapters; v467-v478 curated export artifacts
scripts/papers/build_paper4_v290_post_exact_relief_reprice.py,builder_py,290,delete,generated Paper 4 loop artifact retired; not read by Quarto after closure,paper4_deep_cleanup_manifest_2026-05-18.csv; Paper 4 Quarto chapters; v467-v478 curated export artifacts
scripts/papers/build_paper4_v291_cardinality_or_multi_swap_protocol.py,builder_py,291,delete,generated Paper 4 loop artifact retired; not read by Quarto after closure,paper4_deep_cleanup_manifest_2026-05-18.csv; Paper 4 Quarto chapters; v467-v478 curated export artifacts
scripts/papers/build_paper4_v292_cardinality_aware_multi_swap_milp_protocol.py,builder_py,292,delete,generated Paper 4 loop artifact retired; not read by Quarto after closure,paper4_deep_cleanup_manifest_2026-05-18.csv; Paper 4 Quarto chapters; v467-v478 curated export artifacts
scripts/papers/build_paper4_v293_diverse_pool_return_gap_probe.py,builder_py,293,delete,generated Paper 4 loop artifact retired; not read by Quarto after closure,paper4_deep_cleanup_manifest_2026-05-18.csv; Paper 4 Quarto chapters; v467-v478 curated export artifacts
scripts/papers/build_paper4_v294_post_v293_diverse_pool_reprice.py,builder_py,294,delete,generated Paper 4 loop artifact retired; not read by Quarto after closure,paper4_deep_cleanup_manifest_2026-05-18.csv; Paper 4 Quarto chapters; v467-v478 curated export artifacts
scripts/papers/build_paper4_v295_broader_multi_swap_or_global_gap_probe.py,builder_py,295,delete,generated Paper 4 loop artifact retired; not read by Quarto after closure,paper4_deep_cleanup_manifest_2026-05-18.csv; Paper 4 Quarto chapters; v467-v478 curated export artifacts
scripts/papers/build_paper4_v296_post_v295_broader_pool_reprice.py,builder_py,296,delete,generated Paper 4 loop artifact retired; not read by Quarto after closure,paper4_deep_cleanup_manifest_2026-05-18.csv; Paper 4 Quarto chapters; v467-v478 curated export artifacts
scripts/papers/build_paper4_v297_full_universe_branch_price_bound_or_dynamic_replay.py,builder_py,297,delete,generated Paper 4 loop artifact retired; not read by Quarto after closure,paper4_deep_cleanup_manifest_2026-05-18.csv; Paper 4 Quarto chapters; v467-v478 curated export artifacts
scripts/papers/build_paper4_v298_online_ifrs9_spo_dla_gate_expansion.py,builder_py,298,delete,generated Paper 4 loop artifact retired; not read by Quarto after closure,paper4_deep_cleanup_manifest_2026-05-18.csv; Paper 4 Quarto chapters; v467-v478 curated export artifacts
scripts/papers/build_paper4_v299_v295_cashflow_or_online_holdout_rerun.py,builder_py,299,delete,generated Paper 4 loop artifact retired; not read by Quarto after closure,paper4_deep_cleanup_manifest_2026-05-18.csv; Paper 4 Quarto chapters; v467-v478 curated export artifacts
scripts/papers/build_paper4_v300_v295_source_governance_or_branch_price_protocol.py,builder_py,300,delete,generated Paper 4 loop artifact retired; not read by Quarto after closure,paper4_deep_cleanup_manifest_2026-05-18.csv; Paper 4 Quarto chapters; v467-v478 curated export artifacts
scripts/papers/build_paper4_v301_source_tight_branch_price_pricing_or_imputation_repair.py,builder_py,301,delete,generated Paper 4 loop artifact retired; not read by Quarto after closure,paper4_deep_cleanup_manifest_2026-05-18.csv; Paper 4 Quarto chapters; v467-v478 curated export artifacts
scripts/papers/build_paper4_v302_apply_v301_repair_or_multi_swap_imputation_frontier.py,builder_py,302,delete,generated Paper 4 loop artifact retired; not read by Quarto after closure,paper4_deep_cleanup_manifest_2026-05-18.csv; Paper 4 Quarto chapters; v467-v478 curated export artifacts
scripts/papers/build_paper4_v303_global_or_multiobjective_frontier_after_v302.py,builder_py,303,delete,generated Paper 4 loop artifact retired; not read by Quarto after closure,paper4_deep_cleanup_manifest_2026-05-18.csv; Paper 4 Quarto chapters; v467-v478 curated export artifacts
scripts/papers/build_paper4_v304_bounded_multiobjective_milp_or_global_bound_probe.py,builder_py,304,delete,generated Paper 4 loop artifact retired; not read by Quarto after closure,paper4_deep_cleanup_manifest_2026-05-18.csv; Paper 4 Quarto chapters; v467-v478 curated export artifacts
scripts/papers/build_paper4_v305_post_v304_reprice_or_dynamic_gate.py,builder_py,305,delete,generated Paper 4 loop artifact retired; not read by Quarto after closure,paper4_deep_cleanup_manifest_2026-05-18.csv; Paper 4 Quarto chapters; v467-v478 curated export artifacts
scripts/papers/build_paper4_v306_apply_next_post_v304_swap.py,builder_py,306,delete,generated Paper 4 loop artifact retired; not read by Quarto after closure,paper4_deep_cleanup_manifest_2026-05-18.csv; Paper 4 Quarto chapters; v467-v478 curated export artifacts
scripts/papers/build_paper4_v307_post_v306_reprice.py,builder_py,307,delete,generated Paper 4 loop artifact retired; not read by Quarto after closure,paper4_deep_cleanup_manifest_2026-05-18.csv; Paper 4 Quarto chapters; v467-v478 curated export artifacts
scripts/papers/build_paper4_v308_apply_next_post_v306_swap.py,builder_py,308,delete,generated Paper 4 loop artifact retired; not read by Quarto after closure,paper4_deep_cleanup_manifest_2026-05-18.csv; Paper 4 Quarto chapters; v467-v478 curated export artifacts
scripts/papers/build_paper4_v309_post_v308_reprice.py,builder_py,309,delete,generated Paper 4 loop artifact retired; not read by Quarto after closure,paper4_deep_cleanup_manifest_2026-05-18.csv; Paper 4 Quarto chapters; v467-v478 curated export artifacts
scripts/papers/build_paper4_v310_apply_next_post_v308_swap.py,builder_py,310,delete,generated Paper 4 loop artifact retired; not read by Quarto after closure,paper4_deep_cleanup_manifest_2026-05-18.csv; Paper 4 Quarto chapters; v467-v478 curated export artifacts
scripts/papers/build_paper4_v311_post_v310_reprice.py,builder_py,311,delete,generated Paper 4 loop artifact retired; not read by Quarto after closure,paper4_deep_cleanup_manifest_2026-05-18.csv; Paper 4 Quarto chapters; v467-v478 curated export artifacts
scripts/papers/build_paper4_v312_apply_next_post_v310_swap.py,builder_py,312,delete,generated Paper 4 loop artifact retired; not read by Quarto after closure,paper4_deep_cleanup_manifest_2026-05-18.csv; Paper 4 Quarto chapters; v467-v478 curated export artifacts
scripts/papers/build_paper4_v313_post_v312_reprice.py,builder_py,313,delete,generated Paper 4 loop artifact retired; not read by Quarto after closure,paper4_deep_cleanup_manifest_2026-05-18.csv; Paper 4 Quarto chapters; v467-v478 curated export artifacts
scripts/papers/build_paper4_v314_apply_next_post_v312_swap.py,builder_py,314,delete,generated Paper 4 loop artifact retired; not read by Quarto after closure,paper4_deep_cleanup_manifest_2026-05-18.csv; Paper 4 Quarto chapters; v467-v478 curated export artifacts
scripts/papers/build_paper4_v315_post_v314_reprice.py,builder_py,315,delete,generated Paper 4 loop artifact retired; not read by Quarto after closure,paper4_deep_cleanup_manifest_2026-05-18.csv; Paper 4 Quarto chapters; v467-v478 curated export artifacts
scripts/papers/build_paper4_v316_apply_next_post_v314_swap.py,builder_py,316,delete,generated Paper 4 loop artifact retired; not read by Quarto after closure,paper4_deep_cleanup_manifest_2026-05-18.csv; Paper 4 Quarto chapters; v467-v478 curated export artifacts
scripts/papers/build_paper4_v317_post_v316_reprice.py,builder_py,317,delete,generated Paper 4 loop artifact retired; not read by Quarto after closure,paper4_deep_cleanup_manifest_2026-05-18.csv; Paper 4 Quarto chapters; v467-v478 curated export artifacts
scripts/papers/build_paper4_v318_dynamic_proxy_or_global_bound_after_v316.py,builder_py,318,delete,generated Paper 4 loop artifact retired; not read by Quarto after closure,paper4_deep_cleanup_manifest_2026-05-18.csv; Paper 4 Quarto chapters; v467-v478 curated export artifacts
scripts/papers/build_paper4_v319_v316_cashflow_online_ifrs9_gate.py,builder_py,319,delete,generated Paper 4 loop artifact retired; not read by Quarto after closure,paper4_deep_cleanup_manifest_2026-05-18.csv; Paper 4 Quarto chapters; v467-v478 curated export artifacts
scripts/papers/build_paper4_v320_v316_matched_period_or_branch_price_protocol.py,builder_py,320,delete,generated Paper 4 loop artifact retired; not read by Quarto after closure,paper4_deep_cleanup_manifest_2026-05-18.csv; Paper 4 Quarto chapters; v467-v478 curated export artifacts
scripts/papers/build_paper4_v321_post_v320_matched_period_reprice.py,builder_py,321,delete,generated Paper 4 loop artifact retired; not read by Quarto after closure,paper4_deep_cleanup_manifest_2026-05-18.csv; Paper 4 Quarto chapters; v467-v478 curated export artifacts
scripts/papers/build_paper4_v322_dynamic_proxy_or_global_bound_after_v320.py,builder_py,322,delete,generated Paper 4 loop artifact retired; not read by Quarto after closure,paper4_deep_cleanup_manifest_2026-05-18.csv; Paper 4 Quarto chapters; v467-v478 curated export artifacts
scripts/papers/build_paper4_v323_v320_cashflow_online_ifrs9_gate.py,builder_py,323,delete,generated Paper 4 loop artifact retired; not read by Quarto after closure,paper4_deep_cleanup_manifest_2026-05-18.csv; Paper 4 Quarto chapters; v467-v478 curated export artifacts
scripts/papers/build_paper4_v324_v320_proxy_gap_repair_or_branch_price_protocol.py,builder_py,324,delete,generated Paper 4 loop artifact retired; not read by Quarto after closure,paper4_deep_cleanup_manifest_2026-05-18.csv; Paper 4 Quarto chapters; v467-v478 curated export artifacts
scripts/papers/build_paper4_v325_post_v324_relaxed_proxy_gap_reprice.py,builder_py,325,delete,generated Paper 4 loop artifact retired; not read by Quarto after closure,paper4_deep_cleanup_manifest_2026-05-18.csv; Paper 4 Quarto chapters; v467-v478 curated export artifacts
scripts/papers/build_paper4_v326_apply_next_post_v324_swap.py,builder_py,326,delete,generated Paper 4 loop artifact retired; not read by Quarto after closure,paper4_deep_cleanup_manifest_2026-05-18.csv; Paper 4 Quarto chapters; v467-v478 curated export artifacts
scripts/papers/build_paper4_v327_post_v326_reprice.py,builder_py,327,delete,generated Paper 4 loop artifact retired; not read by Quarto after closure,paper4_deep_cleanup_manifest_2026-05-18.csv; Paper 4 Quarto chapters; v467-v478 curated export artifacts
scripts/papers/build_paper4_v328_apply_next_post_v326_swap.py,builder_py,328,delete,generated Paper 4 loop artifact retired; not read by Quarto after closure,paper4_deep_cleanup_manifest_2026-05-18.csv; Paper 4 Quarto chapters; v467-v478 curated export artifacts
scripts/papers/build_paper4_v329_post_v328_reprice.py,builder_py,329,delete,generated Paper 4 loop artifact retired; not read by Quarto after closure,paper4_deep_cleanup_manifest_2026-05-18.csv; Paper 4 Quarto chapters; v467-v478 curated export artifacts
scripts/papers/build_paper4_v330_apply_next_post_v328_swap.py,builder_py,330,delete,generated Paper 4 loop artifact retired; not read by Quarto after closure,paper4_deep_cleanup_manifest_2026-05-18.csv; Paper 4 Quarto chapters; v467-v478 curated export artifacts
scripts/papers/build_paper4_v331_post_v330_reprice.py,builder_py,331,delete,generated Paper 4 loop artifact retired; not read by Quarto after closure,paper4_deep_cleanup_manifest_2026-05-18.csv; Paper 4 Quarto chapters; v467-v478 curated export artifacts
scripts/papers/build_paper4_v332_dynamic_or_dual_bound_after_v330.py,builder_py,332,delete,generated Paper 4 loop artifact retired; not read by Quarto after closure,paper4_deep_cleanup_manifest_2026-05-18.csv; Paper 4 Quarto chapters; v467-v478 curated export artifacts
scripts/papers/build_paper4_v333_v330_cashflow_online_ifrs9_gate.py,builder_py,333,delete,generated Paper 4 loop artifact retired; not read by Quarto after closure,paper4_deep_cleanup_manifest_2026-05-18.csv; Paper 4 Quarto chapters; v467-v478 curated export artifacts
scripts/papers/build_paper4_v334_v330_proxy_gap_repair_or_branch_price_protocol.py,builder_py,334,delete,generated Paper 4 loop artifact retired; not read by Quarto after closure,paper4_deep_cleanup_manifest_2026-05-18.csv; Paper 4 Quarto chapters; v467-v478 curated export artifacts
scripts/papers/build_paper4_v335_post_v334_relaxed_proxy_gap_reprice.py,builder_py,335,delete,generated Paper 4 loop artifact retired; not read by Quarto after closure,paper4_deep_cleanup_manifest_2026-05-18.csv; Paper 4 Quarto chapters; v467-v478 curated export artifacts
scripts/papers/build_paper4_v336_apply_next_post_v334_swap.py,builder_py,336,delete,generated Paper 4 loop artifact retired; not read by Quarto after closure,paper4_deep_cleanup_manifest_2026-05-18.csv; Paper 4 Quarto chapters; v467-v478 curated export artifacts
scripts/papers/build_paper4_v337_post_v336_reprice.py,builder_py,337,delete,generated Paper 4 loop artifact retired; not read by Quarto after closure,paper4_deep_cleanup_manifest_2026-05-18.csv; Paper 4 Quarto chapters; v467-v478 curated export artifacts
scripts/papers/build_paper4_v338_apply_next_post_v336_swap.py,builder_py,338,delete,generated Paper 4 loop artifact retired; not read by Quarto after closure,paper4_deep_cleanup_manifest_2026-05-18.csv; Paper 4 Quarto chapters; v467-v478 curated export artifacts
scripts/papers/build_paper4_v339_post_v338_reprice.py,builder_py,339,delete,generated Paper 4 loop artifact retired; not read by Quarto after closure,paper4_deep_cleanup_manifest_2026-05-18.csv; Paper 4 Quarto chapters; v467-v478 curated export artifacts
scripts/papers/build_paper4_v340_dynamic_or_dual_bound_after_v338.py,builder_py,340,delete,generated Paper 4 loop artifact retired; not read by Quarto after closure,paper4_deep_cleanup_manifest_2026-05-18.csv; Paper 4 Quarto chapters; v467-v478 curated export artifacts
scripts/papers/build_paper4_v341_v338_cashflow_online_ifrs9_gate.py,builder_py,341,delete,generated Paper 4 loop artifact retired; not read by Quarto after closure,paper4_deep_cleanup_manifest_2026-05-18.csv; Paper 4 Quarto chapters; v467-v478 curated export artifacts
scripts/papers/build_paper4_v342_v338_proxy_gap_repair_or_branch_price_protocol.py,builder_py,342,delete,generated Paper 4 loop artifact retired; not read by Quarto after closure,paper4_deep_cleanup_manifest_2026-05-18.csv; Paper 4 Quarto chapters; v467-v478 curated export artifacts
scripts/papers/build_paper4_v343_v338_expanded_pool_or_dual_bound_gate.py,builder_py,343,delete,generated Paper 4 loop artifact retired; not read by Quarto after closure,paper4_deep_cleanup_manifest_2026-05-18.csv; Paper 4 Quarto chapters; v467-v478 curated export artifacts
scripts/papers/build_paper4_v344_v338_dual_bound_after_expanded_pool_gate.py,builder_py,344,delete,generated Paper 4 loop artifact retired; not read by Quarto after closure,paper4_deep_cleanup_manifest_2026-05-18.csv; Paper 4 Quarto chapters; v467-v478 curated export artifacts
scripts/papers/build_paper4_v345_v338_source_tight_branch_price_screen.py,builder_py,345,delete,generated Paper 4 loop artifact retired; not read by Quarto after closure,paper4_deep_cleanup_manifest_2026-05-18.csv; Paper 4 Quarto chapters; v467-v478 curated export artifacts
scripts/papers/build_paper4_v346_v338_multi_source_relief_or_bound_protocol.py,builder_py,346,delete,generated Paper 4 loop artifact retired; not read by Quarto after closure,paper4_deep_cleanup_manifest_2026-05-18.csv; Paper 4 Quarto chapters; v467-v478 curated export artifacts
scripts/papers/build_paper4_v347_v338_apply_multi_source_relief_candidate.py,builder_py,347,delete,generated Paper 4 loop artifact retired; not read by Quarto after closure,paper4_deep_cleanup_manifest_2026-05-18.csv; Paper 4 Quarto chapters; v467-v478 curated export artifacts
scripts/papers/build_paper4_v348_post_v347_reprice.py,builder_py,348,delete,generated Paper 4 loop artifact retired; not read by Quarto after closure,paper4_deep_cleanup_manifest_2026-05-18.csv; Paper 4 Quarto chapters; v467-v478 curated export artifacts
scripts/papers/build_paper4_v349_v347_proxy_or_dual_bound_gate.py,builder_py,349,delete,generated Paper 4 loop artifact retired; not read by Quarto after closure,paper4_deep_cleanup_manifest_2026-05-18.csv; Paper 4 Quarto chapters; v467-v478 curated export artifacts
scripts/papers/build_paper4_v350_v347_dual_bound_after_proxy_gate.py,builder_py,350,delete,generated Paper 4 loop artifact retired; not read by Quarto after closure,paper4_deep_cleanup_manifest_2026-05-18.csv; Paper 4 Quarto chapters; v467-v478 curated export artifacts
scripts/papers/build_paper4_v351_v347_branch_price_or_dual_bound_loop.py,builder_py,351,delete,generated Paper 4 loop artifact retired; not read by Quarto after closure,paper4_deep_cleanup_manifest_2026-05-18.csv; Paper 4 Quarto chapters; v467-v478 curated export artifacts
scripts/papers/build_paper4_v352_v347_expand_branch_price_or_dual_bound_loop.py,builder_py,352,delete,generated Paper 4 loop artifact retired; not read by Quarto after closure,paper4_deep_cleanup_manifest_2026-05-18.csv; Paper 4 Quarto chapters; v467-v478 curated export artifacts
scripts/papers/build_paper4_v353_v347_apply_expanded_branch_price_candidate.py,builder_py,353,delete,generated Paper 4 loop artifact retired; not read by Quarto after closure,paper4_deep_cleanup_manifest_2026-05-18.csv; Paper 4 Quarto chapters; v467-v478 curated export artifacts
scripts/papers/build_paper4_v354_post_v353_reprice.py,builder_py,354,delete,generated Paper 4 loop artifact retired; not read by Quarto after closure,paper4_deep_cleanup_manifest_2026-05-18.csv; Paper 4 Quarto chapters; v467-v478 curated export artifacts
scripts/papers/build_paper4_v355_v353_proxy_or_global_gate.py,builder_py,355,delete,generated Paper 4 loop artifact retired; not read by Quarto after closure,paper4_deep_cleanup_manifest_2026-05-18.csv; Paper 4 Quarto chapters; v467-v478 curated export artifacts
scripts/papers/build_paper4_v356_v353_dual_bound_after_proxy_gate.py,builder_py,356,delete,generated Paper 4 loop artifact retired; not read by Quarto after closure,paper4_deep_cleanup_manifest_2026-05-18.csv; Paper 4 Quarto chapters; v467-v478 curated export artifacts
scripts/papers/build_paper4_v357_v353_branch_price_or_dual_bound_loop.py,builder_py,357,delete,generated Paper 4 loop artifact retired; not read by Quarto after closure,paper4_deep_cleanup_manifest_2026-05-18.csv; Paper 4 Quarto chapters; v467-v478 curated export artifacts
scripts/papers/build_paper4_v358_v353_apply_branch_price_candidate_or_bound_memo.py,builder_py,358,delete,generated Paper 4 loop artifact retired; not read by Quarto after closure,paper4_deep_cleanup_manifest_2026-05-18.csv; Paper 4 Quarto chapters; v467-v478 curated export artifacts
scripts/papers/build_paper4_v359_v353_expand_branch_price_or_full_dual_bound.py,builder_py,359,delete,generated Paper 4 loop artifact retired; not read by Quarto after closure,paper4_deep_cleanup_manifest_2026-05-18.csv; Paper 4 Quarto chapters; v467-v478 curated export artifacts
scripts/papers/build_paper4_v360_v353_apply_expanded_branch_price_candidate_or_bound_memo.py,builder_py,360,delete,generated Paper 4 loop artifact retired; not read by Quarto after closure,paper4_deep_cleanup_manifest_2026-05-18.csv; Paper 4 Quarto chapters; v467-v478 curated export artifacts
scripts/papers/build_paper4_v361_v353_fourth_order_or_full_dual_bound.py,builder_py,361,delete,generated Paper 4 loop artifact retired; not read by Quarto after closure,paper4_deep_cleanup_manifest_2026-05-18.csv; Paper 4 Quarto chapters; v467-v478 curated export artifacts
scripts/papers/build_paper4_v362_v353_apply_fourth_order_candidate_or_bound_memo.py,builder_py,362,delete,generated Paper 4 loop artifact retired; not read by Quarto after closure,paper4_deep_cleanup_manifest_2026-05-18.csv; Paper 4 Quarto chapters; v467-v478 curated export artifacts
scripts/papers/build_paper4_v363_v353_full_dual_bound_or_gap_certificate.py,builder_py,363,delete,generated Paper 4 loop artifact retired; not read by Quarto after closure,paper4_deep_cleanup_manifest_2026-05-18.csv; Paper 4 Quarto chapters; v467-v478 curated export artifacts
scripts/papers/build_paper4_v364_v353_dual_bound_resource_plan.py,builder_py,364,delete,generated Paper 4 loop artifact retired; not read by Quarto after closure,paper4_deep_cleanup_manifest_2026-05-18.csv; Paper 4 Quarto chapters; v467-v478 curated export artifacts
scripts/papers/build_paper4_v365_v353_full_v55_pricing_chunk_plan.py,builder_py,365,delete,generated Paper 4 loop artifact retired; not read by Quarto after closure,paper4_deep_cleanup_manifest_2026-05-18.csv; Paper 4 Quarto chapters; v467-v478 curated export artifacts
scripts/papers/build_paper4_v366_v353_full_v55_pricing_chunk_prototype.py,builder_py,366,delete,generated Paper 4 loop artifact retired; not read by Quarto after closure,paper4_deep_cleanup_manifest_2026-05-18.csv; Paper 4 Quarto chapters; v467-v478 curated export artifacts
scripts/papers/build_paper4_v367_route_decision_after_chunk_probe.py,builder_py,367,delete,generated Paper 4 loop artifact retired; not read by Quarto after closure,paper4_deep_cleanup_manifest_2026-05-18.csv; Paper 4 Quarto chapters; v467-v478 curated export artifacts
scripts/papers/build_paper4_v368_publishable_claim_scope_update.py,builder_py,368,delete,generated Paper 4 loop artifact retired; not read by Quarto after closure,paper4_deep_cleanup_manifest_2026-05-18.csv; Paper 4 Quarto chapters; v467-v478 curated export artifacts
scripts/papers/build_paper4_v369_proxy_live_gate_separation.py,builder_py,369,delete,generated Paper 4 loop artifact retired; not read by Quarto after closure,paper4_deep_cleanup_manifest_2026-05-18.csv; Paper 4 Quarto chapters; v467-v478 curated export artifacts
scripts/papers/build_paper4_v370_future_execution_backlog_refresh.py,builder_py,370,delete,generated Paper 4 loop artifact retired; not read by Quarto after closure,paper4_deep_cleanup_manifest_2026-05-18.csv; Paper 4 Quarto chapters; v467-v478 curated export artifacts
scripts/papers/build_paper4_v371_source_governance_blocker_diagnostic.py,builder_py,371,delete,generated Paper 4 loop artifact retired; not read by Quarto after closure,paper4_deep_cleanup_manifest_2026-05-18.csv; Paper 4 Quarto chapters; v467-v478 curated export artifacts
scripts/papers/build_paper4_v372_grade_a_source_relief_prefilter.py,builder_py,372,delete,generated Paper 4 loop artifact retired; not read by Quarto after closure,paper4_deep_cleanup_manifest_2026-05-18.csv; Paper 4 Quarto chapters; v467-v478 curated export artifacts
scripts/papers/build_paper4_v373_full_v55_chunk_002_or_stop_rule.py,builder_py,373,delete,generated Paper 4 loop artifact retired; not read by Quarto after closure,paper4_deep_cleanup_manifest_2026-05-18.csv; Paper 4 Quarto chapters; v467-v478 curated export artifacts
scripts/papers/build_paper4_v374_paper4_claim_language_section_draft.py,builder_py,374,delete,generated Paper 4 loop artifact retired; not read by Quarto after closure,paper4_deep_cleanup_manifest_2026-05-18.csv; Paper 4 Quarto chapters; v467-v478 curated export artifacts
scripts/papers/build_paper4_v375_live_gate_data_contract.py,builder_py,375,delete,generated Paper 4 loop artifact retired; not read by Quarto after closure,paper4_deep_cleanup_manifest_2026-05-18.csv; Paper 4 Quarto chapters; v467-v478 curated export artifacts
scripts/papers/build_paper4_v376_publication_integration_patch.py,builder_py,376,delete,generated Paper 4 loop artifact retired; not read by Quarto after closure,paper4_deep_cleanup_manifest_2026-05-18.csv; Paper 4 Quarto chapters; v467-v478 curated export artifacts
scripts/papers/build_paper4_v377_reproducibility_bundle_manifest.py,builder_py,377,delete,generated Paper 4 loop artifact retired; not read by Quarto after closure,paper4_deep_cleanup_manifest_2026-05-18.csv; Paper 4 Quarto chapters; v467-v478 curated export artifacts
scripts/papers/build_paper4_v378_submission_readiness_gap_register.py,builder_py,378,delete,generated Paper 4 loop artifact retired; not read by Quarto after closure,paper4_deep_cleanup_manifest_2026-05-18.csv; Paper 4 Quarto chapters; v467-v478 curated export artifacts
scripts/papers/build_paper4_v379_evidence_gap_closure_work_order.py,builder_py,379,delete,generated Paper 4 loop artifact retired; not read by Quarto after closure,paper4_deep_cleanup_manifest_2026-05-18.csv; Paper 4 Quarto chapters; v467-v478 curated export artifacts
scripts/papers/build_paper4_v380_manuscript_section_scaffold.py,builder_py,380,delete,generated Paper 4 loop artifact retired; not read by Quarto after closure,paper4_deep_cleanup_manifest_2026-05-18.csv; Paper 4 Quarto chapters; v467-v478 curated export artifacts
scripts/papers/build_paper4_v381_verified_literature_source_log.py,builder_py,381,delete,generated Paper 4 loop artifact retired; not read by Quarto after closure,paper4_deep_cleanup_manifest_2026-05-18.csv; Paper 4 Quarto chapters; v467-v478 curated export artifacts
scripts/papers/build_paper4_v382_global_solver_scope_decision.py,builder_py,382,delete,generated Paper 4 loop artifact retired; not read by Quarto after closure,paper4_deep_cleanup_manifest_2026-05-18.csv; Paper 4 Quarto chapters; v467-v478 curated export artifacts
scripts/papers/build_paper4_v383_source_governance_audit_plan.py,builder_py,383,delete,generated Paper 4 loop artifact retired; not read by Quarto after closure,paper4_deep_cleanup_manifest_2026-05-18.csv; Paper 4 Quarto chapters; v467-v478 curated export artifacts
scripts/papers/build_paper4_v384_formal_spo_dla_review_packet.py,builder_py,384,delete,generated Paper 4 loop artifact retired; not read by Quarto after closure,paper4_deep_cleanup_manifest_2026-05-18.csv; Paper 4 Quarto chapters; v467-v478 curated export artifacts
scripts/papers/build_paper4_v385_validation_gap_triage.py,builder_py,385,delete,generated Paper 4 loop artifact retired; not read by Quarto after closure,paper4_deep_cleanup_manifest_2026-05-18.csv; Paper 4 Quarto chapters; v467-v478 curated export artifacts
scripts/papers/build_paper4_v386_quarto_registration_gap_decision.py,builder_py,386,delete,generated Paper 4 loop artifact retired; not read by Quarto after closure,paper4_deep_cleanup_manifest_2026-05-18.csv; Paper 4 Quarto chapters; v467-v478 curated export artifacts
scripts/papers/build_paper4_v387_quarto_archive_guardrail_patch.py,builder_py,387,delete,generated Paper 4 loop artifact retired; not read by Quarto after closure,paper4_deep_cleanup_manifest_2026-05-18.csv; Paper 4 Quarto chapters; v467-v478 curated export artifacts
scripts/papers/build_paper4_v388_full_regression_probe_plan.py,builder_py,388,delete,generated Paper 4 loop artifact retired; not read by Quarto after closure,paper4_deep_cleanup_manifest_2026-05-18.csv; Paper 4 Quarto chapters; v467-v478 curated export artifacts
scripts/papers/build_paper4_v389_full_repository_pytest_probe.py,builder_py,389,delete,generated Paper 4 loop artifact retired; not read by Quarto after closure,paper4_deep_cleanup_manifest_2026-05-18.csv; Paper 4 Quarto chapters; v467-v478 curated export artifacts
scripts/papers/build_paper4_v390_repository_lint_frontier.py,builder_py,390,delete,generated Paper 4 loop artifact retired; not read by Quarto after closure,paper4_deep_cleanup_manifest_2026-05-18.csv; Paper 4 Quarto chapters; v467-v478 curated export artifacts
scripts/papers/build_paper4_v391_targeted_lint_repair_batch.py,builder_py,391,delete,generated Paper 4 loop artifact retired; not read by Quarto after closure,paper4_deep_cleanup_manifest_2026-05-18.csv; Paper 4 Quarto chapters; v467-v478 curated export artifacts
scripts/papers/build_paper4_v392_notebook_lint_policy.py,builder_py,392,delete,generated Paper 4 loop artifact retired; not read by Quarto after closure,paper4_deep_cleanup_manifest_2026-05-18.csv; Paper 4 Quarto chapters; v467-v478 curated export artifacts
scripts/papers/build_paper4_v393_notebook_lint_dry_run_manifest.py,builder_py,393,delete,generated Paper 4 loop artifact retired; not read by Quarto after closure,paper4_deep_cleanup_manifest_2026-05-18.csv; Paper 4 Quarto chapters; v467-v478 curated export artifacts
scripts/papers/build_paper4_v394_notebook_safe_fix_roundtrip_batch.py,builder_py,394,delete,generated Paper 4 loop artifact retired; not read by Quarto after closure,paper4_deep_cleanup_manifest_2026-05-18.csv; Paper 4 Quarto chapters; v467-v478 curated export artifacts
scripts/papers/build_paper4_v395_notebook_unsafe_fix_review.py,builder_py,395,delete,generated Paper 4 loop artifact retired; not read by Quarto after closure,paper4_deep_cleanup_manifest_2026-05-18.csv; Paper 4 Quarto chapters; v467-v478 curated export artifacts
scripts/papers/build_paper4_v396_notebook_unsafe_fix_roundtrip_application.py,builder_py,396,delete,generated Paper 4 loop artifact retired; not read by Quarto after closure,paper4_deep_cleanup_manifest_2026-05-18.csv; Paper 4 Quarto chapters; v467-v478 curated export artifacts
scripts/papers/build_paper4_v397_notebook_import_side_effect_and_sim115_patch.py,builder_py,397,delete,generated Paper 4 loop artifact retired; not read by Quarto after closure,paper4_deep_cleanup_manifest_2026-05-18.csv; Paper 4 Quarto chapters; v467-v478 curated export artifacts
scripts/papers/build_paper4_v398_notebook_historical_e402_policy.py,builder_py,398,delete,generated Paper 4 loop artifact retired; not read by Quarto after closure,paper4_deep_cleanup_manifest_2026-05-18.csv; Paper 4 Quarto chapters; v467-v478 curated export artifacts
scripts/papers/build_paper4_v399_notebook_e402_cell_refactor_plan.py,builder_py,399,delete,generated Paper 4 loop artifact retired; not read by Quarto after closure,paper4_deep_cleanup_manifest_2026-05-18.csv; Paper 4 Quarto chapters; v467-v478 curated export artifacts
scripts/papers/build_paper4_v39_v40_living_lab_execution.py,builder_py,39,delete,generated Paper 4 loop artifact retired; not read by Quarto after closure,paper4_deep_cleanup_manifest_2026-05-18.csv; Paper 4 Quarto chapters; v467-v478 curated export artifacts
scripts/papers/build_paper4_v400_notebook_e402_local_import_hoist_batch.py,builder_py,400,delete,generated Paper 4 loop artifact retired; not read by Quarto after closure,paper4_deep_cleanup_manifest_2026-05-18.csv; Paper 4 Quarto chapters; v467-v478 curated export artifacts
scripts/papers/build_paper4_v401_notebook_e402_setup_warning_refactor_plan.py,builder_py,401,delete,generated Paper 4 loop artifact retired; not read by Quarto after closure,paper4_deep_cleanup_manifest_2026-05-18.csv; Paper 4 Quarto chapters; v467-v478 curated export artifacts
scripts/papers/build_paper4_v402_notebook_warning_filter_only_reorder_batch.py,builder_py,402,delete,generated Paper 4 loop artifact retired; not read by Quarto after closure,paper4_deep_cleanup_manifest_2026-05-18.csv; Paper 4 Quarto chapters; v467-v478 curated export artifacts
scripts/papers/build_paper4_v403_post_notebook_mutation_pytest_probe.py,builder_py,403,delete,generated Paper 4 loop artifact retired; not read by Quarto after closure,paper4_deep_cleanup_manifest_2026-05-18.csv; Paper 4 Quarto chapters; v467-v478 curated export artifacts
scripts/papers/build_paper4_v404_notebook_sys_path_project_import_refactor_plan.py,builder_py,404,delete,generated Paper 4 loop artifact retired; not read by Quarto after closure,paper4_deep_cleanup_manifest_2026-05-18.csv; Paper 4 Quarto chapters; v467-v478 curated export artifacts
scripts/papers/build_paper4_v405_notebook_sys_path_project_import_refactor_batch.py,builder_py,405,delete,generated Paper 4 loop artifact retired; not read by Quarto after closure,paper4_deep_cleanup_manifest_2026-05-18.csv; Paper 4 Quarto chapters; v467-v478 curated export artifacts
scripts/papers/build_paper4_v406_post_sys_path_refactor_pytest_probe.py,builder_py,406,delete,generated Paper 4 loop artifact retired; not read by Quarto after closure,paper4_deep_cleanup_manifest_2026-05-18.csv; Paper 4 Quarto chapters; v467-v478 curated export artifacts
scripts/papers/build_paper4_v407_notebook_non_e402_lint_triage.py,builder_py,407,delete,generated Paper 4 loop artifact retired; not read by Quarto after closure,paper4_deep_cleanup_manifest_2026-05-18.csv; Paper 4 Quarto chapters; v467-v478 curated export artifacts
scripts/papers/build_paper4_v408_notebook_b007_loop_var_patch.py,builder_py,408,delete,generated Paper 4 loop artifact retired; not read by Quarto after closure,paper4_deep_cleanup_manifest_2026-05-18.csv; Paper 4 Quarto chapters; v467-v478 curated export artifacts
scripts/papers/build_paper4_v409_notebook_b018_display_review.py,builder_py,409,delete,generated Paper 4 loop artifact retired; not read by Quarto after closure,paper4_deep_cleanup_manifest_2026-05-18.csv; Paper 4 Quarto chapters; v467-v478 curated export artifacts
scripts/papers/build_paper4_v410_notebook_b018_fig_show_patch.py,builder_py,410,delete,generated Paper 4 loop artifact retired; not read by Quarto after closure,paper4_deep_cleanup_manifest_2026-05-18.csv; Paper 4 Quarto chapters; v467-v478 curated export artifacts
scripts/papers/build_paper4_v411_notebook_b018_post_patch_pytest_probe.py,builder_py,411,delete,generated Paper 4 loop artifact retired; not read by Quarto after closure,paper4_deep_cleanup_manifest_2026-05-18.csv; Paper 4 Quarto chapters; v467-v478 curated export artifacts
scripts/papers/build_paper4_v412_notebook_f821_execution_context_audit.py,builder_py,412,delete,generated Paper 4 loop artifact retired; not read by Quarto after closure,paper4_deep_cleanup_manifest_2026-05-18.csv; Paper 4 Quarto chapters; v467-v478 curated export artifacts
scripts/papers/build_paper4_v413_notebook_f821_validation_target_patch.py,builder_py,413,delete,generated Paper 4 loop artifact retired; not read by Quarto after closure,paper4_deep_cleanup_manifest_2026-05-18.csv; Paper 4 Quarto chapters; v467-v478 curated export artifacts
scripts/papers/build_paper4_v414_notebook_f821_post_patch_pytest_probe.py,builder_py,414,delete,generated Paper 4 loop artifact retired; not read by Quarto after closure,paper4_deep_cleanup_manifest_2026-05-18.csv; Paper 4 Quarto chapters; v467-v478 curated export artifacts
scripts/papers/build_paper4_v415_notebook_remaining_style_lint_triage.py,builder_py,415,delete,generated Paper 4 loop artifact retired; not read by Quarto after closure,paper4_deep_cleanup_manifest_2026-05-18.csv; Paper 4 Quarto chapters; v467-v478 curated export artifacts
scripts/papers/build_paper4_v416_notebook_e741_comprehension_var_patch.py,builder_py,416,delete,generated Paper 4 loop artifact retired; not read by Quarto after closure,paper4_deep_cleanup_manifest_2026-05-18.csv; Paper 4 Quarto chapters; v467-v478 curated export artifacts
scripts/papers/build_paper4_v417_notebook_sim108_conditional_expr_review.py,builder_py,417,delete,generated Paper 4 loop artifact retired; not read by Quarto after closure,paper4_deep_cleanup_manifest_2026-05-18.csv; Paper 4 Quarto chapters; v467-v478 curated export artifacts
scripts/papers/build_paper4_v418_notebook_sim108_conditional_expr_patch.py,builder_py,418,delete,generated Paper 4 loop artifact retired; not read by Quarto after closure,paper4_deep_cleanup_manifest_2026-05-18.csv; Paper 4 Quarto chapters; v467-v478 curated export artifacts
scripts/papers/build_paper4_v419_notebook_sim108_post_patch_pytest_probe.py,builder_py,419,delete,generated Paper 4 loop artifact retired; not read by Quarto after closure,paper4_deep_cleanup_manifest_2026-05-18.csv; Paper 4 Quarto chapters; v467-v478 curated export artifacts
scripts/papers/build_paper4_v41_online_cvar_source.py,builder_py,41,delete,generated Paper 4 loop artifact retired; not read by Quarto after closure,paper4_deep_cleanup_manifest_2026-05-18.csv; Paper 4 Quarto chapters; v467-v478 curated export artifacts
scripts/papers/build_paper4_v41_v44_living_lab_wave.py,builder_py,41,delete,generated Paper 4 loop artifact retired; not read by Quarto after closure,paper4_deep_cleanup_manifest_2026-05-18.csv; Paper 4 Quarto chapters; v467-v478 curated export artifacts
scripts/papers/build_paper4_v420_notebook_gpu_style_lint_triage.py,builder_py,420,delete,generated Paper 4 loop artifact retired; not read by Quarto after closure,paper4_deep_cleanup_manifest_2026-05-18.csv; Paper 4 Quarto chapters; v467-v478 curated export artifacts
scripts/papers/build_paper4_v421_notebook_gpu_style_lint_patch.py,builder_py,421,delete,generated Paper 4 loop artifact retired; not read by Quarto after closure,paper4_deep_cleanup_manifest_2026-05-18.csv; Paper 4 Quarto chapters; v467-v478 curated export artifacts
scripts/papers/build_paper4_v422_notebook_gpu_style_post_patch_pytest_probe.py,builder_py,422,delete,generated Paper 4 loop artifact retired; not read by Quarto after closure,paper4_deep_cleanup_manifest_2026-05-18.csv; Paper 4 Quarto chapters; v467-v478 curated export artifacts
scripts/papers/build_paper4_v423_repository_ruff_frontier_after_notebook_clean.py,builder_py,423,delete,generated Paper 4 loop artifact retired; not read by Quarto after closure,paper4_deep_cleanup_manifest_2026-05-18.csv; Paper 4 Quarto chapters; v467-v478 curated export artifacts
scripts/papers/build_paper4_v424_targeted_repo_ruff_repair_batch.py,builder_py,424,delete,generated Paper 4 loop artifact retired; not read by Quarto after closure,paper4_deep_cleanup_manifest_2026-05-18.csv; Paper 4 Quarto chapters; v467-v478 curated export artifacts
scripts/papers/build_paper4_v425_post_streamlit_ruff_repair_pytest_probe.py,builder_py,425,delete,generated Paper 4 loop artifact retired; not read by Quarto after closure,paper4_deep_cleanup_manifest_2026-05-18.csv; Paper 4 Quarto chapters; v467-v478 curated export artifacts
scripts/papers/build_paper4_v426_targeted_scripts_ruff_repair_batch.py,builder_py,426,delete,generated Paper 4 loop artifact retired; not read by Quarto after closure,paper4_deep_cleanup_manifest_2026-05-18.csv; Paper 4 Quarto chapters; v467-v478 curated export artifacts
scripts/papers/build_paper4_v427_post_scripts_ruff_repair_pytest_probe.py,builder_py,427,delete,generated Paper 4 loop artifact retired; not read by Quarto after closure,paper4_deep_cleanup_manifest_2026-05-18.csv; Paper 4 Quarto chapters; v467-v478 curated export artifacts
scripts/papers/build_paper4_v428_streamlit_b905_c408_repair_batch.py,builder_py,428,delete,generated Paper 4 loop artifact retired; not read by Quarto after closure,paper4_deep_cleanup_manifest_2026-05-18.csv; Paper 4 Quarto chapters; v467-v478 curated export artifacts
scripts/papers/build_paper4_v429_post_streamlit_b905_c408_repair_pytest_probe.py,builder_py,429,delete,generated Paper 4 loop artifact retired; not read by Quarto after closure,paper4_deep_cleanup_manifest_2026-05-18.csv; Paper 4 Quarto chapters; v467-v478 curated export artifacts
scripts/papers/build_paper4_v42_spo_env_oracle_regret.py,builder_py,42,delete,generated Paper 4 loop artifact retired; not read by Quarto after closure,paper4_deep_cleanup_manifest_2026-05-18.csv; Paper 4 Quarto chapters; v467-v478 curated export artifacts
scripts/papers/build_paper4_v430_scripts_b007_loop_variable_repair_batch.py,builder_py,430,delete,generated Paper 4 loop artifact retired; not read by Quarto after closure,paper4_deep_cleanup_manifest_2026-05-18.csv; Paper 4 Quarto chapters; v467-v478 curated export artifacts
scripts/papers/build_paper4_v431_post_scripts_b007_repair_pytest_probe.py,builder_py,431,delete,generated Paper 4 loop artifact retired; not read by Quarto after closure,paper4_deep_cleanup_manifest_2026-05-18.csv; Paper 4 Quarto chapters; v467-v478 curated export artifacts
scripts/papers/build_paper4_v432_scripts_f841_unused_variable_repair_batch.py,builder_py,432,delete,generated Paper 4 loop artifact retired; not read by Quarto after closure,paper4_deep_cleanup_manifest_2026-05-18.csv; Paper 4 Quarto chapters; v467-v478 curated export artifacts
scripts/papers/build_paper4_v433_post_scripts_f841_repair_pytest_probe.py,builder_py,433,delete,generated Paper 4 loop artifact retired; not read by Quarto after closure,paper4_deep_cleanup_manifest_2026-05-18.csv; Paper 4 Quarto chapters; v467-v478 curated export artifacts
scripts/papers/build_paper4_v434_scripts_i001_import_sort_repair_batch.py,builder_py,434,delete,generated Paper 4 loop artifact retired; not read by Quarto after closure,paper4_deep_cleanup_manifest_2026-05-18.csv; Paper 4 Quarto chapters; v467-v478 curated export artifacts
scripts/papers/build_paper4_v435_post_scripts_i001_repair_pytest_probe.py,builder_py,435,delete,generated Paper 4 loop artifact retired; not read by Quarto after closure,paper4_deep_cleanup_manifest_2026-05-18.csv; Paper 4 Quarto chapters; v467-v478 curated export artifacts
scripts/papers/build_paper4_v436_scripts_book_f401_unused_import_repair_batch.py,builder_py,436,delete,generated Paper 4 loop artifact retired; not read by Quarto after closure,paper4_deep_cleanup_manifest_2026-05-18.csv; Paper 4 Quarto chapters; v467-v478 curated export artifacts
scripts/papers/build_paper4_v437_post_scripts_f401_repair_pytest_probe.py,builder_py,437,delete,generated Paper 4 loop artifact retired; not read by Quarto after closure,paper4_deep_cleanup_manifest_2026-05-18.csv; Paper 4 Quarto chapters; v467-v478 curated export artifacts
scripts/papers/build_paper4_v438_scripts_up022_capture_output_repair_batch.py,builder_py,438,delete,generated Paper 4 loop artifact retired; not read by Quarto after closure,paper4_deep_cleanup_manifest_2026-05-18.csv; Paper 4 Quarto chapters; v467-v478 curated export artifacts
scripts/papers/build_paper4_v439_post_scripts_up022_repair_pytest_probe.py,builder_py,439,delete,generated Paper 4 loop artifact retired; not read by Quarto after closure,paper4_deep_cleanup_manifest_2026-05-18.csv; Paper 4 Quarto chapters; v467-v478 curated export artifacts
scripts/papers/build_paper4_v43_dla_ifrs9_samplepaths.py,builder_py,43,delete,generated Paper 4 loop artifact retired; not read by Quarto after closure,paper4_deep_cleanup_manifest_2026-05-18.csv; Paper 4 Quarto chapters; v467-v478 curated export artifacts
scripts/papers/build_paper4_v440_scripts_sim108_conditional_expr_repair_batch.py,builder_py,440,delete,generated Paper 4 loop artifact retired; not read by Quarto after closure,paper4_deep_cleanup_manifest_2026-05-18.csv; Paper 4 Quarto chapters; v467-v478 curated export artifacts
scripts/papers/build_paper4_v441_post_scripts_sim108_repair_pytest_probe.py,builder_py,441,delete,generated Paper 4 loop artifact retired; not read by Quarto after closure,paper4_deep_cleanup_manifest_2026-05-18.csv; Paper 4 Quarto chapters; v467-v478 curated export artifacts
scripts/papers/build_paper4_v442_scripts_c405_set_literal_repair_batch.py,builder_py,442,delete,generated Paper 4 loop artifact retired; not read by Quarto after closure,paper4_deep_cleanup_manifest_2026-05-18.csv; Paper 4 Quarto chapters; v467-v478 curated export artifacts
scripts/papers/build_paper4_v443_post_scripts_c405_repair_pytest_probe.py,builder_py,443,delete,generated Paper 4 loop artifact retired; not read by Quarto after closure,paper4_deep_cleanup_manifest_2026-05-18.csv; Paper 4 Quarto chapters; v467-v478 curated export artifacts
scripts/papers/build_paper4_v444_scripts_sim223_expr_and_false_repair_batch.py,builder_py,444,delete,generated Paper 4 loop artifact retired; not read by Quarto after closure,paper4_deep_cleanup_manifest_2026-05-18.csv; Paper 4 Quarto chapters; v467-v478 curated export artifacts
scripts/papers/build_paper4_v445_post_scripts_sim223_repair_pytest_probe.py,builder_py,445,delete,generated Paper 4 loop artifact retired; not read by Quarto after closure,paper4_deep_cleanup_manifest_2026-05-18.csv; Paper 4 Quarto chapters; v467-v478 curated export artifacts
scripts/papers/build_paper4_v446_scripts_b023_loop_binding_manual_repair_batch.py,builder_py,446,delete,generated Paper 4 loop artifact retired; not read by Quarto after closure,paper4_deep_cleanup_manifest_2026-05-18.csv; Paper 4 Quarto chapters; v467-v478 curated export artifacts
scripts/papers/build_paper4_v447_post_scripts_b023_repair_pytest_probe.py,builder_py,447,delete,generated Paper 4 loop artifact retired; not read by Quarto after closure,paper4_deep_cleanup_manifest_2026-05-18.csv; Paper 4 Quarto chapters; v467-v478 curated export artifacts
scripts/papers/build_paper4_v448_quarto_render_probe.py,builder_py,448,delete,generated Paper 4 loop artifact retired; not read by Quarto after closure,paper4_deep_cleanup_manifest_2026-05-18.csv; Paper 4 Quarto chapters; v467-v478 curated export artifacts
scripts/papers/build_paper4_v449_full_book_render_probe.py,builder_py,449,delete,generated Paper 4 loop artifact retired; not read by Quarto after closure,paper4_deep_cleanup_manifest_2026-05-18.csv; Paper 4 Quarto chapters; v467-v478 curated export artifacts
scripts/papers/build_paper4_v44_registry_publishability_docs.py,builder_py,44,delete,generated Paper 4 loop artifact retired; not read by Quarto after closure,paper4_deep_cleanup_manifest_2026-05-18.csv; Paper 4 Quarto chapters; v467-v478 curated export artifacts
scripts/papers/build_paper4_v450_post_full_book_render_pytest_probe.py,builder_py,450,delete,generated Paper 4 loop artifact retired; not read by Quarto after closure,paper4_deep_cleanup_manifest_2026-05-18.csv; Paper 4 Quarto chapters; v467-v478 curated export artifacts
scripts/papers/build_paper4_v451_release_readiness_synthesis.py,builder_py,451,delete,generated Paper 4 loop artifact retired; not read by Quarto after closure,paper4_deep_cleanup_manifest_2026-05-18.csv; Paper 4 Quarto chapters; v467-v478 curated export artifacts
scripts/papers/build_paper4_v452_manuscript_extraction_scaffold.py,builder_py,452,delete,generated Paper 4 loop artifact retired; not read by Quarto after closure,paper4_deep_cleanup_manifest_2026-05-18.csv; Paper 4 Quarto chapters; v467-v478 curated export artifacts
scripts/papers/build_paper4_v453_methods_results_draft.py,builder_py,453,delete,generated Paper 4 loop artifact retired; not read by Quarto after closure,paper4_deep_cleanup_manifest_2026-05-18.csv; Paper 4 Quarto chapters; v467-v478 curated export artifacts
scripts/papers/build_paper4_v454_discussion_limitations_draft.py,builder_py,454,delete,generated Paper 4 loop artifact retired; not read by Quarto after closure,paper4_deep_cleanup_manifest_2026-05-18.csv; Paper 4 Quarto chapters; v467-v478 curated export artifacts
scripts/papers/build_paper4_v455_abstract_conclusion_draft.py,builder_py,455,delete,generated Paper 4 loop artifact retired; not read by Quarto after closure,paper4_deep_cleanup_manifest_2026-05-18.csv; Paper 4 Quarto chapters; v467-v478 curated export artifacts
scripts/papers/build_paper4_v456_manuscript_assembly_packet.py,builder_py,456,delete,generated Paper 4 loop artifact retired; not read by Quarto after closure,paper4_deep_cleanup_manifest_2026-05-18.csv; Paper 4 Quarto chapters; v467-v478 curated export artifacts
scripts/papers/build_paper4_v457_post_assembly_pytest_probe.py,builder_py,457,delete,generated Paper 4 loop artifact retired; not read by Quarto after closure,paper4_deep_cleanup_manifest_2026-05-18.csv; Paper 4 Quarto chapters; v467-v478 curated export artifacts
scripts/papers/build_paper4_v458_post_assembly_render_decision.py,builder_py,458,delete,generated Paper 4 loop artifact retired; not read by Quarto after closure,paper4_deep_cleanup_manifest_2026-05-18.csv; Paper 4 Quarto chapters; v467-v478 curated export artifacts
scripts/papers/build_paper4_v459_target_venue_structure_packet.py,builder_py,459,delete,generated Paper 4 loop artifact retired; not read by Quarto after closure,paper4_deep_cleanup_manifest_2026-05-18.csv; Paper 4 Quarto chapters; v467-v478 curated export artifacts
scripts/papers/build_paper4_v45_online_cvar_source_solver.py,builder_py,45,delete,generated Paper 4 loop artifact retired; not read by Quarto after closure,paper4_deep_cleanup_manifest_2026-05-18.csv; Paper 4 Quarto chapters; v467-v478 curated export artifacts
scripts/papers/build_paper4_v45_v48_living_lab_wave.py,builder_py,45,delete,generated Paper 4 loop artifact retired; not read by Quarto after closure,paper4_deep_cleanup_manifest_2026-05-18.csv; Paper 4 Quarto chapters; v467-v478 curated export artifacts
scripts/papers/build_paper4_v460_related_work_citation_gap_audit.py,builder_py,460,delete,generated Paper 4 loop artifact retired; not read by Quarto after closure,paper4_deep_cleanup_manifest_2026-05-18.csv; Paper 4 Quarto chapters; v467-v478 curated export artifacts
scripts/papers/build_paper4_v461_bounded_related_work_draft.py,builder_py,461,delete,generated Paper 4 loop artifact retired; not read by Quarto after closure,paper4_deep_cleanup_manifest_2026-05-18.csv; Paper 4 Quarto chapters; v467-v478 curated export artifacts
scripts/papers/build_paper4_v462_manuscript_readiness_delta.py,builder_py,462,delete,generated Paper 4 loop artifact retired; not read by Quarto after closure,paper4_deep_cleanup_manifest_2026-05-18.csv; Paper 4 Quarto chapters; v467-v478 curated export artifacts
scripts/papers/build_paper4_v463_paper_specific_bibliography_plan.py,builder_py,463,delete,generated Paper 4 loop artifact retired; not read by Quarto after closure,paper4_deep_cleanup_manifest_2026-05-18.csv; Paper 4 Quarto chapters; v467-v478 curated export artifacts
scripts/papers/build_paper4_v464_bibliography_subset_dry_run.py,builder_py,464,delete,generated Paper 4 loop artifact retired; not read by Quarto after closure,paper4_deep_cleanup_manifest_2026-05-18.csv; Paper 4 Quarto chapters; v467-v478 curated export artifacts
scripts/papers/build_paper4_v465_citation_integration_dry_run.py,builder_py,465,delete,generated Paper 4 loop artifact retired; not read by Quarto after closure,paper4_deep_cleanup_manifest_2026-05-18.csv; Paper 4 Quarto chapters; v467-v478 curated export artifacts
scripts/papers/build_paper4_v466_domain_execution_backlog_refocus.py,builder_py,466,delete,generated Paper 4 loop artifact retired; not read by Quarto after closure,paper4_deep_cleanup_manifest_2026-05-18.csv; Paper 4 Quarto chapters; v467-v478 curated export artifacts
scripts/papers/build_paper4_v467_cvar_tail_risk_frontier_probe.py,builder_py,467,delete,one-shot builder retired; curated v467-v478 outputs are retained as evidence,paper4_deep_cleanup_manifest_2026-05-18.csv; Paper 4 Quarto chapters; v467-v478 curated export artifacts
scripts/papers/build_paper4_v468_source_governance_refresh.py,builder_py,468,delete,one-shot builder retired; curated v467-v478 outputs are retained as evidence,paper4_deep_cleanup_manifest_2026-05-18.csv; Paper 4 Quarto chapters; v467-v478 curated export artifacts
scripts/papers/build_paper4_v469_dynamic_replay_reproducibility_probe.py,builder_py,469,delete,one-shot builder retired; curated v467-v478 outputs are retained as evidence,paper4_deep_cleanup_manifest_2026-05-18.csv; Paper 4 Quarto chapters; v467-v478 curated export artifacts
scripts/papers/build_paper4_v46_spo_dla_dynamic.py,builder_py,46,delete,generated Paper 4 loop artifact retired; not read by Quarto after closure,paper4_deep_cleanup_manifest_2026-05-18.csv; Paper 4 Quarto chapters; v467-v478 curated export artifacts
scripts/papers/build_paper4_v470_online_conformal_monitoring_proxy.py,builder_py,470,delete,one-shot builder retired; curated v467-v478 outputs are retained as evidence,paper4_deep_cleanup_manifest_2026-05-18.csv; Paper 4 Quarto chapters; v467-v478 curated export artifacts
scripts/papers/build_paper4_v471_spo_dla_boundary_probe.py,builder_py,471,delete,one-shot builder retired; curated v467-v478 outputs are retained as evidence,paper4_deep_cleanup_manifest_2026-05-18.csv; Paper 4 Quarto chapters; v467-v478 curated export artifacts
scripts/papers/build_paper4_v472_ifrs9_proxy_boundary_probe.py,builder_py,472,delete,one-shot builder retired; curated v467-v478 outputs are retained as evidence,paper4_deep_cleanup_manifest_2026-05-18.csv; Paper 4 Quarto chapters; v467-v478 curated export artifacts
scripts/papers/build_paper4_v473_domain_execution_synthesis.py,builder_py,473,delete,one-shot builder retired; curated v467-v478 outputs are retained as evidence,paper4_deep_cleanup_manifest_2026-05-18.csv; Paper 4 Quarto chapters; v467-v478 curated export artifacts
scripts/papers/build_paper4_v474_post_domain_manuscript_delta.py,builder_py,474,delete,one-shot builder retired; curated v467-v478 outputs are retained as evidence,paper4_deep_cleanup_manifest_2026-05-18.csv; Paper 4 Quarto chapters; v467-v478 curated export artifacts
scripts/papers/build_paper4_v475_primary_table_figure_selection.py,builder_py,475,delete,one-shot builder retired; curated v467-v478 outputs are retained as evidence,paper4_deep_cleanup_manifest_2026-05-18.csv; Paper 4 Quarto chapters; v467-v478 curated export artifacts
scripts/papers/build_paper4_v476_caption_and_insertion_plan.py,builder_py,476,delete,one-shot builder retired; curated v467-v478 outputs are retained as evidence,paper4_deep_cleanup_manifest_2026-05-18.csv; Paper 4 Quarto chapters; v467-v478 curated export artifacts
scripts/papers/build_paper4_v477_post_visual_package_manuscript_delta.py,builder_py,477,delete,one-shot builder retired; curated v467-v478 outputs are retained as evidence,paper4_deep_cleanup_manifest_2026-05-18.csv; Paper 4 Quarto chapters; v467-v478 curated export artifacts
scripts/papers/build_paper4_v478_section_text_stub_bundle.py,builder_py,478,delete,one-shot builder retired; curated v467-v478 outputs are retained as evidence,paper4_deep_cleanup_manifest_2026-05-18.csv; Paper 4 Quarto chapters; v467-v478 curated export artifacts
scripts/papers/build_paper4_v479_stub_claim_consistency_audit.py,builder_py,479,delete,generated Paper 4 loop artifact retired; not read by Quarto after closure,paper4_deep_cleanup_manifest_2026-05-18.csv; Paper 4 Quarto chapters; v467-v478 curated export artifacts
scripts/papers/build_paper4_v47_ifrs9_cate_fairness_paths.py,builder_py,47,delete,generated Paper 4 loop artifact retired; not read by Quarto after closure,paper4_deep_cleanup_manifest_2026-05-18.csv; Paper 4 Quarto chapters; v467-v478 curated export artifacts
scripts/papers/build_paper4_v480_controlled_quarto_insertion_plan.py,builder_py,480,delete,generated Paper 4 loop artifact retired; not read by Quarto after closure,paper4_deep_cleanup_manifest_2026-05-18.csv; Paper 4 Quarto chapters; v467-v478 curated export artifacts
scripts/papers/build_paper4_v481_manual_quarto_patch_decision.py,builder_py,481,delete,generated Paper 4 loop artifact retired; not read by Quarto after closure,paper4_deep_cleanup_manifest_2026-05-18.csv; Paper 4 Quarto chapters; v467-v478 curated export artifacts
scripts/papers/build_paper4_v482_post_plan_synthesis_packet.py,builder_py,482,delete,generated Paper 4 loop artifact retired; not read by Quarto after closure,paper4_deep_cleanup_manifest_2026-05-18.csv; Paper 4 Quarto chapters; v467-v478 curated export artifacts
scripts/papers/build_paper4_v483_manual_review_packet.py,builder_py,483,delete,generated Paper 4 loop artifact retired; not read by Quarto after closure,paper4_deep_cleanup_manifest_2026-05-18.csv; Paper 4 Quarto chapters; v467-v478 curated export artifacts
scripts/papers/build_paper4_v484_caption_hardening_dry_run.py,builder_py,484,delete,generated Paper 4 loop artifact retired; not read by Quarto after closure,paper4_deep_cleanup_manifest_2026-05-18.csv; Paper 4 Quarto chapters; v467-v478 curated export artifacts
scripts/papers/build_paper4_v485_caption_consistency_audit.py,builder_py,485,delete,generated Paper 4 loop artifact retired; not read by Quarto after closure,paper4_deep_cleanup_manifest_2026-05-18.csv; Paper 4 Quarto chapters; v467-v478 curated export artifacts
scripts/papers/build_paper4_v486_caption_review_decision_matrix.py,builder_py,486,delete,generated Paper 4 loop artifact retired; not read by Quarto after closure,paper4_deep_cleanup_manifest_2026-05-18.csv; Paper 4 Quarto chapters; v467-v478 curated export artifacts
scripts/papers/build_paper4_v487_caption_asset_pairing_packet.py,builder_py,487,delete,generated Paper 4 loop artifact retired; not read by Quarto after closure,paper4_deep_cleanup_manifest_2026-05-18.csv; Paper 4 Quarto chapters; v467-v478 curated export artifacts
scripts/papers/build_paper4_v488_layout_dry_run_packet.py,builder_py,488,delete,generated Paper 4 loop artifact retired; not read by Quarto after closure,paper4_deep_cleanup_manifest_2026-05-18.csv; Paper 4 Quarto chapters; v467-v478 curated export artifacts
scripts/papers/build_paper4_v489_layout_consistency_audit.py,builder_py,489,delete,generated Paper 4 loop artifact retired; not read by Quarto after closure,paper4_deep_cleanup_manifest_2026-05-18.csv; Paper 4 Quarto chapters; v467-v478 curated export artifacts
scripts/papers/build_paper4_v48_registry_docs_guardrails.py,builder_py,48,delete,generated Paper 4 loop artifact retired; not read by Quarto after closure,paper4_deep_cleanup_manifest_2026-05-18.csv; Paper 4 Quarto chapters; v467-v478 curated export artifacts
scripts/papers/build_paper4_v49_self_directed_loop.py,builder_py,49,delete,generated Paper 4 loop artifact retired; not read by Quarto after closure,paper4_deep_cleanup_manifest_2026-05-18.csv; Paper 4 Quarto chapters; v467-v478 curated export artifacts
scripts/papers/build_paper4_v55_unlock_loop.py,builder_py,55,delete,generated Paper 4 loop artifact retired; not read by Quarto after closure,paper4_deep_cleanup_manifest_2026-05-18.csv; Paper 4 Quarto chapters; v467-v478 curated export artifacts
scripts/papers/build_paper4_v63_source_governance_repair.py,builder_py,63,delete,generated Paper 4 loop artifact retired; not read by Quarto after closure,paper4_deep_cleanup_manifest_2026-05-18.csv; Paper 4 Quarto chapters; v467-v478 curated export artifacts
scripts/papers/build_paper4_v64_online_pseudo_unseen_stress.py,builder_py,64,delete,generated Paper 4 loop artifact retired; not read by Quarto after closure,paper4_deep_cleanup_manifest_2026-05-18.csv; Paper 4 Quarto chapters; v467-v478 curated export artifacts
scripts/papers/build_paper4_v65_online_margin_repair.py,builder_py,65,delete,generated Paper 4 loop artifact retired; not read by Quarto after closure,paper4_deep_cleanup_manifest_2026-05-18.csv; Paper 4 Quarto chapters; v467-v478 curated export artifacts
scripts/papers/build_paper4_v66_external_holdout_protocol.py,builder_py,66,delete,generated Paper 4 loop artifact retired; not read by Quarto after closure,paper4_deep_cleanup_manifest_2026-05-18.csv; Paper 4 Quarto chapters; v467-v478 curated export artifacts
scripts/papers/build_paper4_v67_external_holdout_scorecard.py,builder_py,67,delete,generated Paper 4 loop artifact retired; not read by Quarto after closure,paper4_deep_cleanup_manifest_2026-05-18.csv; Paper 4 Quarto chapters; v467-v478 curated export artifacts
scripts/papers/build_paper4_v68_full_universe_pricing_screen.py,builder_py,68,delete,generated Paper 4 loop artifact retired; not read by Quarto after closure,paper4_deep_cleanup_manifest_2026-05-18.csv; Paper 4 Quarto chapters; v467-v478 curated export artifacts
scripts/papers/build_paper4_v69_restricted_master_expansion.py,builder_py,69,delete,generated Paper 4 loop artifact retired; not read by Quarto after closure,paper4_deep_cleanup_manifest_2026-05-18.csv; Paper 4 Quarto chapters; v467-v478 curated export artifacts
scripts/papers/build_paper4_v70_restricted_master_solver.py,builder_py,70,delete,generated Paper 4 loop artifact retired; not read by Quarto after closure,paper4_deep_cleanup_manifest_2026-05-18.csv; Paper 4 Quarto chapters; v467-v478 curated export artifacts
scripts/papers/build_paper4_v71_full_universe_reduced_costs.py,builder_py,71,delete,generated Paper 4 loop artifact retired; not read by Quarto after closure,paper4_deep_cleanup_manifest_2026-05-18.csv; Paper 4 Quarto chapters; v467-v478 curated export artifacts
scripts/papers/build_paper4_v72_column_generation_iteration.py,builder_py,72,delete,generated Paper 4 loop artifact retired; not read by Quarto after closure,paper4_deep_cleanup_manifest_2026-05-18.csv; Paper 4 Quarto chapters; v467-v478 curated export artifacts
scripts/papers/build_paper4_v73_reprice_after_iteration.py,builder_py,73,delete,generated Paper 4 loop artifact retired; not read by Quarto after closure,paper4_deep_cleanup_manifest_2026-05-18.csv; Paper 4 Quarto chapters; v467-v478 curated export artifacts
scripts/papers/build_paper4_v74_column_generation_iteration_2.py,builder_py,74,delete,generated Paper 4 loop artifact retired; not read by Quarto after closure,paper4_deep_cleanup_manifest_2026-05-18.csv; Paper 4 Quarto chapters; v467-v478 curated export artifacts
scripts/papers/build_paper4_v75_reprice_after_iteration_2.py,builder_py,75,delete,generated Paper 4 loop artifact retired; not read by Quarto after closure,paper4_deep_cleanup_manifest_2026-05-18.csv; Paper 4 Quarto chapters; v467-v478 curated export artifacts
scripts/papers/build_paper4_v76_column_generation_iteration_3.py,builder_py,76,delete,generated Paper 4 loop artifact retired; not read by Quarto after closure,paper4_deep_cleanup_manifest_2026-05-18.csv; Paper 4 Quarto chapters; v467-v478 curated export artifacts
scripts/papers/build_paper4_v77_reprice_after_iteration_3.py,builder_py,77,delete,generated Paper 4 loop artifact retired; not read by Quarto after closure,paper4_deep_cleanup_manifest_2026-05-18.csv; Paper 4 Quarto chapters; v467-v478 curated export artifacts
scripts/papers/build_paper4_v78_source_scope_expanded_reprice.py,builder_py,78,delete,generated Paper 4 loop artifact retired; not read by Quarto after closure,paper4_deep_cleanup_manifest_2026-05-18.csv; Paper 4 Quarto chapters; v467-v478 curated export artifacts
scripts/papers/build_paper4_v79_integrality_probe.py,builder_py,79,delete,generated Paper 4 loop artifact retired; not read by Quarto after closure,paper4_deep_cleanup_manifest_2026-05-18.csv; Paper 4 Quarto chapters; v467-v478 curated export artifacts
scripts/papers/build_paper4_v80_full_pool_milp_gap_probe.py,builder_py,80,delete,generated Paper 4 loop artifact retired; not read by Quarto after closure,paper4_deep_cleanup_manifest_2026-05-18.csv; Paper 4 Quarto chapters; v467-v478 curated export artifacts
scripts/papers/build_paper4_v81_integer_omitted_insertion_screen.py,builder_py,81,delete,generated Paper 4 loop artifact retired; not read by Quarto after closure,paper4_deep_cleanup_manifest_2026-05-18.csv; Paper 4 Quarto chapters; v467-v478 curated export artifacts
scripts/papers/build_paper4_v82_one_swap_integer_pricing_probe.py,builder_py,82,delete,generated Paper 4 loop artifact retired; not read by Quarto after closure,paper4_deep_cleanup_manifest_2026-05-18.csv; Paper 4 Quarto chapters; v467-v478 curated export artifacts
scripts/papers/build_paper4_v83_best_one_swap_repair.py,builder_py,83,delete,generated Paper 4 loop artifact retired; not read by Quarto after closure,paper4_deep_cleanup_manifest_2026-05-18.csv; Paper 4 Quarto chapters; v467-v478 curated export artifacts
scripts/papers/build_paper4_v84_post_repair_one_swap_reprice.py,builder_py,84,delete,generated Paper 4 loop artifact retired; not read by Quarto after closure,paper4_deep_cleanup_manifest_2026-05-18.csv; Paper 4 Quarto chapters; v467-v478 curated export artifacts
scripts/papers/build_paper4_v85_next_one_swap_repair.py,builder_py,85,delete,generated Paper 4 loop artifact retired; not read by Quarto after closure,paper4_deep_cleanup_manifest_2026-05-18.csv; Paper 4 Quarto chapters; v467-v478 curated export artifacts
scripts/papers/build_paper4_v86_post_repair_one_swap_reprice.py,builder_py,86,delete,generated Paper 4 loop artifact retired; not read by Quarto after closure,paper4_deep_cleanup_manifest_2026-05-18.csv; Paper 4 Quarto chapters; v467-v478 curated export artifacts
scripts/papers/build_paper4_v87_next_one_swap_repair.py,builder_py,87,delete,generated Paper 4 loop artifact retired; not read by Quarto after closure,paper4_deep_cleanup_manifest_2026-05-18.csv; Paper 4 Quarto chapters; v467-v478 curated export artifacts
scripts/papers/build_paper4_v88_post_repair_one_swap_reprice.py,builder_py,88,delete,generated Paper 4 loop artifact retired; not read by Quarto after closure,paper4_deep_cleanup_manifest_2026-05-18.csv; Paper 4 Quarto chapters; v467-v478 curated export artifacts
scripts/papers/build_paper4_v89_next_one_swap_repair.py,builder_py,89,delete,generated Paper 4 loop artifact retired; not read by Quarto after closure,paper4_deep_cleanup_manifest_2026-05-18.csv; Paper 4 Quarto chapters; v467-v478 curated export artifacts
scripts/papers/build_paper4_v90_post_repair_one_swap_reprice.py,builder_py,90,delete,generated Paper 4 loop artifact retired; not read by Quarto after closure,paper4_deep_cleanup_manifest_2026-05-18.csv; Paper 4 Quarto chapters; v467-v478 curated export artifacts
scripts/papers/build_paper4_v91_next_one_swap_repair.py,builder_py,91,delete,generated Paper 4 loop artifact retired; not read by Quarto after closure,paper4_deep_cleanup_manifest_2026-05-18.csv; Paper 4 Quarto chapters; v467-v478 curated export artifacts
scripts/papers/build_paper4_v92_post_repair_one_swap_reprice.py,builder_py,92,delete,generated Paper 4 loop artifact retired; not read by Quarto after closure,paper4_deep_cleanup_manifest_2026-05-18.csv; Paper 4 Quarto chapters; v467-v478 curated export artifacts
scripts/papers/build_paper4_v93_next_one_swap_repair.py,builder_py,93,delete,generated Paper 4 loop artifact retired; not read by Quarto after closure,paper4_deep_cleanup_manifest_2026-05-18.csv; Paper 4 Quarto chapters; v467-v478 curated export artifacts
scripts/papers/build_paper4_v94_post_repair_one_swap_reprice.py,builder_py,94,delete,generated Paper 4 loop artifact retired; not read by Quarto after closure,paper4_deep_cleanup_manifest_2026-05-18.csv; Paper 4 Quarto chapters; v467-v478 curated export artifacts
scripts/papers/build_paper4_v95_next_one_swap_repair.py,builder_py,95,delete,generated Paper 4 loop artifact retired; not read by Quarto after closure,paper4_deep_cleanup_manifest_2026-05-18.csv; Paper 4 Quarto chapters; v467-v478 curated export artifacts
scripts/papers/build_paper4_v96_post_repair_one_swap_reprice.py,builder_py,96,delete,generated Paper 4 loop artifact retired; not read by Quarto after closure,paper4_deep_cleanup_manifest_2026-05-18.csv; Paper 4 Quarto chapters; v467-v478 curated export artifacts
scripts/papers/build_paper4_v97_next_one_swap_repair.py,builder_py,97,delete,generated Paper 4 loop artifact retired; not read by Quarto after closure,paper4_deep_cleanup_manifest_2026-05-18.csv; Paper 4 Quarto chapters; v467-v478 curated export artifacts
scripts/papers/build_paper4_v98_post_repair_one_swap_reprice.py,builder_py,98,delete,generated Paper 4 loop artifact retired; not read by Quarto after closure,paper4_deep_cleanup_manifest_2026-05-18.csv; Paper 4 Quarto chapters; v467-v478 curated export artifacts
scripts/papers/build_paper4_v99_next_one_swap_repair.py,builder_py,99,delete,generated Paper 4 loop artifact retired; not read by Quarto after closure,paper4_deep_cleanup_manifest_2026-05-18.csv; Paper 4 Quarto chapters; v467-v478 curated export artifacts
reports/paper_material/paper4/status/paper4_v44_working_champion.json,status_json,44,delete,residual generated working-champion status retired with deep cleanup,paper4_deep_cleanup_manifest_2026-05-18.csv; Paper 4 Quarto chapters; v467-v478 curated export artifacts
reports/paper_material/paper4/status/paper4_v48_working_champion.json,status_json,48,delete,residual generated working-champion status retired with deep cleanup,paper4_deep_cleanup_manifest_2026-05-18.csv; Paper 4 Quarto chapters; v467-v478 curated export artifacts
reports/paper_material/paper4/status/paper4_v52_working_champion.json,status_json,52,delete,residual generated working-champion status retired with deep cleanup,paper4_deep_cleanup_manifest_2026-05-18.csv; Paper 4 Quarto chapters; v467-v478 curated export artifacts
reports/paper_material/paper4/status/paper4_v53_working_champion.json,status_json,53,delete,residual generated working-champion status retired with deep cleanup,paper4_deep_cleanup_manifest_2026-05-18.csv; Paper 4 Quarto chapters; v467-v478 curated export artifacts
reports/paper_material/paper4/status/paper4_v58_working_champion.json,status_json,58,delete,residual generated working-champion status retired with deep cleanup,paper4_deep_cleanup_manifest_2026-05-18.csv; Paper 4 Quarto chapters; v467-v478 curated export artifacts
