source_family,source_id,issue_month,n_loans,coverage,avg_width,n_policies,parent_n,parent_coverage,direct_cell_scope_v45
grade,A,2020-07,1,1.0,0.8381493609212858,70,3,1.0,source-month loan-level coverage cell using historical accepted-loan evidence
grade,B,2018-02,1,1.0,0.8648111225414128,60,8,0.9374163319946452,source-month loan-level coverage cell using historical accepted-loan evidence
grade,B,2018-04,1,0.0,0.8636430153376995,70,3,0.7254901960784313,source-month loan-level coverage cell using historical accepted-loan evidence
grade,B,2018-07,1,1.0,0.8720999744023203,70,19,1.0,source-month loan-level coverage cell using historical accepted-loan evidence
grade,B,2018-08,2,1.0,0.8707270737430622,70,20,0.9972707423580786,source-month loan-level coverage cell using historical accepted-loan evidence
grade,B,2018-10,1,1.0,0.8585271370791429,70,15,0.9856115107913669,source-month loan-level coverage cell using historical accepted-loan evidence
grade,B,2018-11,2,1.0,0.861404818599581,90,29,0.9898042414355628,source-month loan-level coverage cell using historical accepted-loan evidence
grade,B,2018-12,1,1.0,0.8636430153376994,54,20,1.0,source-month loan-level coverage cell using historical accepted-loan evidence
grade,B,2019-01,2,1.0,0.856365096472615,52,20,1.0,source-month loan-level coverage cell using historical accepted-loan evidence
grade,B,2019-02,1,1.0,0.8636430153376995,70,16,0.981536189069424,source-month loan-level coverage cell using historical accepted-loan evidence
grade,B,2019-03,5,0.8181818181818182,0.8587379085873849,65,20,0.9838909541511772,source-month loan-level coverage cell using historical accepted-loan evidence
grade,B,2019-04,3,1.0,0.86940912379085,90,24,0.9148418491484185,source-month loan-level coverage cell using historical accepted-loan evidence
grade,B,2019-05,4,0.9195402298850575,0.8570274487702941,90,19,0.9853760445682451,source-month loan-level coverage cell using historical accepted-loan evidence
grade,B,2019-08,2,1.0,0.8636430153376995,70,18,1.0,source-month loan-level coverage cell using historical accepted-loan evidence
grade,B,2019-10,2,1.0,0.8740547971277725,90,9,1.0,source-month loan-level coverage cell using historical accepted-loan evidence
grade,B,2019-11,1,1.0,0.8636430153376995,8,13,0.8845798707294552,source-month loan-level coverage cell using historical accepted-loan evidence
grade,B,2019-12,1,1.0,0.8636430153376994,80,10,1.0,source-month loan-level coverage cell using historical accepted-loan evidence
grade,B,2020-01,1,1.0,0.8528517804870072,80,8,1.0,source-month loan-level coverage cell using historical accepted-loan evidence
grade,B,2020-04,1,1.0,0.8959195078971658,100,3,1.0,source-month loan-level coverage cell using historical accepted-loan evidence
grade,B,2020-05,1,1.0,0.8901523383201217,100,1,1.0,source-month loan-level coverage cell using historical accepted-loan evidence
grade,B,2020-06,1,1.0,0.8647689772803158,100,1,1.0,source-month loan-level coverage cell using historical accepted-loan evidence
grade,B,2020-07,1,1.0,0.9739576110075903,100,3,1.0,source-month loan-level coverage cell using historical accepted-loan evidence
grade,C,2018-01,5,1.0,0.620613208982183,100,9,1.0,source-month loan-level coverage cell using historical accepted-loan evidence
grade,C,2018-02,1,1.0,0.9727702239865921,100,8,0.9374163319946452,source-month loan-level coverage cell using historical accepted-loan evidence
grade,C,2018-03,3,1.0,0.8714498925041164,100,5,1.0,source-month loan-level coverage cell using historical accepted-loan evidence
grade,C,2018-04,1,1.0,0.8720999744023203,85,3,0.7254901960784313,source-month loan-level coverage cell using historical accepted-loan evidence
grade,C,2018-05,6,1.0,0.9125062189571626,100,10,1.0,source-month loan-level coverage cell using historical accepted-loan evidence
grade,C,2018-06,4,1.0,0.9261663498265746,100,14,0.9041411042944786,source-month loan-level coverage cell using historical accepted-loan evidence
grade,C,2018-07,3,1.0,0.8994644815302203,100,19,1.0,source-month loan-level coverage cell using historical accepted-loan evidence
grade,C,2018-08,11,0.99375,0.9005048089906595,100,20,0.9972707423580786,source-month loan-level coverage cell using historical accepted-loan evidence
grade,C,2018-09,7,1.0,0.90902401564768,100,17,1.0,source-month loan-level coverage cell using historical accepted-loan evidence
grade,C,2018-10,6,0.9615384615384616,0.9010933943203212,100,15,0.9856115107913669,source-month loan-level coverage cell using historical accepted-loan evidence
grade,C,2018-11,8,1.0,0.9218974921537888,100,29,0.9898042414355628,source-month loan-level coverage cell using historical accepted-loan evidence
grade,C,2018-12,9,1.0,0.8978032336775327,100,20,1.0,source-month loan-level coverage cell using historical accepted-loan evidence
grade,C,2019-01,7,1.0,0.9066563740202063,100,20,1.0,source-month loan-level coverage cell using historical accepted-loan evidence
grade,C,2019-02,4,1.0,0.9235298435072945,100,16,0.981536189069424,source-month loan-level coverage cell using historical accepted-loan evidence
grade,C,2019-03,4,1.0,0.9015947222654761,100,20,0.9838909541511772,source-month loan-level coverage cell using historical accepted-loan evidence
grade,C,2019-04,14,0.8983739837398373,0.9239495831370235,100,24,0.9148418491484185,source-month loan-level coverage cell using historical accepted-loan evidence
grade,C,2019-05,7,1.0,0.9150950208085648,100,19,0.9853760445682451,source-month loan-level coverage cell using historical accepted-loan evidence
grade,C,2019-06,7,0.8333333333333334,0.8980458389119443,100,16,0.9325236167341431,source-month loan-level coverage cell using historical accepted-loan evidence
grade,C,2019-07,10,0.8765060240963856,0.9168927426445742,100,26,0.9461570945945946,source-month loan-level coverage cell using historical accepted-loan evidence
grade,C,2019-08,8,1.0,0.9100281497642232,100,18,1.0,source-month loan-level coverage cell using historical accepted-loan evidence
grade,C,2019-09,3,1.0,0.9645010168170939,100,9,1.0,source-month loan-level coverage cell using historical accepted-loan evidence
grade,C,2019-10,2,1.0,0.9087308123131461,100,9,1.0,source-month loan-level coverage cell using historical accepted-loan evidence
grade,C,2019-11,5,0.7619047619047619,0.9243594613448501,100,13,0.8845798707294552,source-month loan-level coverage cell using historical accepted-loan evidence
grade,C,2019-12,5,1.0,0.9050944815277244,100,10,1.0,source-month loan-level coverage cell using historical accepted-loan evidence
grade,C,2020-01,2,1.0,0.9019592229817286,100,8,1.0,source-month loan-level coverage cell using historical accepted-loan evidence
grade,C,2020-02,5,1.0,0.9159471834856013,100,5,1.0,source-month loan-level coverage cell using historical accepted-loan evidence
grade,C,2020-03,1,1.0,0.9182820763442386,20,1,1.0,source-month loan-level coverage cell using historical accepted-loan evidence
grade,C,2020-04,2,1.0,0.8986800994794482,100,3,1.0,source-month loan-level coverage cell using historical accepted-loan evidence
grade,C,2020-07,1,1.0,0.8959195078971658,100,3,1.0,source-month loan-level coverage cell using historical accepted-loan evidence
grade,C,2020-08,3,1.0,0.9290080498131834,100,3,1.0,source-month loan-level coverage cell using historical accepted-loan evidence
grade,C,2020-09,1,1.0,0.9390547995493362,100,1,1.0,source-month loan-level coverage cell using historical accepted-loan evidence
grade,D,2018-01,2,1.0,0.7123795137013426,100,9,1.0,source-month loan-level coverage cell using historical accepted-loan evidence
grade,D,2018-02,6,0.9203577512776832,0.9824331542126928,100,8,0.9374163319946452,source-month loan-level coverage cell using historical accepted-loan evidence
grade,D,2018-03,2,1.0,0.9819777220081813,100,5,1.0,source-month loan-level coverage cell using historical accepted-loan evidence
grade,D,2018-04,1,1.0,0.9816480430640655,100,3,0.7254901960784313,source-month loan-level coverage cell using historical accepted-loan evidence
grade,D,2018-05,2,1.0,0.9840324771333343,100,10,1.0,source-month loan-level coverage cell using historical accepted-loan evidence
grade,D,2018-06,8,0.96875,0.985001093389537,100,14,0.9041411042944786,source-month loan-level coverage cell using historical accepted-loan evidence
grade,D,2018-07,4,1.0,0.9843033947710765,100,19,1.0,source-month loan-level coverage cell using historical accepted-loan evidence
grade,D,2018-08,5,1.0,0.9843304833244427,100,20,0.9972707423580786,source-month loan-level coverage cell using historical accepted-loan evidence
grade,D,2018-09,7,1.0,0.9827667019718086,100,17,1.0,source-month loan-level coverage cell using historical accepted-loan evidence
grade,D,2018-10,3,1.0,0.983379103331157,100,15,0.9856115107913669,source-month loan-level coverage cell using historical accepted-loan evidence
grade,D,2018-11,9,0.9722222222222222,0.9817128697041194,100,29,0.9898042414355628,source-month loan-level coverage cell using historical accepted-loan evidence
grade,D,2018-12,4,1.0,0.9799903879885935,100,20,1.0,source-month loan-level coverage cell using historical accepted-loan evidence
grade,D,2019-01,4,1.0,0.9838676376612764,100,20,1.0,source-month loan-level coverage cell using historical accepted-loan evidence
grade,D,2019-02,7,0.9642857142857143,0.9859412145256613,100,16,0.981536189069424,source-month loan-level coverage cell using historical accepted-loan evidence
grade,D,2019-03,8,1.0,0.9906611790902389,100,20,0.9838909541511772,source-month loan-level coverage cell using historical accepted-loan evidence
grade,D,2019-04,7,0.9278499278499278,0.9900954882141177,100,24,0.9148418491484185,source-month loan-level coverage cell using historical accepted-loan evidence
grade,D,2019-05,8,1.0,0.9851561476978387,100,19,0.9853760445682451,source-month loan-level coverage cell using historical accepted-loan evidence
grade,D,2019-06,9,1.0,0.9886274373830275,100,16,0.9325236167341431,source-month loan-level coverage cell using historical accepted-loan evidence
grade,D,2019-07,16,0.9837451235370611,0.9871300169081006,100,26,0.9461570945945946,source-month loan-level coverage cell using historical accepted-loan evidence
grade,D,2019-08,8,1.0,0.9879038585313891,100,18,1.0,source-month loan-level coverage cell using historical accepted-loan evidence
grade,D,2019-09,6,1.0,0.9843882477527425,100,9,1.0,source-month loan-level coverage cell using historical accepted-loan evidence
grade,D,2019-10,5,1.0,0.9842748639768097,100,9,1.0,source-month loan-level coverage cell using historical accepted-loan evidence
grade,D,2019-11,7,0.9618320610687023,0.9954077858471849,100,13,0.8845798707294552,source-month loan-level coverage cell using historical accepted-loan evidence
grade,D,2019-12,4,1.0,0.9922504091706075,100,10,1.0,source-month loan-level coverage cell using historical accepted-loan evidence
grade,D,2020-01,5,1.0,0.9861716879036698,100,8,1.0,source-month loan-level coverage cell using historical accepted-loan evidence
grade,E,2018-01,2,1.0,0.6649332164058285,100,9,1.0,source-month loan-level coverage cell using historical accepted-loan evidence
grade,E,2018-05,1,1.0,0.9512728534849713,100,10,1.0,source-month loan-level coverage cell using historical accepted-loan evidence
grade,E,2018-07,6,1.0,0.9259510013383344,100,19,1.0,source-month loan-level coverage cell using historical accepted-loan evidence
grade,E,2018-08,1,1.0,0.9400138795033854,100,20,0.9972707423580786,source-month loan-level coverage cell using historical accepted-loan evidence
grade,E,2018-09,2,1.0,0.9158864918824224,100,17,1.0,source-month loan-level coverage cell using historical accepted-loan evidence
grade,E,2018-10,5,1.0,0.9513874891454781,100,15,0.9856115107913669,source-month loan-level coverage cell using historical accepted-loan evidence
grade,E,2018-11,9,1.0,0.9303272533745554,100,29,0.9898042414355628,source-month loan-level coverage cell using historical accepted-loan evidence
grade,E,2018-12,5,1.0,0.9766843686517721,100,20,1.0,source-month loan-level coverage cell using historical accepted-loan evidence
grade,E,2019-01,5,1.0,0.9497552993265161,100,20,1.0,source-month loan-level coverage cell using historical accepted-loan evidence
grade,E,2019-02,2,1.0,0.9262728534849713,69,16,0.981536189069424,source-month loan-level coverage cell using historical accepted-loan evidence
grade,E,2019-03,2,1.0,0.9288448502669229,100,20,0.9838909541511772,source-month loan-level coverage cell using historical accepted-loan evidence
grade,F,2018-05,1,1.0,0.9962901727153476,100,10,1.0,source-month loan-level coverage cell using historical accepted-loan evidence
grade,F,2018-06,2,0.5,0.9736151792514158,100,14,0.9041411042944786,source-month loan-level coverage cell using historical accepted-loan evidence
grade,F,2018-07,5,1.0,0.9504562493001116,100,19,1.0,source-month loan-level coverage cell using historical accepted-loan evidence
grade,F,2018-09,1,1.0,0.9720404433422886,100,17,1.0,source-month loan-level coverage cell using historical accepted-loan evidence
grade,F,2018-11,1,1.0,0.9671173044591491,100,29,0.9898042414355628,source-month loan-level coverage cell using historical accepted-loan evidence
grade,F,2019-01,2,1.0,0.9712185820735766,100,20,1.0,source-month loan-level coverage cell using historical accepted-loan evidence
grade,F,2019-03,1,1.0,1.0,100,20,0.9838909541511772,source-month loan-level coverage cell using historical accepted-loan evidence
grade,G,2018-08,1,1.0,0.9789079580236116,100,20,0.9972707423580786,source-month loan-level coverage cell using historical accepted-loan evidence
grade,G,2018-12,1,1.0,0.9923439401907374,100,20,1.0,source-month loan-level coverage cell using historical accepted-loan evidence
grade,G,2019-02,2,1.0,0.9857121240773218,100,16,0.981536189069424,source-month loan-level coverage cell using historical accepted-loan evidence
period,2018H1,2018-01,9,1.0,0.6551528821148747,100,9,1.0,source-month loan-level coverage cell using historical accepted-loan evidence
period,2018H1,2018-02,8,0.9374163319946452,0.9716920365113717,100,8,0.9374163319946452,source-month loan-level coverage cell using historical accepted-loan evidence
period,2018H1,2018-03,5,1.0,0.9243340214534298,100,5,1.0,source-month loan-level coverage cell using historical accepted-loan evidence
period,2018H1,2018-04,3,0.7254901960784313,0.912738483153893,100,3,0.7254901960784313,source-month loan-level coverage cell using historical accepted-loan evidence
period,2018H1,2018-05,10,1.0,0.9468218655512629,100,10,1.0,source-month loan-level coverage cell using historical accepted-loan evidence
period,2018H1,2018-06,14,0.9041411042944786,0.9695387123536745,100,14,0.9041411042944786,source-month loan-level coverage cell using historical accepted-loan evidence
period,2018H2,2018-07,19,1.0,0.9404127190772541,100,19,1.0,source-month loan-level coverage cell using historical accepted-loan evidence
period,2018H2,2018-08,20,0.9972707423580786,0.9379869827265671,100,20,0.9972707423580786,source-month loan-level coverage cell using historical accepted-loan evidence
period,2018H2,2018-09,17,1.0,0.9560454418517239,100,17,1.0,source-month loan-level coverage cell using historical accepted-loan evidence
period,2018H2,2018-10,15,0.9856115107913669,0.9348006764130886,100,15,0.9856115107913669,source-month loan-level coverage cell using historical accepted-loan evidence
period,2018H2,2018-11,29,0.9898042414355628,0.9447335549583508,100,29,0.9898042414355628,source-month loan-level coverage cell using historical accepted-loan evidence
period,2018H2,2018-12,20,1.0,0.9409348324299303,100,20,1.0,source-month loan-level coverage cell using historical accepted-loan evidence
period,2019H1,2019-01,20,1.0,0.939099018609516,100,20,1.0,source-month loan-level coverage cell using historical accepted-loan evidence
period,2019H1,2019-02,16,0.981536189069424,0.9608303191981376,100,16,0.981536189069424,source-month loan-level coverage cell using historical accepted-loan evidence
period,2019H1,2019-03,20,0.9838909541511772,0.9514182628339922,100,20,0.9838909541511772,source-month loan-level coverage cell using historical accepted-loan evidence
period,2019H1,2019-04,24,0.9148418491484185,0.9427523916940704,100,24,0.9148418491484185,source-month loan-level coverage cell using historical accepted-loan evidence
period,2019H1,2019-05,19,0.9853760445682451,0.9411327707145304,100,19,0.9853760445682451,source-month loan-level coverage cell using historical accepted-loan evidence
period,2019H1,2019-06,16,0.9325236167341431,0.9519547254514149,100,16,0.9325236167341431,source-month loan-level coverage cell using historical accepted-loan evidence
period,2019H2,2019-07,26,0.9461570945945946,0.9625113777025571,100,26,0.9461570945945946,source-month loan-level coverage cell using historical accepted-loan evidence
period,2019H2,2019-08,18,1.0,0.9481163619550547,100,18,1.0,source-month loan-level coverage cell using historical accepted-loan evidence
period,2019H2,2019-09,9,1.0,0.9777591707741929,100,9,1.0,source-month loan-level coverage cell using historical accepted-loan evidence
period,2019H2,2019-10,9,1.0,0.9470491929649412,100,9,1.0,source-month loan-level coverage cell using historical accepted-loan evidence
period,2019H2,2019-11,13,0.8845798707294552,0.9668810873660618,100,13,0.8845798707294552,source-month loan-level coverage cell using historical accepted-loan evidence
period,2019H2,2019-12,10,1.0,0.9387126173589525,100,10,1.0,source-month loan-level coverage cell using historical accepted-loan evidence
period,2020,2020-01,8,1.0,0.9511572088855854,100,8,1.0,source-month loan-level coverage cell using historical accepted-loan evidence
period,2020,2020-02,5,1.0,0.9159471834856013,100,5,1.0,source-month loan-level coverage cell using historical accepted-loan evidence
period,2020,2020-03,1,1.0,0.9182820763442386,20,1,1.0,source-month loan-level coverage cell using historical accepted-loan evidence
period,2020,2020-04,3,1.0,0.897759902285354,100,3,1.0,source-month loan-level coverage cell using historical accepted-loan evidence
period,2020,2020-05,1,1.0,0.8901523383201217,100,1,1.0,source-month loan-level coverage cell using historical accepted-loan evidence
period,2020,2020-06,1,1.0,0.8647689772803158,100,1,1.0,source-month loan-level coverage cell using historical accepted-loan evidence
period,2020,2020-07,3,1.0,0.9098450635369096,100,3,1.0,source-month loan-level coverage cell using historical accepted-loan evidence
period,2020,2020-08,3,1.0,0.9290080498131834,100,3,1.0,source-month loan-level coverage cell using historical accepted-loan evidence
period,2020,2020-09,1,1.0,0.9390547995493362,100,1,1.0,source-month loan-level coverage cell using historical accepted-loan evidence
term,36,2018-01,9,1.0,0.6551528821148747,100,9,1.0,source-month loan-level coverage cell using historical accepted-loan evidence
term,36,2018-02,8,0.9374163319946452,0.9716920365113717,100,8,0.9374163319946452,source-month loan-level coverage cell using historical accepted-loan evidence
term,36,2018-03,5,1.0,0.9243340214534298,100,5,1.0,source-month loan-level coverage cell using historical accepted-loan evidence
term,36,2018-04,3,0.7254901960784313,0.912738483153893,100,3,0.7254901960784313,source-month loan-level coverage cell using historical accepted-loan evidence
term,36,2018-05,10,1.0,0.9468218655512629,100,10,1.0,source-month loan-level coverage cell using historical accepted-loan evidence
term,36,2018-06,14,0.9041411042944786,0.9695387123536745,100,14,0.9041411042944786,source-month loan-level coverage cell using historical accepted-loan evidence
term,36,2018-07,19,1.0,0.9404127190772541,100,19,1.0,source-month loan-level coverage cell using historical accepted-loan evidence
term,36,2018-08,20,0.9972707423580786,0.9379869827265671,100,20,0.9972707423580786,source-month loan-level coverage cell using historical accepted-loan evidence
term,36,2018-09,17,1.0,0.9560454418517239,100,17,1.0,source-month loan-level coverage cell using historical accepted-loan evidence
term,36,2018-10,15,0.9856115107913669,0.9348006764130886,100,15,0.9856115107913669,source-month loan-level coverage cell using historical accepted-loan evidence
term,36,2018-11,29,0.9898042414355628,0.9447335549583508,100,29,0.9898042414355628,source-month loan-level coverage cell using historical accepted-loan evidence
term,36,2018-12,20,1.0,0.9409348324299303,100,20,1.0,source-month loan-level coverage cell using historical accepted-loan evidence
term,36,2019-01,20,1.0,0.939099018609516,100,20,1.0,source-month loan-level coverage cell using historical accepted-loan evidence
term,36,2019-02,16,0.981536189069424,0.9608303191981376,100,16,0.981536189069424,source-month loan-level coverage cell using historical accepted-loan evidence
term,36,2019-03,20,0.9838909541511772,0.9514182628339922,100,20,0.9838909541511772,source-month loan-level coverage cell using historical accepted-loan evidence
term,36,2019-04,23,0.910941475826972,0.9459883802723185,100,24,0.9148418491484185,source-month loan-level coverage cell using historical accepted-loan evidence
term,36,2019-05,19,0.9853760445682451,0.9411327707145304,100,19,0.9853760445682451,source-month loan-level coverage cell using historical accepted-loan evidence
term,36,2019-06,16,0.9325236167341431,0.9519547254514149,100,16,0.9325236167341431,source-month loan-level coverage cell using historical accepted-loan evidence
term,36,2019-07,25,0.9437830687830688,0.9616676093885577,100,26,0.9461570945945946,source-month loan-level coverage cell using historical accepted-loan evidence
term,36,2019-08,17,1.0,0.9485778445283662,100,18,1.0,source-month loan-level coverage cell using historical accepted-loan evidence
term,36,2019-09,9,1.0,0.9777591707741929,100,9,1.0,source-month loan-level coverage cell using historical accepted-loan evidence
term,36,2019-10,9,1.0,0.9470491929649412,100,9,1.0,source-month loan-level coverage cell using historical accepted-loan evidence
term,36,2019-11,11,0.872057318321392,0.9644043740990208,100,13,0.8845798707294552,source-month loan-level coverage cell using historical accepted-loan evidence
term,36,2019-12,9,1.0,0.9457946552854859,100,10,1.0,source-month loan-level coverage cell using historical accepted-loan evidence
term,36,2020-01,8,1.0,0.9511572088855854,100,8,1.0,source-month loan-level coverage cell using historical accepted-loan evidence
term,36,2020-02,5,1.0,0.9159471834856013,100,5,1.0,source-month loan-level coverage cell using historical accepted-loan evidence
term,36,2020-03,1,1.0,0.9182820763442386,20,1,1.0,source-month loan-level coverage cell using historical accepted-loan evidence
term,36,2020-04,3,1.0,0.897759902285354,100,3,1.0,source-month loan-level coverage cell using historical accepted-loan evidence
term,36,2020-05,1,1.0,0.8901523383201217,100,1,1.0,source-month loan-level coverage cell using historical accepted-loan evidence
term,36,2020-06,1,1.0,0.8647689772803158,100,1,1.0,source-month loan-level coverage cell using historical accepted-loan evidence
term,36,2020-07,3,1.0,0.9098450635369096,100,3,1.0,source-month loan-level coverage cell using historical accepted-loan evidence
term,36,2020-08,3,1.0,0.9290080498131834,100,3,1.0,source-month loan-level coverage cell using historical accepted-loan evidence
term,36,2020-09,1,1.0,0.9390547995493362,100,1,1.0,source-month loan-level coverage cell using historical accepted-loan evidence
term,60,2019-04,1,1.0,0.8720999744023203,90,24,0.9148418491484185,source-month loan-level coverage cell using historical accepted-loan evidence
term,60,2019-07,1,1.0,0.9816480430640655,100,26,0.9461570945945946,source-month loan-level coverage cell using historical accepted-loan evidence
term,60,2019-08,1,1.0,0.9262728534849713,30,18,1.0,source-month loan-level coverage cell using historical accepted-loan evidence
term,60,2019-11,2,1.0,0.9897089068179395,100,13,0.8845798707294552,source-month loan-level coverage cell using historical accepted-loan evidence
term,60,2019-12,1,1.0,0.8636430153376994,80,10,1.0,source-month loan-level coverage cell using historical accepted-loan evidence
score_decile,0,2018-01,1,1.0,0.5906473941368078,100,9,1.0,source-month loan-level coverage cell using historical accepted-loan evidence
score_decile,0,2018-02,1,1.0,0.8648111225414128,60,8,0.9374163319946452,source-month loan-level coverage cell using historical accepted-loan evidence
score_decile,0,2018-03,2,1.0,0.8677407171525157,100,5,1.0,source-month loan-level coverage cell using historical accepted-loan evidence
score_decile,0,2018-04,2,0.5483870967741935,0.8682807025666851,85,3,0.7254901960784313,source-month loan-level coverage cell using historical accepted-loan evidence
score_decile,0,2018-07,1,1.0,0.8720999744023203,70,19,1.0,source-month loan-level coverage cell using historical accepted-loan evidence
score_decile,0,2018-08,4,1.0,0.8735663040711762,100,20,0.9972707423580786,source-month loan-level coverage cell using historical accepted-loan evidence
score_decile,0,2018-10,1,1.0,0.8585271370791429,70,15,0.9856115107913669,source-month loan-level coverage cell using historical accepted-loan evidence
score_decile,0,2018-11,2,1.0,0.861404818599581,90,29,0.9898042414355628,source-month loan-level coverage cell using historical accepted-loan evidence
score_decile,0,2018-12,3,1.0,0.8741501144544328,100,20,1.0,source-month loan-level coverage cell using historical accepted-loan evidence
score_decile,0,2019-01,3,1.0,0.8649166605648462,100,20,1.0,source-month loan-level coverage cell using historical accepted-loan evidence
score_decile,0,2019-02,1,1.0,0.8636430153376995,70,16,0.981536189069424,source-month loan-level coverage cell using historical accepted-loan evidence
score_decile,0,2019-03,6,0.8930041152263375,0.8642367011038191,100,20,0.9838909541511772,source-month loan-level coverage cell using historical accepted-loan evidence
score_decile,0,2019-04,3,1.0,0.86940912379085,90,24,0.9148418491484185,source-month loan-level coverage cell using historical accepted-loan evidence
score_decile,0,2019-05,5,0.9418282548476454,0.8588600156864729,100,19,0.9853760445682451,source-month loan-level coverage cell using historical accepted-loan evidence
score_decile,0,2019-08,2,1.0,0.8636430153376995,70,18,1.0,source-month loan-level coverage cell using historical accepted-loan evidence
score_decile,0,2019-10,1,1.0,0.8720999744023203,90,9,1.0,source-month loan-level coverage cell using historical accepted-loan evidence
score_decile,0,2019-11,1,1.0,0.8636430153376995,8,13,0.8845798707294552,source-month loan-level coverage cell using historical accepted-loan evidence
score_decile,0,2019-12,1,1.0,0.8636430153376994,80,10,1.0,source-month loan-level coverage cell using historical accepted-loan evidence
score_decile,0,2020-01,1,1.0,0.8528517804870072,80,8,1.0,source-month loan-level coverage cell using historical accepted-loan evidence
score_decile,0,2020-07,1,1.0,0.8381493609212858,70,3,1.0,source-month loan-level coverage cell using historical accepted-loan evidence
score_decile,1,2018-01,4,1.0,0.650169596625957,100,9,1.0,source-month loan-level coverage cell using historical accepted-loan evidence
score_decile,1,2018-02,5,0.95,0.9792572429034448,100,8,0.9374163319946452,source-month loan-level coverage cell using historical accepted-loan evidence
score_decile,1,2018-03,3,1.0,0.9733478653569,100,5,1.0,source-month loan-level coverage cell using historical accepted-loan evidence
score_decile,1,2018-04,1,1.0,0.9816480430640655,100,3,0.7254901960784313,source-month loan-level coverage cell using historical accepted-loan evidence
score_decile,1,2018-05,7,1.0,0.9272322067198491,100,10,1.0,source-month loan-level coverage cell using historical accepted-loan evidence
score_decile,1,2018-06,5,1.0,0.9478822974936686,100,14,0.9041411042944786,source-month loan-level coverage cell using historical accepted-loan evidence
score_decile,1,2018-07,4,1.0,0.9000241928145589,100,19,1.0,source-month loan-level coverage cell using historical accepted-loan evidence
score_decile,1,2018-08,5,1.0,0.9415673393667752,100,20,0.9972707423580786,source-month loan-level coverage cell using historical accepted-loan evidence
score_decile,1,2018-09,10,1.0,0.9548997715812185,100,17,1.0,source-month loan-level coverage cell using historical accepted-loan evidence
score_decile,1,2018-10,5,1.0,0.9294904084462411,100,15,0.9856115107913669,source-month loan-level coverage cell using historical accepted-loan evidence
score_decile,1,2018-11,11,1.0,0.9480089689961425,100,29,0.9898042414355628,source-month loan-level coverage cell using historical accepted-loan evidence
score_decile,1,2018-12,6,1.0,0.9272031407040024,100,20,1.0,source-month loan-level coverage cell using historical accepted-loan evidence
score_decile,1,2019-01,6,1.0,0.924667520828398,100,20,1.0,source-month loan-level coverage cell using historical accepted-loan evidence
score_decile,1,2019-02,3,1.0,0.9408424930630449,100,16,0.981536189069424,source-month loan-level coverage cell using historical accepted-loan evidence
score_decile,1,2019-03,1,1.0,0.9055001302798735,72,20,0.9838909541511772,source-month loan-level coverage cell using historical accepted-loan evidence
score_decile,1,2019-04,11,0.8818525519848771,0.9185919076742227,100,24,0.9148418491484185,source-month loan-level coverage cell using historical accepted-loan evidence
score_decile,1,2019-05,5,1.0,0.9489475242770576,100,19,0.9853760445682451,source-month loan-level coverage cell using historical accepted-loan evidence
score_decile,1,2019-06,7,0.8333333333333334,0.9057954006622145,100,16,0.9325236167341431,source-month loan-level coverage cell using historical accepted-loan evidence
score_decile,1,2019-07,13,0.9038461538461539,0.9410836664555338,100,26,0.9461570945945946,source-month loan-level coverage cell using historical accepted-loan evidence
score_decile,1,2019-08,6,1.0,0.907872904577293,100,18,1.0,source-month loan-level coverage cell using historical accepted-loan evidence
score_decile,1,2019-09,3,1.0,0.9815895765933565,100,9,1.0,source-month loan-level coverage cell using historical accepted-loan evidence
score_decile,1,2019-10,3,1.0,0.918532236087233,100,9,1.0,source-month loan-level coverage cell using historical accepted-loan evidence
score_decile,1,2019-11,4,0.6875,0.9273558023347028,100,13,0.8845798707294552,source-month loan-level coverage cell using historical accepted-loan evidence
score_decile,1,2019-12,5,1.0,0.9161204021551843,100,10,1.0,source-month loan-level coverage cell using historical accepted-loan evidence
score_decile,1,2020-01,3,1.0,0.949231717824308,100,8,1.0,source-month loan-level coverage cell using historical accepted-loan evidence
score_decile,1,2020-02,3,1.0,0.8935089721198324,100,5,1.0,source-month loan-level coverage cell using historical accepted-loan evidence
score_decile,1,2020-03,1,1.0,0.9182820763442386,20,1,1.0,source-month loan-level coverage cell using historical accepted-loan evidence
score_decile,1,2020-04,1,1.0,0.8833053994095599,100,3,1.0,source-month loan-level coverage cell using historical accepted-loan evidence
score_decile,1,2020-05,1,1.0,0.8901523383201217,100,1,1.0,source-month loan-level coverage cell using historical accepted-loan evidence
score_decile,1,2020-06,1,1.0,0.8647689772803158,100,1,1.0,source-month loan-level coverage cell using historical accepted-loan evidence
score_decile,1,2020-07,1,1.0,0.9739576110075903,100,3,1.0,source-month loan-level coverage cell using historical accepted-loan evidence
score_decile,2,2018-01,4,1.0,0.6822444317369376,100,9,1.0,source-month loan-level coverage cell using historical accepted-loan evidence
score_decile,2,2018-02,2,0.8836898395721925,0.9857575533143714,100,8,0.9374163319946452,source-month loan-level coverage cell using historical accepted-loan evidence
score_decile,2,2018-05,2,1.0,0.9685152033996713,100,10,1.0,source-month loan-level coverage cell using historical accepted-loan evidence
score_decile,2,2018-06,7,0.9586092715231788,0.9861163846226392,100,14,0.9041411042944786,source-month loan-level coverage cell using historical accepted-loan evidence
score_decile,2,2018-07,12,1.0,0.9543602109522932,100,19,1.0,source-month loan-level coverage cell using historical accepted-loan evidence
score_decile,2,2018-08,10,0.9936440677966102,0.9573280197544171,100,20,0.9972707423580786,source-month loan-level coverage cell using historical accepted-loan evidence
score_decile,2,2018-09,6,1.0,0.9537866436266743,100,17,1.0,source-month loan-level coverage cell using historical accepted-loan evidence
score_decile,2,2018-10,8,0.9722222222222222,0.9438550312853168,100,15,0.9856115107913669,source-month loan-level coverage cell using historical accepted-loan evidence
score_decile,2,2018-11,13,0.9747474747474747,0.9516512733956408,100,29,0.9898042414355628,source-month loan-level coverage cell using historical accepted-loan evidence
score_decile,2,2018-12,10,1.0,0.9665888255568514,100,20,1.0,source-month loan-level coverage cell using historical accepted-loan evidence
score_decile,2,2019-01,9,1.0,0.9612734341905911,100,20,1.0,source-month loan-level coverage cell using historical accepted-loan evidence
score_decile,2,2019-02,9,0.9649368863955119,0.9679223667700226,100,16,0.981536189069424,source-month loan-level coverage cell using historical accepted-loan evidence
score_decile,2,2019-03,8,1.0,0.9592575654522221,100,20,0.9838909541511772,source-month loan-level coverage cell using historical accepted-loan evidence
score_decile,2,2019-04,8,0.9255952380952381,0.9793941217174364,100,24,0.9148418491484185,source-month loan-level coverage cell using historical accepted-loan evidence
score_decile,2,2019-05,6,1.0,0.975517378101647,100,19,0.9853760445682451,source-month loan-level coverage cell using historical accepted-loan evidence
score_decile,2,2019-06,6,1.0,0.9760240484346329,100,16,0.9325236167341431,source-month loan-level coverage cell using historical accepted-loan evidence
score_decile,2,2019-07,8,0.996031746031746,0.9825702428460912,100,26,0.9461570945945946,source-month loan-level coverage cell using historical accepted-loan evidence
score_decile,2,2019-08,8,1.0,0.9776581425533615,100,18,1.0,source-month loan-level coverage cell using historical accepted-loan evidence
score_decile,2,2019-09,5,1.0,0.9724805524036617,100,9,1.0,source-month loan-level coverage cell using historical accepted-loan evidence
score_decile,2,2019-10,4,1.0,0.9692110873532765,100,9,1.0,source-month loan-level coverage cell using historical accepted-loan evidence
score_decile,2,2019-11,2,1.0,0.9474893928490704,100,13,0.8845798707294552,source-month loan-level coverage cell using historical accepted-loan evidence
score_decile,2,2019-12,2,1.0,0.9754502167342856,100,10,1.0,source-month loan-level coverage cell using historical accepted-loan evidence
score_decile,2,2020-01,2,1.0,0.9474893928490704,100,8,1.0,source-month loan-level coverage cell using historical accepted-loan evidence
score_decile,2,2020-02,2,1.0,0.9771423053922443,100,5,1.0,source-month loan-level coverage cell using historical accepted-loan evidence
score_decile,2,2020-04,2,1.0,0.9049871537232509,100,3,1.0,source-month loan-level coverage cell using historical accepted-loan evidence
score_decile,2,2020-07,1,1.0,0.8959195078971658,100,3,1.0,source-month loan-level coverage cell using historical accepted-loan evidence
score_decile,2,2020-08,3,1.0,0.9290080498131834,100,3,1.0,source-month loan-level coverage cell using historical accepted-loan evidence
score_decile,2,2020-09,1,1.0,0.9390547995493362,100,1,1.0,source-month loan-level coverage cell using historical accepted-loan evidence
score_decile,3,2018-05,1,1.0,0.9962901727153476,100,10,1.0,source-month loan-level coverage cell using historical accepted-loan evidence
score_decile,3,2018-06,1,0.0,0.9548864183120943,100,14,0.9041411042944786,source-month loan-level coverage cell using historical accepted-loan evidence
score_decile,3,2018-07,2,1.0,0.9655317511005195,100,19,1.0,source-month loan-level coverage cell using historical accepted-loan evidence
score_decile,3,2018-08,1,1.0,0.9789079580236116,100,20,0.9972707423580786,source-month loan-level coverage cell using historical accepted-loan evidence
score_decile,3,2018-09,1,1.0,0.9720404433422886,100,17,1.0,source-month loan-level coverage cell using historical accepted-loan evidence
score_decile,3,2018-10,1,1.0,0.9495521387010452,100,15,0.9856115107913669,source-month loan-level coverage cell using historical accepted-loan evidence
score_decile,3,2018-11,3,1.0,0.9554071939537465,100,29,0.9898042414355628,source-month loan-level coverage cell using historical accepted-loan evidence
score_decile,3,2019-01,2,1.0,0.9508564112391276,100,20,1.0,source-month loan-level coverage cell using historical accepted-loan evidence
score_decile,3,2019-02,2,1.0,0.9873093413991938,100,16,0.981536189069424,source-month loan-level coverage cell using historical accepted-loan evidence
score_decile,3,2019-03,4,1.0,0.9848418841733975,100,20,0.9838909541511772,source-month loan-level coverage cell using historical accepted-loan evidence
score_decile,3,2019-04,1,1.0,0.995710724774776,100,24,0.9148418491484185,source-month loan-level coverage cell using historical accepted-loan evidence
score_decile,3,2019-05,2,1.0,0.9948566908891213,100,19,0.9853760445682451,source-month loan-level coverage cell using historical accepted-loan evidence
score_decile,3,2019-06,1,1.0,0.9970523366088844,100,16,0.9325236167341431,source-month loan-level coverage cell using historical accepted-loan evidence
score_decile,3,2019-07,2,1.0,0.9939946150721206,100,26,0.9461570945945946,source-month loan-level coverage cell using historical accepted-loan evidence
score_decile,3,2019-08,1,1.0,0.9970523366088844,100,18,1.0,source-month loan-level coverage cell using historical accepted-loan evidence
score_decile,3,2019-09,1,1.0,0.9926610451693584,100,9,1.0,source-month loan-level coverage cell using historical accepted-loan evidence
score_decile,3,2019-11,2,0.875,0.9948566908891213,100,13,0.8845798707294552,source-month loan-level coverage cell using historical accepted-loan evidence
score_decile,3,2019-12,1,1.0,0.9970523366088844,100,10,1.0,source-month loan-level coverage cell using historical accepted-loan evidence
score_decile,3,2020-01,2,1.0,0.9969969230522228,100,8,1.0,source-month loan-level coverage cell using historical accepted-loan evidence
score_decile,4,2018-06,1,1.0,0.9923439401907374,100,14,0.9041411042944786,source-month loan-level coverage cell using historical accepted-loan evidence
score_decile,4,2018-12,1,1.0,0.9923439401907374,100,20,1.0,source-month loan-level coverage cell using historical accepted-loan evidence
score_decile,4,2019-02,1,1.0,0.9952954565473363,71,16,0.981536189069424,source-month loan-level coverage cell using historical accepted-loan evidence
score_decile,4,2019-03,1,1.0,1.0,100,20,0.9838909541511772,source-month loan-level coverage cell using historical accepted-loan evidence
score_decile,4,2019-04,1,1.0,1.0,93,24,0.9148418491484185,source-month loan-level coverage cell using historical accepted-loan evidence
score_decile,4,2019-05,1,1.0,1.0,50,19,0.9853760445682451,source-month loan-level coverage cell using historical accepted-loan evidence
score_decile,4,2019-06,2,1.0,1.0,100,16,0.9325236167341431,source-month loan-level coverage cell using historical accepted-loan evidence
score_decile,4,2019-07,3,1.0,1.0,100,26,0.9461570945945946,source-month loan-level coverage cell using historical accepted-loan evidence
score_decile,4,2019-08,1,1.0,1.0,61,18,1.0,source-month loan-level coverage cell using historical accepted-loan evidence
score_decile,4,2019-10,1,1.0,1.0,100,9,1.0,source-month loan-level coverage cell using historical accepted-loan evidence
score_decile,4,2019-11,4,1.0,1.0,100,13,0.8845798707294552,source-month loan-level coverage cell using historical accepted-loan evidence
score_decile,4,2019-12,1,1.0,1.0,96,10,1.0,source-month loan-level coverage cell using historical accepted-loan evidence
state_top20,AZ,2018-01,1,1.0,0.7205985342019545,100,9,1.0,source-month loan-level coverage cell using historical accepted-loan evidence
state_top20,AZ,2018-02,1,1.0,0.8648111225414128,60,8,0.9374163319946452,source-month loan-level coverage cell using historical accepted-loan evidence
state_top20,AZ,2018-03,1,1.0,0.8720999744023203,94,5,1.0,source-month loan-level coverage cell using historical accepted-loan evidence
state_top20,AZ,2018-07,1,1.0,0.9055001302798736,100,19,1.0,source-month loan-level coverage cell using historical accepted-loan evidence
state_top20,AZ,2018-08,1,1.0,0.8467013122060465,4,20,0.9972707423580786,source-month loan-level coverage cell using historical accepted-loan evidence
state_top20,AZ,2018-10,1,1.0,0.9868412238653399,100,15,0.9856115107913669,source-month loan-level coverage cell using historical accepted-loan evidence
state_top20,AZ,2019-03,2,1.0,0.9862993885898557,100,20,0.9838909541511772,source-month loan-level coverage cell using historical accepted-loan evidence
state_top20,AZ,2019-08,1,1.0,1.0,61,18,1.0,source-month loan-level coverage cell using historical accepted-loan evidence
state_top20,AZ,2019-12,1,1.0,0.9469381712810974,52,10,1.0,source-month loan-level coverage cell using historical accepted-loan evidence
state_top20,CA,2018-01,1,1.0,0.5989089175444969,100,9,1.0,source-month loan-level coverage cell using historical accepted-loan evidence
state_top20,CA,2018-02,1,1.0,0.9823074009522972,100,8,0.9374163319946452,source-month loan-level coverage cell using historical accepted-loan evidence
state_top20,CA,2018-03,1,1.0,0.9816480430640655,100,5,1.0,source-month loan-level coverage cell using historical accepted-loan evidence
state_top20,CA,2018-05,1,1.0,0.9823074009522972,100,10,1.0,source-month loan-level coverage cell using historical accepted-loan evidence
state_top20,CA,2018-06,3,1.0,0.9889861743321978,100,14,0.9041411042944786,source-month loan-level coverage cell using historical accepted-loan evidence
state_top20,CA,2018-07,1,1.0,0.9262728534849713,100,19,1.0,source-month loan-level coverage cell using historical accepted-loan evidence
state_top20,CA,2018-08,4,1.0,0.9489611695237973,100,20,0.9972707423580786,source-month loan-level coverage cell using historical accepted-loan evidence
state_top20,CA,2018-09,2,1.0,0.9732045198195703,100,17,1.0,source-month loan-level coverage cell using historical accepted-loan evidence
state_top20,CA,2018-10,2,1.0,0.9288448502669229,100,15,0.9856115107913669,source-month loan-level coverage cell using historical accepted-loan evidence
state_top20,CA,2018-11,3,1.0,0.9570925287685023,100,29,0.9898042414355628,source-month loan-level coverage cell using historical accepted-loan evidence
state_top20,CA,2018-12,2,1.0,0.900160992988281,100,20,1.0,source-month loan-level coverage cell using historical accepted-loan evidence
state_top20,CA,2019-01,2,1.0,0.9347091335253288,100,20,1.0,source-month loan-level coverage cell using historical accepted-loan evidence
state_top20,CA,2019-02,2,1.0,0.9324152035878368,100,16,0.981536189069424,source-month loan-level coverage cell using historical accepted-loan evidence
state_top20,CA,2019-03,4,1.0,0.9554307335623866,100,20,0.9838909541511772,source-month loan-level coverage cell using historical accepted-loan evidence
state_top20,CA,2019-04,5,0.9320652173913043,0.9533702671541866,100,24,0.9148418491484185,source-month loan-level coverage cell using historical accepted-loan evidence
state_top20,CA,2019-05,4,1.0,0.9446589681802099,90,19,0.9853760445682451,source-month loan-level coverage cell using historical accepted-loan evidence
state_top20,CA,2019-06,1,1.0,0.895523453345195,100,16,0.9325236167341431,source-month loan-level coverage cell using historical accepted-loan evidence
state_top20,CA,2019-07,1,1.0,1.0,65,26,0.9461570945945946,source-month loan-level coverage cell using historical accepted-loan evidence
state_top20,CA,2019-08,2,1.0,0.9431205415563982,100,18,1.0,source-month loan-level coverage cell using historical accepted-loan evidence
state_top20,CA,2019-09,2,1.0,0.9871545441167119,100,9,1.0,source-month loan-level coverage cell using historical accepted-loan evidence
state_top20,CA,2019-10,3,1.0,0.9365275437984646,100,9,1.0,source-month loan-level coverage cell using historical accepted-loan evidence
state_top20,CA,2019-11,1,1.0,0.9055001302798736,20,13,0.8845798707294552,source-month loan-level coverage cell using historical accepted-loan evidence
state_top20,CA,2019-12,3,1.0,0.9251031900456219,100,10,1.0,source-month loan-level coverage cell using historical accepted-loan evidence
state_top20,CA,2020-01,1,1.0,0.9868412238653399,100,8,1.0,source-month loan-level coverage cell using historical accepted-loan evidence
state_top20,CO,2018-03,1,1.0,0.8636430153376995,100,5,1.0,source-month loan-level coverage cell using historical accepted-loan evidence
state_top20,CO,2018-08,1,1.0,0.8720999744023203,70,20,0.9972707423580786,source-month loan-level coverage cell using historical accepted-loan evidence
state_top20,CO,2019-04,2,1.0,0.9339889197537056,100,24,0.9148418491484185,source-month loan-level coverage cell using historical accepted-loan evidence
state_top20,CO,2019-05,1,1.0,0.9081375618328007,20,19,0.9853760445682451,source-month loan-level coverage cell using historical accepted-loan evidence
state_top20,FL,2018-01,1,1.0,0.6014305869074492,80,9,1.0,source-month loan-level coverage cell using historical accepted-loan evidence
state_top20,FL,2018-06,1,0.0,0.9548864183120943,100,14,0.9041411042944786,source-month loan-level coverage cell using historical accepted-loan evidence
state_top20,FL,2018-08,1,1.0,0.9857575533143713,100,20,0.9972707423580786,source-month loan-level coverage cell using historical accepted-loan evidence
state_top20,FL,2018-10,1,1.0,0.9868412238653399,100,15,0.9856115107913669,source-month loan-level coverage cell using historical accepted-loan evidence
state_top20,FL,2019-03,1,1.0,0.9495521387010452,100,20,0.9838909541511772,source-month loan-level coverage cell using historical accepted-loan evidence
state_top20,FL,2019-04,2,1.0,0.9823074009522972,100,24,0.9148418491484185,source-month loan-level coverage cell using historical accepted-loan evidence
state_top20,FL,2019-05,1,1.0,0.9868412238653399,100,19,0.9853760445682451,source-month loan-level coverage cell using historical accepted-loan evidence
state_top20,FL,2019-06,1,1.0,0.9055001302798736,100,16,0.9325236167341431,source-month loan-level coverage cell using historical accepted-loan evidence
state_top20,FL,2019-07,2,1.0,0.9905580268720712,100,26,0.9461570945945946,source-month loan-level coverage cell using historical accepted-loan evidence
state_top20,FL,2019-08,2,1.0,0.8994183272540875,100,18,1.0,source-month loan-level coverage cell using historical accepted-loan evidence
state_top20,FL,2019-10,1,1.0,1.0,100,9,1.0,source-month loan-level coverage cell using historical accepted-loan evidence
state_top20,FL,2020-05,1,1.0,0.8901523383201217,100,1,1.0,source-month loan-level coverage cell using historical accepted-loan evidence
state_top20,GA,2018-01,1,1.0,0.6864305869074492,100,9,1.0,source-month loan-level coverage cell using historical accepted-loan evidence
state_top20,GA,2018-05,2,1.0,0.8953603180289791,100,10,1.0,source-month loan-level coverage cell using historical accepted-loan evidence
state_top20,GA,2018-06,1,1.0,0.9816480430640655,100,14,0.9041411042944786,source-month loan-level coverage cell using historical accepted-loan evidence
state_top20,GA,2018-10,1,0.0,0.9262728534849713,20,15,0.9856115107913669,source-month loan-level coverage cell using historical accepted-loan evidence
state_top20,GA,2018-12,1,1.0,0.8769870312159508,100,20,1.0,source-month loan-level coverage cell using historical accepted-loan evidence
state_top20,GA,2019-01,2,1.0,0.856365096472615,52,20,1.0,source-month loan-level coverage cell using historical accepted-loan evidence
state_top20,GA,2019-02,1,1.0,0.9619870312159507,100,16,0.981536189069424,source-month loan-level coverage cell using historical accepted-loan evidence
state_top20,GA,2019-06,1,1.0,0.9262728534849713,100,16,0.9325236167341431,source-month loan-level coverage cell using historical accepted-loan evidence
state_top20,GA,2020-01,1,1.0,0.995710724774776,100,8,1.0,source-month loan-level coverage cell using historical accepted-loan evidence
state_top20,IL,2018-05,1,1.0,0.9014323932628885,4,10,1.0,source-month loan-level coverage cell using historical accepted-loan evidence
state_top20,IL,2018-06,1,1.0,0.9868412238653399,100,14,0.9041411042944786,source-month loan-level coverage cell using historical accepted-loan evidence
state_top20,IL,2018-09,2,1.0,0.9819777220081813,100,17,1.0,source-month loan-level coverage cell using historical accepted-loan evidence
state_top20,IL,2018-11,3,1.0,0.8981782811603105,100,29,0.9898042414355628,source-month loan-level coverage cell using historical accepted-loan evidence
state_top20,IL,2019-06,2,1.0,0.9416889264245843,100,16,0.9325236167341431,source-month loan-level coverage cell using historical accepted-loan evidence
state_top20,IL,2020-01,1,1.0,0.9982831213296692,100,8,1.0,source-month loan-level coverage cell using historical accepted-loan evidence
state_top20,IN,2018-10,1,1.0,0.9904683500471072,100,15,0.9856115107913669,source-month loan-level coverage cell using historical accepted-loan evidence
state_top20,IN,2018-11,1,1.0,0.9262728534849713,100,29,0.9898042414355628,source-month loan-level coverage cell using historical accepted-loan evidence
state_top20,IN,2019-01,1,1.0,0.9823074009522972,100,20,1.0,source-month loan-level coverage cell using historical accepted-loan evidence
state_top20,IN,2019-03,1,1.0,0.9857575533143713,100,20,0.9838909541511772,source-month loan-level coverage cell using historical accepted-loan evidence
state_top20,MA,2019-01,1,1.0,0.9055001302798736,100,20,1.0,source-month loan-level coverage cell using historical accepted-loan evidence
state_top20,MA,2020-04,1,1.0,0.9140547995493362,100,3,1.0,source-month loan-level coverage cell using historical accepted-loan evidence
state_top20,MD,2018-03,1,1.0,0.9014323932628886,24,5,1.0,source-month loan-level coverage cell using historical accepted-loan evidence
state_top20,MD,2018-05,2,1.0,0.9314352225591469,90,10,1.0,source-month loan-level coverage cell using historical accepted-loan evidence
state_top20,MD,2018-07,2,1.0,0.8987938568488439,100,19,1.0,source-month loan-level coverage cell using historical accepted-loan evidence
state_top20,MD,2018-08,3,0.96900826446281,0.9806512787358013,100,20,0.9972707423580786,source-month loan-level coverage cell using historical accepted-loan evidence
state_top20,MD,2018-09,1,1.0,0.9816480430640655,100,17,1.0,source-month loan-level coverage cell using historical accepted-loan evidence
state_top20,MD,2018-11,1,1.0,0.9495521387010452,100,29,0.9898042414355628,source-month loan-level coverage cell using historical accepted-loan evidence
state_top20,MD,2018-12,1,1.0,0.9816480430640655,100,20,1.0,source-month loan-level coverage cell using historical accepted-loan evidence
state_top20,MD,2019-01,1,1.0,0.9081375618328008,100,20,1.0,source-month loan-level coverage cell using historical accepted-loan evidence
state_top20,MD,2019-02,2,0.875,0.979805723925966,100,16,0.981536189069424,source-month loan-level coverage cell using historical accepted-loan evidence
state_top20,MD,2019-04,1,1.0,0.9055001302798736,86,24,0.9148418491484185,source-month loan-level coverage cell using historical accepted-loan evidence
state_top20,MD,2019-05,2,1.0,0.8817479554407215,93,19,0.9853760445682451,source-month loan-level coverage cell using historical accepted-loan evidence
state_top20,MD,2019-06,1,1.0,0.9970523366088844,100,16,0.9325236167341431,source-month loan-level coverage cell using historical accepted-loan evidence
state_top20,MD,2019-08,3,1.0,0.9728166039362423,100,18,1.0,source-month loan-level coverage cell using historical accepted-loan evidence
state_top20,MD,2019-11,1,1.0,0.9926610451693584,100,13,0.8845798707294552,source-month loan-level coverage cell using historical accepted-loan evidence
state_top20,MD,2019-12,1,1.0,0.9970523366088844,100,10,1.0,source-month loan-level coverage cell using historical accepted-loan evidence
state_top20,MD,2020-02,1,1.0,0.8892143393272535,100,5,1.0,source-month loan-level coverage cell using historical accepted-loan evidence
state_top20,MD,2020-09,1,1.0,0.9390547995493362,100,1,1.0,source-month loan-level coverage cell using historical accepted-loan evidence
state_top20,MI,2018-06,1,1.0,0.8877702239865921,100,14,0.9041411042944786,source-month loan-level coverage cell using historical accepted-loan evidence
state_top20,MI,2018-07,1,1.0,0.9823074009522972,100,19,1.0,source-month loan-level coverage cell using historical accepted-loan evidence
state_top20,MI,2018-08,1,1.0,0.8720999744023203,90,20,0.9972707423580786,source-month loan-level coverage cell using historical accepted-loan evidence
state_top20,MI,2018-11,1,1.0,0.9868412238653399,100,29,0.9898042414355628,source-month loan-level coverage cell using historical accepted-loan evidence
state_top20,MI,2018-12,1,1.0,0.9923439401907374,100,20,1.0,source-month loan-level coverage cell using historical accepted-loan evidence
state_top20,MI,2019-01,1,1.0,0.9868412238653399,100,20,1.0,source-month loan-level coverage cell using historical accepted-loan evidence
state_top20,MN,2018-06,1,0.75,0.9857575533143713,100,14,0.9041411042944786,source-month loan-level coverage cell using historical accepted-loan evidence
state_top20,MN,2019-01,1,1.0,0.9521606837772099,100,20,1.0,source-month loan-level coverage cell using historical accepted-loan evidence
state_top20,MN,2019-02,1,1.0,0.9789079580236116,100,16,0.981536189069424,source-month loan-level coverage cell using historical accepted-loan evidence
state_top20,MN,2019-07,1,1.0,0.9823074009522972,100,26,0.9461570945945946,source-month loan-level coverage cell using historical accepted-loan evidence
state_top20,MN,2019-10,1,1.0,0.9857575533143713,100,9,1.0,source-month loan-level coverage cell using historical accepted-loan evidence
state_top20,MN,2020-07,1,1.0,0.8381493609212858,70,3,1.0,source-month loan-level coverage cell using historical accepted-loan evidence
state_top20,NC,2018-06,1,1.0,0.9802076155208189,100,14,0.9041411042944786,source-month loan-level coverage cell using historical accepted-loan evidence
state_top20,NC,2018-07,1,1.0,0.9671173044591491,100,19,1.0,source-month loan-level coverage cell using historical accepted-loan evidence
state_top20,NC,2018-08,1,1.0,0.9789079580236116,100,20,0.9972707423580786,source-month loan-level coverage cell using historical accepted-loan evidence
state_top20,NC,2018-10,1,1.0,0.9816480430640655,100,15,0.9856115107913669,source-month loan-level coverage cell using historical accepted-loan evidence
state_top20,NC,2018-11,1,1.0,0.895523453345195,100,29,0.9898042414355628,source-month loan-level coverage cell using historical accepted-loan evidence
state_top20,NC,2018-12,1,1.0,0.9055001302798736,100,20,1.0,source-month loan-level coverage cell using historical accepted-loan evidence
state_top20,NC,2019-01,1,1.0,0.9081375618328008,100,20,1.0,source-month loan-level coverage cell using historical accepted-loan evidence
state_top20,NC,2019-03,1,1.0,0.8636430153376995,17,20,0.9838909541511772,source-month loan-level coverage cell using historical accepted-loan evidence
state_top20,NC,2019-04,2,0.18032786885245902,0.8979521259460389,100,24,0.9148418491484185,source-month loan-level coverage cell using historical accepted-loan evidence
state_top20,NC,2019-05,1,1.0,0.9772531455619722,100,19,0.9853760445682451,source-month loan-level coverage cell using historical accepted-loan evidence
state_top20,NC,2019-07,1,1.0,0.902046576544207,100,26,0.9461570945945946,source-month loan-level coverage cell using historical accepted-loan evidence
state_top20,NC,2019-09,1,1.0,0.9823074009522972,100,9,1.0,source-month loan-level coverage cell using historical accepted-loan evidence
state_top20,NC,2019-12,1,1.0,0.8852485546236398,100,10,1.0,source-month loan-level coverage cell using historical accepted-loan evidence
state_top20,NJ,2018-01,1,1.0,0.7041604932007307,100,9,1.0,source-month loan-level coverage cell using historical accepted-loan evidence
state_top20,NJ,2018-10,3,1.0,0.937241258725988,100,15,0.9856115107913669,source-month loan-level coverage cell using historical accepted-loan evidence
state_top20,NJ,2018-11,1,1.0,0.9219381712810973,10,29,0.9898042414355628,source-month loan-level coverage cell using historical accepted-loan evidence
state_top20,NJ,2018-12,1,1.0,0.9904683500471072,100,20,1.0,source-month loan-level coverage cell using historical accepted-loan evidence
state_top20,NJ,2019-02,1,1.0,0.9172884922309599,32,16,0.981536189069424,source-month loan-level coverage cell using historical accepted-loan evidence
state_top20,NJ,2019-03,1,1.0,0.9081375618328008,100,20,0.9838909541511772,source-month loan-level coverage cell using historical accepted-loan evidence
state_top20,NJ,2019-06,1,1.0,0.9857575533143713,100,16,0.9325236167341431,source-month loan-level coverage cell using historical accepted-loan evidence
state_top20,NJ,2019-07,3,1.0,0.9700840995554552,100,26,0.9461570945945946,source-month loan-level coverage cell using historical accepted-loan evidence
state_top20,NJ,2019-09,2,1.0,0.9542901272186343,100,9,1.0,source-month loan-level coverage cell using historical accepted-loan evidence
state_top20,NJ,2019-11,1,1.0,1.0,100,13,0.8845798707294552,source-month loan-level coverage cell using historical accepted-loan evidence
state_top20,NJ,2020-07,1,1.0,0.9739576110075903,100,3,1.0,source-month loan-level coverage cell using historical accepted-loan evidence
state_top20,NJ,2020-08,1,1.0,0.8959195078971658,100,3,1.0,source-month loan-level coverage cell using historical accepted-loan evidence
state_top20,NV,2018-09,2,1.0,0.9542901272186343,100,17,1.0,source-month loan-level coverage cell using historical accepted-loan evidence
state_top20,NV,2018-10,1,1.0,0.9047985326313669,100,15,0.9856115107913669,source-month loan-level coverage cell using historical accepted-loan evidence
state_top20,NV,2018-11,1,1.0,0.9868412238653399,100,29,0.9898042414355628,source-month loan-level coverage cell using historical accepted-loan evidence
state_top20,NV,2019-03,1,1.0,0.8528517804870072,65,20,0.9838909541511772,source-month loan-level coverage cell using historical accepted-loan evidence
state_top20,NV,2019-04,1,0.75,0.9811160537441422,100,24,0.9148418491484185,source-month loan-level coverage cell using historical accepted-loan evidence
state_top20,NV,2019-07,2,0.42196531791907516,0.9780271856739599,100,26,0.9461570945945946,source-month loan-level coverage cell using historical accepted-loan evidence
state_top20,NY,2018-04,1,0.0,0.8636430153376995,70,3,0.7254901960784313,source-month loan-level coverage cell using historical accepted-loan evidence
state_top20,NY,2018-07,1,1.0,0.9055001302798736,100,19,1.0,source-month loan-level coverage cell using historical accepted-loan evidence
state_top20,NY,2018-09,1,1.0,0.9262728534849713,20,17,1.0,source-month loan-level coverage cell using historical accepted-loan evidence
state_top20,NY,2018-10,1,1.0,0.9081375618328008,100,15,0.9856115107913669,source-month loan-level coverage cell using historical accepted-loan evidence
state_top20,NY,2018-11,1,1.0,0.9055001302798736,100,29,0.9898042414355628,source-month loan-level coverage cell using historical accepted-loan evidence
state_top20,NY,2018-12,1,1.0,0.9702485546236399,100,20,1.0,source-month loan-level coverage cell using historical accepted-loan evidence
state_top20,NY,2019-01,1,1.0,0.9902764803699433,100,20,1.0,source-month loan-level coverage cell using historical accepted-loan evidence
state_top20,NY,2019-02,1,1.0,0.9262728534849713,69,16,0.981536189069424,source-month loan-level coverage cell using historical accepted-loan evidence
state_top20,NY,2019-03,1,1.0,1.0,100,20,0.9838909541511772,source-month loan-level coverage cell using historical accepted-loan evidence
state_top20,NY,2019-04,2,1.0,0.8959158294360806,100,24,0.9148418491484185,source-month loan-level coverage cell using historical accepted-loan evidence
state_top20,NY,2019-05,4,0.9302325581395349,0.9360557585459351,100,19,0.9853760445682451,source-month loan-level coverage cell using historical accepted-loan evidence
state_top20,NY,2019-06,1,1.0,0.9727702239865921,100,16,0.9325236167341431,source-month loan-level coverage cell using historical accepted-loan evidence
state_top20,NY,2019-08,2,1.0,0.8853027807338444,100,18,1.0,source-month loan-level coverage cell using historical accepted-loan evidence
state_top20,NY,2020-02,1,1.0,0.9813845241969225,100,5,1.0,source-month loan-level coverage cell using historical accepted-loan evidence
state_top20,OH,2018-02,1,0.75,0.9857575533143715,87,8,0.9374163319946452,source-month loan-level coverage cell using historical accepted-loan evidence
state_top20,OH,2018-05,1,1.0,0.9512728534849713,100,10,1.0,source-month loan-level coverage cell using historical accepted-loan evidence
state_top20,OH,2018-08,1,1.0,0.9400138795033854,100,20,0.9972707423580786,source-month loan-level coverage cell using historical accepted-loan evidence
state_top20,OH,2018-09,1,1.0,0.9014323932628885,100,17,1.0,source-month loan-level coverage cell using historical accepted-loan evidence
state_top20,OH,2018-10,1,1.0,0.9023703922557569,100,15,0.9856115107913669,source-month loan-level coverage cell using historical accepted-loan evidence
state_top20,OH,2018-11,2,1.0,0.9466950789720602,100,29,0.9898042414355628,source-month loan-level coverage cell using historical accepted-loan evidence
state_top20,OH,2019-01,1,1.0,0.9055001302798736,100,20,1.0,source-month loan-level coverage cell using historical accepted-loan evidence
state_top20,OH,2019-03,1,1.0,0.9219381712810975,99,20,0.9838909541511772,source-month loan-level coverage cell using historical accepted-loan evidence
state_top20,OH,2019-04,1,1.0,0.8720999744023203,90,24,0.9148418491484185,source-month loan-level coverage cell using historical accepted-loan evidence
state_top20,OH,2019-06,2,1.0,0.8896093316992287,100,16,0.9325236167341431,source-month loan-level coverage cell using historical accepted-loan evidence
state_top20,OH,2019-08,1,1.0,0.9868412238653399,100,18,1.0,source-month loan-level coverage cell using historical accepted-loan evidence
state_top20,OH,2019-10,1,1.0,0.9823074009522972,100,9,1.0,source-month loan-level coverage cell using historical accepted-loan evidence
state_top20,PA,2018-02,1,1.0,0.9857575533143713,100,8,0.9374163319946452,source-month loan-level coverage cell using historical accepted-loan evidence
state_top20,PA,2018-05,1,1.0,0.9962901727153476,100,10,1.0,source-month loan-level coverage cell using historical accepted-loan evidence
state_top20,PA,2018-06,1,1.0,0.9857575533143713,100,14,0.9041411042944786,source-month loan-level coverage cell using historical accepted-loan evidence
state_top20,PA,2018-07,1,1.0,0.9262728534849713,100,19,1.0,source-month loan-level coverage cell using historical accepted-loan evidence
state_top20,PA,2018-09,1,1.0,0.9219381712810973,10,17,1.0,source-month loan-level coverage cell using historical accepted-loan evidence
state_top20,PA,2018-11,1,1.0,0.9868412238653399,100,29,0.9898042414355628,source-month loan-level coverage cell using historical accepted-loan evidence
state_top20,PA,2018-12,1,1.0,0.8769870312159508,100,20,1.0,source-month loan-level coverage cell using historical accepted-loan evidence
state_top20,PA,2019-03,2,1.0,0.8710614004821037,100,20,0.9838909541511772,source-month loan-level coverage cell using historical accepted-loan evidence
state_top20,PA,2019-04,1,1.0,0.995710724774776,100,24,0.9148418491484185,source-month loan-level coverage cell using historical accepted-loan evidence
state_top20,PA,2019-07,2,1.0,0.9389154271487462,100,26,0.9461570945945946,source-month loan-level coverage cell using historical accepted-loan evidence
state_top20,PA,2019-11,3,0.6666666666666666,0.9616687160507286,100,13,0.8845798707294552,source-month loan-level coverage cell using historical accepted-loan evidence
state_top20,TX,2018-02,1,1.0,0.9823074009522972,100,8,0.9374163319946452,source-month loan-level coverage cell using historical accepted-loan evidence
state_top20,TX,2018-05,1,1.0,0.9857575533143713,100,10,1.0,source-month loan-level coverage cell using historical accepted-loan evidence
state_top20,TX,2018-07,5,1.0,0.9617839629491087,100,19,1.0,source-month loan-level coverage cell using historical accepted-loan evidence
state_top20,TX,2018-08,2,1.0,0.9155301156504071,44,20,0.9972707423580786,source-month loan-level coverage cell using historical accepted-loan evidence
state_top20,TX,2018-11,2,1.0,0.9592342758534798,100,29,0.9898042414355628,source-month loan-level coverage cell using historical accepted-loan evidence
state_top20,TX,2019-01,2,1.0,0.9108260565516827,100,20,1.0,source-month loan-level coverage cell using historical accepted-loan evidence
state_top20,TX,2019-02,4,1.0,0.9684312631019818,100,16,0.981536189069424,source-month loan-level coverage cell using historical accepted-loan evidence
state_top20,TX,2019-03,2,1.0,0.9929936025723598,100,20,0.9838909541511772,source-month loan-level coverage cell using historical accepted-loan evidence
state_top20,TX,2019-04,2,1.0,0.9458198782483533,100,24,0.9148418491484185,source-month loan-level coverage cell using historical accepted-loan evidence
state_top20,TX,2019-07,1,0.75,0.9816480430640655,100,26,0.9461570945945946,source-month loan-level coverage cell using historical accepted-loan evidence
state_top20,TX,2019-11,2,0.8407643312101911,0.9981225073941938,100,13,0.8845798707294552,source-month loan-level coverage cell using historical accepted-loan evidence
state_top20,TX,2019-12,2,1.0,0.9437414668083257,100,10,1.0,source-month loan-level coverage cell using historical accepted-loan evidence
state_top20,TX,2020-01,2,1.0,0.9194731379867765,100,8,1.0,source-month loan-level coverage cell using historical accepted-loan evidence
state_top20,TX,2020-02,1,1.0,0.9347201173454623,10,5,1.0,source-month loan-level coverage cell using historical accepted-loan evidence
state_top20,TX,2020-04,1,1.0,0.8833053994095599,100,3,1.0,source-month loan-level coverage cell using historical accepted-loan evidence
state_top20,TX,2020-06,1,1.0,0.8647689772803158,100,1,1.0,source-month loan-level coverage cell using historical accepted-loan evidence
state_top20,VA,2018-02,1,1.0,0.9772531455619722,100,8,0.9374163319946452,source-month loan-level coverage cell using historical accepted-loan evidence
state_top20,VA,2018-05,1,1.0,0.9081375618328007,20,10,1.0,source-month loan-level coverage cell using historical accepted-loan evidence
state_top20,VA,2018-06,2,1.0,0.9862993885898557,100,14,0.9041411042944786,source-month loan-level coverage cell using historical accepted-loan evidence
state_top20,VA,2018-07,2,1.0,0.9219381712810973,100,19,1.0,source-month loan-level coverage cell using historical accepted-loan evidence
state_top20,VA,2018-08,1,1.0,0.9262728534849713,15,20,0.9972707423580786,source-month loan-level coverage cell using historical accepted-loan evidence
state_top20,VA,2018-09,1,1.0,0.9055001302798736,100,17,1.0,source-month loan-level coverage cell using historical accepted-loan evidence
state_top20,VA,2018-11,1,0.75,0.9868412238653399,100,29,0.9898042414355628,source-month loan-level coverage cell using historical accepted-loan evidence
state_top20,VA,2018-12,1,1.0,0.9823074009522972,100,20,1.0,source-month loan-level coverage cell using historical accepted-loan evidence
state_top20,VA,2019-01,2,1.0,0.9792638886504819,100,20,1.0,source-month loan-level coverage cell using historical accepted-loan evidence
state_top20,VA,2019-02,2,1.0,0.9334455951109922,100,16,0.981536189069424,source-month loan-level coverage cell using historical accepted-loan evidence
state_top20,VA,2019-03,1,1.0,0.9868412238653399,100,20,0.9838909541511772,source-month loan-level coverage cell using historical accepted-loan evidence
state_top20,VA,2019-04,2,1.0,0.9109779233040417,100,24,0.9148418491484185,source-month loan-level coverage cell using historical accepted-loan evidence
state_top20,VA,2019-07,2,1.0,0.9089622508140566,100,26,0.9461570945945946,source-month loan-level coverage cell using historical accepted-loan evidence
state_top20,VA,2019-10,1,1.0,0.8720999744023203,90,9,1.0,source-month loan-level coverage cell using historical accepted-loan evidence
state_top20,VA,2020-02,1,1.0,0.8980305006880048,100,5,1.0,source-month loan-level coverage cell using historical accepted-loan evidence
state_top20,VA,2020-07,1,1.0,0.8959195078971658,100,3,1.0,source-month loan-level coverage cell using historical accepted-loan evidence
state_top20,WA,2018-07,1,1.0,0.9894447605346738,100,19,1.0,source-month loan-level coverage cell using historical accepted-loan evidence
state_top20,WA,2018-08,1,1.0,0.9816480430640655,100,20,0.9972707423580786,source-month loan-level coverage cell using historical accepted-loan evidence
state_top20,WA,2018-11,2,1.0,0.9759482988438526,100,29,0.9898042414355628,source-month loan-level coverage cell using historical accepted-loan evidence
state_top20,WA,2018-12,1,1.0,0.9868412238653399,68,20,1.0,source-month loan-level coverage cell using historical accepted-loan evidence
state_top20,WA,2019-02,1,1.0,0.9868412238653399,100,16,0.981536189069424,source-month loan-level coverage cell using historical accepted-loan evidence
state_top20,WA,2019-04,2,0.8704663212435233,0.9949619069274319,100,24,0.9148418491484185,source-month loan-level coverage cell using historical accepted-loan evidence
state_top20,WA,2019-05,1,1.0,0.9702485546236399,100,19,0.9853760445682451,source-month loan-level coverage cell using historical accepted-loan evidence
state_top20,WA,2019-11,1,1.0,0.9081375618328008,100,13,0.8845798707294552,source-month loan-level coverage cell using historical accepted-loan evidence
state_top20,WA,2020-01,1,1.0,0.9081375618328008,100,8,1.0,source-month loan-level coverage cell using historical accepted-loan evidence
state_top20,WA,2020-08,1,1.0,0.9097201173454623,100,3,1.0,source-month loan-level coverage cell using historical accepted-loan evidence
state_top20,other_state,2018-01,4,1.0,0.6400525031443575,100,9,1.0,source-month loan-level coverage cell using historical accepted-loan evidence
state_top20,other_state,2018-02,2,0.875,0.9772091335253288,100,8,0.9374163319946452,source-month loan-level coverage cell using historical accepted-loan evidence
state_top20,other_state,2018-03,1,1.0,0.9823074009522972,100,5,1.0,source-month loan-level coverage cell using historical accepted-loan evidence
state_top20,other_state,2018-04,2,1.0,0.9313151466519123,100,3,0.7254901960784313,source-month loan-level coverage cell using historical accepted-loan evidence
state_top20,other_state,2018-06,2,1.0,0.9448928024484331,100,14,0.9041411042944786,source-month loan-level coverage cell using historical accepted-loan evidence
state_top20,other_state,2018-07,3,1.0,0.9258109119763462,100,19,1.0,source-month loan-level coverage cell using historical accepted-loan evidence
state_top20,other_state,2018-08,3,1.0,0.9063792741308493,100,20,0.9972707423580786,source-month loan-level coverage cell using historical accepted-loan evidence
state_top20,other_state,2018-09,6,1.0,0.9609356772522784,100,17,1.0,source-month loan-level coverage cell using historical accepted-loan evidence
state_top20,other_state,2018-10,2,1.0,0.8693858983360886,100,15,0.9856115107913669,source-month loan-level coverage cell using historical accepted-loan evidence
state_top20,other_state,2018-11,8,1.0,0.9367679119048393,100,29,0.9898042414355628,source-month loan-level coverage cell using historical accepted-loan evidence
state_top20,other_state,2018-12,9,1.0,0.9411323639504451,100,20,1.0,source-month loan-level coverage cell using historical accepted-loan evidence
state_top20,other_state,2019-01,4,1.0,0.9462048747302891,100,20,1.0,source-month loan-level coverage cell using historical accepted-loan evidence
state_top20,other_state,2019-02,1,1.0,0.9868412238653399,100,16,0.981536189069424,source-month loan-level coverage cell using historical accepted-loan evidence
state_top20,other_state,2019-03,2,0.44680851063829785,0.8636430153376994,36,20,0.9838909541511772,source-month loan-level coverage cell using historical accepted-loan evidence
state_top20,other_state,2019-04,1,1.0,0.9047985326313668,76,24,0.9148418491484185,source-month loan-level coverage cell using historical accepted-loan evidence
state_top20,other_state,2019-05,5,1.0,0.9414168391575856,100,19,0.9853760445682451,source-month loan-level coverage cell using historical accepted-loan evidence
state_top20,other_state,2019-06,6,0.8281786941580757,0.9729417894444595,100,16,0.9325236167341431,source-month loan-level coverage cell using historical accepted-loan evidence
state_top20,other_state,2019-07,11,0.9975247524752475,0.9628046004490264,100,26,0.9461570945945946,source-month loan-level coverage cell using historical accepted-loan evidence
state_top20,other_state,2019-08,7,1.0,0.9546791733714901,100,18,1.0,source-month loan-level coverage cell using historical accepted-loan evidence
state_top20,other_state,2019-09,4,1.0,0.9836589483361868,100,9,1.0,source-month loan-level coverage cell using historical accepted-loan evidence
state_top20,other_state,2019-10,2,1.0,0.9309957975486175,100,9,1.0,source-month loan-level coverage cell using historical accepted-loan evidence
state_top20,other_state,2019-11,4,1.0,0.9599232216847204,100,13,0.8845798707294552,source-month loan-level coverage cell using historical accepted-loan evidence
state_top20,other_state,2019-12,2,1.0,0.9478883053249085,100,10,1.0,source-month loan-level coverage cell using historical accepted-loan evidence
state_top20,other_state,2020-01,2,1.0,0.9372222759047752,100,8,1.0,source-month loan-level coverage cell using historical accepted-loan evidence
state_top20,other_state,2020-02,1,1.0,0.8932820763442385,100,5,1.0,source-month loan-level coverage cell using historical accepted-loan evidence
state_top20,other_state,2020-03,1,1.0,0.9182820763442386,20,1,1.0,source-month loan-level coverage cell using historical accepted-loan evidence
state_top20,other_state,2020-04,1,1.0,0.8959195078971658,100,3,1.0,source-month loan-level coverage cell using historical accepted-loan evidence
state_top20,other_state,2020-08,1,1.0,0.9813845241969225,100,3,1.0,source-month loan-level coverage cell using historical accepted-loan evidence
income_band,inc_q1,2018-01,2,1.0,0.6627602769833193,100,9,1.0,source-month loan-level coverage cell using historical accepted-loan evidence
income_band,inc_q1,2018-06,1,0.75,0.9857575533143713,100,14,0.9041411042944786,source-month loan-level coverage cell using historical accepted-loan evidence
income_band,inc_q1,2018-07,2,1.0,0.9446058080605484,100,19,1.0,source-month loan-level coverage cell using historical accepted-loan evidence
income_band,inc_q1,2018-08,1,1.0,0.8467013122060465,4,20,0.9972707423580786,source-month loan-level coverage cell using historical accepted-loan evidence
income_band,inc_q1,2018-11,1,1.0,0.9014323932628885,2,29,0.9898042414355628,source-month loan-level coverage cell using historical accepted-loan evidence
income_band,inc_q1,2018-12,1,1.0,0.9923439401907374,100,20,1.0,source-month loan-level coverage cell using historical accepted-loan evidence
income_band,inc_q1,2019-02,1,1.0,0.9952954565473363,71,16,0.981536189069424,source-month loan-level coverage cell using historical accepted-loan evidence
income_band,inc_q1,2019-04,1,1.0,0.9023703922557569,100,24,0.9148418491484185,source-month loan-level coverage cell using historical accepted-loan evidence
income_band,inc_q1,2019-05,1,0.0,0.8636430153376994,21,19,0.9853760445682451,source-month loan-level coverage cell using historical accepted-loan evidence
income_band,inc_q1,2019-06,1,1.0,1.0,100,16,0.9325236167341431,source-month loan-level coverage cell using historical accepted-loan evidence
income_band,inc_q2,2018-02,1,0.75,0.9857575533143715,87,8,0.9374163319946452,source-month loan-level coverage cell using historical accepted-loan evidence
income_band,inc_q2,2018-04,1,0.0,0.8636430153376995,70,3,0.7254901960784313,source-month loan-level coverage cell using historical accepted-loan evidence
income_band,inc_q2,2018-07,1,1.0,0.9671173044591491,100,19,1.0,source-month loan-level coverage cell using historical accepted-loan evidence
income_band,inc_q2,2018-08,3,1.0,0.9441184112161997,100,20,0.9972707423580786,source-month loan-level coverage cell using historical accepted-loan evidence
income_band,inc_q2,2018-09,4,1.0,0.9530180622222294,100,17,1.0,source-month loan-level coverage cell using historical accepted-loan evidence
income_band,inc_q2,2018-10,1,1.0,0.9023703922557569,100,15,0.9856115107913669,source-month loan-level coverage cell using historical accepted-loan evidence
income_band,inc_q2,2018-11,5,1.0,0.9585698604496593,100,29,0.9898042414355628,source-month loan-level coverage cell using historical accepted-loan evidence
income_band,inc_q2,2018-12,1,1.0,0.9816480430640655,100,20,1.0,source-month loan-level coverage cell using historical accepted-loan evidence
income_band,inc_q2,2019-01,3,1.0,0.9501915753266513,100,20,1.0,source-month loan-level coverage cell using historical accepted-loan evidence
income_band,inc_q2,2019-02,1,1.0,0.9727702239865921,100,16,0.981536189069424,source-month loan-level coverage cell using historical accepted-loan evidence
income_band,inc_q2,2019-03,3,1.0,0.9289254370410219,100,20,0.9838909541511772,source-month loan-level coverage cell using historical accepted-loan evidence
income_band,inc_q2,2019-04,2,1.0,0.9931819812773782,100,24,0.9148418491484185,source-month loan-level coverage cell using historical accepted-loan evidence
income_band,inc_q2,2019-05,2,1.0,0.9498973965645116,100,19,0.9853760445682451,source-month loan-level coverage cell using historical accepted-loan evidence
income_band,inc_q2,2019-06,2,1.0,0.9473617668376646,100,16,0.9325236167341431,source-month loan-level coverage cell using historical accepted-loan evidence
income_band,inc_q2,2019-07,1,1.0,0.9305001302798737,100,26,0.9461570945945946,source-month loan-level coverage cell using historical accepted-loan evidence
income_band,inc_q2,2019-08,3,1.0,0.9394358871706815,100,18,1.0,source-month loan-level coverage cell using historical accepted-loan evidence
income_band,inc_q2,2019-11,1,0.0,0.9047985326313669,100,13,0.8845798707294552,source-month loan-level coverage cell using historical accepted-loan evidence
income_band,inc_q2,2020-02,1,1.0,0.8932820763442385,100,5,1.0,source-month loan-level coverage cell using historical accepted-loan evidence
income_band,inc_q2,2020-03,1,1.0,0.9182820763442386,20,1,1.0,source-month loan-level coverage cell using historical accepted-loan evidence
income_band,inc_q3,2018-01,2,1.0,0.6277903052713181,100,9,1.0,source-month loan-level coverage cell using historical accepted-loan evidence
income_band,inc_q3,2018-02,1,1.0,0.9823074009522972,100,8,0.9374163319946452,source-month loan-level coverage cell using historical accepted-loan evidence
income_band,inc_q3,2018-05,2,1.0,0.9488612829891181,100,10,1.0,source-month loan-level coverage cell using historical accepted-loan evidence
income_band,inc_q3,2018-06,1,1.0,0.9857575533143714,4,14,0.9041411042944786,source-month loan-level coverage cell using historical accepted-loan evidence
income_band,inc_q3,2018-07,4,1.0,0.9698619715206099,100,19,1.0,source-month loan-level coverage cell using historical accepted-loan evidence
income_band,inc_q3,2018-08,5,1.0,0.9690724980918746,100,20,0.9972707423580786,source-month loan-level coverage cell using historical accepted-loan evidence
income_band,inc_q3,2018-10,5,1.0,0.9488164420050529,100,15,0.9856115107913669,source-month loan-level coverage cell using historical accepted-loan evidence
income_band,inc_q3,2018-11,5,1.0,0.9109021785425812,100,29,0.9898042414355628,source-month loan-level coverage cell using historical accepted-loan evidence
income_band,inc_q3,2018-12,4,1.0,0.9432855127628229,100,20,1.0,source-month loan-level coverage cell using historical accepted-loan evidence
income_band,inc_q3,2019-02,2,1.0,0.9615005231856212,100,16,0.981536189069424,source-month loan-level coverage cell using historical accepted-loan evidence
income_band,inc_q3,2019-03,4,1.0,0.9541594635588432,100,20,0.9838909541511772,source-month loan-level coverage cell using historical accepted-loan evidence
income_band,inc_q3,2019-04,2,1.0,0.9012024371547215,100,24,0.9148418491484185,source-month loan-level coverage cell using historical accepted-loan evidence
income_band,inc_q3,2019-05,4,1.0,0.9207769061300096,100,19,0.9853760445682451,source-month loan-level coverage cell using historical accepted-loan evidence
income_band,inc_q3,2019-06,3,0.6666666666666666,0.9255020794059616,100,16,0.9325236167341431,source-month loan-level coverage cell using historical accepted-loan evidence
income_band,inc_q3,2019-07,4,0.9919354838709677,0.9342405758776899,100,26,0.9461570945945946,source-month loan-level coverage cell using historical accepted-loan evidence
income_band,inc_q3,2019-08,1,1.0,0.9868412238653399,100,18,1.0,source-month loan-level coverage cell using historical accepted-loan evidence
income_band,inc_q3,2019-09,2,1.0,0.9542901272186343,100,9,1.0,source-month loan-level coverage cell using historical accepted-loan evidence
income_band,inc_q3,2019-11,4,0.9375,0.9694967497266178,100,13,0.8845798707294552,source-month loan-level coverage cell using historical accepted-loan evidence
income_band,inc_q3,2019-12,2,1.0,0.993664408489414,100,10,1.0,source-month loan-level coverage cell using historical accepted-loan evidence
income_band,inc_q3,2020-01,1,1.0,0.9772531455619722,100,8,1.0,source-month loan-level coverage cell using historical accepted-loan evidence
income_band,inc_q4,2018-01,1,1.0,0.6014305869074492,80,9,1.0,source-month loan-level coverage cell using historical accepted-loan evidence
income_band,inc_q4,2018-03,2,1.0,0.9819777220081813,100,5,1.0,source-month loan-level coverage cell using historical accepted-loan evidence
income_band,inc_q4,2018-04,1,1.0,0.9816480430640655,100,3,0.7254901960784313,source-month loan-level coverage cell using historical accepted-loan evidence
income_band,inc_q4,2018-05,6,1.0,0.9430662633320481,100,10,1.0,source-month loan-level coverage cell using historical accepted-loan evidence
income_band,inc_q4,2018-06,5,1.0,0.9864696627497771,100,14,0.9041411042944786,source-month loan-level coverage cell using historical accepted-loan evidence
income_band,inc_q4,2018-07,4,1.0,0.9415110108532195,100,19,1.0,source-month loan-level coverage cell using historical accepted-loan evidence
income_band,inc_q4,2018-08,2,0.8928571428571429,0.9375717475706669,22,20,0.9972707423580786,source-month loan-level coverage cell using historical accepted-loan evidence
income_band,inc_q4,2018-09,4,1.0,0.9799346142608187,100,17,1.0,source-month loan-level coverage cell using historical accepted-loan evidence
income_band,inc_q4,2018-11,10,1.0,0.9450364050131764,100,29,0.9898042414355628,source-month loan-level coverage cell using historical accepted-loan evidence
income_band,inc_q4,2018-12,8,1.0,0.9332512806087035,100,20,1.0,source-month loan-level coverage cell using historical accepted-loan evidence
income_band,inc_q4,2019-01,5,1.0,0.9280186230877314,100,20,1.0,source-month loan-level coverage cell using historical accepted-loan evidence
income_band,inc_q4,2019-02,4,0.9246987951807228,0.9814432732247952,100,16,0.981536189069424,source-month loan-level coverage cell using historical accepted-loan evidence
income_band,inc_q4,2019-03,6,1.0,0.9772742913642957,100,20,0.9838909541511772,source-month loan-level coverage cell using historical accepted-loan evidence
income_band,inc_q4,2019-04,6,0.9423963133640553,0.9415643327075695,100,24,0.9148418491484185,source-month loan-level coverage cell using historical accepted-loan evidence
income_band,inc_q4,2019-05,5,1.0,0.9661288673912269,100,19,0.9853760445682451,source-month loan-level coverage cell using historical accepted-loan evidence
income_band,inc_q4,2019-06,2,1.0,0.9814706137803674,82,16,0.9325236167341431,source-month loan-level coverage cell using historical accepted-loan evidence
income_band,inc_q4,2019-07,9,0.9722222222222222,0.9664631935517786,100,26,0.9461570945945946,source-month loan-level coverage cell using historical accepted-loan evidence
income_band,inc_q4,2019-08,6,1.0,0.945538162343122,100,18,1.0,source-month loan-level coverage cell using historical accepted-loan evidence
income_band,inc_q4,2019-09,3,1.0,0.9829594133434586,100,9,1.0,source-month loan-level coverage cell using historical accepted-loan evidence
income_band,inc_q4,2019-10,2,1.0,0.9845743124088187,100,9,1.0,source-month loan-level coverage cell using historical accepted-loan evidence
income_band,inc_q4,2019-11,4,1.0,0.9592016260654983,100,13,0.8845798707294552,source-month loan-level coverage cell using historical accepted-loan evidence
income_band,inc_q4,2019-12,2,1.0,0.9908075527228457,100,10,1.0,source-month loan-level coverage cell using historical accepted-loan evidence
income_band,inc_q4,2020-01,1,1.0,0.995710724774776,100,8,1.0,source-month loan-level coverage cell using historical accepted-loan evidence
income_band,inc_q4,2020-02,3,1.0,0.9228764547373935,100,5,1.0,source-month loan-level coverage cell using historical accepted-loan evidence
income_band,inc_q4,2020-04,2,1.0,0.8896124536533628,100,3,1.0,source-month loan-level coverage cell using historical accepted-loan evidence
income_band,inc_q4,2020-05,1,1.0,0.8901523383201217,100,1,1.0,source-month loan-level coverage cell using historical accepted-loan evidence
income_band,inc_q4,2020-06,1,1.0,0.8647689772803158,100,1,1.0,source-month loan-level coverage cell using historical accepted-loan evidence
income_band,inc_q4,2020-07,1,1.0,0.8959195078971658,100,3,1.0,source-month loan-level coverage cell using historical accepted-loan evidence
income_band,inc_q4,2020-08,1,1.0,0.9813845241969225,100,3,1.0,source-month loan-level coverage cell using historical accepted-loan evidence
income_band,inc_q4,2020-09,1,1.0,0.9390547995493362,100,1,1.0,source-month loan-level coverage cell using historical accepted-loan evidence
income_band,inc_q5,2018-01,4,1.0,0.677524632963658,100,9,1.0,source-month loan-level coverage cell using historical accepted-loan evidence
income_band,inc_q5,2018-02,6,0.9553571428571429,0.9676112572150262,100,8,0.9374163319946452,source-month loan-level coverage cell using historical accepted-loan evidence
income_band,inc_q5,2018-03,3,1.0,0.8714498925041164,100,5,1.0,source-month loan-level coverage cell using historical accepted-loan evidence
income_band,inc_q5,2018-04,1,1.0,0.8720999744023203,85,3,0.7254901960784313,source-month loan-level coverage cell using historical accepted-loan evidence
income_band,inc_q5,2018-05,2,1.0,0.9589556468434873,100,10,1.0,source-month loan-level coverage cell using historical accepted-loan evidence
income_band,inc_q5,2018-06,7,0.8571428571428571,0.9550355199851548,100,14,0.9041411042944786,source-month loan-level coverage cell using historical accepted-loan evidence
income_band,inc_q5,2018-07,8,1.0,0.9170078172579433,100,19,1.0,source-month loan-level coverage cell using historical accepted-loan evidence
income_band,inc_q5,2018-08,9,1.0,0.9256747419145271,100,20,0.9972707423580786,source-month loan-level coverage cell using historical accepted-loan evidence
income_band,inc_q5,2018-09,9,1.0,0.9459562752968469,100,17,1.0,source-month loan-level coverage cell using historical accepted-loan evidence
income_band,inc_q5,2018-10,9,0.9746835443037974,0.9300350379570773,100,15,0.9856115107913669,source-month loan-level coverage cell using historical accepted-loan evidence
income_band,inc_q5,2018-11,8,0.9642857142857143,0.9569396536281954,100,29,0.9898042414355628,source-month loan-level coverage cell using historical accepted-loan evidence
income_band,inc_q5,2018-12,6,1.0,0.931556889016013,100,20,1.0,source-month loan-level coverage cell using historical accepted-loan evidence
income_band,inc_q5,2019-01,12,1.0,0.9403654802850977,100,20,1.0,source-month loan-level coverage cell using historical accepted-loan evidence
income_band,inc_q5,2019-02,8,1.0,0.9458642296059359,100,16,0.981536189069424,source-month loan-level coverage cell using historical accepted-loan evidence
income_band,inc_q5,2019-03,7,0.9584664536741214,0.9379039317172215,100,20,0.9838909541511772,source-month loan-level coverage cell using historical accepted-loan evidence
income_band,inc_q5,2019-04,13,0.8741610738255033,0.9431481136502331,100,24,0.9148418491484185,source-month loan-level coverage cell using historical accepted-loan evidence
income_band,inc_q5,2019-05,7,1.0,0.9331655291412102,100,19,0.9853760445682451,source-month loan-level coverage cell using historical accepted-loan evidence
income_band,inc_q5,2019-06,8,1.0,0.9531389483260391,100,16,0.9325236167341431,source-month loan-level coverage cell using historical accepted-loan evidence
income_band,inc_q5,2019-07,12,0.9054820415879017,0.9704588626209675,100,26,0.9461570945945946,source-month loan-level coverage cell using historical accepted-loan evidence
income_band,inc_q5,2019-08,8,1.0,0.9480534872326545,100,18,1.0,source-month loan-level coverage cell using historical accepted-loan evidence
income_band,inc_q5,2019-09,4,1.0,0.9855935106250232,100,9,1.0,source-month loan-level coverage cell using historical accepted-loan evidence
income_band,inc_q5,2019-10,7,1.0,0.9355030023668249,100,9,1.0,source-month loan-level coverage cell using historical accepted-loan evidence
income_band,inc_q5,2019-11,4,1.0,0.9958522590216791,100,13,0.8845798707294552,source-month loan-level coverage cell using historical accepted-loan evidence
income_band,inc_q5,2019-12,6,1.0,0.8988611783412545,100,10,1.0,source-month loan-level coverage cell using historical accepted-loan evidence
income_band,inc_q5,2020-01,6,1.0,0.9388916789262838,100,8,1.0,source-month loan-level coverage cell using historical accepted-loan evidence
income_band,inc_q5,2020-02,1,1.0,0.9347201173454623,10,5,1.0,source-month loan-level coverage cell using historical accepted-loan evidence
income_band,inc_q5,2020-04,1,1.0,0.9140547995493362,100,3,1.0,source-month loan-level coverage cell using historical accepted-loan evidence
income_band,inc_q5,2020-07,2,1.0,0.918036566854406,100,3,1.0,source-month loan-level coverage cell using historical accepted-loan evidence
income_band,inc_q5,2020-08,2,1.0,0.9028198126213139,100,3,1.0,source-month loan-level coverage cell using historical accepted-loan evidence
dti_band,dti_q1,2018-01,1,1.0,0.5906473941368078,100,9,1.0,source-month loan-level coverage cell using historical accepted-loan evidence
dti_band,dti_q1,2018-02,2,1.0,0.9823074009522972,100,8,0.9374163319946452,source-month loan-level coverage cell using historical accepted-loan evidence
dti_band,dti_q1,2018-03,1,1.0,0.9014323932628886,24,5,1.0,source-month loan-level coverage cell using historical accepted-loan evidence
dti_band,dti_q1,2018-04,3,0.7254901960784313,0.912738483153893,100,3,0.7254901960784313,source-month loan-level coverage cell using historical accepted-loan evidence
dti_band,dti_q1,2018-05,5,1.0,0.8942075914572224,100,10,1.0,source-month loan-level coverage cell using historical accepted-loan evidence
dti_band,dti_q1,2018-06,2,0.875,0.9857575533143713,100,14,0.9041411042944786,source-month loan-level coverage cell using historical accepted-loan evidence
dti_band,dti_q1,2018-07,4,1.0,0.9260823655947491,100,19,1.0,source-month loan-level coverage cell using historical accepted-loan evidence
dti_band,dti_q1,2018-08,8,1.0,0.9312627085066738,100,20,0.9972707423580786,source-month loan-level coverage cell using historical accepted-loan evidence
dti_band,dti_q1,2018-09,10,1.0,0.9479611759524347,100,17,1.0,source-month loan-level coverage cell using historical accepted-loan evidence
dti_band,dti_q1,2018-10,7,1.0,0.9263735702814668,100,15,0.9856115107913669,source-month loan-level coverage cell using historical accepted-loan evidence
dti_band,dti_q1,2018-11,12,1.0,0.9243552138824316,100,29,0.9898042414355628,source-month loan-level coverage cell using historical accepted-loan evidence
dti_band,dti_q1,2018-12,8,1.0,0.918650209194418,100,20,1.0,source-month loan-level coverage cell using historical accepted-loan evidence
dti_band,dti_q1,2019-01,10,1.0,0.9239926391043762,100,20,1.0,source-month loan-level coverage cell using historical accepted-loan evidence
dti_band,dti_q1,2019-02,5,1.0,0.9441566265810737,100,16,0.981536189069424,source-month loan-level coverage cell using historical accepted-loan evidence
dti_band,dti_q1,2019-03,6,0.9136212624584718,0.915647049017633,100,20,0.9838909541511772,source-month loan-level coverage cell using historical accepted-loan evidence
dti_band,dti_q1,2019-04,12,0.9063670411985019,0.9139832070874961,100,24,0.9148418491484185,source-month loan-level coverage cell using historical accepted-loan evidence
dti_band,dti_q1,2019-05,9,0.9622302158273381,0.9081141960350995,100,19,0.9853760445682451,source-month loan-level coverage cell using historical accepted-loan evidence
dti_band,dti_q1,2019-06,4,0.75,0.9124875202183013,100,16,0.9325236167341431,source-month loan-level coverage cell using historical accepted-loan evidence
dti_band,dti_q1,2019-07,5,1.0,0.9494572857187457,100,26,0.9461570945945946,source-month loan-level coverage cell using historical accepted-loan evidence
dti_band,dti_q1,2019-08,7,1.0,0.9450821696795169,100,18,1.0,source-month loan-level coverage cell using historical accepted-loan evidence
dti_band,dti_q1,2019-09,1,1.0,0.9262728534849713,100,9,1.0,source-month loan-level coverage cell using historical accepted-loan evidence
dti_band,dti_q1,2019-10,5,1.0,0.924184743134059,100,9,1.0,source-month loan-level coverage cell using historical accepted-loan evidence
dti_band,dti_q1,2019-11,5,0.7549019607843137,0.9466262625519614,100,13,0.8845798707294552,source-month loan-level coverage cell using historical accepted-loan evidence
dti_band,dti_q1,2019-12,2,1.0,0.8868969680833517,100,10,1.0,source-month loan-level coverage cell using historical accepted-loan evidence
dti_band,dti_q1,2020-01,2,1.0,0.9969969230522228,100,8,1.0,source-month loan-level coverage cell using historical accepted-loan evidence
dti_band,dti_q1,2020-02,1,1.0,0.8892143393272535,100,5,1.0,source-month loan-level coverage cell using historical accepted-loan evidence
dti_band,dti_q1,2020-04,1,1.0,0.9140547995493362,100,3,1.0,source-month loan-level coverage cell using historical accepted-loan evidence
dti_band,dti_q1,2020-06,1,1.0,0.8647689772803158,100,1,1.0,source-month loan-level coverage cell using historical accepted-loan evidence
dti_band,dti_q1,2020-07,2,1.0,0.8721318003188622,100,3,1.0,source-month loan-level coverage cell using historical accepted-loan evidence
dti_band,dti_q1,2020-08,1,1.0,0.8959195078971658,100,3,1.0,source-month loan-level coverage cell using historical accepted-loan evidence
dti_band,dti_q2,2018-01,4,1.0,0.6428818763918636,100,9,1.0,source-month loan-level coverage cell using historical accepted-loan evidence
dti_band,dti_q2,2018-02,3,0.8107287449392713,0.9547140841993589,100,8,0.9374163319946452,source-month loan-level coverage cell using historical accepted-loan evidence
dti_band,dti_q2,2018-03,1,1.0,0.8636430153376995,100,5,1.0,source-month loan-level coverage cell using historical accepted-loan evidence
dti_band,dti_q2,2018-05,1,1.0,0.9823074009522972,100,10,1.0,source-month loan-level coverage cell using historical accepted-loan evidence
dti_band,dti_q2,2018-06,4,0.75,0.9344088569992068,100,14,0.9041411042944786,source-month loan-level coverage cell using historical accepted-loan evidence
dti_band,dti_q2,2018-07,10,1.0,0.9363948748358907,100,19,1.0,source-month loan-level coverage cell using historical accepted-loan evidence
dti_band,dti_q2,2018-08,5,1.0,0.9335519380006918,100,20,0.9972707423580786,source-month loan-level coverage cell using historical accepted-loan evidence
dti_band,dti_q2,2018-09,2,1.0,0.9435529667918321,100,17,1.0,source-month loan-level coverage cell using historical accepted-loan evidence
dti_band,dti_q2,2018-10,5,0.9523809523809523,0.9114449676856171,100,15,0.9856115107913669,source-month loan-level coverage cell using historical accepted-loan evidence
dti_band,dti_q2,2018-11,5,1.0,0.9353532896763207,100,29,0.9898042414355628,source-month loan-level coverage cell using historical accepted-loan evidence
dti_band,dti_q2,2018-12,3,1.0,0.9459526499913321,100,20,1.0,source-month loan-level coverage cell using historical accepted-loan evidence
dti_band,dti_q2,2019-01,4,1.0,0.9464964289313489,100,20,1.0,source-month loan-level coverage cell using historical accepted-loan evidence
dti_band,dti_q2,2019-02,5,0.9427917620137299,0.9472118951718808,100,16,0.981536189069424,source-month loan-level coverage cell using historical accepted-loan evidence
dti_band,dti_q2,2019-03,4,1.0,0.9185331628455734,100,20,0.9838909541511772,source-month loan-level coverage cell using historical accepted-loan evidence
dti_band,dti_q2,2019-04,5,0.9149659863945578,0.9658363118907582,100,24,0.9148418491484185,source-month loan-level coverage cell using historical accepted-loan evidence
dti_band,dti_q2,2019-05,5,1.0,0.9395633847598456,100,19,0.9853760445682451,source-month loan-level coverage cell using historical accepted-loan evidence
dti_band,dti_q2,2019-07,4,1.0,0.9558394284584356,100,26,0.9461570945945946,source-month loan-level coverage cell using historical accepted-loan evidence
dti_band,dti_q2,2019-08,5,1.0,0.9199581800366784,100,18,1.0,source-month loan-level coverage cell using historical accepted-loan evidence
dti_band,dti_q2,2019-10,3,1.0,0.9636955986995781,100,9,1.0,source-month loan-level coverage cell using historical accepted-loan evidence
dti_band,dti_q2,2019-11,3,0.9027237354085603,0.9604998948917405,100,13,0.8845798707294552,source-month loan-level coverage cell using historical accepted-loan evidence
dti_band,dti_q2,2019-12,7,1.0,0.9514986634302982,100,10,1.0,source-month loan-level coverage cell using historical accepted-loan evidence
dti_band,dti_q2,2020-01,3,1.0,0.9170257613515639,100,8,1.0,source-month loan-level coverage cell using historical accepted-loan evidence
dti_band,dti_q2,2020-02,1,1.0,0.8932820763442385,100,5,1.0,source-month loan-level coverage cell using historical accepted-loan evidence
dti_band,dti_q2,2020-04,2,1.0,0.8896124536533628,100,3,1.0,source-month loan-level coverage cell using historical accepted-loan evidence
dti_band,dti_q2,2020-05,1,1.0,0.8901523383201217,100,1,1.0,source-month loan-level coverage cell using historical accepted-loan evidence
dti_band,dti_q2,2020-08,1,1.0,0.9097201173454623,100,3,1.0,source-month loan-level coverage cell using historical accepted-loan evidence
dti_band,dti_q3,2018-01,2,1.0,0.69529554005409,100,9,1.0,source-month loan-level coverage cell using historical accepted-loan evidence
dti_band,dti_q3,2018-02,3,1.0,0.9785936409543119,100,8,0.9374163319946452,source-month loan-level coverage cell using historical accepted-loan evidence
dti_band,dti_q3,2018-03,3,1.0,0.9468467414811373,100,5,1.0,source-month loan-level coverage cell using historical accepted-loan evidence
dti_band,dti_q3,2018-05,1,1.0,0.9702485546236398,90,10,1.0,source-month loan-level coverage cell using historical accepted-loan evidence
dti_band,dti_q3,2018-06,5,1.0,0.9823493953207664,100,14,0.9041411042944786,source-month loan-level coverage cell using historical accepted-loan evidence
dti_band,dti_q3,2018-07,1,1.0,0.9894447605346738,100,19,1.0,source-month loan-level coverage cell using historical accepted-loan evidence
dti_band,dti_q3,2018-08,4,0.9877049180327869,0.9508718709303872,100,20,0.9972707423580786,source-month loan-level coverage cell using historical accepted-loan evidence
dti_band,dti_q3,2018-09,1,1.0,0.9857575533143714,10,17,1.0,source-month loan-level coverage cell using historical accepted-loan evidence
dti_band,dti_q3,2018-10,2,1.0,0.9886547869562236,100,15,0.9856115107913669,source-month loan-level coverage cell using historical accepted-loan evidence
dti_band,dti_q3,2018-11,7,0.9642857142857143,0.974703433589463,100,29,0.9898042414355628,source-month loan-level coverage cell using historical accepted-loan evidence
dti_band,dti_q3,2018-12,4,1.0,0.9875982047078395,100,20,1.0,source-month loan-level coverage cell using historical accepted-loan evidence
dti_band,dti_q3,2019-01,6,1.0,0.958974573712923,100,20,1.0,source-month loan-level coverage cell using historical accepted-loan evidence
dti_band,dti_q3,2019-02,3,1.0,0.9782118842497626,100,16,0.981536189069424,source-month loan-level coverage cell using historical accepted-loan evidence
dti_band,dti_q3,2019-03,4,1.0,0.9705668360138875,100,20,0.9838909541511772,source-month loan-level coverage cell using historical accepted-loan evidence
dti_band,dti_q3,2019-04,4,0.9375,0.9826180735206497,100,24,0.9148418491484185,source-month loan-level coverage cell using historical accepted-loan evidence
dti_band,dti_q3,2019-05,3,1.0,0.9837274318404696,100,19,0.9853760445682451,source-month loan-level coverage cell using historical accepted-loan evidence
dti_band,dti_q3,2019-06,5,1.0,0.9907486861209476,100,16,0.9325236167341431,source-month loan-level coverage cell using historical accepted-loan evidence
dti_band,dti_q3,2019-07,6,0.75,0.981208376920207,100,26,0.9461570945945946,source-month loan-level coverage cell using historical accepted-loan evidence
dti_band,dti_q3,2019-08,1,1.0,0.9857575533143713,100,18,1.0,source-month loan-level coverage cell using historical accepted-loan evidence
dti_band,dti_q3,2019-09,3,1.0,0.9829594133434586,100,9,1.0,source-month loan-level coverage cell using historical accepted-loan evidence
dti_band,dti_q3,2019-10,1,1.0,1.0,100,9,1.0,source-month loan-level coverage cell using historical accepted-loan evidence
dti_band,dti_q3,2019-11,3,1.0,0.993121566790167,100,13,0.8845798707294552,source-month loan-level coverage cell using historical accepted-loan evidence
dti_band,dti_q3,2020-01,1,1.0,0.9868412238653399,100,8,1.0,source-month loan-level coverage cell using historical accepted-loan evidence
dti_band,dti_q3,2020-02,1,1.0,0.9813845241969225,100,5,1.0,source-month loan-level coverage cell using historical accepted-loan evidence
dti_band,dti_q3,2020-07,1,1.0,0.9739576110075903,100,3,1.0,source-month loan-level coverage cell using historical accepted-loan evidence
dti_band,dti_q3,2020-08,1,1.0,0.9813845241969225,100,3,1.0,source-month loan-level coverage cell using historical accepted-loan evidence
dti_band,dti_q4,2018-06,2,1.0,0.9895925820280387,100,14,0.9041411042944786,source-month loan-level coverage cell using historical accepted-loan evidence
dti_band,dti_q4,2018-07,4,1.0,0.9527019528200703,100,19,1.0,source-month loan-level coverage cell using historical accepted-loan evidence
dti_band,dti_q4,2018-08,2,1.0,0.9422040441517425,100,20,0.9972707423580786,source-month loan-level coverage cell using historical accepted-loan evidence
dti_band,dti_q4,2018-09,1,1.0,0.9868412238653399,100,17,1.0,source-month loan-level coverage cell using historical accepted-loan evidence
dti_band,dti_q4,2018-11,5,1.0,0.9468549715075223,100,29,0.9898042414355628,source-month loan-level coverage cell using historical accepted-loan evidence
dti_band,dti_q4,2018-12,5,1.0,0.9351566218188897,100,20,1.0,source-month loan-level coverage cell using historical accepted-loan evidence
dti_band,dti_q4,2019-02,2,1.0,0.9828745909444758,100,16,0.981536189069424,source-month loan-level coverage cell using historical accepted-loan evidence
dti_band,dti_q4,2019-03,4,1.0,0.9755195676233802,100,20,0.9838909541511772,source-month loan-level coverage cell using historical accepted-loan evidence
dti_band,dti_q4,2019-04,1,0.75,0.9857575533143713,100,24,0.9148418491484185,source-month loan-level coverage cell using historical accepted-loan evidence
dti_band,dti_q4,2019-05,2,1.0,0.9896798687805908,100,19,0.9853760445682451,source-month loan-level coverage cell using historical accepted-loan evidence
dti_band,dti_q4,2019-06,6,1.0,0.9365220566427591,100,16,0.9325236167341431,source-month loan-level coverage cell using historical accepted-loan evidence
dti_band,dti_q4,2019-07,7,1.0,0.9618677920492101,100,26,0.9461570945945946,source-month loan-level coverage cell using historical accepted-loan evidence
dti_band,dti_q4,2019-08,3,1.0,0.9815304083302783,100,18,1.0,source-month loan-level coverage cell using historical accepted-loan evidence
dti_band,dti_q4,2019-09,4,1.0,0.9830050995707579,100,9,1.0,source-month loan-level coverage cell using historical accepted-loan evidence
dti_band,dti_q4,2019-11,2,1.0,0.9842500217133122,100,13,0.8845798707294552,source-month loan-level coverage cell using historical accepted-loan evidence
dti_band,dti_q4,2020-01,2,1.0,0.9349350710193771,100,8,1.0,source-month loan-level coverage cell using historical accepted-loan evidence
dti_band,dti_q5,2018-01,2,1.0,0.6649332164058285,100,9,1.0,source-month loan-level coverage cell using historical accepted-loan evidence
dti_band,dti_q5,2018-05,3,1.0,0.9777735265048968,100,10,1.0,source-month loan-level coverage cell using historical accepted-loan evidence
dti_band,dti_q5,2018-06,1,1.0,0.9857575533143713,100,14,0.9041411042944786,source-month loan-level coverage cell using historical accepted-loan evidence
dti_band,dti_q5,2018-08,1,1.0,0.9512728534849714,6,20,0.9972707423580786,source-month loan-level coverage cell using historical accepted-loan evidence
dti_band,dti_q5,2018-09,3,1.0,0.9816737134089416,100,17,1.0,source-month loan-level coverage cell using historical accepted-loan evidence
dti_band,dti_q5,2018-10,1,1.0,0.9816480430640655,100,15,0.9856115107913669,source-month loan-level coverage cell using historical accepted-loan evidence
dti_band,dti_q5,2019-02,1,1.0,0.9868412238653399,100,16,0.981536189069424,source-month loan-level coverage cell using historical accepted-loan evidence
dti_band,dti_q5,2019-03,2,1.0,0.9928787766571857,100,20,0.9838909541511772,source-month loan-level coverage cell using historical accepted-loan evidence
dti_band,dti_q5,2019-04,2,1.0,0.9618820690481288,100,24,0.9148418491484185,source-month loan-level coverage cell using historical accepted-loan evidence
dti_band,dti_q5,2019-06,1,1.0,1.0,100,16,0.9325236167341431,source-month loan-level coverage cell using historical accepted-loan evidence
dti_band,dti_q5,2019-07,4,1.0,0.9608269153780111,100,26,0.9461570945945946,source-month loan-level coverage cell using historical accepted-loan evidence
dti_band,dti_q5,2019-08,2,1.0,0.9564037656160855,100,18,1.0,source-month loan-level coverage cell using historical accepted-loan evidence
dti_band,dti_q5,2019-09,1,1.0,0.9926610451693584,100,9,1.0,source-month loan-level coverage cell using historical accepted-loan evidence
dti_band,dti_q5,2019-12,1,1.0,0.9469381712810974,52,10,1.0,source-month loan-level coverage cell using historical accepted-loan evidence
dti_band,dti_q5,2020-02,2,1.0,0.9013659203841373,100,5,1.0,source-month loan-level coverage cell using historical accepted-loan evidence
dti_band,dti_q5,2020-03,1,1.0,0.9182820763442386,20,1,1.0,source-month loan-level coverage cell using historical accepted-loan evidence
dti_band,dti_q5,2020-09,1,1.0,0.9390547995493362,100,1,1.0,source-month loan-level coverage cell using historical accepted-loan evidence
